   1              	
   2              	 .file "IfxMsc_Msc.c"
   3              	 .file "IfxMsc_Msc.c"
   4              	.section .text,"ax",@progbits
   5              	.Ltext0:
   6              	 .section .text.IfxMsc_Msc_deInitModule,"ax",@progbits
   7              	 .align 1
   8              	 .global IfxMsc_Msc_deInitModule
  10              	IfxMsc_Msc_deInitModule:
  11              	.LFB339:
  12              	 .file 1 "../Libraries/iLLD/TC4xx/Tricore/Msc/Msc/IfxMsc_Msc.c"
   1:../Libraries/iLLD/TC4xx/Tricore/Msc/Msc/IfxMsc_Msc.c **** /**
   2:../Libraries/iLLD/TC4xx/Tricore/Msc/Msc/IfxMsc_Msc.c ****  * \file IfxMsc_Msc.c
   3:../Libraries/iLLD/TC4xx/Tricore/Msc/Msc/IfxMsc_Msc.c ****  * \brief MSC MSC details
   4:../Libraries/iLLD/TC4xx/Tricore/Msc/Msc/IfxMsc_Msc.c ****  *
   5:../Libraries/iLLD/TC4xx/Tricore/Msc/Msc/IfxMsc_Msc.c ****  * \version iLLD-TC4-v2.7.0
   6:../Libraries/iLLD/TC4xx/Tricore/Msc/Msc/IfxMsc_Msc.c ****  * \copyright Copyright (c) 2026 Infineon Technologies AG. All rights reserved.
   7:../Libraries/iLLD/TC4xx/Tricore/Msc/Msc/IfxMsc_Msc.c ****  *
   8:../Libraries/iLLD/TC4xx/Tricore/Msc/Msc/IfxMsc_Msc.c ****  *
   9:../Libraries/iLLD/TC4xx/Tricore/Msc/Msc/IfxMsc_Msc.c ****  *
  10:../Libraries/iLLD/TC4xx/Tricore/Msc/Msc/IfxMsc_Msc.c ****  *                                 IMPORTANT NOTICE
  11:../Libraries/iLLD/TC4xx/Tricore/Msc/Msc/IfxMsc_Msc.c ****  *
  12:../Libraries/iLLD/TC4xx/Tricore/Msc/Msc/IfxMsc_Msc.c ****  * Infineon Technologies AG (Infineon) licenses this file to you under the
  13:../Libraries/iLLD/TC4xx/Tricore/Msc/Msc/IfxMsc_Msc.c ****  * Infineon Automotive SW Lab License v2025-01 (IFASLL). You may not use
  14:../Libraries/iLLD/TC4xx/Tricore/Msc/Msc/IfxMsc_Msc.c ****  * this file except in compliance with IFASLL.
  15:../Libraries/iLLD/TC4xx/Tricore/Msc/Msc/IfxMsc_Msc.c ****  *
  16:../Libraries/iLLD/TC4xx/Tricore/Msc/Msc/IfxMsc_Msc.c ****  * The full license text is contained in IFASLL202501.pdf delivered with this SW.
  17:../Libraries/iLLD/TC4xx/Tricore/Msc/Msc/IfxMsc_Msc.c ****  * Unless required by applicable law or agreed to in writing, software distributed
  18:../Libraries/iLLD/TC4xx/Tricore/Msc/Msc/IfxMsc_Msc.c ****  * under this license is distributed "AS IS" without any warranty or liability of any
  19:../Libraries/iLLD/TC4xx/Tricore/Msc/Msc/IfxMsc_Msc.c ****  * kind and Infineon hereby expressly disclaims any warranties or representations,
  20:../Libraries/iLLD/TC4xx/Tricore/Msc/Msc/IfxMsc_Msc.c ****  * whether express, implied, statutory or otherwise, including but not limited to
  21:../Libraries/iLLD/TC4xx/Tricore/Msc/Msc/IfxMsc_Msc.c ****  * warranties of workmanship, merchantability, fitness for a particular purpose,
  22:../Libraries/iLLD/TC4xx/Tricore/Msc/Msc/IfxMsc_Msc.c ****  * defects in the licensed items, or non-infringement of third parties'
  23:../Libraries/iLLD/TC4xx/Tricore/Msc/Msc/IfxMsc_Msc.c ****  * intellectual property rights. See the full license text for the specific
  24:../Libraries/iLLD/TC4xx/Tricore/Msc/Msc/IfxMsc_Msc.c ****  * language governing permissions and limitations under IFASLL.
  25:../Libraries/iLLD/TC4xx/Tricore/Msc/Msc/IfxMsc_Msc.c ****  *
  26:../Libraries/iLLD/TC4xx/Tricore/Msc/Msc/IfxMsc_Msc.c ****  *
  27:../Libraries/iLLD/TC4xx/Tricore/Msc/Msc/IfxMsc_Msc.c ****  */
  28:../Libraries/iLLD/TC4xx/Tricore/Msc/Msc/IfxMsc_Msc.c **** 
  29:../Libraries/iLLD/TC4xx/Tricore/Msc/Msc/IfxMsc_Msc.c **** /******************************************************************************/
  30:../Libraries/iLLD/TC4xx/Tricore/Msc/Msc/IfxMsc_Msc.c **** /*----------------------------------Includes----------------------------------*/
  31:../Libraries/iLLD/TC4xx/Tricore/Msc/Msc/IfxMsc_Msc.c **** /******************************************************************************/
  32:../Libraries/iLLD/TC4xx/Tricore/Msc/Msc/IfxMsc_Msc.c **** 
  33:../Libraries/iLLD/TC4xx/Tricore/Msc/Msc/IfxMsc_Msc.c **** #include "Ifx_Cfg.h"
  34:../Libraries/iLLD/TC4xx/Tricore/Msc/Msc/IfxMsc_Msc.c **** #if defined (__TASKING__)
  35:../Libraries/iLLD/TC4xx/Tricore/Msc/Msc/IfxMsc_Msc.c **** #pragma warning 508 /* To suppress empty file warning */
  36:../Libraries/iLLD/TC4xx/Tricore/Msc/Msc/IfxMsc_Msc.c **** #endif
  37:../Libraries/iLLD/TC4xx/Tricore/Msc/Msc/IfxMsc_Msc.c **** #if defined (__ghs__)
  38:../Libraries/iLLD/TC4xx/Tricore/Msc/Msc/IfxMsc_Msc.c **** #pragma diag_suppress 96 /* To suppress empty file warning */
  39:../Libraries/iLLD/TC4xx/Tricore/Msc/Msc/IfxMsc_Msc.c **** #endif
  40:../Libraries/iLLD/TC4xx/Tricore/Msc/Msc/IfxMsc_Msc.c **** 
  41:../Libraries/iLLD/TC4xx/Tricore/Msc/Msc/IfxMsc_Msc.c **** #if defined(DEVICE_TC4DX) || defined(DEVICE_TC49XN) || defined(DEVICE_TC49XNAA) || defined(DEVICE_T
  42:../Libraries/iLLD/TC4xx/Tricore/Msc/Msc/IfxMsc_Msc.c **** #include "IfxMsc_Msc.h"
  43:../Libraries/iLLD/TC4xx/Tricore/Msc/Msc/IfxMsc_Msc.c **** 
  44:../Libraries/iLLD/TC4xx/Tricore/Msc/Msc/IfxMsc_Msc.c **** /******************************************************************************/
  45:../Libraries/iLLD/TC4xx/Tricore/Msc/Msc/IfxMsc_Msc.c **** /*-------------------------Function Implementations---------------------------*/
  46:../Libraries/iLLD/TC4xx/Tricore/Msc/Msc/IfxMsc_Msc.c **** /******************************************************************************/
  47:../Libraries/iLLD/TC4xx/Tricore/Msc/Msc/IfxMsc_Msc.c **** 
  48:../Libraries/iLLD/TC4xx/Tricore/Msc/Msc/IfxMsc_Msc.c **** void IfxMsc_Msc_deInitModule(IfxMsc_Msc *msc)
  49:../Libraries/iLLD/TC4xx/Tricore/Msc/Msc/IfxMsc_Msc.c **** {
  13              	 .loc 1 49 1
  14              	.LVL0:
  15 0000 40AE     	 mov.aa %a14,%SP
  16              	.LCFI0:
  50:../Libraries/iLLD/TC4xx/Tricore/Msc/Msc/IfxMsc_Msc.c ****     IfxMsc_resetModule(msc->msc);
  17              	 .loc 1 50 5
  18 0002 D444     	 ld.a %a4,[%a4]0
  19              	.LVL1:
  20 0004 6D000000 	 call IfxMsc_resetModule
  21              	.LVL2:
  51:../Libraries/iLLD/TC4xx/Tricore/Msc/Msc/IfxMsc_Msc.c **** }
  22              	 .loc 1 51 1 is_stmt 0
  23 0008 0090     	 ret 
  24              	.LFE339:
  26              	 .global IfxMsc_Msc_deInitModule_end
  27              	IfxMsc_Msc_deInitModule_end:
  28              	 .section .text.IfxMsc_Msc_getTarget,"ax",@progbits
  29              	 .align 1
  30              	 .global IfxMsc_Msc_getTarget
  32              	IfxMsc_Msc_getTarget:
  33              	.LFB340:
  52:../Libraries/iLLD/TC4xx/Tricore/Msc/Msc/IfxMsc_Msc.c **** 
  53:../Libraries/iLLD/TC4xx/Tricore/Msc/Msc/IfxMsc_Msc.c **** 
  54:../Libraries/iLLD/TC4xx/Tricore/Msc/Msc/IfxMsc_Msc.c **** IfxMsc_Target IfxMsc_Msc_getTarget(IfxMsc_Msc *msc, IfxMsc_Msc_Target target)
  55:../Libraries/iLLD/TC4xx/Tricore/Msc/Msc/IfxMsc_Msc.c **** {
  34              	 .loc 1 55 1 is_stmt 1
  35              	.LVL3:
  36 0000 40AE     	 mov.aa %a14,%SP
  37              	.LCFI1:
  56:../Libraries/iLLD/TC4xx/Tricore/Msc/Msc/IfxMsc_Msc.c ****     Ifx_MSC      *mscSfr = msc->msc;
  38              	 .loc 1 56 5
  39              	 .loc 1 56 19 is_stmt 0
  40 0002 D442     	 ld.a %a2,[%a4]0
  41              	.LVL4:
  57:../Libraries/iLLD/TC4xx/Tricore/Msc/Msc/IfxMsc_Msc.c ****     IfxMsc_Target enX    = IfxMsc_Target_en0;
  42              	 .loc 1 57 5 is_stmt 1
  58:../Libraries/iLLD/TC4xx/Tricore/Msc/Msc/IfxMsc_Msc.c **** 
  59:../Libraries/iLLD/TC4xx/Tricore/Msc/Msc/IfxMsc_Msc.c ****     if (target == IfxMsc_Msc_Target_low)
  43              	 .loc 1 59 5
  44              	 .loc 1 59 8 is_stmt 0
  45 0004 DF040080 	 jnz %d4,.L3
  60:../Libraries/iLLD/TC4xx/Tricore/Msc/Msc/IfxMsc_Msc.c ****     {
  61:../Libraries/iLLD/TC4xx/Tricore/Msc/Msc/IfxMsc_Msc.c ****         enX = IfxMsc_getDataLowTarget(mscSfr);
  46              	 .loc 1 61 9 is_stmt 1
  47              	.LVL5:
  48              	.LBB90:
  49              	.LBB91:
  50              	 .file 2 "../Libraries/iLLD/TC4xx/Tricore/Msc/Std/IfxMsc.h"
   1:../Libraries/iLLD/TC4xx/Tricore/Msc/Std/IfxMsc.h **** /**
   2:../Libraries/iLLD/TC4xx/Tricore/Msc/Std/IfxMsc.h ****  * \file IfxMsc.h
   3:../Libraries/iLLD/TC4xx/Tricore/Msc/Std/IfxMsc.h ****  * \brief MSC  basic functionality
   4:../Libraries/iLLD/TC4xx/Tricore/Msc/Std/IfxMsc.h ****  * \ingroup IfxLld_Msc
   5:../Libraries/iLLD/TC4xx/Tricore/Msc/Std/IfxMsc.h ****  *
   6:../Libraries/iLLD/TC4xx/Tricore/Msc/Std/IfxMsc.h ****  * \version iLLD-TC4-v2.7.0
   7:../Libraries/iLLD/TC4xx/Tricore/Msc/Std/IfxMsc.h ****  * \copyright Copyright (c) 2026 Infineon Technologies AG. All rights reserved.
   8:../Libraries/iLLD/TC4xx/Tricore/Msc/Std/IfxMsc.h ****  *
   9:../Libraries/iLLD/TC4xx/Tricore/Msc/Std/IfxMsc.h ****  *
  10:../Libraries/iLLD/TC4xx/Tricore/Msc/Std/IfxMsc.h ****  *
  11:../Libraries/iLLD/TC4xx/Tricore/Msc/Std/IfxMsc.h ****  *                                 IMPORTANT NOTICE
  12:../Libraries/iLLD/TC4xx/Tricore/Msc/Std/IfxMsc.h ****  *
  13:../Libraries/iLLD/TC4xx/Tricore/Msc/Std/IfxMsc.h ****  * Infineon Technologies AG (Infineon) licenses this file to you under the
  14:../Libraries/iLLD/TC4xx/Tricore/Msc/Std/IfxMsc.h ****  * Infineon Automotive SW Lab License v2025-01 (IFASLL). You may not use
  15:../Libraries/iLLD/TC4xx/Tricore/Msc/Std/IfxMsc.h ****  * this file except in compliance with IFASLL.
  16:../Libraries/iLLD/TC4xx/Tricore/Msc/Std/IfxMsc.h ****  *
  17:../Libraries/iLLD/TC4xx/Tricore/Msc/Std/IfxMsc.h ****  * The full license text is contained in IFASLL202501.pdf delivered with this SW.
  18:../Libraries/iLLD/TC4xx/Tricore/Msc/Std/IfxMsc.h ****  * Unless required by applicable law or agreed to in writing, software distributed
  19:../Libraries/iLLD/TC4xx/Tricore/Msc/Std/IfxMsc.h ****  * under this license is distributed "AS IS" without any warranty or liability of any
  20:../Libraries/iLLD/TC4xx/Tricore/Msc/Std/IfxMsc.h ****  * kind and Infineon hereby expressly disclaims any warranties or representations,
  21:../Libraries/iLLD/TC4xx/Tricore/Msc/Std/IfxMsc.h ****  * whether express, implied, statutory or otherwise, including but not limited to
  22:../Libraries/iLLD/TC4xx/Tricore/Msc/Std/IfxMsc.h ****  * warranties of workmanship, merchantability, fitness for a particular purpose,
  23:../Libraries/iLLD/TC4xx/Tricore/Msc/Std/IfxMsc.h ****  * defects in the licensed items, or non-infringement of third parties'
  24:../Libraries/iLLD/TC4xx/Tricore/Msc/Std/IfxMsc.h ****  * intellectual property rights. See the full license text for the specific
  25:../Libraries/iLLD/TC4xx/Tricore/Msc/Std/IfxMsc.h ****  * language governing permissions and limitations under IFASLL.
  26:../Libraries/iLLD/TC4xx/Tricore/Msc/Std/IfxMsc.h ****  *
  27:../Libraries/iLLD/TC4xx/Tricore/Msc/Std/IfxMsc.h ****  *
  28:../Libraries/iLLD/TC4xx/Tricore/Msc/Std/IfxMsc.h ****  * \defgroup IfxLld_Msc_Std_Enum Enumerations
  29:../Libraries/iLLD/TC4xx/Tricore/Msc/Std/IfxMsc.h ****  * \ingroup IfxLld_Msc_Std
  30:../Libraries/iLLD/TC4xx/Tricore/Msc/Std/IfxMsc.h ****  * \defgroup IfxLld_Msc_Std_Config_Flags Configure Flags
  31:../Libraries/iLLD/TC4xx/Tricore/Msc/Std/IfxMsc.h ****  * \ingroup IfxLld_Msc_Std
  32:../Libraries/iLLD/TC4xx/Tricore/Msc/Std/IfxMsc.h ****  * \defgroup IfxLld_Msc_Std_Set_Command_Target Set Command Target
  33:../Libraries/iLLD/TC4xx/Tricore/Msc/Std/IfxMsc.h ****  * \ingroup IfxLld_Msc_Std
  34:../Libraries/iLLD/TC4xx/Tricore/Msc/Std/IfxMsc.h ****  * \defgroup IfxLld_Msc_Std_Set_Data Set Data
  35:../Libraries/iLLD/TC4xx/Tricore/Msc/Std/IfxMsc.h ****  * \ingroup IfxLld_Msc_Std
  36:../Libraries/iLLD/TC4xx/Tricore/Msc/Std/IfxMsc.h ****  * \defgroup IfxLld_Msc_Std_Get_Data Get Data
  37:../Libraries/iLLD/TC4xx/Tricore/Msc/Std/IfxMsc.h ****  * \ingroup IfxLld_Msc_Std
  38:../Libraries/iLLD/TC4xx/Tricore/Msc/Std/IfxMsc.h ****  * \defgroup IfxLld_Msc_Std_Enable_Module Enable Module
  39:../Libraries/iLLD/TC4xx/Tricore/Msc/Std/IfxMsc.h ****  * \ingroup IfxLld_Msc_Std
  40:../Libraries/iLLD/TC4xx/Tricore/Msc/Std/IfxMsc.h ****  * \defgroup IfxLld_Msc_Std_Reset_Module Reset Module
  41:../Libraries/iLLD/TC4xx/Tricore/Msc/Std/IfxMsc.h ****  * \ingroup IfxLld_Msc_Std
  42:../Libraries/iLLD/TC4xx/Tricore/Msc/Std/IfxMsc.h ****  * \defgroup IfxLld_Msc_Std_Baud_Calculator Baud Calculator
  43:../Libraries/iLLD/TC4xx/Tricore/Msc/Std/IfxMsc.h ****  * \ingroup IfxLld_Msc_Std
  44:../Libraries/iLLD/TC4xx/Tricore/Msc/Std/IfxMsc.h ****  * \defgroup IfxLld_Msc_Std_IO IO Pin Configuration Functions
  45:../Libraries/iLLD/TC4xx/Tricore/Msc/Std/IfxMsc.h ****  * \ingroup IfxLld_Msc_Std
  46:../Libraries/iLLD/TC4xx/Tricore/Msc/Std/IfxMsc.h ****  * \defgroup IfxLld_Msc_Std_Module Module Functions
  47:../Libraries/iLLD/TC4xx/Tricore/Msc/Std/IfxMsc.h ****  * \ingroup IfxLld_Msc_Std
  48:../Libraries/iLLD/TC4xx/Tricore/Msc/Std/IfxMsc.h ****  */
  49:../Libraries/iLLD/TC4xx/Tricore/Msc/Std/IfxMsc.h **** 
  50:../Libraries/iLLD/TC4xx/Tricore/Msc/Std/IfxMsc.h **** #ifndef IFXMSC_H
  51:../Libraries/iLLD/TC4xx/Tricore/Msc/Std/IfxMsc.h **** #define IFXMSC_H 1
  52:../Libraries/iLLD/TC4xx/Tricore/Msc/Std/IfxMsc.h **** 
  53:../Libraries/iLLD/TC4xx/Tricore/Msc/Std/IfxMsc.h **** /******************************************************************************/
  54:../Libraries/iLLD/TC4xx/Tricore/Msc/Std/IfxMsc.h **** /*----------------------------------Includes----------------------------------*/
  55:../Libraries/iLLD/TC4xx/Tricore/Msc/Std/IfxMsc.h **** /******************************************************************************/
  56:../Libraries/iLLD/TC4xx/Tricore/Msc/Std/IfxMsc.h **** 
  57:../Libraries/iLLD/TC4xx/Tricore/Msc/Std/IfxMsc.h **** #include "_Impl/IfxMsc_cfg.h"
  58:../Libraries/iLLD/TC4xx/Tricore/Msc/Std/IfxMsc.h **** #include "_PinMap/IfxMsc_PinMap.h"
  59:../Libraries/iLLD/TC4xx/Tricore/Msc/Std/IfxMsc.h **** #include "Clock/Std/IfxClock.h"
  60:../Libraries/iLLD/TC4xx/Tricore/Msc/Std/IfxMsc.h **** #include "Ap/Std/IfxApProt.h"
  61:../Libraries/iLLD/TC4xx/Tricore/Msc/Std/IfxMsc.h **** #include "Ap/Std/IfxApApu.h"
  62:../Libraries/iLLD/TC4xx/Tricore/Msc/Std/IfxMsc.h **** 
  63:../Libraries/iLLD/TC4xx/Tricore/Msc/Std/IfxMsc.h **** /******************************************************************************/
  64:../Libraries/iLLD/TC4xx/Tricore/Msc/Std/IfxMsc.h **** /*--------------------------------Enumerations--------------------------------*/
  65:../Libraries/iLLD/TC4xx/Tricore/Msc/Std/IfxMsc.h **** /******************************************************************************/
  66:../Libraries/iLLD/TC4xx/Tricore/Msc/Std/IfxMsc.h **** 
  67:../Libraries/iLLD/TC4xx/Tricore/Msc/Std/IfxMsc.h **** /** \addtogroup IfxLld_Msc_Std_Enum
  68:../Libraries/iLLD/TC4xx/Tricore/Msc/Std/IfxMsc.h ****  * \{ */
  69:../Libraries/iLLD/TC4xx/Tricore/Msc/Std/IfxMsc.h **** /** \brief Enable SRL/SRH Active Phase Selection Bit\n
  70:../Libraries/iLLD/TC4xx/Tricore/Msc/Std/IfxMsc.h ****  * Definition in Ifx_MSC.DSC.B.ENSELH and Ifx_MSC.DSC.B.ENSELL
  71:../Libraries/iLLD/TC4xx/Tricore/Msc/Std/IfxMsc.h ****  */
  72:../Libraries/iLLD/TC4xx/Tricore/Msc/Std/IfxMsc.h **** typedef enum
  73:../Libraries/iLLD/TC4xx/Tricore/Msc/Std/IfxMsc.h **** {
  74:../Libraries/iLLD/TC4xx/Tricore/Msc/Std/IfxMsc.h ****     IfxMsc_ActivePhaseSelection_none     = 0, /**< \brief No selection bit inserted */
  75:../Libraries/iLLD/TC4xx/Tricore/Msc/Std/IfxMsc.h ****     IfxMsc_ActivePhaseSelection_lowLevel = 1  /**< \brief Low level selection bit inserted */
  76:../Libraries/iLLD/TC4xx/Tricore/Msc/Std/IfxMsc.h **** } IfxMsc_ActivePhaseSelection;
  77:../Libraries/iLLD/TC4xx/Tricore/Msc/Std/IfxMsc.h **** 
  78:../Libraries/iLLD/TC4xx/Tricore/Msc/Std/IfxMsc.h **** /** \brief Asynchronous Block Configuration Register - Asynchronous Block Bypass\n
  79:../Libraries/iLLD/TC4xx/Tricore/Msc/Std/IfxMsc.h ****  * Definition in Ifx_MSC.ABC.B.ABB
  80:../Libraries/iLLD/TC4xx/Tricore/Msc/Std/IfxMsc.h ****  */
  81:../Libraries/iLLD/TC4xx/Tricore/Msc/Std/IfxMsc.h **** typedef enum
  82:../Libraries/iLLD/TC4xx/Tricore/Msc/Std/IfxMsc.h **** {
  83:../Libraries/iLLD/TC4xx/Tricore/Msc/Std/IfxMsc.h ****     IfxMsc_AsynchronousBlock_bypassed   = 0, /**< \brief Asynchronous block and the n-divider of th
  84:../Libraries/iLLD/TC4xx/Tricore/Msc/Std/IfxMsc.h ****     IfxMsc_AsynchronousBlock_noBypassed = 1  /**< \brief Asynchronous block and the n-divider of th
  85:../Libraries/iLLD/TC4xx/Tricore/Msc/Std/IfxMsc.h **** } IfxMsc_AsynchronousBlock;
  86:../Libraries/iLLD/TC4xx/Tricore/Msc/Std/IfxMsc.h **** 
  87:../Libraries/iLLD/TC4xx/Tricore/Msc/Std/IfxMsc.h **** /** \brief Output Control Register - Chip Selection Line Polarity\n
  88:../Libraries/iLLD/TC4xx/Tricore/Msc/Std/IfxMsc.h ****  * Definition in Ifx_MSC.OCR.B.CSLP
  89:../Libraries/iLLD/TC4xx/Tricore/Msc/Std/IfxMsc.h ****  */
  90:../Libraries/iLLD/TC4xx/Tricore/Msc/Std/IfxMsc.h **** typedef enum
  91:../Libraries/iLLD/TC4xx/Tricore/Msc/Std/IfxMsc.h **** {
  92:../Libraries/iLLD/TC4xx/Tricore/Msc/Std/IfxMsc.h ****     IfxMsc_ChipSelectActiveState_high = 0,  /**< \brief EN[3:0] and ENL,ENH,ENC polarities are iden
  93:../Libraries/iLLD/TC4xx/Tricore/Msc/Std/IfxMsc.h ****     IfxMsc_ChipSelectActiveState_low  = 1   /**< \brief EN[3:0] and ENL,ENH,ENC polarities are inve
  94:../Libraries/iLLD/TC4xx/Tricore/Msc/Std/IfxMsc.h **** } IfxMsc_ChipSelectActiveState;
  95:../Libraries/iLLD/TC4xx/Tricore/Msc/Std/IfxMsc.h **** 
  96:../Libraries/iLLD/TC4xx/Tricore/Msc/Std/IfxMsc.h **** /** \brief Asynchronous Block Configuration Register - Clock Select\n
  97:../Libraries/iLLD/TC4xx/Tricore/Msc/Std/IfxMsc.h ****  * Definition in Ifx_MSC.ABC.B.CLKSEL
  98:../Libraries/iLLD/TC4xx/Tricore/Msc/Std/IfxMsc.h ****  */
  99:../Libraries/iLLD/TC4xx/Tricore/Msc/Std/IfxMsc.h **** typedef enum
 100:../Libraries/iLLD/TC4xx/Tricore/Msc/Std/IfxMsc.h **** {
 101:../Libraries/iLLD/TC4xx/Tricore/Msc/Std/IfxMsc.h ****     IfxMsc_ClockSelect_noClock = 0,  /**< \brief no clock source for the ABRA block */
 102:../Libraries/iLLD/TC4xx/Tricore/Msc/Std/IfxMsc.h ****     IfxMsc_ClockSelect_fper    = 1   /**< \brief f_PER is the  clock source for the ABRA block */
 103:../Libraries/iLLD/TC4xx/Tricore/Msc/Std/IfxMsc.h **** } IfxMsc_ClockSelect;
 104:../Libraries/iLLD/TC4xx/Tricore/Msc/Std/IfxMsc.h **** 
 105:../Libraries/iLLD/TC4xx/Tricore/Msc/Std/IfxMsc.h **** /** \brief Downstream Control Enhanced Register - Command-Data-Command in Data Repetition Mode\n
 106:../Libraries/iLLD/TC4xx/Tricore/Msc/Std/IfxMsc.h ****  * Definition in Ifx_MSC.DSCE.B.CDCM
 107:../Libraries/iLLD/TC4xx/Tricore/Msc/Std/IfxMsc.h ****  */
 108:../Libraries/iLLD/TC4xx/Tricore/Msc/Std/IfxMsc.h **** typedef enum
 109:../Libraries/iLLD/TC4xx/Tricore/Msc/Std/IfxMsc.h **** {
 110:../Libraries/iLLD/TC4xx/Tricore/Msc/Std/IfxMsc.h ****     IfxMsc_CommandDataCommandRepetitionMode_disabled = 0,  /**< \brief Disables the automatic inser
 111:../Libraries/iLLD/TC4xx/Tricore/Msc/Std/IfxMsc.h ****     IfxMsc_CommandDataCommandRepetitionMode_enabled  = 1   /**< \brief Enables the automatic insert
 112:../Libraries/iLLD/TC4xx/Tricore/Msc/Std/IfxMsc.h **** } IfxMsc_CommandDataCommandRepetitionMode;
 113:../Libraries/iLLD/TC4xx/Tricore/Msc/Std/IfxMsc.h **** 
 114:../Libraries/iLLD/TC4xx/Tricore/Msc/Std/IfxMsc.h **** /** \brief Interrupt Control Register - Command Frame Interrupt Enable\n
 115:../Libraries/iLLD/TC4xx/Tricore/Msc/Std/IfxMsc.h ****  * Definition in Ifx_MSC.ICR.B.ECIE
 116:../Libraries/iLLD/TC4xx/Tricore/Msc/Std/IfxMsc.h ****  */
 117:../Libraries/iLLD/TC4xx/Tricore/Msc/Std/IfxMsc.h **** typedef enum
 118:../Libraries/iLLD/TC4xx/Tricore/Msc/Std/IfxMsc.h **** {
 119:../Libraries/iLLD/TC4xx/Tricore/Msc/Std/IfxMsc.h ****     IfxMsc_CommandFrameInterrupt_disabled = 0,  /**< \brief Interrupt generation disabled */
 120:../Libraries/iLLD/TC4xx/Tricore/Msc/Std/IfxMsc.h ****     IfxMsc_CommandFrameInterrupt_enabled  = 1   /**< \brief Interrupt generation enabled */
 121:../Libraries/iLLD/TC4xx/Tricore/Msc/Std/IfxMsc.h **** } IfxMsc_CommandFrameInterrupt;
 122:../Libraries/iLLD/TC4xx/Tricore/Msc/Std/IfxMsc.h **** 
 123:../Libraries/iLLD/TC4xx/Tricore/Msc/Std/IfxMsc.h **** /** \brief Interrupt Control Register - Command Frame Interrupt Node Pointer\n
 124:../Libraries/iLLD/TC4xx/Tricore/Msc/Std/IfxMsc.h ****  * Definition in Ifx_MSC.ICR.B.ECIP
 125:../Libraries/iLLD/TC4xx/Tricore/Msc/Std/IfxMsc.h ****  */
 126:../Libraries/iLLD/TC4xx/Tricore/Msc/Std/IfxMsc.h **** typedef enum
 127:../Libraries/iLLD/TC4xx/Tricore/Msc/Std/IfxMsc.h **** {
 128:../Libraries/iLLD/TC4xx/Tricore/Msc/Std/IfxMsc.h ****     IfxMsc_CommandFrameInterruptNode_SR0 = 0,      /**< \brief Service request output SR0 selected 
 129:../Libraries/iLLD/TC4xx/Tricore/Msc/Std/IfxMsc.h ****     IfxMsc_CommandFrameInterruptNode_SR1,          /**< \brief Service request output SR1 selected 
 130:../Libraries/iLLD/TC4xx/Tricore/Msc/Std/IfxMsc.h ****     IfxMsc_CommandFrameInterruptNode_SR2,          /**< \brief Service request output SR2 selected 
 131:../Libraries/iLLD/TC4xx/Tricore/Msc/Std/IfxMsc.h ****     IfxMsc_CommandFrameInterruptNode_SR3           /**< \brief Service request output SR3 selected 
 132:../Libraries/iLLD/TC4xx/Tricore/Msc/Std/IfxMsc.h **** } IfxMsc_CommandFrameInterruptNode;
 133:../Libraries/iLLD/TC4xx/Tricore/Msc/Std/IfxMsc.h **** 
 134:../Libraries/iLLD/TC4xx/Tricore/Msc/Std/IfxMsc.h **** /** \brief Number of Bits shifted at command frames\n
 135:../Libraries/iLLD/TC4xx/Tricore/Msc/Std/IfxMsc.h ****  * Definition in Ifx_MSC.DSC.B.NBC
 136:../Libraries/iLLD/TC4xx/Tricore/Msc/Std/IfxMsc.h ****  */
 137:../Libraries/iLLD/TC4xx/Tricore/Msc/Std/IfxMsc.h **** typedef enum
 138:../Libraries/iLLD/TC4xx/Tricore/Msc/Std/IfxMsc.h **** {
 139:../Libraries/iLLD/TC4xx/Tricore/Msc/Std/IfxMsc.h ****     IfxMsc_CommandFrameLength_0 = 0,      /**< \brief No bit shifted */
 140:../Libraries/iLLD/TC4xx/Tricore/Msc/Std/IfxMsc.h ****     IfxMsc_CommandFrameLength_1 = 1,      /**< \brief SRL[0:0] Shifted */
 141:../Libraries/iLLD/TC4xx/Tricore/Msc/Std/IfxMsc.h ****     IfxMsc_CommandFrameLength_2 = 2,      /**< \brief SRL[1:0] Shifted  */
 142:../Libraries/iLLD/TC4xx/Tricore/Msc/Std/IfxMsc.h ****     IfxMsc_CommandFrameLength_3,          /**< \brief SRL[2:0] Shifted  */
 143:../Libraries/iLLD/TC4xx/Tricore/Msc/Std/IfxMsc.h ****     IfxMsc_CommandFrameLength_4,          /**< \brief SRL[3:0] Shifted  */
 144:../Libraries/iLLD/TC4xx/Tricore/Msc/Std/IfxMsc.h ****     IfxMsc_CommandFrameLength_5,          /**< \brief SRL[4:0] Shifted  */
 145:../Libraries/iLLD/TC4xx/Tricore/Msc/Std/IfxMsc.h ****     IfxMsc_CommandFrameLength_6,          /**< \brief SRL[5:0] Shifted  */
 146:../Libraries/iLLD/TC4xx/Tricore/Msc/Std/IfxMsc.h ****     IfxMsc_CommandFrameLength_7,          /**< \brief SRL[6:0] Shifted  */
 147:../Libraries/iLLD/TC4xx/Tricore/Msc/Std/IfxMsc.h ****     IfxMsc_CommandFrameLength_8,          /**< \brief SRL[7:0] Shifted  */
 148:../Libraries/iLLD/TC4xx/Tricore/Msc/Std/IfxMsc.h ****     IfxMsc_CommandFrameLength_9,          /**< \brief SRL[8:0] Shifted  */
 149:../Libraries/iLLD/TC4xx/Tricore/Msc/Std/IfxMsc.h ****     IfxMsc_CommandFrameLength_10,         /**< \brief SRL[9:0] Shifted  */
 150:../Libraries/iLLD/TC4xx/Tricore/Msc/Std/IfxMsc.h ****     IfxMsc_CommandFrameLength_11,         /**< \brief SRL[10:0] Shifted  */
 151:../Libraries/iLLD/TC4xx/Tricore/Msc/Std/IfxMsc.h ****     IfxMsc_CommandFrameLength_12,         /**< \brief SRL[11:0] Shifted  */
 152:../Libraries/iLLD/TC4xx/Tricore/Msc/Std/IfxMsc.h ****     IfxMsc_CommandFrameLength_13,         /**< \brief SRL[12:0] Shifted  */
 153:../Libraries/iLLD/TC4xx/Tricore/Msc/Std/IfxMsc.h ****     IfxMsc_CommandFrameLength_14,         /**< \brief SRL[13:0] Shifted  */
 154:../Libraries/iLLD/TC4xx/Tricore/Msc/Std/IfxMsc.h ****     IfxMsc_CommandFrameLength_15,         /**< \brief SRL[14:0] Shifted  */
 155:../Libraries/iLLD/TC4xx/Tricore/Msc/Std/IfxMsc.h ****     IfxMsc_CommandFrameLength_16,         /**< \brief SRL[15:0] Shifted  */
 156:../Libraries/iLLD/TC4xx/Tricore/Msc/Std/IfxMsc.h ****     IfxMsc_CommandFrameLength_17 = 17,    /**< \brief SRL[15:0] and SRH[0] Shifted */
 157:../Libraries/iLLD/TC4xx/Tricore/Msc/Std/IfxMsc.h ****     IfxMsc_CommandFrameLength_18 = 18,    /**< \brief SRL[15:0] and SRH[1:0] Shifted  */
 158:../Libraries/iLLD/TC4xx/Tricore/Msc/Std/IfxMsc.h ****     IfxMsc_CommandFrameLength_19,         /**< \brief SRL[15:0] and SRH[2:0] Shifted  */
 159:../Libraries/iLLD/TC4xx/Tricore/Msc/Std/IfxMsc.h ****     IfxMsc_CommandFrameLength_20,         /**< \brief SRL[15:0] and SRH[3:0] Shifted  */
 160:../Libraries/iLLD/TC4xx/Tricore/Msc/Std/IfxMsc.h ****     IfxMsc_CommandFrameLength_21,         /**< \brief SRL[15:0] and SRH[4:0] Shifted  */
 161:../Libraries/iLLD/TC4xx/Tricore/Msc/Std/IfxMsc.h ****     IfxMsc_CommandFrameLength_22,         /**< \brief SRL[15:0] and SRH[5:0] Shifted  */
 162:../Libraries/iLLD/TC4xx/Tricore/Msc/Std/IfxMsc.h ****     IfxMsc_CommandFrameLength_23,         /**< \brief SRL[15:0] and SRH[6:0] Shifted  */
 163:../Libraries/iLLD/TC4xx/Tricore/Msc/Std/IfxMsc.h ****     IfxMsc_CommandFrameLength_24,         /**< \brief SRL[15:0] and SRH[7:0] Shifted  */
 164:../Libraries/iLLD/TC4xx/Tricore/Msc/Std/IfxMsc.h ****     IfxMsc_CommandFrameLength_25,         /**< \brief SRL[15:0] and SRH[8:0] Shifted  */
 165:../Libraries/iLLD/TC4xx/Tricore/Msc/Std/IfxMsc.h ****     IfxMsc_CommandFrameLength_26,         /**< \brief SRL[15:0] and SRH[9:0] Shifted  */
 166:../Libraries/iLLD/TC4xx/Tricore/Msc/Std/IfxMsc.h ****     IfxMsc_CommandFrameLength_27,         /**< \brief SRL[15:0] and SRH[10:0] Shifted  */
 167:../Libraries/iLLD/TC4xx/Tricore/Msc/Std/IfxMsc.h ****     IfxMsc_CommandFrameLength_28,         /**< \brief SRL[15:0] and SRH[11:0] Shifted  */
 168:../Libraries/iLLD/TC4xx/Tricore/Msc/Std/IfxMsc.h ****     IfxMsc_CommandFrameLength_29,         /**< \brief SRL[15:0] and SRH[12:0] Shifted  */
 169:../Libraries/iLLD/TC4xx/Tricore/Msc/Std/IfxMsc.h ****     IfxMsc_CommandFrameLength_30,         /**< \brief SRL[15:0] and SRH[13:0] Shifted  */
 170:../Libraries/iLLD/TC4xx/Tricore/Msc/Std/IfxMsc.h ****     IfxMsc_CommandFrameLength_31,         /**< \brief SRL[15:0] and SRH[14:0] Shifted  */
 171:../Libraries/iLLD/TC4xx/Tricore/Msc/Std/IfxMsc.h ****     IfxMsc_CommandFrameLength_32          /**< \brief SRL[15:0] and SRH[15:0] Shifted  */
 172:../Libraries/iLLD/TC4xx/Tricore/Msc/Std/IfxMsc.h **** } IfxMsc_CommandFrameLength;
 173:../Libraries/iLLD/TC4xx/Tricore/Msc/Std/IfxMsc.h **** 
 174:../Libraries/iLLD/TC4xx/Tricore/Msc/Std/IfxMsc.h **** /** \brief Interrupt Control Register - Command Frame Slow Channel X/Y Interrupt Enable
 175:../Libraries/iLLD/TC4xx/Tricore/Msc/Std/IfxMsc.h ****  * Definition in Ifx_MSC.ICR.B.CSXIE and Ifx_MSC.ICR.B.CSYIE
 176:../Libraries/iLLD/TC4xx/Tricore/Msc/Std/IfxMsc.h ****  */
 177:../Libraries/iLLD/TC4xx/Tricore/Msc/Std/IfxMsc.h **** typedef enum
 178:../Libraries/iLLD/TC4xx/Tricore/Msc/Std/IfxMsc.h **** {
 179:../Libraries/iLLD/TC4xx/Tricore/Msc/Std/IfxMsc.h ****     IfxMsc_CommandFrameSlowChannelInterrupt_disabled = 0,  /**< \brief Interrupt generation disable
 180:../Libraries/iLLD/TC4xx/Tricore/Msc/Std/IfxMsc.h ****     IfxMsc_CommandFrameSlowChannelInterrupt_enabled  = 1   /**< \brief Interrupt generation enabled
 181:../Libraries/iLLD/TC4xx/Tricore/Msc/Std/IfxMsc.h **** } IfxMsc_CommandFrameSlowChannelInterrupt;
 182:../Libraries/iLLD/TC4xx/Tricore/Msc/Std/IfxMsc.h **** 
 183:../Libraries/iLLD/TC4xx/Tricore/Msc/Std/IfxMsc.h **** /** \brief Interrupt Control Register - Command Frame Slow Channel X Interrupt Pointer
 184:../Libraries/iLLD/TC4xx/Tricore/Msc/Std/IfxMsc.h ****  * Definition in Ifx_MSC.ICR.B.CSXIP
 185:../Libraries/iLLD/TC4xx/Tricore/Msc/Std/IfxMsc.h ****  */
 186:../Libraries/iLLD/TC4xx/Tricore/Msc/Std/IfxMsc.h **** typedef enum
 187:../Libraries/iLLD/TC4xx/Tricore/Msc/Std/IfxMsc.h **** {
 188:../Libraries/iLLD/TC4xx/Tricore/Msc/Std/IfxMsc.h ****     IfxMsc_CommandFrameSlowChannelXInterruptNode_SR0 = 0,  /**< \brief Service request output SR0 s
 189:../Libraries/iLLD/TC4xx/Tricore/Msc/Std/IfxMsc.h ****     IfxMsc_CommandFrameSlowChannelXInterruptNode_SR1 = 1,  /**< \brief Service request output SR1 s
 190:../Libraries/iLLD/TC4xx/Tricore/Msc/Std/IfxMsc.h ****     IfxMsc_CommandFrameSlowChannelXInterruptNode_SR2 = 2,  /**< \brief Service request output SR2 s
 191:../Libraries/iLLD/TC4xx/Tricore/Msc/Std/IfxMsc.h ****     IfxMsc_CommandFrameSlowChannelXInterruptNode_SR3 = 3   /**< \brief Service request output SR3 s
 192:../Libraries/iLLD/TC4xx/Tricore/Msc/Std/IfxMsc.h **** } IfxMsc_CommandFrameSlowChannelXInterruptNode;
 193:../Libraries/iLLD/TC4xx/Tricore/Msc/Std/IfxMsc.h **** 
 194:../Libraries/iLLD/TC4xx/Tricore/Msc/Std/IfxMsc.h **** /** \brief Interrupt Control Register - Command Frame Slow Channel Y Interrupt Pointer
 195:../Libraries/iLLD/TC4xx/Tricore/Msc/Std/IfxMsc.h ****  * Definition in Ifx_MSC.ICR.B.CSYIP
 196:../Libraries/iLLD/TC4xx/Tricore/Msc/Std/IfxMsc.h ****  */
 197:../Libraries/iLLD/TC4xx/Tricore/Msc/Std/IfxMsc.h **** typedef enum
 198:../Libraries/iLLD/TC4xx/Tricore/Msc/Std/IfxMsc.h **** {
 199:../Libraries/iLLD/TC4xx/Tricore/Msc/Std/IfxMsc.h ****     IfxMsc_CommandFrameSlowChannelYInterruptNode_SR0 = 0,  /**< \brief Service request output SR0 s
 200:../Libraries/iLLD/TC4xx/Tricore/Msc/Std/IfxMsc.h ****     IfxMsc_CommandFrameSlowChannelYInterruptNode_SR1 = 1,  /**< \brief Service request output SR1 s
 201:../Libraries/iLLD/TC4xx/Tricore/Msc/Std/IfxMsc.h ****     IfxMsc_CommandFrameSlowChannelYInterruptNode_SR2 = 2,  /**< \brief Service request output SR2 s
 202:../Libraries/iLLD/TC4xx/Tricore/Msc/Std/IfxMsc.h ****     IfxMsc_CommandFrameSlowChannelYInterruptNode_SR3 = 3   /**< \brief Service request output SR3 s
 203:../Libraries/iLLD/TC4xx/Tricore/Msc/Std/IfxMsc.h **** } IfxMsc_CommandFrameSlowChannelYInterruptNode;
 204:../Libraries/iLLD/TC4xx/Tricore/Msc/Std/IfxMsc.h **** 
 205:../Libraries/iLLD/TC4xx/Tricore/Msc/Std/IfxMsc.h **** /** \brief Stop bits length for Command Frame of SLow Channel Frame
 206:../Libraries/iLLD/TC4xx/Tricore/Msc/Std/IfxMsc.h ****  * Definition in Ifx_MSC.SSC.B.CFSTOPX/Y
 207:../Libraries/iLLD/TC4xx/Tricore/Msc/Std/IfxMsc.h ****  */
 208:../Libraries/iLLD/TC4xx/Tricore/Msc/Std/IfxMsc.h **** typedef enum
 209:../Libraries/iLLD/TC4xx/Tricore/Msc/Std/IfxMsc.h **** {
 210:../Libraries/iLLD/TC4xx/Tricore/Msc/Std/IfxMsc.h ****     IfxMsc_CommandFrameStopBitLength_none = 0,  /**< \brief no stop bits */
 211:../Libraries/iLLD/TC4xx/Tricore/Msc/Std/IfxMsc.h ****     IfxMsc_CommandFrameStopBitLength_1    = 1,  /**< \brief 1 Stop Bit */
 212:../Libraries/iLLD/TC4xx/Tricore/Msc/Std/IfxMsc.h ****     IfxMsc_CommandFrameStopBitLength_2    = 2   /**< \brief 2 Stop Bit */
 213:../Libraries/iLLD/TC4xx/Tricore/Msc/Std/IfxMsc.h **** } IfxMsc_CommandFrameStopBitLength;
 214:../Libraries/iLLD/TC4xx/Tricore/Msc/Std/IfxMsc.h **** 
 215:../Libraries/iLLD/TC4xx/Tricore/Msc/Std/IfxMsc.h **** /** \brief Downstream Timing Extension Register - Passive Phase Length at Control Frames Extension\
 216:../Libraries/iLLD/TC4xx/Tricore/Msc/Std/IfxMsc.h ****  * Definition in Ifx_MSC.DSTE.B.PPCE
 217:../Libraries/iLLD/TC4xx/Tricore/Msc/Std/IfxMsc.h ****  */
 218:../Libraries/iLLD/TC4xx/Tricore/Msc/Std/IfxMsc.h **** typedef enum
 219:../Libraries/iLLD/TC4xx/Tricore/Msc/Std/IfxMsc.h **** {
 220:../Libraries/iLLD/TC4xx/Tricore/Msc/Std/IfxMsc.h ****     IfxMsc_ControlFrameExtensionPassivePhaseLength_0 = 0,      /**< \brief Length of Command frames
 221:../Libraries/iLLD/TC4xx/Tricore/Msc/Std/IfxMsc.h ****     IfxMsc_ControlFrameExtensionPassivePhaseLength_1,          /**< \brief Length of Command frames
 222:../Libraries/iLLD/TC4xx/Tricore/Msc/Std/IfxMsc.h ****     IfxMsc_ControlFrameExtensionPassivePhaseLength_2,          /**< \brief Length of Command frames
 223:../Libraries/iLLD/TC4xx/Tricore/Msc/Std/IfxMsc.h ****     IfxMsc_ControlFrameExtensionPassivePhaseLength_3,          /**< \brief Length of Command frames
 224:../Libraries/iLLD/TC4xx/Tricore/Msc/Std/IfxMsc.h ****     IfxMsc_ControlFrameExtensionPassivePhaseLength_4,          /**< \brief Length of Command frames
 225:../Libraries/iLLD/TC4xx/Tricore/Msc/Std/IfxMsc.h ****     IfxMsc_ControlFrameExtensionPassivePhaseLength_5,          /**< \brief Length of Command frames
 226:../Libraries/iLLD/TC4xx/Tricore/Msc/Std/IfxMsc.h ****     IfxMsc_ControlFrameExtensionPassivePhaseLength_6,          /**< \brief Length of Command frames
 227:../Libraries/iLLD/TC4xx/Tricore/Msc/Std/IfxMsc.h ****     IfxMsc_ControlFrameExtensionPassivePhaseLength_7,          /**< \brief Length of Command frames
 228:../Libraries/iLLD/TC4xx/Tricore/Msc/Std/IfxMsc.h ****     IfxMsc_ControlFrameExtensionPassivePhaseLength_8,          /**< \brief Length of Command frames
 229:../Libraries/iLLD/TC4xx/Tricore/Msc/Std/IfxMsc.h ****     IfxMsc_ControlFrameExtensionPassivePhaseLength_9,          /**< \brief Length of Command frames
 230:../Libraries/iLLD/TC4xx/Tricore/Msc/Std/IfxMsc.h ****     IfxMsc_ControlFrameExtensionPassivePhaseLength_10,         /**< \brief Length of Command frames
 231:../Libraries/iLLD/TC4xx/Tricore/Msc/Std/IfxMsc.h ****     IfxMsc_ControlFrameExtensionPassivePhaseLength_11,         /**< \brief Length of Command frames
 232:../Libraries/iLLD/TC4xx/Tricore/Msc/Std/IfxMsc.h ****     IfxMsc_ControlFrameExtensionPassivePhaseLength_12,         /**< \brief Length of Command frames
 233:../Libraries/iLLD/TC4xx/Tricore/Msc/Std/IfxMsc.h ****     IfxMsc_ControlFrameExtensionPassivePhaseLength_13,         /**< \brief Length of Command frames
 234:../Libraries/iLLD/TC4xx/Tricore/Msc/Std/IfxMsc.h ****     IfxMsc_ControlFrameExtensionPassivePhaseLength_14,         /**< \brief Length of Command frames
 235:../Libraries/iLLD/TC4xx/Tricore/Msc/Std/IfxMsc.h ****     IfxMsc_ControlFrameExtensionPassivePhaseLength_15,         /**< \brief Length of Command frames
 236:../Libraries/iLLD/TC4xx/Tricore/Msc/Std/IfxMsc.h ****     IfxMsc_ControlFrameExtensionPassivePhaseLength_16,         /**< \brief Length of Command frames
 237:../Libraries/iLLD/TC4xx/Tricore/Msc/Std/IfxMsc.h ****     IfxMsc_ControlFrameExtensionPassivePhaseLength_17,         /**< \brief Length of Command frames
 238:../Libraries/iLLD/TC4xx/Tricore/Msc/Std/IfxMsc.h ****     IfxMsc_ControlFrameExtensionPassivePhaseLength_18,         /**< \brief Length of Command frames
 239:../Libraries/iLLD/TC4xx/Tricore/Msc/Std/IfxMsc.h ****     IfxMsc_ControlFrameExtensionPassivePhaseLength_19,         /**< \brief Length of Command frames
 240:../Libraries/iLLD/TC4xx/Tricore/Msc/Std/IfxMsc.h ****     IfxMsc_ControlFrameExtensionPassivePhaseLength_20,         /**< \brief Length of Command frames
 241:../Libraries/iLLD/TC4xx/Tricore/Msc/Std/IfxMsc.h ****     IfxMsc_ControlFrameExtensionPassivePhaseLength_21,         /**< \brief Length of Command frames
 242:../Libraries/iLLD/TC4xx/Tricore/Msc/Std/IfxMsc.h ****     IfxMsc_ControlFrameExtensionPassivePhaseLength_22,         /**< \brief Length of Command frames
 243:../Libraries/iLLD/TC4xx/Tricore/Msc/Std/IfxMsc.h ****     IfxMsc_ControlFrameExtensionPassivePhaseLength_23,         /**< \brief Length of Command frames
 244:../Libraries/iLLD/TC4xx/Tricore/Msc/Std/IfxMsc.h ****     IfxMsc_ControlFrameExtensionPassivePhaseLength_24,         /**< \brief Length of Command frames
 245:../Libraries/iLLD/TC4xx/Tricore/Msc/Std/IfxMsc.h ****     IfxMsc_ControlFrameExtensionPassivePhaseLength_25,         /**< \brief Length of Command frames
 246:../Libraries/iLLD/TC4xx/Tricore/Msc/Std/IfxMsc.h ****     IfxMsc_ControlFrameExtensionPassivePhaseLength_26,         /**< \brief Length of Command frames
 247:../Libraries/iLLD/TC4xx/Tricore/Msc/Std/IfxMsc.h ****     IfxMsc_ControlFrameExtensionPassivePhaseLength_27,         /**< \brief Length of Command frames
 248:../Libraries/iLLD/TC4xx/Tricore/Msc/Std/IfxMsc.h ****     IfxMsc_ControlFrameExtensionPassivePhaseLength_28,         /**< \brief Length of Command frames
 249:../Libraries/iLLD/TC4xx/Tricore/Msc/Std/IfxMsc.h ****     IfxMsc_ControlFrameExtensionPassivePhaseLength_29,         /**< \brief Length of Command frames
 250:../Libraries/iLLD/TC4xx/Tricore/Msc/Std/IfxMsc.h ****     IfxMsc_ControlFrameExtensionPassivePhaseLength_30,         /**< \brief Length of Command frames
 251:../Libraries/iLLD/TC4xx/Tricore/Msc/Std/IfxMsc.h ****     IfxMsc_ControlFrameExtensionPassivePhaseLength_31,         /**< \brief Length of Command frames
 252:../Libraries/iLLD/TC4xx/Tricore/Msc/Std/IfxMsc.h ****     IfxMsc_ControlFrameExtensionPassivePhaseLength_32,         /**< \brief Length of Command frames
 253:../Libraries/iLLD/TC4xx/Tricore/Msc/Std/IfxMsc.h ****     IfxMsc_ControlFrameExtensionPassivePhaseLength_33,         /**< \brief Length of Command frames
 254:../Libraries/iLLD/TC4xx/Tricore/Msc/Std/IfxMsc.h ****     IfxMsc_ControlFrameExtensionPassivePhaseLength_34,         /**< \brief Length of Command frames
 255:../Libraries/iLLD/TC4xx/Tricore/Msc/Std/IfxMsc.h ****     IfxMsc_ControlFrameExtensionPassivePhaseLength_35,         /**< \brief Length of Command frames
 256:../Libraries/iLLD/TC4xx/Tricore/Msc/Std/IfxMsc.h ****     IfxMsc_ControlFrameExtensionPassivePhaseLength_36,         /**< \brief Length of Command frames
 257:../Libraries/iLLD/TC4xx/Tricore/Msc/Std/IfxMsc.h ****     IfxMsc_ControlFrameExtensionPassivePhaseLength_37,         /**< \brief Length of Command frames
 258:../Libraries/iLLD/TC4xx/Tricore/Msc/Std/IfxMsc.h ****     IfxMsc_ControlFrameExtensionPassivePhaseLength_38,         /**< \brief Length of Command frames
 259:../Libraries/iLLD/TC4xx/Tricore/Msc/Std/IfxMsc.h ****     IfxMsc_ControlFrameExtensionPassivePhaseLength_39,         /**< \brief Length of Command frames
 260:../Libraries/iLLD/TC4xx/Tricore/Msc/Std/IfxMsc.h ****     IfxMsc_ControlFrameExtensionPassivePhaseLength_40,         /**< \brief Length of Command frames
 261:../Libraries/iLLD/TC4xx/Tricore/Msc/Std/IfxMsc.h ****     IfxMsc_ControlFrameExtensionPassivePhaseLength_41,         /**< \brief Length of Command frames
 262:../Libraries/iLLD/TC4xx/Tricore/Msc/Std/IfxMsc.h ****     IfxMsc_ControlFrameExtensionPassivePhaseLength_42,         /**< \brief Length of Command frames
 263:../Libraries/iLLD/TC4xx/Tricore/Msc/Std/IfxMsc.h ****     IfxMsc_ControlFrameExtensionPassivePhaseLength_43,         /**< \brief Length of Command frames
 264:../Libraries/iLLD/TC4xx/Tricore/Msc/Std/IfxMsc.h ****     IfxMsc_ControlFrameExtensionPassivePhaseLength_44,         /**< \brief Length of Command frames
 265:../Libraries/iLLD/TC4xx/Tricore/Msc/Std/IfxMsc.h ****     IfxMsc_ControlFrameExtensionPassivePhaseLength_45,         /**< \brief Length of Command frames
 266:../Libraries/iLLD/TC4xx/Tricore/Msc/Std/IfxMsc.h ****     IfxMsc_ControlFrameExtensionPassivePhaseLength_46,         /**< \brief Length of Command frames
 267:../Libraries/iLLD/TC4xx/Tricore/Msc/Std/IfxMsc.h ****     IfxMsc_ControlFrameExtensionPassivePhaseLength_47,         /**< \brief Length of Command frames
 268:../Libraries/iLLD/TC4xx/Tricore/Msc/Std/IfxMsc.h ****     IfxMsc_ControlFrameExtensionPassivePhaseLength_48,         /**< \brief Length of Command frames
 269:../Libraries/iLLD/TC4xx/Tricore/Msc/Std/IfxMsc.h ****     IfxMsc_ControlFrameExtensionPassivePhaseLength_49,         /**< \brief Length of Command frames
 270:../Libraries/iLLD/TC4xx/Tricore/Msc/Std/IfxMsc.h ****     IfxMsc_ControlFrameExtensionPassivePhaseLength_50,         /**< \brief Length of Command frames
 271:../Libraries/iLLD/TC4xx/Tricore/Msc/Std/IfxMsc.h ****     IfxMsc_ControlFrameExtensionPassivePhaseLength_51,         /**< \brief Length of Command frames
 272:../Libraries/iLLD/TC4xx/Tricore/Msc/Std/IfxMsc.h ****     IfxMsc_ControlFrameExtensionPassivePhaseLength_52,         /**< \brief Length of Command frames
 273:../Libraries/iLLD/TC4xx/Tricore/Msc/Std/IfxMsc.h ****     IfxMsc_ControlFrameExtensionPassivePhaseLength_53,         /**< \brief Length of Command frames
 274:../Libraries/iLLD/TC4xx/Tricore/Msc/Std/IfxMsc.h ****     IfxMsc_ControlFrameExtensionPassivePhaseLength_54,         /**< \brief Length of Command frames
 275:../Libraries/iLLD/TC4xx/Tricore/Msc/Std/IfxMsc.h ****     IfxMsc_ControlFrameExtensionPassivePhaseLength_55,         /**< \brief Length of Command frames
 276:../Libraries/iLLD/TC4xx/Tricore/Msc/Std/IfxMsc.h ****     IfxMsc_ControlFrameExtensionPassivePhaseLength_56,         /**< \brief Length of Command frames
 277:../Libraries/iLLD/TC4xx/Tricore/Msc/Std/IfxMsc.h ****     IfxMsc_ControlFrameExtensionPassivePhaseLength_57,         /**< \brief Length of Command frames
 278:../Libraries/iLLD/TC4xx/Tricore/Msc/Std/IfxMsc.h ****     IfxMsc_ControlFrameExtensionPassivePhaseLength_58,         /**< \brief Length of Command frames
 279:../Libraries/iLLD/TC4xx/Tricore/Msc/Std/IfxMsc.h ****     IfxMsc_ControlFrameExtensionPassivePhaseLength_59,         /**< \brief Length of Command frames
 280:../Libraries/iLLD/TC4xx/Tricore/Msc/Std/IfxMsc.h ****     IfxMsc_ControlFrameExtensionPassivePhaseLength_60,         /**< \brief Length of Command frames
 281:../Libraries/iLLD/TC4xx/Tricore/Msc/Std/IfxMsc.h ****     IfxMsc_ControlFrameExtensionPassivePhaseLength_61,         /**< \brief Length of Command frames
 282:../Libraries/iLLD/TC4xx/Tricore/Msc/Std/IfxMsc.h ****     IfxMsc_ControlFrameExtensionPassivePhaseLength_62,         /**< \brief Length of Command frames
 283:../Libraries/iLLD/TC4xx/Tricore/Msc/Std/IfxMsc.h ****     IfxMsc_ControlFrameExtensionPassivePhaseLength_63,         /**< \brief Length of Command frames
 284:../Libraries/iLLD/TC4xx/Tricore/Msc/Std/IfxMsc.h ****     IfxMsc_ControlFrameExtensionPassivePhaseLength_64,         /**< \brief Length of Command frames
 285:../Libraries/iLLD/TC4xx/Tricore/Msc/Std/IfxMsc.h ****     IfxMsc_ControlFrameExtensionPassivePhaseLength_65,         /**< \brief Length of Command frames
 286:../Libraries/iLLD/TC4xx/Tricore/Msc/Std/IfxMsc.h ****     IfxMsc_ControlFrameExtensionPassivePhaseLength_66,         /**< \brief Length of Command frames
 287:../Libraries/iLLD/TC4xx/Tricore/Msc/Std/IfxMsc.h ****     IfxMsc_ControlFrameExtensionPassivePhaseLength_67,         /**< \brief Length of Command frames
 288:../Libraries/iLLD/TC4xx/Tricore/Msc/Std/IfxMsc.h ****     IfxMsc_ControlFrameExtensionPassivePhaseLength_68,         /**< \brief Length of Command frames
 289:../Libraries/iLLD/TC4xx/Tricore/Msc/Std/IfxMsc.h ****     IfxMsc_ControlFrameExtensionPassivePhaseLength_69,         /**< \brief Length of Command frames
 290:../Libraries/iLLD/TC4xx/Tricore/Msc/Std/IfxMsc.h ****     IfxMsc_ControlFrameExtensionPassivePhaseLength_70,         /**< \brief Length of Command frames
 291:../Libraries/iLLD/TC4xx/Tricore/Msc/Std/IfxMsc.h ****     IfxMsc_ControlFrameExtensionPassivePhaseLength_71,         /**< \brief Length of Command frames
 292:../Libraries/iLLD/TC4xx/Tricore/Msc/Std/IfxMsc.h ****     IfxMsc_ControlFrameExtensionPassivePhaseLength_72,         /**< \brief Length of Command frames
 293:../Libraries/iLLD/TC4xx/Tricore/Msc/Std/IfxMsc.h ****     IfxMsc_ControlFrameExtensionPassivePhaseLength_73,         /**< \brief Length of Command frames
 294:../Libraries/iLLD/TC4xx/Tricore/Msc/Std/IfxMsc.h ****     IfxMsc_ControlFrameExtensionPassivePhaseLength_74,         /**< \brief Length of Command frames
 295:../Libraries/iLLD/TC4xx/Tricore/Msc/Std/IfxMsc.h ****     IfxMsc_ControlFrameExtensionPassivePhaseLength_75,         /**< \brief Length of Command frames
 296:../Libraries/iLLD/TC4xx/Tricore/Msc/Std/IfxMsc.h ****     IfxMsc_ControlFrameExtensionPassivePhaseLength_76,         /**< \brief Length of Command frames
 297:../Libraries/iLLD/TC4xx/Tricore/Msc/Std/IfxMsc.h ****     IfxMsc_ControlFrameExtensionPassivePhaseLength_77,         /**< \brief Length of Command frames
 298:../Libraries/iLLD/TC4xx/Tricore/Msc/Std/IfxMsc.h ****     IfxMsc_ControlFrameExtensionPassivePhaseLength_78,         /**< \brief Length of Command frames
 299:../Libraries/iLLD/TC4xx/Tricore/Msc/Std/IfxMsc.h ****     IfxMsc_ControlFrameExtensionPassivePhaseLength_79,         /**< \brief Length of Command frames
 300:../Libraries/iLLD/TC4xx/Tricore/Msc/Std/IfxMsc.h ****     IfxMsc_ControlFrameExtensionPassivePhaseLength_80,         /**< \brief Length of Command frames
 301:../Libraries/iLLD/TC4xx/Tricore/Msc/Std/IfxMsc.h ****     IfxMsc_ControlFrameExtensionPassivePhaseLength_81,         /**< \brief Length of Command frames
 302:../Libraries/iLLD/TC4xx/Tricore/Msc/Std/IfxMsc.h ****     IfxMsc_ControlFrameExtensionPassivePhaseLength_82,         /**< \brief Length of Command frames
 303:../Libraries/iLLD/TC4xx/Tricore/Msc/Std/IfxMsc.h ****     IfxMsc_ControlFrameExtensionPassivePhaseLength_83,         /**< \brief Length of Command frames
 304:../Libraries/iLLD/TC4xx/Tricore/Msc/Std/IfxMsc.h ****     IfxMsc_ControlFrameExtensionPassivePhaseLength_84,         /**< \brief Length of Command frames
 305:../Libraries/iLLD/TC4xx/Tricore/Msc/Std/IfxMsc.h ****     IfxMsc_ControlFrameExtensionPassivePhaseLength_85,         /**< \brief Length of Command frames
 306:../Libraries/iLLD/TC4xx/Tricore/Msc/Std/IfxMsc.h ****     IfxMsc_ControlFrameExtensionPassivePhaseLength_86,         /**< \brief Length of Command frames
 307:../Libraries/iLLD/TC4xx/Tricore/Msc/Std/IfxMsc.h ****     IfxMsc_ControlFrameExtensionPassivePhaseLength_87,         /**< \brief Length of Command frames
 308:../Libraries/iLLD/TC4xx/Tricore/Msc/Std/IfxMsc.h ****     IfxMsc_ControlFrameExtensionPassivePhaseLength_88,         /**< \brief Length of Command frames
 309:../Libraries/iLLD/TC4xx/Tricore/Msc/Std/IfxMsc.h ****     IfxMsc_ControlFrameExtensionPassivePhaseLength_89,         /**< \brief Length of Command frames
 310:../Libraries/iLLD/TC4xx/Tricore/Msc/Std/IfxMsc.h ****     IfxMsc_ControlFrameExtensionPassivePhaseLength_90,         /**< \brief Length of Command frames
 311:../Libraries/iLLD/TC4xx/Tricore/Msc/Std/IfxMsc.h ****     IfxMsc_ControlFrameExtensionPassivePhaseLength_91,         /**< \brief Length of Command frames
 312:../Libraries/iLLD/TC4xx/Tricore/Msc/Std/IfxMsc.h ****     IfxMsc_ControlFrameExtensionPassivePhaseLength_92,         /**< \brief Length of Command frames
 313:../Libraries/iLLD/TC4xx/Tricore/Msc/Std/IfxMsc.h ****     IfxMsc_ControlFrameExtensionPassivePhaseLength_93,         /**< \brief Length of Command frames
 314:../Libraries/iLLD/TC4xx/Tricore/Msc/Std/IfxMsc.h ****     IfxMsc_ControlFrameExtensionPassivePhaseLength_94,         /**< \brief Length of Command frames
 315:../Libraries/iLLD/TC4xx/Tricore/Msc/Std/IfxMsc.h ****     IfxMsc_ControlFrameExtensionPassivePhaseLength_95,         /**< \brief Length of Command frames
 316:../Libraries/iLLD/TC4xx/Tricore/Msc/Std/IfxMsc.h ****     IfxMsc_ControlFrameExtensionPassivePhaseLength_96,         /**< \brief Length of Command frames
 317:../Libraries/iLLD/TC4xx/Tricore/Msc/Std/IfxMsc.h ****     IfxMsc_ControlFrameExtensionPassivePhaseLength_97,         /**< \brief Length of Command frames
 318:../Libraries/iLLD/TC4xx/Tricore/Msc/Std/IfxMsc.h ****     IfxMsc_ControlFrameExtensionPassivePhaseLength_98,         /**< \brief Length of Command frames
 319:../Libraries/iLLD/TC4xx/Tricore/Msc/Std/IfxMsc.h ****     IfxMsc_ControlFrameExtensionPassivePhaseLength_99,         /**< \brief Length of Command frames
 320:../Libraries/iLLD/TC4xx/Tricore/Msc/Std/IfxMsc.h ****     IfxMsc_ControlFrameExtensionPassivePhaseLength_100,        /**< \brief Length of Command frames
 321:../Libraries/iLLD/TC4xx/Tricore/Msc/Std/IfxMsc.h ****     IfxMsc_ControlFrameExtensionPassivePhaseLength_101,        /**< \brief Length of Command frames
 322:../Libraries/iLLD/TC4xx/Tricore/Msc/Std/IfxMsc.h ****     IfxMsc_ControlFrameExtensionPassivePhaseLength_102,        /**< \brief Length of Command frames
 323:../Libraries/iLLD/TC4xx/Tricore/Msc/Std/IfxMsc.h ****     IfxMsc_ControlFrameExtensionPassivePhaseLength_103,        /**< \brief Length of Command frames
 324:../Libraries/iLLD/TC4xx/Tricore/Msc/Std/IfxMsc.h ****     IfxMsc_ControlFrameExtensionPassivePhaseLength_104,        /**< \brief Length of Command frames
 325:../Libraries/iLLD/TC4xx/Tricore/Msc/Std/IfxMsc.h ****     IfxMsc_ControlFrameExtensionPassivePhaseLength_105,        /**< \brief Length of Command frames
 326:../Libraries/iLLD/TC4xx/Tricore/Msc/Std/IfxMsc.h ****     IfxMsc_ControlFrameExtensionPassivePhaseLength_106,        /**< \brief Length of Command frames
 327:../Libraries/iLLD/TC4xx/Tricore/Msc/Std/IfxMsc.h ****     IfxMsc_ControlFrameExtensionPassivePhaseLength_107,        /**< \brief Length of Command frames
 328:../Libraries/iLLD/TC4xx/Tricore/Msc/Std/IfxMsc.h ****     IfxMsc_ControlFrameExtensionPassivePhaseLength_108,        /**< \brief Length of Command frames
 329:../Libraries/iLLD/TC4xx/Tricore/Msc/Std/IfxMsc.h ****     IfxMsc_ControlFrameExtensionPassivePhaseLength_109,        /**< \brief Length of Command frames
 330:../Libraries/iLLD/TC4xx/Tricore/Msc/Std/IfxMsc.h ****     IfxMsc_ControlFrameExtensionPassivePhaseLength_110,        /**< \brief Length of Command frames
 331:../Libraries/iLLD/TC4xx/Tricore/Msc/Std/IfxMsc.h ****     IfxMsc_ControlFrameExtensionPassivePhaseLength_111,        /**< \brief Length of Command frames
 332:../Libraries/iLLD/TC4xx/Tricore/Msc/Std/IfxMsc.h ****     IfxMsc_ControlFrameExtensionPassivePhaseLength_112,        /**< \brief Length of Command frames
 333:../Libraries/iLLD/TC4xx/Tricore/Msc/Std/IfxMsc.h ****     IfxMsc_ControlFrameExtensionPassivePhaseLength_113,        /**< \brief Length of Command frames
 334:../Libraries/iLLD/TC4xx/Tricore/Msc/Std/IfxMsc.h ****     IfxMsc_ControlFrameExtensionPassivePhaseLength_114,        /**< \brief Length of Command frames
 335:../Libraries/iLLD/TC4xx/Tricore/Msc/Std/IfxMsc.h ****     IfxMsc_ControlFrameExtensionPassivePhaseLength_115,        /**< \brief Length of Command frames
 336:../Libraries/iLLD/TC4xx/Tricore/Msc/Std/IfxMsc.h ****     IfxMsc_ControlFrameExtensionPassivePhaseLength_116,        /**< \brief Length of Command frames
 337:../Libraries/iLLD/TC4xx/Tricore/Msc/Std/IfxMsc.h ****     IfxMsc_ControlFrameExtensionPassivePhaseLength_117,        /**< \brief Length of Command frames
 338:../Libraries/iLLD/TC4xx/Tricore/Msc/Std/IfxMsc.h ****     IfxMsc_ControlFrameExtensionPassivePhaseLength_118,        /**< \brief Length of Command frames
 339:../Libraries/iLLD/TC4xx/Tricore/Msc/Std/IfxMsc.h ****     IfxMsc_ControlFrameExtensionPassivePhaseLength_119,        /**< \brief Length of Command frames
 340:../Libraries/iLLD/TC4xx/Tricore/Msc/Std/IfxMsc.h ****     IfxMsc_ControlFrameExtensionPassivePhaseLength_120,        /**< \brief Length of Command frames
 341:../Libraries/iLLD/TC4xx/Tricore/Msc/Std/IfxMsc.h ****     IfxMsc_ControlFrameExtensionPassivePhaseLength_121,        /**< \brief Length of Command frames
 342:../Libraries/iLLD/TC4xx/Tricore/Msc/Std/IfxMsc.h ****     IfxMsc_ControlFrameExtensionPassivePhaseLength_122,        /**< \brief Length of Command frames
 343:../Libraries/iLLD/TC4xx/Tricore/Msc/Std/IfxMsc.h ****     IfxMsc_ControlFrameExtensionPassivePhaseLength_123,        /**< \brief Length of Command frames
 344:../Libraries/iLLD/TC4xx/Tricore/Msc/Std/IfxMsc.h ****     IfxMsc_ControlFrameExtensionPassivePhaseLength_124,        /**< \brief Length of Command frames
 345:../Libraries/iLLD/TC4xx/Tricore/Msc/Std/IfxMsc.h ****     IfxMsc_ControlFrameExtensionPassivePhaseLength_125         /**< \brief Length of Command frames
 346:../Libraries/iLLD/TC4xx/Tricore/Msc/Std/IfxMsc.h **** } IfxMsc_ControlFrameExtensionPassivePhaseLength;
 347:../Libraries/iLLD/TC4xx/Tricore/Msc/Std/IfxMsc.h **** 
 348:../Libraries/iLLD/TC4xx/Tricore/Msc/Std/IfxMsc.h **** /** \brief Downstream Timing Extension Register - Passive Phase Length at Data Frames Extension\n
 349:../Libraries/iLLD/TC4xx/Tricore/Msc/Std/IfxMsc.h ****  * Definition in Ifx_MSC.DSTE.B.PPDE
 350:../Libraries/iLLD/TC4xx/Tricore/Msc/Std/IfxMsc.h ****  */
 351:../Libraries/iLLD/TC4xx/Tricore/Msc/Std/IfxMsc.h **** typedef enum
 352:../Libraries/iLLD/TC4xx/Tricore/Msc/Std/IfxMsc.h **** {
 353:../Libraries/iLLD/TC4xx/Tricore/Msc/Std/IfxMsc.h ****     IfxMsc_DataFrameExtensionPassivePhaseLength_0 = 0,      /**< \brief 0 Additional MSB bits exten
 354:../Libraries/iLLD/TC4xx/Tricore/Msc/Std/IfxMsc.h ****     IfxMsc_DataFrameExtensionPassivePhaseLength_1,          /**< \brief 1 Additional MSB bits exten
 355:../Libraries/iLLD/TC4xx/Tricore/Msc/Std/IfxMsc.h ****     IfxMsc_DataFrameExtensionPassivePhaseLength_2,          /**< \brief 2 Additional MSB bits exten
 356:../Libraries/iLLD/TC4xx/Tricore/Msc/Std/IfxMsc.h ****     IfxMsc_DataFrameExtensionPassivePhaseLength_3           /**< \brief 3 Additional MSB bits exten
 357:../Libraries/iLLD/TC4xx/Tricore/Msc/Std/IfxMsc.h **** } IfxMsc_DataFrameExtensionPassivePhaseLength;
 358:../Libraries/iLLD/TC4xx/Tricore/Msc/Std/IfxMsc.h **** 
 359:../Libraries/iLLD/TC4xx/Tricore/Msc/Std/IfxMsc.h **** /** \brief Interrupt Control Register - Data Frame Interrupt Enable\n
 360:../Libraries/iLLD/TC4xx/Tricore/Msc/Std/IfxMsc.h ****  * Definition in Ifx_MSC.ICR.B.EDIE
 361:../Libraries/iLLD/TC4xx/Tricore/Msc/Std/IfxMsc.h ****  */
 362:../Libraries/iLLD/TC4xx/Tricore/Msc/Std/IfxMsc.h **** typedef enum
 363:../Libraries/iLLD/TC4xx/Tricore/Msc/Std/IfxMsc.h **** {
 364:../Libraries/iLLD/TC4xx/Tricore/Msc/Std/IfxMsc.h ****     IfxMsc_DataFrameInterrupt_disabled       = 0, /**< \brief Interrupt generation Disable */
 365:../Libraries/iLLD/TC4xx/Tricore/Msc/Std/IfxMsc.h ****     IfxMsc_DataFrameInterrupt_atLastDataBit  = 1, /**< \brief An interrupt is generated when the la
 366:../Libraries/iLLD/TC4xx/Tricore/Msc/Std/IfxMsc.h ****     IfxMsc_DataFrameInterrupt_atFirstDataBit = 2  /**< \brief An interrupt is generated when the Fi
 367:../Libraries/iLLD/TC4xx/Tricore/Msc/Std/IfxMsc.h **** } IfxMsc_DataFrameInterrupt;
 368:../Libraries/iLLD/TC4xx/Tricore/Msc/Std/IfxMsc.h **** 
 369:../Libraries/iLLD/TC4xx/Tricore/Msc/Std/IfxMsc.h **** /** \brief Interrupt Control Register - Data Frame Interrupt Node Pointer\n
 370:../Libraries/iLLD/TC4xx/Tricore/Msc/Std/IfxMsc.h ****  * Definition in Ifx_MSC.ICR.B.EDIP
 371:../Libraries/iLLD/TC4xx/Tricore/Msc/Std/IfxMsc.h ****  */
 372:../Libraries/iLLD/TC4xx/Tricore/Msc/Std/IfxMsc.h **** typedef enum
 373:../Libraries/iLLD/TC4xx/Tricore/Msc/Std/IfxMsc.h **** {
 374:../Libraries/iLLD/TC4xx/Tricore/Msc/Std/IfxMsc.h ****     IfxMsc_DataFrameInterruptNode_SR0 = 0,      /**< \brief Service request output SR0 selected  */
 375:../Libraries/iLLD/TC4xx/Tricore/Msc/Std/IfxMsc.h ****     IfxMsc_DataFrameInterruptNode_SR1,          /**< \brief Service request output SR1 selected  */
 376:../Libraries/iLLD/TC4xx/Tricore/Msc/Std/IfxMsc.h ****     IfxMsc_DataFrameInterruptNode_SR2,          /**< \brief Service request output SR2 selected  */
 377:../Libraries/iLLD/TC4xx/Tricore/Msc/Std/IfxMsc.h ****     IfxMsc_DataFrameInterruptNode_SR3           /**< \brief Service request output SR3 selected  */
 378:../Libraries/iLLD/TC4xx/Tricore/Msc/Std/IfxMsc.h **** } IfxMsc_DataFrameInterruptNode;
 379:../Libraries/iLLD/TC4xx/Tricore/Msc/Std/IfxMsc.h **** 
 380:../Libraries/iLLD/TC4xx/Tricore/Msc/Std/IfxMsc.h **** /** \brief Number of SRx[] (x->SRL/SRH) Bits Shifted at Data Frames\n
 381:../Libraries/iLLD/TC4xx/Tricore/Msc/Std/IfxMsc.h ****  * Definition in Ifx_MSC.DSC.B.NDBH and Ifx_MSC.DSC.B.NDBL
 382:../Libraries/iLLD/TC4xx/Tricore/Msc/Std/IfxMsc.h ****  */
 383:../Libraries/iLLD/TC4xx/Tricore/Msc/Std/IfxMsc.h **** typedef enum
 384:../Libraries/iLLD/TC4xx/Tricore/Msc/Std/IfxMsc.h **** {
 385:../Libraries/iLLD/TC4xx/Tricore/Msc/Std/IfxMsc.h ****     IfxMsc_DataFrameLength_0 = 0,    /**< \brief No SRx bit shifted */
 386:../Libraries/iLLD/TC4xx/Tricore/Msc/Std/IfxMsc.h ****     IfxMsc_DataFrameLength_1 = 1,    /**< \brief SRx[0] Shifted */
 387:../Libraries/iLLD/TC4xx/Tricore/Msc/Std/IfxMsc.h ****     IfxMsc_DataFrameLength_2 = 2,    /**< \brief SRx[1:0] Shifted  */
 388:../Libraries/iLLD/TC4xx/Tricore/Msc/Std/IfxMsc.h ****     IfxMsc_DataFrameLength_3,        /**< \brief SRx[2:0] Shifted  */
 389:../Libraries/iLLD/TC4xx/Tricore/Msc/Std/IfxMsc.h ****     IfxMsc_DataFrameLength_4,        /**< \brief SRx[3:0] Shifted  */
 390:../Libraries/iLLD/TC4xx/Tricore/Msc/Std/IfxMsc.h ****     IfxMsc_DataFrameLength_5,        /**< \brief SRx[4:0] Shifted  */
 391:../Libraries/iLLD/TC4xx/Tricore/Msc/Std/IfxMsc.h ****     IfxMsc_DataFrameLength_6,        /**< \brief SRx[5:0] Shifted  */
 392:../Libraries/iLLD/TC4xx/Tricore/Msc/Std/IfxMsc.h ****     IfxMsc_DataFrameLength_7,        /**< \brief SRx[6:0] Shifted  */
 393:../Libraries/iLLD/TC4xx/Tricore/Msc/Std/IfxMsc.h ****     IfxMsc_DataFrameLength_8,        /**< \brief SRx[7:0] Shifted  */
 394:../Libraries/iLLD/TC4xx/Tricore/Msc/Std/IfxMsc.h ****     IfxMsc_DataFrameLength_9,        /**< \brief SRx[8:0] Shifted  */
 395:../Libraries/iLLD/TC4xx/Tricore/Msc/Std/IfxMsc.h ****     IfxMsc_DataFrameLength_10,       /**< \brief SRx[9:0] Shifted  */
 396:../Libraries/iLLD/TC4xx/Tricore/Msc/Std/IfxMsc.h ****     IfxMsc_DataFrameLength_11,       /**< \brief SRx[10:0] Shifted  */
 397:../Libraries/iLLD/TC4xx/Tricore/Msc/Std/IfxMsc.h ****     IfxMsc_DataFrameLength_12,       /**< \brief SRx[11:0] Shifted  */
 398:../Libraries/iLLD/TC4xx/Tricore/Msc/Std/IfxMsc.h ****     IfxMsc_DataFrameLength_13,       /**< \brief SRx[12:0] Shifted  */
 399:../Libraries/iLLD/TC4xx/Tricore/Msc/Std/IfxMsc.h ****     IfxMsc_DataFrameLength_14,       /**< \brief SRx[13:0] Shifted  */
 400:../Libraries/iLLD/TC4xx/Tricore/Msc/Std/IfxMsc.h ****     IfxMsc_DataFrameLength_15,       /**< \brief SRx[14:0] Shifted  */
 401:../Libraries/iLLD/TC4xx/Tricore/Msc/Std/IfxMsc.h ****     IfxMsc_DataFrameLength_16        /**< \brief SRx[15:0] Shifted  */
 402:../Libraries/iLLD/TC4xx/Tricore/Msc/Std/IfxMsc.h **** } IfxMsc_DataFrameLength;
 403:../Libraries/iLLD/TC4xx/Tricore/Msc/Std/IfxMsc.h **** 
 404:../Libraries/iLLD/TC4xx/Tricore/Msc/Std/IfxMsc.h **** /** \brief Passive Phase Length at Data Frames\n
 405:../Libraries/iLLD/TC4xx/Tricore/Msc/Std/IfxMsc.h ****  * Definition in Ifx_MSC.DSC.B.PPD
 406:../Libraries/iLLD/TC4xx/Tricore/Msc/Std/IfxMsc.h ****  */
 407:../Libraries/iLLD/TC4xx/Tricore/Msc/Std/IfxMsc.h **** typedef enum
 408:../Libraries/iLLD/TC4xx/Tricore/Msc/Std/IfxMsc.h **** {
 409:../Libraries/iLLD/TC4xx/Tricore/Msc/Std/IfxMsc.h ****     IfxMsc_DataFramePassivePhaseLength_2 = 2,      /**< \brief Passive phase length is 2 tFCL  */
 410:../Libraries/iLLD/TC4xx/Tricore/Msc/Std/IfxMsc.h ****     IfxMsc_DataFramePassivePhaseLength_3,          /**< \brief Passive phase length is 3 tFCL  */
 411:../Libraries/iLLD/TC4xx/Tricore/Msc/Std/IfxMsc.h ****     IfxMsc_DataFramePassivePhaseLength_4,          /**< \brief Passive phase length is 4 tFCL  */
 412:../Libraries/iLLD/TC4xx/Tricore/Msc/Std/IfxMsc.h ****     IfxMsc_DataFramePassivePhaseLength_5,          /**< \brief Passive phase length is 5 tFCL  */
 413:../Libraries/iLLD/TC4xx/Tricore/Msc/Std/IfxMsc.h ****     IfxMsc_DataFramePassivePhaseLength_6,          /**< \brief Passive phase length is 6 tFCL  */
 414:../Libraries/iLLD/TC4xx/Tricore/Msc/Std/IfxMsc.h ****     IfxMsc_DataFramePassivePhaseLength_7,          /**< \brief Passive phase length is 7 tFCL  */
 415:../Libraries/iLLD/TC4xx/Tricore/Msc/Std/IfxMsc.h ****     IfxMsc_DataFramePassivePhaseLength_8,          /**< \brief Passive phase length is 8 tFCL  */
 416:../Libraries/iLLD/TC4xx/Tricore/Msc/Std/IfxMsc.h ****     IfxMsc_DataFramePassivePhaseLength_9,          /**< \brief Passive phase length is 9 tFCL  */
 417:../Libraries/iLLD/TC4xx/Tricore/Msc/Std/IfxMsc.h ****     IfxMsc_DataFramePassivePhaseLength_10,         /**< \brief Passive phase length is 10 tFCL  */
 418:../Libraries/iLLD/TC4xx/Tricore/Msc/Std/IfxMsc.h ****     IfxMsc_DataFramePassivePhaseLength_11,         /**< \brief Passive phase length is 11 tFCL  */
 419:../Libraries/iLLD/TC4xx/Tricore/Msc/Std/IfxMsc.h ****     IfxMsc_DataFramePassivePhaseLength_12,         /**< \brief Passive phase length is 12 tFCL  */
 420:../Libraries/iLLD/TC4xx/Tricore/Msc/Std/IfxMsc.h ****     IfxMsc_DataFramePassivePhaseLength_13,         /**< \brief Passive phase length is 13 tFCL  */
 421:../Libraries/iLLD/TC4xx/Tricore/Msc/Std/IfxMsc.h ****     IfxMsc_DataFramePassivePhaseLength_14,         /**< \brief Passive phase length is 14 tFCL  */
 422:../Libraries/iLLD/TC4xx/Tricore/Msc/Std/IfxMsc.h ****     IfxMsc_DataFramePassivePhaseLength_15,         /**< \brief Passive phase length is 15 tFCL  */
 423:../Libraries/iLLD/TC4xx/Tricore/Msc/Std/IfxMsc.h ****     IfxMsc_DataFramePassivePhaseLength_16,         /**< \brief Passive phase length is 16 tFCL  */
 424:../Libraries/iLLD/TC4xx/Tricore/Msc/Std/IfxMsc.h ****     IfxMsc_DataFramePassivePhaseLength_17,         /**< \brief Passive phase length is 17 tFCL  */
 425:../Libraries/iLLD/TC4xx/Tricore/Msc/Std/IfxMsc.h ****     IfxMsc_DataFramePassivePhaseLength_18,         /**< \brief Passive phase length is 18 tFCL  */
 426:../Libraries/iLLD/TC4xx/Tricore/Msc/Std/IfxMsc.h ****     IfxMsc_DataFramePassivePhaseLength_19,         /**< \brief Passive phase length is 19 tFCL  */
 427:../Libraries/iLLD/TC4xx/Tricore/Msc/Std/IfxMsc.h ****     IfxMsc_DataFramePassivePhaseLength_20,         /**< \brief Passive phase length is 20 tFCL  */
 428:../Libraries/iLLD/TC4xx/Tricore/Msc/Std/IfxMsc.h ****     IfxMsc_DataFramePassivePhaseLength_21,         /**< \brief Passive phase length is 21 tFCL  */
 429:../Libraries/iLLD/TC4xx/Tricore/Msc/Std/IfxMsc.h ****     IfxMsc_DataFramePassivePhaseLength_22,         /**< \brief Passive phase length is 22 tFCL  */
 430:../Libraries/iLLD/TC4xx/Tricore/Msc/Std/IfxMsc.h ****     IfxMsc_DataFramePassivePhaseLength_23,         /**< \brief Passive phase length is 23 tFCL  */
 431:../Libraries/iLLD/TC4xx/Tricore/Msc/Std/IfxMsc.h ****     IfxMsc_DataFramePassivePhaseLength_24,         /**< \brief Passive phase length is 24 tFCL  */
 432:../Libraries/iLLD/TC4xx/Tricore/Msc/Std/IfxMsc.h ****     IfxMsc_DataFramePassivePhaseLength_25,         /**< \brief Passive phase length is 25 tFCL  */
 433:../Libraries/iLLD/TC4xx/Tricore/Msc/Std/IfxMsc.h ****     IfxMsc_DataFramePassivePhaseLength_26,         /**< \brief Passive phase length is 26 tFCL  */
 434:../Libraries/iLLD/TC4xx/Tricore/Msc/Std/IfxMsc.h ****     IfxMsc_DataFramePassivePhaseLength_27,         /**< \brief Passive phase length is 27 tFCL  */
 435:../Libraries/iLLD/TC4xx/Tricore/Msc/Std/IfxMsc.h ****     IfxMsc_DataFramePassivePhaseLength_28,         /**< \brief Passive phase length is 28 tFCL  */
 436:../Libraries/iLLD/TC4xx/Tricore/Msc/Std/IfxMsc.h ****     IfxMsc_DataFramePassivePhaseLength_29,         /**< \brief Passive phase length is 29 tFCL  */
 437:../Libraries/iLLD/TC4xx/Tricore/Msc/Std/IfxMsc.h ****     IfxMsc_DataFramePassivePhaseLength_30,         /**< \brief Passive phase length is 30 tFCL  */
 438:../Libraries/iLLD/TC4xx/Tricore/Msc/Std/IfxMsc.h ****     IfxMsc_DataFramePassivePhaseLength_31          /**< \brief Passive phase length is 31 tFCL  */
 439:../Libraries/iLLD/TC4xx/Tricore/Msc/Std/IfxMsc.h **** } IfxMsc_DataFramePassivePhaseLength;
 440:../Libraries/iLLD/TC4xx/Tricore/Msc/Std/IfxMsc.h **** 
 441:../Libraries/iLLD/TC4xx/Tricore/Msc/Std/IfxMsc.h **** /** \brief Divider mode
 442:../Libraries/iLLD/TC4xx/Tricore/Msc/Std/IfxMsc.h ****  */
 443:../Libraries/iLLD/TC4xx/Tricore/Msc/Std/IfxMsc.h **** typedef enum
 444:../Libraries/iLLD/TC4xx/Tricore/Msc/Std/IfxMsc.h **** {
 445:../Libraries/iLLD/TC4xx/Tricore/Msc/Std/IfxMsc.h ****     IfxMsc_DividerMode_normal     = 1, /**< \brief divider mode is normal */
 446:../Libraries/iLLD/TC4xx/Tricore/Msc/Std/IfxMsc.h ****     IfxMsc_DividerMode_fractional = 2  /**< \brief divider mode is fractional */
 447:../Libraries/iLLD/TC4xx/Tricore/Msc/Std/IfxMsc.h **** } IfxMsc_DividerMode;
 448:../Libraries/iLLD/TC4xx/Tricore/Msc/Std/IfxMsc.h **** 
 449:../Libraries/iLLD/TC4xx/Tricore/Msc/Std/IfxMsc.h **** /** \brief Emergency Stop Register - Emergency stop feature Enable or Disable - SRL and SRH\n
 450:../Libraries/iLLD/TC4xx/Tricore/Msc/Std/IfxMsc.h ****  * Definition in Ifx_MSC.ESR
 451:../Libraries/iLLD/TC4xx/Tricore/Msc/Std/IfxMsc.h ****  */
 452:../Libraries/iLLD/TC4xx/Tricore/Msc/Std/IfxMsc.h **** typedef enum
 453:../Libraries/iLLD/TC4xx/Tricore/Msc/Std/IfxMsc.h **** {
 454:../Libraries/iLLD/TC4xx/Tricore/Msc/Std/IfxMsc.h ****     IfxMsc_EmergencyStop_disabled = 0,  /**< \brief Emergency stop feature for SRx bit is Disabled 
 455:../Libraries/iLLD/TC4xx/Tricore/Msc/Std/IfxMsc.h ****     IfxMsc_EmergencyStop_enabled  = 1   /**< \brief Emergency stop feature for SRx bit is Enabled *
 456:../Libraries/iLLD/TC4xx/Tricore/Msc/Std/IfxMsc.h **** } IfxMsc_EmergencyStop;
 457:../Libraries/iLLD/TC4xx/Tricore/Msc/Std/IfxMsc.h **** 
 458:../Libraries/iLLD/TC4xx/Tricore/Msc/Std/IfxMsc.h **** /** \brief Enable configuration adjustment of 0, 1 or 2 steps of 1/2 clock time-period at assertion
 459:../Libraries/iLLD/TC4xx/Tricore/Msc/Std/IfxMsc.h ****  */
 460:../Libraries/iLLD/TC4xx/Tricore/Msc/Std/IfxMsc.h **** typedef enum
 461:../Libraries/iLLD/TC4xx/Tricore/Msc/Std/IfxMsc.h **** {
 462:../Libraries/iLLD/TC4xx/Tricore/Msc/Std/IfxMsc.h ****     IfxMsc_EnableClockAdjustment_default = 0,  /**< \brief Default Configuration */
 463:../Libraries/iLLD/TC4xx/Tricore/Msc/Std/IfxMsc.h ****     IfxMsc_EnableClockAdjustment_type1   = 1,  /**< \brief 1 Step of 1/2 clock period before edge a
 464:../Libraries/iLLD/TC4xx/Tricore/Msc/Std/IfxMsc.h ****     IfxMsc_EnableClockAdjustment_type2   = 2,  /**< \brief 2 Steps of 1/2 clock period before edge 
 465:../Libraries/iLLD/TC4xx/Tricore/Msc/Std/IfxMsc.h ****     IfxMsc_EnableClockAdjustment_type3   = 3,  /**< \brief 1 Step of 1/2 clock period after edge ad
 466:../Libraries/iLLD/TC4xx/Tricore/Msc/Std/IfxMsc.h ****     IfxMsc_EnableClockAdjustment_type4   = 4   /**< \brief 2 Steps of 1/2 clock period after edge a
 467:../Libraries/iLLD/TC4xx/Tricore/Msc/Std/IfxMsc.h **** } IfxMsc_EnableClockAdjustment;
 468:../Libraries/iLLD/TC4xx/Tricore/Msc/Std/IfxMsc.h **** 
 469:../Libraries/iLLD/TC4xx/Tricore/Msc/Std/IfxMsc.h **** /** \brief Downstream Control Enhanced Register - Extension Enable\n
 470:../Libraries/iLLD/TC4xx/Tricore/Msc/Std/IfxMsc.h ****  * Definition in Ifx_MSC.DSCE.B.NDBLE
 471:../Libraries/iLLD/TC4xx/Tricore/Msc/Std/IfxMsc.h ****  */
 472:../Libraries/iLLD/TC4xx/Tricore/Msc/Std/IfxMsc.h **** typedef enum
 473:../Libraries/iLLD/TC4xx/Tricore/Msc/Std/IfxMsc.h **** {
 474:../Libraries/iLLD/TC4xx/Tricore/Msc/Std/IfxMsc.h ****     IfxMsc_Extension_disabled = 0,  /**< \brief Disables the extension bit fields */
 475:../Libraries/iLLD/TC4xx/Tricore/Msc/Std/IfxMsc.h ****     IfxMsc_Extension_enabled  = 1   /**< \brief Enables the extension bit fields */
 476:../Libraries/iLLD/TC4xx/Tricore/Msc/Std/IfxMsc.h **** } IfxMsc_Extension;
 477:../Libraries/iLLD/TC4xx/Tricore/Msc/Std/IfxMsc.h **** 
 478:../Libraries/iLLD/TC4xx/Tricore/Msc/Std/IfxMsc.h **** /** \brief Downstream Control Enhanced Register - Injection Position of the Pin 0 and 1 Signal\n
 479:../Libraries/iLLD/TC4xx/Tricore/Msc/Std/IfxMsc.h ****  * Definition in Ifx_MSC.DSCE.B.INJPOSP0 and Ifx_MSC.DSCE.B.INJPOSP1
 480:../Libraries/iLLD/TC4xx/Tricore/Msc/Std/IfxMsc.h ****  */
 481:../Libraries/iLLD/TC4xx/Tricore/Msc/Std/IfxMsc.h **** typedef enum
 482:../Libraries/iLLD/TC4xx/Tricore/Msc/Std/IfxMsc.h **** {
 483:../Libraries/iLLD/TC4xx/Tricore/Msc/Std/IfxMsc.h ****     IfxMsc_ExternalBitInjectionPosition_0 = 0,      /**< \brief Injected external bit is at Positio
 484:../Libraries/iLLD/TC4xx/Tricore/Msc/Std/IfxMsc.h ****     IfxMsc_ExternalBitInjectionPosition_1,          /**< \brief Injected external bit is at Positio
 485:../Libraries/iLLD/TC4xx/Tricore/Msc/Std/IfxMsc.h ****     IfxMsc_ExternalBitInjectionPosition_2,          /**< \brief Injected external bit is at Positio
 486:../Libraries/iLLD/TC4xx/Tricore/Msc/Std/IfxMsc.h ****     IfxMsc_ExternalBitInjectionPosition_3,          /**< \brief Injected external bit is at Positio
 487:../Libraries/iLLD/TC4xx/Tricore/Msc/Std/IfxMsc.h ****     IfxMsc_ExternalBitInjectionPosition_4,          /**< \brief Injected external bit is at Positio
 488:../Libraries/iLLD/TC4xx/Tricore/Msc/Std/IfxMsc.h ****     IfxMsc_ExternalBitInjectionPosition_5,          /**< \brief Injected external bit is at Positio
 489:../Libraries/iLLD/TC4xx/Tricore/Msc/Std/IfxMsc.h ****     IfxMsc_ExternalBitInjectionPosition_6,          /**< \brief Injected external bit is at Positio
 490:../Libraries/iLLD/TC4xx/Tricore/Msc/Std/IfxMsc.h ****     IfxMsc_ExternalBitInjectionPosition_7,          /**< \brief Injected external bit is at Positio
 491:../Libraries/iLLD/TC4xx/Tricore/Msc/Std/IfxMsc.h ****     IfxMsc_ExternalBitInjectionPosition_8,          /**< \brief Injected external bit is at Positio
 492:../Libraries/iLLD/TC4xx/Tricore/Msc/Std/IfxMsc.h ****     IfxMsc_ExternalBitInjectionPosition_9,          /**< \brief Injected external bit is at Positio
 493:../Libraries/iLLD/TC4xx/Tricore/Msc/Std/IfxMsc.h ****     IfxMsc_ExternalBitInjectionPosition_10,         /**< \brief Injected external bit is at Positio
 494:../Libraries/iLLD/TC4xx/Tricore/Msc/Std/IfxMsc.h ****     IfxMsc_ExternalBitInjectionPosition_11,         /**< \brief Injected external bit is at Positio
 495:../Libraries/iLLD/TC4xx/Tricore/Msc/Std/IfxMsc.h ****     IfxMsc_ExternalBitInjectionPosition_12,         /**< \brief Injected external bit is at Positio
 496:../Libraries/iLLD/TC4xx/Tricore/Msc/Std/IfxMsc.h ****     IfxMsc_ExternalBitInjectionPosition_13,         /**< \brief Injected external bit is at Positio
 497:../Libraries/iLLD/TC4xx/Tricore/Msc/Std/IfxMsc.h ****     IfxMsc_ExternalBitInjectionPosition_14,         /**< \brief Injected external bit is at Positio
 498:../Libraries/iLLD/TC4xx/Tricore/Msc/Std/IfxMsc.h ****     IfxMsc_ExternalBitInjectionPosition_15,         /**< \brief Injected external bit is at Positio
 499:../Libraries/iLLD/TC4xx/Tricore/Msc/Std/IfxMsc.h ****     IfxMsc_ExternalBitInjectionPosition_16,         /**< \brief Injected external bit is at Positio
 500:../Libraries/iLLD/TC4xx/Tricore/Msc/Std/IfxMsc.h ****     IfxMsc_ExternalBitInjectionPosition_17,         /**< \brief Injected external bit is at Positio
 501:../Libraries/iLLD/TC4xx/Tricore/Msc/Std/IfxMsc.h ****     IfxMsc_ExternalBitInjectionPosition_18,         /**< \brief Injected external bit is at Positio
 502:../Libraries/iLLD/TC4xx/Tricore/Msc/Std/IfxMsc.h ****     IfxMsc_ExternalBitInjectionPosition_19,         /**< \brief Injected external bit is at Positio
 503:../Libraries/iLLD/TC4xx/Tricore/Msc/Std/IfxMsc.h ****     IfxMsc_ExternalBitInjectionPosition_20,         /**< \brief Injected external bit is at Positio
 504:../Libraries/iLLD/TC4xx/Tricore/Msc/Std/IfxMsc.h ****     IfxMsc_ExternalBitInjectionPosition_21,         /**< \brief Injected external bit is at Positio
 505:../Libraries/iLLD/TC4xx/Tricore/Msc/Std/IfxMsc.h ****     IfxMsc_ExternalBitInjectionPosition_22,         /**< \brief Injected external bit is at Positio
 506:../Libraries/iLLD/TC4xx/Tricore/Msc/Std/IfxMsc.h ****     IfxMsc_ExternalBitInjectionPosition_23,         /**< \brief Injected external bit is at Positio
 507:../Libraries/iLLD/TC4xx/Tricore/Msc/Std/IfxMsc.h ****     IfxMsc_ExternalBitInjectionPosition_24,         /**< \brief Injected external bit is at Positio
 508:../Libraries/iLLD/TC4xx/Tricore/Msc/Std/IfxMsc.h ****     IfxMsc_ExternalBitInjectionPosition_25,         /**< \brief Injected external bit is at Positio
 509:../Libraries/iLLD/TC4xx/Tricore/Msc/Std/IfxMsc.h ****     IfxMsc_ExternalBitInjectionPosition_26,         /**< \brief Injected external bit is at Positio
 510:../Libraries/iLLD/TC4xx/Tricore/Msc/Std/IfxMsc.h ****     IfxMsc_ExternalBitInjectionPosition_27,         /**< \brief Injected external bit is at Positio
 511:../Libraries/iLLD/TC4xx/Tricore/Msc/Std/IfxMsc.h ****     IfxMsc_ExternalBitInjectionPosition_28,         /**< \brief Injected external bit is at Positio
 512:../Libraries/iLLD/TC4xx/Tricore/Msc/Std/IfxMsc.h ****     IfxMsc_ExternalBitInjectionPosition_29,         /**< \brief Injected external bit is at Positio
 513:../Libraries/iLLD/TC4xx/Tricore/Msc/Std/IfxMsc.h ****     IfxMsc_ExternalBitInjectionPosition_30,         /**< \brief Injected external bit is at Positio
 514:../Libraries/iLLD/TC4xx/Tricore/Msc/Std/IfxMsc.h ****     IfxMsc_ExternalBitInjectionPosition_31,         /**< \brief Injected external bit is at Positio
 515:../Libraries/iLLD/TC4xx/Tricore/Msc/Std/IfxMsc.h ****     IfxMsc_ExternalBitInjectionPosition_32,         /**< \brief Injected external bit is at Positio
 516:../Libraries/iLLD/TC4xx/Tricore/Msc/Std/IfxMsc.h ****     IfxMsc_ExternalBitInjectionPosition_33,         /**< \brief Injected external bit is at Positio
 517:../Libraries/iLLD/TC4xx/Tricore/Msc/Std/IfxMsc.h ****     IfxMsc_ExternalBitInjectionPosition_34,         /**< \brief Injected external bit is at Positio
 518:../Libraries/iLLD/TC4xx/Tricore/Msc/Std/IfxMsc.h ****     IfxMsc_ExternalBitInjectionPosition_35,         /**< \brief Injected external bit is at Positio
 519:../Libraries/iLLD/TC4xx/Tricore/Msc/Std/IfxMsc.h ****     IfxMsc_ExternalBitInjectionPosition_36,         /**< \brief Injected external bit is at Positio
 520:../Libraries/iLLD/TC4xx/Tricore/Msc/Std/IfxMsc.h ****     IfxMsc_ExternalBitInjectionPosition_37,         /**< \brief Injected external bit is at Positio
 521:../Libraries/iLLD/TC4xx/Tricore/Msc/Std/IfxMsc.h ****     IfxMsc_ExternalBitInjectionPosition_38,         /**< \brief Injected external bit is at Positio
 522:../Libraries/iLLD/TC4xx/Tricore/Msc/Std/IfxMsc.h ****     IfxMsc_ExternalBitInjectionPosition_39,         /**< \brief Injected external bit is at Positio
 523:../Libraries/iLLD/TC4xx/Tricore/Msc/Std/IfxMsc.h ****     IfxMsc_ExternalBitInjectionPosition_40,         /**< \brief Injected external bit is at Positio
 524:../Libraries/iLLD/TC4xx/Tricore/Msc/Std/IfxMsc.h ****     IfxMsc_ExternalBitInjectionPosition_41,         /**< \brief Injected external bit is at Positio
 525:../Libraries/iLLD/TC4xx/Tricore/Msc/Std/IfxMsc.h ****     IfxMsc_ExternalBitInjectionPosition_42,         /**< \brief Injected external bit is at Positio
 526:../Libraries/iLLD/TC4xx/Tricore/Msc/Std/IfxMsc.h ****     IfxMsc_ExternalBitInjectionPosition_43,         /**< \brief Injected external bit is at Positio
 527:../Libraries/iLLD/TC4xx/Tricore/Msc/Std/IfxMsc.h ****     IfxMsc_ExternalBitInjectionPosition_44,         /**< \brief Injected external bit is at Positio
 528:../Libraries/iLLD/TC4xx/Tricore/Msc/Std/IfxMsc.h ****     IfxMsc_ExternalBitInjectionPosition_45,         /**< \brief Injected external bit is at Positio
 529:../Libraries/iLLD/TC4xx/Tricore/Msc/Std/IfxMsc.h ****     IfxMsc_ExternalBitInjectionPosition_46,         /**< \brief Injected external bit is at Positio
 530:../Libraries/iLLD/TC4xx/Tricore/Msc/Std/IfxMsc.h ****     IfxMsc_ExternalBitInjectionPosition_47,         /**< \brief Injected external bit is at Positio
 531:../Libraries/iLLD/TC4xx/Tricore/Msc/Std/IfxMsc.h ****     IfxMsc_ExternalBitInjectionPosition_48,         /**< \brief Injected external bit is at Positio
 532:../Libraries/iLLD/TC4xx/Tricore/Msc/Std/IfxMsc.h ****     IfxMsc_ExternalBitInjectionPosition_49,         /**< \brief Injected external bit is at Positio
 533:../Libraries/iLLD/TC4xx/Tricore/Msc/Std/IfxMsc.h ****     IfxMsc_ExternalBitInjectionPosition_50,         /**< \brief Injected external bit is at Positio
 534:../Libraries/iLLD/TC4xx/Tricore/Msc/Std/IfxMsc.h ****     IfxMsc_ExternalBitInjectionPosition_51,         /**< \brief Injected external bit is at Positio
 535:../Libraries/iLLD/TC4xx/Tricore/Msc/Std/IfxMsc.h ****     IfxMsc_ExternalBitInjectionPosition_52,         /**< \brief Injected external bit is at Positio
 536:../Libraries/iLLD/TC4xx/Tricore/Msc/Std/IfxMsc.h ****     IfxMsc_ExternalBitInjectionPosition_53,         /**< \brief Injected external bit is at Positio
 537:../Libraries/iLLD/TC4xx/Tricore/Msc/Std/IfxMsc.h ****     IfxMsc_ExternalBitInjectionPosition_54,         /**< \brief Injected external bit is at Positio
 538:../Libraries/iLLD/TC4xx/Tricore/Msc/Std/IfxMsc.h ****     IfxMsc_ExternalBitInjectionPosition_55,         /**< \brief Injected external bit is at Positio
 539:../Libraries/iLLD/TC4xx/Tricore/Msc/Std/IfxMsc.h ****     IfxMsc_ExternalBitInjectionPosition_56,         /**< \brief Injected external bit is at Positio
 540:../Libraries/iLLD/TC4xx/Tricore/Msc/Std/IfxMsc.h ****     IfxMsc_ExternalBitInjectionPosition_57,         /**< \brief Injected external bit is at Positio
 541:../Libraries/iLLD/TC4xx/Tricore/Msc/Std/IfxMsc.h ****     IfxMsc_ExternalBitInjectionPosition_58,         /**< \brief Injected external bit is at Positio
 542:../Libraries/iLLD/TC4xx/Tricore/Msc/Std/IfxMsc.h ****     IfxMsc_ExternalBitInjectionPosition_59,         /**< \brief Injected external bit is at Positio
 543:../Libraries/iLLD/TC4xx/Tricore/Msc/Std/IfxMsc.h ****     IfxMsc_ExternalBitInjectionPosition_60,         /**< \brief Injected external bit is at Positio
 544:../Libraries/iLLD/TC4xx/Tricore/Msc/Std/IfxMsc.h ****     IfxMsc_ExternalBitInjectionPosition_61,         /**< \brief Injected external bit is at Positio
 545:../Libraries/iLLD/TC4xx/Tricore/Msc/Std/IfxMsc.h ****     IfxMsc_ExternalBitInjectionPosition_62,         /**< \brief Injected external bit is at Positio
 546:../Libraries/iLLD/TC4xx/Tricore/Msc/Std/IfxMsc.h ****     IfxMsc_ExternalBitInjectionPosition_63          /**< \brief Injected external bit is at Positio
 547:../Libraries/iLLD/TC4xx/Tricore/Msc/Std/IfxMsc.h **** } IfxMsc_ExternalBitInjectionPosition;
 548:../Libraries/iLLD/TC4xx/Tricore/Msc/Std/IfxMsc.h **** 
 549:../Libraries/iLLD/TC4xx/Tricore/Msc/Std/IfxMsc.h **** /** \brief Downstream Control Enhanced Register - Injection Enable of the Pin 0 and 1 Signal\n
 550:../Libraries/iLLD/TC4xx/Tricore/Msc/Std/IfxMsc.h ****  * Definition in Ifx_MSC.DSCE.B.INJENP0 and Ifx_MSC.DSCE.B.INJENP1
 551:../Libraries/iLLD/TC4xx/Tricore/Msc/Std/IfxMsc.h ****  */
 552:../Libraries/iLLD/TC4xx/Tricore/Msc/Std/IfxMsc.h **** typedef enum
 553:../Libraries/iLLD/TC4xx/Tricore/Msc/Std/IfxMsc.h **** {
 554:../Libraries/iLLD/TC4xx/Tricore/Msc/Std/IfxMsc.h ****     IfxMsc_ExternalSignalInjection_disabled = 0,  /**< \brief Disables the external signal injectio
 555:../Libraries/iLLD/TC4xx/Tricore/Msc/Std/IfxMsc.h ****     IfxMsc_ExternalSignalInjection_enabled  = 1   /**< \brief Enables the external signal injection
 556:../Libraries/iLLD/TC4xx/Tricore/Msc/Std/IfxMsc.h **** } IfxMsc_ExternalSignalInjection;
 557:../Libraries/iLLD/TC4xx/Tricore/Msc/Std/IfxMsc.h **** 
 558:../Libraries/iLLD/TC4xx/Tricore/Msc/Std/IfxMsc.h **** /** \brief Enum for enable and disable Fast Mode
 559:../Libraries/iLLD/TC4xx/Tricore/Msc/Std/IfxMsc.h ****  */
 560:../Libraries/iLLD/TC4xx/Tricore/Msc/Std/IfxMsc.h **** typedef enum
 561:../Libraries/iLLD/TC4xx/Tricore/Msc/Std/IfxMsc.h **** {
 562:../Libraries/iLLD/TC4xx/Tricore/Msc/Std/IfxMsc.h ****     IfxMsc_FastMode_disabled = 0,  /**< \brief Disable Fast Mode(DSTE.FM=0).Needs to be cleared wit
 563:../Libraries/iLLD/TC4xx/Tricore/Msc/Std/IfxMsc.h ****     IfxMsc_FastMode_enabled  = 1   /**< \brief Enable Fast Mode(DSTE.FM=1).Needs to be cleared with
 564:../Libraries/iLLD/TC4xx/Tricore/Msc/Std/IfxMsc.h **** } IfxMsc_FastMode;
 565:../Libraries/iLLD/TC4xx/Tricore/Msc/Std/IfxMsc.h **** 
 566:../Libraries/iLLD/TC4xx/Tricore/Msc/Std/IfxMsc.h **** /** \brief Output Control Register - Clock Control\n
 567:../Libraries/iLLD/TC4xx/Tricore/Msc/Std/IfxMsc.h ****  * Definition in Ifx_MSC.OCR.B.CLKCTRL
 568:../Libraries/iLLD/TC4xx/Tricore/Msc/Std/IfxMsc.h ****  */
 569:../Libraries/iLLD/TC4xx/Tricore/Msc/Std/IfxMsc.h **** typedef enum
 570:../Libraries/iLLD/TC4xx/Tricore/Msc/Std/IfxMsc.h **** {
 571:../Libraries/iLLD/TC4xx/Tricore/Msc/Std/IfxMsc.h ****     IfxMsc_FclClockControlEnabled_activePhaseOnly = 0,  /**< \brief FCL is active during active pha
 572:../Libraries/iLLD/TC4xx/Tricore/Msc/Std/IfxMsc.h ****     IfxMsc_FclClockControlEnabled_always          = 1   /**< \brief FCL is always active */
 573:../Libraries/iLLD/TC4xx/Tricore/Msc/Std/IfxMsc.h **** } IfxMsc_FclClockControlEnabled;
 574:../Libraries/iLLD/TC4xx/Tricore/Msc/Std/IfxMsc.h **** 
 575:../Libraries/iLLD/TC4xx/Tricore/Msc/Std/IfxMsc.h **** /** \brief Output Control Register - FCLP Line Polarity\n
 576:../Libraries/iLLD/TC4xx/Tricore/Msc/Std/IfxMsc.h ****  * Definition in Ifx_MSC.OCR.B.CLP
 577:../Libraries/iLLD/TC4xx/Tricore/Msc/Std/IfxMsc.h ****  */
 578:../Libraries/iLLD/TC4xx/Tricore/Msc/Std/IfxMsc.h **** typedef enum
 579:../Libraries/iLLD/TC4xx/Tricore/Msc/Std/IfxMsc.h **** {
 580:../Libraries/iLLD/TC4xx/Tricore/Msc/Std/IfxMsc.h ****     IfxMsc_FclLinePolarity_nonInverted = 0,  /**< \brief FCLP and FCL signal polarity is identical 
 581:../Libraries/iLLD/TC4xx/Tricore/Msc/Std/IfxMsc.h ****     IfxMsc_FclLinePolarity_inverted    = 1   /**< \brief FCLP signal has inverted FCL signal polari
 582:../Libraries/iLLD/TC4xx/Tricore/Msc/Std/IfxMsc.h **** } IfxMsc_FclLinePolarity;
 583:../Libraries/iLLD/TC4xx/Tricore/Msc/Std/IfxMsc.h **** 
 584:../Libraries/iLLD/TC4xx/Tricore/Msc/Std/IfxMsc.h **** /** \brief Interrupt Service Request
 585:../Libraries/iLLD/TC4xx/Tricore/Msc/Std/IfxMsc.h ****  */
 586:../Libraries/iLLD/TC4xx/Tricore/Msc/Std/IfxMsc.h **** typedef enum
 587:../Libraries/iLLD/TC4xx/Tricore/Msc/Std/IfxMsc.h **** {
 588:../Libraries/iLLD/TC4xx/Tricore/Msc/Std/IfxMsc.h ****     IfxMsc_InterruptServiceRequest_0 = 0,      /**< \brief Interrupt Service Request number0  */
 589:../Libraries/iLLD/TC4xx/Tricore/Msc/Std/IfxMsc.h ****     IfxMsc_InterruptServiceRequest_1,          /**< \brief Interrupt Service Request number1  */
 590:../Libraries/iLLD/TC4xx/Tricore/Msc/Std/IfxMsc.h ****     IfxMsc_InterruptServiceRequest_2,          /**< \brief Interrupt Service Request number2  */
 591:../Libraries/iLLD/TC4xx/Tricore/Msc/Std/IfxMsc.h ****     IfxMsc_InterruptServiceRequest_3,          /**< \brief Interrupt Service Request number3  */
 592:../Libraries/iLLD/TC4xx/Tricore/Msc/Std/IfxMsc.h ****     IfxMsc_InterruptServiceRequest_4           /**< \brief Interrupt Service Request number4  */
 593:../Libraries/iLLD/TC4xx/Tricore/Msc/Std/IfxMsc.h **** } IfxMsc_InterruptServiceRequest;
 594:../Libraries/iLLD/TC4xx/Tricore/Msc/Std/IfxMsc.h **** 
 595:../Libraries/iLLD/TC4xx/Tricore/Msc/Std/IfxMsc.h **** /** \brief Enable Manchester Code\n
 596:../Libraries/iLLD/TC4xx/Tricore/Msc/Std/IfxMsc.h ****  * Definition in Ifx_MSC.SSC.B.MCT
 597:../Libraries/iLLD/TC4xx/Tricore/Msc/Std/IfxMsc.h ****  */
 598:../Libraries/iLLD/TC4xx/Tricore/Msc/Std/IfxMsc.h **** typedef enum
 599:../Libraries/iLLD/TC4xx/Tricore/Msc/Std/IfxMsc.h **** {
 600:../Libraries/iLLD/TC4xx/Tricore/Msc/Std/IfxMsc.h ****     IfxMsc_ManchesterCode_disabled = 0,  /**< \brief Manchester Code is disabled */
 601:../Libraries/iLLD/TC4xx/Tricore/Msc/Std/IfxMsc.h ****     IfxMsc_ManchesterCode_enabled  = 1   /**< \brief Manchester Code is enabled */
 602:../Libraries/iLLD/TC4xx/Tricore/Msc/Std/IfxMsc.h **** } IfxMsc_ManchesterCode;
 603:../Libraries/iLLD/TC4xx/Tricore/Msc/Std/IfxMsc.h **** 
 604:../Libraries/iLLD/TC4xx/Tricore/Msc/Std/IfxMsc.h **** /** \brief OCDS Control and Status - OCDS Suspend Control
 605:../Libraries/iLLD/TC4xx/Tricore/Msc/Std/IfxMsc.h ****  * Definition in Ifx_MSC.OCS.B.SUS
 606:../Libraries/iLLD/TC4xx/Tricore/Msc/Std/IfxMsc.h ****  */
 607:../Libraries/iLLD/TC4xx/Tricore/Msc/Std/IfxMsc.h **** typedef enum
 608:../Libraries/iLLD/TC4xx/Tricore/Msc/Std/IfxMsc.h **** {
 609:../Libraries/iLLD/TC4xx/Tricore/Msc/Std/IfxMsc.h ****     IfxMsc_ModuleSuspendRequestBit_noSuspend   = 0,  /**< \brief OCDS is not suspended */
 610:../Libraries/iLLD/TC4xx/Tricore/Msc/Std/IfxMsc.h ****     IfxMsc_ModuleSuspendRequestBit_hardSuspend = 1,  /**< \brief OCDS is Hard suspended. Clock is s
 611:../Libraries/iLLD/TC4xx/Tricore/Msc/Std/IfxMsc.h ****     IfxMsc_ModuleSuspendRequestBit_softSuspend = 2   /**< \brief OCDS is Soft suspended */
 612:../Libraries/iLLD/TC4xx/Tricore/Msc/Std/IfxMsc.h **** } IfxMsc_ModuleSuspendRequestBit;
 613:../Libraries/iLLD/TC4xx/Tricore/Msc/Std/IfxMsc.h **** 
 614:../Libraries/iLLD/TC4xx/Tricore/Msc/Std/IfxMsc.h **** /** \brief Downstream Control Enhanced Register - Number of SRL/SRH Bits Shifted at Data Frames Ext
 615:../Libraries/iLLD/TC4xx/Tricore/Msc/Std/IfxMsc.h ****  * Definition in Ifx_MSC.DSCE.B.NDBLE and Ifx_MSC.DSCE.B.NDBHE
 616:../Libraries/iLLD/TC4xx/Tricore/Msc/Std/IfxMsc.h ****  */
 617:../Libraries/iLLD/TC4xx/Tricore/Msc/Std/IfxMsc.h **** typedef enum
 618:../Libraries/iLLD/TC4xx/Tricore/Msc/Std/IfxMsc.h **** {
 619:../Libraries/iLLD/TC4xx/Tricore/Msc/Std/IfxMsc.h ****     IfxMsc_MsbBitDataExtension_notPresent = 0,  /**< \brief Additional MSB bit is not present in th
 620:../Libraries/iLLD/TC4xx/Tricore/Msc/Std/IfxMsc.h ****     IfxMsc_MsbBitDataExtension_present    = 1   /**< \brief Additional MSB bit is present in the ex
 621:../Libraries/iLLD/TC4xx/Tricore/Msc/Std/IfxMsc.h **** } IfxMsc_MsbBitDataExtension;
 622:../Libraries/iLLD/TC4xx/Tricore/Msc/Std/IfxMsc.h **** 
 623:../Libraries/iLLD/TC4xx/Tricore/Msc/Std/IfxMsc.h **** /** \brief Asynchronous Block Configuration Register - N Divider ABRA\n
 624:../Libraries/iLLD/TC4xx/Tricore/Msc/Std/IfxMsc.h ****  * Definition in Ifx_MSC.ABC.B.NDA
 625:../Libraries/iLLD/TC4xx/Tricore/Msc/Std/IfxMsc.h ****  */
 626:../Libraries/iLLD/TC4xx/Tricore/Msc/Std/IfxMsc.h **** typedef enum
 627:../Libraries/iLLD/TC4xx/Tricore/Msc/Std/IfxMsc.h **** {
 628:../Libraries/iLLD/TC4xx/Tricore/Msc/Std/IfxMsc.h ****     IfxMsc_NDividerAbra_1 = 0,      /**< \brief Division ratio is 1  */
 629:../Libraries/iLLD/TC4xx/Tricore/Msc/Std/IfxMsc.h ****     IfxMsc_NDividerAbra_2,          /**< \brief Division ratio is 2  */
 630:../Libraries/iLLD/TC4xx/Tricore/Msc/Std/IfxMsc.h ****     IfxMsc_NDividerAbra_3,          /**< \brief Division ratio is 3  */
 631:../Libraries/iLLD/TC4xx/Tricore/Msc/Std/IfxMsc.h ****     IfxMsc_NDividerAbra_4,          /**< \brief Division ratio is 4  */
 632:../Libraries/iLLD/TC4xx/Tricore/Msc/Std/IfxMsc.h ****     IfxMsc_NDividerAbra_5,          /**< \brief Division ratio is 5  */
 633:../Libraries/iLLD/TC4xx/Tricore/Msc/Std/IfxMsc.h ****     IfxMsc_NDividerAbra_6,          /**< \brief Division ratio is 6  */
 634:../Libraries/iLLD/TC4xx/Tricore/Msc/Std/IfxMsc.h ****     IfxMsc_NDividerAbra_7,          /**< \brief Division ratio is 7  */
 635:../Libraries/iLLD/TC4xx/Tricore/Msc/Std/IfxMsc.h ****     IfxMsc_NDividerAbra_8           /**< \brief Division ratio is 8  */
 636:../Libraries/iLLD/TC4xx/Tricore/Msc/Std/IfxMsc.h **** } IfxMsc_NDividerAbra;
 637:../Libraries/iLLD/TC4xx/Tricore/Msc/Std/IfxMsc.h **** 
 638:../Libraries/iLLD/TC4xx/Tricore/Msc/Std/IfxMsc.h **** /** \brief Downstream Timing Extension Register - N Divider Downstream\n
 639:../Libraries/iLLD/TC4xx/Tricore/Msc/Std/IfxMsc.h ****  * Definition in Ifx_MSC.DSTE.B.NDD
 640:../Libraries/iLLD/TC4xx/Tricore/Msc/Std/IfxMsc.h ****  */
 641:../Libraries/iLLD/TC4xx/Tricore/Msc/Std/IfxMsc.h **** typedef enum
 642:../Libraries/iLLD/TC4xx/Tricore/Msc/Std/IfxMsc.h **** {
 643:../Libraries/iLLD/TC4xx/Tricore/Msc/Std/IfxMsc.h ****     IfxMsc_NDividerDownstream_1 = 0,      /**< \brief division ratio is 1  */
 644:../Libraries/iLLD/TC4xx/Tricore/Msc/Std/IfxMsc.h ****     IfxMsc_NDividerDownstream_2,          /**< \brief division ratio is 2  */
 645:../Libraries/iLLD/TC4xx/Tricore/Msc/Std/IfxMsc.h ****     IfxMsc_NDividerDownstream_3,          /**< \brief division ratio is 3  */
 646:../Libraries/iLLD/TC4xx/Tricore/Msc/Std/IfxMsc.h ****     IfxMsc_NDividerDownstream_4,          /**< \brief division ratio is 4  */
 647:../Libraries/iLLD/TC4xx/Tricore/Msc/Std/IfxMsc.h ****     IfxMsc_NDividerDownstream_5,          /**< \brief division ratio is 5  */
 648:../Libraries/iLLD/TC4xx/Tricore/Msc/Std/IfxMsc.h ****     IfxMsc_NDividerDownstream_6,          /**< \brief division ratio is 6  */
 649:../Libraries/iLLD/TC4xx/Tricore/Msc/Std/IfxMsc.h ****     IfxMsc_NDividerDownstream_7,          /**< \brief division ratio is 7  */
 650:../Libraries/iLLD/TC4xx/Tricore/Msc/Std/IfxMsc.h ****     IfxMsc_NDividerDownstream_8,          /**< \brief division ratio is 8  */
 651:../Libraries/iLLD/TC4xx/Tricore/Msc/Std/IfxMsc.h ****     IfxMsc_NDividerDownstream_9,          /**< \brief division ratio is 9  */
 652:../Libraries/iLLD/TC4xx/Tricore/Msc/Std/IfxMsc.h ****     IfxMsc_NDividerDownstream_10,         /**< \brief division ratio is 10  */
 653:../Libraries/iLLD/TC4xx/Tricore/Msc/Std/IfxMsc.h ****     IfxMsc_NDividerDownstream_11,         /**< \brief division ratio is 11  */
 654:../Libraries/iLLD/TC4xx/Tricore/Msc/Std/IfxMsc.h ****     IfxMsc_NDividerDownstream_12,         /**< \brief division ratio is 12  */
 655:../Libraries/iLLD/TC4xx/Tricore/Msc/Std/IfxMsc.h ****     IfxMsc_NDividerDownstream_13,         /**< \brief division ratio is 13  */
 656:../Libraries/iLLD/TC4xx/Tricore/Msc/Std/IfxMsc.h ****     IfxMsc_NDividerDownstream_14,         /**< \brief division ratio is 14  */
 657:../Libraries/iLLD/TC4xx/Tricore/Msc/Std/IfxMsc.h ****     IfxMsc_NDividerDownstream_15,         /**< \brief division ratio is 15  */
 658:../Libraries/iLLD/TC4xx/Tricore/Msc/Std/IfxMsc.h ****     IfxMsc_NDividerDownstream_16          /**< \brief division ratio is 16  */
 659:../Libraries/iLLD/TC4xx/Tricore/Msc/Std/IfxMsc.h **** } IfxMsc_NDividerDownstream;
 660:../Libraries/iLLD/TC4xx/Tricore/Msc/Std/IfxMsc.h **** 
 661:../Libraries/iLLD/TC4xx/Tricore/Msc/Std/IfxMsc.h **** /** \brief Asynchronous Block Configuration Register - Overflow Interrupt Enable\n
 662:../Libraries/iLLD/TC4xx/Tricore/Msc/Std/IfxMsc.h ****  * Definition in Ifx_MSC.ABC.B.OIE
 663:../Libraries/iLLD/TC4xx/Tricore/Msc/Std/IfxMsc.h ****  */
 664:../Libraries/iLLD/TC4xx/Tricore/Msc/Std/IfxMsc.h **** typedef enum
 665:../Libraries/iLLD/TC4xx/Tricore/Msc/Std/IfxMsc.h **** {
 666:../Libraries/iLLD/TC4xx/Tricore/Msc/Std/IfxMsc.h ****     IfxMsc_OverflowInterrupt_disabled = 0,  /**< \brief Disables the path of the overflow interrupt
 667:../Libraries/iLLD/TC4xx/Tricore/Msc/Std/IfxMsc.h ****     IfxMsc_OverflowInterrupt_enabled  = 1   /**< \brief Enables the path of the overflow interrupt 
 668:../Libraries/iLLD/TC4xx/Tricore/Msc/Std/IfxMsc.h **** } IfxMsc_OverflowInterrupt;
 669:../Libraries/iLLD/TC4xx/Tricore/Msc/Std/IfxMsc.h **** 
 670:../Libraries/iLLD/TC4xx/Tricore/Msc/Std/IfxMsc.h **** /** \brief Asynchronous Block Configuration Register - Overflow Interrupt Node Pointer\n
 671:../Libraries/iLLD/TC4xx/Tricore/Msc/Std/IfxMsc.h ****  * Definition in Ifx_MSC.ABC.B.OIP
 672:../Libraries/iLLD/TC4xx/Tricore/Msc/Std/IfxMsc.h ****  */
 673:../Libraries/iLLD/TC4xx/Tricore/Msc/Std/IfxMsc.h **** typedef enum
 674:../Libraries/iLLD/TC4xx/Tricore/Msc/Std/IfxMsc.h **** {
 675:../Libraries/iLLD/TC4xx/Tricore/Msc/Std/IfxMsc.h ****     IfxMsc_OverflowInterruptNode_SR0 = 0,      /**< \brief Service request output SR0 selected  */
 676:../Libraries/iLLD/TC4xx/Tricore/Msc/Std/IfxMsc.h ****     IfxMsc_OverflowInterruptNode_SR1,          /**< \brief Service request output SR1 selected  */
 677:../Libraries/iLLD/TC4xx/Tricore/Msc/Std/IfxMsc.h ****     IfxMsc_OverflowInterruptNode_SR2,          /**< \brief Service request output SR2 selected  */
 678:../Libraries/iLLD/TC4xx/Tricore/Msc/Std/IfxMsc.h ****     IfxMsc_OverflowInterruptNode_SR3,          /**< \brief Service request output SR3 selected  */
 679:../Libraries/iLLD/TC4xx/Tricore/Msc/Std/IfxMsc.h ****     IfxMsc_OverflowInterruptNode_SR4           /**< \brief Service request output SR4 selected  */
 680:../Libraries/iLLD/TC4xx/Tricore/Msc/Std/IfxMsc.h **** } IfxMsc_OverflowInterruptNode;
 681:../Libraries/iLLD/TC4xx/Tricore/Msc/Std/IfxMsc.h **** 
 682:../Libraries/iLLD/TC4xx/Tricore/Msc/Std/IfxMsc.h **** /** \brief Parity Mode\n
 683:../Libraries/iLLD/TC4xx/Tricore/Msc/Std/IfxMsc.h ****  * Definition in Ifx_MSC.USR.B.PCT
 684:../Libraries/iLLD/TC4xx/Tricore/Msc/Std/IfxMsc.h ****  */
 685:../Libraries/iLLD/TC4xx/Tricore/Msc/Std/IfxMsc.h **** typedef enum
 686:../Libraries/iLLD/TC4xx/Tricore/Msc/Std/IfxMsc.h **** {
 687:../Libraries/iLLD/TC4xx/Tricore/Msc/Std/IfxMsc.h ****     IfxMsc_Parity_even = 0,  /**< \brief Even Parity */
 688:../Libraries/iLLD/TC4xx/Tricore/Msc/Std/IfxMsc.h ****     IfxMsc_Parity_odd  = 1   /**< \brief Odd Parity */
 689:../Libraries/iLLD/TC4xx/Tricore/Msc/Std/IfxMsc.h **** } IfxMsc_Parity;
 690:../Libraries/iLLD/TC4xx/Tricore/Msc/Std/IfxMsc.h **** 
 691:../Libraries/iLLD/TC4xx/Tricore/Msc/Std/IfxMsc.h **** /** \brief Downstream Status Register - Number Of Passive Time Frames\n
 692:../Libraries/iLLD/TC4xx/Tricore/Msc/Std/IfxMsc.h ****  * Definition in Ifx_MSC.DSS.B.NPTF
 693:../Libraries/iLLD/TC4xx/Tricore/Msc/Std/IfxMsc.h ****  */
 694:../Libraries/iLLD/TC4xx/Tricore/Msc/Std/IfxMsc.h **** typedef enum
 695:../Libraries/iLLD/TC4xx/Tricore/Msc/Std/IfxMsc.h **** {
 696:../Libraries/iLLD/TC4xx/Tricore/Msc/Std/IfxMsc.h ****     IfxMsc_PassiveTimeFrameCount_0 = 0,    /**< \brief No Passive time frames inserted */
 697:../Libraries/iLLD/TC4xx/Tricore/Msc/Std/IfxMsc.h ****     IfxMsc_PassiveTimeFrameCount_1 = 1,    /**< \brief 1 Passive time frames inserted  */
 698:../Libraries/iLLD/TC4xx/Tricore/Msc/Std/IfxMsc.h ****     IfxMsc_PassiveTimeFrameCount_2,        /**< \brief 2 Passive time frames inserted  */
 699:../Libraries/iLLD/TC4xx/Tricore/Msc/Std/IfxMsc.h ****     IfxMsc_PassiveTimeFrameCount_3,        /**< \brief 3 Passive time frames inserted  */
 700:../Libraries/iLLD/TC4xx/Tricore/Msc/Std/IfxMsc.h ****     IfxMsc_PassiveTimeFrameCount_4,        /**< \brief 4 Passive time frames inserted  */
 701:../Libraries/iLLD/TC4xx/Tricore/Msc/Std/IfxMsc.h ****     IfxMsc_PassiveTimeFrameCount_5,        /**< \brief 5 Passive time frames inserted  */
 702:../Libraries/iLLD/TC4xx/Tricore/Msc/Std/IfxMsc.h ****     IfxMsc_PassiveTimeFrameCount_6,        /**< \brief 6 Passive time frames inserted  */
 703:../Libraries/iLLD/TC4xx/Tricore/Msc/Std/IfxMsc.h ****     IfxMsc_PassiveTimeFrameCount_7,        /**< \brief 7 Passive time frames inserted  */
 704:../Libraries/iLLD/TC4xx/Tricore/Msc/Std/IfxMsc.h ****     IfxMsc_PassiveTimeFrameCount_8,        /**< \brief 8 Passive time frames inserted  */
 705:../Libraries/iLLD/TC4xx/Tricore/Msc/Std/IfxMsc.h ****     IfxMsc_PassiveTimeFrameCount_9,        /**< \brief 9 Passive time frames inserted  */
 706:../Libraries/iLLD/TC4xx/Tricore/Msc/Std/IfxMsc.h ****     IfxMsc_PassiveTimeFrameCount_10,       /**< \brief 10 Passive time frames inserted  */
 707:../Libraries/iLLD/TC4xx/Tricore/Msc/Std/IfxMsc.h ****     IfxMsc_PassiveTimeFrameCount_11,       /**< \brief 11 Passive time frames inserted  */
 708:../Libraries/iLLD/TC4xx/Tricore/Msc/Std/IfxMsc.h ****     IfxMsc_PassiveTimeFrameCount_12,       /**< \brief 12 Passive time frames inserted  */
 709:../Libraries/iLLD/TC4xx/Tricore/Msc/Std/IfxMsc.h ****     IfxMsc_PassiveTimeFrameCount_13,       /**< \brief 13 Passive time frames inserted  */
 710:../Libraries/iLLD/TC4xx/Tricore/Msc/Std/IfxMsc.h ****     IfxMsc_PassiveTimeFrameCount_14,       /**< \brief 14 Passive time frames inserted  */
 711:../Libraries/iLLD/TC4xx/Tricore/Msc/Std/IfxMsc.h ****     IfxMsc_PassiveTimeFrameCount_15        /**< \brief 15 Passive time frames inserted  */
 712:../Libraries/iLLD/TC4xx/Tricore/Msc/Std/IfxMsc.h **** } IfxMsc_PassiveTimeFrameCount;
 713:../Libraries/iLLD/TC4xx/Tricore/Msc/Std/IfxMsc.h **** 
 714:../Libraries/iLLD/TC4xx/Tricore/Msc/Std/IfxMsc.h **** /** \brief Interrupt Control Register - Receive Data Interrupt Enable\n
 715:../Libraries/iLLD/TC4xx/Tricore/Msc/Std/IfxMsc.h ****  * Definition in Ifx_MSC.ICR.B.RDIE
 716:../Libraries/iLLD/TC4xx/Tricore/Msc/Std/IfxMsc.h ****  */
 717:../Libraries/iLLD/TC4xx/Tricore/Msc/Std/IfxMsc.h **** typedef enum
 718:../Libraries/iLLD/TC4xx/Tricore/Msc/Std/IfxMsc.h **** {
 719:../Libraries/iLLD/TC4xx/Tricore/Msc/Std/IfxMsc.h ****     IfxMsc_ReceiveDataInterrupt_disabled           = 0, /**< \brief Interrupt generation disabled *
 720:../Libraries/iLLD/TC4xx/Tricore/Msc/Std/IfxMsc.h ****     IfxMsc_ReceiveDataInterrupt_onDataReceive      = 1, /**< \brief An interrupt is generated when 
 721:../Libraries/iLLD/TC4xx/Tricore/Msc/Std/IfxMsc.h ****     IfxMsc_ReceiveDataInterrupt_onRdieSet          = 2, /**< \brief An interrupt is generated as wi
 722:../Libraries/iLLD/TC4xx/Tricore/Msc/Std/IfxMsc.h ****     IfxMsc_ReceiveDataInterrupt_onDataReceiveInUd3 = 3  /**< \brief An interrupt is generated as wi
 723:../Libraries/iLLD/TC4xx/Tricore/Msc/Std/IfxMsc.h **** } IfxMsc_ReceiveDataInterrupt;
 724:../Libraries/iLLD/TC4xx/Tricore/Msc/Std/IfxMsc.h **** 
 725:../Libraries/iLLD/TC4xx/Tricore/Msc/Std/IfxMsc.h **** /** \brief Interrupt Control Register - Receive Data Interrupt Pointer\n
 726:../Libraries/iLLD/TC4xx/Tricore/Msc/Std/IfxMsc.h ****  * Definition in Ifx_MSC.ICR.B.RDIP
 727:../Libraries/iLLD/TC4xx/Tricore/Msc/Std/IfxMsc.h ****  */
 728:../Libraries/iLLD/TC4xx/Tricore/Msc/Std/IfxMsc.h **** typedef enum
 729:../Libraries/iLLD/TC4xx/Tricore/Msc/Std/IfxMsc.h **** {
 730:../Libraries/iLLD/TC4xx/Tricore/Msc/Std/IfxMsc.h ****     IfxMsc_ReceiveDataInterruptNode_SR0 = 0,      /**< \brief Service request output SR0 selected  
 731:../Libraries/iLLD/TC4xx/Tricore/Msc/Std/IfxMsc.h ****     IfxMsc_ReceiveDataInterruptNode_SR1,          /**< \brief Service request output SR1 selected  
 732:../Libraries/iLLD/TC4xx/Tricore/Msc/Std/IfxMsc.h ****     IfxMsc_ReceiveDataInterruptNode_SR2,          /**< \brief Service request output SR2 selected  
 733:../Libraries/iLLD/TC4xx/Tricore/Msc/Std/IfxMsc.h ****     IfxMsc_ReceiveDataInterruptNode_SR3           /**< \brief Service request output SR3 selected  
 734:../Libraries/iLLD/TC4xx/Tricore/Msc/Std/IfxMsc.h **** } IfxMsc_ReceiveDataInterruptNode;
 735:../Libraries/iLLD/TC4xx/Tricore/Msc/Std/IfxMsc.h **** 
 736:../Libraries/iLLD/TC4xx/Tricore/Msc/Std/IfxMsc.h **** /** \brief Output Control Register - SDI Line Polarity\n
 737:../Libraries/iLLD/TC4xx/Tricore/Msc/Std/IfxMsc.h ****  * Definition in Ifx_MSC.OCR.B.ILP
 738:../Libraries/iLLD/TC4xx/Tricore/Msc/Std/IfxMsc.h ****  */
 739:../Libraries/iLLD/TC4xx/Tricore/Msc/Std/IfxMsc.h **** typedef enum
 740:../Libraries/iLLD/TC4xx/Tricore/Msc/Std/IfxMsc.h **** {
 741:../Libraries/iLLD/TC4xx/Tricore/Msc/Std/IfxMsc.h ****     IfxMsc_SdiLinePolarity_likeSi     = 0, /**< \brief SDI and SI signal polarities are identical *
 742:../Libraries/iLLD/TC4xx/Tricore/Msc/Std/IfxMsc.h ****     IfxMsc_SdiLinePolarity_invertedSi = 1  /**< \brief SDI and SI signal polarities are inverted */
 743:../Libraries/iLLD/TC4xx/Tricore/Msc/Std/IfxMsc.h **** } IfxMsc_SdiLinePolarity;
 744:../Libraries/iLLD/TC4xx/Tricore/Msc/Std/IfxMsc.h **** 
 745:../Libraries/iLLD/TC4xx/Tricore/Msc/Std/IfxMsc.h **** /** \brief Output Control Register - Serial Data Input Selection\n
 746:../Libraries/iLLD/TC4xx/Tricore/Msc/Std/IfxMsc.h ****  * Definition in Ifx_MSC.OCR.B.SDISEL
 747:../Libraries/iLLD/TC4xx/Tricore/Msc/Std/IfxMsc.h ****  */
 748:../Libraries/iLLD/TC4xx/Tricore/Msc/Std/IfxMsc.h **** typedef enum
 749:../Libraries/iLLD/TC4xx/Tricore/Msc/Std/IfxMsc.h **** {
 750:../Libraries/iLLD/TC4xx/Tricore/Msc/Std/IfxMsc.h ****     IfxMsc_SerialDataInput_0 = 0,      /**< \brief SDI0 is selected for the SDI of the upstream cha
 751:../Libraries/iLLD/TC4xx/Tricore/Msc/Std/IfxMsc.h ****     IfxMsc_SerialDataInput_1,          /**< \brief SDI1 is selected for the SDI of the upstream cha
 752:../Libraries/iLLD/TC4xx/Tricore/Msc/Std/IfxMsc.h ****     IfxMsc_SerialDataInput_2,          /**< \brief SDI2 is selected for the SDI of the upstream cha
 753:../Libraries/iLLD/TC4xx/Tricore/Msc/Std/IfxMsc.h ****     IfxMsc_SerialDataInput_3,          /**< \brief SDI3 is selected for the SDI of the upstream cha
 754:../Libraries/iLLD/TC4xx/Tricore/Msc/Std/IfxMsc.h ****     IfxMsc_SerialDataInput_4,          /**< \brief SDI4 is selected for the SDI of the upstream cha
 755:../Libraries/iLLD/TC4xx/Tricore/Msc/Std/IfxMsc.h ****     IfxMsc_SerialDataInput_5,          /**< \brief SDI5 is selected for the SDI of the upstream cha
 756:../Libraries/iLLD/TC4xx/Tricore/Msc/Std/IfxMsc.h ****     IfxMsc_SerialDataInput_6,          /**< \brief SDI6 is selected for the SDI of the upstream cha
 757:../Libraries/iLLD/TC4xx/Tricore/Msc/Std/IfxMsc.h ****     IfxMsc_SerialDataInput_7           /**< \brief SDI7 is selected for the SDI of the upstream cha
 758:../Libraries/iLLD/TC4xx/Tricore/Msc/Std/IfxMsc.h **** } IfxMsc_SerialDataInput;
 759:../Libraries/iLLD/TC4xx/Tricore/Msc/Std/IfxMsc.h **** 
 760:../Libraries/iLLD/TC4xx/Tricore/Msc/Std/IfxMsc.h **** /** \brief Service Request Delay\n
 761:../Libraries/iLLD/TC4xx/Tricore/Msc/Std/IfxMsc.h ****  * Definition in Ifx_MSC.USR.B.SRDC
 762:../Libraries/iLLD/TC4xx/Tricore/Msc/Std/IfxMsc.h ****  */
 763:../Libraries/iLLD/TC4xx/Tricore/Msc/Std/IfxMsc.h **** typedef enum
 764:../Libraries/iLLD/TC4xx/Tricore/Msc/Std/IfxMsc.h **** {
 765:../Libraries/iLLD/TC4xx/Tricore/Msc/Std/IfxMsc.h ****     IfxMsc_ServiceRequestDelay_noDelay = 0,  /**< \brief No Delay */
 766:../Libraries/iLLD/TC4xx/Tricore/Msc/Std/IfxMsc.h ****     IfxMsc_ServiceRequestDelay_1bit    = 1   /**< \brief Delay of 1 bit time */
 767:../Libraries/iLLD/TC4xx/Tricore/Msc/Std/IfxMsc.h **** } IfxMsc_ServiceRequestDelay;
 768:../Libraries/iLLD/TC4xx/Tricore/Msc/Std/IfxMsc.h **** 
 769:../Libraries/iLLD/TC4xx/Tricore/Msc/Std/IfxMsc.h **** /** \brief Asynchronous Block Configuration Register - Duration of the Low/High Phase of the Shift 
 770:../Libraries/iLLD/TC4xx/Tricore/Msc/Std/IfxMsc.h ****  * Definition in Ifx_MSC.ABC.B.LOW and Ifx_MSC.ABC.B.HIGH
 771:../Libraries/iLLD/TC4xx/Tricore/Msc/Std/IfxMsc.h ****  */
 772:../Libraries/iLLD/TC4xx/Tricore/Msc/Std/IfxMsc.h **** typedef enum
 773:../Libraries/iLLD/TC4xx/Tricore/Msc/Std/IfxMsc.h **** {
 774:../Libraries/iLLD/TC4xx/Tricore/Msc/Std/IfxMsc.h ****     IfxMsc_ShiftClockPhaseDuration_1 = 0,      /**< \brief Duration in periods of f_A is 1  */
 775:../Libraries/iLLD/TC4xx/Tricore/Msc/Std/IfxMsc.h ****     IfxMsc_ShiftClockPhaseDuration_2,          /**< \brief Duration in periods of f_A is 2  */
 776:../Libraries/iLLD/TC4xx/Tricore/Msc/Std/IfxMsc.h ****     IfxMsc_ShiftClockPhaseDuration_3,          /**< \brief Duration in periods of f_A is 3  */
 777:../Libraries/iLLD/TC4xx/Tricore/Msc/Std/IfxMsc.h ****     IfxMsc_ShiftClockPhaseDuration_4,          /**< \brief Duration in periods of f_A is 4  */
 778:../Libraries/iLLD/TC4xx/Tricore/Msc/Std/IfxMsc.h ****     IfxMsc_ShiftClockPhaseDuration_5,          /**< \brief Duration in periods of f_A is 5  */
 779:../Libraries/iLLD/TC4xx/Tricore/Msc/Std/IfxMsc.h ****     IfxMsc_ShiftClockPhaseDuration_6,          /**< \brief Duration in periods of f_A is 6  */
 780:../Libraries/iLLD/TC4xx/Tricore/Msc/Std/IfxMsc.h ****     IfxMsc_ShiftClockPhaseDuration_7,          /**< \brief Duration in periods of f_A is 7  */
 781:../Libraries/iLLD/TC4xx/Tricore/Msc/Std/IfxMsc.h ****     IfxMsc_ShiftClockPhaseDuration_8,          /**< \brief Duration in periods of f_A is 8  */
 782:../Libraries/iLLD/TC4xx/Tricore/Msc/Std/IfxMsc.h ****     IfxMsc_ShiftClockPhaseDuration_9,          /**< \brief Duration in periods of f_A is 9  */
 783:../Libraries/iLLD/TC4xx/Tricore/Msc/Std/IfxMsc.h ****     IfxMsc_ShiftClockPhaseDuration_10,         /**< \brief Duration in periods of f_A is 10  */
 784:../Libraries/iLLD/TC4xx/Tricore/Msc/Std/IfxMsc.h ****     IfxMsc_ShiftClockPhaseDuration_11,         /**< \brief Duration in periods of f_A is 11  */
 785:../Libraries/iLLD/TC4xx/Tricore/Msc/Std/IfxMsc.h ****     IfxMsc_ShiftClockPhaseDuration_12,         /**< \brief Duration in periods of f_A is 12  */
 786:../Libraries/iLLD/TC4xx/Tricore/Msc/Std/IfxMsc.h ****     IfxMsc_ShiftClockPhaseDuration_13,         /**< \brief Duration in periods of f_A is 13  */
 787:../Libraries/iLLD/TC4xx/Tricore/Msc/Std/IfxMsc.h ****     IfxMsc_ShiftClockPhaseDuration_14,         /**< \brief Duration in periods of f_A is 14  */
 788:../Libraries/iLLD/TC4xx/Tricore/Msc/Std/IfxMsc.h ****     IfxMsc_ShiftClockPhaseDuration_15,         /**< \brief Duration in periods of f_A is 15  */
 789:../Libraries/iLLD/TC4xx/Tricore/Msc/Std/IfxMsc.h ****     IfxMsc_ShiftClockPhaseDuration_16          /**< \brief Duration in periods of f_A is 16  */
 790:../Libraries/iLLD/TC4xx/Tricore/Msc/Std/IfxMsc.h **** } IfxMsc_ShiftClockPhaseDuration;
 791:../Libraries/iLLD/TC4xx/Tricore/Msc/Std/IfxMsc.h **** 
 792:../Libraries/iLLD/TC4xx/Tricore/Msc/Std/IfxMsc.h **** /** \brief Enable/disable the sensitivity of the module to sleep signal\n
 793:../Libraries/iLLD/TC4xx/Tricore/Msc/Std/IfxMsc.h ****  * Definition in Ifx_MSC.CLC.B.EDIS
 794:../Libraries/iLLD/TC4xx/Tricore/Msc/Std/IfxMsc.h ****  */
 795:../Libraries/iLLD/TC4xx/Tricore/Msc/Std/IfxMsc.h **** typedef enum
 796:../Libraries/iLLD/TC4xx/Tricore/Msc/Std/IfxMsc.h **** {
 797:../Libraries/iLLD/TC4xx/Tricore/Msc/Std/IfxMsc.h ****     IfxMsc_SleepMode_enable  = 0, /**< \brief enables sleep mode */
 798:../Libraries/iLLD/TC4xx/Tricore/Msc/Std/IfxMsc.h ****     IfxMsc_SleepMode_disable = 1  /**< \brief disables sleep mode */
 799:../Libraries/iLLD/TC4xx/Tricore/Msc/Std/IfxMsc.h **** } IfxMsc_SleepMode;
 800:../Libraries/iLLD/TC4xx/Tricore/Msc/Std/IfxMsc.h **** 
 801:../Libraries/iLLD/TC4xx/Tricore/Msc/Std/IfxMsc.h **** /** \brief Number of Bits shifted at command frames
 802:../Libraries/iLLD/TC4xx/Tricore/Msc/Std/IfxMsc.h ****  * Definition in Ifx_MSC.SSC.B.CFLX/Y
 803:../Libraries/iLLD/TC4xx/Tricore/Msc/Std/IfxMsc.h ****  */
 804:../Libraries/iLLD/TC4xx/Tricore/Msc/Std/IfxMsc.h **** typedef enum
 805:../Libraries/iLLD/TC4xx/Tricore/Msc/Std/IfxMsc.h **** {
 806:../Libraries/iLLD/TC4xx/Tricore/Msc/Std/IfxMsc.h ****     IfxMsc_SlowChannelCommandFrameLength_0  = 0,   /**< \brief No bit shifted */
 807:../Libraries/iLLD/TC4xx/Tricore/Msc/Std/IfxMsc.h ****     IfxMsc_SlowChannelCommandFrameLength_1  = 1,   /**< \brief 1 bit Shifted */
 808:../Libraries/iLLD/TC4xx/Tricore/Msc/Std/IfxMsc.h ****     IfxMsc_SlowChannelCommandFrameLength_2  = 2,   /**< \brief 2 bits Shifted */
 809:../Libraries/iLLD/TC4xx/Tricore/Msc/Std/IfxMsc.h ****     IfxMsc_SlowChannelCommandFrameLength_3  = 3,   /**< \brief 3 bits Shifted */
 810:../Libraries/iLLD/TC4xx/Tricore/Msc/Std/IfxMsc.h ****     IfxMsc_SlowChannelCommandFrameLength_4  = 4,   /**< \brief 4 bits Shifted */
 811:../Libraries/iLLD/TC4xx/Tricore/Msc/Std/IfxMsc.h ****     IfxMsc_SlowChannelCommandFrameLength_5  = 5,   /**< \brief 5 bits Shifted */
 812:../Libraries/iLLD/TC4xx/Tricore/Msc/Std/IfxMsc.h ****     IfxMsc_SlowChannelCommandFrameLength_6  = 6,   /**< \brief 6 bits Shifted */
 813:../Libraries/iLLD/TC4xx/Tricore/Msc/Std/IfxMsc.h ****     IfxMsc_SlowChannelCommandFrameLength_7  = 7,   /**< \brief 7 bits Shifted */
 814:../Libraries/iLLD/TC4xx/Tricore/Msc/Std/IfxMsc.h ****     IfxMsc_SlowChannelCommandFrameLength_8  = 8,   /**< \brief 8 bits Shifted */
 815:../Libraries/iLLD/TC4xx/Tricore/Msc/Std/IfxMsc.h ****     IfxMsc_SlowChannelCommandFrameLength_9  = 9,   /**< \brief 9 bits Shifted */
 816:../Libraries/iLLD/TC4xx/Tricore/Msc/Std/IfxMsc.h ****     IfxMsc_SlowChannelCommandFrameLength_10 = 10,  /**< \brief 10 bits Shifted */
 817:../Libraries/iLLD/TC4xx/Tricore/Msc/Std/IfxMsc.h ****     IfxMsc_SlowChannelCommandFrameLength_11 = 11,  /**< \brief 11 bits Shifted */
 818:../Libraries/iLLD/TC4xx/Tricore/Msc/Std/IfxMsc.h ****     IfxMsc_SlowChannelCommandFrameLength_12 = 12,  /**< \brief 12 bits Shifted */
 819:../Libraries/iLLD/TC4xx/Tricore/Msc/Std/IfxMsc.h ****     IfxMsc_SlowChannelCommandFrameLength_13 = 13,  /**< \brief 13 bits Shifted */
 820:../Libraries/iLLD/TC4xx/Tricore/Msc/Std/IfxMsc.h ****     IfxMsc_SlowChannelCommandFrameLength_14 = 14,  /**< \brief 14 bits Shifted */
 821:../Libraries/iLLD/TC4xx/Tricore/Msc/Std/IfxMsc.h ****     IfxMsc_SlowChannelCommandFrameLength_15 = 15,  /**< \brief 15 bits Shifted */
 822:../Libraries/iLLD/TC4xx/Tricore/Msc/Std/IfxMsc.h ****     IfxMsc_SlowChannelCommandFrameLength_16 = 16,  /**< \brief 16 bits Shifted */
 823:../Libraries/iLLD/TC4xx/Tricore/Msc/Std/IfxMsc.h ****     IfxMsc_SlowChannelCommandFrameLength_17 = 17,  /**< \brief 17 bits Shifted */
 824:../Libraries/iLLD/TC4xx/Tricore/Msc/Std/IfxMsc.h ****     IfxMsc_SlowChannelCommandFrameLength_18 = 18,  /**< \brief 18 bits Shifted */
 825:../Libraries/iLLD/TC4xx/Tricore/Msc/Std/IfxMsc.h ****     IfxMsc_SlowChannelCommandFrameLength_19 = 19,  /**< \brief 19 bits Shifted */
 826:../Libraries/iLLD/TC4xx/Tricore/Msc/Std/IfxMsc.h ****     IfxMsc_SlowChannelCommandFrameLength_20 = 20,  /**< \brief 20 bits Shifted */
 827:../Libraries/iLLD/TC4xx/Tricore/Msc/Std/IfxMsc.h ****     IfxMsc_SlowChannelCommandFrameLength_21 = 21,  /**< \brief 21 bits Shifted */
 828:../Libraries/iLLD/TC4xx/Tricore/Msc/Std/IfxMsc.h ****     IfxMsc_SlowChannelCommandFrameLength_22 = 22,  /**< \brief 22 bits Shifted */
 829:../Libraries/iLLD/TC4xx/Tricore/Msc/Std/IfxMsc.h ****     IfxMsc_SlowChannelCommandFrameLength_23 = 23,  /**< \brief 23 bits Shifted */
 830:../Libraries/iLLD/TC4xx/Tricore/Msc/Std/IfxMsc.h ****     IfxMsc_SlowChannelCommandFrameLength_24 = 24,  /**< \brief 24 bits Shifted */
 831:../Libraries/iLLD/TC4xx/Tricore/Msc/Std/IfxMsc.h ****     IfxMsc_SlowChannelCommandFrameLength_25 = 25,  /**< \brief 25 bits Shifted */
 832:../Libraries/iLLD/TC4xx/Tricore/Msc/Std/IfxMsc.h ****     IfxMsc_SlowChannelCommandFrameLength_26 = 26,  /**< \brief 26 bits Shifted */
 833:../Libraries/iLLD/TC4xx/Tricore/Msc/Std/IfxMsc.h ****     IfxMsc_SlowChannelCommandFrameLength_27 = 27,  /**< \brief 27 bits Shifted */
 834:../Libraries/iLLD/TC4xx/Tricore/Msc/Std/IfxMsc.h ****     IfxMsc_SlowChannelCommandFrameLength_28 = 28,  /**< \brief 28 bits Shifted */
 835:../Libraries/iLLD/TC4xx/Tricore/Msc/Std/IfxMsc.h ****     IfxMsc_SlowChannelCommandFrameLength_29 = 29,  /**< \brief 29 bits Shifted */
 836:../Libraries/iLLD/TC4xx/Tricore/Msc/Std/IfxMsc.h ****     IfxMsc_SlowChannelCommandFrameLength_30 = 30,  /**< \brief 30 bits Shifted */
 837:../Libraries/iLLD/TC4xx/Tricore/Msc/Std/IfxMsc.h ****     IfxMsc_SlowChannelCommandFrameLength_31 = 31,  /**< \brief 31 bits Shifted */
 838:../Libraries/iLLD/TC4xx/Tricore/Msc/Std/IfxMsc.h ****     IfxMsc_SlowChannelCommandFrameLength_32 = 32   /**< \brief 32 bits Shifted */
 839:../Libraries/iLLD/TC4xx/Tricore/Msc/Std/IfxMsc.h **** } IfxMsc_SlowChannelCommandFrameLength;
 840:../Libraries/iLLD/TC4xx/Tricore/Msc/Std/IfxMsc.h **** 
 841:../Libraries/iLLD/TC4xx/Tricore/Msc/Std/IfxMsc.h **** /** \brief Length of Slow Channel Frame\n
 842:../Libraries/iLLD/TC4xx/Tricore/Msc/Std/IfxMsc.h ****  * Definition in Ifx_MSC.SSC.B.SCL0/1
 843:../Libraries/iLLD/TC4xx/Tricore/Msc/Std/IfxMsc.h ****  */
 844:../Libraries/iLLD/TC4xx/Tricore/Msc/Std/IfxMsc.h **** typedef enum
 845:../Libraries/iLLD/TC4xx/Tricore/Msc/Std/IfxMsc.h **** {
 846:../Libraries/iLLD/TC4xx/Tricore/Msc/Std/IfxMsc.h ****     IfxMsc_SlowChannelLength_0  = 0,  /**< \brief Length is 0 */
 847:../Libraries/iLLD/TC4xx/Tricore/Msc/Std/IfxMsc.h ****     IfxMsc_SlowChannelLength_1  = 1,  /**< \brief Length is 1 */
 848:../Libraries/iLLD/TC4xx/Tricore/Msc/Std/IfxMsc.h ****     IfxMsc_SlowChannelLength_2  = 2,  /**< \brief Length is 2 */
 849:../Libraries/iLLD/TC4xx/Tricore/Msc/Std/IfxMsc.h ****     IfxMsc_SlowChannelLength_4  = 3,  /**< \brief Length is 4 */
 850:../Libraries/iLLD/TC4xx/Tricore/Msc/Std/IfxMsc.h ****     IfxMsc_SlowChannelLength_8  = 4,  /**< \brief Length is 8 */
 851:../Libraries/iLLD/TC4xx/Tricore/Msc/Std/IfxMsc.h ****     IfxMsc_SlowChannelLength_16 = 5,  /**< \brief Length is 16 */
 852:../Libraries/iLLD/TC4xx/Tricore/Msc/Std/IfxMsc.h ****     IfxMsc_SlowChannelLength_32 = 6   /**< \brief Length is 32 */
 853:../Libraries/iLLD/TC4xx/Tricore/Msc/Std/IfxMsc.h **** } IfxMsc_SlowChannelLength;
 854:../Libraries/iLLD/TC4xx/Tricore/Msc/Std/IfxMsc.h **** 
 855:../Libraries/iLLD/TC4xx/Tricore/Msc/Std/IfxMsc.h **** /** \brief Parity of SLow Channel Frame\n
 856:../Libraries/iLLD/TC4xx/Tricore/Msc/Std/IfxMsc.h ****  * Definition in Ifx_MSC.SSC.B.PC0/1
 857:../Libraries/iLLD/TC4xx/Tricore/Msc/Std/IfxMsc.h ****  */
 858:../Libraries/iLLD/TC4xx/Tricore/Msc/Std/IfxMsc.h **** typedef enum
 859:../Libraries/iLLD/TC4xx/Tricore/Msc/Std/IfxMsc.h **** {
 860:../Libraries/iLLD/TC4xx/Tricore/Msc/Std/IfxMsc.h ****     IfxMsc_SlowChannelParity_parityOff  = 0,  /**< \brief Parity is OFF */
 861:../Libraries/iLLD/TC4xx/Tricore/Msc/Std/IfxMsc.h ****     IfxMsc_SlowChannelParity_evenParity = 1,  /**< \brief Even Parity is ON */
 862:../Libraries/iLLD/TC4xx/Tricore/Msc/Std/IfxMsc.h ****     IfxMsc_SlowChannelParity_oddParity  = 2   /**< \brief Odd Parity is ON */
 863:../Libraries/iLLD/TC4xx/Tricore/Msc/Std/IfxMsc.h **** } IfxMsc_SlowChannelParity;
 864:../Libraries/iLLD/TC4xx/Tricore/Msc/Std/IfxMsc.h **** 
 865:../Libraries/iLLD/TC4xx/Tricore/Msc/Std/IfxMsc.h **** /** \brief Output Control Register - SOP Line Polarity\n
 866:../Libraries/iLLD/TC4xx/Tricore/Msc/Std/IfxMsc.h ****  * Definition in Ifx_MSC.OCR.B.SLP
 867:../Libraries/iLLD/TC4xx/Tricore/Msc/Std/IfxMsc.h ****  */
 868:../Libraries/iLLD/TC4xx/Tricore/Msc/Std/IfxMsc.h **** typedef enum
 869:../Libraries/iLLD/TC4xx/Tricore/Msc/Std/IfxMsc.h **** {
 870:../Libraries/iLLD/TC4xx/Tricore/Msc/Std/IfxMsc.h ****     IfxMsc_SoLinePolarity_nonInverted = 0,  /**< \brief SOP and SO polarity is identical */
 871:../Libraries/iLLD/TC4xx/Tricore/Msc/Std/IfxMsc.h ****     IfxMsc_SoLinePolarity_inverted    = 1   /**< \brief SOP and SO polarity is inverted */
 872:../Libraries/iLLD/TC4xx/Tricore/Msc/Std/IfxMsc.h **** } IfxMsc_SoLinePolarity;
 873:../Libraries/iLLD/TC4xx/Tricore/Msc/Std/IfxMsc.h **** 
 874:../Libraries/iLLD/TC4xx/Tricore/Msc/Std/IfxMsc.h **** /** \brief Downstream Select Data Source Low Register - Select Source for - SRL and SRHNumber Of Pa
 875:../Libraries/iLLD/TC4xx/Tricore/Msc/Std/IfxMsc.h ****  * Definition in Ifx_MSC.DSDSL and Ifx_MSC.DSDSH
 876:../Libraries/iLLD/TC4xx/Tricore/Msc/Std/IfxMsc.h ****  */
 877:../Libraries/iLLD/TC4xx/Tricore/Msc/Std/IfxMsc.h **** typedef enum
 878:../Libraries/iLLD/TC4xx/Tricore/Msc/Std/IfxMsc.h **** {
 879:../Libraries/iLLD/TC4xx/Tricore/Msc/Std/IfxMsc.h ****     IfxMsc_Source_downstreamDataRegister     = 0, /**< \brief SRx[16] is taken from data Register D
 880:../Libraries/iLLD/TC4xx/Tricore/Msc/Std/IfxMsc.h ****     IfxMsc_Source_alternateInputLine         = 2, /**< \brief SRx[16] is taken from ALTINL input li
 881:../Libraries/iLLD/TC4xx/Tricore/Msc/Std/IfxMsc.h ****     IfxMsc_Source_alternateInputLineInverted = 3  /**< \brief SRx[16] is taken from ALTINL input li
 882:../Libraries/iLLD/TC4xx/Tricore/Msc/Std/IfxMsc.h **** } IfxMsc_Source;
 883:../Libraries/iLLD/TC4xx/Tricore/Msc/Std/IfxMsc.h **** 
 884:../Libraries/iLLD/TC4xx/Tricore/Msc/Std/IfxMsc.h **** /** \brief MSC Stream mode.
 885:../Libraries/iLLD/TC4xx/Tricore/Msc/Std/IfxMsc.h ****  * Used for correct baudrate calculation
 886:../Libraries/iLLD/TC4xx/Tricore/Msc/Std/IfxMsc.h ****  */
 887:../Libraries/iLLD/TC4xx/Tricore/Msc/Std/IfxMsc.h **** typedef enum
 888:../Libraries/iLLD/TC4xx/Tricore/Msc/Std/IfxMsc.h **** {
 889:../Libraries/iLLD/TC4xx/Tricore/Msc/Std/IfxMsc.h ****     IfxMsc_StreamMode_up   = 0, /**< \brief MSC is used in upStream mode */
 890:../Libraries/iLLD/TC4xx/Tricore/Msc/Std/IfxMsc.h ****     IfxMsc_StreamMode_down = 1  /**< \brief MSC is used in downStream mode */
 891:../Libraries/iLLD/TC4xx/Tricore/Msc/Std/IfxMsc.h **** } IfxMsc_StreamMode;
 892:../Libraries/iLLD/TC4xx/Tricore/Msc/Std/IfxMsc.h **** 
 893:../Libraries/iLLD/TC4xx/Tricore/Msc/Std/IfxMsc.h **** /** \brief OCDS Suspend Control (OCDS.SUS)
 894:../Libraries/iLLD/TC4xx/Tricore/Msc/Std/IfxMsc.h ****  */
 895:../Libraries/iLLD/TC4xx/Tricore/Msc/Std/IfxMsc.h **** typedef enum
 896:../Libraries/iLLD/TC4xx/Tricore/Msc/Std/IfxMsc.h **** {
 897:../Libraries/iLLD/TC4xx/Tricore/Msc/Std/IfxMsc.h ****     IfxMsc_SuspendMode_none = 0,  /**< \brief No suspend */
 898:../Libraries/iLLD/TC4xx/Tricore/Msc/Std/IfxMsc.h ****     IfxMsc_SuspendMode_hard = 1,  /**< \brief Hard Suspend */
 899:../Libraries/iLLD/TC4xx/Tricore/Msc/Std/IfxMsc.h ****     IfxMsc_SuspendMode_soft = 2   /**< \brief Soft Suspend */
 900:../Libraries/iLLD/TC4xx/Tricore/Msc/Std/IfxMsc.h **** } IfxMsc_SuspendMode;
 901:../Libraries/iLLD/TC4xx/Tricore/Msc/Std/IfxMsc.h **** 
 902:../Libraries/iLLD/TC4xx/Tricore/Msc/Std/IfxMsc.h **** /** \brief Msc Targets - use as chip enable selection for ENH, ENL and ENC
 903:../Libraries/iLLD/TC4xx/Tricore/Msc/Std/IfxMsc.h ****  */
 904:../Libraries/iLLD/TC4xx/Tricore/Msc/Std/IfxMsc.h **** typedef enum
 905:../Libraries/iLLD/TC4xx/Tricore/Msc/Std/IfxMsc.h **** {
 906:../Libraries/iLLD/TC4xx/Tricore/Msc/Std/IfxMsc.h ****     IfxMsc_Target_en0 = 0,      /**< \brief Target EN0  */
 907:../Libraries/iLLD/TC4xx/Tricore/Msc/Std/IfxMsc.h ****     IfxMsc_Target_en1,          /**< \brief Target EN1  */
 908:../Libraries/iLLD/TC4xx/Tricore/Msc/Std/IfxMsc.h ****     IfxMsc_Target_en2,          /**< \brief Target EN2  */
 909:../Libraries/iLLD/TC4xx/Tricore/Msc/Std/IfxMsc.h ****     IfxMsc_Target_en3           /**< \brief Target EN3  */
 910:../Libraries/iLLD/TC4xx/Tricore/Msc/Std/IfxMsc.h **** } IfxMsc_Target;
 911:../Libraries/iLLD/TC4xx/Tricore/Msc/Std/IfxMsc.h **** 
 912:../Libraries/iLLD/TC4xx/Tricore/Msc/Std/IfxMsc.h **** /** \brief Interrupt Control Register - Time Frame Interrupt Enable\n
 913:../Libraries/iLLD/TC4xx/Tricore/Msc/Std/IfxMsc.h ****  * Definition in Ifx_MSC.ICR.B.TFIE
 914:../Libraries/iLLD/TC4xx/Tricore/Msc/Std/IfxMsc.h ****  */
 915:../Libraries/iLLD/TC4xx/Tricore/Msc/Std/IfxMsc.h **** typedef enum
 916:../Libraries/iLLD/TC4xx/Tricore/Msc/Std/IfxMsc.h **** {
 917:../Libraries/iLLD/TC4xx/Tricore/Msc/Std/IfxMsc.h ****     IfxMsc_TimeFrameInterrupt_disabled = 0,  /**< \brief Interrupt generation disabled */
 918:../Libraries/iLLD/TC4xx/Tricore/Msc/Std/IfxMsc.h ****     IfxMsc_TimeFrameInterrupt_enabled  = 1   /**< \brief Interrupt generation enabled */
 919:../Libraries/iLLD/TC4xx/Tricore/Msc/Std/IfxMsc.h **** } IfxMsc_TimeFrameInterrupt;
 920:../Libraries/iLLD/TC4xx/Tricore/Msc/Std/IfxMsc.h **** 
 921:../Libraries/iLLD/TC4xx/Tricore/Msc/Std/IfxMsc.h **** /** \brief Interrupt Control Register - Time Frame Interrupt Pointer\n
 922:../Libraries/iLLD/TC4xx/Tricore/Msc/Std/IfxMsc.h ****  * Definition in Ifx_MSC.ICR.B.TFIP
 923:../Libraries/iLLD/TC4xx/Tricore/Msc/Std/IfxMsc.h ****  */
 924:../Libraries/iLLD/TC4xx/Tricore/Msc/Std/IfxMsc.h **** typedef enum
 925:../Libraries/iLLD/TC4xx/Tricore/Msc/Std/IfxMsc.h **** {
 926:../Libraries/iLLD/TC4xx/Tricore/Msc/Std/IfxMsc.h ****     IfxMsc_TimeFrameInterruptNode_SR0 = 0,      /**< \brief Service request output SR0 selected  */
 927:../Libraries/iLLD/TC4xx/Tricore/Msc/Std/IfxMsc.h ****     IfxMsc_TimeFrameInterruptNode_SR1,          /**< \brief Service request output SR1 selected  */
 928:../Libraries/iLLD/TC4xx/Tricore/Msc/Std/IfxMsc.h ****     IfxMsc_TimeFrameInterruptNode_SR2,          /**< \brief Service request output SR2 selected  */
 929:../Libraries/iLLD/TC4xx/Tricore/Msc/Std/IfxMsc.h ****     IfxMsc_TimeFrameInterruptNode_SR3           /**< \brief Service request output SR3 selected  */
 930:../Libraries/iLLD/TC4xx/Tricore/Msc/Std/IfxMsc.h **** } IfxMsc_TimeFrameInterruptNode;
 931:../Libraries/iLLD/TC4xx/Tricore/Msc/Std/IfxMsc.h **** 
 932:../Libraries/iLLD/TC4xx/Tricore/Msc/Std/IfxMsc.h **** /** \brief Interrupt Control Register - Time Frame Manchester Code Interrupt Enable
 933:../Libraries/iLLD/TC4xx/Tricore/Msc/Std/IfxMsc.h ****  * Definition in Ifx_MSC.ICR.B.TFMIE
 934:../Libraries/iLLD/TC4xx/Tricore/Msc/Std/IfxMsc.h ****  */
 935:../Libraries/iLLD/TC4xx/Tricore/Msc/Std/IfxMsc.h **** typedef enum
 936:../Libraries/iLLD/TC4xx/Tricore/Msc/Std/IfxMsc.h **** {
 937:../Libraries/iLLD/TC4xx/Tricore/Msc/Std/IfxMsc.h ****     IfxMsc_TimeFrameManchesterCodeInterrupt_disabled = 0,  /**< \brief Interrupt generation disable
 938:../Libraries/iLLD/TC4xx/Tricore/Msc/Std/IfxMsc.h ****     IfxMsc_TimeFrameManchesterCodeInterrupt_enabled  = 1   /**< \brief Interrupt generation enabled
 939:../Libraries/iLLD/TC4xx/Tricore/Msc/Std/IfxMsc.h **** } IfxMsc_TimeFrameManchesterCodeInterrupt;
 940:../Libraries/iLLD/TC4xx/Tricore/Msc/Std/IfxMsc.h **** 
 941:../Libraries/iLLD/TC4xx/Tricore/Msc/Std/IfxMsc.h **** /** \brief Interrupt Control Register - Time Frame Manchester Code Interrupt Pointer
 942:../Libraries/iLLD/TC4xx/Tricore/Msc/Std/IfxMsc.h ****  * Definition in Ifx_MSC.ICR.B.TFMIP
 943:../Libraries/iLLD/TC4xx/Tricore/Msc/Std/IfxMsc.h ****  */
 944:../Libraries/iLLD/TC4xx/Tricore/Msc/Std/IfxMsc.h **** typedef enum
 945:../Libraries/iLLD/TC4xx/Tricore/Msc/Std/IfxMsc.h **** {
 946:../Libraries/iLLD/TC4xx/Tricore/Msc/Std/IfxMsc.h ****     IfxMsc_TimeFrameManchesterCodeInterruptNode_SR0 = 0,  /**< \brief Service request output SR0 se
 947:../Libraries/iLLD/TC4xx/Tricore/Msc/Std/IfxMsc.h ****     IfxMsc_TimeFrameManchesterCodeInterruptNode_SR1 = 1,  /**< \brief Service request output SR1 se
 948:../Libraries/iLLD/TC4xx/Tricore/Msc/Std/IfxMsc.h ****     IfxMsc_TimeFrameManchesterCodeInterruptNode_SR2 = 2,  /**< \brief Service request output SR2 se
 949:../Libraries/iLLD/TC4xx/Tricore/Msc/Std/IfxMsc.h ****     IfxMsc_TimeFrameManchesterCodeInterruptNode_SR3 = 3   /**< \brief Service request output SR3 se
 950:../Libraries/iLLD/TC4xx/Tricore/Msc/Std/IfxMsc.h **** } IfxMsc_TimeFrameManchesterCodeInterruptNode;
 951:../Libraries/iLLD/TC4xx/Tricore/Msc/Std/IfxMsc.h **** 
 952:../Libraries/iLLD/TC4xx/Tricore/Msc/Std/IfxMsc.h **** /** \brief Downstream Channel Transmission Mode\n
 953:../Libraries/iLLD/TC4xx/Tricore/Msc/Std/IfxMsc.h ****  * Definition in Ifx_MSC.DSC.B.TM
 954:../Libraries/iLLD/TC4xx/Tricore/Msc/Std/IfxMsc.h ****  */
 955:../Libraries/iLLD/TC4xx/Tricore/Msc/Std/IfxMsc.h **** typedef enum
 956:../Libraries/iLLD/TC4xx/Tricore/Msc/Std/IfxMsc.h **** {
 957:../Libraries/iLLD/TC4xx/Tricore/Msc/Std/IfxMsc.h ****     IfxMsc_TransmissionMode_triggered      = 0, /**< \brief Triggered Mode */
 958:../Libraries/iLLD/TC4xx/Tricore/Msc/Std/IfxMsc.h ****     IfxMsc_TransmissionMode_dataRepetition = 1  /**< \brief Data Repetition Mode */
 959:../Libraries/iLLD/TC4xx/Tricore/Msc/Std/IfxMsc.h **** } IfxMsc_TransmissionMode;
 960:../Libraries/iLLD/TC4xx/Tricore/Msc/Std/IfxMsc.h **** 
 961:../Libraries/iLLD/TC4xx/Tricore/Msc/Std/IfxMsc.h **** /** \brief Select the Timer for Alternative Input
 962:../Libraries/iLLD/TC4xx/Tricore/Msc/Std/IfxMsc.h ****  * Definition in Ifx_MSC.DSC.B.ALTSEL
 963:../Libraries/iLLD/TC4xx/Tricore/Msc/Std/IfxMsc.h ****  */
 964:../Libraries/iLLD/TC4xx/Tricore/Msc/Std/IfxMsc.h **** typedef enum
 965:../Libraries/iLLD/TC4xx/Tricore/Msc/Std/IfxMsc.h **** {
 966:../Libraries/iLLD/TC4xx/Tricore/Msc/Std/IfxMsc.h ****     IfxMsc_TriggerSource_gtm  = 0, /**< \brief GTM input is selected */
 967:../Libraries/iLLD/TC4xx/Tricore/Msc/Std/IfxMsc.h ****     IfxMsc_TriggerSource_eGtm = 1  /**< \brief eGTM input is selected */
 968:../Libraries/iLLD/TC4xx/Tricore/Msc/Std/IfxMsc.h **** } IfxMsc_TriggerSource;
 969:../Libraries/iLLD/TC4xx/Tricore/Msc/Std/IfxMsc.h **** 
 970:../Libraries/iLLD/TC4xx/Tricore/Msc/Std/IfxMsc.h **** /** \brief Asynchronous Block Configuration Register - Underflow Interrupt Enable\n
 971:../Libraries/iLLD/TC4xx/Tricore/Msc/Std/IfxMsc.h ****  * Definition in Ifx_MSC.ABC.B.UIE
 972:../Libraries/iLLD/TC4xx/Tricore/Msc/Std/IfxMsc.h ****  */
 973:../Libraries/iLLD/TC4xx/Tricore/Msc/Std/IfxMsc.h **** typedef enum
 974:../Libraries/iLLD/TC4xx/Tricore/Msc/Std/IfxMsc.h **** {
 975:../Libraries/iLLD/TC4xx/Tricore/Msc/Std/IfxMsc.h ****     IfxMsc_UnderflowInterrupt_disabled = 0,  /**< \brief Disables the path of the Underflow interru
 976:../Libraries/iLLD/TC4xx/Tricore/Msc/Std/IfxMsc.h ****     IfxMsc_UnderflowInterrupt_enabled  = 1   /**< \brief Enables the path of the Underflow interrup
 977:../Libraries/iLLD/TC4xx/Tricore/Msc/Std/IfxMsc.h **** } IfxMsc_UnderflowInterrupt;
 978:../Libraries/iLLD/TC4xx/Tricore/Msc/Std/IfxMsc.h **** 
 979:../Libraries/iLLD/TC4xx/Tricore/Msc/Std/IfxMsc.h **** /** \brief Asynchronous Block Configuration Register - Underflow Interrupt Node Pointer\n
 980:../Libraries/iLLD/TC4xx/Tricore/Msc/Std/IfxMsc.h ****  * Definition in Ifx_MSC.ABC.B.UIP
 981:../Libraries/iLLD/TC4xx/Tricore/Msc/Std/IfxMsc.h ****  */
 982:../Libraries/iLLD/TC4xx/Tricore/Msc/Std/IfxMsc.h **** typedef enum
 983:../Libraries/iLLD/TC4xx/Tricore/Msc/Std/IfxMsc.h **** {
 984:../Libraries/iLLD/TC4xx/Tricore/Msc/Std/IfxMsc.h ****     IfxMsc_UnderflowInterruptNode_SR0 = 0,      /**< \brief Service request output SR0 selected  */
 985:../Libraries/iLLD/TC4xx/Tricore/Msc/Std/IfxMsc.h ****     IfxMsc_UnderflowInterruptNode_SR1,          /**< \brief Service request output SR1 selected  */
 986:../Libraries/iLLD/TC4xx/Tricore/Msc/Std/IfxMsc.h ****     IfxMsc_UnderflowInterruptNode_SR2,          /**< \brief Service request output SR2 selected  */
 987:../Libraries/iLLD/TC4xx/Tricore/Msc/Std/IfxMsc.h ****     IfxMsc_UnderflowInterruptNode_SR3,          /**< \brief Service request output SR3 selected  */
 988:../Libraries/iLLD/TC4xx/Tricore/Msc/Std/IfxMsc.h ****     IfxMsc_UnderflowInterruptNode_SR4           /**< \brief Service request output SR4 selected  */
 989:../Libraries/iLLD/TC4xx/Tricore/Msc/Std/IfxMsc.h **** } IfxMsc_UnderflowInterruptNode;
 990:../Libraries/iLLD/TC4xx/Tricore/Msc/Std/IfxMsc.h **** 
 991:../Libraries/iLLD/TC4xx/Tricore/Msc/Std/IfxMsc.h **** /** \brief Channel Frame Type\n
 992:../Libraries/iLLD/TC4xx/Tricore/Msc/Std/IfxMsc.h ****  * Definition in Ifx_MSC.USR.B.UFT
 993:../Libraries/iLLD/TC4xx/Tricore/Msc/Std/IfxMsc.h ****  */
 994:../Libraries/iLLD/TC4xx/Tricore/Msc/Std/IfxMsc.h **** typedef enum
 995:../Libraries/iLLD/TC4xx/Tricore/Msc/Std/IfxMsc.h **** {
 996:../Libraries/iLLD/TC4xx/Tricore/Msc/Std/IfxMsc.h ****     IfxMsc_UpstreamChannelFrameType_12bit = 0,  /**< \brief 12-bit Upstream frame selected */
 997:../Libraries/iLLD/TC4xx/Tricore/Msc/Std/IfxMsc.h ****     IfxMsc_UpstreamChannelFrameType_16bit = 1   /**< \brief 16-bit Upstream frame selected */
 998:../Libraries/iLLD/TC4xx/Tricore/Msc/Std/IfxMsc.h **** } IfxMsc_UpstreamChannelFrameType;
 999:../Libraries/iLLD/TC4xx/Tricore/Msc/Std/IfxMsc.h **** 
1000:../Libraries/iLLD/TC4xx/Tricore/Msc/Std/IfxMsc.h **** /** \brief Upstream Receiving Rate\n
1001:../Libraries/iLLD/TC4xx/Tricore/Msc/Std/IfxMsc.h ****  * Definition in Ifx_MSC.USR.B.URR
1002:../Libraries/iLLD/TC4xx/Tricore/Msc/Std/IfxMsc.h ****  */
1003:../Libraries/iLLD/TC4xx/Tricore/Msc/Std/IfxMsc.h **** typedef enum
1004:../Libraries/iLLD/TC4xx/Tricore/Msc/Std/IfxMsc.h **** {
1005:../Libraries/iLLD/TC4xx/Tricore/Msc/Std/IfxMsc.h ****     IfxMsc_UpstreamChannelReceivingRate_disabled = 0,  /**< \brief Disabled */
1006:../Libraries/iLLD/TC4xx/Tricore/Msc/Std/IfxMsc.h ****     IfxMsc_UpstreamChannelReceivingRate_4        = 1,  /**< \brief Baud rate = f_MSC / 4 */
1007:../Libraries/iLLD/TC4xx/Tricore/Msc/Std/IfxMsc.h ****     IfxMsc_UpstreamChannelReceivingRate_8        = 2,  /**< \brief Baud rate = f_MSC / 8 */
1008:../Libraries/iLLD/TC4xx/Tricore/Msc/Std/IfxMsc.h ****     IfxMsc_UpstreamChannelReceivingRate_16       = 3,  /**< \brief Baud rate = f_MSC / 16 */
1009:../Libraries/iLLD/TC4xx/Tricore/Msc/Std/IfxMsc.h ****     IfxMsc_UpstreamChannelReceivingRate_32       = 4,  /**< \brief Baud rate = f_MSC / 32 */
1010:../Libraries/iLLD/TC4xx/Tricore/Msc/Std/IfxMsc.h ****     IfxMsc_UpstreamChannelReceivingRate_64       = 5,  /**< \brief Baud rate = f_MSC / 64 */
1011:../Libraries/iLLD/TC4xx/Tricore/Msc/Std/IfxMsc.h ****     IfxMsc_UpstreamChannelReceivingRate_128      = 6,  /**< \brief Baud rate = f_MSC / 128 */
1012:../Libraries/iLLD/TC4xx/Tricore/Msc/Std/IfxMsc.h ****     IfxMsc_UpstreamChannelReceivingRate_256      = 7   /**< \brief Baud rate = f_MSC / 256 */
1013:../Libraries/iLLD/TC4xx/Tricore/Msc/Std/IfxMsc.h **** } IfxMsc_UpstreamChannelReceivingRate;
1014:../Libraries/iLLD/TC4xx/Tricore/Msc/Std/IfxMsc.h **** 
1015:../Libraries/iLLD/TC4xx/Tricore/Msc/Std/IfxMsc.h **** /** \brief Upstream Control Enhanced Register 1 - Upstream Timeout Interrupt Enable\n
1016:../Libraries/iLLD/TC4xx/Tricore/Msc/Std/IfxMsc.h ****  * Definition in Ifx_MSC.USCE.B.USTOEN
1017:../Libraries/iLLD/TC4xx/Tricore/Msc/Std/IfxMsc.h ****  */
1018:../Libraries/iLLD/TC4xx/Tricore/Msc/Std/IfxMsc.h **** typedef enum
1019:../Libraries/iLLD/TC4xx/Tricore/Msc/Std/IfxMsc.h **** {
1020:../Libraries/iLLD/TC4xx/Tricore/Msc/Std/IfxMsc.h ****     IfxMsc_UpstreamTimeoutInterrupt_disabled = 0,  /**< \brief Upstream Timeout Interrupt Disabled 
1021:../Libraries/iLLD/TC4xx/Tricore/Msc/Std/IfxMsc.h ****     IfxMsc_UpstreamTimeoutInterrupt_enabled  = 1   /**< \brief Upstream Timeout Interrupt Enabled *
1022:../Libraries/iLLD/TC4xx/Tricore/Msc/Std/IfxMsc.h **** } IfxMsc_UpstreamTimeoutInterrupt;
1023:../Libraries/iLLD/TC4xx/Tricore/Msc/Std/IfxMsc.h **** 
1024:../Libraries/iLLD/TC4xx/Tricore/Msc/Std/IfxMsc.h **** /** \brief Upstream Control Enhanced Register 1 - Upstream Timeout Interrupt Node Pointer\n
1025:../Libraries/iLLD/TC4xx/Tricore/Msc/Std/IfxMsc.h ****  * Definition in Ifx_MSC.USCE.B.USTOIP
1026:../Libraries/iLLD/TC4xx/Tricore/Msc/Std/IfxMsc.h ****  */
1027:../Libraries/iLLD/TC4xx/Tricore/Msc/Std/IfxMsc.h **** typedef enum
1028:../Libraries/iLLD/TC4xx/Tricore/Msc/Std/IfxMsc.h **** {
1029:../Libraries/iLLD/TC4xx/Tricore/Msc/Std/IfxMsc.h ****     IfxMsc_UpstreamTimeoutInterruptNode_SR0 = 0,      /**< \brief Service request output SR0 select
1030:../Libraries/iLLD/TC4xx/Tricore/Msc/Std/IfxMsc.h ****     IfxMsc_UpstreamTimeoutInterruptNode_SR1,          /**< \brief Service request output SR1 select
1031:../Libraries/iLLD/TC4xx/Tricore/Msc/Std/IfxMsc.h ****     IfxMsc_UpstreamTimeoutInterruptNode_SR2,          /**< \brief Service request output SR2 select
1032:../Libraries/iLLD/TC4xx/Tricore/Msc/Std/IfxMsc.h ****     IfxMsc_UpstreamTimeoutInterruptNode_SR3,          /**< \brief Service request output SR3 select
1033:../Libraries/iLLD/TC4xx/Tricore/Msc/Std/IfxMsc.h ****     IfxMsc_UpstreamTimeoutInterruptNode_SR4           /**< \brief Service request output SR4 select
1034:../Libraries/iLLD/TC4xx/Tricore/Msc/Std/IfxMsc.h **** } IfxMsc_UpstreamTimeoutInterruptNode;
1035:../Libraries/iLLD/TC4xx/Tricore/Msc/Std/IfxMsc.h **** 
1036:../Libraries/iLLD/TC4xx/Tricore/Msc/Std/IfxMsc.h **** /** \brief Upstream Control Enhanced Register 1 - Upstream Timeout Prescaler\n
1037:../Libraries/iLLD/TC4xx/Tricore/Msc/Std/IfxMsc.h ****  * Definition in Ifx_MSC.USCE.B.USTOPRE
1038:../Libraries/iLLD/TC4xx/Tricore/Msc/Std/IfxMsc.h ****  */
1039:../Libraries/iLLD/TC4xx/Tricore/Msc/Std/IfxMsc.h **** typedef enum
1040:../Libraries/iLLD/TC4xx/Tricore/Msc/Std/IfxMsc.h **** {
1041:../Libraries/iLLD/TC4xx/Tricore/Msc/Std/IfxMsc.h ****     IfxMsc_UpstreamTimeoutPrescaler_1     = 0,   /**< \brief Prescale value 1 for the upstream time
1042:../Libraries/iLLD/TC4xx/Tricore/Msc/Std/IfxMsc.h ****     IfxMsc_UpstreamTimeoutPrescaler_2     = 1,   /**< \brief Prescale value 2 for the upstream time
1043:../Libraries/iLLD/TC4xx/Tricore/Msc/Std/IfxMsc.h ****     IfxMsc_UpstreamTimeoutPrescaler_4     = 2,   /**< \brief Prescale value 4 for the upstream time
1044:../Libraries/iLLD/TC4xx/Tricore/Msc/Std/IfxMsc.h ****     IfxMsc_UpstreamTimeoutPrescaler_8     = 3,   /**< \brief Prescale value 8 for the upstream time
1045:../Libraries/iLLD/TC4xx/Tricore/Msc/Std/IfxMsc.h ****     IfxMsc_UpstreamTimeoutPrescaler_16    = 4,   /**< \brief Prescale value 16 for the upstream tim
1046:../Libraries/iLLD/TC4xx/Tricore/Msc/Std/IfxMsc.h ****     IfxMsc_UpstreamTimeoutPrescaler_32    = 5,   /**< \brief Prescale value 32 for the upstream tim
1047:../Libraries/iLLD/TC4xx/Tricore/Msc/Std/IfxMsc.h ****     IfxMsc_UpstreamTimeoutPrescaler_64    = 6,   /**< \brief Prescale value 64 for the upstream tim
1048:../Libraries/iLLD/TC4xx/Tricore/Msc/Std/IfxMsc.h ****     IfxMsc_UpstreamTimeoutPrescaler_128   = 7,   /**< \brief Prescale value 128 for the upstream ti
1049:../Libraries/iLLD/TC4xx/Tricore/Msc/Std/IfxMsc.h ****     IfxMsc_UpstreamTimeoutPrescaler_256   = 8,   /**< \brief Prescale value 256 for the upstream ti
1050:../Libraries/iLLD/TC4xx/Tricore/Msc/Std/IfxMsc.h ****     IfxMsc_UpstreamTimeoutPrescaler_512   = 9,   /**< \brief Prescale value 512 for the upstream ti
1051:../Libraries/iLLD/TC4xx/Tricore/Msc/Std/IfxMsc.h ****     IfxMsc_UpstreamTimeoutPrescaler_1024  = 10,  /**< \brief Prescale value 1024 for the upstream t
1052:../Libraries/iLLD/TC4xx/Tricore/Msc/Std/IfxMsc.h ****     IfxMsc_UpstreamTimeoutPrescaler_2048  = 11,  /**< \brief Prescale value 2048 for the upstream t
1053:../Libraries/iLLD/TC4xx/Tricore/Msc/Std/IfxMsc.h ****     IfxMsc_UpstreamTimeoutPrescaler_4096  = 12,  /**< \brief Prescale value 4096 for the upstream t
1054:../Libraries/iLLD/TC4xx/Tricore/Msc/Std/IfxMsc.h ****     IfxMsc_UpstreamTimeoutPrescaler_8192  = 13,  /**< \brief Prescale value 8192 for the upstream t
1055:../Libraries/iLLD/TC4xx/Tricore/Msc/Std/IfxMsc.h ****     IfxMsc_UpstreamTimeoutPrescaler_16384 = 14,  /**< \brief Prescale value 16384 for the upstream 
1056:../Libraries/iLLD/TC4xx/Tricore/Msc/Std/IfxMsc.h ****     IfxMsc_UpstreamTimeoutPrescaler_32768 = 15   /**< \brief Prescale value 32768 for the upstream 
1057:../Libraries/iLLD/TC4xx/Tricore/Msc/Std/IfxMsc.h **** } IfxMsc_UpstreamTimeoutPrescaler;
1058:../Libraries/iLLD/TC4xx/Tricore/Msc/Std/IfxMsc.h **** 
1059:../Libraries/iLLD/TC4xx/Tricore/Msc/Std/IfxMsc.h **** /** \brief Upstream Control Enhanced Register 1 - Upstream Timeout Value\n
1060:../Libraries/iLLD/TC4xx/Tricore/Msc/Std/IfxMsc.h ****  * Definition in Ifx_MSC.USCE.B.USTOVAL
1061:../Libraries/iLLD/TC4xx/Tricore/Msc/Std/IfxMsc.h ****  */
1062:../Libraries/iLLD/TC4xx/Tricore/Msc/Std/IfxMsc.h **** typedef enum
1063:../Libraries/iLLD/TC4xx/Tricore/Msc/Std/IfxMsc.h **** {
1064:../Libraries/iLLD/TC4xx/Tricore/Msc/Std/IfxMsc.h ****     IfxMsc_UpstreamTimeoutValue_1 = 0,      /**< \brief Upstream timeout value for the N-Divider  *
1065:../Libraries/iLLD/TC4xx/Tricore/Msc/Std/IfxMsc.h ****     IfxMsc_UpstreamTimeoutValue_2,          /**< \brief Upstream timeout value for the N-Divider  *
1066:../Libraries/iLLD/TC4xx/Tricore/Msc/Std/IfxMsc.h ****     IfxMsc_UpstreamTimeoutValue_3,          /**< \brief Upstream timeout value for the N-Divider  *
1067:../Libraries/iLLD/TC4xx/Tricore/Msc/Std/IfxMsc.h ****     IfxMsc_UpstreamTimeoutValue_4,          /**< \brief Upstream timeout value for the N-Divider  *
1068:../Libraries/iLLD/TC4xx/Tricore/Msc/Std/IfxMsc.h ****     IfxMsc_UpstreamTimeoutValue_5,          /**< \brief Upstream timeout value for the N-Divider  *
1069:../Libraries/iLLD/TC4xx/Tricore/Msc/Std/IfxMsc.h ****     IfxMsc_UpstreamTimeoutValue_6,          /**< \brief Upstream timeout value for the N-Divider  *
1070:../Libraries/iLLD/TC4xx/Tricore/Msc/Std/IfxMsc.h ****     IfxMsc_UpstreamTimeoutValue_7,          /**< \brief Upstream timeout value for the N-Divider  *
1071:../Libraries/iLLD/TC4xx/Tricore/Msc/Std/IfxMsc.h ****     IfxMsc_UpstreamTimeoutValue_8,          /**< \brief Upstream timeout value for the N-Divider  *
1072:../Libraries/iLLD/TC4xx/Tricore/Msc/Std/IfxMsc.h ****     IfxMsc_UpstreamTimeoutValue_9,          /**< \brief Upstream timeout value for the N-Divider  *
1073:../Libraries/iLLD/TC4xx/Tricore/Msc/Std/IfxMsc.h ****     IfxMsc_UpstreamTimeoutValue_10,         /**< \brief Upstream timeout value for the N-Divider  *
1074:../Libraries/iLLD/TC4xx/Tricore/Msc/Std/IfxMsc.h ****     IfxMsc_UpstreamTimeoutValue_11,         /**< \brief Upstream timeout value for the N-Divider  *
1075:../Libraries/iLLD/TC4xx/Tricore/Msc/Std/IfxMsc.h ****     IfxMsc_UpstreamTimeoutValue_12,         /**< \brief Upstream timeout value for the N-Divider  *
1076:../Libraries/iLLD/TC4xx/Tricore/Msc/Std/IfxMsc.h ****     IfxMsc_UpstreamTimeoutValue_13,         /**< \brief Upstream timeout value for the N-Divider  *
1077:../Libraries/iLLD/TC4xx/Tricore/Msc/Std/IfxMsc.h ****     IfxMsc_UpstreamTimeoutValue_14,         /**< \brief Upstream timeout value for the N-Divider  *
1078:../Libraries/iLLD/TC4xx/Tricore/Msc/Std/IfxMsc.h ****     IfxMsc_UpstreamTimeoutValue_15,         /**< \brief Upstream timeout value for the N-Divider  *
1079:../Libraries/iLLD/TC4xx/Tricore/Msc/Std/IfxMsc.h ****     IfxMsc_UpstreamTimeoutValue_16          /**< \brief Upstream timeout value for the N-Divider  *
1080:../Libraries/iLLD/TC4xx/Tricore/Msc/Std/IfxMsc.h **** } IfxMsc_UpstreamTimeoutValue;
1081:../Libraries/iLLD/TC4xx/Tricore/Msc/Std/IfxMsc.h **** 
1082:../Libraries/iLLD/TC4xx/Tricore/Msc/Std/IfxMsc.h **** /** \} */
1083:../Libraries/iLLD/TC4xx/Tricore/Msc/Std/IfxMsc.h **** 
1084:../Libraries/iLLD/TC4xx/Tricore/Msc/Std/IfxMsc.h **** /** \brief Clock source. Impacts baudrate calculation.
1085:../Libraries/iLLD/TC4xx/Tricore/Msc/Std/IfxMsc.h ****  * Definition in Ifx_MSC_FDR.ACS
1086:../Libraries/iLLD/TC4xx/Tricore/Msc/Std/IfxMsc.h ****  */
1087:../Libraries/iLLD/TC4xx/Tricore/Msc/Std/IfxMsc.h **** typedef enum
1088:../Libraries/iLLD/TC4xx/Tricore/Msc/Std/IfxMsc.h **** {
1089:../Libraries/iLLD/TC4xx/Tricore/Msc/Std/IfxMsc.h ****     IfxMsc_Clock_fSPB = 0,  /**< \brief Default configuration. SPB clock frequency is used as sourc
1090:../Libraries/iLLD/TC4xx/Tricore/Msc/Std/IfxMsc.h ****     IfxMsc_Clock_fSRI = 1   /**< \brief SRI clock frequency is used as source for MSC output */
1091:../Libraries/iLLD/TC4xx/Tricore/Msc/Std/IfxMsc.h **** } IfxMsc_Clock;
1092:../Libraries/iLLD/TC4xx/Tricore/Msc/Std/IfxMsc.h **** 
1093:../Libraries/iLLD/TC4xx/Tricore/Msc/Std/IfxMsc.h **** /******************************************************************************/
1094:../Libraries/iLLD/TC4xx/Tricore/Msc/Std/IfxMsc.h **** /*-----------------------------Data Structures--------------------------------*/
1095:../Libraries/iLLD/TC4xx/Tricore/Msc/Std/IfxMsc.h **** /******************************************************************************/
1096:../Libraries/iLLD/TC4xx/Tricore/Msc/Std/IfxMsc.h **** 
1097:../Libraries/iLLD/TC4xx/Tricore/Msc/Std/IfxMsc.h **** /** \brief Slow Channel Manchester Code Configuration
1098:../Libraries/iLLD/TC4xx/Tricore/Msc/Std/IfxMsc.h ****  */
1099:../Libraries/iLLD/TC4xx/Tricore/Msc/Std/IfxMsc.h **** typedef struct
1100:../Libraries/iLLD/TC4xx/Tricore/Msc/Std/IfxMsc.h **** {
1101:../Libraries/iLLD/TC4xx/Tricore/Msc/Std/IfxMsc.h ****     IfxMsc_ManchesterCode enable;       /**< \brief Enable/Disable Manchester Coding */
1102:../Libraries/iLLD/TC4xx/Tricore/Msc/Std/IfxMsc.h **** } IfxMsc_ManchesterConfig;
1103:../Libraries/iLLD/TC4xx/Tricore/Msc/Std/IfxMsc.h **** 
1104:../Libraries/iLLD/TC4xx/Tricore/Msc/Std/IfxMsc.h **** /** \brief PROT and APU Configuration
1105:../Libraries/iLLD/TC4xx/Tricore/Msc/Std/IfxMsc.h ****  */
1106:../Libraries/iLLD/TC4xx/Tricore/Msc/Std/IfxMsc.h **** typedef struct
1107:../Libraries/iLLD/TC4xx/Tricore/Msc/Std/IfxMsc.h **** {
1108:../Libraries/iLLD/TC4xx/Tricore/Msc/Std/IfxMsc.h ****     IfxApProt_ProtConfig proteConfig;        /**< \brief PROTE Config */
1109:../Libraries/iLLD/TC4xx/Tricore/Msc/Std/IfxMsc.h ****     IfxApProt_ProtConfig protseConfig;       /**< \brief PROTSE Config */
1110:../Libraries/iLLD/TC4xx/Tricore/Msc/Std/IfxMsc.h ****     IfxApApu_ApuConfig   apuConfig;          /**< \brief APU Config */
1111:../Libraries/iLLD/TC4xx/Tricore/Msc/Std/IfxMsc.h **** } IfxMsc_ApConfig;
1112:../Libraries/iLLD/TC4xx/Tricore/Msc/Std/IfxMsc.h **** 
1113:../Libraries/iLLD/TC4xx/Tricore/Msc/Std/IfxMsc.h **** /** \brief 64 bit commnd to be loaded first to DCE & then to DC for transmission.
1114:../Libraries/iLLD/TC4xx/Tricore/Msc/Std/IfxMsc.h ****  */
1115:../Libraries/iLLD/TC4xx/Tricore/Msc/Std/IfxMsc.h **** typedef struct
1116:../Libraries/iLLD/TC4xx/Tricore/Msc/Std/IfxMsc.h **** {
1117:../Libraries/iLLD/TC4xx/Tricore/Msc/Std/IfxMsc.h ****     uint32 dce;       /**< \brief Command to be wrtten to DCE register */
1118:../Libraries/iLLD/TC4xx/Tricore/Msc/Std/IfxMsc.h ****     uint32 dc;        /**< \brief Command to be wrtten to DC register */
1119:../Libraries/iLLD/TC4xx/Tricore/Msc/Std/IfxMsc.h **** } IfxMsc_CxModeCommand;
1120:../Libraries/iLLD/TC4xx/Tricore/Msc/Std/IfxMsc.h **** 
1121:../Libraries/iLLD/TC4xx/Tricore/Msc/Std/IfxMsc.h **** /** \brief Slow Channel Configuration
1122:../Libraries/iLLD/TC4xx/Tricore/Msc/Std/IfxMsc.h ****  */
1123:../Libraries/iLLD/TC4xx/Tricore/Msc/Std/IfxMsc.h **** typedef struct
1124:../Libraries/iLLD/TC4xx/Tricore/Msc/Std/IfxMsc.h **** {
1125:../Libraries/iLLD/TC4xx/Tricore/Msc/Std/IfxMsc.h ****     IfxMsc_ManchesterConfig              manchesterConfig;              /**< \brief Manchester Code
1126:../Libraries/iLLD/TC4xx/Tricore/Msc/Std/IfxMsc.h ****     IfxMsc_SlowChannelCommandFrameLength totalCommandLengthX;           /**< \brief Length of Comma
1127:../Libraries/iLLD/TC4xx/Tricore/Msc/Std/IfxMsc.h ****     IfxMsc_SlowChannelCommandFrameLength totalCommandLengthY;           /**< \brief Length of Comma
1128:../Libraries/iLLD/TC4xx/Tricore/Msc/Std/IfxMsc.h ****     IfxMsc_SlowChannelLength             slowChannelFrameLengthX;       /**< \brief Length of Slow 
1129:../Libraries/iLLD/TC4xx/Tricore/Msc/Std/IfxMsc.h ****     IfxMsc_SlowChannelLength             slowChannelFrameLengthY;       /**< \brief Length of Slow 
1130:../Libraries/iLLD/TC4xx/Tricore/Msc/Std/IfxMsc.h ****     IfxMsc_SlowChannelParity             parityX;                       /**< \brief Type of Parity 
1131:../Libraries/iLLD/TC4xx/Tricore/Msc/Std/IfxMsc.h ****     IfxMsc_SlowChannelParity             parityY;                       /**< \brief Type of Parity 
1132:../Libraries/iLLD/TC4xx/Tricore/Msc/Std/IfxMsc.h ****     IfxMsc_CommandFrameStopBitLength     stopBitX;                      /**< \brief Length of Stop 
1133:../Libraries/iLLD/TC4xx/Tricore/Msc/Std/IfxMsc.h ****     IfxMsc_CommandFrameStopBitLength     stopBitY;                      /**< \brief Length of Stop 
1134:../Libraries/iLLD/TC4xx/Tricore/Msc/Std/IfxMsc.h **** } IfxMsc_SlowChannelConfig;
1135:../Libraries/iLLD/TC4xx/Tricore/Msc/Std/IfxMsc.h **** 
1136:../Libraries/iLLD/TC4xx/Tricore/Msc/Std/IfxMsc.h **** /** \addtogroup IfxLld_Msc_Std_Config_Flags
1137:../Libraries/iLLD/TC4xx/Tricore/Msc/Std/IfxMsc.h ****  * \{ */
1138:../Libraries/iLLD/TC4xx/Tricore/Msc/Std/IfxMsc.h **** 
1139:../Libraries/iLLD/TC4xx/Tricore/Msc/Std/IfxMsc.h **** /******************************************************************************/
1140:../Libraries/iLLD/TC4xx/Tricore/Msc/Std/IfxMsc.h **** /*-------------------------Inline Function Prototypes-------------------------*/
1141:../Libraries/iLLD/TC4xx/Tricore/Msc/Std/IfxMsc.h **** /******************************************************************************/
1142:../Libraries/iLLD/TC4xx/Tricore/Msc/Std/IfxMsc.h **** 
1143:../Libraries/iLLD/TC4xx/Tricore/Msc/Std/IfxMsc.h **** /** \brief Clear ABRA overflow flag
1144:../Libraries/iLLD/TC4xx/Tricore/Msc/Std/IfxMsc.h ****  * \param msc pointer to the base of MSC registers
1145:../Libraries/iLLD/TC4xx/Tricore/Msc/Std/IfxMsc.h ****  * \return None
1146:../Libraries/iLLD/TC4xx/Tricore/Msc/Std/IfxMsc.h ****  */
1147:../Libraries/iLLD/TC4xx/Tricore/Msc/Std/IfxMsc.h **** IFX_INLINE void IfxMsc_clearAbraOverflowFlag(Ifx_MSC *msc);
1148:../Libraries/iLLD/TC4xx/Tricore/Msc/Std/IfxMsc.h **** 
1149:../Libraries/iLLD/TC4xx/Tricore/Msc/Std/IfxMsc.h **** /** \brief Clear ABRA underflow flag
1150:../Libraries/iLLD/TC4xx/Tricore/Msc/Std/IfxMsc.h ****  * \param msc pointer to the base of MSC registers
1151:../Libraries/iLLD/TC4xx/Tricore/Msc/Std/IfxMsc.h ****  * \return None
1152:../Libraries/iLLD/TC4xx/Tricore/Msc/Std/IfxMsc.h ****  */
1153:../Libraries/iLLD/TC4xx/Tricore/Msc/Std/IfxMsc.h **** IFX_INLINE void IfxMsc_clearAbraUnderflowFlag(Ifx_MSC *msc);
1154:../Libraries/iLLD/TC4xx/Tricore/Msc/Std/IfxMsc.h **** 
1155:../Libraries/iLLD/TC4xx/Tricore/Msc/Std/IfxMsc.h **** /** \brief Clear Upstream timeout
1156:../Libraries/iLLD/TC4xx/Tricore/Msc/Std/IfxMsc.h ****  * \param msc pointer to the base of MSC registers
1157:../Libraries/iLLD/TC4xx/Tricore/Msc/Std/IfxMsc.h ****  * \return None
1158:../Libraries/iLLD/TC4xx/Tricore/Msc/Std/IfxMsc.h ****  */
1159:../Libraries/iLLD/TC4xx/Tricore/Msc/Std/IfxMsc.h **** IFX_INLINE void IfxMsc_clearUpstreamTimeout(Ifx_MSC *msc);
1160:../Libraries/iLLD/TC4xx/Tricore/Msc/Std/IfxMsc.h **** 
1161:../Libraries/iLLD/TC4xx/Tricore/Msc/Std/IfxMsc.h **** /** \brief Clear the valid flag
1162:../Libraries/iLLD/TC4xx/Tricore/Msc/Std/IfxMsc.h ****  * \param msc pointer to the base of MSC registers
1163:../Libraries/iLLD/TC4xx/Tricore/Msc/Std/IfxMsc.h ****  * \param upstreamIdx data register ID
1164:../Libraries/iLLD/TC4xx/Tricore/Msc/Std/IfxMsc.h ****  * \return None
1165:../Libraries/iLLD/TC4xx/Tricore/Msc/Std/IfxMsc.h ****  */
1166:../Libraries/iLLD/TC4xx/Tricore/Msc/Std/IfxMsc.h **** IFX_INLINE void IfxMsc_clearUpstreamValidFlag(Ifx_MSC *msc, uint8 upstreamIdx);
1167:../Libraries/iLLD/TC4xx/Tricore/Msc/Std/IfxMsc.h **** 
1168:../Libraries/iLLD/TC4xx/Tricore/Msc/Std/IfxMsc.h **** /** \brief Get the status of the valid flag
1169:../Libraries/iLLD/TC4xx/Tricore/Msc/Std/IfxMsc.h ****  * \param msc pointer to the base of MSC registers
1170:../Libraries/iLLD/TC4xx/Tricore/Msc/Std/IfxMsc.h ****  * \param upstreamIdx data register ID
1171:../Libraries/iLLD/TC4xx/Tricore/Msc/Std/IfxMsc.h ****  * \return Status TRUE or FALSE
1172:../Libraries/iLLD/TC4xx/Tricore/Msc/Std/IfxMsc.h ****  */
1173:../Libraries/iLLD/TC4xx/Tricore/Msc/Std/IfxMsc.h **** IFX_INLINE boolean IfxMsc_getUpstreamValidFlag(Ifx_MSC *msc, uint8 upstreamIdx);
1174:../Libraries/iLLD/TC4xx/Tricore/Msc/Std/IfxMsc.h **** 
1175:../Libraries/iLLD/TC4xx/Tricore/Msc/Std/IfxMsc.h **** /** \} */
1176:../Libraries/iLLD/TC4xx/Tricore/Msc/Std/IfxMsc.h **** 
1177:../Libraries/iLLD/TC4xx/Tricore/Msc/Std/IfxMsc.h **** /** \addtogroup IfxLld_Msc_Std_Set_Command_Target
1178:../Libraries/iLLD/TC4xx/Tricore/Msc/Std/IfxMsc.h ****  * \{ */
1179:../Libraries/iLLD/TC4xx/Tricore/Msc/Std/IfxMsc.h **** 
1180:../Libraries/iLLD/TC4xx/Tricore/Msc/Std/IfxMsc.h **** /******************************************************************************/
1181:../Libraries/iLLD/TC4xx/Tricore/Msc/Std/IfxMsc.h **** /*-------------------------Inline Function Prototypes-------------------------*/
1182:../Libraries/iLLD/TC4xx/Tricore/Msc/Std/IfxMsc.h **** /******************************************************************************/
1183:../Libraries/iLLD/TC4xx/Tricore/Msc/Std/IfxMsc.h **** 
1184:../Libraries/iLLD/TC4xx/Tricore/Msc/Std/IfxMsc.h **** /** \brief Select the target for command phase
1185:../Libraries/iLLD/TC4xx/Tricore/Msc/Std/IfxMsc.h ****  * \param msc pointer to the base of MSC registers
1186:../Libraries/iLLD/TC4xx/Tricore/Msc/Std/IfxMsc.h ****  * \param enX Target to be selected
1187:../Libraries/iLLD/TC4xx/Tricore/Msc/Std/IfxMsc.h ****  * \return None
1188:../Libraries/iLLD/TC4xx/Tricore/Msc/Std/IfxMsc.h ****  */
1189:../Libraries/iLLD/TC4xx/Tricore/Msc/Std/IfxMsc.h **** IFX_INLINE void IfxMsc_setCommandTarget(Ifx_MSC *msc, IfxMsc_Target enX);
1190:../Libraries/iLLD/TC4xx/Tricore/Msc/Std/IfxMsc.h **** 
1191:../Libraries/iLLD/TC4xx/Tricore/Msc/Std/IfxMsc.h **** /** \} */
1192:../Libraries/iLLD/TC4xx/Tricore/Msc/Std/IfxMsc.h **** 
1193:../Libraries/iLLD/TC4xx/Tricore/Msc/Std/IfxMsc.h **** /** \addtogroup IfxLld_Msc_Std_Set_Data
1194:../Libraries/iLLD/TC4xx/Tricore/Msc/Std/IfxMsc.h ****  * \{ */
1195:../Libraries/iLLD/TC4xx/Tricore/Msc/Std/IfxMsc.h **** 
1196:../Libraries/iLLD/TC4xx/Tricore/Msc/Std/IfxMsc.h **** /******************************************************************************/
1197:../Libraries/iLLD/TC4xx/Tricore/Msc/Std/IfxMsc.h **** /*-------------------------Inline Function Prototypes-------------------------*/
1198:../Libraries/iLLD/TC4xx/Tricore/Msc/Std/IfxMsc.h **** /******************************************************************************/
1199:../Libraries/iLLD/TC4xx/Tricore/Msc/Std/IfxMsc.h **** 
1200:../Libraries/iLLD/TC4xx/Tricore/Msc/Std/IfxMsc.h **** /** \brief Select the target for data high phase
1201:../Libraries/iLLD/TC4xx/Tricore/Msc/Std/IfxMsc.h ****  * \param msc pointer to the base of MSC registers
1202:../Libraries/iLLD/TC4xx/Tricore/Msc/Std/IfxMsc.h ****  * \param enX Target to be selected
1203:../Libraries/iLLD/TC4xx/Tricore/Msc/Std/IfxMsc.h ****  * \return None
1204:../Libraries/iLLD/TC4xx/Tricore/Msc/Std/IfxMsc.h ****  */
1205:../Libraries/iLLD/TC4xx/Tricore/Msc/Std/IfxMsc.h **** IFX_INLINE void IfxMsc_setDataHighTarget(Ifx_MSC *msc, IfxMsc_Target enX);
1206:../Libraries/iLLD/TC4xx/Tricore/Msc/Std/IfxMsc.h **** 
1207:../Libraries/iLLD/TC4xx/Tricore/Msc/Std/IfxMsc.h **** /** \brief Select the target for data low phase
1208:../Libraries/iLLD/TC4xx/Tricore/Msc/Std/IfxMsc.h ****  * \param msc pointer to the base of MSC registers
1209:../Libraries/iLLD/TC4xx/Tricore/Msc/Std/IfxMsc.h ****  * \param enX Target to be selected
1210:../Libraries/iLLD/TC4xx/Tricore/Msc/Std/IfxMsc.h ****  * \return None
1211:../Libraries/iLLD/TC4xx/Tricore/Msc/Std/IfxMsc.h ****  */
1212:../Libraries/iLLD/TC4xx/Tricore/Msc/Std/IfxMsc.h **** IFX_INLINE void IfxMsc_setDataLowTarget(Ifx_MSC *msc, IfxMsc_Target enX);
1213:../Libraries/iLLD/TC4xx/Tricore/Msc/Std/IfxMsc.h **** 
1214:../Libraries/iLLD/TC4xx/Tricore/Msc/Std/IfxMsc.h **** /** \} */
1215:../Libraries/iLLD/TC4xx/Tricore/Msc/Std/IfxMsc.h **** 
1216:../Libraries/iLLD/TC4xx/Tricore/Msc/Std/IfxMsc.h **** /** \addtogroup IfxLld_Msc_Std_Get_Data
1217:../Libraries/iLLD/TC4xx/Tricore/Msc/Std/IfxMsc.h ****  * \{ */
1218:../Libraries/iLLD/TC4xx/Tricore/Msc/Std/IfxMsc.h **** 
1219:../Libraries/iLLD/TC4xx/Tricore/Msc/Std/IfxMsc.h **** /******************************************************************************/
1220:../Libraries/iLLD/TC4xx/Tricore/Msc/Std/IfxMsc.h **** /*-------------------------Inline Function Prototypes-------------------------*/
1221:../Libraries/iLLD/TC4xx/Tricore/Msc/Std/IfxMsc.h **** /******************************************************************************/
1222:../Libraries/iLLD/TC4xx/Tricore/Msc/Std/IfxMsc.h **** 
1223:../Libraries/iLLD/TC4xx/Tricore/Msc/Std/IfxMsc.h **** /** \brief Get the upstream data from upstream data register
1224:../Libraries/iLLD/TC4xx/Tricore/Msc/Std/IfxMsc.h ****  * \param msc pointer to the base of MSC registers
1225:../Libraries/iLLD/TC4xx/Tricore/Msc/Std/IfxMsc.h ****  * \param upstreamIdx Upstream data register ID
1226:../Libraries/iLLD/TC4xx/Tricore/Msc/Std/IfxMsc.h ****  * \return Recevived data
1227:../Libraries/iLLD/TC4xx/Tricore/Msc/Std/IfxMsc.h ****  */
1228:../Libraries/iLLD/TC4xx/Tricore/Msc/Std/IfxMsc.h **** IFX_INLINE uint16 IfxMsc_getData(Ifx_MSC *msc, uint8 upstreamIdx);
1229:../Libraries/iLLD/TC4xx/Tricore/Msc/Std/IfxMsc.h **** 
1230:../Libraries/iLLD/TC4xx/Tricore/Msc/Std/IfxMsc.h **** /** \brief Get the selected target during high phase
1231:../Libraries/iLLD/TC4xx/Tricore/Msc/Std/IfxMsc.h ****  * \param msc pointer to the base of MSC registers
1232:../Libraries/iLLD/TC4xx/Tricore/Msc/Std/IfxMsc.h ****  * \return Selected target
1233:../Libraries/iLLD/TC4xx/Tricore/Msc/Std/IfxMsc.h ****  */
1234:../Libraries/iLLD/TC4xx/Tricore/Msc/Std/IfxMsc.h **** IFX_INLINE IfxMsc_Target IfxMsc_getDataHighTarget(Ifx_MSC *msc);
1235:../Libraries/iLLD/TC4xx/Tricore/Msc/Std/IfxMsc.h **** 
1236:../Libraries/iLLD/TC4xx/Tricore/Msc/Std/IfxMsc.h **** /** \brief Get the selected target during low phase
1237:../Libraries/iLLD/TC4xx/Tricore/Msc/Std/IfxMsc.h ****  * \param msc pointer to the base of MSC registers
1238:../Libraries/iLLD/TC4xx/Tricore/Msc/Std/IfxMsc.h ****  * \return Selected target
1239:../Libraries/iLLD/TC4xx/Tricore/Msc/Std/IfxMsc.h ****  */
1240:../Libraries/iLLD/TC4xx/Tricore/Msc/Std/IfxMsc.h **** IFX_INLINE IfxMsc_Target IfxMsc_getDataLowTarget(Ifx_MSC *msc);
1241:../Libraries/iLLD/TC4xx/Tricore/Msc/Std/IfxMsc.h **** 
1242:../Libraries/iLLD/TC4xx/Tricore/Msc/Std/IfxMsc.h **** /** \} */
1243:../Libraries/iLLD/TC4xx/Tricore/Msc/Std/IfxMsc.h **** 
1244:../Libraries/iLLD/TC4xx/Tricore/Msc/Std/IfxMsc.h **** /** \addtogroup IfxLld_Msc_Std_Enable_Module
1245:../Libraries/iLLD/TC4xx/Tricore/Msc/Std/IfxMsc.h ****  * \{ */
1246:../Libraries/iLLD/TC4xx/Tricore/Msc/Std/IfxMsc.h **** 
1247:../Libraries/iLLD/TC4xx/Tricore/Msc/Std/IfxMsc.h **** /******************************************************************************/
1248:../Libraries/iLLD/TC4xx/Tricore/Msc/Std/IfxMsc.h **** /*-------------------------Global Function Prototypes-------------------------*/
1249:../Libraries/iLLD/TC4xx/Tricore/Msc/Std/IfxMsc.h **** /******************************************************************************/
1250:../Libraries/iLLD/TC4xx/Tricore/Msc/Std/IfxMsc.h **** 
1251:../Libraries/iLLD/TC4xx/Tricore/Msc/Std/IfxMsc.h **** /** \brief Disable MSC kernel
1252:../Libraries/iLLD/TC4xx/Tricore/Msc/Std/IfxMsc.h ****  * \param msc pointer to the base of MSC registers
1253:../Libraries/iLLD/TC4xx/Tricore/Msc/Std/IfxMsc.h ****  * \return None
1254:../Libraries/iLLD/TC4xx/Tricore/Msc/Std/IfxMsc.h ****  */
1255:../Libraries/iLLD/TC4xx/Tricore/Msc/Std/IfxMsc.h **** IFX_EXTERN void IfxMsc_disableModule(Ifx_MSC *msc);
1256:../Libraries/iLLD/TC4xx/Tricore/Msc/Std/IfxMsc.h **** 
1257:../Libraries/iLLD/TC4xx/Tricore/Msc/Std/IfxMsc.h **** /** \brief Enable MSC kernel
1258:../Libraries/iLLD/TC4xx/Tricore/Msc/Std/IfxMsc.h ****  * \param msc pointer to the base of MSC registers
1259:../Libraries/iLLD/TC4xx/Tricore/Msc/Std/IfxMsc.h ****  * \return None
1260:../Libraries/iLLD/TC4xx/Tricore/Msc/Std/IfxMsc.h ****  */
1261:../Libraries/iLLD/TC4xx/Tricore/Msc/Std/IfxMsc.h **** IFX_EXTERN void IfxMsc_enableModule(Ifx_MSC *msc);
1262:../Libraries/iLLD/TC4xx/Tricore/Msc/Std/IfxMsc.h **** 
1263:../Libraries/iLLD/TC4xx/Tricore/Msc/Std/IfxMsc.h **** /** \} */
1264:../Libraries/iLLD/TC4xx/Tricore/Msc/Std/IfxMsc.h **** 
1265:../Libraries/iLLD/TC4xx/Tricore/Msc/Std/IfxMsc.h **** /** \addtogroup IfxLld_Msc_Std_Reset_Module
1266:../Libraries/iLLD/TC4xx/Tricore/Msc/Std/IfxMsc.h ****  * \{ */
1267:../Libraries/iLLD/TC4xx/Tricore/Msc/Std/IfxMsc.h **** 
1268:../Libraries/iLLD/TC4xx/Tricore/Msc/Std/IfxMsc.h **** /******************************************************************************/
1269:../Libraries/iLLD/TC4xx/Tricore/Msc/Std/IfxMsc.h **** /*-------------------------Global Function Prototypes-------------------------*/
1270:../Libraries/iLLD/TC4xx/Tricore/Msc/Std/IfxMsc.h **** /******************************************************************************/
1271:../Libraries/iLLD/TC4xx/Tricore/Msc/Std/IfxMsc.h **** 
1272:../Libraries/iLLD/TC4xx/Tricore/Msc/Std/IfxMsc.h **** /** \brief Clear reset bit of MSC kernel
1273:../Libraries/iLLD/TC4xx/Tricore/Msc/Std/IfxMsc.h ****  * \param msc pointer to the base of MSC registers
1274:../Libraries/iLLD/TC4xx/Tricore/Msc/Std/IfxMsc.h ****  * \return None
1275:../Libraries/iLLD/TC4xx/Tricore/Msc/Std/IfxMsc.h ****  */
1276:../Libraries/iLLD/TC4xx/Tricore/Msc/Std/IfxMsc.h **** IFX_EXTERN void IfxMsc_clearReset(Ifx_MSC *msc);
1277:../Libraries/iLLD/TC4xx/Tricore/Msc/Std/IfxMsc.h **** 
1278:../Libraries/iLLD/TC4xx/Tricore/Msc/Std/IfxMsc.h **** /** \brief Reset MSC kernel
1279:../Libraries/iLLD/TC4xx/Tricore/Msc/Std/IfxMsc.h ****  * \param msc pointer to the base of MSC registers
1280:../Libraries/iLLD/TC4xx/Tricore/Msc/Std/IfxMsc.h ****  * \return None
1281:../Libraries/iLLD/TC4xx/Tricore/Msc/Std/IfxMsc.h ****  */
1282:../Libraries/iLLD/TC4xx/Tricore/Msc/Std/IfxMsc.h **** IFX_EXTERN void IfxMsc_resetModule(Ifx_MSC *msc);
1283:../Libraries/iLLD/TC4xx/Tricore/Msc/Std/IfxMsc.h **** 
1284:../Libraries/iLLD/TC4xx/Tricore/Msc/Std/IfxMsc.h **** /** \} */
1285:../Libraries/iLLD/TC4xx/Tricore/Msc/Std/IfxMsc.h **** 
1286:../Libraries/iLLD/TC4xx/Tricore/Msc/Std/IfxMsc.h **** /** \addtogroup IfxLld_Msc_Std_Baud_Calculator
1287:../Libraries/iLLD/TC4xx/Tricore/Msc/Std/IfxMsc.h ****  * \{ */
1288:../Libraries/iLLD/TC4xx/Tricore/Msc/Std/IfxMsc.h **** 
1289:../Libraries/iLLD/TC4xx/Tricore/Msc/Std/IfxMsc.h **** /******************************************************************************/
1290:../Libraries/iLLD/TC4xx/Tricore/Msc/Std/IfxMsc.h **** /*-------------------------Global Function Prototypes-------------------------*/
1291:../Libraries/iLLD/TC4xx/Tricore/Msc/Std/IfxMsc.h **** /******************************************************************************/
1292:../Libraries/iLLD/TC4xx/Tricore/Msc/Std/IfxMsc.h **** 
1293:../Libraries/iLLD/TC4xx/Tricore/Msc/Std/IfxMsc.h **** /** \brief Get the NDD value for the supplied baud rate when ABRA block is enabled
1294:../Libraries/iLLD/TC4xx/Tricore/Msc/Std/IfxMsc.h ****  * \param baud Required baud rate
1295:../Libraries/iLLD/TC4xx/Tricore/Msc/Std/IfxMsc.h ****  * \return NDD value
1296:../Libraries/iLLD/TC4xx/Tricore/Msc/Std/IfxMsc.h ****  */
1297:../Libraries/iLLD/TC4xx/Tricore/Msc/Std/IfxMsc.h **** IFX_EXTERN uint32 IfxMsc_downstreamAbraBaudCalculator(uint32 baud);
1298:../Libraries/iLLD/TC4xx/Tricore/Msc/Std/IfxMsc.h **** 
1299:../Libraries/iLLD/TC4xx/Tricore/Msc/Std/IfxMsc.h **** /** \brief Get the step value for the supplied baud rate when divider mode is fractional
1300:../Libraries/iLLD/TC4xx/Tricore/Msc/Std/IfxMsc.h ****  * \param msc pointer to the base of MSC registers
1301:../Libraries/iLLD/TC4xx/Tricore/Msc/Std/IfxMsc.h ****  * \param baud Required baud rate
1302:../Libraries/iLLD/TC4xx/Tricore/Msc/Std/IfxMsc.h ****  * \return Step value
1303:../Libraries/iLLD/TC4xx/Tricore/Msc/Std/IfxMsc.h ****  */
1304:../Libraries/iLLD/TC4xx/Tricore/Msc/Std/IfxMsc.h **** IFX_EXTERN uint32 IfxMsc_upstreamFractionalBaudCalculator(Ifx_MSC *msc, uint32 baud);
1305:../Libraries/iLLD/TC4xx/Tricore/Msc/Std/IfxMsc.h **** 
1306:../Libraries/iLLD/TC4xx/Tricore/Msc/Std/IfxMsc.h **** /** \brief Get the step value for the supplied baud rate when divider mode is normal
1307:../Libraries/iLLD/TC4xx/Tricore/Msc/Std/IfxMsc.h ****  * \param msc pointer to the base of MSC registers
1308:../Libraries/iLLD/TC4xx/Tricore/Msc/Std/IfxMsc.h ****  * \param baud Required baud rate
1309:../Libraries/iLLD/TC4xx/Tricore/Msc/Std/IfxMsc.h ****  * \return Step value
1310:../Libraries/iLLD/TC4xx/Tricore/Msc/Std/IfxMsc.h ****  */
1311:../Libraries/iLLD/TC4xx/Tricore/Msc/Std/IfxMsc.h **** IFX_EXTERN uint32 IfxMsc_upstreamNormalBaudCalculator(Ifx_MSC *msc, uint32 baud);
1312:../Libraries/iLLD/TC4xx/Tricore/Msc/Std/IfxMsc.h **** 
1313:../Libraries/iLLD/TC4xx/Tricore/Msc/Std/IfxMsc.h **** /** \} */
1314:../Libraries/iLLD/TC4xx/Tricore/Msc/Std/IfxMsc.h **** 
1315:../Libraries/iLLD/TC4xx/Tricore/Msc/Std/IfxMsc.h **** /** \addtogroup IfxLld_Msc_Std_IO
1316:../Libraries/iLLD/TC4xx/Tricore/Msc/Std/IfxMsc.h ****  * \{ */
1317:../Libraries/iLLD/TC4xx/Tricore/Msc/Std/IfxMsc.h **** 
1318:../Libraries/iLLD/TC4xx/Tricore/Msc/Std/IfxMsc.h **** /******************************************************************************/
1319:../Libraries/iLLD/TC4xx/Tricore/Msc/Std/IfxMsc.h **** /*-------------------------Inline Function Prototypes-------------------------*/
1320:../Libraries/iLLD/TC4xx/Tricore/Msc/Std/IfxMsc.h **** /******************************************************************************/
1321:../Libraries/iLLD/TC4xx/Tricore/Msc/Std/IfxMsc.h **** 
1322:../Libraries/iLLD/TC4xx/Tricore/Msc/Std/IfxMsc.h **** /** \brief Initializes a EN output
1323:../Libraries/iLLD/TC4xx/Tricore/Msc/Std/IfxMsc.h ****  * \param en the EN Pin which should be configured
1324:../Libraries/iLLD/TC4xx/Tricore/Msc/Std/IfxMsc.h ****  * \param pinMode the pin output mode which should be configured
1325:../Libraries/iLLD/TC4xx/Tricore/Msc/Std/IfxMsc.h ****  * \param padDriver the pad driver mode which should be configured
1326:../Libraries/iLLD/TC4xx/Tricore/Msc/Std/IfxMsc.h ****  * \return None
1327:../Libraries/iLLD/TC4xx/Tricore/Msc/Std/IfxMsc.h ****  */
1328:../Libraries/iLLD/TC4xx/Tricore/Msc/Std/IfxMsc.h **** IFX_INLINE void IfxMsc_initEnPin(const IfxMsc_En_Out *en, IfxPort_OutputMode pinMode, IfxPort_PadDr
1329:../Libraries/iLLD/TC4xx/Tricore/Msc/Std/IfxMsc.h **** 
1330:../Libraries/iLLD/TC4xx/Tricore/Msc/Std/IfxMsc.h **** /** \brief Initializes a FCLN output
1331:../Libraries/iLLD/TC4xx/Tricore/Msc/Std/IfxMsc.h ****  * \param fcln the FCLN Pin which should be configured
1332:../Libraries/iLLD/TC4xx/Tricore/Msc/Std/IfxMsc.h ****  * \param pinMode the pin output mode which should be configured
1333:../Libraries/iLLD/TC4xx/Tricore/Msc/Std/IfxMsc.h ****  * \param padDriver the pad driver mode which should be configured
1334:../Libraries/iLLD/TC4xx/Tricore/Msc/Std/IfxMsc.h ****  * \return None
1335:../Libraries/iLLD/TC4xx/Tricore/Msc/Std/IfxMsc.h ****  */
1336:../Libraries/iLLD/TC4xx/Tricore/Msc/Std/IfxMsc.h **** IFX_INLINE void IfxMsc_initFclnPin(const IfxMsc_Fcln_Out *fcln, IfxPort_OutputMode pinMode, IfxPort
1337:../Libraries/iLLD/TC4xx/Tricore/Msc/Std/IfxMsc.h **** 
1338:../Libraries/iLLD/TC4xx/Tricore/Msc/Std/IfxMsc.h **** /** \brief Initializes a FCLP output
1339:../Libraries/iLLD/TC4xx/Tricore/Msc/Std/IfxMsc.h ****  * \param fclp the FCLP Pin which should be configured
1340:../Libraries/iLLD/TC4xx/Tricore/Msc/Std/IfxMsc.h ****  * \param pinMode the pin output mode which should be configured
1341:../Libraries/iLLD/TC4xx/Tricore/Msc/Std/IfxMsc.h ****  * \param padDriver the pad driver mode which should be configured
1342:../Libraries/iLLD/TC4xx/Tricore/Msc/Std/IfxMsc.h ****  * \return None
1343:../Libraries/iLLD/TC4xx/Tricore/Msc/Std/IfxMsc.h ****  */
1344:../Libraries/iLLD/TC4xx/Tricore/Msc/Std/IfxMsc.h **** IFX_INLINE void IfxMsc_initFclpPin(const IfxMsc_Fclp_Out *fclp, IfxPort_OutputMode pinMode, IfxPort
1345:../Libraries/iLLD/TC4xx/Tricore/Msc/Std/IfxMsc.h **** 
1346:../Libraries/iLLD/TC4xx/Tricore/Msc/Std/IfxMsc.h **** /** \brief Initializes a INJ input
1347:../Libraries/iLLD/TC4xx/Tricore/Msc/Std/IfxMsc.h ****  * \param inj the INJ Pin which should be configured
1348:../Libraries/iLLD/TC4xx/Tricore/Msc/Std/IfxMsc.h ****  * \param pinMode the pin input mode which should be configured
1349:../Libraries/iLLD/TC4xx/Tricore/Msc/Std/IfxMsc.h ****  * \param padDriver the pad driver mode which should be configured
1350:../Libraries/iLLD/TC4xx/Tricore/Msc/Std/IfxMsc.h ****  * \return None
1351:../Libraries/iLLD/TC4xx/Tricore/Msc/Std/IfxMsc.h ****  */
1352:../Libraries/iLLD/TC4xx/Tricore/Msc/Std/IfxMsc.h **** IFX_INLINE void IfxMsc_initInjPin(const IfxMsc_Inj_In *inj, IfxPort_InputMode pinMode, IfxPort_PadD
1353:../Libraries/iLLD/TC4xx/Tricore/Msc/Std/IfxMsc.h **** 
1354:../Libraries/iLLD/TC4xx/Tricore/Msc/Std/IfxMsc.h **** /** \brief Initializes a SDI input
1355:../Libraries/iLLD/TC4xx/Tricore/Msc/Std/IfxMsc.h ****  * \param sdi the SDI Pin which should be configured
1356:../Libraries/iLLD/TC4xx/Tricore/Msc/Std/IfxMsc.h ****  * \param pinMode the pin input mode which should be configured
1357:../Libraries/iLLD/TC4xx/Tricore/Msc/Std/IfxMsc.h ****  * \param padDriver the pad driver mode which should be configured
1358:../Libraries/iLLD/TC4xx/Tricore/Msc/Std/IfxMsc.h ****  * \return None
1359:../Libraries/iLLD/TC4xx/Tricore/Msc/Std/IfxMsc.h ****  */
1360:../Libraries/iLLD/TC4xx/Tricore/Msc/Std/IfxMsc.h **** IFX_INLINE void IfxMsc_initSdiPin(const IfxMsc_Sdi_In *sdi, IfxPort_InputMode pinMode, IfxPort_PadD
1361:../Libraries/iLLD/TC4xx/Tricore/Msc/Std/IfxMsc.h **** 
1362:../Libraries/iLLD/TC4xx/Tricore/Msc/Std/IfxMsc.h **** /** \brief Initializes a SON output
1363:../Libraries/iLLD/TC4xx/Tricore/Msc/Std/IfxMsc.h ****  * \param son the SON Pin which should be configured
1364:../Libraries/iLLD/TC4xx/Tricore/Msc/Std/IfxMsc.h ****  * \param pinMode the pin output mode which should be configured
1365:../Libraries/iLLD/TC4xx/Tricore/Msc/Std/IfxMsc.h ****  * \param padDriver the pad driver mode which should be configured
1366:../Libraries/iLLD/TC4xx/Tricore/Msc/Std/IfxMsc.h ****  * \return None
1367:../Libraries/iLLD/TC4xx/Tricore/Msc/Std/IfxMsc.h ****  */
1368:../Libraries/iLLD/TC4xx/Tricore/Msc/Std/IfxMsc.h **** IFX_INLINE void IfxMsc_initSonPin(const IfxMsc_Son_Out *son, IfxPort_OutputMode pinMode, IfxPort_Pa
1369:../Libraries/iLLD/TC4xx/Tricore/Msc/Std/IfxMsc.h **** 
1370:../Libraries/iLLD/TC4xx/Tricore/Msc/Std/IfxMsc.h **** /** \brief Initializes a SOP output
1371:../Libraries/iLLD/TC4xx/Tricore/Msc/Std/IfxMsc.h ****  * \param sop the SOP Pin which should be configured
1372:../Libraries/iLLD/TC4xx/Tricore/Msc/Std/IfxMsc.h ****  * \param pinMode the pin output mode which should be configured
1373:../Libraries/iLLD/TC4xx/Tricore/Msc/Std/IfxMsc.h ****  * \param padDriver the pad driver mode which should be configured
1374:../Libraries/iLLD/TC4xx/Tricore/Msc/Std/IfxMsc.h ****  * \return None
1375:../Libraries/iLLD/TC4xx/Tricore/Msc/Std/IfxMsc.h ****  */
1376:../Libraries/iLLD/TC4xx/Tricore/Msc/Std/IfxMsc.h **** IFX_INLINE void IfxMsc_initSopPin(const IfxMsc_Sop_Out *sop, IfxPort_OutputMode pinMode, IfxPort_Pa
1377:../Libraries/iLLD/TC4xx/Tricore/Msc/Std/IfxMsc.h **** 
1378:../Libraries/iLLD/TC4xx/Tricore/Msc/Std/IfxMsc.h **** /** \} */
1379:../Libraries/iLLD/TC4xx/Tricore/Msc/Std/IfxMsc.h **** 
1380:../Libraries/iLLD/TC4xx/Tricore/Msc/Std/IfxMsc.h **** /** \addtogroup IfxLld_Msc_Std_Module
1381:../Libraries/iLLD/TC4xx/Tricore/Msc/Std/IfxMsc.h ****  * \{ */
1382:../Libraries/iLLD/TC4xx/Tricore/Msc/Std/IfxMsc.h **** 
1383:../Libraries/iLLD/TC4xx/Tricore/Msc/Std/IfxMsc.h **** /******************************************************************************/
1384:../Libraries/iLLD/TC4xx/Tricore/Msc/Std/IfxMsc.h **** /*-------------------------Global Function Prototypes-------------------------*/
1385:../Libraries/iLLD/TC4xx/Tricore/Msc/Std/IfxMsc.h **** /******************************************************************************/
1386:../Libraries/iLLD/TC4xx/Tricore/Msc/Std/IfxMsc.h **** 
1387:../Libraries/iLLD/TC4xx/Tricore/Msc/Std/IfxMsc.h **** /**
1388:../Libraries/iLLD/TC4xx/Tricore/Msc/Std/IfxMsc.h ****  * \param msc Resource index of the MSC
1389:../Libraries/iLLD/TC4xx/Tricore/Msc/Std/IfxMsc.h ****  * \return MSC module register address
1390:../Libraries/iLLD/TC4xx/Tricore/Msc/Std/IfxMsc.h ****  */
1391:../Libraries/iLLD/TC4xx/Tricore/Msc/Std/IfxMsc.h **** IFX_EXTERN Ifx_MSC *IfxMsc_getAddress(IfxMsc_Index msc);
1392:../Libraries/iLLD/TC4xx/Tricore/Msc/Std/IfxMsc.h **** 
1393:../Libraries/iLLD/TC4xx/Tricore/Msc/Std/IfxMsc.h **** /** \brief API to get the resource index of the MSC specified.
1394:../Libraries/iLLD/TC4xx/Tricore/Msc/Std/IfxMsc.h ****  * \param msc Pointer to the MSC HW module (register memory map)
1395:../Libraries/iLLD/TC4xx/Tricore/Msc/Std/IfxMsc.h ****  * \return Resource index of the ERAY
1396:../Libraries/iLLD/TC4xx/Tricore/Msc/Std/IfxMsc.h ****  */
1397:../Libraries/iLLD/TC4xx/Tricore/Msc/Std/IfxMsc.h **** IFX_EXTERN IfxMsc_Index IfxMsc_getIndex(Ifx_MSC *msc);
1398:../Libraries/iLLD/TC4xx/Tricore/Msc/Std/IfxMsc.h **** 
1399:../Libraries/iLLD/TC4xx/Tricore/Msc/Std/IfxMsc.h **** /** \brief Returns the upstream baudrate. Pre-requisite: Upstream is enabled and URR is non zero.
1400:../Libraries/iLLD/TC4xx/Tricore/Msc/Std/IfxMsc.h ****  * \param msc pointer to the base of MSC registers
1401:../Libraries/iLLD/TC4xx/Tricore/Msc/Std/IfxMsc.h ****  * \return Returns the upstream baudrate.
1402:../Libraries/iLLD/TC4xx/Tricore/Msc/Std/IfxMsc.h ****  */
1403:../Libraries/iLLD/TC4xx/Tricore/Msc/Std/IfxMsc.h **** IFX_EXTERN float32 IfxMsc_getUpstreamBaudrate(Ifx_MSC *msc);
1404:../Libraries/iLLD/TC4xx/Tricore/Msc/Std/IfxMsc.h **** 
1405:../Libraries/iLLD/TC4xx/Tricore/Msc/Std/IfxMsc.h **** /** \} */
1406:../Libraries/iLLD/TC4xx/Tricore/Msc/Std/IfxMsc.h **** 
1407:../Libraries/iLLD/TC4xx/Tricore/Msc/Std/IfxMsc.h **** /******************************************************************************/
1408:../Libraries/iLLD/TC4xx/Tricore/Msc/Std/IfxMsc.h **** /*-------------------------Inline Function Prototypes-------------------------*/
1409:../Libraries/iLLD/TC4xx/Tricore/Msc/Std/IfxMsc.h **** /******************************************************************************/
1410:../Libraries/iLLD/TC4xx/Tricore/Msc/Std/IfxMsc.h **** 
1411:../Libraries/iLLD/TC4xx/Tricore/Msc/Std/IfxMsc.h **** /** \brief Clears The Receive Data Interrupt Flag
1412:../Libraries/iLLD/TC4xx/Tricore/Msc/Std/IfxMsc.h ****  * \param msc pointer to the base of MSC registers
1413:../Libraries/iLLD/TC4xx/Tricore/Msc/Std/IfxMsc.h ****  * \return None
1414:../Libraries/iLLD/TC4xx/Tricore/Msc/Std/IfxMsc.h ****  */
1415:../Libraries/iLLD/TC4xx/Tricore/Msc/Std/IfxMsc.h **** IFX_INLINE void IfxMsc_clearRecieveDataInterruptFlag(Ifx_MSC *msc);
1416:../Libraries/iLLD/TC4xx/Tricore/Msc/Std/IfxMsc.h **** 
1417:../Libraries/iLLD/TC4xx/Tricore/Msc/Std/IfxMsc.h **** /** \brief Clears the Valid bit
1418:../Libraries/iLLD/TC4xx/Tricore/Msc/Std/IfxMsc.h ****  * \param msc pointer to the base of MSC registers
1419:../Libraries/iLLD/TC4xx/Tricore/Msc/Std/IfxMsc.h ****  * \param upstreamIdx upstream index
1420:../Libraries/iLLD/TC4xx/Tricore/Msc/Std/IfxMsc.h ****  * \return None
1421:../Libraries/iLLD/TC4xx/Tricore/Msc/Std/IfxMsc.h ****  */
1422:../Libraries/iLLD/TC4xx/Tricore/Msc/Std/IfxMsc.h **** IFX_INLINE void IfxMsc_clearValidbit(Ifx_MSC *msc, uint8 upstreamIdx);
1423:../Libraries/iLLD/TC4xx/Tricore/Msc/Std/IfxMsc.h **** 
1424:../Libraries/iLLD/TC4xx/Tricore/Msc/Std/IfxMsc.h **** /** \brief Disables the Upstream Timeout Interrupt
1425:../Libraries/iLLD/TC4xx/Tricore/Msc/Std/IfxMsc.h ****  * \param msc pointer to the base of MSC registers
1426:../Libraries/iLLD/TC4xx/Tricore/Msc/Std/IfxMsc.h ****  * \return None
1427:../Libraries/iLLD/TC4xx/Tricore/Msc/Std/IfxMsc.h ****  */
1428:../Libraries/iLLD/TC4xx/Tricore/Msc/Std/IfxMsc.h **** IFX_INLINE void IfxMsc_disableUpstreamTimeoutInterrupt(Ifx_MSC *msc);
1429:../Libraries/iLLD/TC4xx/Tricore/Msc/Std/IfxMsc.h **** 
1430:../Libraries/iLLD/TC4xx/Tricore/Msc/Std/IfxMsc.h **** /** \brief Enables the Upstream Timeout Interrupt
1431:../Libraries/iLLD/TC4xx/Tricore/Msc/Std/IfxMsc.h ****  * \param msc pointer to the base of MSC registers
1432:../Libraries/iLLD/TC4xx/Tricore/Msc/Std/IfxMsc.h ****  * \return None
1433:../Libraries/iLLD/TC4xx/Tricore/Msc/Std/IfxMsc.h ****  */
1434:../Libraries/iLLD/TC4xx/Tricore/Msc/Std/IfxMsc.h **** IFX_INLINE void IfxMsc_enableUpstreamTimeoutInterrupt(Ifx_MSC *msc);
1435:../Libraries/iLLD/TC4xx/Tricore/Msc/Std/IfxMsc.h **** 
1436:../Libraries/iLLD/TC4xx/Tricore/Msc/Std/IfxMsc.h **** /** \brief Returns the value of Asynchronous clock Bypass bit.
1437:../Libraries/iLLD/TC4xx/Tricore/Msc/Std/IfxMsc.h ****  * \param msc pointer to the base of MSC registers
1438:../Libraries/iLLD/TC4xx/Tricore/Msc/Std/IfxMsc.h ****  * \return Get the value of Asynchronous clock bypass enable bit.
1439:../Libraries/iLLD/TC4xx/Tricore/Msc/Std/IfxMsc.h ****  */
1440:../Libraries/iLLD/TC4xx/Tricore/Msc/Std/IfxMsc.h **** IFX_INLINE boolean IfxMsc_getAsyncClockBypass(Ifx_MSC *msc);
1441:../Libraries/iLLD/TC4xx/Tricore/Msc/Std/IfxMsc.h **** 
1442:../Libraries/iLLD/TC4xx/Tricore/Msc/Std/IfxMsc.h **** /** \brief Returns the value of Down stream extension enable bit.
1443:../Libraries/iLLD/TC4xx/Tricore/Msc/Std/IfxMsc.h ****  * \param msc pointer to the base of MSC registers
1444:../Libraries/iLLD/TC4xx/Tricore/Msc/Std/IfxMsc.h ****  * \return Get the value of Down stream extension enable bit.
1445:../Libraries/iLLD/TC4xx/Tricore/Msc/Std/IfxMsc.h ****  */
1446:../Libraries/iLLD/TC4xx/Tricore/Msc/Std/IfxMsc.h **** IFX_INLINE boolean IfxMsc_getDownStreamExtension(Ifx_MSC *msc);
1447:../Libraries/iLLD/TC4xx/Tricore/Msc/Std/IfxMsc.h **** 
1448:../Libraries/iLLD/TC4xx/Tricore/Msc/Std/IfxMsc.h **** /** \brief Returns the Receive Data Interrupt Flag Status
1449:../Libraries/iLLD/TC4xx/Tricore/Msc/Std/IfxMsc.h ****  * \param msc pointer to the base of MSC registers
1450:../Libraries/iLLD/TC4xx/Tricore/Msc/Std/IfxMsc.h ****  * \return Status
1451:../Libraries/iLLD/TC4xx/Tricore/Msc/Std/IfxMsc.h ****  */
1452:../Libraries/iLLD/TC4xx/Tricore/Msc/Std/IfxMsc.h **** IFX_INLINE boolean IfxMsc_getRecieveDataInterruptFlag(Ifx_MSC *msc);
1453:../Libraries/iLLD/TC4xx/Tricore/Msc/Std/IfxMsc.h **** 
1454:../Libraries/iLLD/TC4xx/Tricore/Msc/Std/IfxMsc.h **** /** \brief Returns the Src pointer for the selected MSC interrupt node
1455:../Libraries/iLLD/TC4xx/Tricore/Msc/Std/IfxMsc.h ****  * \param msc pointer to the base of MSC registers
1456:../Libraries/iLLD/TC4xx/Tricore/Msc/Std/IfxMsc.h ****  * \param intRequest Interrupt Request
1457:../Libraries/iLLD/TC4xx/Tricore/Msc/Std/IfxMsc.h ****  * \return Pointer to SRCR register
1458:../Libraries/iLLD/TC4xx/Tricore/Msc/Std/IfxMsc.h ****  */
1459:../Libraries/iLLD/TC4xx/Tricore/Msc/Std/IfxMsc.h **** IFX_INLINE volatile Ifx_SRC_SRCR *IfxMsc_getSrcPointer(Ifx_MSC *msc, IfxMsc_InterruptServiceRequest
1460:../Libraries/iLLD/TC4xx/Tricore/Msc/Std/IfxMsc.h **** 
1461:../Libraries/iLLD/TC4xx/Tricore/Msc/Std/IfxMsc.h **** /** \brief Returns the Upstream Data
1462:../Libraries/iLLD/TC4xx/Tricore/Msc/Std/IfxMsc.h ****  * \param msc pointer to the base of MSC registers
1463:../Libraries/iLLD/TC4xx/Tricore/Msc/Std/IfxMsc.h ****  * \param upstreamIdx upstream index
1464:../Libraries/iLLD/TC4xx/Tricore/Msc/Std/IfxMsc.h ****  * \return Upstream Data
1465:../Libraries/iLLD/TC4xx/Tricore/Msc/Std/IfxMsc.h ****  */
1466:../Libraries/iLLD/TC4xx/Tricore/Msc/Std/IfxMsc.h **** IFX_INLINE uint32 IfxMsc_getUpstreamData(Ifx_MSC *msc, uint8 upstreamIdx);
1467:../Libraries/iLLD/TC4xx/Tricore/Msc/Std/IfxMsc.h **** 
1468:../Libraries/iLLD/TC4xx/Tricore/Msc/Std/IfxMsc.h **** /** \brief Returns the Upstream Parity Error Flag Status
1469:../Libraries/iLLD/TC4xx/Tricore/Msc/Std/IfxMsc.h ****  * \param msc pointer to the base of MSC registers
1470:../Libraries/iLLD/TC4xx/Tricore/Msc/Std/IfxMsc.h ****  * \param upstreamIdx upstream index
1471:../Libraries/iLLD/TC4xx/Tricore/Msc/Std/IfxMsc.h ****  * \return Status
1472:../Libraries/iLLD/TC4xx/Tricore/Msc/Std/IfxMsc.h ****  */
1473:../Libraries/iLLD/TC4xx/Tricore/Msc/Std/IfxMsc.h **** IFX_INLINE boolean IfxMsc_getUpstreamParityErrorFlag(Ifx_MSC *msc, uint8 upstreamIdx);
1474:../Libraries/iLLD/TC4xx/Tricore/Msc/Std/IfxMsc.h **** 
1475:../Libraries/iLLD/TC4xx/Tricore/Msc/Std/IfxMsc.h **** /** \brief Returns Upstream Timeout Flag Status
1476:../Libraries/iLLD/TC4xx/Tricore/Msc/Std/IfxMsc.h ****  * \param msc pointer to the base of MSC registers
1477:../Libraries/iLLD/TC4xx/Tricore/Msc/Std/IfxMsc.h ****  * \return Status
1478:../Libraries/iLLD/TC4xx/Tricore/Msc/Std/IfxMsc.h ****  */
1479:../Libraries/iLLD/TC4xx/Tricore/Msc/Std/IfxMsc.h **** IFX_INLINE boolean IfxMsc_getUpstreamTimeoutFlag(Ifx_MSC *msc);
1480:../Libraries/iLLD/TC4xx/Tricore/Msc/Std/IfxMsc.h **** 
1481:../Libraries/iLLD/TC4xx/Tricore/Msc/Std/IfxMsc.h **** /** \brief Returns the module's suspend state.
1482:../Libraries/iLLD/TC4xx/Tricore/Msc/Std/IfxMsc.h ****  * TRUE :if module is suspended.
1483:../Libraries/iLLD/TC4xx/Tricore/Msc/Std/IfxMsc.h ****  * FALSE:if module is not yet suspended.
1484:../Libraries/iLLD/TC4xx/Tricore/Msc/Std/IfxMsc.h ****  * \param msc Pointer to MSC module registers
1485:../Libraries/iLLD/TC4xx/Tricore/Msc/Std/IfxMsc.h ****  * \return Suspend status (TRUE / FALSE)
1486:../Libraries/iLLD/TC4xx/Tricore/Msc/Std/IfxMsc.h ****  */
1487:../Libraries/iLLD/TC4xx/Tricore/Msc/Std/IfxMsc.h **** IFX_INLINE boolean IfxMsc_isModuleSuspended(Ifx_MSC *msc);
1488:../Libraries/iLLD/TC4xx/Tricore/Msc/Std/IfxMsc.h **** 
1489:../Libraries/iLLD/TC4xx/Tricore/Msc/Std/IfxMsc.h **** /** \brief Set or reset the Asynchronous clock bypass bit.
1490:../Libraries/iLLD/TC4xx/Tricore/Msc/Std/IfxMsc.h ****  * \param msc pointer to the base of MSC registers
1491:../Libraries/iLLD/TC4xx/Tricore/Msc/Std/IfxMsc.h ****  * \param value Set / reset value.
1492:../Libraries/iLLD/TC4xx/Tricore/Msc/Std/IfxMsc.h ****  * \return None
1493:../Libraries/iLLD/TC4xx/Tricore/Msc/Std/IfxMsc.h ****  */
1494:../Libraries/iLLD/TC4xx/Tricore/Msc/Std/IfxMsc.h **** IFX_INLINE void IfxMsc_setAsyncClockBypass(Ifx_MSC *msc, boolean value);
1495:../Libraries/iLLD/TC4xx/Tricore/Msc/Std/IfxMsc.h **** 
1496:../Libraries/iLLD/TC4xx/Tricore/Msc/Std/IfxMsc.h **** /** \brief Sets the Down stream data
1497:../Libraries/iLLD/TC4xx/Tricore/Msc/Std/IfxMsc.h ****  * \param msc pointer to the base of MSC registers
1498:../Libraries/iLLD/TC4xx/Tricore/Msc/Std/IfxMsc.h ****  * \param data Data
1499:../Libraries/iLLD/TC4xx/Tricore/Msc/Std/IfxMsc.h ****  * \return None
1500:../Libraries/iLLD/TC4xx/Tricore/Msc/Std/IfxMsc.h ****  */
1501:../Libraries/iLLD/TC4xx/Tricore/Msc/Std/IfxMsc.h **** IFX_INLINE void IfxMsc_setDownStreamData(Ifx_MSC *msc, uint32 data);
1502:../Libraries/iLLD/TC4xx/Tricore/Msc/Std/IfxMsc.h **** 
1503:../Libraries/iLLD/TC4xx/Tricore/Msc/Std/IfxMsc.h **** /** \brief Set or reset the Down stream extension enable bit.
1504:../Libraries/iLLD/TC4xx/Tricore/Msc/Std/IfxMsc.h ****  * \param msc pointer to the base of MSC registers
1505:../Libraries/iLLD/TC4xx/Tricore/Msc/Std/IfxMsc.h ****  * \param value Set / reset value.
1506:../Libraries/iLLD/TC4xx/Tricore/Msc/Std/IfxMsc.h ****  * \return None
1507:../Libraries/iLLD/TC4xx/Tricore/Msc/Std/IfxMsc.h ****  */
1508:../Libraries/iLLD/TC4xx/Tricore/Msc/Std/IfxMsc.h **** IFX_INLINE void IfxMsc_setDownStreamExtension(Ifx_MSC *msc, boolean value);
1509:../Libraries/iLLD/TC4xx/Tricore/Msc/Std/IfxMsc.h **** 
1510:../Libraries/iLLD/TC4xx/Tricore/Msc/Std/IfxMsc.h **** /** \brief Sets the Down stream Extension data
1511:../Libraries/iLLD/TC4xx/Tricore/Msc/Std/IfxMsc.h ****  * \param msc pointer to the base of MSC registers
1512:../Libraries/iLLD/TC4xx/Tricore/Msc/Std/IfxMsc.h ****  * \param data Data
1513:../Libraries/iLLD/TC4xx/Tricore/Msc/Std/IfxMsc.h ****  * \return None
1514:../Libraries/iLLD/TC4xx/Tricore/Msc/Std/IfxMsc.h ****  */
1515:../Libraries/iLLD/TC4xx/Tricore/Msc/Std/IfxMsc.h **** IFX_INLINE void IfxMsc_setDownStreamExtensionData(Ifx_MSC *msc, uint32 data);
1516:../Libraries/iLLD/TC4xx/Tricore/Msc/Std/IfxMsc.h **** 
1517:../Libraries/iLLD/TC4xx/Tricore/Msc/Std/IfxMsc.h **** /** \brief Set or reset the Fast Mode bit.
1518:../Libraries/iLLD/TC4xx/Tricore/Msc/Std/IfxMsc.h ****  * Select the correct NDD value when using Fast mode.
1519:../Libraries/iLLD/TC4xx/Tricore/Msc/Std/IfxMsc.h ****  * \param msc pointer to the base of MSC registers
1520:../Libraries/iLLD/TC4xx/Tricore/Msc/Std/IfxMsc.h ****  * \param value Set / reset value.
1521:../Libraries/iLLD/TC4xx/Tricore/Msc/Std/IfxMsc.h ****  * \return None
1522:../Libraries/iLLD/TC4xx/Tricore/Msc/Std/IfxMsc.h ****  */
1523:../Libraries/iLLD/TC4xx/Tricore/Msc/Std/IfxMsc.h **** IFX_INLINE void IfxMsc_setFastMode(Ifx_MSC *msc, boolean value);
1524:../Libraries/iLLD/TC4xx/Tricore/Msc/Std/IfxMsc.h **** 
1525:../Libraries/iLLD/TC4xx/Tricore/Msc/Std/IfxMsc.h **** /** \brief Sets The Fractional Divider Step
1526:../Libraries/iLLD/TC4xx/Tricore/Msc/Std/IfxMsc.h ****  * \param msc pointer to the base of MSC registers
1527:../Libraries/iLLD/TC4xx/Tricore/Msc/Std/IfxMsc.h ****  * \param value Value
1528:../Libraries/iLLD/TC4xx/Tricore/Msc/Std/IfxMsc.h ****  * \return None
1529:../Libraries/iLLD/TC4xx/Tricore/Msc/Std/IfxMsc.h ****  */
1530:../Libraries/iLLD/TC4xx/Tricore/Msc/Std/IfxMsc.h **** IFX_INLINE void IfxMsc_setFractionalDividerStep(Ifx_MSC *msc, uint16 value);
1531:../Libraries/iLLD/TC4xx/Tricore/Msc/Std/IfxMsc.h **** 
1532:../Libraries/iLLD/TC4xx/Tricore/Msc/Std/IfxMsc.h **** /** \brief Set the required N divider downstream value.
1533:../Libraries/iLLD/TC4xx/Tricore/Msc/Std/IfxMsc.h ****  * \param msc pointer to the base of MSC registers
1534:../Libraries/iLLD/TC4xx/Tricore/Msc/Std/IfxMsc.h ****  * \param divisionRatio select the required division ratio.
1535:../Libraries/iLLD/TC4xx/Tricore/Msc/Std/IfxMsc.h ****  * \return None
1536:../Libraries/iLLD/TC4xx/Tricore/Msc/Std/IfxMsc.h ****  */
1537:../Libraries/iLLD/TC4xx/Tricore/Msc/Std/IfxMsc.h **** IFX_INLINE void IfxMsc_setNdividerDownstream(Ifx_MSC *msc, IfxMsc_NDividerDownstream divisionRatio)
1538:../Libraries/iLLD/TC4xx/Tricore/Msc/Std/IfxMsc.h **** 
1539:../Libraries/iLLD/TC4xx/Tricore/Msc/Std/IfxMsc.h **** /** \brief To enable or disable CX mode
1540:../Libraries/iLLD/TC4xx/Tricore/Msc/Std/IfxMsc.h ****  * \param msc
1541:../Libraries/iLLD/TC4xx/Tricore/Msc/Std/IfxMsc.h ****  * \param value To enable or disable CX mode
1542:../Libraries/iLLD/TC4xx/Tricore/Msc/Std/IfxMsc.h ****  * \return None
1543:../Libraries/iLLD/TC4xx/Tricore/Msc/Std/IfxMsc.h ****  */
1544:../Libraries/iLLD/TC4xx/Tricore/Msc/Std/IfxMsc.h **** IFX_INLINE void IfxMsc_setResetCommandExtensionMode(Ifx_MSC *msc, boolean value);
1545:../Libraries/iLLD/TC4xx/Tricore/Msc/Std/IfxMsc.h **** 
1546:../Libraries/iLLD/TC4xx/Tricore/Msc/Std/IfxMsc.h **** /** \brief Sets The Serial Data Input Select
1547:../Libraries/iLLD/TC4xx/Tricore/Msc/Std/IfxMsc.h ****  * \param msc pointer to the base of MSC registers
1548:../Libraries/iLLD/TC4xx/Tricore/Msc/Std/IfxMsc.h ****  * \param select Serial Data Input Select
1549:../Libraries/iLLD/TC4xx/Tricore/Msc/Std/IfxMsc.h ****  * \return None
1550:../Libraries/iLLD/TC4xx/Tricore/Msc/Std/IfxMsc.h ****  */
1551:../Libraries/iLLD/TC4xx/Tricore/Msc/Std/IfxMsc.h **** IFX_INLINE void IfxMsc_setSerialDataInputSelect(Ifx_MSC *msc, IfxMsc_SerialDataInput select);
1552:../Libraries/iLLD/TC4xx/Tricore/Msc/Std/IfxMsc.h **** 
1553:../Libraries/iLLD/TC4xx/Tricore/Msc/Std/IfxMsc.h **** /** \brief Sets the sensitivity of the module to sleep signal
1554:../Libraries/iLLD/TC4xx/Tricore/Msc/Std/IfxMsc.h ****  * \param msc pointer to MSC registers
1555:../Libraries/iLLD/TC4xx/Tricore/Msc/Std/IfxMsc.h ****  * \param mode mode selection (enable/disable)
1556:../Libraries/iLLD/TC4xx/Tricore/Msc/Std/IfxMsc.h ****  * \return None
1557:../Libraries/iLLD/TC4xx/Tricore/Msc/Std/IfxMsc.h ****  */
1558:../Libraries/iLLD/TC4xx/Tricore/Msc/Std/IfxMsc.h **** IFX_INLINE void IfxMsc_setSleepMode(Ifx_MSC *msc, IfxMsc_SleepMode mode);
1559:../Libraries/iLLD/TC4xx/Tricore/Msc/Std/IfxMsc.h **** 
1560:../Libraries/iLLD/TC4xx/Tricore/Msc/Std/IfxMsc.h **** /** \brief Configure the Module to Hard/Soft suspend mode.
1561:../Libraries/iLLD/TC4xx/Tricore/Msc/Std/IfxMsc.h ****  * Note: The api works only when the OCDS is enabled and in Supervisor Mode. When OCDS is disabled 
1562:../Libraries/iLLD/TC4xx/Tricore/Msc/Std/IfxMsc.h ****  * \param msc Pointer to MSC module registers
1563:../Libraries/iLLD/TC4xx/Tricore/Msc/Std/IfxMsc.h ****  * \param mode Module suspend mode
1564:../Libraries/iLLD/TC4xx/Tricore/Msc/Std/IfxMsc.h ****  * \return None
1565:../Libraries/iLLD/TC4xx/Tricore/Msc/Std/IfxMsc.h ****  */
1566:../Libraries/iLLD/TC4xx/Tricore/Msc/Std/IfxMsc.h **** IFX_INLINE void IfxMsc_setSuspendMode(Ifx_MSC *msc, IfxMsc_SuspendMode mode);
1567:../Libraries/iLLD/TC4xx/Tricore/Msc/Std/IfxMsc.h **** 
1568:../Libraries/iLLD/TC4xx/Tricore/Msc/Std/IfxMsc.h **** /** \brief Sets the Transmission Mode
1569:../Libraries/iLLD/TC4xx/Tricore/Msc/Std/IfxMsc.h ****  * \param msc pointer to the base of MSC registers
1570:../Libraries/iLLD/TC4xx/Tricore/Msc/Std/IfxMsc.h ****  * \param mode mode
1571:../Libraries/iLLD/TC4xx/Tricore/Msc/Std/IfxMsc.h ****  * \return None
1572:../Libraries/iLLD/TC4xx/Tricore/Msc/Std/IfxMsc.h ****  */
1573:../Libraries/iLLD/TC4xx/Tricore/Msc/Std/IfxMsc.h **** IFX_INLINE void IfxMsc_setTransmissionMode(Ifx_MSC *msc, IfxMsc_TransmissionMode mode);
1574:../Libraries/iLLD/TC4xx/Tricore/Msc/Std/IfxMsc.h **** 
1575:../Libraries/iLLD/TC4xx/Tricore/Msc/Std/IfxMsc.h **** /** \brief Sets The Upstream Channel Receive Rate
1576:../Libraries/iLLD/TC4xx/Tricore/Msc/Std/IfxMsc.h ****  * \param msc pointer to the base of MSC registers
1577:../Libraries/iLLD/TC4xx/Tricore/Msc/Std/IfxMsc.h ****  * \param recieveRate Receive Rate
1578:../Libraries/iLLD/TC4xx/Tricore/Msc/Std/IfxMsc.h ****  * \return None
1579:../Libraries/iLLD/TC4xx/Tricore/Msc/Std/IfxMsc.h ****  */
1580:../Libraries/iLLD/TC4xx/Tricore/Msc/Std/IfxMsc.h **** IFX_INLINE void IfxMsc_setUpstreamChannelRecieveRate(Ifx_MSC *msc, IfxMsc_UpstreamChannelReceivingR
1581:../Libraries/iLLD/TC4xx/Tricore/Msc/Std/IfxMsc.h **** 
1582:../Libraries/iLLD/TC4xx/Tricore/Msc/Std/IfxMsc.h **** /** \brief Sets The Upstream Timeout
1583:../Libraries/iLLD/TC4xx/Tricore/Msc/Std/IfxMsc.h ****  * \param msc pointer to the base of MSC registers
1584:../Libraries/iLLD/TC4xx/Tricore/Msc/Std/IfxMsc.h ****  * \param timeoutVal Timeout Value
1585:../Libraries/iLLD/TC4xx/Tricore/Msc/Std/IfxMsc.h ****  * \return None
1586:../Libraries/iLLD/TC4xx/Tricore/Msc/Std/IfxMsc.h ****  */
1587:../Libraries/iLLD/TC4xx/Tricore/Msc/Std/IfxMsc.h **** IFX_INLINE void IfxMsc_setUpstreamTimeout(Ifx_MSC *msc, IfxMsc_UpstreamTimeoutValue timeoutVal);
1588:../Libraries/iLLD/TC4xx/Tricore/Msc/Std/IfxMsc.h **** 
1589:../Libraries/iLLD/TC4xx/Tricore/Msc/Std/IfxMsc.h **** /** \brief Sets The Upstream Timeout Prescalar
1590:../Libraries/iLLD/TC4xx/Tricore/Msc/Std/IfxMsc.h ****  * \param msc pointer to the base of MSC registers
1591:../Libraries/iLLD/TC4xx/Tricore/Msc/Std/IfxMsc.h ****  * \param prescalar prescalar
1592:../Libraries/iLLD/TC4xx/Tricore/Msc/Std/IfxMsc.h ****  * \return None
1593:../Libraries/iLLD/TC4xx/Tricore/Msc/Std/IfxMsc.h ****  */
1594:../Libraries/iLLD/TC4xx/Tricore/Msc/Std/IfxMsc.h **** IFX_INLINE void IfxMsc_setUpstreamTimeoutPrescalar(Ifx_MSC *msc, IfxMsc_UpstreamTimeoutPrescaler pr
1595:../Libraries/iLLD/TC4xx/Tricore/Msc/Std/IfxMsc.h **** 
1596:../Libraries/iLLD/TC4xx/Tricore/Msc/Std/IfxMsc.h **** /** \brief Indicates if Overflow error has occurred
1597:../Libraries/iLLD/TC4xx/Tricore/Msc/Std/IfxMsc.h ****  * \param msc Pointer to MSC SFR base address
1598:../Libraries/iLLD/TC4xx/Tricore/Msc/Std/IfxMsc.h ****  * \return Returns overflow error status
1599:../Libraries/iLLD/TC4xx/Tricore/Msc/Std/IfxMsc.h ****  */
1600:../Libraries/iLLD/TC4xx/Tricore/Msc/Std/IfxMsc.h **** IFX_INLINE boolean IfxMsc_hasAbraOverflowErrorOccured(Ifx_MSC *msc);
1601:../Libraries/iLLD/TC4xx/Tricore/Msc/Std/IfxMsc.h **** 
1602:../Libraries/iLLD/TC4xx/Tricore/Msc/Std/IfxMsc.h **** /** \brief Indicates if Underflow error has occurred
1603:../Libraries/iLLD/TC4xx/Tricore/Msc/Std/IfxMsc.h ****  * \param msc Pointer to MSC SFR base address
1604:../Libraries/iLLD/TC4xx/Tricore/Msc/Std/IfxMsc.h ****  * \return Returns underflow error status
1605:../Libraries/iLLD/TC4xx/Tricore/Msc/Std/IfxMsc.h ****  */
1606:../Libraries/iLLD/TC4xx/Tricore/Msc/Std/IfxMsc.h **** IFX_INLINE boolean IfxMsc_hasAbraUnderflowErrorOccured(Ifx_MSC *msc);
1607:../Libraries/iLLD/TC4xx/Tricore/Msc/Std/IfxMsc.h **** 
1608:../Libraries/iLLD/TC4xx/Tricore/Msc/Std/IfxMsc.h **** /** \brief Sets the Overflow Flag and will trigger the overflow interrupt, if enabled
1609:../Libraries/iLLD/TC4xx/Tricore/Msc/Std/IfxMsc.h ****  * \param msc pointer to the base of MSC registers
1610:../Libraries/iLLD/TC4xx/Tricore/Msc/Std/IfxMsc.h ****  * \return None
1611:../Libraries/iLLD/TC4xx/Tricore/Msc/Std/IfxMsc.h ****  */
1612:../Libraries/iLLD/TC4xx/Tricore/Msc/Std/IfxMsc.h **** IFX_INLINE void IfxMsc_setAbraOverflowFlag(Ifx_MSC *msc);
1613:../Libraries/iLLD/TC4xx/Tricore/Msc/Std/IfxMsc.h **** 
1614:../Libraries/iLLD/TC4xx/Tricore/Msc/Std/IfxMsc.h **** /** \brief Sets the Underflow Flag and will trigger the underflow interrupt, if enabled
1615:../Libraries/iLLD/TC4xx/Tricore/Msc/Std/IfxMsc.h ****  * \param msc pointer to the base of MSC registers
1616:../Libraries/iLLD/TC4xx/Tricore/Msc/Std/IfxMsc.h ****  * \return None
1617:../Libraries/iLLD/TC4xx/Tricore/Msc/Std/IfxMsc.h ****  */
1618:../Libraries/iLLD/TC4xx/Tricore/Msc/Std/IfxMsc.h **** IFX_INLINE void IfxMsc_setAbraUnderflowFlag(Ifx_MSC *msc);
1619:../Libraries/iLLD/TC4xx/Tricore/Msc/Std/IfxMsc.h **** 
1620:../Libraries/iLLD/TC4xx/Tricore/Msc/Std/IfxMsc.h **** /** \brief Enable Slow Channel in Slow Channel Configuration Register
1621:../Libraries/iLLD/TC4xx/Tricore/Msc/Std/IfxMsc.h ****  * \param msc pointer to the base of MSC registers
1622:../Libraries/iLLD/TC4xx/Tricore/Msc/Std/IfxMsc.h ****  * \return None
1623:../Libraries/iLLD/TC4xx/Tricore/Msc/Std/IfxMsc.h ****  */
1624:../Libraries/iLLD/TC4xx/Tricore/Msc/Std/IfxMsc.h **** IFX_INLINE void IfxMsc_enableSlowChannel(Ifx_MSC *msc);
1625:../Libraries/iLLD/TC4xx/Tricore/Msc/Std/IfxMsc.h **** 
1626:../Libraries/iLLD/TC4xx/Tricore/Msc/Std/IfxMsc.h **** /** \brief Disable Slow Channel in Slow Channel Configuration Register
1627:../Libraries/iLLD/TC4xx/Tricore/Msc/Std/IfxMsc.h ****  * \param msc pointer to the base of MSC registers
1628:../Libraries/iLLD/TC4xx/Tricore/Msc/Std/IfxMsc.h ****  * \return None
1629:../Libraries/iLLD/TC4xx/Tricore/Msc/Std/IfxMsc.h ****  */
1630:../Libraries/iLLD/TC4xx/Tricore/Msc/Std/IfxMsc.h **** IFX_INLINE void IfxMsc_disableSlowChannel(Ifx_MSC *msc);
1631:../Libraries/iLLD/TC4xx/Tricore/Msc/Std/IfxMsc.h **** 
1632:../Libraries/iLLD/TC4xx/Tricore/Msc/Std/IfxMsc.h **** /** \brief Configure Slow Channel Command Frame Length for Slave X in Slow Channel Configuration Re
1633:../Libraries/iLLD/TC4xx/Tricore/Msc/Std/IfxMsc.h ****  * \param msc pointer to the base of MSC registers
1634:../Libraries/iLLD/TC4xx/Tricore/Msc/Std/IfxMsc.h ****  * \param length Total Length of Slave X Command Frame
1635:../Libraries/iLLD/TC4xx/Tricore/Msc/Std/IfxMsc.h ****  * \return None
1636:../Libraries/iLLD/TC4xx/Tricore/Msc/Std/IfxMsc.h ****  */
1637:../Libraries/iLLD/TC4xx/Tricore/Msc/Std/IfxMsc.h **** IFX_INLINE void IfxMsc_setSlowChannelCommandFrameLengthSlaveX(Ifx_MSC *msc, IfxMsc_SlowChannelComma
1638:../Libraries/iLLD/TC4xx/Tricore/Msc/Std/IfxMsc.h **** 
1639:../Libraries/iLLD/TC4xx/Tricore/Msc/Std/IfxMsc.h **** /** \brief Configure Slow Channel Command Frame Length for Slave Y in Slow Channel Configuration Re
1640:../Libraries/iLLD/TC4xx/Tricore/Msc/Std/IfxMsc.h ****  * \param msc pointer to the base of MSC registers
1641:../Libraries/iLLD/TC4xx/Tricore/Msc/Std/IfxMsc.h ****  * \param length Total Length of Slave Y Command Frame
1642:../Libraries/iLLD/TC4xx/Tricore/Msc/Std/IfxMsc.h ****  * \return None
1643:../Libraries/iLLD/TC4xx/Tricore/Msc/Std/IfxMsc.h ****  */
1644:../Libraries/iLLD/TC4xx/Tricore/Msc/Std/IfxMsc.h **** IFX_INLINE void IfxMsc_setSlowChannelCommandFrameLengthSlaveY(Ifx_MSC *msc, IfxMsc_SlowChannelComma
1645:../Libraries/iLLD/TC4xx/Tricore/Msc/Std/IfxMsc.h **** 
1646:../Libraries/iLLD/TC4xx/Tricore/Msc/Std/IfxMsc.h **** /** \brief Returns Slow Channel Command Frame Length for Slave X in Slow Channel Configuration Regi
1647:../Libraries/iLLD/TC4xx/Tricore/Msc/Std/IfxMsc.h ****  * \param msc pointer to the base of MSC registers
1648:../Libraries/iLLD/TC4xx/Tricore/Msc/Std/IfxMsc.h ****  * \return Length of Slave X Command Frame
1649:../Libraries/iLLD/TC4xx/Tricore/Msc/Std/IfxMsc.h ****  */
1650:../Libraries/iLLD/TC4xx/Tricore/Msc/Std/IfxMsc.h **** IFX_INLINE IfxMsc_SlowChannelCommandFrameLength IfxMsc_getSlowChannelCommandFrameLengthSlaveX(Ifx_M
1651:../Libraries/iLLD/TC4xx/Tricore/Msc/Std/IfxMsc.h **** 
1652:../Libraries/iLLD/TC4xx/Tricore/Msc/Std/IfxMsc.h **** /** \brief Returns Slow Channel Command Frame Length for Slave Y in Slow Channel Configuration Regi
1653:../Libraries/iLLD/TC4xx/Tricore/Msc/Std/IfxMsc.h ****  * \param msc pointer to the base of MSC registers
1654:../Libraries/iLLD/TC4xx/Tricore/Msc/Std/IfxMsc.h ****  * \return Length of Slave Y Command Frame
1655:../Libraries/iLLD/TC4xx/Tricore/Msc/Std/IfxMsc.h ****  */
1656:../Libraries/iLLD/TC4xx/Tricore/Msc/Std/IfxMsc.h **** IFX_INLINE IfxMsc_SlowChannelCommandFrameLength IfxMsc_getSlowChannelCommandFrameLengthSlaveY(Ifx_M
1657:../Libraries/iLLD/TC4xx/Tricore/Msc/Std/IfxMsc.h **** 
1658:../Libraries/iLLD/TC4xx/Tricore/Msc/Std/IfxMsc.h **** /** \brief Configure Slow Channel Frame Length for Slave X in Slow Channel Configuration Register
1659:../Libraries/iLLD/TC4xx/Tricore/Msc/Std/IfxMsc.h ****  * \param msc pointer to the base of MSC registers
1660:../Libraries/iLLD/TC4xx/Tricore/Msc/Std/IfxMsc.h ****  * \param length Length of Command Bits (Subset of Total Command Length CFLX) per Data Frame for Sl
1661:../Libraries/iLLD/TC4xx/Tricore/Msc/Std/IfxMsc.h ****  * \return None
1662:../Libraries/iLLD/TC4xx/Tricore/Msc/Std/IfxMsc.h ****  */
1663:../Libraries/iLLD/TC4xx/Tricore/Msc/Std/IfxMsc.h **** IFX_INLINE void IfxMsc_setSlowChannelLengthSlaveX(Ifx_MSC *msc, IfxMsc_SlowChannelLength length);
1664:../Libraries/iLLD/TC4xx/Tricore/Msc/Std/IfxMsc.h **** 
1665:../Libraries/iLLD/TC4xx/Tricore/Msc/Std/IfxMsc.h **** /** \brief Configure Slow Channel Frame Length for Slave Y in Slow Channel Configuration Register
1666:../Libraries/iLLD/TC4xx/Tricore/Msc/Std/IfxMsc.h ****  * \param msc pointer to the base of MSC registers
1667:../Libraries/iLLD/TC4xx/Tricore/Msc/Std/IfxMsc.h ****  * \param length Length of Command Bits (Subset of Total Command Length CFLY) per Data Frame for Sl
1668:../Libraries/iLLD/TC4xx/Tricore/Msc/Std/IfxMsc.h ****  * \return None
1669:../Libraries/iLLD/TC4xx/Tricore/Msc/Std/IfxMsc.h ****  */
1670:../Libraries/iLLD/TC4xx/Tricore/Msc/Std/IfxMsc.h **** IFX_INLINE void IfxMsc_setSlowChannelLengthSlaveY(Ifx_MSC *msc, IfxMsc_SlowChannelLength length);
1671:../Libraries/iLLD/TC4xx/Tricore/Msc/Std/IfxMsc.h **** 
1672:../Libraries/iLLD/TC4xx/Tricore/Msc/Std/IfxMsc.h **** /** \brief Returns Slow Channel Length for Slave X in Slow Channel Configuration Register
1673:../Libraries/iLLD/TC4xx/Tricore/Msc/Std/IfxMsc.h ****  * \param msc pointer to the base of MSC registers
1674:../Libraries/iLLD/TC4xx/Tricore/Msc/Std/IfxMsc.h ****  * \return Length of Slow Channel Bits for Slave X
1675:../Libraries/iLLD/TC4xx/Tricore/Msc/Std/IfxMsc.h ****  */
1676:../Libraries/iLLD/TC4xx/Tricore/Msc/Std/IfxMsc.h **** IFX_INLINE IfxMsc_SlowChannelLength IfxMsc_getSlowChannelLengthSlaveX(Ifx_MSC *msc);
1677:../Libraries/iLLD/TC4xx/Tricore/Msc/Std/IfxMsc.h **** 
1678:../Libraries/iLLD/TC4xx/Tricore/Msc/Std/IfxMsc.h **** /** \brief Returns Slow Channel Length for Slave Y in Slow Channel Configuration Register
1679:../Libraries/iLLD/TC4xx/Tricore/Msc/Std/IfxMsc.h ****  * \param msc pointer to the base of MSC registers
1680:../Libraries/iLLD/TC4xx/Tricore/Msc/Std/IfxMsc.h ****  * \return Length of Slow Channel Bits for Slave Y
1681:../Libraries/iLLD/TC4xx/Tricore/Msc/Std/IfxMsc.h ****  */
1682:../Libraries/iLLD/TC4xx/Tricore/Msc/Std/IfxMsc.h **** IFX_INLINE IfxMsc_SlowChannelLength IfxMsc_getSlowChannelLengthSlaveY(Ifx_MSC *msc);
1683:../Libraries/iLLD/TC4xx/Tricore/Msc/Std/IfxMsc.h **** 
1684:../Libraries/iLLD/TC4xx/Tricore/Msc/Std/IfxMsc.h **** /** \brief Configure Slow Channel Parity for Slave X in Slow Channel Configuration Register
1685:../Libraries/iLLD/TC4xx/Tricore/Msc/Std/IfxMsc.h ****  * \param msc pointer to the base of MSC registers
1686:../Libraries/iLLD/TC4xx/Tricore/Msc/Std/IfxMsc.h ****  * \param parity Type of Parity for Slave X
1687:../Libraries/iLLD/TC4xx/Tricore/Msc/Std/IfxMsc.h ****  * \return None
1688:../Libraries/iLLD/TC4xx/Tricore/Msc/Std/IfxMsc.h ****  */
1689:../Libraries/iLLD/TC4xx/Tricore/Msc/Std/IfxMsc.h **** IFX_INLINE void IfxMsc_setSlowChannelParitySlaveX(Ifx_MSC *msc, IfxMsc_SlowChannelParity parity);
1690:../Libraries/iLLD/TC4xx/Tricore/Msc/Std/IfxMsc.h **** 
1691:../Libraries/iLLD/TC4xx/Tricore/Msc/Std/IfxMsc.h **** /** \brief Configure Slow Channel Parity for Slave Y in Slow Channel Configuration Register
1692:../Libraries/iLLD/TC4xx/Tricore/Msc/Std/IfxMsc.h ****  * \param msc pointer to the base of MSC registers
1693:../Libraries/iLLD/TC4xx/Tricore/Msc/Std/IfxMsc.h ****  * \param parity Type of Parity for Slave Y
1694:../Libraries/iLLD/TC4xx/Tricore/Msc/Std/IfxMsc.h ****  * \return None
1695:../Libraries/iLLD/TC4xx/Tricore/Msc/Std/IfxMsc.h ****  */
1696:../Libraries/iLLD/TC4xx/Tricore/Msc/Std/IfxMsc.h **** IFX_INLINE void IfxMsc_setSlowChannelParitySlaveY(Ifx_MSC *msc, IfxMsc_SlowChannelParity parity);
1697:../Libraries/iLLD/TC4xx/Tricore/Msc/Std/IfxMsc.h **** 
1698:../Libraries/iLLD/TC4xx/Tricore/Msc/Std/IfxMsc.h **** /** \brief Configure Data Frame Passive Phase Length in Downstream Control Register
1699:../Libraries/iLLD/TC4xx/Tricore/Msc/Std/IfxMsc.h ****  * \param msc pointer to the base of MSC registers
1700:../Libraries/iLLD/TC4xx/Tricore/Msc/Std/IfxMsc.h ****  * \param length Length of Passive Phase in Data Frame
1701:../Libraries/iLLD/TC4xx/Tricore/Msc/Std/IfxMsc.h ****  * \return None
1702:../Libraries/iLLD/TC4xx/Tricore/Msc/Std/IfxMsc.h ****  */
1703:../Libraries/iLLD/TC4xx/Tricore/Msc/Std/IfxMsc.h **** IFX_INLINE void IfxMsc_setDataFramePassivePhaseLength(Ifx_MSC *msc, IfxMsc_DataFramePassivePhaseLen
1704:../Libraries/iLLD/TC4xx/Tricore/Msc/Std/IfxMsc.h **** 
1705:../Libraries/iLLD/TC4xx/Tricore/Msc/Std/IfxMsc.h **** /** \brief Configure Command Frame Passive Phase Length in Downstream Timing Extension Register
1706:../Libraries/iLLD/TC4xx/Tricore/Msc/Std/IfxMsc.h ****  * \param msc pointer to the base of MSC registers
1707:../Libraries/iLLD/TC4xx/Tricore/Msc/Std/IfxMsc.h ****  * \param length Length of Passive Phase in Command Frame
1708:../Libraries/iLLD/TC4xx/Tricore/Msc/Std/IfxMsc.h ****  * \return None
1709:../Libraries/iLLD/TC4xx/Tricore/Msc/Std/IfxMsc.h ****  */
1710:../Libraries/iLLD/TC4xx/Tricore/Msc/Std/IfxMsc.h **** IFX_INLINE void IfxMsc_setCommandFramePassivePhaseLength(Ifx_MSC *msc, IfxMsc_ControlFrameExtension
1711:../Libraries/iLLD/TC4xx/Tricore/Msc/Std/IfxMsc.h **** 
1712:../Libraries/iLLD/TC4xx/Tricore/Msc/Std/IfxMsc.h **** /** \brief Clears Command Frame Slow Channel X Interrupt Flag
1713:../Libraries/iLLD/TC4xx/Tricore/Msc/Std/IfxMsc.h ****  * \param msc pointer to the base of MSC registers
1714:../Libraries/iLLD/TC4xx/Tricore/Msc/Std/IfxMsc.h ****  * \return None
1715:../Libraries/iLLD/TC4xx/Tricore/Msc/Std/IfxMsc.h ****  */
1716:../Libraries/iLLD/TC4xx/Tricore/Msc/Std/IfxMsc.h **** IFX_INLINE void IfxMsc_clearSlowChannelXInterruptFlag(Ifx_MSC *msc);
1717:../Libraries/iLLD/TC4xx/Tricore/Msc/Std/IfxMsc.h **** 
1718:../Libraries/iLLD/TC4xx/Tricore/Msc/Std/IfxMsc.h **** /** \brief Clears Command Frame Slow Channel Y Interrupt Flag
1719:../Libraries/iLLD/TC4xx/Tricore/Msc/Std/IfxMsc.h ****  * \param msc pointer to the base of MSC registers
1720:../Libraries/iLLD/TC4xx/Tricore/Msc/Std/IfxMsc.h ****  * \return None
1721:../Libraries/iLLD/TC4xx/Tricore/Msc/Std/IfxMsc.h ****  */
1722:../Libraries/iLLD/TC4xx/Tricore/Msc/Std/IfxMsc.h **** IFX_INLINE void IfxMsc_clearSlowChannelYInterruptFlag(Ifx_MSC *msc);
1723:../Libraries/iLLD/TC4xx/Tricore/Msc/Std/IfxMsc.h **** 
1724:../Libraries/iLLD/TC4xx/Tricore/Msc/Std/IfxMsc.h **** /** \brief Time Frame Manchester Code Interrupt Flag
1725:../Libraries/iLLD/TC4xx/Tricore/Msc/Std/IfxMsc.h ****  * \param msc pointer to the base of MSC registers
1726:../Libraries/iLLD/TC4xx/Tricore/Msc/Std/IfxMsc.h ****  * \return None
1727:../Libraries/iLLD/TC4xx/Tricore/Msc/Std/IfxMsc.h ****  */
1728:../Libraries/iLLD/TC4xx/Tricore/Msc/Std/IfxMsc.h **** IFX_INLINE void IfxMsc_clearManchesterCodeInterruptFlag(Ifx_MSC *msc);
1729:../Libraries/iLLD/TC4xx/Tricore/Msc/Std/IfxMsc.h **** 
1730:../Libraries/iLLD/TC4xx/Tricore/Msc/Std/IfxMsc.h **** /** \brief Returns the Command Frame Slow Channel X Interrupt Flag Status
1731:../Libraries/iLLD/TC4xx/Tricore/Msc/Std/IfxMsc.h ****  * \param msc pointer to the base of MSC registers
1732:../Libraries/iLLD/TC4xx/Tricore/Msc/Std/IfxMsc.h ****  * \return Status
1733:../Libraries/iLLD/TC4xx/Tricore/Msc/Std/IfxMsc.h ****  */
1734:../Libraries/iLLD/TC4xx/Tricore/Msc/Std/IfxMsc.h **** IFX_INLINE boolean IfxMsc_getSlowChannelXInterruptFlag(Ifx_MSC *msc);
1735:../Libraries/iLLD/TC4xx/Tricore/Msc/Std/IfxMsc.h **** 
1736:../Libraries/iLLD/TC4xx/Tricore/Msc/Std/IfxMsc.h **** /** \brief Returns the Command Frame Slow Channel Y Interrupt Flag Status
1737:../Libraries/iLLD/TC4xx/Tricore/Msc/Std/IfxMsc.h ****  * \param msc pointer to the base of MSC registers
1738:../Libraries/iLLD/TC4xx/Tricore/Msc/Std/IfxMsc.h ****  * \return Status
1739:../Libraries/iLLD/TC4xx/Tricore/Msc/Std/IfxMsc.h ****  */
1740:../Libraries/iLLD/TC4xx/Tricore/Msc/Std/IfxMsc.h **** IFX_INLINE boolean IfxMsc_getSlowChannelYInterruptFlag(Ifx_MSC *msc);
1741:../Libraries/iLLD/TC4xx/Tricore/Msc/Std/IfxMsc.h **** 
1742:../Libraries/iLLD/TC4xx/Tricore/Msc/Std/IfxMsc.h **** /** \brief Returns the Time Frame Manchester Code Interrupt Flag Status
1743:../Libraries/iLLD/TC4xx/Tricore/Msc/Std/IfxMsc.h ****  * \param msc pointer to the base of MSC registers
1744:../Libraries/iLLD/TC4xx/Tricore/Msc/Std/IfxMsc.h ****  * \return Status
1745:../Libraries/iLLD/TC4xx/Tricore/Msc/Std/IfxMsc.h ****  */
1746:../Libraries/iLLD/TC4xx/Tricore/Msc/Std/IfxMsc.h **** IFX_INLINE boolean IfxMsc_getManchesterCodeInterruptFlag(Ifx_MSC *msc);
1747:../Libraries/iLLD/TC4xx/Tricore/Msc/Std/IfxMsc.h **** 
1748:../Libraries/iLLD/TC4xx/Tricore/Msc/Std/IfxMsc.h **** /******************************************************************************/
1749:../Libraries/iLLD/TC4xx/Tricore/Msc/Std/IfxMsc.h **** /*-------------------------Global Function Prototypes-------------------------*/
1750:../Libraries/iLLD/TC4xx/Tricore/Msc/Std/IfxMsc.h **** /******************************************************************************/
1751:../Libraries/iLLD/TC4xx/Tricore/Msc/Std/IfxMsc.h **** 
1752:../Libraries/iLLD/TC4xx/Tricore/Msc/Std/IfxMsc.h **** /** \brief clear data frame interrupt flag
1753:../Libraries/iLLD/TC4xx/Tricore/Msc/Std/IfxMsc.h ****  * \param msc pointer to the base of MSC registers
1754:../Libraries/iLLD/TC4xx/Tricore/Msc/Std/IfxMsc.h ****  * \return None
1755:../Libraries/iLLD/TC4xx/Tricore/Msc/Std/IfxMsc.h ****  */
1756:../Libraries/iLLD/TC4xx/Tricore/Msc/Std/IfxMsc.h **** IFX_EXTERN void IfxMsc_clearDataFrameInterruptFlag(Ifx_MSC *msc);
1757:../Libraries/iLLD/TC4xx/Tricore/Msc/Std/IfxMsc.h **** 
1758:../Libraries/iLLD/TC4xx/Tricore/Msc/Std/IfxMsc.h **** /** \brief Get the step value for the supplied baud rate when divider mode is fractional for downst
1759:../Libraries/iLLD/TC4xx/Tricore/Msc/Std/IfxMsc.h ****  * \param msc pointer to the base of MSC registers
1760:../Libraries/iLLD/TC4xx/Tricore/Msc/Std/IfxMsc.h ****  * \param baud Required baud rate
1761:../Libraries/iLLD/TC4xx/Tricore/Msc/Std/IfxMsc.h ****  * \return Step Value
1762:../Libraries/iLLD/TC4xx/Tricore/Msc/Std/IfxMsc.h ****  */
1763:../Libraries/iLLD/TC4xx/Tricore/Msc/Std/IfxMsc.h **** IFX_EXTERN uint32 IfxMsc_downstreamFractionalBaudCalculator(Ifx_MSC *msc, uint32 baud);
1764:../Libraries/iLLD/TC4xx/Tricore/Msc/Std/IfxMsc.h **** 
1765:../Libraries/iLLD/TC4xx/Tricore/Msc/Std/IfxMsc.h **** /** \brief Get the step value for the supplied baud rate when divider mode is normal for downstream
1766:../Libraries/iLLD/TC4xx/Tricore/Msc/Std/IfxMsc.h ****  * \param msc Select DataType Ref
1767:../Libraries/iLLD/TC4xx/Tricore/Msc/Std/IfxMsc.h ****  * \param baud Required baud rate
1768:../Libraries/iLLD/TC4xx/Tricore/Msc/Std/IfxMsc.h ****  * \return Step value
1769:../Libraries/iLLD/TC4xx/Tricore/Msc/Std/IfxMsc.h ****  */
1770:../Libraries/iLLD/TC4xx/Tricore/Msc/Std/IfxMsc.h **** IFX_EXTERN uint32 IfxMsc_downstreamNormalBaudCalculator(Ifx_MSC *msc, uint32 baud);
1771:../Libraries/iLLD/TC4xx/Tricore/Msc/Std/IfxMsc.h **** 
1772:../Libraries/iLLD/TC4xx/Tricore/Msc/Std/IfxMsc.h **** /** \brief get the status of the active data frame
1773:../Libraries/iLLD/TC4xx/Tricore/Msc/Std/IfxMsc.h ****  * \param msc pointer to the base of MSC registers
1774:../Libraries/iLLD/TC4xx/Tricore/Msc/Std/IfxMsc.h ****  * \return Status TRUE or FALSE
1775:../Libraries/iLLD/TC4xx/Tricore/Msc/Std/IfxMsc.h ****  */
1776:../Libraries/iLLD/TC4xx/Tricore/Msc/Std/IfxMsc.h **** IFX_EXTERN boolean IfxMsc_getActiveDataFrameStatus(Ifx_MSC *msc);
1777:../Libraries/iLLD/TC4xx/Tricore/Msc/Std/IfxMsc.h **** 
1778:../Libraries/iLLD/TC4xx/Tricore/Msc/Std/IfxMsc.h **** /** \brief get the status of the data frame interrupt flag
1779:../Libraries/iLLD/TC4xx/Tricore/Msc/Std/IfxMsc.h ****  * \param msc pointer to the base of MSC registers
1780:../Libraries/iLLD/TC4xx/Tricore/Msc/Std/IfxMsc.h ****  * \return Status TRUE or FALSE
1781:../Libraries/iLLD/TC4xx/Tricore/Msc/Std/IfxMsc.h ****  */
1782:../Libraries/iLLD/TC4xx/Tricore/Msc/Std/IfxMsc.h **** IFX_EXTERN boolean IfxMsc_getDataFrameInterruptFlag(Ifx_MSC *msc);
1783:../Libraries/iLLD/TC4xx/Tricore/Msc/Std/IfxMsc.h **** 
1784:../Libraries/iLLD/TC4xx/Tricore/Msc/Std/IfxMsc.h **** /**
1785:../Libraries/iLLD/TC4xx/Tricore/Msc/Std/IfxMsc.h ****  * \param msc Pointer to MSC module SFRs
1786:../Libraries/iLLD/TC4xx/Tricore/Msc/Std/IfxMsc.h ****  * \param command64 Command struct to be loaded to DCE & DC
1787:../Libraries/iLLD/TC4xx/Tricore/Msc/Std/IfxMsc.h ****  * \return None
1788:../Libraries/iLLD/TC4xx/Tricore/Msc/Std/IfxMsc.h ****  */
1789:../Libraries/iLLD/TC4xx/Tricore/Msc/Std/IfxMsc.h **** IFX_EXTERN void IfxMsc_manualLoadCxModeCommand(Ifx_MSC *msc, IfxMsc_CxModeCommand *command64);
1790:../Libraries/iLLD/TC4xx/Tricore/Msc/Std/IfxMsc.h **** 
1791:../Libraries/iLLD/TC4xx/Tricore/Msc/Std/IfxMsc.h **** /** \brief Returns the downstream ABRA baudrate
1792:../Libraries/iLLD/TC4xx/Tricore/Msc/Std/IfxMsc.h ****  * \param msc pointer to the base of MSC registers
1793:../Libraries/iLLD/TC4xx/Tricore/Msc/Std/IfxMsc.h ****  * \return Downstream ABRA baudrate
1794:../Libraries/iLLD/TC4xx/Tricore/Msc/Std/IfxMsc.h ****  */
1795:../Libraries/iLLD/TC4xx/Tricore/Msc/Std/IfxMsc.h **** IFX_EXTERN float32 IfxMsc_getDownstreamAbraBaudrate(Ifx_MSC *msc);
1796:../Libraries/iLLD/TC4xx/Tricore/Msc/Std/IfxMsc.h **** 
1797:../Libraries/iLLD/TC4xx/Tricore/Msc/Std/IfxMsc.h **** /** \brief Returns the downstream baudrate(with ABRA disabled)
1798:../Libraries/iLLD/TC4xx/Tricore/Msc/Std/IfxMsc.h ****  * \param msc pointer to the base of MSC registers
1799:../Libraries/iLLD/TC4xx/Tricore/Msc/Std/IfxMsc.h ****  * \return Returns the downstream baudrate(in case of ABRA disabled)
1800:../Libraries/iLLD/TC4xx/Tricore/Msc/Std/IfxMsc.h ****  */
1801:../Libraries/iLLD/TC4xx/Tricore/Msc/Std/IfxMsc.h **** IFX_EXTERN float32 IfxMsc_getDownstreamAbraDisabledBaudrate(Ifx_MSC *msc);
1802:../Libraries/iLLD/TC4xx/Tricore/Msc/Std/IfxMsc.h **** 
1803:../Libraries/iLLD/TC4xx/Tricore/Msc/Std/IfxMsc.h **** /** \brief Returns the relevant downstream baudrate based on ABB configuration
1804:../Libraries/iLLD/TC4xx/Tricore/Msc/Std/IfxMsc.h ****  * \param msc pointer to the base of MSC registers
1805:../Libraries/iLLD/TC4xx/Tricore/Msc/Std/IfxMsc.h ****  * \return Returns the downstream baudrate.
1806:../Libraries/iLLD/TC4xx/Tricore/Msc/Std/IfxMsc.h ****  */
1807:../Libraries/iLLD/TC4xx/Tricore/Msc/Std/IfxMsc.h **** IFX_EXTERN float32 IfxMsc_getDownstreamBaudrate(Ifx_MSC *msc);
1808:../Libraries/iLLD/TC4xx/Tricore/Msc/Std/IfxMsc.h **** 
1809:../Libraries/iLLD/TC4xx/Tricore/Msc/Std/IfxMsc.h **** /** \brief Configure Manchester Coding
1810:../Libraries/iLLD/TC4xx/Tricore/Msc/Std/IfxMsc.h ****  * \param msc pointer to the base of MSC registers
1811:../Libraries/iLLD/TC4xx/Tricore/Msc/Std/IfxMsc.h ****  * \param manConfig Pointer to Manchester Configuration Structure
1812:../Libraries/iLLD/TC4xx/Tricore/Msc/Std/IfxMsc.h ****  * \return None
1813:../Libraries/iLLD/TC4xx/Tricore/Msc/Std/IfxMsc.h ****  */
1814:../Libraries/iLLD/TC4xx/Tricore/Msc/Std/IfxMsc.h **** IFX_EXTERN void IfxMsc_setManchesterCoding(Ifx_MSC *msc, IfxMsc_ManchesterConfig *manConfig);
1815:../Libraries/iLLD/TC4xx/Tricore/Msc/Std/IfxMsc.h **** 
1816:../Libraries/iLLD/TC4xx/Tricore/Msc/Std/IfxMsc.h **** /** \brief Configure Slow Channel
1817:../Libraries/iLLD/TC4xx/Tricore/Msc/Std/IfxMsc.h ****  * Use IfxMsc_manualloadCxModeCommand to load command Frame data after configuring Slow Channel.
1818:../Libraries/iLLD/TC4xx/Tricore/Msc/Std/IfxMsc.h ****  * Writing Command data to DCE and DC registers will initiate slow channel transfer immediately.
1819:../Libraries/iLLD/TC4xx/Tricore/Msc/Std/IfxMsc.h ****  * \param msc pointer to the base of MSC registers
1820:../Libraries/iLLD/TC4xx/Tricore/Msc/Std/IfxMsc.h ****  * \param slowChannelConfig Pointer to Slow Channel Configuration Structure
1821:../Libraries/iLLD/TC4xx/Tricore/Msc/Std/IfxMsc.h ****  * \return None
1822:../Libraries/iLLD/TC4xx/Tricore/Msc/Std/IfxMsc.h ****  */
1823:../Libraries/iLLD/TC4xx/Tricore/Msc/Std/IfxMsc.h **** IFX_EXTERN void IfxMsc_setSlowChannel(Ifx_MSC *msc, const IfxMsc_SlowChannelConfig *slowChannelConf
1824:../Libraries/iLLD/TC4xx/Tricore/Msc/Std/IfxMsc.h **** 
1825:../Libraries/iLLD/TC4xx/Tricore/Msc/Std/IfxMsc.h **** /** \brief Configure Enable Clock Adjustment for Falling Edge
1826:../Libraries/iLLD/TC4xx/Tricore/Msc/Std/IfxMsc.h ****  * Take care of passive phase if using deassertion
1827:../Libraries/iLLD/TC4xx/Tricore/Msc/Std/IfxMsc.h ****  * \param msc pointer to the base of MSC registers
1828:../Libraries/iLLD/TC4xx/Tricore/Msc/Std/IfxMsc.h ****  * \param enX Target to be selected (Enable Line)
1829:../Libraries/iLLD/TC4xx/Tricore/Msc/Std/IfxMsc.h ****  * \param adjustment Clock adjustment Value
1830:../Libraries/iLLD/TC4xx/Tricore/Msc/Std/IfxMsc.h ****  * \return None
1831:../Libraries/iLLD/TC4xx/Tricore/Msc/Std/IfxMsc.h ****  */
1832:../Libraries/iLLD/TC4xx/Tricore/Msc/Std/IfxMsc.h **** IFX_EXTERN void IfxMsc_setEnableXDeassertion(Ifx_MSC *msc, IfxMsc_Target enX, IfxMsc_EnableClockAdj
1833:../Libraries/iLLD/TC4xx/Tricore/Msc/Std/IfxMsc.h **** 
1834:../Libraries/iLLD/TC4xx/Tricore/Msc/Std/IfxMsc.h **** /** \brief Configure Enable Clock Adjustment for Rising Edge
1835:../Libraries/iLLD/TC4xx/Tricore/Msc/Std/IfxMsc.h ****  * Take care of passive phase if using Assertion
1836:../Libraries/iLLD/TC4xx/Tricore/Msc/Std/IfxMsc.h ****  * \param msc pointer to the base of MSC registers
1837:../Libraries/iLLD/TC4xx/Tricore/Msc/Std/IfxMsc.h ****  * \param enX Target to be selected (Enable Line)
1838:../Libraries/iLLD/TC4xx/Tricore/Msc/Std/IfxMsc.h ****  * \param adjustment Clock adjustment Value
1839:../Libraries/iLLD/TC4xx/Tricore/Msc/Std/IfxMsc.h ****  * \return None
1840:../Libraries/iLLD/TC4xx/Tricore/Msc/Std/IfxMsc.h ****  */
1841:../Libraries/iLLD/TC4xx/Tricore/Msc/Std/IfxMsc.h **** IFX_EXTERN void IfxMsc_setEnableXAssertion(Ifx_MSC *msc, IfxMsc_Target enX, IfxMsc_EnableClockAdjus
1842:../Libraries/iLLD/TC4xx/Tricore/Msc/Std/IfxMsc.h **** 
1843:../Libraries/iLLD/TC4xx/Tricore/Msc/Std/IfxMsc.h **** /** \brief Initialize the AP with default config
1844:../Libraries/iLLD/TC4xx/Tricore/Msc/Std/IfxMsc.h ****  * \param config Pointer to the AP config
1845:../Libraries/iLLD/TC4xx/Tricore/Msc/Std/IfxMsc.h ****  * \return None
1846:../Libraries/iLLD/TC4xx/Tricore/Msc/Std/IfxMsc.h ****  */
1847:../Libraries/iLLD/TC4xx/Tricore/Msc/Std/IfxMsc.h **** IFX_EXTERN void IfxMsc_initApConfig(IfxMsc_ApConfig *config);
1848:../Libraries/iLLD/TC4xx/Tricore/Msc/Std/IfxMsc.h **** 
1849:../Libraries/iLLD/TC4xx/Tricore/Msc/Std/IfxMsc.h **** /** \brief Initialize the AP
1850:../Libraries/iLLD/TC4xx/Tricore/Msc/Std/IfxMsc.h ****  * \param msc MSC module pointer
1851:../Libraries/iLLD/TC4xx/Tricore/Msc/Std/IfxMsc.h ****  * \param config AP config pointer
1852:../Libraries/iLLD/TC4xx/Tricore/Msc/Std/IfxMsc.h ****  * \return None
1853:../Libraries/iLLD/TC4xx/Tricore/Msc/Std/IfxMsc.h ****  */
1854:../Libraries/iLLD/TC4xx/Tricore/Msc/Std/IfxMsc.h **** IFX_EXTERN void IfxMsc_initAp(Ifx_MSC *msc, IfxMsc_ApConfig *config);
1855:../Libraries/iLLD/TC4xx/Tricore/Msc/Std/IfxMsc.h **** 
1856:../Libraries/iLLD/TC4xx/Tricore/Msc/Std/IfxMsc.h **** /** \brief Configures access to all masters to all the MSCs in the device
1857:../Libraries/iLLD/TC4xx/Tricore/Msc/Std/IfxMsc.h ****  * \param apConfig config pointer to configuration structure.
1858:../Libraries/iLLD/TC4xx/Tricore/Msc/Std/IfxMsc.h ****  * \return None
1859:../Libraries/iLLD/TC4xx/Tricore/Msc/Std/IfxMsc.h ****  */
1860:../Libraries/iLLD/TC4xx/Tricore/Msc/Std/IfxMsc.h **** IFX_EXTERN void IfxMsc_configureAccessToMscs(IfxApApu_ApuConfig *apConfig);
1861:../Libraries/iLLD/TC4xx/Tricore/Msc/Std/IfxMsc.h **** 
1862:../Libraries/iLLD/TC4xx/Tricore/Msc/Std/IfxMsc.h **** /******************************************************************************/
1863:../Libraries/iLLD/TC4xx/Tricore/Msc/Std/IfxMsc.h **** /*---------------------Inline Function Implementations------------------------*/
1864:../Libraries/iLLD/TC4xx/Tricore/Msc/Std/IfxMsc.h **** /******************************************************************************/
1865:../Libraries/iLLD/TC4xx/Tricore/Msc/Std/IfxMsc.h **** 
1866:../Libraries/iLLD/TC4xx/Tricore/Msc/Std/IfxMsc.h **** IFX_INLINE void IfxMsc_clearAbraOverflowFlag(Ifx_MSC *msc)
1867:../Libraries/iLLD/TC4xx/Tricore/Msc/Std/IfxMsc.h **** {
1868:../Libraries/iLLD/TC4xx/Tricore/Msc/Std/IfxMsc.h ****     /* Overflow Flag Clear */
1869:../Libraries/iLLD/TC4xx/Tricore/Msc/Std/IfxMsc.h ****     msc->ABC.B.OFM = 2;
1870:../Libraries/iLLD/TC4xx/Tricore/Msc/Std/IfxMsc.h **** }
1871:../Libraries/iLLD/TC4xx/Tricore/Msc/Std/IfxMsc.h **** 
1872:../Libraries/iLLD/TC4xx/Tricore/Msc/Std/IfxMsc.h **** 
1873:../Libraries/iLLD/TC4xx/Tricore/Msc/Std/IfxMsc.h **** IFX_INLINE void IfxMsc_clearAbraUnderflowFlag(Ifx_MSC *msc)
1874:../Libraries/iLLD/TC4xx/Tricore/Msc/Std/IfxMsc.h **** {
1875:../Libraries/iLLD/TC4xx/Tricore/Msc/Std/IfxMsc.h ****     /* Underflow Flag Clear */
1876:../Libraries/iLLD/TC4xx/Tricore/Msc/Std/IfxMsc.h ****     msc->ABC.B.UFM = 2;
1877:../Libraries/iLLD/TC4xx/Tricore/Msc/Std/IfxMsc.h **** }
1878:../Libraries/iLLD/TC4xx/Tricore/Msc/Std/IfxMsc.h **** 
1879:../Libraries/iLLD/TC4xx/Tricore/Msc/Std/IfxMsc.h **** 
1880:../Libraries/iLLD/TC4xx/Tricore/Msc/Std/IfxMsc.h **** IFX_INLINE void IfxMsc_clearRecieveDataInterruptFlag(Ifx_MSC *msc)
1881:../Libraries/iLLD/TC4xx/Tricore/Msc/Std/IfxMsc.h **** {
1882:../Libraries/iLLD/TC4xx/Tricore/Msc/Std/IfxMsc.h ****     msc->ISC.B.CURDI = 0x01U;
1883:../Libraries/iLLD/TC4xx/Tricore/Msc/Std/IfxMsc.h **** }
1884:../Libraries/iLLD/TC4xx/Tricore/Msc/Std/IfxMsc.h **** 
1885:../Libraries/iLLD/TC4xx/Tricore/Msc/Std/IfxMsc.h **** 
1886:../Libraries/iLLD/TC4xx/Tricore/Msc/Std/IfxMsc.h **** IFX_INLINE void IfxMsc_clearUpstreamTimeout(Ifx_MSC *msc)
1887:../Libraries/iLLD/TC4xx/Tricore/Msc/Std/IfxMsc.h **** {
1888:../Libraries/iLLD/TC4xx/Tricore/Msc/Std/IfxMsc.h ****     /* Upstream Timeout Clear */
1889:../Libraries/iLLD/TC4xx/Tricore/Msc/Std/IfxMsc.h ****     msc->USCE.B.USTC = 1;
1890:../Libraries/iLLD/TC4xx/Tricore/Msc/Std/IfxMsc.h **** }
1891:../Libraries/iLLD/TC4xx/Tricore/Msc/Std/IfxMsc.h **** 
1892:../Libraries/iLLD/TC4xx/Tricore/Msc/Std/IfxMsc.h **** 
1893:../Libraries/iLLD/TC4xx/Tricore/Msc/Std/IfxMsc.h **** IFX_INLINE void IfxMsc_clearUpstreamValidFlag(Ifx_MSC *msc, uint8 upstreamIdx)
1894:../Libraries/iLLD/TC4xx/Tricore/Msc/Std/IfxMsc.h **** {
1895:../Libraries/iLLD/TC4xx/Tricore/Msc/Std/IfxMsc.h ****     msc->UD[upstreamIdx].B.C = 1;
1896:../Libraries/iLLD/TC4xx/Tricore/Msc/Std/IfxMsc.h **** }
1897:../Libraries/iLLD/TC4xx/Tricore/Msc/Std/IfxMsc.h **** 
1898:../Libraries/iLLD/TC4xx/Tricore/Msc/Std/IfxMsc.h **** 
1899:../Libraries/iLLD/TC4xx/Tricore/Msc/Std/IfxMsc.h **** IFX_INLINE void IfxMsc_clearValidbit(Ifx_MSC *msc, uint8 upstreamIdx)
1900:../Libraries/iLLD/TC4xx/Tricore/Msc/Std/IfxMsc.h **** {
1901:../Libraries/iLLD/TC4xx/Tricore/Msc/Std/IfxMsc.h ****     msc->UD[upstreamIdx].B.C = 0x01U;
1902:../Libraries/iLLD/TC4xx/Tricore/Msc/Std/IfxMsc.h **** }
1903:../Libraries/iLLD/TC4xx/Tricore/Msc/Std/IfxMsc.h **** 
1904:../Libraries/iLLD/TC4xx/Tricore/Msc/Std/IfxMsc.h **** 
1905:../Libraries/iLLD/TC4xx/Tricore/Msc/Std/IfxMsc.h **** IFX_INLINE void IfxMsc_disableUpstreamTimeoutInterrupt(Ifx_MSC *msc)
1906:../Libraries/iLLD/TC4xx/Tricore/Msc/Std/IfxMsc.h **** {
1907:../Libraries/iLLD/TC4xx/Tricore/Msc/Std/IfxMsc.h ****     msc->USCE.B.USTOEN = 0x0U;
1908:../Libraries/iLLD/TC4xx/Tricore/Msc/Std/IfxMsc.h **** }
1909:../Libraries/iLLD/TC4xx/Tricore/Msc/Std/IfxMsc.h **** 
1910:../Libraries/iLLD/TC4xx/Tricore/Msc/Std/IfxMsc.h **** 
1911:../Libraries/iLLD/TC4xx/Tricore/Msc/Std/IfxMsc.h **** IFX_INLINE void IfxMsc_enableUpstreamTimeoutInterrupt(Ifx_MSC *msc)
1912:../Libraries/iLLD/TC4xx/Tricore/Msc/Std/IfxMsc.h **** {
1913:../Libraries/iLLD/TC4xx/Tricore/Msc/Std/IfxMsc.h ****     msc->USCE.B.USTOEN = 0x1U;
1914:../Libraries/iLLD/TC4xx/Tricore/Msc/Std/IfxMsc.h **** }
1915:../Libraries/iLLD/TC4xx/Tricore/Msc/Std/IfxMsc.h **** 
1916:../Libraries/iLLD/TC4xx/Tricore/Msc/Std/IfxMsc.h **** 
1917:../Libraries/iLLD/TC4xx/Tricore/Msc/Std/IfxMsc.h **** IFX_INLINE boolean IfxMsc_getAsyncClockBypass(Ifx_MSC *msc)
1918:../Libraries/iLLD/TC4xx/Tricore/Msc/Std/IfxMsc.h **** {
1919:../Libraries/iLLD/TC4xx/Tricore/Msc/Std/IfxMsc.h ****     return msc->ABC.B.ABB;
1920:../Libraries/iLLD/TC4xx/Tricore/Msc/Std/IfxMsc.h **** }
1921:../Libraries/iLLD/TC4xx/Tricore/Msc/Std/IfxMsc.h **** 
1922:../Libraries/iLLD/TC4xx/Tricore/Msc/Std/IfxMsc.h **** 
1923:../Libraries/iLLD/TC4xx/Tricore/Msc/Std/IfxMsc.h **** IFX_INLINE uint16 IfxMsc_getData(Ifx_MSC *msc, uint8 upstreamIdx)
1924:../Libraries/iLLD/TC4xx/Tricore/Msc/Std/IfxMsc.h **** {
1925:../Libraries/iLLD/TC4xx/Tricore/Msc/Std/IfxMsc.h ****     uint16 data = 0;
1926:../Libraries/iLLD/TC4xx/Tricore/Msc/Std/IfxMsc.h **** 
1927:../Libraries/iLLD/TC4xx/Tricore/Msc/Std/IfxMsc.h ****     data = msc->UD[upstreamIdx].B.DATA;
1928:../Libraries/iLLD/TC4xx/Tricore/Msc/Std/IfxMsc.h **** 
1929:../Libraries/iLLD/TC4xx/Tricore/Msc/Std/IfxMsc.h ****     return data;
1930:../Libraries/iLLD/TC4xx/Tricore/Msc/Std/IfxMsc.h **** }
1931:../Libraries/iLLD/TC4xx/Tricore/Msc/Std/IfxMsc.h **** 
1932:../Libraries/iLLD/TC4xx/Tricore/Msc/Std/IfxMsc.h **** 
1933:../Libraries/iLLD/TC4xx/Tricore/Msc/Std/IfxMsc.h **** IFX_INLINE IfxMsc_Target IfxMsc_getDataHighTarget(Ifx_MSC *msc)
1934:../Libraries/iLLD/TC4xx/Tricore/Msc/Std/IfxMsc.h **** {
1935:../Libraries/iLLD/TC4xx/Tricore/Msc/Std/IfxMsc.h ****     /* get data high target - en0, en1, en2 or en3 */
1936:../Libraries/iLLD/TC4xx/Tricore/Msc/Std/IfxMsc.h ****     return (IfxMsc_Target)msc->OCR.B.CSH;
1937:../Libraries/iLLD/TC4xx/Tricore/Msc/Std/IfxMsc.h **** }
1938:../Libraries/iLLD/TC4xx/Tricore/Msc/Std/IfxMsc.h **** 
1939:../Libraries/iLLD/TC4xx/Tricore/Msc/Std/IfxMsc.h **** 
1940:../Libraries/iLLD/TC4xx/Tricore/Msc/Std/IfxMsc.h **** IFX_INLINE IfxMsc_Target IfxMsc_getDataLowTarget(Ifx_MSC *msc)
1941:../Libraries/iLLD/TC4xx/Tricore/Msc/Std/IfxMsc.h **** {
1942:../Libraries/iLLD/TC4xx/Tricore/Msc/Std/IfxMsc.h ****     /* get data low target - en0, en1, en2 or en3 */
1943:../Libraries/iLLD/TC4xx/Tricore/Msc/Std/IfxMsc.h ****     return (IfxMsc_Target)msc->OCR.B.CSL;
  51              	 .loc 2 1943 5
  52              	 .loc 2 1943 37 is_stmt 0
  53 0008 19220C20 	 ld.w %d2,[%a2]140
  54 000c 3702E224 	 extr.u %d2,%d2,9,2
  55              	.LVL6:
  56              	.LBE91:
  57              	.LBE90:
  58 0010 0090     	 ret 
  59              	.LVL7:
  60              	.L3:
  62:../Libraries/iLLD/TC4xx/Tricore/Msc/Msc/IfxMsc_Msc.c ****     }
  63:../Libraries/iLLD/TC4xx/Tricore/Msc/Msc/IfxMsc_Msc.c ****     else if (target == IfxMsc_Msc_Target_high)
  61              	 .loc 1 63 10 is_stmt 1
  62              	 .loc 1 63 13 is_stmt 0
  63 0012 DF140000 	 jeq %d4,1,.L6
  57:../Libraries/iLLD/TC4xx/Tricore/Msc/Msc/IfxMsc_Msc.c **** 
  64              	 .loc 1 57 19
  65 0016 8202     	 mov %d2,0
  64:../Libraries/iLLD/TC4xx/Tricore/Msc/Msc/IfxMsc_Msc.c ****     {
  65:../Libraries/iLLD/TC4xx/Tricore/Msc/Msc/IfxMsc_Msc.c ****         enX = IfxMsc_getDataHighTarget(mscSfr);
  66:../Libraries/iLLD/TC4xx/Tricore/Msc/Msc/IfxMsc_Msc.c ****     }
  67:../Libraries/iLLD/TC4xx/Tricore/Msc/Msc/IfxMsc_Msc.c **** 
  68:../Libraries/iLLD/TC4xx/Tricore/Msc/Msc/IfxMsc_Msc.c ****     return enX;
  66              	 .loc 1 68 5 is_stmt 1
  69:../Libraries/iLLD/TC4xx/Tricore/Msc/Msc/IfxMsc_Msc.c **** }
  67              	 .loc 1 69 1 is_stmt 0
  68 0018 0090     	 ret 
  69              	.L6:
  65:../Libraries/iLLD/TC4xx/Tricore/Msc/Msc/IfxMsc_Msc.c ****     }
  70              	 .loc 1 65 9 is_stmt 1
  71              	.LVL8:
  72              	.LBB92:
  73              	.LBB93:
1936:../Libraries/iLLD/TC4xx/Tricore/Msc/Std/IfxMsc.h **** }
  74              	 .loc 2 1936 5
1936:../Libraries/iLLD/TC4xx/Tricore/Msc/Std/IfxMsc.h **** }
  75              	 .loc 2 1936 37 is_stmt 0
  76 001a 19220C20 	 ld.w %d2,[%a2]140
  77 001e 3702E225 	 extr.u %d2,%d2,11,2
  78              	.LVL9:
  79 0022 0090     	 ret 
  80              	.LBE93:
  81              	.LBE92:
  82              	.LFE340:
  84              	 .global IfxMsc_Msc_getTarget_end
  85              	IfxMsc_Msc_getTarget_end:
  86              	 .section .text.IfxMsc_Msc_initModuleConfig,"ax",@progbits
  87              	 .align 1
  88              	 .global IfxMsc_Msc_initModuleConfig
  90              	IfxMsc_Msc_initModuleConfig:
  91              	.LFB342:
  70:../Libraries/iLLD/TC4xx/Tricore/Msc/Msc/IfxMsc_Msc.c **** 
  71:../Libraries/iLLD/TC4xx/Tricore/Msc/Msc/IfxMsc_Msc.c **** 
  72:../Libraries/iLLD/TC4xx/Tricore/Msc/Msc/IfxMsc_Msc.c **** void IfxMsc_Msc_initModule(IfxMsc_Msc *msc, const IfxMsc_Msc_Config *config)
  73:../Libraries/iLLD/TC4xx/Tricore/Msc/Msc/IfxMsc_Msc.c **** {
  74:../Libraries/iLLD/TC4xx/Tricore/Msc/Msc/IfxMsc_Msc.c ****     Ifx_MSC *mscSfr = config->msc;
  75:../Libraries/iLLD/TC4xx/Tricore/Msc/Msc/IfxMsc_Msc.c **** 
  76:../Libraries/iLLD/TC4xx/Tricore/Msc/Msc/IfxMsc_Msc.c ****     msc->msc = mscSfr;
  77:../Libraries/iLLD/TC4xx/Tricore/Msc/Msc/IfxMsc_Msc.c **** 
  78:../Libraries/iLLD/TC4xx/Tricore/Msc/Msc/IfxMsc_Msc.c **** #if (IFX_PROT_ENABLED == 1U)
  79:../Libraries/iLLD/TC4xx/Tricore/Msc/Msc/IfxMsc_Msc.c ****     IfxApProt_setState((Ifx_PROT_PROT *)&msc->msc->PROTE, IfxApProt_State_config);
  80:../Libraries/iLLD/TC4xx/Tricore/Msc/Msc/IfxMsc_Msc.c **** #endif
  81:../Libraries/iLLD/TC4xx/Tricore/Msc/Msc/IfxMsc_Msc.c **** 
  82:../Libraries/iLLD/TC4xx/Tricore/Msc/Msc/IfxMsc_Msc.c ****     /* Enable the MSCx Clock */
  83:../Libraries/iLLD/TC4xx/Tricore/Msc/Msc/IfxMsc_Msc.c ****     IfxMsc_enableModule(mscSfr);
  84:../Libraries/iLLD/TC4xx/Tricore/Msc/Msc/IfxMsc_Msc.c **** 
  85:../Libraries/iLLD/TC4xx/Tricore/Msc/Msc/IfxMsc_Msc.c ****     /* Configure MSC hadrware enable and set the divider mode */
  86:../Libraries/iLLD/TC4xx/Tricore/Msc/Msc/IfxMsc_Msc.c ****     {
  87:../Libraries/iLLD/TC4xx/Tricore/Msc/Msc/IfxMsc_Msc.c ****         Ifx_MSC_FDR fdr;
  88:../Libraries/iLLD/TC4xx/Tricore/Msc/Msc/IfxMsc_Msc.c **** 
  89:../Libraries/iLLD/TC4xx/Tricore/Msc/Msc/IfxMsc_Msc.c ****         /* Read the FDR register content */
  90:../Libraries/iLLD/TC4xx/Tricore/Msc/Msc/IfxMsc_Msc.c ****         fdr.U         = mscSfr->FDR.U;
  91:../Libraries/iLLD/TC4xx/Tricore/Msc/Msc/IfxMsc_Msc.c ****         /* Select the divider mode */
  92:../Libraries/iLLD/TC4xx/Tricore/Msc/Msc/IfxMsc_Msc.c ****         fdr.B.DM      = config->clockConfig.dividerMode;
  93:../Libraries/iLLD/TC4xx/Tricore/Msc/Msc/IfxMsc_Msc.c ****         /* Select the source of clock for MSC output */
  94:../Libraries/iLLD/TC4xx/Tricore/Msc/Msc/IfxMsc_Msc.c ****         fdr.B.ACS     = config->clockConfig.clockSource;
  95:../Libraries/iLLD/TC4xx/Tricore/Msc/Msc/IfxMsc_Msc.c ****         mscSfr->FDR.U = fdr.U;
  96:../Libraries/iLLD/TC4xx/Tricore/Msc/Msc/IfxMsc_Msc.c ****     }
  97:../Libraries/iLLD/TC4xx/Tricore/Msc/Msc/IfxMsc_Msc.c **** 
  98:../Libraries/iLLD/TC4xx/Tricore/Msc/Msc/IfxMsc_Msc.c ****     /* Configure Upstream Channel Data Format  */
  99:../Libraries/iLLD/TC4xx/Tricore/Msc/Msc/IfxMsc_Msc.c ****     {
 100:../Libraries/iLLD/TC4xx/Tricore/Msc/Msc/IfxMsc_Msc.c ****         Ifx_MSC_USR usr;
 101:../Libraries/iLLD/TC4xx/Tricore/Msc/Msc/IfxMsc_Msc.c **** 
 102:../Libraries/iLLD/TC4xx/Tricore/Msc/Msc/IfxMsc_Msc.c ****         /* Read the USR register content */
 103:../Libraries/iLLD/TC4xx/Tricore/Msc/Msc/IfxMsc_Msc.c ****         usr.U         = mscSfr->USR.U;
 104:../Libraries/iLLD/TC4xx/Tricore/Msc/Msc/IfxMsc_Msc.c ****         /* Service Request Delay Control */
 105:../Libraries/iLLD/TC4xx/Tricore/Msc/Msc/IfxMsc_Msc.c ****         usr.B.SRDC    = config->upstreamConfig.serviceRequestDelay;
 106:../Libraries/iLLD/TC4xx/Tricore/Msc/Msc/IfxMsc_Msc.c ****         /* Select parity control Even - 0, Odd - 1 */
 107:../Libraries/iLLD/TC4xx/Tricore/Msc/Msc/IfxMsc_Msc.c ****         usr.B.PCTR    = config->upstreamConfig.parity;
 108:../Libraries/iLLD/TC4xx/Tricore/Msc/Msc/IfxMsc_Msc.c ****         /* Select upstream baud rate fMSC/xx */
 109:../Libraries/iLLD/TC4xx/Tricore/Msc/Msc/IfxMsc_Msc.c ****         usr.B.URR     = config->upstreamConfig.upstreamChannelReceivingRate;
 110:../Libraries/iLLD/TC4xx/Tricore/Msc/Msc/IfxMsc_Msc.c ****         /* Select 12 bit or 16 bit frame */
 111:../Libraries/iLLD/TC4xx/Tricore/Msc/Msc/IfxMsc_Msc.c ****         usr.B.UFT     = config->upstreamConfig.upstreamChannelFrameType;
 112:../Libraries/iLLD/TC4xx/Tricore/Msc/Msc/IfxMsc_Msc.c **** 
 113:../Libraries/iLLD/TC4xx/Tricore/Msc/Msc/IfxMsc_Msc.c ****         mscSfr->USR.U = usr.U;
 114:../Libraries/iLLD/TC4xx/Tricore/Msc/Msc/IfxMsc_Msc.c ****     }
 115:../Libraries/iLLD/TC4xx/Tricore/Msc/Msc/IfxMsc_Msc.c **** 
 116:../Libraries/iLLD/TC4xx/Tricore/Msc/Msc/IfxMsc_Msc.c ****     if (config->streamMode == IfxMsc_StreamMode_up) /*Upstream Baudrate Configuration*/
 117:../Libraries/iLLD/TC4xx/Tricore/Msc/Msc/IfxMsc_Msc.c ****     {
 118:../Libraries/iLLD/TC4xx/Tricore/Msc/Msc/IfxMsc_Msc.c ****         /* Normal divider */
 119:../Libraries/iLLD/TC4xx/Tricore/Msc/Msc/IfxMsc_Msc.c ****         if (config->clockConfig.dividerMode == IfxMsc_DividerMode_normal)
 120:../Libraries/iLLD/TC4xx/Tricore/Msc/Msc/IfxMsc_Msc.c ****         {
 121:../Libraries/iLLD/TC4xx/Tricore/Msc/Msc/IfxMsc_Msc.c ****             /* Initialize MSC BaudRate at 6.25MHz, Fsys = 100MHz */
 122:../Libraries/iLLD/TC4xx/Tricore/Msc/Msc/IfxMsc_Msc.c ****             mscSfr->FDR.B.STEP =
 123:../Libraries/iLLD/TC4xx/Tricore/Msc/Msc/IfxMsc_Msc.c ****                 IfxMsc_upstreamNormalBaudCalculator(mscSfr, config->clockConfig.baudrate);
 124:../Libraries/iLLD/TC4xx/Tricore/Msc/Msc/IfxMsc_Msc.c ****         }
 125:../Libraries/iLLD/TC4xx/Tricore/Msc/Msc/IfxMsc_Msc.c ****         /* Fractional divider */
 126:../Libraries/iLLD/TC4xx/Tricore/Msc/Msc/IfxMsc_Msc.c ****         else
 127:../Libraries/iLLD/TC4xx/Tricore/Msc/Msc/IfxMsc_Msc.c ****         {
 128:../Libraries/iLLD/TC4xx/Tricore/Msc/Msc/IfxMsc_Msc.c ****             /* Initialize MSC BaudRate at 6.25MHz, Fsys = 100MHz */
 129:../Libraries/iLLD/TC4xx/Tricore/Msc/Msc/IfxMsc_Msc.c ****             mscSfr->FDR.B.STEP = IfxMsc_upstreamFractionalBaudCalculator(mscSfr, config->clockConfi
 130:../Libraries/iLLD/TC4xx/Tricore/Msc/Msc/IfxMsc_Msc.c ****         }
 131:../Libraries/iLLD/TC4xx/Tricore/Msc/Msc/IfxMsc_Msc.c ****     }
 132:../Libraries/iLLD/TC4xx/Tricore/Msc/Msc/IfxMsc_Msc.c **** 
 133:../Libraries/iLLD/TC4xx/Tricore/Msc/Msc/IfxMsc_Msc.c ****     else /*Downstream Baudrate Configuration*/
 134:../Libraries/iLLD/TC4xx/Tricore/Msc/Msc/IfxMsc_Msc.c ****     {
 135:../Libraries/iLLD/TC4xx/Tricore/Msc/Msc/IfxMsc_Msc.c ****         /* Normal divider */
 136:../Libraries/iLLD/TC4xx/Tricore/Msc/Msc/IfxMsc_Msc.c ****         if (config->clockConfig.dividerMode == IfxMsc_DividerMode_normal)
 137:../Libraries/iLLD/TC4xx/Tricore/Msc/Msc/IfxMsc_Msc.c ****         {
 138:../Libraries/iLLD/TC4xx/Tricore/Msc/Msc/IfxMsc_Msc.c ****             mscSfr->FDR.B.STEP = IfxMsc_downstreamNormalBaudCalculator(mscSfr, config->clockConfig.
 139:../Libraries/iLLD/TC4xx/Tricore/Msc/Msc/IfxMsc_Msc.c ****         }
 140:../Libraries/iLLD/TC4xx/Tricore/Msc/Msc/IfxMsc_Msc.c ****         /* Fractional divider */
 141:../Libraries/iLLD/TC4xx/Tricore/Msc/Msc/IfxMsc_Msc.c ****         else
 142:../Libraries/iLLD/TC4xx/Tricore/Msc/Msc/IfxMsc_Msc.c ****         {
 143:../Libraries/iLLD/TC4xx/Tricore/Msc/Msc/IfxMsc_Msc.c ****             mscSfr->FDR.B.STEP = IfxMsc_downstreamFractionalBaudCalculator(mscSfr, config->clockCon
 144:../Libraries/iLLD/TC4xx/Tricore/Msc/Msc/IfxMsc_Msc.c ****         }
 145:../Libraries/iLLD/TC4xx/Tricore/Msc/Msc/IfxMsc_Msc.c ****     }
 146:../Libraries/iLLD/TC4xx/Tricore/Msc/Msc/IfxMsc_Msc.c **** 
 147:../Libraries/iLLD/TC4xx/Tricore/Msc/Msc/IfxMsc_Msc.c **** #if (IFX_PROT_ENABLED == 1U)
 148:../Libraries/iLLD/TC4xx/Tricore/Msc/Msc/IfxMsc_Msc.c ****     IfxApProt_setState((Ifx_PROT_PROT *)&msc->msc->PROTE, IfxApProt_State_run);
 149:../Libraries/iLLD/TC4xx/Tricore/Msc/Msc/IfxMsc_Msc.c **** #endif
 150:../Libraries/iLLD/TC4xx/Tricore/Msc/Msc/IfxMsc_Msc.c **** 
 151:../Libraries/iLLD/TC4xx/Tricore/Msc/Msc/IfxMsc_Msc.c ****     /* Configure IOs */
 152:../Libraries/iLLD/TC4xx/Tricore/Msc/Msc/IfxMsc_Msc.c ****     {
 153:../Libraries/iLLD/TC4xx/Tricore/Msc/Msc/IfxMsc_Msc.c ****         IfxMsc_Msc_Io   *io   = (IfxMsc_Msc_Io *)&config->io;
 154:../Libraries/iLLD/TC4xx/Tricore/Msc/Msc/IfxMsc_Msc.c **** 
 155:../Libraries/iLLD/TC4xx/Tricore/Msc/Msc/IfxMsc_Msc.c ****         IfxMsc_Fclp_Out *fclp = io->fclp.pin;
 156:../Libraries/iLLD/TC4xx/Tricore/Msc/Msc/IfxMsc_Msc.c **** 
 157:../Libraries/iLLD/TC4xx/Tricore/Msc/Msc/IfxMsc_Msc.c ****         if (fclp != NULL_PTR)
 158:../Libraries/iLLD/TC4xx/Tricore/Msc/Msc/IfxMsc_Msc.c ****         {
 159:../Libraries/iLLD/TC4xx/Tricore/Msc/Msc/IfxMsc_Msc.c ****             IfxMsc_initFclpPin(fclp, io->fclp.mode, io->pinDriver);
 160:../Libraries/iLLD/TC4xx/Tricore/Msc/Msc/IfxMsc_Msc.c ****         }
 161:../Libraries/iLLD/TC4xx/Tricore/Msc/Msc/IfxMsc_Msc.c **** 
 162:../Libraries/iLLD/TC4xx/Tricore/Msc/Msc/IfxMsc_Msc.c ****         IfxMsc_Fcln_Out *fcln = io->fcln.pin;
 163:../Libraries/iLLD/TC4xx/Tricore/Msc/Msc/IfxMsc_Msc.c **** 
 164:../Libraries/iLLD/TC4xx/Tricore/Msc/Msc/IfxMsc_Msc.c ****         if (fcln != NULL_PTR)
 165:../Libraries/iLLD/TC4xx/Tricore/Msc/Msc/IfxMsc_Msc.c ****         {
 166:../Libraries/iLLD/TC4xx/Tricore/Msc/Msc/IfxMsc_Msc.c ****             IfxMsc_initFclnPin(fcln, io->fcln.mode, io->pinDriver);
 167:../Libraries/iLLD/TC4xx/Tricore/Msc/Msc/IfxMsc_Msc.c ****         }
 168:../Libraries/iLLD/TC4xx/Tricore/Msc/Msc/IfxMsc_Msc.c **** 
 169:../Libraries/iLLD/TC4xx/Tricore/Msc/Msc/IfxMsc_Msc.c ****         IfxMsc_Sop_Out *sop = io->sop.pin;
 170:../Libraries/iLLD/TC4xx/Tricore/Msc/Msc/IfxMsc_Msc.c **** 
 171:../Libraries/iLLD/TC4xx/Tricore/Msc/Msc/IfxMsc_Msc.c ****         if (sop != NULL_PTR)
 172:../Libraries/iLLD/TC4xx/Tricore/Msc/Msc/IfxMsc_Msc.c ****         {
 173:../Libraries/iLLD/TC4xx/Tricore/Msc/Msc/IfxMsc_Msc.c ****             IfxMsc_initSopPin(sop, io->sop.mode, io->pinDriver);
 174:../Libraries/iLLD/TC4xx/Tricore/Msc/Msc/IfxMsc_Msc.c ****         }
 175:../Libraries/iLLD/TC4xx/Tricore/Msc/Msc/IfxMsc_Msc.c **** 
 176:../Libraries/iLLD/TC4xx/Tricore/Msc/Msc/IfxMsc_Msc.c ****         IfxMsc_Son_Out *son = io->son.pin;
 177:../Libraries/iLLD/TC4xx/Tricore/Msc/Msc/IfxMsc_Msc.c **** 
 178:../Libraries/iLLD/TC4xx/Tricore/Msc/Msc/IfxMsc_Msc.c ****         if (son != NULL_PTR)
 179:../Libraries/iLLD/TC4xx/Tricore/Msc/Msc/IfxMsc_Msc.c ****         {
 180:../Libraries/iLLD/TC4xx/Tricore/Msc/Msc/IfxMsc_Msc.c ****             IfxMsc_initSonPin(son, io->son.mode, io->pinDriver);
 181:../Libraries/iLLD/TC4xx/Tricore/Msc/Msc/IfxMsc_Msc.c ****         }
 182:../Libraries/iLLD/TC4xx/Tricore/Msc/Msc/IfxMsc_Msc.c **** 
 183:../Libraries/iLLD/TC4xx/Tricore/Msc/Msc/IfxMsc_Msc.c ****         IfxMsc_En_Out *en0 = io->en0.pin;
 184:../Libraries/iLLD/TC4xx/Tricore/Msc/Msc/IfxMsc_Msc.c **** 
 185:../Libraries/iLLD/TC4xx/Tricore/Msc/Msc/IfxMsc_Msc.c ****         if (en0 != NULL_PTR)
 186:../Libraries/iLLD/TC4xx/Tricore/Msc/Msc/IfxMsc_Msc.c ****         {
 187:../Libraries/iLLD/TC4xx/Tricore/Msc/Msc/IfxMsc_Msc.c ****             IfxMsc_initEnPin(en0, io->en0.mode, io->pinDriver);
 188:../Libraries/iLLD/TC4xx/Tricore/Msc/Msc/IfxMsc_Msc.c ****         }
 189:../Libraries/iLLD/TC4xx/Tricore/Msc/Msc/IfxMsc_Msc.c **** 
 190:../Libraries/iLLD/TC4xx/Tricore/Msc/Msc/IfxMsc_Msc.c ****         IfxMsc_En_Out *en1 = io->en1.pin;
 191:../Libraries/iLLD/TC4xx/Tricore/Msc/Msc/IfxMsc_Msc.c **** 
 192:../Libraries/iLLD/TC4xx/Tricore/Msc/Msc/IfxMsc_Msc.c ****         if (en1 != NULL_PTR)
 193:../Libraries/iLLD/TC4xx/Tricore/Msc/Msc/IfxMsc_Msc.c ****         {
 194:../Libraries/iLLD/TC4xx/Tricore/Msc/Msc/IfxMsc_Msc.c ****             IfxMsc_initEnPin(en1, io->en1.mode, io->pinDriver);
 195:../Libraries/iLLD/TC4xx/Tricore/Msc/Msc/IfxMsc_Msc.c ****         }
 196:../Libraries/iLLD/TC4xx/Tricore/Msc/Msc/IfxMsc_Msc.c **** 
 197:../Libraries/iLLD/TC4xx/Tricore/Msc/Msc/IfxMsc_Msc.c ****         IfxMsc_En_Out *en2 = io->en2.pin;
 198:../Libraries/iLLD/TC4xx/Tricore/Msc/Msc/IfxMsc_Msc.c **** 
 199:../Libraries/iLLD/TC4xx/Tricore/Msc/Msc/IfxMsc_Msc.c ****         if (en2 != NULL_PTR)
 200:../Libraries/iLLD/TC4xx/Tricore/Msc/Msc/IfxMsc_Msc.c ****         {
 201:../Libraries/iLLD/TC4xx/Tricore/Msc/Msc/IfxMsc_Msc.c ****             IfxMsc_initEnPin(en2, io->en2.mode, io->pinDriver);
 202:../Libraries/iLLD/TC4xx/Tricore/Msc/Msc/IfxMsc_Msc.c ****         }
 203:../Libraries/iLLD/TC4xx/Tricore/Msc/Msc/IfxMsc_Msc.c **** 
 204:../Libraries/iLLD/TC4xx/Tricore/Msc/Msc/IfxMsc_Msc.c ****         IfxMsc_En_Out *en3 = io->en3.pin;
 205:../Libraries/iLLD/TC4xx/Tricore/Msc/Msc/IfxMsc_Msc.c **** 
 206:../Libraries/iLLD/TC4xx/Tricore/Msc/Msc/IfxMsc_Msc.c ****         if (en3 != NULL_PTR)
 207:../Libraries/iLLD/TC4xx/Tricore/Msc/Msc/IfxMsc_Msc.c ****         {
 208:../Libraries/iLLD/TC4xx/Tricore/Msc/Msc/IfxMsc_Msc.c ****             IfxMsc_initEnPin(en3, io->en3.mode, io->pinDriver);
 209:../Libraries/iLLD/TC4xx/Tricore/Msc/Msc/IfxMsc_Msc.c ****         }
 210:../Libraries/iLLD/TC4xx/Tricore/Msc/Msc/IfxMsc_Msc.c **** 
 211:../Libraries/iLLD/TC4xx/Tricore/Msc/Msc/IfxMsc_Msc.c ****         IfxMsc_Sdi_In *sdi = io->sdi.pin;
 212:../Libraries/iLLD/TC4xx/Tricore/Msc/Msc/IfxMsc_Msc.c **** 
 213:../Libraries/iLLD/TC4xx/Tricore/Msc/Msc/IfxMsc_Msc.c ****         if (sdi != NULL_PTR)
 214:../Libraries/iLLD/TC4xx/Tricore/Msc/Msc/IfxMsc_Msc.c ****         {
 215:../Libraries/iLLD/TC4xx/Tricore/Msc/Msc/IfxMsc_Msc.c ****             IfxMsc_initSdiPin(sdi, io->sdi.mode, io->pinDriver);
 216:../Libraries/iLLD/TC4xx/Tricore/Msc/Msc/IfxMsc_Msc.c ****         }
 217:../Libraries/iLLD/TC4xx/Tricore/Msc/Msc/IfxMsc_Msc.c **** 
 218:../Libraries/iLLD/TC4xx/Tricore/Msc/Msc/IfxMsc_Msc.c ****         IfxMsc_Inj_In *inj0 = io->inj0.pin;
 219:../Libraries/iLLD/TC4xx/Tricore/Msc/Msc/IfxMsc_Msc.c **** 
 220:../Libraries/iLLD/TC4xx/Tricore/Msc/Msc/IfxMsc_Msc.c ****         if (inj0 != NULL_PTR)
 221:../Libraries/iLLD/TC4xx/Tricore/Msc/Msc/IfxMsc_Msc.c ****         {
 222:../Libraries/iLLD/TC4xx/Tricore/Msc/Msc/IfxMsc_Msc.c ****             IfxMsc_initInjPin(inj0, io->inj0.mode, io->pinDriver);
 223:../Libraries/iLLD/TC4xx/Tricore/Msc/Msc/IfxMsc_Msc.c ****         }
 224:../Libraries/iLLD/TC4xx/Tricore/Msc/Msc/IfxMsc_Msc.c **** 
 225:../Libraries/iLLD/TC4xx/Tricore/Msc/Msc/IfxMsc_Msc.c ****         IfxMsc_Inj_In *inj1 = io->inj1.pin;
 226:../Libraries/iLLD/TC4xx/Tricore/Msc/Msc/IfxMsc_Msc.c **** 
 227:../Libraries/iLLD/TC4xx/Tricore/Msc/Msc/IfxMsc_Msc.c ****         if (inj1 != NULL_PTR)
 228:../Libraries/iLLD/TC4xx/Tricore/Msc/Msc/IfxMsc_Msc.c ****         {
 229:../Libraries/iLLD/TC4xx/Tricore/Msc/Msc/IfxMsc_Msc.c ****             IfxMsc_initInjPin(inj1, io->inj1.mode, io->pinDriver);
 230:../Libraries/iLLD/TC4xx/Tricore/Msc/Msc/IfxMsc_Msc.c ****         }
 231:../Libraries/iLLD/TC4xx/Tricore/Msc/Msc/IfxMsc_Msc.c ****     }
 232:../Libraries/iLLD/TC4xx/Tricore/Msc/Msc/IfxMsc_Msc.c **** 
 233:../Libraries/iLLD/TC4xx/Tricore/Msc/Msc/IfxMsc_Msc.c ****     /* Configure the control of upstream channel timeout feature */
 234:../Libraries/iLLD/TC4xx/Tricore/Msc/Msc/IfxMsc_Msc.c ****     {
 235:../Libraries/iLLD/TC4xx/Tricore/Msc/Msc/IfxMsc_Msc.c ****         Ifx_MSC_USCE usce;
 236:../Libraries/iLLD/TC4xx/Tricore/Msc/Msc/IfxMsc_Msc.c **** 
 237:../Libraries/iLLD/TC4xx/Tricore/Msc/Msc/IfxMsc_Msc.c ****         /* Read the USCE register content */
 238:../Libraries/iLLD/TC4xx/Tricore/Msc/Msc/IfxMsc_Msc.c ****         usce.U         = mscSfr->USCE.U;
 239:../Libraries/iLLD/TC4xx/Tricore/Msc/Msc/IfxMsc_Msc.c ****         /* Upstream Timeout Value */
 240:../Libraries/iLLD/TC4xx/Tricore/Msc/Msc/IfxMsc_Msc.c ****         usce.B.USTOVAL = config->upstreamConfig.upstreamTimeoutValue;
 241:../Libraries/iLLD/TC4xx/Tricore/Msc/Msc/IfxMsc_Msc.c ****         /* Upstream Timeout Prescaler */
 242:../Libraries/iLLD/TC4xx/Tricore/Msc/Msc/IfxMsc_Msc.c ****         usce.B.USTOPRE = config->upstreamConfig.upstreamTimeoutPrescaler;
 243:../Libraries/iLLD/TC4xx/Tricore/Msc/Msc/IfxMsc_Msc.c ****         /* Upstream Timeout Interrupt */
 244:../Libraries/iLLD/TC4xx/Tricore/Msc/Msc/IfxMsc_Msc.c ****         usce.B.USTOIP  = config->interruptConfig.upstreamTimeoutInterruptNode,
 245:../Libraries/iLLD/TC4xx/Tricore/Msc/Msc/IfxMsc_Msc.c ****         usce.B.USTOEN  = config->interruptConfig.upstreamTimeoutInterrupt,
 246:../Libraries/iLLD/TC4xx/Tricore/Msc/Msc/IfxMsc_Msc.c **** 
 247:../Libraries/iLLD/TC4xx/Tricore/Msc/Msc/IfxMsc_Msc.c ****         mscSfr->USCE.U = usce.U;
 248:../Libraries/iLLD/TC4xx/Tricore/Msc/Msc/IfxMsc_Msc.c ****     }
 249:../Libraries/iLLD/TC4xx/Tricore/Msc/Msc/IfxMsc_Msc.c **** 
 250:../Libraries/iLLD/TC4xx/Tricore/Msc/Msc/IfxMsc_Msc.c ****     /* Control the operation mode and frame layout of the downstream channel transmission */
 251:../Libraries/iLLD/TC4xx/Tricore/Msc/Msc/IfxMsc_Msc.c ****     {
 252:../Libraries/iLLD/TC4xx/Tricore/Msc/Msc/IfxMsc_Msc.c ****         Ifx_MSC_DSC dsc;
 253:../Libraries/iLLD/TC4xx/Tricore/Msc/Msc/IfxMsc_Msc.c **** 
 254:../Libraries/iLLD/TC4xx/Tricore/Msc/Msc/IfxMsc_Msc.c ****         /* Read the DSC register content */
 255:../Libraries/iLLD/TC4xx/Tricore/Msc/Msc/IfxMsc_Msc.c ****         dsc.U = mscSfr->DSC.U;
 256:../Libraries/iLLD/TC4xx/Tricore/Msc/Msc/IfxMsc_Msc.c **** 
 257:../Libraries/iLLD/TC4xx/Tricore/Msc/Msc/IfxMsc_Msc.c ****         /* Passive Phase Length */
 258:../Libraries/iLLD/TC4xx/Tricore/Msc/Msc/IfxMsc_Msc.c ****         dsc.B.PPD     = config->downstreamConfig.dataFramePassivePhaseLength;
 259:../Libraries/iLLD/TC4xx/Tricore/Msc/Msc/IfxMsc_Msc.c ****         /* Number of command bits transmitted */
 260:../Libraries/iLLD/TC4xx/Tricore/Msc/Msc/IfxMsc_Msc.c ****         dsc.B.NBC     = config->downstreamConfig.commandFrameLength;
 261:../Libraries/iLLD/TC4xx/Tricore/Msc/Msc/IfxMsc_Msc.c ****         /* SRH Selection Bit */
 262:../Libraries/iLLD/TC4xx/Tricore/Msc/Msc/IfxMsc_Msc.c ****         dsc.B.ENSELH  = config->downstreamConfig.srhActivePhaseSelection;
 263:../Libraries/iLLD/TC4xx/Tricore/Msc/Msc/IfxMsc_Msc.c ****         /* SRL Selection Bit */
 264:../Libraries/iLLD/TC4xx/Tricore/Msc/Msc/IfxMsc_Msc.c ****         dsc.B.ENSELL  = config->downstreamConfig.srlActivePhaseSelection;
 265:../Libraries/iLLD/TC4xx/Tricore/Msc/Msc/IfxMsc_Msc.c ****         /* Number of SRH Bits transmitted */
 266:../Libraries/iLLD/TC4xx/Tricore/Msc/Msc/IfxMsc_Msc.c ****         dsc.B.NDBH    = config->downstreamConfig.srhDataFrameLength;
 267:../Libraries/iLLD/TC4xx/Tricore/Msc/Msc/IfxMsc_Msc.c ****         /* Number of SRL Bits transmitted */
 268:../Libraries/iLLD/TC4xx/Tricore/Msc/Msc/IfxMsc_Msc.c ****         dsc.B.NDBL    = config->downstreamConfig.srlDataFrameLength;
 269:../Libraries/iLLD/TC4xx/Tricore/Msc/Msc/IfxMsc_Msc.c ****         /* Transmission Mode - Triggered or data repetition */
 270:../Libraries/iLLD/TC4xx/Tricore/Msc/Msc/IfxMsc_Msc.c ****         dsc.B.TM      = config->downstreamConfig.transmissionMode;
 271:../Libraries/iLLD/TC4xx/Tricore/Msc/Msc/IfxMsc_Msc.c ****         /* Alternative Input Timer Selection */
 272:../Libraries/iLLD/TC4xx/Tricore/Msc/Msc/IfxMsc_Msc.c ****         dsc.B.ALTSEL  = config->downstreamConfig.timerSelection;
 273:../Libraries/iLLD/TC4xx/Tricore/Msc/Msc/IfxMsc_Msc.c ****         mscSfr->DSC.U = dsc.U;
 274:../Libraries/iLLD/TC4xx/Tricore/Msc/Msc/IfxMsc_Msc.c ****     }
 275:../Libraries/iLLD/TC4xx/Tricore/Msc/Msc/IfxMsc_Msc.c **** 
 276:../Libraries/iLLD/TC4xx/Tricore/Msc/Msc/IfxMsc_Msc.c ****     /* Number Of Passive Time Frames */
 277:../Libraries/iLLD/TC4xx/Tricore/Msc/Msc/IfxMsc_Msc.c ****     mscSfr->DSS.B.NPTF = config->downstreamConfig.passiveTimeFrameCount;
 278:../Libraries/iLLD/TC4xx/Tricore/Msc/Msc/IfxMsc_Msc.c **** 
 279:../Libraries/iLLD/TC4xx/Tricore/Msc/Msc/IfxMsc_Msc.c ****     /* Select Source for SRL */
 280:../Libraries/iLLD/TC4xx/Tricore/Msc/Msc/IfxMsc_Msc.c ****     mscSfr->DSDSL.U = config->downstreamConfig.downstreamDataSourcesLow;
 281:../Libraries/iLLD/TC4xx/Tricore/Msc/Msc/IfxMsc_Msc.c ****     /* Select Source for SRH */
 282:../Libraries/iLLD/TC4xx/Tricore/Msc/Msc/IfxMsc_Msc.c ****     mscSfr->DSDSH.U = config->downstreamConfig.downstreamDataSourcesHigh;
 283:../Libraries/iLLD/TC4xx/Tricore/Msc/Msc/IfxMsc_Msc.c **** 
 284:../Libraries/iLLD/TC4xx/Tricore/Msc/Msc/IfxMsc_Msc.c ****     /* Emergency Stop Enable for Bits */
 285:../Libraries/iLLD/TC4xx/Tricore/Msc/Msc/IfxMsc_Msc.c ****     mscSfr->ESR.U = config->downstreamConfig.emergencyStopEnableBits;
 286:../Libraries/iLLD/TC4xx/Tricore/Msc/Msc/IfxMsc_Msc.c **** 
 287:../Libraries/iLLD/TC4xx/Tricore/Msc/Msc/IfxMsc_Msc.c ****     /* Interrupt configuration */
 288:../Libraries/iLLD/TC4xx/Tricore/Msc/Msc/IfxMsc_Msc.c ****     {
 289:../Libraries/iLLD/TC4xx/Tricore/Msc/Msc/IfxMsc_Msc.c ****         Ifx_MSC_ICR icr;
 290:../Libraries/iLLD/TC4xx/Tricore/Msc/Msc/IfxMsc_Msc.c **** 
 291:../Libraries/iLLD/TC4xx/Tricore/Msc/Msc/IfxMsc_Msc.c ****         icr.U      = mscSfr->ICR.U;
 292:../Libraries/iLLD/TC4xx/Tricore/Msc/Msc/IfxMsc_Msc.c **** 
 293:../Libraries/iLLD/TC4xx/Tricore/Msc/Msc/IfxMsc_Msc.c ****         icr.B.EDIP = config->interruptConfig.dataFrameInterruptNode;
 294:../Libraries/iLLD/TC4xx/Tricore/Msc/Msc/IfxMsc_Msc.c ****         icr.B.EDIE = config->interruptConfig.dataFrameInterrupt;
 295:../Libraries/iLLD/TC4xx/Tricore/Msc/Msc/IfxMsc_Msc.c ****         icr.B.ECIP = config->interruptConfig.commandFrameInterruptNode;
 296:../Libraries/iLLD/TC4xx/Tricore/Msc/Msc/IfxMsc_Msc.c ****         icr.B.ECIE = config->interruptConfig.commandFrameInterrupt;
 297:../Libraries/iLLD/TC4xx/Tricore/Msc/Msc/IfxMsc_Msc.c ****         icr.B.TFIP = config->interruptConfig.timeFrameInterruptNode;
 298:../Libraries/iLLD/TC4xx/Tricore/Msc/Msc/IfxMsc_Msc.c ****         icr.B.TFIE = config->interruptConfig.timeFrameInterrupt;
 299:../Libraries/iLLD/TC4xx/Tricore/Msc/Msc/IfxMsc_Msc.c ****         icr.B.RDIP = config->interruptConfig.receiveDataInterruptNode;
 300:../Libraries/iLLD/TC4xx/Tricore/Msc/Msc/IfxMsc_Msc.c ****         icr.B.RDIE = config->interruptConfig.receiveDataInterrupt;
 301:../Libraries/iLLD/TC4xx/Tricore/Msc/Msc/IfxMsc_Msc.c **** 
 302:../Libraries/iLLD/TC4xx/Tricore/Msc/Msc/IfxMsc_Msc.c ****         /*Slow Channel*/
 303:../Libraries/iLLD/TC4xx/Tricore/Msc/Msc/IfxMsc_Msc.c ****         icr.B.CSXIP = config->interruptConfig.slowChannelXInterruptNode;
 304:../Libraries/iLLD/TC4xx/Tricore/Msc/Msc/IfxMsc_Msc.c ****         icr.B.CSXIE = config->interruptConfig.slowChannelXInterrupt;
 305:../Libraries/iLLD/TC4xx/Tricore/Msc/Msc/IfxMsc_Msc.c ****         icr.B.CSYIP = config->interruptConfig.slowChannelYInterruptNode;
 306:../Libraries/iLLD/TC4xx/Tricore/Msc/Msc/IfxMsc_Msc.c ****         icr.B.CSYIE = config->interruptConfig.slowChannelYInterrupt;
 307:../Libraries/iLLD/TC4xx/Tricore/Msc/Msc/IfxMsc_Msc.c **** 
 308:../Libraries/iLLD/TC4xx/Tricore/Msc/Msc/IfxMsc_Msc.c ****         /*Manchester Code*/
 309:../Libraries/iLLD/TC4xx/Tricore/Msc/Msc/IfxMsc_Msc.c ****         icr.B.TFMIP = config->interruptConfig.timeFrameManchesterCodeInterruptNode;
 310:../Libraries/iLLD/TC4xx/Tricore/Msc/Msc/IfxMsc_Msc.c ****         icr.B.TFMIE = config->interruptConfig.timeFrameManchesterCodeInterrupt;
 311:../Libraries/iLLD/TC4xx/Tricore/Msc/Msc/IfxMsc_Msc.c **** 
 312:../Libraries/iLLD/TC4xx/Tricore/Msc/Msc/IfxMsc_Msc.c ****         /* additional interrupt configured in USCE for Upstream Interrupt node SR4 */
 313:../Libraries/iLLD/TC4xx/Tricore/Msc/Msc/IfxMsc_Msc.c **** 
 314:../Libraries/iLLD/TC4xx/Tricore/Msc/Msc/IfxMsc_Msc.c ****         Ifx_MSC_USCE usce;
 315:../Libraries/iLLD/TC4xx/Tricore/Msc/Msc/IfxMsc_Msc.c **** 
 316:../Libraries/iLLD/TC4xx/Tricore/Msc/Msc/IfxMsc_Msc.c ****         /* Read the USCE register content */
 317:../Libraries/iLLD/TC4xx/Tricore/Msc/Msc/IfxMsc_Msc.c ****         usce.U = mscSfr->USCE.U;
 318:../Libraries/iLLD/TC4xx/Tricore/Msc/Msc/IfxMsc_Msc.c **** 
 319:../Libraries/iLLD/TC4xx/Tricore/Msc/Msc/IfxMsc_Msc.c ****         if (config->interruptConfig.upstreamTimeoutInterruptNode == IfxMsc_UpstreamTimeoutInterrupt
 320:../Libraries/iLLD/TC4xx/Tricore/Msc/Msc/IfxMsc_Msc.c ****         {
 321:../Libraries/iLLD/TC4xx/Tricore/Msc/Msc/IfxMsc_Msc.c ****             usce.B.USTOIP = 0;
 322:../Libraries/iLLD/TC4xx/Tricore/Msc/Msc/IfxMsc_Msc.c ****             usce.B.UTASR  = 1;
 323:../Libraries/iLLD/TC4xx/Tricore/Msc/Msc/IfxMsc_Msc.c ****         }
 324:../Libraries/iLLD/TC4xx/Tricore/Msc/Msc/IfxMsc_Msc.c ****         else
 325:../Libraries/iLLD/TC4xx/Tricore/Msc/Msc/IfxMsc_Msc.c ****         {
 326:../Libraries/iLLD/TC4xx/Tricore/Msc/Msc/IfxMsc_Msc.c ****             usce.B.USTOIP = config->interruptConfig.upstreamTimeoutInterruptNode;
 327:../Libraries/iLLD/TC4xx/Tricore/Msc/Msc/IfxMsc_Msc.c ****             usce.B.UTASR  = 0;
 328:../Libraries/iLLD/TC4xx/Tricore/Msc/Msc/IfxMsc_Msc.c ****         }
 329:../Libraries/iLLD/TC4xx/Tricore/Msc/Msc/IfxMsc_Msc.c **** 
 330:../Libraries/iLLD/TC4xx/Tricore/Msc/Msc/IfxMsc_Msc.c ****         usce.B.USTOEN  = config->interruptConfig.upstreamTimeoutInterrupt;
 331:../Libraries/iLLD/TC4xx/Tricore/Msc/Msc/IfxMsc_Msc.c **** 
 332:../Libraries/iLLD/TC4xx/Tricore/Msc/Msc/IfxMsc_Msc.c ****         mscSfr->USCE.U = usce.U;
 333:../Libraries/iLLD/TC4xx/Tricore/Msc/Msc/IfxMsc_Msc.c **** 
 334:../Libraries/iLLD/TC4xx/Tricore/Msc/Msc/IfxMsc_Msc.c ****         mscSfr->ICR.U  = icr.U;
 335:../Libraries/iLLD/TC4xx/Tricore/Msc/Msc/IfxMsc_Msc.c **** 
 336:../Libraries/iLLD/TC4xx/Tricore/Msc/Msc/IfxMsc_Msc.c ****         /* ABRA */
 337:../Libraries/iLLD/TC4xx/Tricore/Msc/Msc/IfxMsc_Msc.c ****         Ifx_MSC_ABC abc;
 338:../Libraries/iLLD/TC4xx/Tricore/Msc/Msc/IfxMsc_Msc.c ****         abc.U = mscSfr->ABC.U;
 339:../Libraries/iLLD/TC4xx/Tricore/Msc/Msc/IfxMsc_Msc.c **** 
 340:../Libraries/iLLD/TC4xx/Tricore/Msc/Msc/IfxMsc_Msc.c ****         if (config->interruptConfig.overflowInterruptNode == IfxMsc_OverflowInterruptNode_SR4)
 341:../Libraries/iLLD/TC4xx/Tricore/Msc/Msc/IfxMsc_Msc.c ****         {
 342:../Libraries/iLLD/TC4xx/Tricore/Msc/Msc/IfxMsc_Msc.c ****             abc.B.OIP  = 0;
 343:../Libraries/iLLD/TC4xx/Tricore/Msc/Msc/IfxMsc_Msc.c ****             abc.B.OASR = 1;
 344:../Libraries/iLLD/TC4xx/Tricore/Msc/Msc/IfxMsc_Msc.c ****         }
 345:../Libraries/iLLD/TC4xx/Tricore/Msc/Msc/IfxMsc_Msc.c ****         else
 346:../Libraries/iLLD/TC4xx/Tricore/Msc/Msc/IfxMsc_Msc.c ****         {
 347:../Libraries/iLLD/TC4xx/Tricore/Msc/Msc/IfxMsc_Msc.c ****             abc.B.OIP  = config->interruptConfig.overflowInterruptNode;
 348:../Libraries/iLLD/TC4xx/Tricore/Msc/Msc/IfxMsc_Msc.c ****             abc.B.OASR = 0;
 349:../Libraries/iLLD/TC4xx/Tricore/Msc/Msc/IfxMsc_Msc.c ****         }
 350:../Libraries/iLLD/TC4xx/Tricore/Msc/Msc/IfxMsc_Msc.c **** 
 351:../Libraries/iLLD/TC4xx/Tricore/Msc/Msc/IfxMsc_Msc.c ****         abc.B.OIE = config->interruptConfig.overflowInterrupt;
 352:../Libraries/iLLD/TC4xx/Tricore/Msc/Msc/IfxMsc_Msc.c **** 
 353:../Libraries/iLLD/TC4xx/Tricore/Msc/Msc/IfxMsc_Msc.c ****         if (config->interruptConfig.underflowInterruptNode == IfxMsc_UnderflowInterruptNode_SR4)
 354:../Libraries/iLLD/TC4xx/Tricore/Msc/Msc/IfxMsc_Msc.c ****         {
 355:../Libraries/iLLD/TC4xx/Tricore/Msc/Msc/IfxMsc_Msc.c ****             abc.B.UIP  = 0;
 356:../Libraries/iLLD/TC4xx/Tricore/Msc/Msc/IfxMsc_Msc.c ****             abc.B.UASR = 1;
 357:../Libraries/iLLD/TC4xx/Tricore/Msc/Msc/IfxMsc_Msc.c ****         }
 358:../Libraries/iLLD/TC4xx/Tricore/Msc/Msc/IfxMsc_Msc.c ****         else
 359:../Libraries/iLLD/TC4xx/Tricore/Msc/Msc/IfxMsc_Msc.c ****         {
 360:../Libraries/iLLD/TC4xx/Tricore/Msc/Msc/IfxMsc_Msc.c ****             abc.B.UIP  = config->interruptConfig.underflowInterruptNode;
 361:../Libraries/iLLD/TC4xx/Tricore/Msc/Msc/IfxMsc_Msc.c ****             abc.B.UASR = 0;
 362:../Libraries/iLLD/TC4xx/Tricore/Msc/Msc/IfxMsc_Msc.c ****         }
 363:../Libraries/iLLD/TC4xx/Tricore/Msc/Msc/IfxMsc_Msc.c **** 
 364:../Libraries/iLLD/TC4xx/Tricore/Msc/Msc/IfxMsc_Msc.c ****         abc.B.UIE     = config->interruptConfig.underflowInterrupt;
 365:../Libraries/iLLD/TC4xx/Tricore/Msc/Msc/IfxMsc_Msc.c **** 
 366:../Libraries/iLLD/TC4xx/Tricore/Msc/Msc/IfxMsc_Msc.c ****         mscSfr->ABC.U = abc.U;
 367:../Libraries/iLLD/TC4xx/Tricore/Msc/Msc/IfxMsc_Msc.c ****     }
 368:../Libraries/iLLD/TC4xx/Tricore/Msc/Msc/IfxMsc_Msc.c **** 
 369:../Libraries/iLLD/TC4xx/Tricore/Msc/Msc/IfxMsc_Msc.c ****     /* MSC inputs/outputs signal polarities */
 370:../Libraries/iLLD/TC4xx/Tricore/Msc/Msc/IfxMsc_Msc.c ****     {
 371:../Libraries/iLLD/TC4xx/Tricore/Msc/Msc/IfxMsc_Msc.c ****         Ifx_MSC_OCR ocr;
 372:../Libraries/iLLD/TC4xx/Tricore/Msc/Msc/IfxMsc_Msc.c **** 
 373:../Libraries/iLLD/TC4xx/Tricore/Msc/Msc/IfxMsc_Msc.c ****         /* Read the OCR register content */
 374:../Libraries/iLLD/TC4xx/Tricore/Msc/Msc/IfxMsc_Msc.c ****         ocr.U         = mscSfr->OCR.U;
 375:../Libraries/iLLD/TC4xx/Tricore/Msc/Msc/IfxMsc_Msc.c ****         /* FCL is activated during active phases or always */
 376:../Libraries/iLLD/TC4xx/Tricore/Msc/Msc/IfxMsc_Msc.c ****         ocr.B.CLKCTRL = config->outputControlConfig.fclClockControl;
 377:../Libraries/iLLD/TC4xx/Tricore/Msc/Msc/IfxMsc_Msc.c ****         /* SDI Line Polarity - SDI and SI */
 378:../Libraries/iLLD/TC4xx/Tricore/Msc/Msc/IfxMsc_Msc.c ****         ocr.B.ILP     = config->outputControlConfig.sdiLinePolarity;
 379:../Libraries/iLLD/TC4xx/Tricore/Msc/Msc/IfxMsc_Msc.c ****         /* Chip Selection Lines Polarity - EN[0:3, ENL, ENH and ENC */
 380:../Libraries/iLLD/TC4xx/Tricore/Msc/Msc/IfxMsc_Msc.c ****         ocr.B.CSLP    = config->outputControlConfig.cslpPolarity;
 381:../Libraries/iLLD/TC4xx/Tricore/Msc/Msc/IfxMsc_Msc.c ****         /* SOP Line Polarity - SOP, SON, SO */
 382:../Libraries/iLLD/TC4xx/Tricore/Msc/Msc/IfxMsc_Msc.c ****         ocr.B.SLP     = config->outputControlConfig.sopPolarity;
 383:../Libraries/iLLD/TC4xx/Tricore/Msc/Msc/IfxMsc_Msc.c ****         /* FCLP Line Polarity - FCLP, FCLN and FCL */
 384:../Libraries/iLLD/TC4xx/Tricore/Msc/Msc/IfxMsc_Msc.c ****         ocr.B.CLP     = config->outputControlConfig.fclpPolarity;
 385:../Libraries/iLLD/TC4xx/Tricore/Msc/Msc/IfxMsc_Msc.c **** 
 386:../Libraries/iLLD/TC4xx/Tricore/Msc/Msc/IfxMsc_Msc.c ****         mscSfr->OCR.U = ocr.U;
 387:../Libraries/iLLD/TC4xx/Tricore/Msc/Msc/IfxMsc_Msc.c ****     }
 388:../Libraries/iLLD/TC4xx/Tricore/Msc/Msc/IfxMsc_Msc.c ****     /* Chip Enable Selection for ENL */
 389:../Libraries/iLLD/TC4xx/Tricore/Msc/Msc/IfxMsc_Msc.c ****     IfxMsc_setDataLowTarget(mscSfr, config->target[0]);
 390:../Libraries/iLLD/TC4xx/Tricore/Msc/Msc/IfxMsc_Msc.c **** 
 391:../Libraries/iLLD/TC4xx/Tricore/Msc/Msc/IfxMsc_Msc.c ****     /* Chip Enable Selection for ENH */
 392:../Libraries/iLLD/TC4xx/Tricore/Msc/Msc/IfxMsc_Msc.c ****     IfxMsc_setDataHighTarget(mscSfr, config->target[0]);
 393:../Libraries/iLLD/TC4xx/Tricore/Msc/Msc/IfxMsc_Msc.c **** 
 394:../Libraries/iLLD/TC4xx/Tricore/Msc/Msc/IfxMsc_Msc.c ****     /* Chip Enable Selection for ENC */
 395:../Libraries/iLLD/TC4xx/Tricore/Msc/Msc/IfxMsc_Msc.c ****     IfxMsc_setCommandTarget(mscSfr, IfxMsc_Msc_getTarget(msc, IfxMsc_Msc_Target_low));
 396:../Libraries/iLLD/TC4xx/Tricore/Msc/Msc/IfxMsc_Msc.c **** 
 397:../Libraries/iLLD/TC4xx/Tricore/Msc/Msc/IfxMsc_Msc.c ****     /* Configure the Injection Enable and number of SRHE, SRLE Bits transmitted and Extension Enabl
 398:../Libraries/iLLD/TC4xx/Tricore/Msc/Msc/IfxMsc_Msc.c ****     {
 399:../Libraries/iLLD/TC4xx/Tricore/Msc/Msc/IfxMsc_Msc.c ****         Ifx_MSC_DSCE dsce;
 400:../Libraries/iLLD/TC4xx/Tricore/Msc/Msc/IfxMsc_Msc.c **** 
 401:../Libraries/iLLD/TC4xx/Tricore/Msc/Msc/IfxMsc_Msc.c ****         /* Read the DSCE register content */
 402:../Libraries/iLLD/TC4xx/Tricore/Msc/Msc/IfxMsc_Msc.c ****         dsce.U          = mscSfr->DSCE.U;
 403:../Libraries/iLLD/TC4xx/Tricore/Msc/Msc/IfxMsc_Msc.c ****         /* Command-Data-Command in Data Repetition Mode */
 404:../Libraries/iLLD/TC4xx/Tricore/Msc/Msc/IfxMsc_Msc.c ****         dsce.B.CDCM     = config->downstreamConfig.commandDataCommandReceptionMode;
 405:../Libraries/iLLD/TC4xx/Tricore/Msc/Msc/IfxMsc_Msc.c ****         /* Injection Position of the Pin 1 Signal */
 406:../Libraries/iLLD/TC4xx/Tricore/Msc/Msc/IfxMsc_Msc.c ****         dsce.B.INJPOSP1 = config->downstreamConfig.injectionPositionPin1;
 407:../Libraries/iLLD/TC4xx/Tricore/Msc/Msc/IfxMsc_Msc.c ****         /* Injection Enable of the Pin 1 Signal */
 408:../Libraries/iLLD/TC4xx/Tricore/Msc/Msc/IfxMsc_Msc.c ****         dsce.B.INJENP1  = config->downstreamConfig.externalSignalInjectionPin1;
 409:../Libraries/iLLD/TC4xx/Tricore/Msc/Msc/IfxMsc_Msc.c ****         /* Injection Position of the Pin 0 Signal */
 410:../Libraries/iLLD/TC4xx/Tricore/Msc/Msc/IfxMsc_Msc.c ****         dsce.B.INJPOSP0 = config->downstreamConfig.injectionPositionPin0;
 411:../Libraries/iLLD/TC4xx/Tricore/Msc/Msc/IfxMsc_Msc.c ****         /* Injection Enable of the Pin 0 Signal */
 412:../Libraries/iLLD/TC4xx/Tricore/Msc/Msc/IfxMsc_Msc.c ****         dsce.B.INJENP0  = config->downstreamConfig.externalSignalInjectionPin0;
 413:../Libraries/iLLD/TC4xx/Tricore/Msc/Msc/IfxMsc_Msc.c ****         /* Data Frame over Command Frame Prioritization */
 414:../Libraries/iLLD/TC4xx/Tricore/Msc/Msc/IfxMsc_Msc.c ****         dsce.B.DFP      = config->downstreamConfig.dataFramePriority;
 415:../Libraries/iLLD/TC4xx/Tricore/Msc/Msc/IfxMsc_Msc.c ****         mscSfr->DSCE.U  = dsce.U;
 416:../Libraries/iLLD/TC4xx/Tricore/Msc/Msc/IfxMsc_Msc.c ****     }
 417:../Libraries/iLLD/TC4xx/Tricore/Msc/Msc/IfxMsc_Msc.c **** 
 418:../Libraries/iLLD/TC4xx/Tricore/Msc/Msc/IfxMsc_Msc.c ****     /* If enabled configure extension registers */
 419:../Libraries/iLLD/TC4xx/Tricore/Msc/Msc/IfxMsc_Msc.c ****     if (config->downstreamExtensionConfig.extension == IfxMsc_Extension_enabled)
 420:../Libraries/iLLD/TC4xx/Tricore/Msc/Msc/IfxMsc_Msc.c ****     {
 421:../Libraries/iLLD/TC4xx/Tricore/Msc/Msc/IfxMsc_Msc.c ****         IfxMsc_Msc_initializeDataExtension(msc, config);
 422:../Libraries/iLLD/TC4xx/Tricore/Msc/Msc/IfxMsc_Msc.c ****     }
 423:../Libraries/iLLD/TC4xx/Tricore/Msc/Msc/IfxMsc_Msc.c **** 
 424:../Libraries/iLLD/TC4xx/Tricore/Msc/Msc/IfxMsc_Msc.c ****     /* If enabled, configure ABRA block */
 425:../Libraries/iLLD/TC4xx/Tricore/Msc/Msc/IfxMsc_Msc.c ****     if (config->abraConfig.abraBlockBypass != IfxMsc_AsynchronousBlock_bypassed)
 426:../Libraries/iLLD/TC4xx/Tricore/Msc/Msc/IfxMsc_Msc.c ****     {
 427:../Libraries/iLLD/TC4xx/Tricore/Msc/Msc/IfxMsc_Msc.c ****         IfxMsc_Msc_initializeAbra(msc, config);
 428:../Libraries/iLLD/TC4xx/Tricore/Msc/Msc/IfxMsc_Msc.c ****     }
 429:../Libraries/iLLD/TC4xx/Tricore/Msc/Msc/IfxMsc_Msc.c **** 
 430:../Libraries/iLLD/TC4xx/Tricore/Msc/Msc/IfxMsc_Msc.c ****     /* If enabled, configure command extension mode */
 431:../Libraries/iLLD/TC4xx/Tricore/Msc/Msc/IfxMsc_Msc.c ****     if (config->commandExtensionConfig.extension == IfxMsc_Extension_enabled)
 432:../Libraries/iLLD/TC4xx/Tricore/Msc/Msc/IfxMsc_Msc.c ****     {
 433:../Libraries/iLLD/TC4xx/Tricore/Msc/Msc/IfxMsc_Msc.c ****         IfxMsc_Msc_initializeCommandExtension(msc, config);
 434:../Libraries/iLLD/TC4xx/Tricore/Msc/Msc/IfxMsc_Msc.c ****     }
 435:../Libraries/iLLD/TC4xx/Tricore/Msc/Msc/IfxMsc_Msc.c **** 
 436:../Libraries/iLLD/TC4xx/Tricore/Msc/Msc/IfxMsc_Msc.c **** /* If enabled, configure slow channel */
 437:../Libraries/iLLD/TC4xx/Tricore/Msc/Msc/IfxMsc_Msc.c ****     if (config->enableSlowChannel == TRUE)
 438:../Libraries/iLLD/TC4xx/Tricore/Msc/Msc/IfxMsc_Msc.c ****     {
 439:../Libraries/iLLD/TC4xx/Tricore/Msc/Msc/IfxMsc_Msc.c ****         IfxMsc_setSlowChannel(mscSfr, &config->slowChannelConfig);
 440:../Libraries/iLLD/TC4xx/Tricore/Msc/Msc/IfxMsc_Msc.c ****     }
 441:../Libraries/iLLD/TC4xx/Tricore/Msc/Msc/IfxMsc_Msc.c **** }
 442:../Libraries/iLLD/TC4xx/Tricore/Msc/Msc/IfxMsc_Msc.c **** 
 443:../Libraries/iLLD/TC4xx/Tricore/Msc/Msc/IfxMsc_Msc.c **** 
 444:../Libraries/iLLD/TC4xx/Tricore/Msc/Msc/IfxMsc_Msc.c **** void IfxMsc_Msc_initModuleConfig(IfxMsc_Msc_Config *config, Ifx_MSC *msc)
 445:../Libraries/iLLD/TC4xx/Tricore/Msc/Msc/IfxMsc_Msc.c **** {
  92              	 .loc 1 445 1 is_stmt 1
  93              	.LVL10:
  94 0000 40AE     	 mov.aa %a14,%SP
  95              	.LCFI2:
  96 0002 404C     	 mov.aa %a12,%a4
  97 0004 8058     	 mov.d %d8,%a5
 446:../Libraries/iLLD/TC4xx/Tricore/Msc/Msc/IfxMsc_Msc.c ****     const IfxMsc_Msc_Config defaultConfig = {
  98              	 .loc 1 446 5
 447:../Libraries/iLLD/TC4xx/Tricore/Msc/Msc/IfxMsc_Msc.c ****         .msc         = NULL_PTR,
 448:../Libraries/iLLD/TC4xx/Tricore/Msc/Msc/IfxMsc_Msc.c ****         .clockConfig = {
 449:../Libraries/iLLD/TC4xx/Tricore/Msc/Msc/IfxMsc_Msc.c ****             .baudrate    = 3125000,
 450:../Libraries/iLLD/TC4xx/Tricore/Msc/Msc/IfxMsc_Msc.c ****             .dividerMode = IfxMsc_DividerMode_normal,
 451:../Libraries/iLLD/TC4xx/Tricore/Msc/Msc/IfxMsc_Msc.c ****             .clockSource = IfxMsc_Clock_fSPB,
 452:../Libraries/iLLD/TC4xx/Tricore/Msc/Msc/IfxMsc_Msc.c ****             .step        = 0
 453:../Libraries/iLLD/TC4xx/Tricore/Msc/Msc/IfxMsc_Msc.c ****         },
 454:../Libraries/iLLD/TC4xx/Tricore/Msc/Msc/IfxMsc_Msc.c ****         .upstreamConfig                              = {
 455:../Libraries/iLLD/TC4xx/Tricore/Msc/Msc/IfxMsc_Msc.c ****             .upstreamChannelFrameType     = IfxMsc_UpstreamChannelFrameType_12bit,
 456:../Libraries/iLLD/TC4xx/Tricore/Msc/Msc/IfxMsc_Msc.c ****             .upstreamChannelReceivingRate = IfxMsc_UpstreamChannelReceivingRate_16,
 457:../Libraries/iLLD/TC4xx/Tricore/Msc/Msc/IfxMsc_Msc.c ****             .parity                       = IfxMsc_Parity_even,
 458:../Libraries/iLLD/TC4xx/Tricore/Msc/Msc/IfxMsc_Msc.c ****             .serviceRequestDelay          = IfxMsc_ServiceRequestDelay_noDelay,
 459:../Libraries/iLLD/TC4xx/Tricore/Msc/Msc/IfxMsc_Msc.c ****             .upstreamTimeoutPrescaler     = IfxMsc_UpstreamTimeoutPrescaler_32768,
 460:../Libraries/iLLD/TC4xx/Tricore/Msc/Msc/IfxMsc_Msc.c ****             .upstreamTimeoutValue         = IfxMsc_UpstreamTimeoutValue_16
 461:../Libraries/iLLD/TC4xx/Tricore/Msc/Msc/IfxMsc_Msc.c ****         },
 462:../Libraries/iLLD/TC4xx/Tricore/Msc/Msc/IfxMsc_Msc.c ****         .interruptConfig                             = {
 463:../Libraries/iLLD/TC4xx/Tricore/Msc/Msc/IfxMsc_Msc.c ****             .dataFrameInterruptNode               = IfxMsc_DataFrameInterruptNode_SR0,
 464:../Libraries/iLLD/TC4xx/Tricore/Msc/Msc/IfxMsc_Msc.c ****             .dataFrameInterrupt                   = IfxMsc_DataFrameInterrupt_disabled,
 465:../Libraries/iLLD/TC4xx/Tricore/Msc/Msc/IfxMsc_Msc.c ****             .commandFrameInterruptNode            = IfxMsc_CommandFrameInterruptNode_SR0,
 466:../Libraries/iLLD/TC4xx/Tricore/Msc/Msc/IfxMsc_Msc.c ****             .commandFrameInterrupt                = IfxMsc_CommandFrameInterrupt_disabled,
 467:../Libraries/iLLD/TC4xx/Tricore/Msc/Msc/IfxMsc_Msc.c ****             .timeFrameInterruptNode               = IfxMsc_TimeFrameInterruptNode_SR0,
 468:../Libraries/iLLD/TC4xx/Tricore/Msc/Msc/IfxMsc_Msc.c ****             .timeFrameInterrupt                   = IfxMsc_TimeFrameInterrupt_disabled,
 469:../Libraries/iLLD/TC4xx/Tricore/Msc/Msc/IfxMsc_Msc.c ****             .receiveDataInterruptNode             = IfxMsc_ReceiveDataInterruptNode_SR0,
 470:../Libraries/iLLD/TC4xx/Tricore/Msc/Msc/IfxMsc_Msc.c ****             .receiveDataInterrupt                 = IfxMsc_ReceiveDataInterrupt_disabled,
 471:../Libraries/iLLD/TC4xx/Tricore/Msc/Msc/IfxMsc_Msc.c ****             .slowChannelXInterruptNode            = IfxMsc_CommandFrameSlowChannelXInterruptNode_SR
 472:../Libraries/iLLD/TC4xx/Tricore/Msc/Msc/IfxMsc_Msc.c ****             .slowChannelXInterrupt                = IfxMsc_CommandFrameSlowChannelInterrupt_disable
 473:../Libraries/iLLD/TC4xx/Tricore/Msc/Msc/IfxMsc_Msc.c ****             .slowChannelYInterruptNode            = IfxMsc_CommandFrameSlowChannelYInterruptNode_SR
 474:../Libraries/iLLD/TC4xx/Tricore/Msc/Msc/IfxMsc_Msc.c ****             .slowChannelYInterrupt                = IfxMsc_CommandFrameSlowChannelInterrupt_disable
 475:../Libraries/iLLD/TC4xx/Tricore/Msc/Msc/IfxMsc_Msc.c ****             .timeFrameManchesterCodeInterruptNode = IfxMsc_TimeFrameManchesterCodeInterruptNode_SR0
 476:../Libraries/iLLD/TC4xx/Tricore/Msc/Msc/IfxMsc_Msc.c ****             .timeFrameManchesterCodeInterrupt     = IfxMsc_TimeFrameManchesterCodeInterrupt_disable
 477:../Libraries/iLLD/TC4xx/Tricore/Msc/Msc/IfxMsc_Msc.c ****             .upstreamTimeoutInterruptNode         = IfxMsc_UpstreamTimeoutInterruptNode_SR0,
 478:../Libraries/iLLD/TC4xx/Tricore/Msc/Msc/IfxMsc_Msc.c ****             .upstreamTimeoutInterrupt             = IfxMsc_UpstreamTimeoutInterrupt_disabled,
 479:../Libraries/iLLD/TC4xx/Tricore/Msc/Msc/IfxMsc_Msc.c ****             .overflowInterruptNode                = IfxMsc_OverflowInterruptNode_SR0,
 480:../Libraries/iLLD/TC4xx/Tricore/Msc/Msc/IfxMsc_Msc.c ****             .overflowInterrupt                    = IfxMsc_OverflowInterrupt_disabled,
 481:../Libraries/iLLD/TC4xx/Tricore/Msc/Msc/IfxMsc_Msc.c ****             .underflowInterruptNode               = IfxMsc_UnderflowInterruptNode_SR0,
 482:../Libraries/iLLD/TC4xx/Tricore/Msc/Msc/IfxMsc_Msc.c ****             .underflowInterrupt                   = IfxMsc_UnderflowInterrupt_disabled
 483:../Libraries/iLLD/TC4xx/Tricore/Msc/Msc/IfxMsc_Msc.c ****         },
 484:../Libraries/iLLD/TC4xx/Tricore/Msc/Msc/IfxMsc_Msc.c ****         .outputControlConfig                         = {
 485:../Libraries/iLLD/TC4xx/Tricore/Msc/Msc/IfxMsc_Msc.c ****             .fclpPolarity    = IfxMsc_FclLinePolarity_nonInverted,
 486:../Libraries/iLLD/TC4xx/Tricore/Msc/Msc/IfxMsc_Msc.c ****             .sopPolarity     = IfxMsc_SoLinePolarity_nonInverted,
 487:../Libraries/iLLD/TC4xx/Tricore/Msc/Msc/IfxMsc_Msc.c ****             .cslpPolarity    = IfxMsc_ChipSelectActiveState_low,
 488:../Libraries/iLLD/TC4xx/Tricore/Msc/Msc/IfxMsc_Msc.c ****             .sdiLinePolarity = IfxMsc_SdiLinePolarity_likeSi,
 489:../Libraries/iLLD/TC4xx/Tricore/Msc/Msc/IfxMsc_Msc.c ****             .fclClockControl = IfxMsc_FclClockControlEnabled_activePhaseOnly
 490:../Libraries/iLLD/TC4xx/Tricore/Msc/Msc/IfxMsc_Msc.c ****         },
 491:../Libraries/iLLD/TC4xx/Tricore/Msc/Msc/IfxMsc_Msc.c ****         .downstreamConfig                            = {
 492:../Libraries/iLLD/TC4xx/Tricore/Msc/Msc/IfxMsc_Msc.c ****             .transmissionMode                = IfxMsc_TransmissionMode_triggered,
 493:../Libraries/iLLD/TC4xx/Tricore/Msc/Msc/IfxMsc_Msc.c ****             .srlDataFrameLength              = IfxMsc_DataFrameLength_16,
 494:../Libraries/iLLD/TC4xx/Tricore/Msc/Msc/IfxMsc_Msc.c ****             .srhDataFrameLength              = IfxMsc_DataFrameLength_16,
 495:../Libraries/iLLD/TC4xx/Tricore/Msc/Msc/IfxMsc_Msc.c ****             .srlActivePhaseSelection         = IfxMsc_ActivePhaseSelection_none,
 496:../Libraries/iLLD/TC4xx/Tricore/Msc/Msc/IfxMsc_Msc.c ****             .srhActivePhaseSelection         = IfxMsc_ActivePhaseSelection_none,
 497:../Libraries/iLLD/TC4xx/Tricore/Msc/Msc/IfxMsc_Msc.c ****             .commandFrameLength              = IfxMsc_CommandFrameLength_32,
 498:../Libraries/iLLD/TC4xx/Tricore/Msc/Msc/IfxMsc_Msc.c ****             .dataFramePassivePhaseLength     = IfxMsc_DataFramePassivePhaseLength_2,
 499:../Libraries/iLLD/TC4xx/Tricore/Msc/Msc/IfxMsc_Msc.c ****             .passiveTimeFrameCount           = IfxMsc_PassiveTimeFrameCount_0,
 500:../Libraries/iLLD/TC4xx/Tricore/Msc/Msc/IfxMsc_Msc.c ****             .externalSignalInjectionPin0     = IfxMsc_ExternalSignalInjection_disabled,
 501:../Libraries/iLLD/TC4xx/Tricore/Msc/Msc/IfxMsc_Msc.c ****             .injectionPositionPin0           = IfxMsc_ExternalBitInjectionPosition_0,
 502:../Libraries/iLLD/TC4xx/Tricore/Msc/Msc/IfxMsc_Msc.c ****             .externalSignalInjectionPin1     = IfxMsc_ExternalSignalInjection_disabled,
 503:../Libraries/iLLD/TC4xx/Tricore/Msc/Msc/IfxMsc_Msc.c ****             .injectionPositionPin1           = IfxMsc_ExternalBitInjectionPosition_0,
 504:../Libraries/iLLD/TC4xx/Tricore/Msc/Msc/IfxMsc_Msc.c ****             .commandDataCommandReceptionMode = IfxMsc_CommandDataCommandRepetitionMode_disabled,
 505:../Libraries/iLLD/TC4xx/Tricore/Msc/Msc/IfxMsc_Msc.c ****             .downstreamDataSourcesLow        = 0,
 506:../Libraries/iLLD/TC4xx/Tricore/Msc/Msc/IfxMsc_Msc.c ****             .downstreamDataSourcesHigh       = 0,
 507:../Libraries/iLLD/TC4xx/Tricore/Msc/Msc/IfxMsc_Msc.c ****             .emergencyStopEnableBits         = 0,
 508:../Libraries/iLLD/TC4xx/Tricore/Msc/Msc/IfxMsc_Msc.c ****             .timerSelection                  = IfxMsc_TriggerSource_gtm,
 509:../Libraries/iLLD/TC4xx/Tricore/Msc/Msc/IfxMsc_Msc.c ****             .dataFramePriority               = FALSE
 510:../Libraries/iLLD/TC4xx/Tricore/Msc/Msc/IfxMsc_Msc.c ****         },
 511:../Libraries/iLLD/TC4xx/Tricore/Msc/Msc/IfxMsc_Msc.c ****         .downstreamExtensionConfig                   = {
 512:../Libraries/iLLD/TC4xx/Tricore/Msc/Msc/IfxMsc_Msc.c ****             .extension                               = IfxMsc_Extension_disabled,
 513:../Libraries/iLLD/TC4xx/Tricore/Msc/Msc/IfxMsc_Msc.c ****             .srlBitsShiftedAtDataFramesExtension     = IfxMsc_MsbBitDataExtension_notPresent,
 514:../Libraries/iLLD/TC4xx/Tricore/Msc/Msc/IfxMsc_Msc.c ****             .srhBitsShiftedAtDataFramesExtension     = IfxMsc_MsbBitDataExtension_notPresent,
 515:../Libraries/iLLD/TC4xx/Tricore/Msc/Msc/IfxMsc_Msc.c ****             .downstreamExtensionDataSourcesLow       = 0,
 516:../Libraries/iLLD/TC4xx/Tricore/Msc/Msc/IfxMsc_Msc.c ****             .downstreamExtensionDataSourcesHigh      = 0,
 517:../Libraries/iLLD/TC4xx/Tricore/Msc/Msc/IfxMsc_Msc.c ****             .emergencyStopExtensionEnableBits        = 0,
 518:../Libraries/iLLD/TC4xx/Tricore/Msc/Msc/IfxMsc_Msc.c ****             .dataFrameExtensionPassivePhaseLength    = IfxMsc_DataFrameExtensionPassivePhaseLength_
 519:../Libraries/iLLD/TC4xx/Tricore/Msc/Msc/IfxMsc_Msc.c ****             .controlFrameExtensionPassivePhaseLength = IfxMsc_ControlFrameExtensionPassivePhaseLeng
 520:../Libraries/iLLD/TC4xx/Tricore/Msc/Msc/IfxMsc_Msc.c ****             .nDividerDownstream                      = IfxMsc_NDividerDownstream_1
 521:../Libraries/iLLD/TC4xx/Tricore/Msc/Msc/IfxMsc_Msc.c ****         },
 522:../Libraries/iLLD/TC4xx/Tricore/Msc/Msc/IfxMsc_Msc.c ****         .abraConfig                                  = {
 523:../Libraries/iLLD/TC4xx/Tricore/Msc/Msc/IfxMsc_Msc.c ****             .abraDownstreamBlockBaudrate = 500000,
 524:../Libraries/iLLD/TC4xx/Tricore/Msc/Msc/IfxMsc_Msc.c ****             .lowPhaseOfShiftClock        = IfxMsc_ShiftClockPhaseDuration_1,
 525:../Libraries/iLLD/TC4xx/Tricore/Msc/Msc/IfxMsc_Msc.c ****             .highPhaseOfShiftClock       = IfxMsc_ShiftClockPhaseDuration_1,
 526:../Libraries/iLLD/TC4xx/Tricore/Msc/Msc/IfxMsc_Msc.c ****             .clockSelectAbra             = IfxMsc_ClockSelect_fper,
 527:../Libraries/iLLD/TC4xx/Tricore/Msc/Msc/IfxMsc_Msc.c ****             .nDividerAbra                = IfxMsc_NDividerAbra_1,
 528:../Libraries/iLLD/TC4xx/Tricore/Msc/Msc/IfxMsc_Msc.c ****             .abraBlockBypass             = IfxMsc_AsynchronousBlock_bypassed
 529:../Libraries/iLLD/TC4xx/Tricore/Msc/Msc/IfxMsc_Msc.c ****         },
 530:../Libraries/iLLD/TC4xx/Tricore/Msc/Msc/IfxMsc_Msc.c ****         .io                                          = {
 531:../Libraries/iLLD/TC4xx/Tricore/Msc/Msc/IfxMsc_Msc.c ****             .fclp                                    = {
 532:../Libraries/iLLD/TC4xx/Tricore/Msc/Msc/IfxMsc_Msc.c ****                 .pin  = NULL_PTR,
 533:../Libraries/iLLD/TC4xx/Tricore/Msc/Msc/IfxMsc_Msc.c ****                 .mode = IfxPort_OutputMode_pushPull
 534:../Libraries/iLLD/TC4xx/Tricore/Msc/Msc/IfxMsc_Msc.c ****             },
 535:../Libraries/iLLD/TC4xx/Tricore/Msc/Msc/IfxMsc_Msc.c ****             .fcln                                    = {
 536:../Libraries/iLLD/TC4xx/Tricore/Msc/Msc/IfxMsc_Msc.c ****                 .pin  = NULL_PTR,
 537:../Libraries/iLLD/TC4xx/Tricore/Msc/Msc/IfxMsc_Msc.c ****                 .mode = IfxPort_OutputMode_pushPull
 538:../Libraries/iLLD/TC4xx/Tricore/Msc/Msc/IfxMsc_Msc.c ****             },
 539:../Libraries/iLLD/TC4xx/Tricore/Msc/Msc/IfxMsc_Msc.c ****             .sop                                     = {
 540:../Libraries/iLLD/TC4xx/Tricore/Msc/Msc/IfxMsc_Msc.c ****                 .pin  = NULL_PTR,
 541:../Libraries/iLLD/TC4xx/Tricore/Msc/Msc/IfxMsc_Msc.c ****                 .mode = IfxPort_OutputMode_pushPull
 542:../Libraries/iLLD/TC4xx/Tricore/Msc/Msc/IfxMsc_Msc.c ****             },
 543:../Libraries/iLLD/TC4xx/Tricore/Msc/Msc/IfxMsc_Msc.c ****             .son                                     = {
 544:../Libraries/iLLD/TC4xx/Tricore/Msc/Msc/IfxMsc_Msc.c ****                 .pin  = NULL_PTR,
 545:../Libraries/iLLD/TC4xx/Tricore/Msc/Msc/IfxMsc_Msc.c ****                 .mode = IfxPort_OutputMode_pushPull
 546:../Libraries/iLLD/TC4xx/Tricore/Msc/Msc/IfxMsc_Msc.c ****             },
 547:../Libraries/iLLD/TC4xx/Tricore/Msc/Msc/IfxMsc_Msc.c ****             .en0                                     = {
 548:../Libraries/iLLD/TC4xx/Tricore/Msc/Msc/IfxMsc_Msc.c ****                 .pin  = NULL_PTR,
 549:../Libraries/iLLD/TC4xx/Tricore/Msc/Msc/IfxMsc_Msc.c ****                 .mode = IfxPort_OutputMode_pushPull
 550:../Libraries/iLLD/TC4xx/Tricore/Msc/Msc/IfxMsc_Msc.c ****             },
 551:../Libraries/iLLD/TC4xx/Tricore/Msc/Msc/IfxMsc_Msc.c ****             .en1                                     = {
 552:../Libraries/iLLD/TC4xx/Tricore/Msc/Msc/IfxMsc_Msc.c ****                 .pin  = NULL_PTR,
 553:../Libraries/iLLD/TC4xx/Tricore/Msc/Msc/IfxMsc_Msc.c ****                 .mode = IfxPort_OutputMode_pushPull
 554:../Libraries/iLLD/TC4xx/Tricore/Msc/Msc/IfxMsc_Msc.c ****             },
 555:../Libraries/iLLD/TC4xx/Tricore/Msc/Msc/IfxMsc_Msc.c ****             .en2                                     = {
 556:../Libraries/iLLD/TC4xx/Tricore/Msc/Msc/IfxMsc_Msc.c ****                 .pin  = NULL_PTR,
 557:../Libraries/iLLD/TC4xx/Tricore/Msc/Msc/IfxMsc_Msc.c ****                 .mode = IfxPort_OutputMode_pushPull
 558:../Libraries/iLLD/TC4xx/Tricore/Msc/Msc/IfxMsc_Msc.c ****             },
 559:../Libraries/iLLD/TC4xx/Tricore/Msc/Msc/IfxMsc_Msc.c ****             .en3                                     = {
 560:../Libraries/iLLD/TC4xx/Tricore/Msc/Msc/IfxMsc_Msc.c ****                 .pin  = NULL_PTR,
 561:../Libraries/iLLD/TC4xx/Tricore/Msc/Msc/IfxMsc_Msc.c ****                 .mode = IfxPort_OutputMode_pushPull
 562:../Libraries/iLLD/TC4xx/Tricore/Msc/Msc/IfxMsc_Msc.c ****             },
 563:../Libraries/iLLD/TC4xx/Tricore/Msc/Msc/IfxMsc_Msc.c ****             .sdi                                     = {
 564:../Libraries/iLLD/TC4xx/Tricore/Msc/Msc/IfxMsc_Msc.c ****                 .pin  = NULL_PTR,
 565:../Libraries/iLLD/TC4xx/Tricore/Msc/Msc/IfxMsc_Msc.c ****                 .mode = IfxPort_InputMode_pullUp
 566:../Libraries/iLLD/TC4xx/Tricore/Msc/Msc/IfxMsc_Msc.c ****             },
 567:../Libraries/iLLD/TC4xx/Tricore/Msc/Msc/IfxMsc_Msc.c ****             .inj0                                    = {
 568:../Libraries/iLLD/TC4xx/Tricore/Msc/Msc/IfxMsc_Msc.c ****                 .pin  = NULL_PTR,
 569:../Libraries/iLLD/TC4xx/Tricore/Msc/Msc/IfxMsc_Msc.c ****                 .mode = IfxPort_InputMode_pullUp
 570:../Libraries/iLLD/TC4xx/Tricore/Msc/Msc/IfxMsc_Msc.c ****             },
 571:../Libraries/iLLD/TC4xx/Tricore/Msc/Msc/IfxMsc_Msc.c ****             .inj1                                    = {
 572:../Libraries/iLLD/TC4xx/Tricore/Msc/Msc/IfxMsc_Msc.c ****                 .pin  = NULL_PTR,
 573:../Libraries/iLLD/TC4xx/Tricore/Msc/Msc/IfxMsc_Msc.c ****                 .mode = IfxPort_InputMode_pullUp
 574:../Libraries/iLLD/TC4xx/Tricore/Msc/Msc/IfxMsc_Msc.c ****             },
 575:../Libraries/iLLD/TC4xx/Tricore/Msc/Msc/IfxMsc_Msc.c ****             .pinDriver                               = IfxPort_PadDriver_cmosAutomotiveSpeed3
 576:../Libraries/iLLD/TC4xx/Tricore/Msc/Msc/IfxMsc_Msc.c ****         },
 577:../Libraries/iLLD/TC4xx/Tricore/Msc/Msc/IfxMsc_Msc.c ****         .commandExtensionConfig                      = {
 578:../Libraries/iLLD/TC4xx/Tricore/Msc/Msc/IfxMsc_Msc.c ****             .extension                           = IfxMsc_Extension_disabled,
 579:../Libraries/iLLD/TC4xx/Tricore/Msc/Msc/IfxMsc_Msc.c ****             .commandFrameLength                  = IfxMsc_CommandFrameLength_32,
 580:../Libraries/iLLD/TC4xx/Tricore/Msc/Msc/IfxMsc_Msc.c ****             .commandFramePassivePhaseLength      = IfxMsc_ControlFrameExtensionPassivePhaseLength_0
 581:../Libraries/iLLD/TC4xx/Tricore/Msc/Msc/IfxMsc_Msc.c ****             .srlActivePhaseSelection             = IfxMsc_ActivePhaseSelection_none,
 582:../Libraries/iLLD/TC4xx/Tricore/Msc/Msc/IfxMsc_Msc.c ****             .srhActivePhaseSelection             = IfxMsc_ActivePhaseSelection_none,
 583:../Libraries/iLLD/TC4xx/Tricore/Msc/Msc/IfxMsc_Msc.c ****             .srlDataFrameLength                  = IfxMsc_DataFrameLength_16,
 584:../Libraries/iLLD/TC4xx/Tricore/Msc/Msc/IfxMsc_Msc.c ****             .srhDataFrameLength                  = IfxMsc_DataFrameLength_16,
 585:../Libraries/iLLD/TC4xx/Tricore/Msc/Msc/IfxMsc_Msc.c ****             .srlBitsShiftedAtDataFramesExtension = IfxMsc_MsbBitDataExtension_notPresent,
 586:../Libraries/iLLD/TC4xx/Tricore/Msc/Msc/IfxMsc_Msc.c ****             .srhBitsShiftedAtDataFramesExtension = IfxMsc_MsbBitDataExtension_notPresent,
 587:../Libraries/iLLD/TC4xx/Tricore/Msc/Msc/IfxMsc_Msc.c ****             .fastMode                            = IfxMsc_FastMode_disabled,
 588:../Libraries/iLLD/TC4xx/Tricore/Msc/Msc/IfxMsc_Msc.c ****             .nDividerDownstream                  = IfxMsc_NDividerDownstream_1
 589:../Libraries/iLLD/TC4xx/Tricore/Msc/Msc/IfxMsc_Msc.c ****         },
 590:../Libraries/iLLD/TC4xx/Tricore/Msc/Msc/IfxMsc_Msc.c ****         .slowChannelConfig                           = {
 591:../Libraries/iLLD/TC4xx/Tricore/Msc/Msc/IfxMsc_Msc.c ****             .manchesterConfig                        = {
 592:../Libraries/iLLD/TC4xx/Tricore/Msc/Msc/IfxMsc_Msc.c ****                 .enable                              = IfxMsc_ManchesterCode_enabled
 593:../Libraries/iLLD/TC4xx/Tricore/Msc/Msc/IfxMsc_Msc.c ****             },
 594:../Libraries/iLLD/TC4xx/Tricore/Msc/Msc/IfxMsc_Msc.c ****             .totalCommandLengthX     = IfxMsc_SlowChannelCommandFrameLength_2,
 595:../Libraries/iLLD/TC4xx/Tricore/Msc/Msc/IfxMsc_Msc.c ****             .totalCommandLengthY     = IfxMsc_SlowChannelCommandFrameLength_0,
 596:../Libraries/iLLD/TC4xx/Tricore/Msc/Msc/IfxMsc_Msc.c ****             .slowChannelFrameLengthX = IfxMsc_SlowChannelLength_2,
 597:../Libraries/iLLD/TC4xx/Tricore/Msc/Msc/IfxMsc_Msc.c ****             .slowChannelFrameLengthY = IfxMsc_SlowChannelLength_0,
 598:../Libraries/iLLD/TC4xx/Tricore/Msc/Msc/IfxMsc_Msc.c ****             .parityX                 = IfxMsc_SlowChannelParity_evenParity,
 599:../Libraries/iLLD/TC4xx/Tricore/Msc/Msc/IfxMsc_Msc.c ****             .parityY                 = IfxMsc_SlowChannelParity_parityOff,
 600:../Libraries/iLLD/TC4xx/Tricore/Msc/Msc/IfxMsc_Msc.c ****             .stopBitX                = IfxMsc_CommandFrameStopBitLength_1,
 601:../Libraries/iLLD/TC4xx/Tricore/Msc/Msc/IfxMsc_Msc.c ****             .stopBitY                = IfxMsc_CommandFrameStopBitLength_none
 602:../Libraries/iLLD/TC4xx/Tricore/Msc/Msc/IfxMsc_Msc.c ****         },
 603:../Libraries/iLLD/TC4xx/Tricore/Msc/Msc/IfxMsc_Msc.c ****         .enableSlowChannel = FALSE,
 604:../Libraries/iLLD/TC4xx/Tricore/Msc/Msc/IfxMsc_Msc.c ****         .streamMode        = IfxMsc_StreamMode_up
 605:../Libraries/iLLD/TC4xx/Tricore/Msc/Msc/IfxMsc_Msc.c ****     };
 606:../Libraries/iLLD/TC4xx/Tricore/Msc/Msc/IfxMsc_Msc.c **** 
 607:../Libraries/iLLD/TC4xx/Tricore/Msc/Msc/IfxMsc_Msc.c ****     /* Default Configuration */
 608:../Libraries/iLLD/TC4xx/Tricore/Msc/Msc/IfxMsc_Msc.c ****     *config = defaultConfig;
  99              	 .loc 1 608 5
 100              	 .loc 1 608 13 is_stmt 0
 101 0006 3B801D50 	 mov %d5,472
 102 000a 8204     	 mov %d4,0
 103 000c 6D000000 	 call memset
 104              	.LVL11:
 105 0010 7B000320 	 movh %d2,48
 106 0014 1B82F02A 	 addi %d2,%d2,-20728
 107 0018 59C20400 	 st.w [%a12]4,%d2
 108 001c 8212     	 mov %d2,1
 109 001e 59C20800 	 st.w [%a12]8,%d2
 110 0022 8233     	 mov %d3,3
 111 0024 59C31800 	 st.w [%a12]24,%d3
 112 0028 3BF00030 	 mov %d3,15
 113 002c 59C32400 	 st.w [%a12]36,%d3
 114 0030 59C32800 	 st.w [%a12]40,%d3
 115 0034 59C20420 	 st.w [%a12]132,%d2
 116 0038 3B000150 	 mov %d5,16
 117 003c 59C51420 	 st.w [%a12]148,%d5
 118 0040 59C51820 	 st.w [%a12]152,%d5
 119 0044 3B000230 	 mov %d3,32
 120 0048 59C32420 	 st.w [%a12]164,%d3
 121 004c 8224     	 mov %d4,2
 122 004e 59C42820 	 st.w [%a12]168,%d4
 123 0052 7B800060 	 movh %d6,8
 124 0056 1B06126A 	 addi %d6,%d6,-24288
 125 005a 59C63C30 	 st.w [%a12]252,%d6
 126 005e 59C20840 	 st.w [%a12]264,%d2
 127 0062 59C22840 	 st.w [%a12]296,%d2
 128 0066 59C23040 	 st.w [%a12]304,%d2
 129 006a 59C23840 	 st.w [%a12]312,%d2
 130 006e 59C20050 	 st.w [%a12]320,%d2
 131 0072 59C20850 	 st.w [%a12]328,%d2
 132 0076 59C21050 	 st.w [%a12]336,%d2
 133 007a 59C21850 	 st.w [%a12]344,%d2
 134 007e 59C22050 	 st.w [%a12]352,%d2
 135 0082 59C32850 	 st.w [%a12]360,%d3
 136 0086 59C33050 	 st.w [%a12]368,%d3
 137 008a 59C33850 	 st.w [%a12]376,%d3
 138 008e 59C43C50 	 st.w [%a12]380,%d4
 139 0092 59C30460 	 st.w [%a12]388,%d3
 140 0096 59C51460 	 st.w [%a12]404,%d5
 141 009a 59C51860 	 st.w [%a12]408,%d5
 142 009e 59C22C60 	 st.w [%a12]428,%d2
 143 00a2 59C43060 	 st.w [%a12]432,%d4
 144 00a6 59C43860 	 st.w [%a12]440,%d4
 145 00aa 59C20070 	 st.w [%a12]448,%d2
 146 00ae 59C20870 	 st.w [%a12]456,%d2
 609:../Libraries/iLLD/TC4xx/Tricore/Msc/Msc/IfxMsc_Msc.c **** 
 610:../Libraries/iLLD/TC4xx/Tricore/Msc/Msc/IfxMsc_Msc.c ****     /* take over module pointer */
 611:../Libraries/iLLD/TC4xx/Tricore/Msc/Msc/IfxMsc_Msc.c ****     config->msc = msc;
 147              	 .loc 1 611 5 is_stmt 1
 148              	 .loc 1 611 17 is_stmt 0
 149 00b2 74C8     	 st.w [%a12]0,%d8
 612:../Libraries/iLLD/TC4xx/Tricore/Msc/Msc/IfxMsc_Msc.c **** }
 150              	 .loc 1 612 1
 151 00b4 0090     	 ret 
 152              	.LFE342:
 154              	 .global IfxMsc_Msc_initModuleConfig_end
 155              	IfxMsc_Msc_initModuleConfig_end:
 156              	 .section .text.IfxMsc_Msc_initializeAbra,"ax",@progbits
 157              	 .align 1
 158              	 .global IfxMsc_Msc_initializeAbra
 160              	IfxMsc_Msc_initializeAbra:
 161              	.LFB343:
 613:../Libraries/iLLD/TC4xx/Tricore/Msc/Msc/IfxMsc_Msc.c **** 
 614:../Libraries/iLLD/TC4xx/Tricore/Msc/Msc/IfxMsc_Msc.c **** 
 615:../Libraries/iLLD/TC4xx/Tricore/Msc/Msc/IfxMsc_Msc.c **** void IfxMsc_Msc_initializeAbra(IfxMsc_Msc *msc, const IfxMsc_Msc_Config *config)
 616:../Libraries/iLLD/TC4xx/Tricore/Msc/Msc/IfxMsc_Msc.c **** {
 162              	 .loc 1 616 1 is_stmt 1
 163              	.LVL12:
 164 0000 40AE     	 mov.aa %a14,%SP
 165              	.LCFI3:
 166 0002 405C     	 mov.aa %a12,%a5
 617:../Libraries/iLLD/TC4xx/Tricore/Msc/Msc/IfxMsc_Msc.c ****     Ifx_MSC *mscSfr = msc->msc;
 167              	 .loc 1 617 5
 168              	 .loc 1 617 14 is_stmt 0
 169 0004 D44D     	 ld.a %a13,[%a4]0
 170              	.LVL13:
 618:../Libraries/iLLD/TC4xx/Tricore/Msc/Msc/IfxMsc_Msc.c **** 
 619:../Libraries/iLLD/TC4xx/Tricore/Msc/Msc/IfxMsc_Msc.c ****     /* N Divider Downstream */
 620:../Libraries/iLLD/TC4xx/Tricore/Msc/Msc/IfxMsc_Msc.c ****     mscSfr->DSTE.B.NDD =
 171              	 .loc 1 620 5 is_stmt 1
 621:../Libraries/iLLD/TC4xx/Tricore/Msc/Msc/IfxMsc_Msc.c ****         IfxMsc_downstreamAbraBaudCalculator(config->abraConfig.abraDownstreamBlockBaudrate);
 172              	 .loc 1 621 9 is_stmt 0
 173 0006 19543C30 	 ld.w %d4,[%a5]252
 174 000a 6D000000 	 call IfxMsc_downstreamAbraBaudCalculator
 175              	.LVL14:
 620:../Libraries/iLLD/TC4xx/Tricore/Msc/Msc/IfxMsc_Msc.c ****         IfxMsc_downstreamAbraBaudCalculator(config->abraConfig.abraDownstreamBlockBaudrate);
 176              	 .loc 1 620 24
 177 000e D9D22C20 	 lea %a2,[%a13]172
 178 0012 19D32C20 	 ld.w %d3,[%a13]172
 179 0016 37230434 	 insert %d3,%d3,%d2,8,4
 180 001a 7423     	 st.w [%a2]0,%d3
 181              	.LBB94:
 622:../Libraries/iLLD/TC4xx/Tricore/Msc/Msc/IfxMsc_Msc.c **** 
 623:../Libraries/iLLD/TC4xx/Tricore/Msc/Msc/IfxMsc_Msc.c ****     /* Configure Asynchronous block */
 624:../Libraries/iLLD/TC4xx/Tricore/Msc/Msc/IfxMsc_Msc.c ****     {
 625:../Libraries/iLLD/TC4xx/Tricore/Msc/Msc/IfxMsc_Msc.c ****         Ifx_MSC_ABC abc;
 182              	 .loc 1 625 9 is_stmt 1
 626:../Libraries/iLLD/TC4xx/Tricore/Msc/Msc/IfxMsc_Msc.c **** 
 627:../Libraries/iLLD/TC4xx/Tricore/Msc/Msc/IfxMsc_Msc.c ****         /* Read the ABC register content */
 628:../Libraries/iLLD/TC4xx/Tricore/Msc/Msc/IfxMsc_Msc.c ****         abc.U         = mscSfr->ABC.U;
 183              	 .loc 1 628 9
 184              	 .loc 1 628 36 is_stmt 0
 185 001c 19D20030 	 ld.w %d2,[%a13]192
 629:../Libraries/iLLD/TC4xx/Tricore/Msc/Msc/IfxMsc_Msc.c ****         /* Asynchronous Block Bypass */
 630:../Libraries/iLLD/TC4xx/Tricore/Msc/Msc/IfxMsc_Msc.c ****         abc.B.ABB     = config->abraConfig.abraBlockBypass;
 186              	 .loc 1 630 9 is_stmt 1
 187              	 .loc 1 630 43 is_stmt 0
 188 0020 19C31040 	 ld.w %d3,[%a12]272
 189              	 .loc 1 630 23
 190 0024 67321F20 	 ins.t %d2,%d2,31,%d3,0
 191              	.LVL15:
 631:../Libraries/iLLD/TC4xx/Tricore/Msc/Msc/IfxMsc_Msc.c ****         /* Clock Select */
 632:../Libraries/iLLD/TC4xx/Tricore/Msc/Msc/IfxMsc_Msc.c ****         abc.B.CLKSEL  = config->abraConfig.clockSelectAbra;
 192              	 .loc 1 632 9 is_stmt 1
 193              	 .loc 1 632 43 is_stmt 0
 194 0028 19C30840 	 ld.w %d3,[%a12]264
 195              	 .loc 1 632 23
 196 002c 3732832D 	 insert %d2,%d2,%d3,27,3
 633:../Libraries/iLLD/TC4xx/Tricore/Msc/Msc/IfxMsc_Msc.c ****         /* N Divider ABRA */
 634:../Libraries/iLLD/TC4xx/Tricore/Msc/Msc/IfxMsc_Msc.c ****         abc.B.NDA     = config->abraConfig.nDividerAbra;
 197              	 .loc 1 634 9 is_stmt 1
 198              	 .loc 1 634 43 is_stmt 0
 199 0030 19C30C40 	 ld.w %d3,[%a12]268
 200              	 .loc 1 634 23
 201 0034 37320328 	 insert %d2,%d2,%d3,16,3
 635:../Libraries/iLLD/TC4xx/Tricore/Msc/Msc/IfxMsc_Msc.c ****         /* Duration of the High Phase of the Shift Clock */
 636:../Libraries/iLLD/TC4xx/Tricore/Msc/Msc/IfxMsc_Msc.c ****         abc.B.HIGH    = config->abraConfig.highPhaseOfShiftClock;
 202              	 .loc 1 636 9 is_stmt 1
 203              	 .loc 1 636 43 is_stmt 0
 204 0038 19C30440 	 ld.w %d3,[%a12]260
 205              	 .loc 1 636 23
 206 003c 37320422 	 insert %d2,%d2,%d3,4,4
 637:../Libraries/iLLD/TC4xx/Tricore/Msc/Msc/IfxMsc_Msc.c ****         /* Duration of the Low Phase of the Shift Clock */
 638:../Libraries/iLLD/TC4xx/Tricore/Msc/Msc/IfxMsc_Msc.c ****         abc.B.LOW     = config->abraConfig.lowPhaseOfShiftClock;
 207              	 .loc 1 638 9 is_stmt 1
 208              	 .loc 1 638 43 is_stmt 0
 209 0040 19C30040 	 ld.w %d3,[%a12]256
 210              	 .loc 1 638 23
 211 0044 37320420 	 insert %d2,%d2,%d3,0,4
 639:../Libraries/iLLD/TC4xx/Tricore/Msc/Msc/IfxMsc_Msc.c **** 
 640:../Libraries/iLLD/TC4xx/Tricore/Msc/Msc/IfxMsc_Msc.c ****         mscSfr->ABC.U = abc.U;
 212              	 .loc 1 640 9 is_stmt 1
 213              	 .loc 1 640 23 is_stmt 0
 214 0048 59D20030 	 st.w [%a13]192,%d2
 215              	.LBE94:
 641:../Libraries/iLLD/TC4xx/Tricore/Msc/Msc/IfxMsc_Msc.c ****     }
 642:../Libraries/iLLD/TC4xx/Tricore/Msc/Msc/IfxMsc_Msc.c **** }
 216              	 .loc 1 642 1
 217 004c 0090     	 ret 
 218              	.LFE343:
 220              	 .global IfxMsc_Msc_initializeAbra_end
 221              	IfxMsc_Msc_initializeAbra_end:
 222              	 .section .text.IfxMsc_Msc_initializeDataExtension,"ax",@progbits
 223              	 .align 1
 224              	 .global IfxMsc_Msc_initializeDataExtension
 226              	IfxMsc_Msc_initializeDataExtension:
 227              	.LFB344:
 643:../Libraries/iLLD/TC4xx/Tricore/Msc/Msc/IfxMsc_Msc.c **** 
 644:../Libraries/iLLD/TC4xx/Tricore/Msc/Msc/IfxMsc_Msc.c **** 
 645:../Libraries/iLLD/TC4xx/Tricore/Msc/Msc/IfxMsc_Msc.c **** void IfxMsc_Msc_initializeDataExtension(IfxMsc_Msc *msc, const IfxMsc_Msc_Config *config)
 646:../Libraries/iLLD/TC4xx/Tricore/Msc/Msc/IfxMsc_Msc.c **** {
 228              	 .loc 1 646 1 is_stmt 1
 229              	.LVL16:
 230 0000 40AE     	 mov.aa %a14,%SP
 231              	.LCFI4:
 647:../Libraries/iLLD/TC4xx/Tricore/Msc/Msc/IfxMsc_Msc.c ****     Ifx_MSC *mscSfr = msc->msc;
 232              	 .loc 1 647 5
 233              	 .loc 1 647 14 is_stmt 0
 234 0002 D442     	 ld.a %a2,[%a4]0
 235              	.LVL17:
 236              	.LBB95:
 648:../Libraries/iLLD/TC4xx/Tricore/Msc/Msc/IfxMsc_Msc.c **** 
 649:../Libraries/iLLD/TC4xx/Tricore/Msc/Msc/IfxMsc_Msc.c ****     /* Configure the number of SRHE, SRLE Bits transmitted and Extension Enable */
 650:../Libraries/iLLD/TC4xx/Tricore/Msc/Msc/IfxMsc_Msc.c ****     {
 651:../Libraries/iLLD/TC4xx/Tricore/Msc/Msc/IfxMsc_Msc.c ****         Ifx_MSC_DSCE dsce;
 237              	 .loc 1 651 9 is_stmt 1
 652:../Libraries/iLLD/TC4xx/Tricore/Msc/Msc/IfxMsc_Msc.c **** 
 653:../Libraries/iLLD/TC4xx/Tricore/Msc/Msc/IfxMsc_Msc.c ****         /* Read the DSCE register content */
 654:../Libraries/iLLD/TC4xx/Tricore/Msc/Msc/IfxMsc_Msc.c ****         dsce.U         = mscSfr->DSCE.U;
 238              	 .loc 1 654 9
 239              	 .loc 1 654 38 is_stmt 0
 240 0004 19221820 	 ld.w %d2,[%a2]152
 655:../Libraries/iLLD/TC4xx/Tricore/Msc/Msc/IfxMsc_Msc.c ****         /* Extension Enable */
 656:../Libraries/iLLD/TC4xx/Tricore/Msc/Msc/IfxMsc_Msc.c ****         dsce.B.EXEN    = config->downstreamExtensionConfig.extension;
 241              	 .loc 1 656 9 is_stmt 1
 242              	 .loc 1 656 59 is_stmt 0
 243 0008 19531830 	 ld.w %d3,[%a5]216
 244              	 .loc 1 656 24
 245 000c 67320E20 	 ins.t %d2,%d2,14,%d3,0
 246              	.LVL18:
 657:../Libraries/iLLD/TC4xx/Tricore/Msc/Msc/IfxMsc_Msc.c ****         /* Configure the number of SRLE Bits transmitted */
 658:../Libraries/iLLD/TC4xx/Tricore/Msc/Msc/IfxMsc_Msc.c ****         dsce.B.NDBLE   = config->downstreamExtensionConfig.srlBitsShiftedAtDataFramesExtension;
 247              	 .loc 1 658 9 is_stmt 1
 248              	 .loc 1 658 59 is_stmt 0
 249 0010 19531C30 	 ld.w %d3,[%a5]220
 250              	 .loc 1 658 24
 251 0014 67320120 	 ins.t %d2,%d2,1,%d3,0
 659:../Libraries/iLLD/TC4xx/Tricore/Msc/Msc/IfxMsc_Msc.c ****         /* Configure the number of SRHE Bits transmitted */
 660:../Libraries/iLLD/TC4xx/Tricore/Msc/Msc/IfxMsc_Msc.c ****         dsce.B.NDBHE   = config->downstreamExtensionConfig.srhBitsShiftedAtDataFramesExtension;
 252              	 .loc 1 660 9 is_stmt 1
 253              	 .loc 1 660 59 is_stmt 0
 254 0018 19532030 	 ld.w %d3,[%a5]224
 255              	 .loc 1 660 24
 256 001c 67320020 	 ins.t %d2,%d2,0,%d3,0
 661:../Libraries/iLLD/TC4xx/Tricore/Msc/Msc/IfxMsc_Msc.c **** 
 662:../Libraries/iLLD/TC4xx/Tricore/Msc/Msc/IfxMsc_Msc.c ****         mscSfr->DSCE.U = dsce.U;
 257              	 .loc 1 662 9 is_stmt 1
 258              	 .loc 1 662 24 is_stmt 0
 259 0020 59221820 	 st.w [%a2]152,%d2
 260              	.LBE95:
 663:../Libraries/iLLD/TC4xx/Tricore/Msc/Msc/IfxMsc_Msc.c ****     }
 664:../Libraries/iLLD/TC4xx/Tricore/Msc/Msc/IfxMsc_Msc.c **** 
 665:../Libraries/iLLD/TC4xx/Tricore/Msc/Msc/IfxMsc_Msc.c ****     /* Select Source for SRLE */
 666:../Libraries/iLLD/TC4xx/Tricore/Msc/Msc/IfxMsc_Msc.c ****     mscSfr->DSDSLE.U = config->downstreamExtensionConfig.downstreamExtensionDataSourcesLow;
 261              	 .loc 1 666 5 is_stmt 1
 262              	 .loc 1 666 22 is_stmt 0
 263 0024 19522430 	 ld.w %d2,[%a5]228
 264              	.LVL19:
 265 0028 59222020 	 st.w [%a2]160,%d2
 667:../Libraries/iLLD/TC4xx/Tricore/Msc/Msc/IfxMsc_Msc.c **** 
 668:../Libraries/iLLD/TC4xx/Tricore/Msc/Msc/IfxMsc_Msc.c ****     /* Select Source for SRHE */
 669:../Libraries/iLLD/TC4xx/Tricore/Msc/Msc/IfxMsc_Msc.c ****     mscSfr->DSDSHE.U = config->downstreamExtensionConfig.downstreamExtensionDataSourcesHigh;
 266              	 .loc 1 669 5 is_stmt 1
 267              	 .loc 1 669 22 is_stmt 0
 268 002c 19522830 	 ld.w %d2,[%a5]232
 269 0030 59222420 	 st.w [%a2]164,%d2
 670:../Libraries/iLLD/TC4xx/Tricore/Msc/Msc/IfxMsc_Msc.c **** 
 671:../Libraries/iLLD/TC4xx/Tricore/Msc/Msc/IfxMsc_Msc.c ****     /* Emergency Stop Enable for Bit */
 672:../Libraries/iLLD/TC4xx/Tricore/Msc/Msc/IfxMsc_Msc.c ****     mscSfr->ESRE.U = config->downstreamExtensionConfig.emergencyStopExtensionEnableBits;
 270              	 .loc 1 672 5 is_stmt 1
 271              	 .loc 1 672 20 is_stmt 0
 272 0034 19522C30 	 ld.w %d2,[%a5]236
 273 0038 59222820 	 st.w [%a2]168,%d2
 274              	.LBB96:
 673:../Libraries/iLLD/TC4xx/Tricore/Msc/Msc/IfxMsc_Msc.c **** 
 674:../Libraries/iLLD/TC4xx/Tricore/Msc/Msc/IfxMsc_Msc.c ****     /* Passive Phase Length at Data and Control Frames Extension */
 675:../Libraries/iLLD/TC4xx/Tricore/Msc/Msc/IfxMsc_Msc.c ****     {
 676:../Libraries/iLLD/TC4xx/Tricore/Msc/Msc/IfxMsc_Msc.c ****         Ifx_MSC_DSTE dste;
 275              	 .loc 1 676 9 is_stmt 1
 677:../Libraries/iLLD/TC4xx/Tricore/Msc/Msc/IfxMsc_Msc.c **** 
 678:../Libraries/iLLD/TC4xx/Tricore/Msc/Msc/IfxMsc_Msc.c ****         /* Read the DSTE register content */
 679:../Libraries/iLLD/TC4xx/Tricore/Msc/Msc/IfxMsc_Msc.c ****         dste.U         = mscSfr->DSTE.U;
 276              	 .loc 1 679 9
 277              	 .loc 1 679 38 is_stmt 0
 278 003c 19222C20 	 ld.w %d2,[%a2]172
 680:../Libraries/iLLD/TC4xx/Tricore/Msc/Msc/IfxMsc_Msc.c ****         /* Passive Phase Length at Control Frames Extension */
 681:../Libraries/iLLD/TC4xx/Tricore/Msc/Msc/IfxMsc_Msc.c ****         dste.B.PPCE    = config->downstreamExtensionConfig.controlFrameExtensionPassivePhaseLength;
 279              	 .loc 1 681 9 is_stmt 1
 280              	 .loc 1 681 59 is_stmt 0
 281 0040 19533430 	 ld.w %d3,[%a5]244
 282              	 .loc 1 681 24
 283 0044 37320621 	 insert %d2,%d2,%d3,2,6
 284              	.LVL20:
 682:../Libraries/iLLD/TC4xx/Tricore/Msc/Msc/IfxMsc_Msc.c ****         /* Passive Phase Length at Data Frames Extension */
 683:../Libraries/iLLD/TC4xx/Tricore/Msc/Msc/IfxMsc_Msc.c ****         dste.B.PPDE    = config->downstreamExtensionConfig.dataFrameExtensionPassivePhaseLength;
 285              	 .loc 1 683 9 is_stmt 1
 286              	 .loc 1 683 59 is_stmt 0
 287 0048 19533030 	 ld.w %d3,[%a5]240
 288              	 .loc 1 683 24
 289 004c 37320220 	 insert %d2,%d2,%d3,0,2
 684:../Libraries/iLLD/TC4xx/Tricore/Msc/Msc/IfxMsc_Msc.c ****         /* N Divider for Downstream */
 685:../Libraries/iLLD/TC4xx/Tricore/Msc/Msc/IfxMsc_Msc.c ****         dste.B.NDD     = config->downstreamExtensionConfig.nDividerDownstream;
 290              	 .loc 1 685 9 is_stmt 1
 291              	 .loc 1 685 59 is_stmt 0
 292 0050 19533830 	 ld.w %d3,[%a5]248
 293              	 .loc 1 685 24
 294 0054 37320424 	 insert %d2,%d2,%d3,8,4
 686:../Libraries/iLLD/TC4xx/Tricore/Msc/Msc/IfxMsc_Msc.c **** 
 687:../Libraries/iLLD/TC4xx/Tricore/Msc/Msc/IfxMsc_Msc.c ****         mscSfr->DSTE.U = dste.U;
 295              	 .loc 1 687 9 is_stmt 1
 296              	 .loc 1 687 24 is_stmt 0
 297 0058 59222C20 	 st.w [%a2]172,%d2
 298              	.LBE96:
 688:../Libraries/iLLD/TC4xx/Tricore/Msc/Msc/IfxMsc_Msc.c ****     }
 689:../Libraries/iLLD/TC4xx/Tricore/Msc/Msc/IfxMsc_Msc.c **** }
 299              	 .loc 1 689 1
 300 005c 0090     	 ret 
 301              	.LFE344:
 303              	 .global IfxMsc_Msc_initializeDataExtension_end
 304              	IfxMsc_Msc_initializeDataExtension_end:
 305              	 .section .text.IfxMsc_Msc_receiveData,"ax",@progbits
 306              	 .align 1
 307              	 .global IfxMsc_Msc_receiveData
 309              	IfxMsc_Msc_receiveData:
 310              	.LFB345:
 690:../Libraries/iLLD/TC4xx/Tricore/Msc/Msc/IfxMsc_Msc.c **** 
 691:../Libraries/iLLD/TC4xx/Tricore/Msc/Msc/IfxMsc_Msc.c **** 
 692:../Libraries/iLLD/TC4xx/Tricore/Msc/Msc/IfxMsc_Msc.c **** uint32 IfxMsc_Msc_receiveData(IfxMsc_Msc *msc, uint8 upstreamIdx)
 693:../Libraries/iLLD/TC4xx/Tricore/Msc/Msc/IfxMsc_Msc.c **** {
 311              	 .loc 1 693 1 is_stmt 1
 312              	.LVL21:
 313 0000 40AE     	 mov.aa %a14,%SP
 314              	.LCFI5:
 315 0002 8FF40F31 	 and %d3,%d4,255
 694:../Libraries/iLLD/TC4xx/Tricore/Msc/Msc/IfxMsc_Msc.c ****     Ifx_MSC *mscSfr = msc->msc;
 316              	 .loc 1 694 5
 317              	 .loc 1 694 14 is_stmt 0
 318 0006 5444     	 ld.w %d4,[%a4]0
 319              	.LVL22:
 695:../Libraries/iLLD/TC4xx/Tricore/Msc/Msc/IfxMsc_Msc.c ****     uint16   data   = 0;
 320              	 .loc 1 695 5 is_stmt 1
 696:../Libraries/iLLD/TC4xx/Tricore/Msc/Msc/IfxMsc_Msc.c **** 
 697:../Libraries/iLLD/TC4xx/Tricore/Msc/Msc/IfxMsc_Msc.c ****     /* Check for valid flag */
 698:../Libraries/iLLD/TC4xx/Tricore/Msc/Msc/IfxMsc_Msc.c ****     if (!IfxMsc_getUpstreamValidFlag(mscSfr, upstreamIdx))
 321              	 .loc 1 698 5
 322              	.LBB97:
 323              	.LBB98:
1944:../Libraries/iLLD/TC4xx/Tricore/Msc/Std/IfxMsc.h **** }
1945:../Libraries/iLLD/TC4xx/Tricore/Msc/Std/IfxMsc.h **** 
1946:../Libraries/iLLD/TC4xx/Tricore/Msc/Std/IfxMsc.h **** 
1947:../Libraries/iLLD/TC4xx/Tricore/Msc/Std/IfxMsc.h **** IFX_INLINE boolean IfxMsc_getDownStreamExtension(Ifx_MSC *msc)
1948:../Libraries/iLLD/TC4xx/Tricore/Msc/Std/IfxMsc.h **** {
1949:../Libraries/iLLD/TC4xx/Tricore/Msc/Std/IfxMsc.h ****     return msc->DSCE.B.EXEN;
1950:../Libraries/iLLD/TC4xx/Tricore/Msc/Std/IfxMsc.h **** }
1951:../Libraries/iLLD/TC4xx/Tricore/Msc/Std/IfxMsc.h **** 
1952:../Libraries/iLLD/TC4xx/Tricore/Msc/Std/IfxMsc.h **** 
1953:../Libraries/iLLD/TC4xx/Tricore/Msc/Std/IfxMsc.h **** IFX_INLINE boolean IfxMsc_getRecieveDataInterruptFlag(Ifx_MSC *msc)
1954:../Libraries/iLLD/TC4xx/Tricore/Msc/Std/IfxMsc.h **** {
1955:../Libraries/iLLD/TC4xx/Tricore/Msc/Std/IfxMsc.h ****     return msc->ISR.B.URDI;
1956:../Libraries/iLLD/TC4xx/Tricore/Msc/Std/IfxMsc.h **** }
1957:../Libraries/iLLD/TC4xx/Tricore/Msc/Std/IfxMsc.h **** 
1958:../Libraries/iLLD/TC4xx/Tricore/Msc/Std/IfxMsc.h **** 
1959:../Libraries/iLLD/TC4xx/Tricore/Msc/Std/IfxMsc.h **** IFX_INLINE volatile Ifx_SRC_SRCR *IfxMsc_getSrcPointer(Ifx_MSC *msc, IfxMsc_InterruptServiceRequest
1960:../Libraries/iLLD/TC4xx/Tricore/Msc/Std/IfxMsc.h **** {
1961:../Libraries/iLLD/TC4xx/Tricore/Msc/Std/IfxMsc.h ****     IfxMsc_Index           mscIndex;
1962:../Libraries/iLLD/TC4xx/Tricore/Msc/Std/IfxMsc.h ****     volatile Ifx_SRC_SRCR *src;
1963:../Libraries/iLLD/TC4xx/Tricore/Msc/Std/IfxMsc.h ****     mscIndex = IfxMsc_getIndex(msc);
1964:../Libraries/iLLD/TC4xx/Tricore/Msc/Std/IfxMsc.h ****     src      = &MODULE_SRC.MSC[mscIndex].SR[intRequest];
1965:../Libraries/iLLD/TC4xx/Tricore/Msc/Std/IfxMsc.h ****     return src;
1966:../Libraries/iLLD/TC4xx/Tricore/Msc/Std/IfxMsc.h **** }
1967:../Libraries/iLLD/TC4xx/Tricore/Msc/Std/IfxMsc.h **** 
1968:../Libraries/iLLD/TC4xx/Tricore/Msc/Std/IfxMsc.h **** 
1969:../Libraries/iLLD/TC4xx/Tricore/Msc/Std/IfxMsc.h **** IFX_INLINE uint32 IfxMsc_getUpstreamData(Ifx_MSC *msc, uint8 upstreamIdx)
1970:../Libraries/iLLD/TC4xx/Tricore/Msc/Std/IfxMsc.h **** {
1971:../Libraries/iLLD/TC4xx/Tricore/Msc/Std/IfxMsc.h ****     return msc->UD[upstreamIdx].U;
1972:../Libraries/iLLD/TC4xx/Tricore/Msc/Std/IfxMsc.h **** }
1973:../Libraries/iLLD/TC4xx/Tricore/Msc/Std/IfxMsc.h **** 
1974:../Libraries/iLLD/TC4xx/Tricore/Msc/Std/IfxMsc.h **** 
1975:../Libraries/iLLD/TC4xx/Tricore/Msc/Std/IfxMsc.h **** IFX_INLINE boolean IfxMsc_getUpstreamParityErrorFlag(Ifx_MSC *msc, uint8 upstreamIdx)
1976:../Libraries/iLLD/TC4xx/Tricore/Msc/Std/IfxMsc.h **** {
1977:../Libraries/iLLD/TC4xx/Tricore/Msc/Std/IfxMsc.h ****     return msc->UD[upstreamIdx].B.PERR;
1978:../Libraries/iLLD/TC4xx/Tricore/Msc/Std/IfxMsc.h **** }
1979:../Libraries/iLLD/TC4xx/Tricore/Msc/Std/IfxMsc.h **** 
1980:../Libraries/iLLD/TC4xx/Tricore/Msc/Std/IfxMsc.h **** 
1981:../Libraries/iLLD/TC4xx/Tricore/Msc/Std/IfxMsc.h **** IFX_INLINE boolean IfxMsc_getUpstreamTimeoutFlag(Ifx_MSC *msc)
1982:../Libraries/iLLD/TC4xx/Tricore/Msc/Std/IfxMsc.h **** {
1983:../Libraries/iLLD/TC4xx/Tricore/Msc/Std/IfxMsc.h ****     return msc->USCE.B.USTF;
1984:../Libraries/iLLD/TC4xx/Tricore/Msc/Std/IfxMsc.h **** }
1985:../Libraries/iLLD/TC4xx/Tricore/Msc/Std/IfxMsc.h **** 
1986:../Libraries/iLLD/TC4xx/Tricore/Msc/Std/IfxMsc.h **** 
1987:../Libraries/iLLD/TC4xx/Tricore/Msc/Std/IfxMsc.h **** IFX_INLINE boolean IfxMsc_getUpstreamValidFlag(Ifx_MSC *msc, uint8 upstreamIdx)
1988:../Libraries/iLLD/TC4xx/Tricore/Msc/Std/IfxMsc.h **** {
1989:../Libraries/iLLD/TC4xx/Tricore/Msc/Std/IfxMsc.h ****     boolean flag = 0;
 324              	 .loc 2 1989 5
1990:../Libraries/iLLD/TC4xx/Tricore/Msc/Std/IfxMsc.h **** 
1991:../Libraries/iLLD/TC4xx/Tricore/Msc/Std/IfxMsc.h ****     flag = msc->UD[upstreamIdx].B.V;
 325              	 .loc 2 1991 5
 326              	 .loc 2 1991 34 is_stmt 0
 327 0008 1BC30120 	 addi %d2,%d3,28
 328 000c 0622     	 sh %d2,2
 329 000e 6042     	 mov.a %a2,%d4
 330 0010 01220026 	 addsc.a %a2,%a2,%d2,0
 331 0014 5422     	 ld.w %d2,[%a2]0
 332              	.LVL23:
1992:../Libraries/iLLD/TC4xx/Tricore/Msc/Std/IfxMsc.h **** 
1993:../Libraries/iLLD/TC4xx/Tricore/Msc/Std/IfxMsc.h ****     return flag;
 333              	 .loc 2 1993 5 is_stmt 1
 334              	.LBE98:
 335              	.LBE97:
 336              	 .loc 1 698 8 is_stmt 0
 337 0016 EF020000 	 jz.t %d2,16,.L12
 699:../Libraries/iLLD/TC4xx/Tricore/Msc/Msc/IfxMsc_Msc.c ****     {
 700:../Libraries/iLLD/TC4xx/Tricore/Msc/Msc/IfxMsc_Msc.c ****         return (uint32)0xFFFFFFFF;
 701:../Libraries/iLLD/TC4xx/Tricore/Msc/Msc/IfxMsc_Msc.c ****     }
 702:../Libraries/iLLD/TC4xx/Tricore/Msc/Msc/IfxMsc_Msc.c **** 
 703:../Libraries/iLLD/TC4xx/Tricore/Msc/Msc/IfxMsc_Msc.c ****     /* Clear the flag */
 704:../Libraries/iLLD/TC4xx/Tricore/Msc/Msc/IfxMsc_Msc.c ****     IfxMsc_clearUpstreamValidFlag(mscSfr, upstreamIdx);
 338              	 .loc 1 704 5 is_stmt 1
 339              	.LVL24:
 340              	.LBB99:
 341              	.LBB100:
1895:../Libraries/iLLD/TC4xx/Tricore/Msc/Std/IfxMsc.h **** }
 342              	 .loc 2 1895 5
1895:../Libraries/iLLD/TC4xx/Tricore/Msc/Std/IfxMsc.h **** }
 343              	 .loc 2 1895 30 is_stmt 0
 344 001a 1BC30120 	 addi %d2,%d3,28
 345 001e 0622     	 sh %d2,2
 346 0020 6042     	 mov.a %a2,%d4
 347 0022 01220026 	 addsc.a %a2,%a2,%d2,0
 348 0026 5422     	 ld.w %d2,[%a2]0
 349 0028 B7120129 	 insert %d2,%d2,1,18,1
 350 002c 7422     	 st.w [%a2]0,%d2
 351              	.LVL25:
 352              	.LBE100:
 353              	.LBE99:
 705:../Libraries/iLLD/TC4xx/Tricore/Msc/Msc/IfxMsc_Msc.c **** 
 706:../Libraries/iLLD/TC4xx/Tricore/Msc/Msc/IfxMsc_Msc.c ****     /* Read the data */
 707:../Libraries/iLLD/TC4xx/Tricore/Msc/Msc/IfxMsc_Msc.c ****     data = IfxMsc_getData(mscSfr, upstreamIdx);
 354              	 .loc 1 707 5 is_stmt 1
 355              	.LBB101:
 356              	.LBB102:
1925:../Libraries/iLLD/TC4xx/Tricore/Msc/Std/IfxMsc.h **** 
 357              	 .loc 2 1925 5
1927:../Libraries/iLLD/TC4xx/Tricore/Msc/Std/IfxMsc.h **** 
 358              	 .loc 2 1927 5
1927:../Libraries/iLLD/TC4xx/Tricore/Msc/Std/IfxMsc.h **** 
 359              	 .loc 2 1927 34 is_stmt 0
 360 002e 5422     	 ld.w %d2,[%a2]0
 361 0030 8FF20F21 	 and %d2,%d2,255
 362              	.LVL26:
1929:../Libraries/iLLD/TC4xx/Tricore/Msc/Std/IfxMsc.h **** }
 363              	 .loc 2 1929 5 is_stmt 1
 364              	.LBE102:
 365              	.LBE101:
 708:../Libraries/iLLD/TC4xx/Tricore/Msc/Msc/IfxMsc_Msc.c **** 
 709:../Libraries/iLLD/TC4xx/Tricore/Msc/Msc/IfxMsc_Msc.c ****     return data;
 366              	 .loc 1 709 5
 367              	 .loc 1 709 12 is_stmt 0
 368 0034 0090     	 ret 
 369              	.LVL27:
 370              	.L12:
 700:../Libraries/iLLD/TC4xx/Tricore/Msc/Msc/IfxMsc_Msc.c ****     }
 371              	 .loc 1 700 16
 372 0036 82F2     	 mov %d2,-1
 710:../Libraries/iLLD/TC4xx/Tricore/Msc/Msc/IfxMsc_Msc.c **** }
 373              	 .loc 1 710 1
 374 0038 0090     	 ret 
 375              	.LFE345:
 377              	 .global IfxMsc_Msc_receiveData_end
 378              	IfxMsc_Msc_receiveData_end:
 379              	 .section .text.IfxMsc_Msc_sendCommand,"ax",@progbits
 380              	 .align 1
 381              	 .global IfxMsc_Msc_sendCommand
 383              	IfxMsc_Msc_sendCommand:
 384              	.LFB346:
 711:../Libraries/iLLD/TC4xx/Tricore/Msc/Msc/IfxMsc_Msc.c **** 
 712:../Libraries/iLLD/TC4xx/Tricore/Msc/Msc/IfxMsc_Msc.c **** 
 713:../Libraries/iLLD/TC4xx/Tricore/Msc/Msc/IfxMsc_Msc.c **** void IfxMsc_Msc_sendCommand(IfxMsc_Msc *msc, uint32 command)
 714:../Libraries/iLLD/TC4xx/Tricore/Msc/Msc/IfxMsc_Msc.c **** {
 385              	 .loc 1 714 1 is_stmt 1
 386              	.LVL28:
 387 0000 40AE     	 mov.aa %a14,%SP
 388              	.LCFI6:
 715:../Libraries/iLLD/TC4xx/Tricore/Msc/Msc/IfxMsc_Msc.c ****     Ifx_MSC *mscSfr = msc->msc;
 389              	 .loc 1 715 5
 390              	 .loc 1 715 14 is_stmt 0
 391 0002 D442     	 ld.a %a2,[%a4]0
 392              	.LVL29:
 716:../Libraries/iLLD/TC4xx/Tricore/Msc/Msc/IfxMsc_Msc.c **** 
 717:../Libraries/iLLD/TC4xx/Tricore/Msc/Msc/IfxMsc_Msc.c ****     /* Downstream command */
 718:../Libraries/iLLD/TC4xx/Tricore/Msc/Msc/IfxMsc_Msc.c ****     mscSfr->DC.U = command;
 393              	 .loc 1 718 5 is_stmt 1
 394              	 .loc 1 718 18 is_stmt 0
 395 0004 59241410 	 st.w [%a2]84,%d4
 719:../Libraries/iLLD/TC4xx/Tricore/Msc/Msc/IfxMsc_Msc.c **** }
 396              	 .loc 1 719 1
 397 0008 0090     	 ret 
 398              	.LFE346:
 400              	 .global IfxMsc_Msc_sendCommand_end
 401              	IfxMsc_Msc_sendCommand_end:
 402              	 .section .text.IfxMsc_Msc_sendData,"ax",@progbits
 403              	 .align 1
 404              	 .global IfxMsc_Msc_sendData
 406              	IfxMsc_Msc_sendData:
 407              	.LFB347:
 720:../Libraries/iLLD/TC4xx/Tricore/Msc/Msc/IfxMsc_Msc.c **** 
 721:../Libraries/iLLD/TC4xx/Tricore/Msc/Msc/IfxMsc_Msc.c **** 
 722:../Libraries/iLLD/TC4xx/Tricore/Msc/Msc/IfxMsc_Msc.c **** void IfxMsc_Msc_sendData(IfxMsc_Msc *msc, uint16 dataLow, uint16 dataHigh)
 723:../Libraries/iLLD/TC4xx/Tricore/Msc/Msc/IfxMsc_Msc.c **** {
 408              	 .loc 1 723 1 is_stmt 1
 409              	.LVL30:
 410 0000 40AE     	 mov.aa %a14,%SP
 411              	.LCFI7:
 724:../Libraries/iLLD/TC4xx/Tricore/Msc/Msc/IfxMsc_Msc.c ****     Ifx_MSC *mscSfr = msc->msc;
 412              	 .loc 1 724 5
 413              	 .loc 1 724 14 is_stmt 0
 414 0002 D442     	 ld.a %a2,[%a4]0
 415              	.LVL31:
 416              	.LBB103:
 725:../Libraries/iLLD/TC4xx/Tricore/Msc/Msc/IfxMsc_Msc.c **** 
 726:../Libraries/iLLD/TC4xx/Tricore/Msc/Msc/IfxMsc_Msc.c ****     {
 727:../Libraries/iLLD/TC4xx/Tricore/Msc/Msc/IfxMsc_Msc.c ****         Ifx_MSC_DD dd;
 417              	 .loc 1 727 9 is_stmt 1
 728:../Libraries/iLLD/TC4xx/Tricore/Msc/Msc/IfxMsc_Msc.c ****         dd.B.DDL = dataLow;
 418              	 .loc 1 728 9
 419              	 .loc 1 728 18 is_stmt 0
 420 0004 8202     	 mov %d2,0
 421              	.LVL32:
 422 0006 37421020 	 insert %d2,%d2,%d4,0,16
 423              	.LVL33:
 729:../Libraries/iLLD/TC4xx/Tricore/Msc/Msc/IfxMsc_Msc.c ****         dd.B.DDH = dataHigh;
 424              	 .loc 1 729 9 is_stmt 1
 425              	 .loc 1 729 18 is_stmt 0
 426 000a 37521028 	 insert %d2,%d2,%d5,16,16
 730:../Libraries/iLLD/TC4xx/Tricore/Msc/Msc/IfxMsc_Msc.c **** 
 731:../Libraries/iLLD/TC4xx/Tricore/Msc/Msc/IfxMsc_Msc.c ****         /* Downstream Data */
 732:../Libraries/iLLD/TC4xx/Tricore/Msc/Msc/IfxMsc_Msc.c ****         mscSfr->DD.U = dd.U;
 427              	 .loc 1 732 9 is_stmt 1
 428              	 .loc 1 732 22 is_stmt 0
 429 000e 59221010 	 st.w [%a2]80,%d2
 430              	.LBE103:
 733:../Libraries/iLLD/TC4xx/Tricore/Msc/Msc/IfxMsc_Msc.c ****     }
 734:../Libraries/iLLD/TC4xx/Tricore/Msc/Msc/IfxMsc_Msc.c **** 
 735:../Libraries/iLLD/TC4xx/Tricore/Msc/Msc/IfxMsc_Msc.c ****     /* Send data */
 736:../Libraries/iLLD/TC4xx/Tricore/Msc/Msc/IfxMsc_Msc.c ****     mscSfr->ISC.B.SDP = 1;
 431              	 .loc 1 736 5 is_stmt 1
 432              	 .loc 1 736 23 is_stmt 0
 433 0012 D9230820 	 lea %a3,[%a2]136
 434 0016 19220820 	 ld.w %d2,[%a2]136
 435              	.LVL34:
 436 001a B712012A 	 insert %d2,%d2,1,20,1
 437 001e 7432     	 st.w [%a3]0,%d2
 737:../Libraries/iLLD/TC4xx/Tricore/Msc/Msc/IfxMsc_Msc.c **** }
 438              	 .loc 1 737 1
 439 0020 0090     	 ret 
 440              	.LFE347:
 442              	 .global IfxMsc_Msc_sendData_end
 443              	IfxMsc_Msc_sendData_end:
 444              	 .section .text.IfxMsc_Msc_sendDataExtension,"ax",@progbits
 445              	 .align 1
 446              	 .global IfxMsc_Msc_sendDataExtension
 448              	IfxMsc_Msc_sendDataExtension:
 449              	.LFB348:
 738:../Libraries/iLLD/TC4xx/Tricore/Msc/Msc/IfxMsc_Msc.c **** 
 739:../Libraries/iLLD/TC4xx/Tricore/Msc/Msc/IfxMsc_Msc.c **** 
 740:../Libraries/iLLD/TC4xx/Tricore/Msc/Msc/IfxMsc_Msc.c **** void IfxMsc_Msc_sendDataExtension(IfxMsc_Msc *msc, uint32 data, uint32 dataExtension)
 741:../Libraries/iLLD/TC4xx/Tricore/Msc/Msc/IfxMsc_Msc.c **** {
 450              	 .loc 1 741 1 is_stmt 1
 451              	.LVL35:
 452 0000 40AE     	 mov.aa %a14,%SP
 453              	.LCFI8:
 742:../Libraries/iLLD/TC4xx/Tricore/Msc/Msc/IfxMsc_Msc.c ****     Ifx_MSC *mscSfr = msc->msc;
 454              	 .loc 1 742 5
 455              	 .loc 1 742 14 is_stmt 0
 456 0002 D442     	 ld.a %a2,[%a4]0
 457              	.LVL36:
 743:../Libraries/iLLD/TC4xx/Tricore/Msc/Msc/IfxMsc_Msc.c **** 
 744:../Libraries/iLLD/TC4xx/Tricore/Msc/Msc/IfxMsc_Msc.c ****     /* Downstream Data (mirror) + extension */
 745:../Libraries/iLLD/TC4xx/Tricore/Msc/Msc/IfxMsc_Msc.c ****     mscSfr->DDE.U = dataExtension;
 458              	 .loc 1 745 5 is_stmt 1
 459              	 .loc 1 745 19 is_stmt 0
 460 0004 59253420 	 st.w [%a2]180,%d5
 746:../Libraries/iLLD/TC4xx/Tricore/Msc/Msc/IfxMsc_Msc.c ****     mscSfr->DDM.U = data;
 461              	 .loc 1 746 5 is_stmt 1
 462              	 .loc 1 746 19 is_stmt 0
 463 0008 59243020 	 st.w [%a2]176,%d4
 747:../Libraries/iLLD/TC4xx/Tricore/Msc/Msc/IfxMsc_Msc.c **** 
 748:../Libraries/iLLD/TC4xx/Tricore/Msc/Msc/IfxMsc_Msc.c ****     /* Send data */
 749:../Libraries/iLLD/TC4xx/Tricore/Msc/Msc/IfxMsc_Msc.c ****     mscSfr->ISC.B.SDP = 1;
 464              	 .loc 1 749 5 is_stmt 1
 465              	 .loc 1 749 23 is_stmt 0
 466 000c D9230820 	 lea %a3,[%a2]136
 467 0010 19220820 	 ld.w %d2,[%a2]136
 468 0014 B712012A 	 insert %d2,%d2,1,20,1
 469 0018 7432     	 st.w [%a3]0,%d2
 750:../Libraries/iLLD/TC4xx/Tricore/Msc/Msc/IfxMsc_Msc.c **** }
 470              	 .loc 1 750 1
 471 001a 0090     	 ret 
 472              	.LFE348:
 474              	 .global IfxMsc_Msc_sendDataExtension_end
 475              	IfxMsc_Msc_sendDataExtension_end:
 476              	 .section .text.IfxMsc_Msc_sendDataHigh,"ax",@progbits
 477              	 .align 1
 478              	 .global IfxMsc_Msc_sendDataHigh
 480              	IfxMsc_Msc_sendDataHigh:
 481              	.LFB349:
 751:../Libraries/iLLD/TC4xx/Tricore/Msc/Msc/IfxMsc_Msc.c **** 
 752:../Libraries/iLLD/TC4xx/Tricore/Msc/Msc/IfxMsc_Msc.c **** 
 753:../Libraries/iLLD/TC4xx/Tricore/Msc/Msc/IfxMsc_Msc.c **** void IfxMsc_Msc_sendDataHigh(IfxMsc_Msc *msc, uint16 data)
 754:../Libraries/iLLD/TC4xx/Tricore/Msc/Msc/IfxMsc_Msc.c **** {
 482              	 .loc 1 754 1 is_stmt 1
 483              	.LVL37:
 484 0000 40AE     	 mov.aa %a14,%SP
 485              	.LCFI9:
 755:../Libraries/iLLD/TC4xx/Tricore/Msc/Msc/IfxMsc_Msc.c ****     Ifx_MSC *mscSfr = msc->msc;
 486              	 .loc 1 755 5
 487              	 .loc 1 755 14 is_stmt 0
 488 0002 D442     	 ld.a %a2,[%a4]0
 489              	.LVL38:
 756:../Libraries/iLLD/TC4xx/Tricore/Msc/Msc/IfxMsc_Msc.c **** 
 757:../Libraries/iLLD/TC4xx/Tricore/Msc/Msc/IfxMsc_Msc.c ****     /* Downstream Data High only */
 758:../Libraries/iLLD/TC4xx/Tricore/Msc/Msc/IfxMsc_Msc.c ****     mscSfr->DD.B.DDH = data;
 490              	 .loc 1 758 5 is_stmt 1
 491              	 .loc 1 758 22 is_stmt 0
 492 0004 D9231010 	 lea %a3,[%a2]80
 493 0008 19221010 	 ld.w %d2,[%a2]80
 494 000c 37421028 	 insert %d2,%d2,%d4,16,16
 495 0010 7432     	 st.w [%a3]0,%d2
 759:../Libraries/iLLD/TC4xx/Tricore/Msc/Msc/IfxMsc_Msc.c **** 
 760:../Libraries/iLLD/TC4xx/Tricore/Msc/Msc/IfxMsc_Msc.c ****     /* Send data */
 761:../Libraries/iLLD/TC4xx/Tricore/Msc/Msc/IfxMsc_Msc.c ****     mscSfr->ISC.B.SDP = 1;
 496              	 .loc 1 761 5 is_stmt 1
 497              	 .loc 1 761 23 is_stmt 0
 498 0012 D9230820 	 lea %a3,[%a2]136
 499 0016 19220820 	 ld.w %d2,[%a2]136
 500 001a B712012A 	 insert %d2,%d2,1,20,1
 501 001e 7432     	 st.w [%a3]0,%d2
 762:../Libraries/iLLD/TC4xx/Tricore/Msc/Msc/IfxMsc_Msc.c **** }
 502              	 .loc 1 762 1
 503 0020 0090     	 ret 
 504              	.LFE349:
 506              	 .global IfxMsc_Msc_sendDataHigh_end
 507              	IfxMsc_Msc_sendDataHigh_end:
 508              	 .section .text.IfxMsc_Msc_sendDataLow,"ax",@progbits
 509              	 .align 1
 510              	 .global IfxMsc_Msc_sendDataLow
 512              	IfxMsc_Msc_sendDataLow:
 513              	.LFB350:
 763:../Libraries/iLLD/TC4xx/Tricore/Msc/Msc/IfxMsc_Msc.c **** 
 764:../Libraries/iLLD/TC4xx/Tricore/Msc/Msc/IfxMsc_Msc.c **** 
 765:../Libraries/iLLD/TC4xx/Tricore/Msc/Msc/IfxMsc_Msc.c **** void IfxMsc_Msc_sendDataLow(IfxMsc_Msc *msc, uint16 data)
 766:../Libraries/iLLD/TC4xx/Tricore/Msc/Msc/IfxMsc_Msc.c **** {
 514              	 .loc 1 766 1 is_stmt 1
 515              	.LVL39:
 516 0000 40AE     	 mov.aa %a14,%SP
 517              	.LCFI10:
 767:../Libraries/iLLD/TC4xx/Tricore/Msc/Msc/IfxMsc_Msc.c ****     Ifx_MSC *mscSfr = msc->msc;
 518              	 .loc 1 767 5
 519              	 .loc 1 767 14 is_stmt 0
 520 0002 D442     	 ld.a %a2,[%a4]0
 521              	.LVL40:
 768:../Libraries/iLLD/TC4xx/Tricore/Msc/Msc/IfxMsc_Msc.c **** 
 769:../Libraries/iLLD/TC4xx/Tricore/Msc/Msc/IfxMsc_Msc.c ****     /* Downstream Data Low only */
 770:../Libraries/iLLD/TC4xx/Tricore/Msc/Msc/IfxMsc_Msc.c ****     mscSfr->DD.B.DDL = data;
 522              	 .loc 1 770 5 is_stmt 1
 523              	 .loc 1 770 22 is_stmt 0
 524 0004 D9231010 	 lea %a3,[%a2]80
 525 0008 19221010 	 ld.w %d2,[%a2]80
 526 000c 37421020 	 insert %d2,%d2,%d4,0,16
 527 0010 7432     	 st.w [%a3]0,%d2
 771:../Libraries/iLLD/TC4xx/Tricore/Msc/Msc/IfxMsc_Msc.c **** 
 772:../Libraries/iLLD/TC4xx/Tricore/Msc/Msc/IfxMsc_Msc.c ****     /* Send data */
 773:../Libraries/iLLD/TC4xx/Tricore/Msc/Msc/IfxMsc_Msc.c ****     mscSfr->ISC.B.SDP = 1;
 528              	 .loc 1 773 5 is_stmt 1
 529              	 .loc 1 773 23 is_stmt 0
 530 0012 D9230820 	 lea %a3,[%a2]136
 531 0016 19220820 	 ld.w %d2,[%a2]136
 532 001a B712012A 	 insert %d2,%d2,1,20,1
 533 001e 7432     	 st.w [%a3]0,%d2
 774:../Libraries/iLLD/TC4xx/Tricore/Msc/Msc/IfxMsc_Msc.c **** }
 534              	 .loc 1 774 1
 535 0020 0090     	 ret 
 536              	.LFE350:
 538              	 .global IfxMsc_Msc_sendDataLow_end
 539              	IfxMsc_Msc_sendDataLow_end:
 540              	 .section .text.IfxMsc_Msc_setCommandTarget,"ax",@progbits
 541              	 .align 1
 542              	 .global IfxMsc_Msc_setCommandTarget
 544              	IfxMsc_Msc_setCommandTarget:
 545              	.LFB351:
 775:../Libraries/iLLD/TC4xx/Tricore/Msc/Msc/IfxMsc_Msc.c **** 
 776:../Libraries/iLLD/TC4xx/Tricore/Msc/Msc/IfxMsc_Msc.c **** 
 777:../Libraries/iLLD/TC4xx/Tricore/Msc/Msc/IfxMsc_Msc.c **** void IfxMsc_Msc_setCommandTarget(IfxMsc_Msc *msc, IfxMsc_Target enX)
 778:../Libraries/iLLD/TC4xx/Tricore/Msc/Msc/IfxMsc_Msc.c **** {
 546              	 .loc 1 778 1 is_stmt 1
 547              	.LVL41:
 548 0000 40AE     	 mov.aa %a14,%SP
 549              	.LCFI11:
 779:../Libraries/iLLD/TC4xx/Tricore/Msc/Msc/IfxMsc_Msc.c ****     Ifx_MSC *mscSfr = msc->msc;
 550              	 .loc 1 779 5
 551              	 .loc 1 779 14 is_stmt 0
 552 0002 D442     	 ld.a %a2,[%a4]0
 553              	.LVL42:
 780:../Libraries/iLLD/TC4xx/Tricore/Msc/Msc/IfxMsc_Msc.c **** 
 781:../Libraries/iLLD/TC4xx/Tricore/Msc/Msc/IfxMsc_Msc.c ****     IfxMsc_setCommandTarget(mscSfr, enX);
 554              	 .loc 1 781 5 is_stmt 1
 555              	.LBB104:
 556              	.LBB105:
1994:../Libraries/iLLD/TC4xx/Tricore/Msc/Std/IfxMsc.h **** }
1995:../Libraries/iLLD/TC4xx/Tricore/Msc/Std/IfxMsc.h **** 
1996:../Libraries/iLLD/TC4xx/Tricore/Msc/Std/IfxMsc.h **** 
1997:../Libraries/iLLD/TC4xx/Tricore/Msc/Std/IfxMsc.h **** IFX_INLINE void IfxMsc_initEnPin(const IfxMsc_En_Out *en, IfxPort_OutputMode pinMode, IfxPort_PadDr
1998:../Libraries/iLLD/TC4xx/Tricore/Msc/Std/IfxMsc.h **** {
1999:../Libraries/iLLD/TC4xx/Tricore/Msc/Std/IfxMsc.h ****     if (en->pin.port != NULL_PTR)
2000:../Libraries/iLLD/TC4xx/Tricore/Msc/Std/IfxMsc.h ****     {
2001:../Libraries/iLLD/TC4xx/Tricore/Msc/Std/IfxMsc.h ****         IfxPort_setPinModeOutput(en->pin.port, en->pin.pinIndex, pinMode, en->select);
2002:../Libraries/iLLD/TC4xx/Tricore/Msc/Std/IfxMsc.h ****         IfxPort_setPinPadDriver(en->pin.port, en->pin.pinIndex, padDriver);
2003:../Libraries/iLLD/TC4xx/Tricore/Msc/Std/IfxMsc.h ****     }
2004:../Libraries/iLLD/TC4xx/Tricore/Msc/Std/IfxMsc.h **** }
2005:../Libraries/iLLD/TC4xx/Tricore/Msc/Std/IfxMsc.h **** 
2006:../Libraries/iLLD/TC4xx/Tricore/Msc/Std/IfxMsc.h **** 
2007:../Libraries/iLLD/TC4xx/Tricore/Msc/Std/IfxMsc.h **** IFX_INLINE void IfxMsc_initFclnPin(const IfxMsc_Fcln_Out *fcln, IfxPort_OutputMode pinMode, IfxPort
2008:../Libraries/iLLD/TC4xx/Tricore/Msc/Std/IfxMsc.h **** {
2009:../Libraries/iLLD/TC4xx/Tricore/Msc/Std/IfxMsc.h ****     if (fcln->pin.port != NULL_PTR)
2010:../Libraries/iLLD/TC4xx/Tricore/Msc/Std/IfxMsc.h ****     {
2011:../Libraries/iLLD/TC4xx/Tricore/Msc/Std/IfxMsc.h ****         IfxPort_setPinModeOutput(fcln->pin.port, fcln->pin.pinIndex, pinMode, fcln->select);
2012:../Libraries/iLLD/TC4xx/Tricore/Msc/Std/IfxMsc.h ****         IfxPort_setPinPadDriver(fcln->pin.port, fcln->pin.pinIndex, padDriver);
2013:../Libraries/iLLD/TC4xx/Tricore/Msc/Std/IfxMsc.h ****     }
2014:../Libraries/iLLD/TC4xx/Tricore/Msc/Std/IfxMsc.h **** }
2015:../Libraries/iLLD/TC4xx/Tricore/Msc/Std/IfxMsc.h **** 
2016:../Libraries/iLLD/TC4xx/Tricore/Msc/Std/IfxMsc.h **** 
2017:../Libraries/iLLD/TC4xx/Tricore/Msc/Std/IfxMsc.h **** IFX_INLINE void IfxMsc_initFclpPin(const IfxMsc_Fclp_Out *fclp, IfxPort_OutputMode pinMode, IfxPort
2018:../Libraries/iLLD/TC4xx/Tricore/Msc/Std/IfxMsc.h **** {
2019:../Libraries/iLLD/TC4xx/Tricore/Msc/Std/IfxMsc.h ****     if (fclp->pin.port != NULL_PTR)
2020:../Libraries/iLLD/TC4xx/Tricore/Msc/Std/IfxMsc.h ****     {
2021:../Libraries/iLLD/TC4xx/Tricore/Msc/Std/IfxMsc.h ****         IfxPort_setPinModeOutput(fclp->pin.port, fclp->pin.pinIndex, pinMode, fclp->select);
2022:../Libraries/iLLD/TC4xx/Tricore/Msc/Std/IfxMsc.h ****         IfxPort_setPinPadDriver(fclp->pin.port, fclp->pin.pinIndex, padDriver);
2023:../Libraries/iLLD/TC4xx/Tricore/Msc/Std/IfxMsc.h ****     }
2024:../Libraries/iLLD/TC4xx/Tricore/Msc/Std/IfxMsc.h **** }
2025:../Libraries/iLLD/TC4xx/Tricore/Msc/Std/IfxMsc.h **** 
2026:../Libraries/iLLD/TC4xx/Tricore/Msc/Std/IfxMsc.h **** 
2027:../Libraries/iLLD/TC4xx/Tricore/Msc/Std/IfxMsc.h **** IFX_INLINE void IfxMsc_initInjPin(const IfxMsc_Inj_In *inj, IfxPort_InputMode pinMode, IfxPort_PadD
2028:../Libraries/iLLD/TC4xx/Tricore/Msc/Std/IfxMsc.h **** {
2029:../Libraries/iLLD/TC4xx/Tricore/Msc/Std/IfxMsc.h ****     if (inj->pin.port != NULL_PTR)
2030:../Libraries/iLLD/TC4xx/Tricore/Msc/Std/IfxMsc.h ****     {
2031:../Libraries/iLLD/TC4xx/Tricore/Msc/Std/IfxMsc.h ****         IfxPort_setPinModeInput(inj->pin.port, inj->pin.pinIndex, pinMode);
2032:../Libraries/iLLD/TC4xx/Tricore/Msc/Std/IfxMsc.h ****         IfxPort_setPinPadDriver(inj->pin.port, inj->pin.pinIndex, padDriver);
2033:../Libraries/iLLD/TC4xx/Tricore/Msc/Std/IfxMsc.h ****     }
2034:../Libraries/iLLD/TC4xx/Tricore/Msc/Std/IfxMsc.h **** }
2035:../Libraries/iLLD/TC4xx/Tricore/Msc/Std/IfxMsc.h **** 
2036:../Libraries/iLLD/TC4xx/Tricore/Msc/Std/IfxMsc.h **** 
2037:../Libraries/iLLD/TC4xx/Tricore/Msc/Std/IfxMsc.h **** IFX_INLINE void IfxMsc_initSdiPin(const IfxMsc_Sdi_In *sdi, IfxPort_InputMode pinMode, IfxPort_PadD
2038:../Libraries/iLLD/TC4xx/Tricore/Msc/Std/IfxMsc.h **** {
2039:../Libraries/iLLD/TC4xx/Tricore/Msc/Std/IfxMsc.h ****     if (sdi->pin.port != NULL_PTR)
2040:../Libraries/iLLD/TC4xx/Tricore/Msc/Std/IfxMsc.h ****     {
2041:../Libraries/iLLD/TC4xx/Tricore/Msc/Std/IfxMsc.h ****         IfxPort_setPinModeInput(sdi->pin.port, sdi->pin.pinIndex, pinMode);
2042:../Libraries/iLLD/TC4xx/Tricore/Msc/Std/IfxMsc.h ****         IfxPort_setPinPadDriver(sdi->pin.port, sdi->pin.pinIndex, padDriver);
2043:../Libraries/iLLD/TC4xx/Tricore/Msc/Std/IfxMsc.h ****         sdi->module->OCR.B.SDISEL = sdi->select;
2044:../Libraries/iLLD/TC4xx/Tricore/Msc/Std/IfxMsc.h ****     }
2045:../Libraries/iLLD/TC4xx/Tricore/Msc/Std/IfxMsc.h **** }
2046:../Libraries/iLLD/TC4xx/Tricore/Msc/Std/IfxMsc.h **** 
2047:../Libraries/iLLD/TC4xx/Tricore/Msc/Std/IfxMsc.h **** 
2048:../Libraries/iLLD/TC4xx/Tricore/Msc/Std/IfxMsc.h **** IFX_INLINE void IfxMsc_initSonPin(const IfxMsc_Son_Out *son, IfxPort_OutputMode pinMode, IfxPort_Pa
2049:../Libraries/iLLD/TC4xx/Tricore/Msc/Std/IfxMsc.h **** {
2050:../Libraries/iLLD/TC4xx/Tricore/Msc/Std/IfxMsc.h ****     if (son->pin.port != NULL_PTR)
2051:../Libraries/iLLD/TC4xx/Tricore/Msc/Std/IfxMsc.h ****     {
2052:../Libraries/iLLD/TC4xx/Tricore/Msc/Std/IfxMsc.h ****         IfxPort_setPinModeOutput(son->pin.port, son->pin.pinIndex, pinMode, son->select);
2053:../Libraries/iLLD/TC4xx/Tricore/Msc/Std/IfxMsc.h ****         IfxPort_setPinPadDriver(son->pin.port, son->pin.pinIndex, padDriver);
2054:../Libraries/iLLD/TC4xx/Tricore/Msc/Std/IfxMsc.h ****     }
2055:../Libraries/iLLD/TC4xx/Tricore/Msc/Std/IfxMsc.h **** }
2056:../Libraries/iLLD/TC4xx/Tricore/Msc/Std/IfxMsc.h **** 
2057:../Libraries/iLLD/TC4xx/Tricore/Msc/Std/IfxMsc.h **** 
2058:../Libraries/iLLD/TC4xx/Tricore/Msc/Std/IfxMsc.h **** IFX_INLINE void IfxMsc_initSopPin(const IfxMsc_Sop_Out *sop, IfxPort_OutputMode pinMode, IfxPort_Pa
2059:../Libraries/iLLD/TC4xx/Tricore/Msc/Std/IfxMsc.h **** {
2060:../Libraries/iLLD/TC4xx/Tricore/Msc/Std/IfxMsc.h ****     if (sop->pin.port != NULL_PTR)
2061:../Libraries/iLLD/TC4xx/Tricore/Msc/Std/IfxMsc.h ****     {
2062:../Libraries/iLLD/TC4xx/Tricore/Msc/Std/IfxMsc.h ****         IfxPort_setPinModeOutput(sop->pin.port, sop->pin.pinIndex, pinMode, sop->select);
2063:../Libraries/iLLD/TC4xx/Tricore/Msc/Std/IfxMsc.h ****         IfxPort_setPinPadDriver(sop->pin.port, sop->pin.pinIndex, padDriver);
2064:../Libraries/iLLD/TC4xx/Tricore/Msc/Std/IfxMsc.h ****     }
2065:../Libraries/iLLD/TC4xx/Tricore/Msc/Std/IfxMsc.h **** }
2066:../Libraries/iLLD/TC4xx/Tricore/Msc/Std/IfxMsc.h **** 
2067:../Libraries/iLLD/TC4xx/Tricore/Msc/Std/IfxMsc.h **** 
2068:../Libraries/iLLD/TC4xx/Tricore/Msc/Std/IfxMsc.h **** IFX_INLINE boolean IfxMsc_isModuleSuspended(Ifx_MSC *msc)
2069:../Libraries/iLLD/TC4xx/Tricore/Msc/Std/IfxMsc.h **** {
2070:../Libraries/iLLD/TC4xx/Tricore/Msc/Std/IfxMsc.h ****     Ifx_MSC_OCS ocs;
2071:../Libraries/iLLD/TC4xx/Tricore/Msc/Std/IfxMsc.h **** 
2072:../Libraries/iLLD/TC4xx/Tricore/Msc/Std/IfxMsc.h ****     // read the status
2073:../Libraries/iLLD/TC4xx/Tricore/Msc/Std/IfxMsc.h ****     ocs.U = msc->OCS.U;
2074:../Libraries/iLLD/TC4xx/Tricore/Msc/Std/IfxMsc.h **** 
2075:../Libraries/iLLD/TC4xx/Tricore/Msc/Std/IfxMsc.h ****     // return the status
2076:../Libraries/iLLD/TC4xx/Tricore/Msc/Std/IfxMsc.h ****     return ocs.B.SUSSTA;
2077:../Libraries/iLLD/TC4xx/Tricore/Msc/Std/IfxMsc.h **** }
2078:../Libraries/iLLD/TC4xx/Tricore/Msc/Std/IfxMsc.h **** 
2079:../Libraries/iLLD/TC4xx/Tricore/Msc/Std/IfxMsc.h **** 
2080:../Libraries/iLLD/TC4xx/Tricore/Msc/Std/IfxMsc.h **** IFX_INLINE void IfxMsc_setAsyncClockBypass(Ifx_MSC *msc, boolean value)
2081:../Libraries/iLLD/TC4xx/Tricore/Msc/Std/IfxMsc.h **** {
2082:../Libraries/iLLD/TC4xx/Tricore/Msc/Std/IfxMsc.h ****     msc->ABC.B.ABB = value;
2083:../Libraries/iLLD/TC4xx/Tricore/Msc/Std/IfxMsc.h **** }
2084:../Libraries/iLLD/TC4xx/Tricore/Msc/Std/IfxMsc.h **** 
2085:../Libraries/iLLD/TC4xx/Tricore/Msc/Std/IfxMsc.h **** 
2086:../Libraries/iLLD/TC4xx/Tricore/Msc/Std/IfxMsc.h **** IFX_INLINE void IfxMsc_setCommandTarget(Ifx_MSC *msc, IfxMsc_Target enX)
2087:../Libraries/iLLD/TC4xx/Tricore/Msc/Std/IfxMsc.h **** {
2088:../Libraries/iLLD/TC4xx/Tricore/Msc/Std/IfxMsc.h ****     /* Set command target - en0, en1, en2 or en3 */
2089:../Libraries/iLLD/TC4xx/Tricore/Msc/Std/IfxMsc.h ****     msc->OCR.B.CSC = enX;
 557              	 .loc 2 2089 5
 558              	 .loc 2 2089 20 is_stmt 0
 559 0004 D9230C20 	 lea %a3,[%a2]140
 560 0008 19220C20 	 ld.w %d2,[%a2]140
 561 000c 37428226 	 insert %d2,%d2,%d4,13,2
 562 0010 7432     	 st.w [%a3]0,%d2
 563              	.LVL43:
 564              	.LBE105:
 565              	.LBE104:
 782:../Libraries/iLLD/TC4xx/Tricore/Msc/Msc/IfxMsc_Msc.c **** }
 566              	 .loc 1 782 1
 567 0012 0090     	 ret 
 568              	.LFE351:
 570              	 .global IfxMsc_Msc_setCommandTarget_end
 571              	IfxMsc_Msc_setCommandTarget_end:
 572              	 .section .text.IfxMsc_Msc_setDataTarget,"ax",@progbits
 573              	 .align 1
 574              	 .global IfxMsc_Msc_setDataTarget
 576              	IfxMsc_Msc_setDataTarget:
 577              	.LFB352:
 783:../Libraries/iLLD/TC4xx/Tricore/Msc/Msc/IfxMsc_Msc.c **** 
 784:../Libraries/iLLD/TC4xx/Tricore/Msc/Msc/IfxMsc_Msc.c **** 
 785:../Libraries/iLLD/TC4xx/Tricore/Msc/Msc/IfxMsc_Msc.c **** void IfxMsc_Msc_setDataTarget(IfxMsc_Msc *msc, IfxMsc_Target enXHigh, IfxMsc_Target enXLow)
 786:../Libraries/iLLD/TC4xx/Tricore/Msc/Msc/IfxMsc_Msc.c **** {
 578              	 .loc 1 786 1 is_stmt 1
 579              	.LVL44:
 580 0000 40AE     	 mov.aa %a14,%SP
 581              	.LCFI12:
 787:../Libraries/iLLD/TC4xx/Tricore/Msc/Msc/IfxMsc_Msc.c ****     Ifx_MSC *mscSfr = msc->msc;
 582              	 .loc 1 787 5
 583              	 .loc 1 787 14 is_stmt 0
 584 0002 D442     	 ld.a %a2,[%a4]0
 585              	.LVL45:
 788:../Libraries/iLLD/TC4xx/Tricore/Msc/Msc/IfxMsc_Msc.c **** 
 789:../Libraries/iLLD/TC4xx/Tricore/Msc/Msc/IfxMsc_Msc.c ****     /* Set data low target */
 790:../Libraries/iLLD/TC4xx/Tricore/Msc/Msc/IfxMsc_Msc.c ****     IfxMsc_setDataLowTarget(mscSfr, enXLow);
 586              	 .loc 1 790 5 is_stmt 1
 587              	.LBB106:
 588              	.LBB107:
2090:../Libraries/iLLD/TC4xx/Tricore/Msc/Std/IfxMsc.h **** }
2091:../Libraries/iLLD/TC4xx/Tricore/Msc/Std/IfxMsc.h **** 
2092:../Libraries/iLLD/TC4xx/Tricore/Msc/Std/IfxMsc.h **** 
2093:../Libraries/iLLD/TC4xx/Tricore/Msc/Std/IfxMsc.h **** IFX_INLINE void IfxMsc_setDataHighTarget(Ifx_MSC *msc, IfxMsc_Target enX)
2094:../Libraries/iLLD/TC4xx/Tricore/Msc/Std/IfxMsc.h **** {
2095:../Libraries/iLLD/TC4xx/Tricore/Msc/Std/IfxMsc.h ****     /* Set data high target - en0, en1, en2 or en3 */
2096:../Libraries/iLLD/TC4xx/Tricore/Msc/Std/IfxMsc.h ****     msc->OCR.B.CSH = enX;
2097:../Libraries/iLLD/TC4xx/Tricore/Msc/Std/IfxMsc.h **** }
2098:../Libraries/iLLD/TC4xx/Tricore/Msc/Std/IfxMsc.h **** 
2099:../Libraries/iLLD/TC4xx/Tricore/Msc/Std/IfxMsc.h **** 
2100:../Libraries/iLLD/TC4xx/Tricore/Msc/Std/IfxMsc.h **** IFX_INLINE void IfxMsc_setDataLowTarget(Ifx_MSC *msc, IfxMsc_Target enX)
2101:../Libraries/iLLD/TC4xx/Tricore/Msc/Std/IfxMsc.h **** {
2102:../Libraries/iLLD/TC4xx/Tricore/Msc/Std/IfxMsc.h ****     /* Set data low target - en0, en1, en2 or en3 */
2103:../Libraries/iLLD/TC4xx/Tricore/Msc/Std/IfxMsc.h ****     msc->OCR.B.CSL = enX;
 589              	 .loc 2 2103 5
 590              	 .loc 2 2103 20 is_stmt 0
 591 0004 D9230C20 	 lea %a3,[%a2]140
 592 0008 19220C20 	 ld.w %d2,[%a2]140
 593 000c 37528224 	 insert %d2,%d2,%d5,9,2
 594 0010 7432     	 st.w [%a3]0,%d2
 595              	.LVL46:
 596              	.LBE107:
 597              	.LBE106:
 791:../Libraries/iLLD/TC4xx/Tricore/Msc/Msc/IfxMsc_Msc.c ****     /* Set data high target */
 792:../Libraries/iLLD/TC4xx/Tricore/Msc/Msc/IfxMsc_Msc.c ****     IfxMsc_setDataHighTarget(mscSfr, enXHigh);
 598              	 .loc 1 792 5 is_stmt 1
 599              	.LBB108:
 600              	.LBB109:
2096:../Libraries/iLLD/TC4xx/Tricore/Msc/Std/IfxMsc.h **** }
 601              	 .loc 2 2096 5
2096:../Libraries/iLLD/TC4xx/Tricore/Msc/Std/IfxMsc.h **** }
 602              	 .loc 2 2096 20 is_stmt 0
 603 0012 5432     	 ld.w %d2,[%a3]0
 604 0014 37428225 	 insert %d2,%d2,%d4,11,2
 605 0018 7432     	 st.w [%a3]0,%d2
 606              	.LVL47:
 607              	.LBE109:
 608              	.LBE108:
 793:../Libraries/iLLD/TC4xx/Tricore/Msc/Msc/IfxMsc_Msc.c **** }
 609              	 .loc 1 793 1
 610 001a 0090     	 ret 
 611              	.LFE352:
 613              	 .global IfxMsc_Msc_setDataTarget_end
 614              	IfxMsc_Msc_setDataTarget_end:
 615              	 .section .text.IfxMsc_Msc_initializeCommandExtension,"ax",@progbits
 616              	 .align 1
 617              	 .global IfxMsc_Msc_initializeCommandExtension
 619              	IfxMsc_Msc_initializeCommandExtension:
 620              	.LFB353:
 794:../Libraries/iLLD/TC4xx/Tricore/Msc/Msc/IfxMsc_Msc.c **** 
 795:../Libraries/iLLD/TC4xx/Tricore/Msc/Msc/IfxMsc_Msc.c **** 
 796:../Libraries/iLLD/TC4xx/Tricore/Msc/Msc/IfxMsc_Msc.c **** void IfxMsc_Msc_initializeCommandExtension(IfxMsc_Msc *msc, const IfxMsc_Msc_Config *config)
 797:../Libraries/iLLD/TC4xx/Tricore/Msc/Msc/IfxMsc_Msc.c **** {
 621              	 .loc 1 797 1 is_stmt 1
 622              	.LVL48:
 623 0000 40AE     	 mov.aa %a14,%SP
 624              	.LCFI13:
 798:../Libraries/iLLD/TC4xx/Tricore/Msc/Msc/IfxMsc_Msc.c ****     Ifx_MSC     *mscSfr = msc->msc;
 625              	 .loc 1 798 5
 626              	 .loc 1 798 18 is_stmt 0
 627 0002 D442     	 ld.a %a2,[%a4]0
 628              	.LVL49:
 799:../Libraries/iLLD/TC4xx/Tricore/Msc/Msc/IfxMsc_Msc.c ****     /*Configure the command related settings*/
 800:../Libraries/iLLD/TC4xx/Tricore/Msc/Msc/IfxMsc_Msc.c **** 
 801:../Libraries/iLLD/TC4xx/Tricore/Msc/Msc/IfxMsc_Msc.c ****     Ifx_MSC_DSCE dsce;
 629              	 .loc 1 801 5 is_stmt 1
 802:../Libraries/iLLD/TC4xx/Tricore/Msc/Msc/IfxMsc_Msc.c ****     Ifx_MSC_DSC  dsc;
 630              	 .loc 1 802 5
 803:../Libraries/iLLD/TC4xx/Tricore/Msc/Msc/IfxMsc_Msc.c ****     Ifx_MSC_DSTE dste;
 631              	 .loc 1 803 5
 804:../Libraries/iLLD/TC4xx/Tricore/Msc/Msc/IfxMsc_Msc.c **** 
 805:../Libraries/iLLD/TC4xx/Tricore/Msc/Msc/IfxMsc_Msc.c ****     /* Read the DSTE & DSC register contents */
 806:../Libraries/iLLD/TC4xx/Tricore/Msc/Msc/IfxMsc_Msc.c ****     dste.U = mscSfr->DSTE.U;
 632              	 .loc 1 806 5
 633              	 .loc 1 806 26 is_stmt 0
 634 0004 19222C20 	 ld.w %d2,[%a2]172
 635              	.LVL50:
 807:../Libraries/iLLD/TC4xx/Tricore/Msc/Msc/IfxMsc_Msc.c ****     dsc.U  = mscSfr->DSC.U;
 636              	 .loc 1 807 5 is_stmt 1
 637              	 .loc 1 807 25 is_stmt 0
 638 0008 19230810 	 ld.w %d3,[%a2]72
 639              	.LVL51:
 808:../Libraries/iLLD/TC4xx/Tricore/Msc/Msc/IfxMsc_Msc.c ****     dsce.U = mscSfr->DSCE.U;
 640              	 .loc 1 808 5 is_stmt 1
 641              	 .loc 1 808 26 is_stmt 0
 642 000c 19241820 	 ld.w %d4,[%a2]152
 643              	.LVL52:
 809:../Libraries/iLLD/TC4xx/Tricore/Msc/Msc/IfxMsc_Msc.c **** 
 810:../Libraries/iLLD/TC4xx/Tricore/Msc/Msc/IfxMsc_Msc.c ****     /* Extension Enable */
 811:../Libraries/iLLD/TC4xx/Tricore/Msc/Msc/IfxMsc_Msc.c ****     dste.B.UL1 = 1;   //Unlocking for writing into CX register.Write of 1 to UL1 & CX must be done 
 644              	 .loc 1 811 5 is_stmt 1
 645              	 .loc 1 811 16 is_stmt 0
 646 0010 B712812F 	 insert %d2,%d2,1,31,1
 812:../Libraries/iLLD/TC4xx/Tricore/Msc/Msc/IfxMsc_Msc.c ****     dste.B.CX  = config->commandExtensionConfig.extension;
 647              	 .loc 1 812 5 is_stmt 1
 648              	 .loc 1 812 48 is_stmt 0
 649 0014 19550060 	 ld.w %d5,[%a5]384
 650              	 .loc 1 812 16
 651 0018 67521C20 	 ins.t %d2,%d2,28,%d5,0
 813:../Libraries/iLLD/TC4xx/Tricore/Msc/Msc/IfxMsc_Msc.c ****     dste.B.FM  = config->commandExtensionConfig.fastMode;
 652              	 .loc 1 813 5 is_stmt 1
 653              	 .loc 1 813 48 is_stmt 0
 654 001c 19552460 	 ld.w %d5,[%a5]420
 655              	 .loc 1 813 16
 656 0020 67521020 	 ins.t %d2,%d2,16,%d5,0
 814:../Libraries/iLLD/TC4xx/Tricore/Msc/Msc/IfxMsc_Msc.c **** 
 815:../Libraries/iLLD/TC4xx/Tricore/Msc/Msc/IfxMsc_Msc.c ****     /* Configure the command passive phase length */
 816:../Libraries/iLLD/TC4xx/Tricore/Msc/Msc/IfxMsc_Msc.c **** 
 817:../Libraries/iLLD/TC4xx/Tricore/Msc/Msc/IfxMsc_Msc.c ****     if (config->commandExtensionConfig.commandFramePassivePhaseLength > IfxMsc_ControlFrameExtensio
 657              	 .loc 1 817 5 is_stmt 1
 658              	 .loc 1 817 39 is_stmt 0
 659 0024 19550860 	 ld.w %d5,[%a5]392
 660              	 .loc 1 817 8
 661 0028 8B056462 	 lt.u %d6,%d5,64
 662 002c DF060080 	 jnz %d6,.L21
 818:../Libraries/iLLD/TC4xx/Tricore/Msc/Msc/IfxMsc_Msc.c ****     {
 819:../Libraries/iLLD/TC4xx/Tricore/Msc/Msc/IfxMsc_Msc.c ****         // MSB extension is enabled
 820:../Libraries/iLLD/TC4xx/Tricore/Msc/Msc/IfxMsc_Msc.c ****         dste.B.PPCEM = 1;
 663              	 .loc 1 820 9 is_stmt 1
 664              	 .loc 1 820 22 is_stmt 0
 665 0030 B7120126 	 insert %d2,%d2,1,12,1
 821:../Libraries/iLLD/TC4xx/Tricore/Msc/Msc/IfxMsc_Msc.c **** 
 822:../Libraries/iLLD/TC4xx/Tricore/Msc/Msc/IfxMsc_Msc.c ****         dste.B.PPCE  = config->commandExtensionConfig.commandFramePassivePhaseLength - 64;
 666              	 .loc 1 822 9 is_stmt 1
 667              	 .loc 1 822 22 is_stmt 0
 668 0034 37520621 	 insert %d2,%d2,%d5,2,6
 669              	.L22:
 823:../Libraries/iLLD/TC4xx/Tricore/Msc/Msc/IfxMsc_Msc.c ****     }
 824:../Libraries/iLLD/TC4xx/Tricore/Msc/Msc/IfxMsc_Msc.c ****     else
 825:../Libraries/iLLD/TC4xx/Tricore/Msc/Msc/IfxMsc_Msc.c ****     {
 826:../Libraries/iLLD/TC4xx/Tricore/Msc/Msc/IfxMsc_Msc.c ****         dste.B.PPCEM = 0;      // MSB extension is disabled
 827:../Libraries/iLLD/TC4xx/Tricore/Msc/Msc/IfxMsc_Msc.c ****         dste.B.PPCE  = config->commandExtensionConfig.commandFramePassivePhaseLength;
 828:../Libraries/iLLD/TC4xx/Tricore/Msc/Msc/IfxMsc_Msc.c ****     }
 829:../Libraries/iLLD/TC4xx/Tricore/Msc/Msc/IfxMsc_Msc.c **** 
 830:../Libraries/iLLD/TC4xx/Tricore/Msc/Msc/IfxMsc_Msc.c ****     /* Data Frame related configurations*/
 831:../Libraries/iLLD/TC4xx/Tricore/Msc/Msc/IfxMsc_Msc.c **** 
 832:../Libraries/iLLD/TC4xx/Tricore/Msc/Msc/IfxMsc_Msc.c ****     //SRH Selection Bit
 833:../Libraries/iLLD/TC4xx/Tricore/Msc/Msc/IfxMsc_Msc.c ****     dsc.B.ENSELH = config->commandExtensionConfig.srhActivePhaseSelection;
 670              	 .loc 1 833 5 is_stmt 1
 671              	 .loc 1 833 50 is_stmt 0
 672 0038 19551060 	 ld.w %d5,[%a5]400
 673              	 .loc 1 833 18
 674 003c 67530E30 	 ins.t %d3,%d3,14,%d5,0
 834:../Libraries/iLLD/TC4xx/Tricore/Msc/Msc/IfxMsc_Msc.c ****     //SRL Selection Bit
 835:../Libraries/iLLD/TC4xx/Tricore/Msc/Msc/IfxMsc_Msc.c ****     dsc.B.ENSELL = config->commandExtensionConfig.srlActivePhaseSelection;
 675              	 .loc 1 835 5 is_stmt 1
 676              	 .loc 1 835 50 is_stmt 0
 677 0040 19550C60 	 ld.w %d5,[%a5]396
 678              	 .loc 1 835 18
 679 0044 67530D30 	 ins.t %d3,%d3,13,%d5,0
 836:../Libraries/iLLD/TC4xx/Tricore/Msc/Msc/IfxMsc_Msc.c ****     //Number of SRH Bits transmitted
 837:../Libraries/iLLD/TC4xx/Tricore/Msc/Msc/IfxMsc_Msc.c ****     dsc.B.NDBH   = config->commandExtensionConfig.srhDataFrameLength;
 680              	 .loc 1 837 5 is_stmt 1
 681              	 .loc 1 837 50 is_stmt 0
 682 0048 19551860 	 ld.w %d5,[%a5]408
 683              	 .loc 1 837 18
 684 004c 37530534 	 insert %d3,%d3,%d5,8,5
 838:../Libraries/iLLD/TC4xx/Tricore/Msc/Msc/IfxMsc_Msc.c ****     //Number of SRL Bits transmitted
 839:../Libraries/iLLD/TC4xx/Tricore/Msc/Msc/IfxMsc_Msc.c ****     dsc.B.NDBL   = config->commandExtensionConfig.srlDataFrameLength;
 685              	 .loc 1 839 5 is_stmt 1
 686              	 .loc 1 839 50 is_stmt 0
 687 0050 19551460 	 ld.w %d5,[%a5]404
 688              	 .loc 1 839 18
 689 0054 37538531 	 insert %d3,%d3,%d5,3,5
 840:../Libraries/iLLD/TC4xx/Tricore/Msc/Msc/IfxMsc_Msc.c ****     //Extension of number of SRL Bits transmitted in EXEN mode
 841:../Libraries/iLLD/TC4xx/Tricore/Msc/Msc/IfxMsc_Msc.c ****     dsce.B.NDBLE = config->commandExtensionConfig.srlBitsShiftedAtDataFramesExtension;
 690              	 .loc 1 841 5 is_stmt 1
 691              	 .loc 1 841 50 is_stmt 0
 692 0058 19551C60 	 ld.w %d5,[%a5]412
 693 005c 8F150051 	 and %d5,%d5,1
 694              	 .loc 1 841 18
 695 0060 67540140 	 ins.t %d4,%d4,1,%d5,0
 842:../Libraries/iLLD/TC4xx/Tricore/Msc/Msc/IfxMsc_Msc.c ****     //Number of SRL Bits transmitted in EXEN mode
 843:../Libraries/iLLD/TC4xx/Tricore/Msc/Msc/IfxMsc_Msc.c ****     dsce.B.NDBHE = config->commandExtensionConfig.srlBitsShiftedAtDataFramesExtension;
 696              	 .loc 1 843 5 is_stmt 1
 697              	 .loc 1 843 18 is_stmt 0
 698 0064 67540040 	 ins.t %d4,%d4,0,%d5,0
 844:../Libraries/iLLD/TC4xx/Tricore/Msc/Msc/IfxMsc_Msc.c **** 
 845:../Libraries/iLLD/TC4xx/Tricore/Msc/Msc/IfxMsc_Msc.c ****     //N Divider for Downstream
 846:../Libraries/iLLD/TC4xx/Tricore/Msc/Msc/IfxMsc_Msc.c ****     dste.B.NDD     = config->commandExtensionConfig.nDividerDownstream;
 699              	 .loc 1 846 5 is_stmt 1
 700              	 .loc 1 846 52 is_stmt 0
 701 0068 19552860 	 ld.w %d5,[%a5]424
 702              	 .loc 1 846 20
 703 006c 37520424 	 insert %d2,%d2,%d5,8,4
 847:../Libraries/iLLD/TC4xx/Tricore/Msc/Msc/IfxMsc_Msc.c **** 
 848:../Libraries/iLLD/TC4xx/Tricore/Msc/Msc/IfxMsc_Msc.c ****     mscSfr->DSC.U  = dsc.U;
 704              	 .loc 1 848 5 is_stmt 1
 705              	 .loc 1 848 20 is_stmt 0
 706 0070 59230810 	 st.w [%a2]72,%d3
 849:../Libraries/iLLD/TC4xx/Tricore/Msc/Msc/IfxMsc_Msc.c ****     mscSfr->DSCE.U = dsce.U;
 707              	 .loc 1 849 5 is_stmt 1
 708              	 .loc 1 849 20 is_stmt 0
 709 0074 59241820 	 st.w [%a2]152,%d4
 850:../Libraries/iLLD/TC4xx/Tricore/Msc/Msc/IfxMsc_Msc.c ****     mscSfr->DSTE.U = dste.U;
 710              	 .loc 1 850 5 is_stmt 1
 711              	 .loc 1 850 20 is_stmt 0
 712 0078 59222C20 	 st.w [%a2]172,%d2
 851:../Libraries/iLLD/TC4xx/Tricore/Msc/Msc/IfxMsc_Msc.c **** }
 713              	 .loc 1 851 1
 714 007c 0090     	 ret 
 715              	.L21:
 826:../Libraries/iLLD/TC4xx/Tricore/Msc/Msc/IfxMsc_Msc.c ****         dste.B.PPCE  = config->commandExtensionConfig.commandFramePassivePhaseLength;
 716              	 .loc 1 826 9 is_stmt 1
 826:../Libraries/iLLD/TC4xx/Tricore/Msc/Msc/IfxMsc_Msc.c ****         dste.B.PPCE  = config->commandExtensionConfig.commandFramePassivePhaseLength;
 717              	 .loc 1 826 22 is_stmt 0
 718 007e B7020126 	 insert %d2,%d2,0,12,1
 719              	.LVL53:
 827:../Libraries/iLLD/TC4xx/Tricore/Msc/Msc/IfxMsc_Msc.c ****     }
 720              	 .loc 1 827 9 is_stmt 1
 827:../Libraries/iLLD/TC4xx/Tricore/Msc/Msc/IfxMsc_Msc.c ****     }
 721              	 .loc 1 827 22 is_stmt 0
 722 0082 37520621 	 insert %d2,%d2,%d5,2,6
 723              	.LVL54:
 724 0086 1D000000 	 j .L22
 725              	.LFE353:
 727              	 .global IfxMsc_Msc_initializeCommandExtension_end
 728              	IfxMsc_Msc_initializeCommandExtension_end:
 729              	 .section .text.IfxMsc_Msc_initModule,"ax",@progbits
 730              	 .align 1
 731              	 .global IfxMsc_Msc_initModule
 733              	IfxMsc_Msc_initModule:
 734              	.LFB341:
  73:../Libraries/iLLD/TC4xx/Tricore/Msc/Msc/IfxMsc_Msc.c ****     Ifx_MSC *mscSfr = config->msc;
 735              	 .loc 1 73 1 is_stmt 1
 736              	.LVL55:
 737 0000 40AE     	 mov.aa %a14,%SP
 738              	.LCFI14:
 739 0002 8048     	 mov.d %d8,%a4
 740 0004 405C     	 mov.aa %a12,%a5
  74:../Libraries/iLLD/TC4xx/Tricore/Msc/Msc/IfxMsc_Msc.c **** 
 741              	 .loc 1 74 5
  74:../Libraries/iLLD/TC4xx/Tricore/Msc/Msc/IfxMsc_Msc.c **** 
 742              	 .loc 1 74 14 is_stmt 0
 743 0006 D45D     	 ld.a %a13,[%a5]0
 744              	.LVL56:
  76:../Libraries/iLLD/TC4xx/Tricore/Msc/Msc/IfxMsc_Msc.c **** 
 745              	 .loc 1 76 5 is_stmt 1
  76:../Libraries/iLLD/TC4xx/Tricore/Msc/Msc/IfxMsc_Msc.c **** 
 746              	 .loc 1 76 14 is_stmt 0
 747 0008 F44D     	 st.a [%a4]0,%a13
  83:../Libraries/iLLD/TC4xx/Tricore/Msc/Msc/IfxMsc_Msc.c **** 
 748              	 .loc 1 83 5 is_stmt 1
 749 000a 40D4     	 mov.aa %a4,%a13
 750              	.LVL57:
 751 000c 6D000000 	 call IfxMsc_enableModule
 752              	.LVL58:
 753              	.LBB110:
  87:../Libraries/iLLD/TC4xx/Tricore/Msc/Msc/IfxMsc_Msc.c **** 
 754              	 .loc 1 87 9
  90:../Libraries/iLLD/TC4xx/Tricore/Msc/Msc/IfxMsc_Msc.c ****         /* Select the divider mode */
 755              	 .loc 1 90 9
  90:../Libraries/iLLD/TC4xx/Tricore/Msc/Msc/IfxMsc_Msc.c ****         /* Select the divider mode */
 756              	 .loc 1 90 36 is_stmt 0
 757 0010 19D20010 	 ld.w %d2,[%a13]64
  92:../Libraries/iLLD/TC4xx/Tricore/Msc/Msc/IfxMsc_Msc.c ****         /* Select the source of clock for MSC output */
 758              	 .loc 1 92 9 is_stmt 1
  92:../Libraries/iLLD/TC4xx/Tricore/Msc/Msc/IfxMsc_Msc.c ****         /* Select the source of clock for MSC output */
 759              	 .loc 1 92 44 is_stmt 0
 760 0014 19C30800 	 ld.w %d3,[%a12]8
  92:../Libraries/iLLD/TC4xx/Tricore/Msc/Msc/IfxMsc_Msc.c ****         /* Select the source of clock for MSC output */
 761              	 .loc 1 92 23
 762 0018 37320227 	 insert %d2,%d2,%d3,14,2
 763              	.LVL59:
  94:../Libraries/iLLD/TC4xx/Tricore/Msc/Msc/IfxMsc_Msc.c ****         mscSfr->FDR.U = fdr.U;
 764              	 .loc 1 94 9 is_stmt 1
  94:../Libraries/iLLD/TC4xx/Tricore/Msc/Msc/IfxMsc_Msc.c ****         mscSfr->FDR.U = fdr.U;
 765              	 .loc 1 94 44 is_stmt 0
 766 001c 19C30C00 	 ld.w %d3,[%a12]12
  94:../Libraries/iLLD/TC4xx/Tricore/Msc/Msc/IfxMsc_Msc.c ****         mscSfr->FDR.U = fdr.U;
 767              	 .loc 1 94 23
 768 0020 67320A20 	 ins.t %d2,%d2,10,%d3,0
  95:../Libraries/iLLD/TC4xx/Tricore/Msc/Msc/IfxMsc_Msc.c ****     }
 769              	 .loc 1 95 9 is_stmt 1
  95:../Libraries/iLLD/TC4xx/Tricore/Msc/Msc/IfxMsc_Msc.c ****     }
 770              	 .loc 1 95 23 is_stmt 0
 771 0024 59D20010 	 st.w [%a13]64,%d2
 772              	.LBE110:
 773              	.LBB111:
 100:../Libraries/iLLD/TC4xx/Tricore/Msc/Msc/IfxMsc_Msc.c **** 
 774              	 .loc 1 100 9 is_stmt 1
 103:../Libraries/iLLD/TC4xx/Tricore/Msc/Msc/IfxMsc_Msc.c ****         /* Service Request Delay Control */
 775              	 .loc 1 103 9
 103:../Libraries/iLLD/TC4xx/Tricore/Msc/Msc/IfxMsc_Msc.c ****         /* Service Request Delay Control */
 776              	 .loc 1 103 36 is_stmt 0
 777 0028 19D20410 	 ld.w %d2,[%a13]68
 778              	.LVL60:
 105:../Libraries/iLLD/TC4xx/Tricore/Msc/Msc/IfxMsc_Msc.c ****         /* Select parity control Even - 0, Odd - 1 */
 779              	 .loc 1 105 9 is_stmt 1
 105:../Libraries/iLLD/TC4xx/Tricore/Msc/Msc/IfxMsc_Msc.c ****         /* Select parity control Even - 0, Odd - 1 */
 780              	 .loc 1 105 47 is_stmt 0
 781 002c 19C32000 	 ld.w %d3,[%a12]32
 105:../Libraries/iLLD/TC4xx/Tricore/Msc/Msc/IfxMsc_Msc.c ****         /* Select parity control Even - 0, Odd - 1 */
 782              	 .loc 1 105 23
 783 0030 67320520 	 ins.t %d2,%d2,5,%d3,0
 784              	.LVL61:
 107:../Libraries/iLLD/TC4xx/Tricore/Msc/Msc/IfxMsc_Msc.c ****         /* Select upstream baud rate fMSC/xx */
 785              	 .loc 1 107 9 is_stmt 1
 107:../Libraries/iLLD/TC4xx/Tricore/Msc/Msc/IfxMsc_Msc.c ****         /* Select upstream baud rate fMSC/xx */
 786              	 .loc 1 107 47 is_stmt 0
 787 0034 19C31C00 	 ld.w %d3,[%a12]28
 107:../Libraries/iLLD/TC4xx/Tricore/Msc/Msc/IfxMsc_Msc.c ****         /* Select upstream baud rate fMSC/xx */
 788              	 .loc 1 107 23
 789 0038 67320420 	 ins.t %d2,%d2,4,%d3,0
 109:../Libraries/iLLD/TC4xx/Tricore/Msc/Msc/IfxMsc_Msc.c ****         /* Select 12 bit or 16 bit frame */
 790              	 .loc 1 109 9 is_stmt 1
 109:../Libraries/iLLD/TC4xx/Tricore/Msc/Msc/IfxMsc_Msc.c ****         /* Select 12 bit or 16 bit frame */
 791              	 .loc 1 109 47 is_stmt 0
 792 003c 19C31800 	 ld.w %d3,[%a12]24
 109:../Libraries/iLLD/TC4xx/Tricore/Msc/Msc/IfxMsc_Msc.c ****         /* Select 12 bit or 16 bit frame */
 793              	 .loc 1 109 23
 794 0040 37328320 	 insert %d2,%d2,%d3,1,3
 111:../Libraries/iLLD/TC4xx/Tricore/Msc/Msc/IfxMsc_Msc.c **** 
 795              	 .loc 1 111 9 is_stmt 1
 111:../Libraries/iLLD/TC4xx/Tricore/Msc/Msc/IfxMsc_Msc.c **** 
 796              	 .loc 1 111 47 is_stmt 0
 797 0044 19C31400 	 ld.w %d3,[%a12]20
 111:../Libraries/iLLD/TC4xx/Tricore/Msc/Msc/IfxMsc_Msc.c **** 
 798              	 .loc 1 111 23
 799 0048 67320020 	 ins.t %d2,%d2,0,%d3,0
 113:../Libraries/iLLD/TC4xx/Tricore/Msc/Msc/IfxMsc_Msc.c ****     }
 800              	 .loc 1 113 9 is_stmt 1
 113:../Libraries/iLLD/TC4xx/Tricore/Msc/Msc/IfxMsc_Msc.c ****     }
 801              	 .loc 1 113 23 is_stmt 0
 802 004c 59D20410 	 st.w [%a13]68,%d2
 803              	.LBE111:
 116:../Libraries/iLLD/TC4xx/Tricore/Msc/Msc/IfxMsc_Msc.c ****     {
 804              	 .loc 1 116 5 is_stmt 1
 116:../Libraries/iLLD/TC4xx/Tricore/Msc/Msc/IfxMsc_Msc.c ****     {
 805              	 .loc 1 116 15 is_stmt 0
 806 0050 19C21470 	 ld.w %d2,[%a12]468
 807              	.LVL62:
 116:../Libraries/iLLD/TC4xx/Tricore/Msc/Msc/IfxMsc_Msc.c ****     {
 808              	 .loc 1 116 8
 809 0054 DF020080 	 jnz %d2,.L24
 119:../Libraries/iLLD/TC4xx/Tricore/Msc/Msc/IfxMsc_Msc.c ****         {
 810              	 .loc 1 119 9 is_stmt 1
 119:../Libraries/iLLD/TC4xx/Tricore/Msc/Msc/IfxMsc_Msc.c ****         {
 811              	 .loc 1 119 32 is_stmt 0
 812 0058 19C20800 	 ld.w %d2,[%a12]8
 119:../Libraries/iLLD/TC4xx/Tricore/Msc/Msc/IfxMsc_Msc.c ****         {
 813              	 .loc 1 119 12
 814 005c DF120000 	 jeq %d2,1,.L49
 129:../Libraries/iLLD/TC4xx/Tricore/Msc/Msc/IfxMsc_Msc.c ****         }
 815              	 .loc 1 129 13 is_stmt 1
 129:../Libraries/iLLD/TC4xx/Tricore/Msc/Msc/IfxMsc_Msc.c ****         }
 816              	 .loc 1 129 34 is_stmt 0
 817 0060 19C40400 	 ld.w %d4,[%a12]4
 818 0064 40D4     	 mov.aa %a4,%a13
 819 0066 6D000000 	 call IfxMsc_upstreamFractionalBaudCalculator
 820              	.LVL63:
 129:../Libraries/iLLD/TC4xx/Tricore/Msc/Msc/IfxMsc_Msc.c ****         }
 821              	 .loc 1 129 32
 822 006a D9D20010 	 lea %a2,[%a13]64
 823 006e 19D30010 	 ld.w %d3,[%a13]64
 824 0072 37230A30 	 insert %d3,%d3,%d2,0,10
 825 0076 7423     	 st.w [%a2]0,%d3
 826              	.L26:
 827              	.LBB112:
 153:../Libraries/iLLD/TC4xx/Tricore/Msc/Msc/IfxMsc_Msc.c **** 
 828              	 .loc 1 153 9 is_stmt 1
 829              	.LVL64:
 155:../Libraries/iLLD/TC4xx/Tricore/Msc/Msc/IfxMsc_Msc.c **** 
 830              	 .loc 1 155 9
 155:../Libraries/iLLD/TC4xx/Tricore/Msc/Msc/IfxMsc_Msc.c **** 
 831              	 .loc 1 155 26 is_stmt 0
 832 0078 99CF2440 	 ld.a %a15,[%a12]292
 833              	.LVL65:
 157:../Libraries/iLLD/TC4xx/Tricore/Msc/Msc/IfxMsc_Msc.c ****         {
 834              	 .loc 1 157 9 is_stmt 1
 157:../Libraries/iLLD/TC4xx/Tricore/Msc/Msc/IfxMsc_Msc.c ****         {
 835              	 .loc 1 157 12 is_stmt 0
 836 007c BD0F0000 	 jz.a %a15,.L28
 159:../Libraries/iLLD/TC4xx/Tricore/Msc/Msc/IfxMsc_Msc.c ****         }
 837              	 .loc 1 159 13 is_stmt 1
 838 0080 19C22840 	 ld.w %d2,[%a12]296
 839 0084 19C93C50 	 ld.w %d9,[%a12]380
 840              	.LVL66:
 841              	.LBB113:
 842              	.LBB114:
2019:../Libraries/iLLD/TC4xx/Tricore/Msc/Std/IfxMsc.h ****     {
 843              	 .loc 2 2019 5
2019:../Libraries/iLLD/TC4xx/Tricore/Msc/Std/IfxMsc.h ****     {
 844              	 .loc 2 2019 18 is_stmt 0
 845 0088 C814     	 ld.a %a4,[%a15]4
2019:../Libraries/iLLD/TC4xx/Tricore/Msc/Std/IfxMsc.h ****     {
 846              	 .loc 2 2019 8
 847 008a BD040000 	 jz.a %a4,.L28
2021:../Libraries/iLLD/TC4xx/Tricore/Msc/Std/IfxMsc.h ****         IfxPort_setPinPadDriver(fclp->pin.port, fclp->pin.pinIndex, padDriver);
 848              	 .loc 2 2021 9 is_stmt 1
2021:../Libraries/iLLD/TC4xx/Tricore/Msc/Std/IfxMsc.h ****         IfxPort_setPinPadDriver(fclp->pin.port, fclp->pin.pinIndex, padDriver);
 849              	 .loc 2 2021 83 is_stmt 0
 850 008e 4835     	 ld.w %d5,[%a15]12
 851              	.LVL67:
 852              	.LBB115:
 853              	.LBB116:
 854              	 .file 3 "../Libraries/iLLD/TC4xx/CpuGeneric/Port/Std/IfxPort.h"
   1:../Libraries/iLLD/TC4xx/CpuGeneric/Port/Std/IfxPort.h **** /**
   2:../Libraries/iLLD/TC4xx/CpuGeneric/Port/Std/IfxPort.h ****  * \file IfxPort.h
   3:../Libraries/iLLD/TC4xx/CpuGeneric/Port/Std/IfxPort.h ****  * \brief PORT  basic functionality
   4:../Libraries/iLLD/TC4xx/CpuGeneric/Port/Std/IfxPort.h ****  * \ingroup IfxLld_Port
   5:../Libraries/iLLD/TC4xx/CpuGeneric/Port/Std/IfxPort.h ****  *
   6:../Libraries/iLLD/TC4xx/CpuGeneric/Port/Std/IfxPort.h ****  * \version iLLD-TC4-v2.7.0
   7:../Libraries/iLLD/TC4xx/CpuGeneric/Port/Std/IfxPort.h ****  * \copyright Copyright (c) 2026 Infineon Technologies AG. All rights reserved.
   8:../Libraries/iLLD/TC4xx/CpuGeneric/Port/Std/IfxPort.h ****  *
   9:../Libraries/iLLD/TC4xx/CpuGeneric/Port/Std/IfxPort.h ****  *
  10:../Libraries/iLLD/TC4xx/CpuGeneric/Port/Std/IfxPort.h ****  *
  11:../Libraries/iLLD/TC4xx/CpuGeneric/Port/Std/IfxPort.h ****  *                                 IMPORTANT NOTICE
  12:../Libraries/iLLD/TC4xx/CpuGeneric/Port/Std/IfxPort.h ****  *
  13:../Libraries/iLLD/TC4xx/CpuGeneric/Port/Std/IfxPort.h ****  * Infineon Technologies AG (Infineon) licenses this file to you under the
  14:../Libraries/iLLD/TC4xx/CpuGeneric/Port/Std/IfxPort.h ****  * Infineon Automotive SW Lab License v2025-01 (IFASLL). You may not use
  15:../Libraries/iLLD/TC4xx/CpuGeneric/Port/Std/IfxPort.h ****  * this file except in compliance with IFASLL.
  16:../Libraries/iLLD/TC4xx/CpuGeneric/Port/Std/IfxPort.h ****  *
  17:../Libraries/iLLD/TC4xx/CpuGeneric/Port/Std/IfxPort.h ****  * The full license text is contained in IFASLL202501.pdf delivered with this SW.
  18:../Libraries/iLLD/TC4xx/CpuGeneric/Port/Std/IfxPort.h ****  * Unless required by applicable law or agreed to in writing, software distributed
  19:../Libraries/iLLD/TC4xx/CpuGeneric/Port/Std/IfxPort.h ****  * under this license is distributed "AS IS" without any warranty or liability of any
  20:../Libraries/iLLD/TC4xx/CpuGeneric/Port/Std/IfxPort.h ****  * kind and Infineon hereby expressly disclaims any warranties or representations,
  21:../Libraries/iLLD/TC4xx/CpuGeneric/Port/Std/IfxPort.h ****  * whether express, implied, statutory or otherwise, including but not limited to
  22:../Libraries/iLLD/TC4xx/CpuGeneric/Port/Std/IfxPort.h ****  * warranties of workmanship, merchantability, fitness for a particular purpose,
  23:../Libraries/iLLD/TC4xx/CpuGeneric/Port/Std/IfxPort.h ****  * defects in the licensed items, or non-infringement of third parties'
  24:../Libraries/iLLD/TC4xx/CpuGeneric/Port/Std/IfxPort.h ****  * intellectual property rights. See the full license text for the specific
  25:../Libraries/iLLD/TC4xx/CpuGeneric/Port/Std/IfxPort.h ****  * language governing permissions and limitations under IFASLL.
  26:../Libraries/iLLD/TC4xx/CpuGeneric/Port/Std/IfxPort.h ****  *
  27:../Libraries/iLLD/TC4xx/CpuGeneric/Port/Std/IfxPort.h ****  *
  28:../Libraries/iLLD/TC4xx/CpuGeneric/Port/Std/IfxPort.h ****  * \defgroup IfxLld_Port_Prot_Usage How to use the PORT driver along with PROT?
  29:../Libraries/iLLD/TC4xx/CpuGeneric/Port/Std/IfxPort.h ****  * \ingroup IfxLld_Port
  30:../Libraries/iLLD/TC4xx/CpuGeneric/Port/Std/IfxPort.h ****  *
  31:../Libraries/iLLD/TC4xx/CpuGeneric/Port/Std/IfxPort.h ****  * As per the current POR, each PORT module will have a set/group of APU registers. And each pin in
  32:../Libraries/iLLD/TC4xx/CpuGeneric/Port/Std/IfxPort.h ****  *
  33:../Libraries/iLLD/TC4xx/CpuGeneric/Port/Std/IfxPort.h ****  * The way to use the APIs to configure the APU for PORT is as follows:
  34:../Libraries/iLLD/TC4xx/CpuGeneric/Port/Std/IfxPort.h ****  *
  35:../Libraries/iLLD/TC4xx/CpuGeneric/Port/Std/IfxPort.h ****  * 1. Configure the PROT_SE Owner.
  36:../Libraries/iLLD/TC4xx/CpuGeneric/Port/Std/IfxPort.h ****  * 2. Configure the PADCFG.ACCEN.GRP bit field to map the pin to the APU group.
  37:../Libraries/iLLD/TC4xx/CpuGeneric/Port/Std/IfxPort.h ****  * 3. Configure the APU registers to enable the Access Protection.
  38:../Libraries/iLLD/TC4xx/CpuGeneric/Port/Std/IfxPort.h ****  *
  39:../Libraries/iLLD/TC4xx/CpuGeneric/Port/Std/IfxPort.h ****  * In your application you can do the following to enable the PROT and configure the APU for the PO
  40:../Libraries/iLLD/TC4xx/CpuGeneric/Port/Std/IfxPort.h ****  *
  41:../Libraries/iLLD/TC4xx/CpuGeneric/Port/Std/IfxPort.h ****  * \code
  42:../Libraries/iLLD/TC4xx/CpuGeneric/Port/Std/IfxPort.h ****  * IfxPort_ProtConfig protConfig;
  43:../Libraries/iLLD/TC4xx/CpuGeneric/Port/Std/IfxPort.h ****  * IfxPort_ApuConfig apuConfig;
  44:../Libraries/iLLD/TC4xx/CpuGeneric/Port/Std/IfxPort.h ****  *
  45:../Libraries/iLLD/TC4xx/CpuGeneric/Port/Std/IfxPort.h ****  * IfxPort_initProtConfig(&protConfig);
  46:../Libraries/iLLD/TC4xx/CpuGeneric/Port/Std/IfxPort.h ****  * IfxPort_initApuConfig(&apuConfig);
  47:../Libraries/iLLD/TC4xx/CpuGeneric/Port/Std/IfxPort.h ****  *
  48:../Libraries/iLLD/TC4xx/CpuGeneric/Port/Std/IfxPort.h ****  * //Which APU group needs to be initialised
  49:../Libraries/iLLD/TC4xx/CpuGeneric/Port/Std/IfxPort.h ****  * apuConfig.grpNum = 1U;
  50:../Libraries/iLLD/TC4xx/CpuGeneric/Port/Std/IfxPort.h ****  *
  51:../Libraries/iLLD/TC4xx/CpuGeneric/Port/Std/IfxPort.h ****  * //Initialize the PROT with the Owner
  52:../Libraries/iLLD/TC4xx/CpuGeneric/Port/Std/IfxPort.h ****  * IfxPort_initProt(&MODULE_P00, &protConfig);
  53:../Libraries/iLLD/TC4xx/CpuGeneric/Port/Std/IfxPort.h ****  *
  54:../Libraries/iLLD/TC4xx/CpuGeneric/Port/Std/IfxPort.h ****  * //Configure the specific pin to map to a APU group "1", for example pin "2" of P00
  55:../Libraries/iLLD/TC4xx/CpuGeneric/Port/Std/IfxPort.h ****  * IfxPort_setApuGroupSelection(&MODULE_P00, 2, 1);
  56:../Libraries/iLLD/TC4xx/CpuGeneric/Port/Std/IfxPort.h ****  *
  57:../Libraries/iLLD/TC4xx/CpuGeneric/Port/Std/IfxPort.h ****  * //Configure the APU and initialize it
  58:../Libraries/iLLD/TC4xx/CpuGeneric/Port/Std/IfxPort.h ****  * IfxPort_initApu(&MODULE_P00, &apuConfig);
  59:../Libraries/iLLD/TC4xx/CpuGeneric/Port/Std/IfxPort.h ****  * \endcode
  60:../Libraries/iLLD/TC4xx/CpuGeneric/Port/Std/IfxPort.h ****  *
  61:../Libraries/iLLD/TC4xx/CpuGeneric/Port/Std/IfxPort.h ****  * In case you want to configure multiple pins of the same PORT, this can be done using the API Ifx
  62:../Libraries/iLLD/TC4xx/CpuGeneric/Port/Std/IfxPort.h ****  *
  63:../Libraries/iLLD/TC4xx/CpuGeneric/Port/Std/IfxPort.h ****  * \defgroup IfxLld_Port_Std_Enum Enumerations
  64:../Libraries/iLLD/TC4xx/CpuGeneric/Port/Std/IfxPort.h ****  * \ingroup IfxLld_Port_Std
  65:../Libraries/iLLD/TC4xx/CpuGeneric/Port/Std/IfxPort.h ****  * \defgroup IfxLld_Port_Std_DataStructures Data structures
  66:../Libraries/iLLD/TC4xx/CpuGeneric/Port/Std/IfxPort.h ****  * \ingroup IfxLld_Port_Std
  67:../Libraries/iLLD/TC4xx/CpuGeneric/Port/Std/IfxPort.h ****  * \defgroup IfxLld_Port_Std_SinglePin Single Pin Functions
  68:../Libraries/iLLD/TC4xx/CpuGeneric/Port/Std/IfxPort.h ****  * \ingroup IfxLld_Port_Std
  69:../Libraries/iLLD/TC4xx/CpuGeneric/Port/Std/IfxPort.h ****  * \defgroup IfxLld_Port_Std_PortGroup Group Access Functions
  70:../Libraries/iLLD/TC4xx/CpuGeneric/Port/Std/IfxPort.h ****  * \ingroup IfxLld_Port_Std
  71:../Libraries/iLLD/TC4xx/CpuGeneric/Port/Std/IfxPort.h ****  */
  72:../Libraries/iLLD/TC4xx/CpuGeneric/Port/Std/IfxPort.h **** 
  73:../Libraries/iLLD/TC4xx/CpuGeneric/Port/Std/IfxPort.h **** #ifndef IFXPORT_H
  74:../Libraries/iLLD/TC4xx/CpuGeneric/Port/Std/IfxPort.h **** #define IFXPORT_H 1
  75:../Libraries/iLLD/TC4xx/CpuGeneric/Port/Std/IfxPort.h **** 
  76:../Libraries/iLLD/TC4xx/CpuGeneric/Port/Std/IfxPort.h **** /******************************************************************************/
  77:../Libraries/iLLD/TC4xx/CpuGeneric/Port/Std/IfxPort.h **** /*----------------------------------Includes----------------------------------*/
  78:../Libraries/iLLD/TC4xx/CpuGeneric/Port/Std/IfxPort.h **** /******************************************************************************/
  79:../Libraries/iLLD/TC4xx/CpuGeneric/Port/Std/IfxPort.h **** 
  80:../Libraries/iLLD/TC4xx/CpuGeneric/Port/Std/IfxPort.h **** #include "_Impl/IfxPort_cfg.h"
  81:../Libraries/iLLD/TC4xx/CpuGeneric/Port/Std/IfxPort.h **** #include "Ap/Std/IfxApProt.h"
  82:../Libraries/iLLD/TC4xx/CpuGeneric/Port/Std/IfxPort.h **** #include "Ap/Std/IfxApApu.h"
  83:../Libraries/iLLD/TC4xx/CpuGeneric/Port/Std/IfxPort.h **** #if !defined(IFX_ILLD_PPU_USAGE)
  84:../Libraries/iLLD/TC4xx/CpuGeneric/Port/Std/IfxPort.h **** #include "Cpu/Std/IfxCpu_Intrinsics.h"
  85:../Libraries/iLLD/TC4xx/CpuGeneric/Port/Std/IfxPort.h **** #endif
  86:../Libraries/iLLD/TC4xx/CpuGeneric/Port/Std/IfxPort.h **** #if defined(IFX_ILLD_PPU_USAGE)
  87:../Libraries/iLLD/TC4xx/CpuGeneric/Port/Std/IfxPort.h **** #include "Ppu/Std/IfxPpu_Intrinsics.h"
  88:../Libraries/iLLD/TC4xx/CpuGeneric/Port/Std/IfxPort.h **** #endif
  89:../Libraries/iLLD/TC4xx/CpuGeneric/Port/Std/IfxPort.h **** 
  90:../Libraries/iLLD/TC4xx/CpuGeneric/Port/Std/IfxPort.h **** /******************************************************************************/
  91:../Libraries/iLLD/TC4xx/CpuGeneric/Port/Std/IfxPort.h **** /*--------------------------------Enumerations--------------------------------*/
  92:../Libraries/iLLD/TC4xx/CpuGeneric/Port/Std/IfxPort.h **** /******************************************************************************/
  93:../Libraries/iLLD/TC4xx/CpuGeneric/Port/Std/IfxPort.h **** 
  94:../Libraries/iLLD/TC4xx/CpuGeneric/Port/Std/IfxPort.h **** /** \addtogroup IfxLld_Port_Std_Enum
  95:../Libraries/iLLD/TC4xx/CpuGeneric/Port/Std/IfxPort.h ****  * \{ */
  96:../Libraries/iLLD/TC4xx/CpuGeneric/Port/Std/IfxPort.h **** /** \brief The LVDS RX_DIS control function can be selected from the Port (default) or
  97:../Libraries/iLLD/TC4xx/CpuGeneric/Port/Std/IfxPort.h ****  * HSCT module.declared in MODULE_PORTx.LPCRx
  98:../Libraries/iLLD/TC4xx/CpuGeneric/Port/Std/IfxPort.h ****  */
  99:../Libraries/iLLD/TC4xx/CpuGeneric/Port/Std/IfxPort.h **** typedef enum
 100:../Libraries/iLLD/TC4xx/CpuGeneric/Port/Std/IfxPort.h **** {
 101:../Libraries/iLLD/TC4xx/CpuGeneric/Port/Std/IfxPort.h ****     IfxPort_ControlledBy_port = 0,  /**< \brief port controlled by PORT Module */
 102:../Libraries/iLLD/TC4xx/CpuGeneric/Port/Std/IfxPort.h ****     IfxPort_ControlledBy_hsct = 1   /**< \brief Port controlled by HSCT Module */
 103:../Libraries/iLLD/TC4xx/CpuGeneric/Port/Std/IfxPort.h **** } IfxPort_ControlledBy;
 104:../Libraries/iLLD/TC4xx/CpuGeneric/Port/Std/IfxPort.h **** 
 105:../Libraries/iLLD/TC4xx/CpuGeneric/Port/Std/IfxPort.h **** /** \brief Ifx_P output modification modes definition.
 106:../Libraries/iLLD/TC4xx/CpuGeneric/Port/Std/IfxPort.h ****  */
 107:../Libraries/iLLD/TC4xx/CpuGeneric/Port/Std/IfxPort.h **** typedef enum
 108:../Libraries/iLLD/TC4xx/CpuGeneric/Port/Std/IfxPort.h **** {
 109:../Libraries/iLLD/TC4xx/CpuGeneric/Port/Std/IfxPort.h ****     IfxPort_InputMode_undefined    = -1,
 110:../Libraries/iLLD/TC4xx/CpuGeneric/Port/Std/IfxPort.h ****     IfxPort_InputMode_noPullDevice = ((0U << 4U) | (0U << 1U) | 0U),
 111:../Libraries/iLLD/TC4xx/CpuGeneric/Port/Std/IfxPort.h ****     IfxPort_InputMode_pullDown     = ((1U << 4U) | (0U << 1U) | 0U),
 112:../Libraries/iLLD/TC4xx/CpuGeneric/Port/Std/IfxPort.h ****     IfxPort_InputMode_pullUp       = ((2U << 4U) | (0U << 1U) | 0U)
 113:../Libraries/iLLD/TC4xx/CpuGeneric/Port/Std/IfxPort.h **** } IfxPort_InputMode;
 114:../Libraries/iLLD/TC4xx/CpuGeneric/Port/Std/IfxPort.h **** 
 115:../Libraries/iLLD/TC4xx/CpuGeneric/Port/Std/IfxPort.h **** #if !defined(DEVICE_TC4PX) && !defined(DEVICE_TC4EX) && !defined(DEVICE_TC46X)
 116:../Libraries/iLLD/TC4xx/CpuGeneric/Port/Std/IfxPort.h **** /** \brief specifies LVDS-M or LVDS-H mode as declare in Register MODULE_PORT.LPCRx.LVDSM
 117:../Libraries/iLLD/TC4xx/CpuGeneric/Port/Std/IfxPort.h ****  */
 118:../Libraries/iLLD/TC4xx/CpuGeneric/Port/Std/IfxPort.h **** typedef enum
 119:../Libraries/iLLD/TC4xx/CpuGeneric/Port/Std/IfxPort.h **** {
 120:../Libraries/iLLD/TC4xx/CpuGeneric/Port/Std/IfxPort.h ****     IfxPort_LvdsMode_high   = 0, /**< \brief LVDS-H Mode */
 121:../Libraries/iLLD/TC4xx/CpuGeneric/Port/Std/IfxPort.h ****     IfxPort_LvdsMode_medium = 1  /**< \brief LVDS-M Mode */
 122:../Libraries/iLLD/TC4xx/CpuGeneric/Port/Std/IfxPort.h **** } IfxPort_LvdsMode;
 123:../Libraries/iLLD/TC4xx/CpuGeneric/Port/Std/IfxPort.h **** 
 124:../Libraries/iLLD/TC4xx/CpuGeneric/Port/Std/IfxPort.h **** /** \brief specifies external or internal LVDS receiver Termination Mode
 125:../Libraries/iLLD/TC4xx/CpuGeneric/Port/Std/IfxPort.h ****  */
 126:../Libraries/iLLD/TC4xx/CpuGeneric/Port/Std/IfxPort.h **** typedef enum
 127:../Libraries/iLLD/TC4xx/CpuGeneric/Port/Std/IfxPort.h **** {
 128:../Libraries/iLLD/TC4xx/CpuGeneric/Port/Std/IfxPort.h ****     IfxPort_LvdsTerm_external = 0,  /**< \brief external termination */
 129:../Libraries/iLLD/TC4xx/CpuGeneric/Port/Std/IfxPort.h ****     IfxPort_LvdsTerm_internal = 1   /**< \brief 100 Ohm internal termination */
 130:../Libraries/iLLD/TC4xx/CpuGeneric/Port/Std/IfxPort.h **** } IfxPort_LvdsTerm;
 131:../Libraries/iLLD/TC4xx/CpuGeneric/Port/Std/IfxPort.h **** #endif /* #if !defined(DEVICE_TC4PX) && !defined(DEVICE_TC4EX)  && !defined(DEVICE_TC46X) */
 132:../Libraries/iLLD/TC4xx/CpuGeneric/Port/Std/IfxPort.h **** 
 133:../Libraries/iLLD/TC4xx/CpuGeneric/Port/Std/IfxPort.h **** /** \brief Ifx_P input / output mode definition.
 134:../Libraries/iLLD/TC4xx/CpuGeneric/Port/Std/IfxPort.h ****  *
 135:../Libraries/iLLD/TC4xx/CpuGeneric/Port/Std/IfxPort.h ****  * \see Ifx_P.IOCR, IfxPort_setPinMode()
 136:../Libraries/iLLD/TC4xx/CpuGeneric/Port/Std/IfxPort.h ****  */
 137:../Libraries/iLLD/TC4xx/CpuGeneric/Port/Std/IfxPort.h **** typedef enum
 138:../Libraries/iLLD/TC4xx/CpuGeneric/Port/Std/IfxPort.h **** {
 139:../Libraries/iLLD/TC4xx/CpuGeneric/Port/Std/IfxPort.h ****     IfxPort_Mode_inputNoPullDevice      = ((0U << 4U) | (0U << 1U) | 0U),  /**< \brief Input, No pu
 140:../Libraries/iLLD/TC4xx/CpuGeneric/Port/Std/IfxPort.h ****     IfxPort_Mode_inputPullDown          = ((1U << 4U) | (0U << 1U) | 0U),  /**< \brief Input, pull-
 141:../Libraries/iLLD/TC4xx/CpuGeneric/Port/Std/IfxPort.h ****     IfxPort_Mode_inputPullUp            = ((2U << 4U) | (0U << 1U) | 0U),  /**< \brief Input, pull-
 142:../Libraries/iLLD/TC4xx/CpuGeneric/Port/Std/IfxPort.h ****     IfxPort_Mode_outputPushPullGeneral  = ((0U << 4U) | (0U << 1U) | 1U),  /**< \brief Push-pull, G
 143:../Libraries/iLLD/TC4xx/CpuGeneric/Port/Std/IfxPort.h ****     IfxPort_Mode_outputPushPullAlt1     = ((1U << 4U) | (0U << 1U) | 1U),  /**< \brief Push-pull, A
 144:../Libraries/iLLD/TC4xx/CpuGeneric/Port/Std/IfxPort.h ****     IfxPort_Mode_outputPushPullAlt2     = ((2U << 4U) | (0U << 1U) | 1U),  /**< \brief Push-pull, A
 145:../Libraries/iLLD/TC4xx/CpuGeneric/Port/Std/IfxPort.h ****     IfxPort_Mode_outputPushPullAlt3     = ((3U << 4U) | (0U << 1U) | 1U),  /**< \brief Push-pull, A
 146:../Libraries/iLLD/TC4xx/CpuGeneric/Port/Std/IfxPort.h ****     IfxPort_Mode_outputPushPullAlt4     = ((4U << 4U) | (0U << 1U) | 1U),  /**< \brief Push-pull, A
 147:../Libraries/iLLD/TC4xx/CpuGeneric/Port/Std/IfxPort.h ****     IfxPort_Mode_outputPushPullAlt5     = ((5U << 4U) | (0U << 1U) | 1U),  /**< \brief Push-pull, A
 148:../Libraries/iLLD/TC4xx/CpuGeneric/Port/Std/IfxPort.h ****     IfxPort_Mode_outputPushPullAlt6     = ((6U << 4U) | (0U << 1U) | 1U),  /**< \brief Push-pull, A
 149:../Libraries/iLLD/TC4xx/CpuGeneric/Port/Std/IfxPort.h ****     IfxPort_Mode_outputPushPullAlt7     = ((7U << 4U) | (0U << 1U) | 1U),  /**< \brief Push-pull, A
 150:../Libraries/iLLD/TC4xx/CpuGeneric/Port/Std/IfxPort.h ****     IfxPort_Mode_outputPushPullAlt8     = ((8U << 4U) | (0U << 1U) | 1U),  /**< \brief Push-pull, A
 151:../Libraries/iLLD/TC4xx/CpuGeneric/Port/Std/IfxPort.h ****     IfxPort_Mode_outputPushPullAlt9     = ((9U << 4U) | (0U << 1U) | 1U),  /**< \brief Push-pull, A
 152:../Libraries/iLLD/TC4xx/CpuGeneric/Port/Std/IfxPort.h ****     IfxPort_Mode_outputPushPullAlt10    = ((10U << 4U) | (0U << 1U) | 1U), /**< \brief Push-pull, A
 153:../Libraries/iLLD/TC4xx/CpuGeneric/Port/Std/IfxPort.h ****     IfxPort_Mode_outputPushPullAlt11    = ((11U << 4U) | (0U << 1U) | 1U), /**< \brief Push-pull, A
 154:../Libraries/iLLD/TC4xx/CpuGeneric/Port/Std/IfxPort.h ****     IfxPort_Mode_outputPushPullAlt12    = ((12U << 4U) | (0U << 1U) | 1U), /**< \brief Push-pull, A
 155:../Libraries/iLLD/TC4xx/CpuGeneric/Port/Std/IfxPort.h ****     IfxPort_Mode_outputPushPullAlt13    = ((13U << 4U) | (0U << 1U) | 1U), /**< \brief Push-pull, A
 156:../Libraries/iLLD/TC4xx/CpuGeneric/Port/Std/IfxPort.h ****     IfxPort_Mode_outputPushPullAlt14    = ((14U << 4U) | (0U << 1U) | 1U), /**< \brief Push-pull, A
 157:../Libraries/iLLD/TC4xx/CpuGeneric/Port/Std/IfxPort.h ****     IfxPort_Mode_outputPushPullAlt15    = ((15U << 4U) | (0U << 1U) | 1U), /**< \brief Push-pull, A
 158:../Libraries/iLLD/TC4xx/CpuGeneric/Port/Std/IfxPort.h ****     IfxPort_Mode_outputOpenDrainGeneral = ((0U << 4U) | (1U << 1U) | 1U),  /**< \brief Open-drain, 
 159:../Libraries/iLLD/TC4xx/CpuGeneric/Port/Std/IfxPort.h ****     IfxPort_Mode_outputOpenDrainAlt1    = ((1U << 4U) | (1U << 1U) | 1U),  /**< \brief Open-drain, 
 160:../Libraries/iLLD/TC4xx/CpuGeneric/Port/Std/IfxPort.h ****     IfxPort_Mode_outputOpenDrainAlt2    = ((2U << 4U) | (1U << 1U) | 1U),  /**< \brief Open-drain, 
 161:../Libraries/iLLD/TC4xx/CpuGeneric/Port/Std/IfxPort.h ****     IfxPort_Mode_outputOpenDrainAlt3    = ((3U << 4U) | (1U << 1U) | 1U),  /**< \brief Open-drain, 
 162:../Libraries/iLLD/TC4xx/CpuGeneric/Port/Std/IfxPort.h ****     IfxPort_Mode_outputOpenDrainAlt4    = ((4U << 4U) | (1U << 1U) | 1U),  /**< \brief Open-drain, 
 163:../Libraries/iLLD/TC4xx/CpuGeneric/Port/Std/IfxPort.h ****     IfxPort_Mode_outputOpenDrainAlt5    = ((5U << 4U) | (1U << 1U) | 1U),  /**< \brief Open-drain, 
 164:../Libraries/iLLD/TC4xx/CpuGeneric/Port/Std/IfxPort.h ****     IfxPort_Mode_outputOpenDrainAlt6    = ((6U << 4U) | (1U << 1U) | 1U),  /**< \brief Open-drain, 
 165:../Libraries/iLLD/TC4xx/CpuGeneric/Port/Std/IfxPort.h ****     IfxPort_Mode_outputOpenDrainAlt7    = ((7U << 4U) | (1U << 1U) | 1U),  /**< \brief Open-drain, 
 166:../Libraries/iLLD/TC4xx/CpuGeneric/Port/Std/IfxPort.h ****     IfxPort_Mode_outputOpenDrainAlt8    = ((8U << 4U) | (1U << 1U) | 1U),  /**< \brief Open-drain, 
 167:../Libraries/iLLD/TC4xx/CpuGeneric/Port/Std/IfxPort.h ****     IfxPort_Mode_outputOpenDrainAlt9    = ((9U << 4U) | (1U << 1U) | 1U),  /**< \brief Open-drain, 
 168:../Libraries/iLLD/TC4xx/CpuGeneric/Port/Std/IfxPort.h ****     IfxPort_Mode_outputOpenDrainAlt10   = ((10U << 4U) | (1U << 1U) | 1U), /**< \brief Open-drain, 
 169:../Libraries/iLLD/TC4xx/CpuGeneric/Port/Std/IfxPort.h ****     IfxPort_Mode_outputOpenDrainAlt11   = ((11U << 4U) | (1U << 1U) | 1U), /**< \brief Open-drain, 
 170:../Libraries/iLLD/TC4xx/CpuGeneric/Port/Std/IfxPort.h ****     IfxPort_Mode_outputOpenDrainAlt12   = ((12U << 4U) | (1U << 1U) | 1U), /**< \brief Open-drain, 
 171:../Libraries/iLLD/TC4xx/CpuGeneric/Port/Std/IfxPort.h ****     IfxPort_Mode_outputOpenDrainAlt13   = ((13U << 4U) | (1U << 1U) | 1U), /**< \brief Open-drain, 
 172:../Libraries/iLLD/TC4xx/CpuGeneric/Port/Std/IfxPort.h ****     IfxPort_Mode_outputOpenDrainAlt14   = ((14U << 4U) | (1U << 1U) | 1U), /**< \brief Open-drain, 
 173:../Libraries/iLLD/TC4xx/CpuGeneric/Port/Std/IfxPort.h ****     IfxPort_Mode_outputOpenDrainAlt15   = ((15U << 4U) | (1U << 1U) | 1U)  /**< \brief Open-drain, 
 174:../Libraries/iLLD/TC4xx/CpuGeneric/Port/Std/IfxPort.h **** } IfxPort_Mode;
 175:../Libraries/iLLD/TC4xx/CpuGeneric/Port/Std/IfxPort.h **** 
 176:../Libraries/iLLD/TC4xx/CpuGeneric/Port/Std/IfxPort.h **** /** \brief Modex bitfields definitions
 177:../Libraries/iLLD/TC4xx/CpuGeneric/Port/Std/IfxPort.h ****  */
 178:../Libraries/iLLD/TC4xx/CpuGeneric/Port/Std/IfxPort.h **** typedef enum
 179:../Libraries/iLLD/TC4xx/CpuGeneric/Port/Std/IfxPort.h **** {
 180:../Libraries/iLLD/TC4xx/CpuGeneric/Port/Std/IfxPort.h ****     IfxPort_Modex_differentialXspiGpio = (0 << 16),  /**< \brief Differential xspi, Rgmii or GPIO *
 181:../Libraries/iLLD/TC4xx/CpuGeneric/Port/Std/IfxPort.h ****     IfxPort_Modex_singleEndedXspiGpio  = (1 << 16),  /**< \brief Single ended xspi or gpio */
 182:../Libraries/iLLD/TC4xx/CpuGeneric/Port/Std/IfxPort.h ****     IfxPort_Modex_gpioMode             = (2 << 16),  /**< \brief Gpio Mode */
 183:../Libraries/iLLD/TC4xx/CpuGeneric/Port/Std/IfxPort.h ****     IfxPort_Modex_xspiRgmiiMode        = (3 << 16)   /**< \brief Xspi or Rgmii mode */
 184:../Libraries/iLLD/TC4xx/CpuGeneric/Port/Std/IfxPort.h **** } IfxPort_Modex;
 185:../Libraries/iLLD/TC4xx/CpuGeneric/Port/Std/IfxPort.h **** 
 186:../Libraries/iLLD/TC4xx/CpuGeneric/Port/Std/IfxPort.h **** /** \brief Pin output alternate index
 187:../Libraries/iLLD/TC4xx/CpuGeneric/Port/Std/IfxPort.h ****  */
 188:../Libraries/iLLD/TC4xx/CpuGeneric/Port/Std/IfxPort.h **** typedef enum
 189:../Libraries/iLLD/TC4xx/CpuGeneric/Port/Std/IfxPort.h **** {
 190:../Libraries/iLLD/TC4xx/CpuGeneric/Port/Std/IfxPort.h ****     IfxPort_OutputIdx_general = ((0U << 4U) | 1U),
 191:../Libraries/iLLD/TC4xx/CpuGeneric/Port/Std/IfxPort.h ****     IfxPort_OutputIdx_alt1    = ((1U << 4U) | 1U),
 192:../Libraries/iLLD/TC4xx/CpuGeneric/Port/Std/IfxPort.h ****     IfxPort_OutputIdx_alt2    = ((2U << 4U) | 1U),
 193:../Libraries/iLLD/TC4xx/CpuGeneric/Port/Std/IfxPort.h ****     IfxPort_OutputIdx_alt3    = ((3U << 4U) | 1U),
 194:../Libraries/iLLD/TC4xx/CpuGeneric/Port/Std/IfxPort.h ****     IfxPort_OutputIdx_alt4    = ((4U << 4U) | 1U),
 195:../Libraries/iLLD/TC4xx/CpuGeneric/Port/Std/IfxPort.h ****     IfxPort_OutputIdx_alt5    = ((5U << 4U) | 1U),
 196:../Libraries/iLLD/TC4xx/CpuGeneric/Port/Std/IfxPort.h ****     IfxPort_OutputIdx_alt6    = ((6U << 4U) | 1U),
 197:../Libraries/iLLD/TC4xx/CpuGeneric/Port/Std/IfxPort.h ****     IfxPort_OutputIdx_alt7    = ((7U << 4U) | 1U),
 198:../Libraries/iLLD/TC4xx/CpuGeneric/Port/Std/IfxPort.h ****     IfxPort_OutputIdx_alt8    = ((8U << 4U) | 1U),
 199:../Libraries/iLLD/TC4xx/CpuGeneric/Port/Std/IfxPort.h ****     IfxPort_OutputIdx_alt9    = ((9U << 4U) | 1U),
 200:../Libraries/iLLD/TC4xx/CpuGeneric/Port/Std/IfxPort.h ****     IfxPort_OutputIdx_alt10   = ((10U << 4U) | 1U),
 201:../Libraries/iLLD/TC4xx/CpuGeneric/Port/Std/IfxPort.h ****     IfxPort_OutputIdx_alt11   = ((11U << 4U) | 1U),
 202:../Libraries/iLLD/TC4xx/CpuGeneric/Port/Std/IfxPort.h ****     IfxPort_OutputIdx_alt12   = ((12U << 4U) | 1U),
 203:../Libraries/iLLD/TC4xx/CpuGeneric/Port/Std/IfxPort.h ****     IfxPort_OutputIdx_alt13   = ((13U << 4U) | 1U),
 204:../Libraries/iLLD/TC4xx/CpuGeneric/Port/Std/IfxPort.h ****     IfxPort_OutputIdx_alt14   = ((14U << 4U) | 1U),
 205:../Libraries/iLLD/TC4xx/CpuGeneric/Port/Std/IfxPort.h ****     IfxPort_OutputIdx_alt15   = ((15U << 4U) | 1U)
 206:../Libraries/iLLD/TC4xx/CpuGeneric/Port/Std/IfxPort.h **** } IfxPort_OutputIdx;
 207:../Libraries/iLLD/TC4xx/CpuGeneric/Port/Std/IfxPort.h **** 
 208:../Libraries/iLLD/TC4xx/CpuGeneric/Port/Std/IfxPort.h **** /** \brief Pin output mode definition
 209:../Libraries/iLLD/TC4xx/CpuGeneric/Port/Std/IfxPort.h ****  */
 210:../Libraries/iLLD/TC4xx/CpuGeneric/Port/Std/IfxPort.h **** typedef enum
 211:../Libraries/iLLD/TC4xx/CpuGeneric/Port/Std/IfxPort.h **** {
 212:../Libraries/iLLD/TC4xx/CpuGeneric/Port/Std/IfxPort.h ****     IfxPort_OutputMode_pushPull  = ((0U << 1U) | 1U),
 213:../Libraries/iLLD/TC4xx/CpuGeneric/Port/Std/IfxPort.h ****     IfxPort_OutputMode_openDrain = ((1U << 1U) | 1U)
 214:../Libraries/iLLD/TC4xx/CpuGeneric/Port/Std/IfxPort.h **** } IfxPort_OutputMode;
 215:../Libraries/iLLD/TC4xx/CpuGeneric/Port/Std/IfxPort.h **** 
 216:../Libraries/iLLD/TC4xx/CpuGeneric/Port/Std/IfxPort.h **** /** \brief MODULE_PORTx.LPCRx.B.PS1.Selects between 5v and 3.3v on Vext supply for the LVDSM pair
 217:../Libraries/iLLD/TC4xx/CpuGeneric/Port/Std/IfxPort.h ****  */
 218:../Libraries/iLLD/TC4xx/CpuGeneric/Port/Std/IfxPort.h **** typedef enum
 219:../Libraries/iLLD/TC4xx/CpuGeneric/Port/Std/IfxPort.h **** {
 220:../Libraries/iLLD/TC4xx/CpuGeneric/Port/Std/IfxPort.h ****     IfxPort_PadSupply_3v = 0,  /**< \brief select,3.3v */
 221:../Libraries/iLLD/TC4xx/CpuGeneric/Port/Std/IfxPort.h ****     IfxPort_PadSupply_5v = 1   /**< \brief select,5V */
 222:../Libraries/iLLD/TC4xx/CpuGeneric/Port/Std/IfxPort.h **** } IfxPort_PadSupply;
 223:../Libraries/iLLD/TC4xx/CpuGeneric/Port/Std/IfxPort.h **** 
 224:../Libraries/iLLD/TC4xx/CpuGeneric/Port/Std/IfxPort.h **** /** \brief enable analog/digital mode for port pin, as Defined in MODULE_PORTx.PDISC
 225:../Libraries/iLLD/TC4xx/CpuGeneric/Port/Std/IfxPort.h ****  */
 226:../Libraries/iLLD/TC4xx/CpuGeneric/Port/Std/IfxPort.h **** typedef enum
 227:../Libraries/iLLD/TC4xx/CpuGeneric/Port/Std/IfxPort.h **** {
 228:../Libraries/iLLD/TC4xx/CpuGeneric/Port/Std/IfxPort.h ****     IfxPort_PinFunctionMode_digital = 0,  /**< \brief Pad Pn.x is enabled and can be selected for d
 229:../Libraries/iLLD/TC4xx/CpuGeneric/Port/Std/IfxPort.h ****     IfxPort_PinFunctionMode_analog  = 1   /**< \brief Pad Pn.x is enabled and can be selected for a
 230:../Libraries/iLLD/TC4xx/CpuGeneric/Port/Std/IfxPort.h **** } IfxPort_PinFunctionMode;
 231:../Libraries/iLLD/TC4xx/CpuGeneric/Port/Std/IfxPort.h **** 
 232:../Libraries/iLLD/TC4xx/CpuGeneric/Port/Std/IfxPort.h **** /** \brief Ifx_P output modification modes definition.
 233:../Libraries/iLLD/TC4xx/CpuGeneric/Port/Std/IfxPort.h ****  *
 234:../Libraries/iLLD/TC4xx/CpuGeneric/Port/Std/IfxPort.h ****  * \see Ifx_P.OMR, IfxPort_setPinState()
 235:../Libraries/iLLD/TC4xx/CpuGeneric/Port/Std/IfxPort.h ****  */
 236:../Libraries/iLLD/TC4xx/CpuGeneric/Port/Std/IfxPort.h **** typedef enum
 237:../Libraries/iLLD/TC4xx/CpuGeneric/Port/Std/IfxPort.h **** {
 238:../Libraries/iLLD/TC4xx/CpuGeneric/Port/Std/IfxPort.h ****     IfxPort_State_notChanged = (0 << 16) | (0 << 0),  /**< \brief Ifx_P pin is left unchanged. */
 239:../Libraries/iLLD/TC4xx/CpuGeneric/Port/Std/IfxPort.h ****     IfxPort_State_high       = (0 << 16) | (1U << 0), /**< \brief Ifx_P pin is set to high. */
 240:../Libraries/iLLD/TC4xx/CpuGeneric/Port/Std/IfxPort.h ****     IfxPort_State_low        = (1U << 16) | (0 << 0), /**< \brief Ifx_P pin is set to low. */
 241:../Libraries/iLLD/TC4xx/CpuGeneric/Port/Std/IfxPort.h ****     IfxPort_State_toggled    = (1U << 16) | (1U << 0) /**< \brief Ifx_P pin is toggled. */
 242:../Libraries/iLLD/TC4xx/CpuGeneric/Port/Std/IfxPort.h **** } IfxPort_State;
 243:../Libraries/iLLD/TC4xx/CpuGeneric/Port/Std/IfxPort.h **** 
 244:../Libraries/iLLD/TC4xx/CpuGeneric/Port/Std/IfxPort.h **** /** \} */
 245:../Libraries/iLLD/TC4xx/CpuGeneric/Port/Std/IfxPort.h **** 
 246:../Libraries/iLLD/TC4xx/CpuGeneric/Port/Std/IfxPort.h **** /** \brief Trimming value for bandgap reference.
 247:../Libraries/iLLD/TC4xx/CpuGeneric/Port/Std/IfxPort.h ****  * 0H corresponds to a value of 1.199V
 248:../Libraries/iLLD/TC4xx/CpuGeneric/Port/Std/IfxPort.h ****  * 1H corresponds to a value of 1.184V
 249:../Libraries/iLLD/TC4xx/CpuGeneric/Port/Std/IfxPort.h ****  * 2H corresponds to a value of 1.168V
 250:../Libraries/iLLD/TC4xx/CpuGeneric/Port/Std/IfxPort.h ****  * 3H corresponds to a value of 1.153V
 251:../Libraries/iLLD/TC4xx/CpuGeneric/Port/Std/IfxPort.h ****  * 4H corresponds to a value of 1.139V
 252:../Libraries/iLLD/TC4xx/CpuGeneric/Port/Std/IfxPort.h ****  * 5H corresponds to a value of 1.125V
 253:../Libraries/iLLD/TC4xx/CpuGeneric/Port/Std/IfxPort.h ****  * 6H corresponds to a value of 1.112V
 254:../Libraries/iLLD/TC4xx/CpuGeneric/Port/Std/IfxPort.h ****  * 7H corresponds to a value of 1.098V
 255:../Libraries/iLLD/TC4xx/CpuGeneric/Port/Std/IfxPort.h ****  * 8H corresponds to a value of 1.340V
 256:../Libraries/iLLD/TC4xx/CpuGeneric/Port/Std/IfxPort.h ****  * 9H corresponds to a value of 1.321V
 257:../Libraries/iLLD/TC4xx/CpuGeneric/Port/Std/IfxPort.h ****  * AH corresponds to a value of 1.302V
 258:../Libraries/iLLD/TC4xx/CpuGeneric/Port/Std/IfxPort.h ****  * BH corresponds to a value of 1.283V
 259:../Libraries/iLLD/TC4xx/CpuGeneric/Port/Std/IfxPort.h ****  * CH corresponds to a value of 1.266V
 260:../Libraries/iLLD/TC4xx/CpuGeneric/Port/Std/IfxPort.h ****  * DH corresponds to a value of 1.248V
 261:../Libraries/iLLD/TC4xx/CpuGeneric/Port/Std/IfxPort.h ****  * EH corresponds to a value of 1.231V
 262:../Libraries/iLLD/TC4xx/CpuGeneric/Port/Std/IfxPort.h ****  * FH corresponds to a value of 1.215V
 263:../Libraries/iLLD/TC4xx/CpuGeneric/Port/Std/IfxPort.h ****  */
 264:../Libraries/iLLD/TC4xx/CpuGeneric/Port/Std/IfxPort.h **** typedef enum
 265:../Libraries/iLLD/TC4xx/CpuGeneric/Port/Std/IfxPort.h **** {
 266:../Libraries/iLLD/TC4xx/CpuGeneric/Port/Std/IfxPort.h ****     IfxPort_BandgapTrimConfig_1P199V = 0,   /**< \brief The trimming value is zero. */
 267:../Libraries/iLLD/TC4xx/CpuGeneric/Port/Std/IfxPort.h ****     IfxPort_BandgapTrimConfig_1P184V = 1,   /**< \brief The trimming value is one. */
 268:../Libraries/iLLD/TC4xx/CpuGeneric/Port/Std/IfxPort.h ****     IfxPort_BandgapTrimConfig_1P168V = 2,   /**< \brief The trimming value is two. */
 269:../Libraries/iLLD/TC4xx/CpuGeneric/Port/Std/IfxPort.h ****     IfxPort_BandgapTrimConfig_1P153V = 3,   /**< \brief The trimming value is three. */
 270:../Libraries/iLLD/TC4xx/CpuGeneric/Port/Std/IfxPort.h ****     IfxPort_BandgapTrimConfig_1P139V = 4,   /**< \brief The trimming value is four. */
 271:../Libraries/iLLD/TC4xx/CpuGeneric/Port/Std/IfxPort.h ****     IfxPort_BandgapTrimConfig_1P125V = 5,   /**< \brief The trimming value is five. */
 272:../Libraries/iLLD/TC4xx/CpuGeneric/Port/Std/IfxPort.h ****     IfxPort_BandgapTrimConfig_1P112V = 6,   /**< \brief The trimming value is six. */
 273:../Libraries/iLLD/TC4xx/CpuGeneric/Port/Std/IfxPort.h ****     IfxPort_BandgapTrimConfig_1P098V = 7,   /**< \brief The trimming value is seven. */
 274:../Libraries/iLLD/TC4xx/CpuGeneric/Port/Std/IfxPort.h ****     IfxPort_BandgapTrimConfig_1P340V = 8,   /**< \brief The trimming value is eight. */
 275:../Libraries/iLLD/TC4xx/CpuGeneric/Port/Std/IfxPort.h ****     IfxPort_BandgapTrimConfig_1P321V = 9,   /**< \brief The trimming value is nine. */
 276:../Libraries/iLLD/TC4xx/CpuGeneric/Port/Std/IfxPort.h ****     IfxPort_BandgapTrimConfig_1P302V = 10,  /**< \brief The trimming value is ten. */
 277:../Libraries/iLLD/TC4xx/CpuGeneric/Port/Std/IfxPort.h ****     IfxPort_BandgapTrimConfig_1P283V = 11,  /**< \brief The trimming value is eleven. */
 278:../Libraries/iLLD/TC4xx/CpuGeneric/Port/Std/IfxPort.h ****     IfxPort_BandgapTrimConfig_1P266V = 12,  /**< \brief The trimming value is twelve. */
 279:../Libraries/iLLD/TC4xx/CpuGeneric/Port/Std/IfxPort.h ****     IfxPort_BandgapTrimConfig_1P248V = 13,  /**< \brief The trimming value is thirteen */
 280:../Libraries/iLLD/TC4xx/CpuGeneric/Port/Std/IfxPort.h ****     IfxPort_BandgapTrimConfig_1P231V = 14,  /**< \brief The trimming value is fourteen. */
 281:../Libraries/iLLD/TC4xx/CpuGeneric/Port/Std/IfxPort.h ****     IfxPort_BandgapTrimConfig_1P215V = 15   /**< \brief The trimming value is fifteen. */
 282:../Libraries/iLLD/TC4xx/CpuGeneric/Port/Std/IfxPort.h **** } IfxPort_BandgapTrimConfig;
 283:../Libraries/iLLD/TC4xx/CpuGeneric/Port/Std/IfxPort.h **** 
 284:../Libraries/iLLD/TC4xx/CpuGeneric/Port/Std/IfxPort.h **** #if defined(DEVICE_TC45X) || defined(DEVICE_TC46X) || defined(DEVICE_TC46XAA) || defined(DEVICE_TC4
 285:../Libraries/iLLD/TC4xx/CpuGeneric/Port/Std/IfxPort.h **** /** \brief configure the timer
 286:../Libraries/iLLD/TC4xx/CpuGeneric/Port/Std/IfxPort.h ****  */
 287:../Libraries/iLLD/TC4xx/CpuGeneric/Port/Std/IfxPort.h **** typedef enum
 288:../Libraries/iLLD/TC4xx/CpuGeneric/Port/Std/IfxPort.h **** {
 289:../Libraries/iLLD/TC4xx/CpuGeneric/Port/Std/IfxPort.h ****     IfxPort_BlankingTimerConfig_0ms = 0,  /**< \brief Corresponds to blanking time of 0 ms */
 290:../Libraries/iLLD/TC4xx/CpuGeneric/Port/Std/IfxPort.h ****     IfxPort_BlankingTimerConfig_2ms = 1,  /**< \brief Corresponds to blanking time of 2 ms */
 291:../Libraries/iLLD/TC4xx/CpuGeneric/Port/Std/IfxPort.h ****     IfxPort_BlankingTimerConfig_4ms = 2,  /**< \brief Corresponds to blanking time of 4 ms */
 292:../Libraries/iLLD/TC4xx/CpuGeneric/Port/Std/IfxPort.h ****     IfxPort_BlankingTimerConfig_7ms = 3   /**< \brief Corresponds to blanking time of 7 ms */
 293:../Libraries/iLLD/TC4xx/CpuGeneric/Port/Std/IfxPort.h **** } IfxPort_BlankingTimerConfig;
 294:../Libraries/iLLD/TC4xx/CpuGeneric/Port/Std/IfxPort.h **** #endif /* #if defined(DEVICE_TC45X) || defined(DEVICE_TC46X) || defined(DEVICE_TC46XAA) || defined(
 295:../Libraries/iLLD/TC4xx/CpuGeneric/Port/Std/IfxPort.h **** 
 296:../Libraries/iLLD/TC4xx/CpuGeneric/Port/Std/IfxPort.h **** /** \brief Emergency status Push-Pull level
 297:../Libraries/iLLD/TC4xx/CpuGeneric/Port/Std/IfxPort.h ****  */
 298:../Libraries/iLLD/TC4xx/CpuGeneric/Port/Std/IfxPort.h **** typedef enum
 299:../Libraries/iLLD/TC4xx/CpuGeneric/Port/Std/IfxPort.h **** {
 300:../Libraries/iLLD/TC4xx/CpuGeneric/Port/Std/IfxPort.h ****     IfxPort_EsrLevel_0 = 0,      /**< \brief ESR Level0  */
 301:../Libraries/iLLD/TC4xx/CpuGeneric/Port/Std/IfxPort.h ****     IfxPort_EsrLevel_1           /**< \brief ESR Level1  */
 302:../Libraries/iLLD/TC4xx/CpuGeneric/Port/Std/IfxPort.h **** } IfxPort_EsrLevel;
 303:../Libraries/iLLD/TC4xx/CpuGeneric/Port/Std/IfxPort.h **** 
 304:../Libraries/iLLD/TC4xx/CpuGeneric/Port/Std/IfxPort.h **** /** \brief Emergency status Pad configuration
 305:../Libraries/iLLD/TC4xx/CpuGeneric/Port/Std/IfxPort.h ****  */
 306:../Libraries/iLLD/TC4xx/CpuGeneric/Port/Std/IfxPort.h **** typedef enum
 307:../Libraries/iLLD/TC4xx/CpuGeneric/Port/Std/IfxPort.h **** {
 308:../Libraries/iLLD/TC4xx/CpuGeneric/Port/Std/IfxPort.h ****     IfxPort_EsrPadCfg_PP  = 0,  /**< \brief PAD in Push-PULL */
 309:../Libraries/iLLD/TC4xx/CpuGeneric/Port/Std/IfxPort.h ****     IfxPort_EsrPadCfg_TPU = 1,  /**< \brief Tristate, weak pull-up */
 310:../Libraries/iLLD/TC4xx/CpuGeneric/Port/Std/IfxPort.h ****     IfxPort_EsrPadCfg_TPD = 2   /**< \brief Tristate, weak pull-down */
 311:../Libraries/iLLD/TC4xx/CpuGeneric/Port/Std/IfxPort.h **** } IfxPort_EsrPadCfg;
 312:../Libraries/iLLD/TC4xx/CpuGeneric/Port/Std/IfxPort.h **** 
 313:../Libraries/iLLD/TC4xx/CpuGeneric/Port/Std/IfxPort.h **** /** \brief Enable/DIsable LVDS direction TX or RX
 314:../Libraries/iLLD/TC4xx/CpuGeneric/Port/Std/IfxPort.h ****  */
 315:../Libraries/iLLD/TC4xx/CpuGeneric/Port/Std/IfxPort.h **** typedef enum
 316:../Libraries/iLLD/TC4xx/CpuGeneric/Port/Std/IfxPort.h **** {
 317:../Libraries/iLLD/TC4xx/CpuGeneric/Port/Std/IfxPort.h ****     IfxPort_LvdsDirection_rx = 0,  /**< \brief LVDS direction RX */
 318:../Libraries/iLLD/TC4xx/CpuGeneric/Port/Std/IfxPort.h ****     IfxPort_LvdsDirection_tx = 1   /**< \brief LVDS direction TX */
 319:../Libraries/iLLD/TC4xx/CpuGeneric/Port/Std/IfxPort.h **** } IfxPort_LvdsDirection;
 320:../Libraries/iLLD/TC4xx/CpuGeneric/Port/Std/IfxPort.h **** 
 321:../Libraries/iLLD/TC4xx/CpuGeneric/Port/Std/IfxPort.h **** /** \brief Enable/DIsable LVDS Path.declared in MODULE_PORTx.LPCRx.TX_EN and MODULE_PORTx.LPCRx.RX_
 322:../Libraries/iLLD/TC4xx/CpuGeneric/Port/Std/IfxPort.h ****  */
 323:../Libraries/iLLD/TC4xx/CpuGeneric/Port/Std/IfxPort.h **** typedef enum
 324:../Libraries/iLLD/TC4xx/CpuGeneric/Port/Std/IfxPort.h **** {
 325:../Libraries/iLLD/TC4xx/CpuGeneric/Port/Std/IfxPort.h ****     IfxPort_LvdsPath_enable  = 0, /**< \brief LVDS enabled */
 326:../Libraries/iLLD/TC4xx/CpuGeneric/Port/Std/IfxPort.h ****     IfxPort_LvdsPath_disable = 1  /**< \brief LVDS disabled */
 327:../Libraries/iLLD/TC4xx/CpuGeneric/Port/Std/IfxPort.h **** } IfxPort_LvdsPath;
 328:../Libraries/iLLD/TC4xx/CpuGeneric/Port/Std/IfxPort.h **** 
 329:../Libraries/iLLD/TC4xx/CpuGeneric/Port/Std/IfxPort.h **** /** \brief Specifies whether LVDS pull down resistor must be enabled/disabled as declared in Regist
 330:../Libraries/iLLD/TC4xx/CpuGeneric/Port/Std/IfxPort.h ****  */
 331:../Libraries/iLLD/TC4xx/CpuGeneric/Port/Std/IfxPort.h **** typedef enum
 332:../Libraries/iLLD/TC4xx/CpuGeneric/Port/Std/IfxPort.h **** {
 333:../Libraries/iLLD/TC4xx/CpuGeneric/Port/Std/IfxPort.h ****     IfxPort_LvdsPullDown_disable = 0,  /**< \brief Disable Pull Down resistor */
 334:../Libraries/iLLD/TC4xx/CpuGeneric/Port/Std/IfxPort.h ****     IfxPort_LvdsPullDown_enable  = 1   /**< \brief Enable Pull Down resistor */
 335:../Libraries/iLLD/TC4xx/CpuGeneric/Port/Std/IfxPort.h **** } IfxPort_LvdsPullDown;
 336:../Libraries/iLLD/TC4xx/CpuGeneric/Port/Std/IfxPort.h **** 
 337:../Libraries/iLLD/TC4xx/CpuGeneric/Port/Std/IfxPort.h **** #if !defined(DEVICE_TC4PX) && !defined(DEVICE_TC4EX) && !defined(DEVICE_TC46X)
 338:../Libraries/iLLD/TC4xx/CpuGeneric/Port/Std/IfxPort.h **** /** \brief Specifies LVDS-Termination mode as declare in Register MODULE_PORT.LPCRx.TERM
 339:../Libraries/iLLD/TC4xx/CpuGeneric/Port/Std/IfxPort.h ****  */
 340:../Libraries/iLLD/TC4xx/CpuGeneric/Port/Std/IfxPort.h **** typedef enum
 341:../Libraries/iLLD/TC4xx/CpuGeneric/Port/Std/IfxPort.h **** {
 342:../Libraries/iLLD/TC4xx/CpuGeneric/Port/Std/IfxPort.h ****     IfxPort_LvdsTerminationMode_external = 0,  /**< \brief Termination Mode External */
 343:../Libraries/iLLD/TC4xx/CpuGeneric/Port/Std/IfxPort.h ****     IfxPort_LvdsTerminationMode_internal = 1   /**< \brief Termination Mode Internal */
 344:../Libraries/iLLD/TC4xx/CpuGeneric/Port/Std/IfxPort.h **** } IfxPort_LvdsTerminationMode;
 345:../Libraries/iLLD/TC4xx/CpuGeneric/Port/Std/IfxPort.h **** #endif /* #if !defined(DEVICE_TC4PX) && !defined(DEVICE_TC4EX) && !defined(DEVICE_TC46X) */
 346:../Libraries/iLLD/TC4xx/CpuGeneric/Port/Std/IfxPort.h **** 
 347:../Libraries/iLLD/TC4xx/CpuGeneric/Port/Std/IfxPort.h **** /** \brief Port Pad Access Groups
 348:../Libraries/iLLD/TC4xx/CpuGeneric/Port/Std/IfxPort.h ****  */
 349:../Libraries/iLLD/TC4xx/CpuGeneric/Port/Std/IfxPort.h **** typedef enum
 350:../Libraries/iLLD/TC4xx/CpuGeneric/Port/Std/IfxPort.h **** {
 351:../Libraries/iLLD/TC4xx/CpuGeneric/Port/Std/IfxPort.h ****     IfxPort_PadAccessGroup_PadAccessGroup0 = 0,  /**< \brief Pad Access Group 0 */
 352:../Libraries/iLLD/TC4xx/CpuGeneric/Port/Std/IfxPort.h ****     IfxPort_PadAccessGroup_PadAccessGroup1 = 1,  /**< \brief Pad Access Group 1 */
 353:../Libraries/iLLD/TC4xx/CpuGeneric/Port/Std/IfxPort.h ****     IfxPort_PadAccessGroup_PadAccessGroup2 = 2,  /**< \brief Pad Access Group 2 */
 354:../Libraries/iLLD/TC4xx/CpuGeneric/Port/Std/IfxPort.h ****     IfxPort_PadAccessGroup_PadAccessGroup3 = 3,  /**< \brief Pad Access Group 3 */
 355:../Libraries/iLLD/TC4xx/CpuGeneric/Port/Std/IfxPort.h ****     IfxPort_PadAccessGroup_PadAccessGroup4 = 4,  /**< \brief Pad Access Group 4 */
 356:../Libraries/iLLD/TC4xx/CpuGeneric/Port/Std/IfxPort.h ****     IfxPort_PadAccessGroup_PadAccessGroup5 = 5,  /**< \brief Pad Access Group 5 */
 357:../Libraries/iLLD/TC4xx/CpuGeneric/Port/Std/IfxPort.h ****     IfxPort_PadAccessGroup_PadAccessGroup6 = 6,  /**< \brief Pad Access Group 6 */
 358:../Libraries/iLLD/TC4xx/CpuGeneric/Port/Std/IfxPort.h ****     IfxPort_PadAccessGroup_PadAccessGroup7 = 7   /**< \brief Pad Access Group 7 */
 359:../Libraries/iLLD/TC4xx/CpuGeneric/Port/Std/IfxPort.h **** } IfxPort_PadAccessGroup;
 360:../Libraries/iLLD/TC4xx/CpuGeneric/Port/Std/IfxPort.h **** 
 361:../Libraries/iLLD/TC4xx/CpuGeneric/Port/Std/IfxPort.h **** /** \brief Pad driver mode definition (strength and slew rate).
 362:../Libraries/iLLD/TC4xx/CpuGeneric/Port/Std/IfxPort.h ****  * Note: The enum is as per the DS
 363:../Libraries/iLLD/TC4xx/CpuGeneric/Port/Std/IfxPort.h ****  *
 364:../Libraries/iLLD/TC4xx/CpuGeneric/Port/Std/IfxPort.h ****  * \see Ifx_P.PADCFG.DRVCFG, IfxPort_setPinPadDriver()
 365:../Libraries/iLLD/TC4xx/CpuGeneric/Port/Std/IfxPort.h ****  */
 366:../Libraries/iLLD/TC4xx/CpuGeneric/Port/Std/IfxPort.h **** typedef enum
 367:../Libraries/iLLD/TC4xx/CpuGeneric/Port/Std/IfxPort.h **** {
 368:../Libraries/iLLD/TC4xx/CpuGeneric/Port/Std/IfxPort.h ****     IfxPort_PadDriver_cmosAutomotiveSpeed1 = (0 << 3) | (0 << 0),  /**< \brief Speed grade 1. */
 369:../Libraries/iLLD/TC4xx/CpuGeneric/Port/Std/IfxPort.h ****     IfxPort_PadDriver_cmosAutomotiveSpeed2 = (0 << 3) | (1 << 0),  /**< \brief Speed grade 2. */
 370:../Libraries/iLLD/TC4xx/CpuGeneric/Port/Std/IfxPort.h ****     IfxPort_PadDriver_cmosAutomotiveSpeed3 = (0 << 3) | (2 << 0),  /**< \brief Speed grade 3. */
 371:../Libraries/iLLD/TC4xx/CpuGeneric/Port/Std/IfxPort.h ****     IfxPort_PadDriver_ttlSpeed1            = (2 << 3) | (0 << 0),  /**< \brief Speed grade 1. */
 372:../Libraries/iLLD/TC4xx/CpuGeneric/Port/Std/IfxPort.h ****     IfxPort_PadDriver_ttlSpeed2            = (2 << 3) | (1 << 0),  /**< \brief Speed grade 2. */
 373:../Libraries/iLLD/TC4xx/CpuGeneric/Port/Std/IfxPort.h ****     IfxPort_PadDriver_ttlSpeed3            = (2 << 3) | (2 << 0),  /**< \brief Speed grade 3. */
 374:../Libraries/iLLD/TC4xx/CpuGeneric/Port/Std/IfxPort.h ****     IfxPort_PadDriver_ttl3v3Speed1         = (3 << 3) | (0 << 0),  /**< \brief ttl3v3Speed1. */
 375:../Libraries/iLLD/TC4xx/CpuGeneric/Port/Std/IfxPort.h ****     IfxPort_PadDriver_ttl3v3Speed2         = (3 << 3) | (1 << 0),  /**< \brief ttl3v3Speed2. */
 376:../Libraries/iLLD/TC4xx/CpuGeneric/Port/Std/IfxPort.h ****     IfxPort_PadDriver_ttl3v3Speed3         = (3 << 3) | (2 << 0)   /**< \brief ttl3v3Speed3. */
 377:../Libraries/iLLD/TC4xx/CpuGeneric/Port/Std/IfxPort.h **** } IfxPort_PadDriver;
 378:../Libraries/iLLD/TC4xx/CpuGeneric/Port/Std/IfxPort.h **** 
 379:../Libraries/iLLD/TC4xx/CpuGeneric/Port/Std/IfxPort.h **** /******************************************************************************/
 380:../Libraries/iLLD/TC4xx/CpuGeneric/Port/Std/IfxPort.h **** /*-----------------------------Data Structures--------------------------------*/
 381:../Libraries/iLLD/TC4xx/CpuGeneric/Port/Std/IfxPort.h **** /******************************************************************************/
 382:../Libraries/iLLD/TC4xx/CpuGeneric/Port/Std/IfxPort.h **** 
 383:../Libraries/iLLD/TC4xx/CpuGeneric/Port/Std/IfxPort.h **** /** \brief Configuration to map a specific pin to a APU group
 384:../Libraries/iLLD/TC4xx/CpuGeneric/Port/Std/IfxPort.h ****  */
 385:../Libraries/iLLD/TC4xx/CpuGeneric/Port/Std/IfxPort.h **** typedef struct
 386:../Libraries/iLLD/TC4xx/CpuGeneric/Port/Std/IfxPort.h **** {
 387:../Libraries/iLLD/TC4xx/CpuGeneric/Port/Std/IfxPort.h ****     uint8 pinIndex;       /**< \brief Pin index number. Range:0 to 15. */
 388:../Libraries/iLLD/TC4xx/CpuGeneric/Port/Std/IfxPort.h ****     uint8 grpNum;         /**< \brief The APU group number to which the pin is mapped to. Range: 0 
 389:../Libraries/iLLD/TC4xx/CpuGeneric/Port/Std/IfxPort.h **** } IfxPort_Pin_ApuConfig;
 390:../Libraries/iLLD/TC4xx/CpuGeneric/Port/Std/IfxPort.h **** 
 391:../Libraries/iLLD/TC4xx/CpuGeneric/Port/Std/IfxPort.h **** /** \addtogroup IfxLld_Port_Std_DataStructures
 392:../Libraries/iLLD/TC4xx/CpuGeneric/Port/Std/IfxPort.h ****  * \{ */
 393:../Libraries/iLLD/TC4xx/CpuGeneric/Port/Std/IfxPort.h **** /** \brief To Configure LVDS mode
 394:../Libraries/iLLD/TC4xx/CpuGeneric/Port/Std/IfxPort.h ****  */
 395:../Libraries/iLLD/TC4xx/CpuGeneric/Port/Std/IfxPort.h **** typedef struct
 396:../Libraries/iLLD/TC4xx/CpuGeneric/Port/Std/IfxPort.h **** {
 397:../Libraries/iLLD/TC4xx/CpuGeneric/Port/Std/IfxPort.h **** #if !defined(DEVICE_TC4PX) && !defined(DEVICE_TC4EX)  && !defined(DEVICE_TC46X)
 398:../Libraries/iLLD/TC4xx/CpuGeneric/Port/Std/IfxPort.h ****     IfxPort_LvdsMode     lvdsMode;                   /**< \brief specifies LVDS-M or LVDS-H mode */
 399:../Libraries/iLLD/TC4xx/CpuGeneric/Port/Std/IfxPort.h **** #endif /* #if !defined(DEVICE_TC4PX) && !defined(DEVICE_TC4EX) */
 400:../Libraries/iLLD/TC4xx/CpuGeneric/Port/Std/IfxPort.h ****     IfxPort_ControlledBy enablePortControlled;       /**< \brief specifies whether LVDS is controll
 401:../Libraries/iLLD/TC4xx/CpuGeneric/Port/Std/IfxPort.h ****     IfxPort_PadSupply    padSupply;                  /**< \brief specify supply voltage */
 402:../Libraries/iLLD/TC4xx/CpuGeneric/Port/Std/IfxPort.h **** #if !defined(DEVICE_TC4PX) && !defined(DEVICE_TC4EX)  && !defined(DEVICE_TC46X)
 403:../Libraries/iLLD/TC4xx/CpuGeneric/Port/Std/IfxPort.h ****     IfxPort_LvdsTerm     lvdsTerm;                   /**< \brief specifies external or internal LVD
 404:../Libraries/iLLD/TC4xx/CpuGeneric/Port/Std/IfxPort.h **** #endif /* #if !defined(DEVICE_TC4PX) && !defined(DEVICE_TC4EX)  && !defined(DEVICE_TC46X)*/
 405:../Libraries/iLLD/TC4xx/CpuGeneric/Port/Std/IfxPort.h **** } IfxPort_LvdsConfig;
 406:../Libraries/iLLD/TC4xx/CpuGeneric/Port/Std/IfxPort.h **** 
 407:../Libraries/iLLD/TC4xx/CpuGeneric/Port/Std/IfxPort.h **** /** \brief Defines a pin
 408:../Libraries/iLLD/TC4xx/CpuGeneric/Port/Std/IfxPort.h ****  */
 409:../Libraries/iLLD/TC4xx/CpuGeneric/Port/Std/IfxPort.h **** typedef struct
 410:../Libraries/iLLD/TC4xx/CpuGeneric/Port/Std/IfxPort.h **** {
 411:../Libraries/iLLD/TC4xx/CpuGeneric/Port/Std/IfxPort.h ****     Ifx_P *port;        /**< \brief Specifies the pointer to port registers. */
 412:../Libraries/iLLD/TC4xx/CpuGeneric/Port/Std/IfxPort.h ****     uint8  pinIndex;    /**< \brief specifies pinIndex. Range:0 to 15. */
 413:../Libraries/iLLD/TC4xx/CpuGeneric/Port/Std/IfxPort.h **** } IfxPort_Pin;
 414:../Libraries/iLLD/TC4xx/CpuGeneric/Port/Std/IfxPort.h **** 
 415:../Libraries/iLLD/TC4xx/CpuGeneric/Port/Std/IfxPort.h **** /** \brief To configure pins
 416:../Libraries/iLLD/TC4xx/CpuGeneric/Port/Std/IfxPort.h ****  */
 417:../Libraries/iLLD/TC4xx/CpuGeneric/Port/Std/IfxPort.h **** typedef struct
 418:../Libraries/iLLD/TC4xx/CpuGeneric/Port/Std/IfxPort.h **** {
 419:../Libraries/iLLD/TC4xx/CpuGeneric/Port/Std/IfxPort.h ****     Ifx_P            *port;       /**< \brief Specifies the pointer to port registers. */
 420:../Libraries/iLLD/TC4xx/CpuGeneric/Port/Std/IfxPort.h ****     uint8             pinIndex;   /**< \brief specifies pinIndex. Range:0 to 15. */
 421:../Libraries/iLLD/TC4xx/CpuGeneric/Port/Std/IfxPort.h ****     IfxPort_OutputIdx mode;       /**< \brief Pin output alternate index. */
 422:../Libraries/iLLD/TC4xx/CpuGeneric/Port/Std/IfxPort.h ****     IfxPort_PadDriver padDriver;  /**< \brief Pad driver mode. */
 423:../Libraries/iLLD/TC4xx/CpuGeneric/Port/Std/IfxPort.h **** } IfxPort_Pin_Config;
 424:../Libraries/iLLD/TC4xx/CpuGeneric/Port/Std/IfxPort.h **** 
 425:../Libraries/iLLD/TC4xx/CpuGeneric/Port/Std/IfxPort.h **** /** \} */
 426:../Libraries/iLLD/TC4xx/CpuGeneric/Port/Std/IfxPort.h **** 
 427:../Libraries/iLLD/TC4xx/CpuGeneric/Port/Std/IfxPort.h **** /** \brief APU Configuration
 428:../Libraries/iLLD/TC4xx/CpuGeneric/Port/Std/IfxPort.h ****  */
 429:../Libraries/iLLD/TC4xx/CpuGeneric/Port/Std/IfxPort.h **** typedef struct
 430:../Libraries/iLLD/TC4xx/CpuGeneric/Port/Std/IfxPort.h **** {
 431:../Libraries/iLLD/TC4xx/CpuGeneric/Port/Std/IfxPort.h ****     IfxApApu_ApuConfig apuConfig;       /**< \brief APU Configurations */
 432:../Libraries/iLLD/TC4xx/CpuGeneric/Port/Std/IfxPort.h ****     uint8              grpNum;          /**< \brief The APU group number to which the pin is mapped
 433:../Libraries/iLLD/TC4xx/CpuGeneric/Port/Std/IfxPort.h **** } IfxPort_ApuConfig;
 434:../Libraries/iLLD/TC4xx/CpuGeneric/Port/Std/IfxPort.h **** 
 435:../Libraries/iLLD/TC4xx/CpuGeneric/Port/Std/IfxPort.h **** /** \brief APU configurations for All the APU groups
 436:../Libraries/iLLD/TC4xx/CpuGeneric/Port/Std/IfxPort.h ****  * And mapping from a pin to a specific APU group
 437:../Libraries/iLLD/TC4xx/CpuGeneric/Port/Std/IfxPort.h ****  */
 438:../Libraries/iLLD/TC4xx/CpuGeneric/Port/Std/IfxPort.h **** typedef struct
 439:../Libraries/iLLD/TC4xx/CpuGeneric/Port/Std/IfxPort.h **** {
 440:../Libraries/iLLD/TC4xx/CpuGeneric/Port/Std/IfxPort.h ****     IfxApApu_ApuConfig    apuConfig[IFXPORT_NUM_APU];       /**< \brief APU Configurations for all 
 441:../Libraries/iLLD/TC4xx/CpuGeneric/Port/Std/IfxPort.h ****     IfxPort_Pin_ApuConfig pinConfig[IFXPORT_NUM_PINS];      /**< \brief Configuration to map a spec
 442:../Libraries/iLLD/TC4xx/CpuGeneric/Port/Std/IfxPort.h **** } IfxPort_ApuGroupConfig;
 443:../Libraries/iLLD/TC4xx/CpuGeneric/Port/Std/IfxPort.h **** 
 444:../Libraries/iLLD/TC4xx/CpuGeneric/Port/Std/IfxPort.h **** /** \brief PROT Configuration
 445:../Libraries/iLLD/TC4xx/CpuGeneric/Port/Std/IfxPort.h ****  */
 446:../Libraries/iLLD/TC4xx/CpuGeneric/Port/Std/IfxPort.h **** typedef struct
 447:../Libraries/iLLD/TC4xx/CpuGeneric/Port/Std/IfxPort.h **** {
 448:../Libraries/iLLD/TC4xx/CpuGeneric/Port/Std/IfxPort.h ****     IfxApProt_ProtConfig protseConfig;        /**< \brief PROT SE Configurations */
 449:../Libraries/iLLD/TC4xx/CpuGeneric/Port/Std/IfxPort.h **** } IfxPort_ProtConfig;
 450:../Libraries/iLLD/TC4xx/CpuGeneric/Port/Std/IfxPort.h **** 
 451:../Libraries/iLLD/TC4xx/CpuGeneric/Port/Std/IfxPort.h **** /** \addtogroup IfxLld_Port_Std_SinglePin
 452:../Libraries/iLLD/TC4xx/CpuGeneric/Port/Std/IfxPort.h ****  * \{ */
 453:../Libraries/iLLD/TC4xx/CpuGeneric/Port/Std/IfxPort.h **** 
 454:../Libraries/iLLD/TC4xx/CpuGeneric/Port/Std/IfxPort.h **** /******************************************************************************/
 455:../Libraries/iLLD/TC4xx/CpuGeneric/Port/Std/IfxPort.h **** /*-------------------------Inline Function Prototypes-------------------------*/
 456:../Libraries/iLLD/TC4xx/CpuGeneric/Port/Std/IfxPort.h **** /******************************************************************************/
 457:../Libraries/iLLD/TC4xx/CpuGeneric/Port/Std/IfxPort.h **** 
 458:../Libraries/iLLD/TC4xx/CpuGeneric/Port/Std/IfxPort.h **** /** \brief Return the port state.
 459:../Libraries/iLLD/TC4xx/CpuGeneric/Port/Std/IfxPort.h ****  *
 460:../Libraries/iLLD/TC4xx/CpuGeneric/Port/Std/IfxPort.h ****  * \param[in] port     Pointer to the port which should be accessed.
 461:../Libraries/iLLD/TC4xx/CpuGeneric/Port/Std/IfxPort.h ****  * \param[in] pinIndex Specifies the pin for which the state should be returned. Range: 0 to 15.
 462:../Libraries/iLLD/TC4xx/CpuGeneric/Port/Std/IfxPort.h ****  *
 463:../Libraries/iLLD/TC4xx/CpuGeneric/Port/Std/IfxPort.h ****  * \retval TRUE If the pin is high.
 464:../Libraries/iLLD/TC4xx/CpuGeneric/Port/Std/IfxPort.h ****  *         FALSE If the pin is low.
 465:../Libraries/iLLD/TC4xx/CpuGeneric/Port/Std/IfxPort.h ****  *
 466:../Libraries/iLLD/TC4xx/CpuGeneric/Port/Std/IfxPort.h ****  * Coding example:
 467:../Libraries/iLLD/TC4xx/CpuGeneric/Port/Std/IfxPort.h ****  * \code
 468:../Libraries/iLLD/TC4xx/CpuGeneric/Port/Std/IfxPort.h ****  *    if( IfxPort_getPinState(&MODULE_P33, 0) ) {
 469:../Libraries/iLLD/TC4xx/CpuGeneric/Port/Std/IfxPort.h ****  *      // ...
 470:../Libraries/iLLD/TC4xx/CpuGeneric/Port/Std/IfxPort.h ****  *    }
 471:../Libraries/iLLD/TC4xx/CpuGeneric/Port/Std/IfxPort.h ****  * \endcode
 472:../Libraries/iLLD/TC4xx/CpuGeneric/Port/Std/IfxPort.h ****  *
 473:../Libraries/iLLD/TC4xx/CpuGeneric/Port/Std/IfxPort.h ****  */
 474:../Libraries/iLLD/TC4xx/CpuGeneric/Port/Std/IfxPort.h **** IFX_INLINE boolean IfxPort_getPinState(Ifx_P *port, uint8 pinIndex);
 475:../Libraries/iLLD/TC4xx/CpuGeneric/Port/Std/IfxPort.h **** 
 476:../Libraries/iLLD/TC4xx/CpuGeneric/Port/Std/IfxPort.h **** /** \brief Set analog/digital mode for pin.
 477:../Libraries/iLLD/TC4xx/CpuGeneric/Port/Std/IfxPort.h ****  *
 478:../Libraries/iLLD/TC4xx/CpuGeneric/Port/Std/IfxPort.h ****  * \param[inout] port     Pointer to Port register space.
 479:../Libraries/iLLD/TC4xx/CpuGeneric/Port/Std/IfxPort.h ****  * \param[in]    pinIndex Specifies the pin index. Range: 0 to 15.
 480:../Libraries/iLLD/TC4xx/CpuGeneric/Port/Std/IfxPort.h ****  * \param[in]    mode set Analog/digital mode. Range: \ref IfxPort_PinFunctionMode.
 481:../Libraries/iLLD/TC4xx/CpuGeneric/Port/Std/IfxPort.h ****  *
 482:../Libraries/iLLD/TC4xx/CpuGeneric/Port/Std/IfxPort.h ****  * \retval None
 483:../Libraries/iLLD/TC4xx/CpuGeneric/Port/Std/IfxPort.h ****  */
 484:../Libraries/iLLD/TC4xx/CpuGeneric/Port/Std/IfxPort.h **** IFX_INLINE void IfxPort_setPinFunctionMode(Ifx_P *port, uint8 pinIndex, IfxPort_PinFunctionMode mod
 485:../Libraries/iLLD/TC4xx/CpuGeneric/Port/Std/IfxPort.h **** 
 486:../Libraries/iLLD/TC4xx/CpuGeneric/Port/Std/IfxPort.h **** /** \brief Set the port output.
 487:../Libraries/iLLD/TC4xx/CpuGeneric/Port/Std/IfxPort.h ****  *
 488:../Libraries/iLLD/TC4xx/CpuGeneric/Port/Std/IfxPort.h ****  * \param[inout] port     Pointer to the port which should be accessed.
 489:../Libraries/iLLD/TC4xx/CpuGeneric/Port/Std/IfxPort.h ****  * \param[in]    pinIndex Specifies the pin to be set. Range: 0 to 15.
 490:../Libraries/iLLD/TC4xx/CpuGeneric/Port/Std/IfxPort.h ****  *
 491:../Libraries/iLLD/TC4xx/CpuGeneric/Port/Std/IfxPort.h ****  * \retval None
 492:../Libraries/iLLD/TC4xx/CpuGeneric/Port/Std/IfxPort.h ****  *
 493:../Libraries/iLLD/TC4xx/CpuGeneric/Port/Std/IfxPort.h ****  * Coding example:
 494:../Libraries/iLLD/TC4xx/CpuGeneric/Port/Std/IfxPort.h ****  * \code
 495:../Libraries/iLLD/TC4xx/CpuGeneric/Port/Std/IfxPort.h ****  * IfxPort_setPinHigh(&MODULE_P33, 0);
 496:../Libraries/iLLD/TC4xx/CpuGeneric/Port/Std/IfxPort.h ****  * \endcode
 497:../Libraries/iLLD/TC4xx/CpuGeneric/Port/Std/IfxPort.h ****  *
 498:../Libraries/iLLD/TC4xx/CpuGeneric/Port/Std/IfxPort.h ****  * \see IfxPort_setPinState(), IfxPort_setPinLow(), IfxPort_togglePin()
 499:../Libraries/iLLD/TC4xx/CpuGeneric/Port/Std/IfxPort.h ****  *
 500:../Libraries/iLLD/TC4xx/CpuGeneric/Port/Std/IfxPort.h ****  */
 501:../Libraries/iLLD/TC4xx/CpuGeneric/Port/Std/IfxPort.h **** IFX_INLINE void IfxPort_setPinHigh(Ifx_P *port, uint8 pinIndex);
 502:../Libraries/iLLD/TC4xx/CpuGeneric/Port/Std/IfxPort.h **** 
 503:../Libraries/iLLD/TC4xx/CpuGeneric/Port/Std/IfxPort.h **** /** \brief Reset the port output.
 504:../Libraries/iLLD/TC4xx/CpuGeneric/Port/Std/IfxPort.h ****  *
 505:../Libraries/iLLD/TC4xx/CpuGeneric/Port/Std/IfxPort.h ****  * \param[inout] port     Pointer to the port which should be accessed.
 506:../Libraries/iLLD/TC4xx/CpuGeneric/Port/Std/IfxPort.h ****  * \param[in]    pinIndex Specifies the pin to be reset. Range: 0 to 15.
 507:../Libraries/iLLD/TC4xx/CpuGeneric/Port/Std/IfxPort.h ****  *
 508:../Libraries/iLLD/TC4xx/CpuGeneric/Port/Std/IfxPort.h ****  * \retval None
 509:../Libraries/iLLD/TC4xx/CpuGeneric/Port/Std/IfxPort.h ****  *
 510:../Libraries/iLLD/TC4xx/CpuGeneric/Port/Std/IfxPort.h ****  * Coding example:
 511:../Libraries/iLLD/TC4xx/CpuGeneric/Port/Std/IfxPort.h ****  * \code
 512:../Libraries/iLLD/TC4xx/CpuGeneric/Port/Std/IfxPort.h ****  * IfxPort_setPinLow(&MODULE_P33, 0);
 513:../Libraries/iLLD/TC4xx/CpuGeneric/Port/Std/IfxPort.h ****  * \endcode
 514:../Libraries/iLLD/TC4xx/CpuGeneric/Port/Std/IfxPort.h ****  *
 515:../Libraries/iLLD/TC4xx/CpuGeneric/Port/Std/IfxPort.h ****  * \see IfxPort_setPinState(), IfxPort_setPinHigh(), IfxPort_togglePin()
 516:../Libraries/iLLD/TC4xx/CpuGeneric/Port/Std/IfxPort.h ****  *
 517:../Libraries/iLLD/TC4xx/CpuGeneric/Port/Std/IfxPort.h ****  */
 518:../Libraries/iLLD/TC4xx/CpuGeneric/Port/Std/IfxPort.h **** IFX_INLINE void IfxPort_setPinLow(Ifx_P *port, uint8 pinIndex);
 519:../Libraries/iLLD/TC4xx/CpuGeneric/Port/Std/IfxPort.h **** 
 520:../Libraries/iLLD/TC4xx/CpuGeneric/Port/Std/IfxPort.h **** /** \brief Configure the port input / output mode.
 521:../Libraries/iLLD/TC4xx/CpuGeneric/Port/Std/IfxPort.h ****  *
 522:../Libraries/iLLD/TC4xx/CpuGeneric/Port/Std/IfxPort.h ****  * \param[inout] port     Pointer to the port which should be accessed.
 523:../Libraries/iLLD/TC4xx/CpuGeneric/Port/Std/IfxPort.h ****  * \param[in]    pinIndex Specifies the pin to be configured. Range: 0 to 15.
 524:../Libraries/iLLD/TC4xx/CpuGeneric/Port/Std/IfxPort.h ****  * \param[in]    mode     Specifies the port pin mode. Range: \ref IfxPort_InputMode.
 525:../Libraries/iLLD/TC4xx/CpuGeneric/Port/Std/IfxPort.h ****  *
 526:../Libraries/iLLD/TC4xx/CpuGeneric/Port/Std/IfxPort.h ****  * \retval None
 527:../Libraries/iLLD/TC4xx/CpuGeneric/Port/Std/IfxPort.h ****  *
 528:../Libraries/iLLD/TC4xx/CpuGeneric/Port/Std/IfxPort.h ****  * Coding example:
 529:../Libraries/iLLD/TC4xx/CpuGeneric/Port/Std/IfxPort.h ****  * \code
 530:../Libraries/iLLD/TC4xx/CpuGeneric/Port/Std/IfxPort.h ****  *     IfxPort_setPinModeInput(&MODULE_P33, 0, IfxPort_InputMode_pullUp);
 531:../Libraries/iLLD/TC4xx/CpuGeneric/Port/Std/IfxPort.h ****  * \endcode
 532:../Libraries/iLLD/TC4xx/CpuGeneric/Port/Std/IfxPort.h ****  *
 533:../Libraries/iLLD/TC4xx/CpuGeneric/Port/Std/IfxPort.h ****  */
 534:../Libraries/iLLD/TC4xx/CpuGeneric/Port/Std/IfxPort.h **** IFX_INLINE void IfxPort_setPinModeInput(Ifx_P *port, uint8 pinIndex, IfxPort_InputMode mode);
 535:../Libraries/iLLD/TC4xx/CpuGeneric/Port/Std/IfxPort.h **** 
 536:../Libraries/iLLD/TC4xx/CpuGeneric/Port/Std/IfxPort.h **** /** \brief Configure the port input / output mode.
 537:../Libraries/iLLD/TC4xx/CpuGeneric/Port/Std/IfxPort.h ****  *
 538:../Libraries/iLLD/TC4xx/CpuGeneric/Port/Std/IfxPort.h ****  * \param[inout] port     Pointer to the port which should be accessed.
 539:../Libraries/iLLD/TC4xx/CpuGeneric/Port/Std/IfxPort.h ****  * \param[in]    pinIndex Specifies the pin to be configured. Range: 0 to 15.
 540:../Libraries/iLLD/TC4xx/CpuGeneric/Port/Std/IfxPort.h ****  * \param[in]    mode     Specifies the port pin mode. Range: \ref IfxPort_OutputMode.
 541:../Libraries/iLLD/TC4xx/CpuGeneric/Port/Std/IfxPort.h ****  * \param[in]    index    Specifies the alternate (or general purpose) output channel. Range: \ref 
 542:../Libraries/iLLD/TC4xx/CpuGeneric/Port/Std/IfxPort.h ****  *
 543:../Libraries/iLLD/TC4xx/CpuGeneric/Port/Std/IfxPort.h ****  * \retval None
 544:../Libraries/iLLD/TC4xx/CpuGeneric/Port/Std/IfxPort.h ****  *
 545:../Libraries/iLLD/TC4xx/CpuGeneric/Port/Std/IfxPort.h ****  * Coding example:
 546:../Libraries/iLLD/TC4xx/CpuGeneric/Port/Std/IfxPort.h ****  * \code
 547:../Libraries/iLLD/TC4xx/CpuGeneric/Port/Std/IfxPort.h ****  *     IfxPort_setPinModeOutput(&MODULE_P33, 0, IfxPort_OutputMode_pushPull, IfxPort_OutputIdx_gene
 548:../Libraries/iLLD/TC4xx/CpuGeneric/Port/Std/IfxPort.h ****  * \endcode
 549:../Libraries/iLLD/TC4xx/CpuGeneric/Port/Std/IfxPort.h ****  *
 550:../Libraries/iLLD/TC4xx/CpuGeneric/Port/Std/IfxPort.h ****  */
 551:../Libraries/iLLD/TC4xx/CpuGeneric/Port/Std/IfxPort.h **** IFX_INLINE void IfxPort_setPinModeOutput(Ifx_P *port, uint8 pinIndex, IfxPort_OutputMode mode, IfxP
 552:../Libraries/iLLD/TC4xx/CpuGeneric/Port/Std/IfxPort.h **** 
 553:../Libraries/iLLD/TC4xx/CpuGeneric/Port/Std/IfxPort.h **** /** \brief Set / Resets / Toggle the port output.
 554:../Libraries/iLLD/TC4xx/CpuGeneric/Port/Std/IfxPort.h ****  *
 555:../Libraries/iLLD/TC4xx/CpuGeneric/Port/Std/IfxPort.h ****  * \param[inout] port     Pointer to the port which should be accessed.
 556:../Libraries/iLLD/TC4xx/CpuGeneric/Port/Std/IfxPort.h ****  * \param[in]    pinIndex Specifies the pin to modify. Range: 0 to 15.
 557:../Libraries/iLLD/TC4xx/CpuGeneric/Port/Std/IfxPort.h ****  * \param[in]    action   Specifies the action: set, reset, toggle. Range: \ref IfxPort_State.
 558:../Libraries/iLLD/TC4xx/CpuGeneric/Port/Std/IfxPort.h ****  *
 559:../Libraries/iLLD/TC4xx/CpuGeneric/Port/Std/IfxPort.h ****  * \retval None
 560:../Libraries/iLLD/TC4xx/CpuGeneric/Port/Std/IfxPort.h ****  *
 561:../Libraries/iLLD/TC4xx/CpuGeneric/Port/Std/IfxPort.h ****  * Coding example:
 562:../Libraries/iLLD/TC4xx/CpuGeneric/Port/Std/IfxPort.h ****  * \code
 563:../Libraries/iLLD/TC4xx/CpuGeneric/Port/Std/IfxPort.h ****  * IfxPort_setPinState(&MODULE_P33, 0, IfxPort_State_toggled);
 564:../Libraries/iLLD/TC4xx/CpuGeneric/Port/Std/IfxPort.h ****  * IfxPort_setPinState(&MODULE_P33, 0, IfxPort_State_toggled);
 565:../Libraries/iLLD/TC4xx/CpuGeneric/Port/Std/IfxPort.h ****  * IfxPort_setPinState(&MODULE_P33, 0, IfxPort_State_toggled);
 566:../Libraries/iLLD/TC4xx/CpuGeneric/Port/Std/IfxPort.h ****  * \endcode
 567:../Libraries/iLLD/TC4xx/CpuGeneric/Port/Std/IfxPort.h ****  *
 568:../Libraries/iLLD/TC4xx/CpuGeneric/Port/Std/IfxPort.h ****  */
 569:../Libraries/iLLD/TC4xx/CpuGeneric/Port/Std/IfxPort.h **** IFX_INLINE void IfxPort_setPinState(Ifx_P *port, uint8 pinIndex, IfxPort_State action);
 570:../Libraries/iLLD/TC4xx/CpuGeneric/Port/Std/IfxPort.h **** 
 571:../Libraries/iLLD/TC4xx/CpuGeneric/Port/Std/IfxPort.h **** /** \brief Toggle the port output.
 572:../Libraries/iLLD/TC4xx/CpuGeneric/Port/Std/IfxPort.h ****  *
 573:../Libraries/iLLD/TC4xx/CpuGeneric/Port/Std/IfxPort.h ****  * \param[inout] port     Pointer to the port which should be accessed.
 574:../Libraries/iLLD/TC4xx/CpuGeneric/Port/Std/IfxPort.h ****  * \param[in]    pinIndex Specifies the pin to be toggled. Range: 0 to 15.
 575:../Libraries/iLLD/TC4xx/CpuGeneric/Port/Std/IfxPort.h ****  *
 576:../Libraries/iLLD/TC4xx/CpuGeneric/Port/Std/IfxPort.h ****  * \retval None
 577:../Libraries/iLLD/TC4xx/CpuGeneric/Port/Std/IfxPort.h ****  *
 578:../Libraries/iLLD/TC4xx/CpuGeneric/Port/Std/IfxPort.h ****  * Coding example:
 579:../Libraries/iLLD/TC4xx/CpuGeneric/Port/Std/IfxPort.h ****  * \code
 580:../Libraries/iLLD/TC4xx/CpuGeneric/Port/Std/IfxPort.h ****  * IfxPort_togglePin(&MODULE_P33, 0);
 581:../Libraries/iLLD/TC4xx/CpuGeneric/Port/Std/IfxPort.h ****  * \endcode
 582:../Libraries/iLLD/TC4xx/CpuGeneric/Port/Std/IfxPort.h ****  *
 583:../Libraries/iLLD/TC4xx/CpuGeneric/Port/Std/IfxPort.h ****  * \see IfxPort_setPinState(), IfxPort_setPinLow(), IfxPort_setPinHigh()
 584:../Libraries/iLLD/TC4xx/CpuGeneric/Port/Std/IfxPort.h ****  *
 585:../Libraries/iLLD/TC4xx/CpuGeneric/Port/Std/IfxPort.h ****  */
 586:../Libraries/iLLD/TC4xx/CpuGeneric/Port/Std/IfxPort.h **** IFX_INLINE void IfxPort_togglePin(Ifx_P *port, uint8 pinIndex);
 587:../Libraries/iLLD/TC4xx/CpuGeneric/Port/Std/IfxPort.h **** 
 588:../Libraries/iLLD/TC4xx/CpuGeneric/Port/Std/IfxPort.h **** #if !defined(DEVICE_TC4PX) && !defined(DEVICE_TC4EX) && !defined(DEVICE_TC46X)
 589:../Libraries/iLLD/TC4xx/CpuGeneric/Port/Std/IfxPort.h **** /** \brief Select the reduced frequency mode LVDS-M/LVDS-H.
 590:../Libraries/iLLD/TC4xx/CpuGeneric/Port/Std/IfxPort.h ****  *
 591:../Libraries/iLLD/TC4xx/CpuGeneric/Port/Std/IfxPort.h ****  * \param[inout] port     Pointer to Port Register space.
 592:../Libraries/iLLD/TC4xx/CpuGeneric/Port/Std/IfxPort.h ****  * \param[in]    pinIndex Specifies pin index. Range: 0 to 15.
 593:../Libraries/iLLD/TC4xx/CpuGeneric/Port/Std/IfxPort.h ****  * \param[in]    lvdsMode Specifies the LVDS mode. Range: \ref IfxPort_LvdsMode.
 594:../Libraries/iLLD/TC4xx/CpuGeneric/Port/Std/IfxPort.h ****  *
 595:../Libraries/iLLD/TC4xx/CpuGeneric/Port/Std/IfxPort.h ****  * \retval None
 596:../Libraries/iLLD/TC4xx/CpuGeneric/Port/Std/IfxPort.h ****  */
 597:../Libraries/iLLD/TC4xx/CpuGeneric/Port/Std/IfxPort.h **** IFX_INLINE void IfxPort_setPinLVDS(Ifx_P *port, uint8 pinIndex, IfxPort_LvdsMode lvdsMode);
 598:../Libraries/iLLD/TC4xx/CpuGeneric/Port/Std/IfxPort.h **** 
 599:../Libraries/iLLD/TC4xx/CpuGeneric/Port/Std/IfxPort.h **** /** \brief Returns the configured reduced frequency mode LVDS-M/LVDS-H.
 600:../Libraries/iLLD/TC4xx/CpuGeneric/Port/Std/IfxPort.h ****  *
 601:../Libraries/iLLD/TC4xx/CpuGeneric/Port/Std/IfxPort.h ****  * \param[in] port     Pointer to Port Register space.
 602:../Libraries/iLLD/TC4xx/CpuGeneric/Port/Std/IfxPort.h ****  * \param[in] pinIndex Specifies pin index. Range: 0 to 15.
 603:../Libraries/iLLD/TC4xx/CpuGeneric/Port/Std/IfxPort.h ****  *
 604:../Libraries/iLLD/TC4xx/CpuGeneric/Port/Std/IfxPort.h ****  * \retval IfxPort_LvdsMode Specifies the lvds mode. Range: \ref IfxPort_LvdsMode.
 605:../Libraries/iLLD/TC4xx/CpuGeneric/Port/Std/IfxPort.h ****  */
 606:../Libraries/iLLD/TC4xx/CpuGeneric/Port/Std/IfxPort.h **** IFX_INLINE IfxPort_LvdsMode IfxPort_getPinLVDS(Ifx_P *port, uint8 pinIndex);
 607:../Libraries/iLLD/TC4xx/CpuGeneric/Port/Std/IfxPort.h **** #endif /* #if !defined(DEVICE_TC4PX) && !defined(DEVICE_TC4EX)  && !defined(DEVICE_TC46X) */
 608:../Libraries/iLLD/TC4xx/CpuGeneric/Port/Std/IfxPort.h **** 
 609:../Libraries/iLLD/TC4xx/CpuGeneric/Port/Std/IfxPort.h **** /******************************************************************************/
 610:../Libraries/iLLD/TC4xx/CpuGeneric/Port/Std/IfxPort.h **** /*-------------------------Global Function Prototypes-------------------------*/
 611:../Libraries/iLLD/TC4xx/CpuGeneric/Port/Std/IfxPort.h **** /******************************************************************************/
 612:../Libraries/iLLD/TC4xx/CpuGeneric/Port/Std/IfxPort.h **** 
 613:../Libraries/iLLD/TC4xx/CpuGeneric/Port/Std/IfxPort.h **** /** \brief Disable the emergency stop function.
 614:../Libraries/iLLD/TC4xx/CpuGeneric/Port/Std/IfxPort.h ****  * This function disables the emergency stop function. A check is done on port functionality.
 615:../Libraries/iLLD/TC4xx/CpuGeneric/Port/Std/IfxPort.h ****  *
 616:../Libraries/iLLD/TC4xx/CpuGeneric/Port/Std/IfxPort.h ****  * \param[inout] port     Pointer to the port which should be accessed.
 617:../Libraries/iLLD/TC4xx/CpuGeneric/Port/Std/IfxPort.h ****  * \param[in]    pinIndex Specifies the pin for which the emergency stop function should be disable
 618:../Libraries/iLLD/TC4xx/CpuGeneric/Port/Std/IfxPort.h ****  *
 619:../Libraries/iLLD/TC4xx/CpuGeneric/Port/Std/IfxPort.h ****  * \retval TRUE If the emergency stop function has been disabled.
 620:../Libraries/iLLD/TC4xx/CpuGeneric/Port/Std/IfxPort.h ****  *         FALSE If the emergency stop function could not be disabled.
 621:../Libraries/iLLD/TC4xx/CpuGeneric/Port/Std/IfxPort.h ****  *
 622:../Libraries/iLLD/TC4xx/CpuGeneric/Port/Std/IfxPort.h ****  * Coding example:
 623:../Libraries/iLLD/TC4xx/CpuGeneric/Port/Std/IfxPort.h ****  * /code
 624:../Libraries/iLLD/TC4xx/CpuGeneric/Port/Std/IfxPort.h ****  *     if( !IfxPort_disableEmergencyStop(&MODULE_P33, 0) )
 625:../Libraries/iLLD/TC4xx/CpuGeneric/Port/Std/IfxPort.h ****  *     {
 626:../Libraries/iLLD/TC4xx/CpuGeneric/Port/Std/IfxPort.h ****  *         // failed to disable emergency stop for P33.0
 627:../Libraries/iLLD/TC4xx/CpuGeneric/Port/Std/IfxPort.h ****  *     }
 628:../Libraries/iLLD/TC4xx/CpuGeneric/Port/Std/IfxPort.h ****  * /endcode
 629:../Libraries/iLLD/TC4xx/CpuGeneric/Port/Std/IfxPort.h ****  *
 630:../Libraries/iLLD/TC4xx/CpuGeneric/Port/Std/IfxPort.h ****  * \see IfxPort_disableEmergencyStop(), IfxPort_resetESR()
 631:../Libraries/iLLD/TC4xx/CpuGeneric/Port/Std/IfxPort.h ****  *
 632:../Libraries/iLLD/TC4xx/CpuGeneric/Port/Std/IfxPort.h ****  */
 633:../Libraries/iLLD/TC4xx/CpuGeneric/Port/Std/IfxPort.h **** IFX_EXTERN boolean IfxPort_disableEmergencyStop(Ifx_P *port, uint8 pinIndex);
 634:../Libraries/iLLD/TC4xx/CpuGeneric/Port/Std/IfxPort.h **** 
 635:../Libraries/iLLD/TC4xx/CpuGeneric/Port/Std/IfxPort.h **** /** \brief Enable the emergency stop function.
 636:../Libraries/iLLD/TC4xx/CpuGeneric/Port/Std/IfxPort.h ****  * This function enables the emergency stop function. A check is done on port functionality.
 637:../Libraries/iLLD/TC4xx/CpuGeneric/Port/Std/IfxPort.h ****  *
 638:../Libraries/iLLD/TC4xx/CpuGeneric/Port/Std/IfxPort.h ****  * \param[inout] port     Pointer to the port which should be accessed.
 639:../Libraries/iLLD/TC4xx/CpuGeneric/Port/Std/IfxPort.h ****  * \param[in]    pinIndex Specifies the pin for which the emergency stop function should be enabled
 640:../Libraries/iLLD/TC4xx/CpuGeneric/Port/Std/IfxPort.h ****  *
 641:../Libraries/iLLD/TC4xx/CpuGeneric/Port/Std/IfxPort.h ****  * \retval TRUE If emergency stop function was successfully enabled.
 642:../Libraries/iLLD/TC4xx/CpuGeneric/Port/Std/IfxPort.h ****  *         FALSE If failed to enable the emergency stop function.
 643:../Libraries/iLLD/TC4xx/CpuGeneric/Port/Std/IfxPort.h ****  *
 644:../Libraries/iLLD/TC4xx/CpuGeneric/Port/Std/IfxPort.h ****  * Coding example:
 645:../Libraries/iLLD/TC4xx/CpuGeneric/Port/Std/IfxPort.h ****  * \code
 646:../Libraries/iLLD/TC4xx/CpuGeneric/Port/Std/IfxPort.h ****  *     if( !IfxPort_enableEmergencyStop(&MODULE_P33, 0) ) {
 647:../Libraries/iLLD/TC4xx/CpuGeneric/Port/Std/IfxPort.h ****  *       // failed to enable emergency stop for P33.0
 648:../Libraries/iLLD/TC4xx/CpuGeneric/Port/Std/IfxPort.h ****  *     }
 649:../Libraries/iLLD/TC4xx/CpuGeneric/Port/Std/IfxPort.h ****  * \endcode
 650:../Libraries/iLLD/TC4xx/CpuGeneric/Port/Std/IfxPort.h ****  *
 651:../Libraries/iLLD/TC4xx/CpuGeneric/Port/Std/IfxPort.h ****  * \see IfxPort_disableEmergencyStop(), IfxPort_setESR()
 652:../Libraries/iLLD/TC4xx/CpuGeneric/Port/Std/IfxPort.h ****  *
 653:../Libraries/iLLD/TC4xx/CpuGeneric/Port/Std/IfxPort.h ****  */
 654:../Libraries/iLLD/TC4xx/CpuGeneric/Port/Std/IfxPort.h **** IFX_EXTERN boolean IfxPort_enableEmergencyStop(Ifx_P *port, uint8 pinIndex);
 655:../Libraries/iLLD/TC4xx/CpuGeneric/Port/Std/IfxPort.h **** 
 656:../Libraries/iLLD/TC4xx/CpuGeneric/Port/Std/IfxPort.h **** /** \brief Disable the emergency stop function.
 657:../Libraries/iLLD/TC4xx/CpuGeneric/Port/Std/IfxPort.h ****  * This function disables the emergency stop function. No check is done on port functionality.
 658:../Libraries/iLLD/TC4xx/CpuGeneric/Port/Std/IfxPort.h ****  *
 659:../Libraries/iLLD/TC4xx/CpuGeneric/Port/Std/IfxPort.h ****  * \param[inout] port     Pointer to the port which should be accessed.
 660:../Libraries/iLLD/TC4xx/CpuGeneric/Port/Std/IfxPort.h ****  * \param[in]    pinIndex Specifies the pin for which the emergency stop function should be disable
 661:../Libraries/iLLD/TC4xx/CpuGeneric/Port/Std/IfxPort.h ****  *
 662:../Libraries/iLLD/TC4xx/CpuGeneric/Port/Std/IfxPort.h ****  * \retval None
 663:../Libraries/iLLD/TC4xx/CpuGeneric/Port/Std/IfxPort.h ****  *
 664:../Libraries/iLLD/TC4xx/CpuGeneric/Port/Std/IfxPort.h ****  * \see IfxPort_disableEmergencyStop()
 665:../Libraries/iLLD/TC4xx/CpuGeneric/Port/Std/IfxPort.h ****  *
 666:../Libraries/iLLD/TC4xx/CpuGeneric/Port/Std/IfxPort.h ****  */
 667:../Libraries/iLLD/TC4xx/CpuGeneric/Port/Std/IfxPort.h **** IFX_EXTERN void IfxPort_resetESR(Ifx_P *port, uint8 pinIndex);
 668:../Libraries/iLLD/TC4xx/CpuGeneric/Port/Std/IfxPort.h **** 
 669:../Libraries/iLLD/TC4xx/CpuGeneric/Port/Std/IfxPort.h **** /** \brief Enable the emergency stop function.
 670:../Libraries/iLLD/TC4xx/CpuGeneric/Port/Std/IfxPort.h ****  * This function enables the emergency stop function. No check is done on port functionality.
 671:../Libraries/iLLD/TC4xx/CpuGeneric/Port/Std/IfxPort.h ****  *
 672:../Libraries/iLLD/TC4xx/CpuGeneric/Port/Std/IfxPort.h ****  * \param[inout] port     Pointer to the port which should be accessed.
 673:../Libraries/iLLD/TC4xx/CpuGeneric/Port/Std/IfxPort.h ****  * \param[in]    pinIndex Specifies the pin for which the emergency stop function should be enabled
 674:../Libraries/iLLD/TC4xx/CpuGeneric/Port/Std/IfxPort.h ****  *
 675:../Libraries/iLLD/TC4xx/CpuGeneric/Port/Std/IfxPort.h ****  * \retval None
 676:../Libraries/iLLD/TC4xx/CpuGeneric/Port/Std/IfxPort.h ****  *
 677:../Libraries/iLLD/TC4xx/CpuGeneric/Port/Std/IfxPort.h ****  * \see IfxPort_enableEmergencyStop()
 678:../Libraries/iLLD/TC4xx/CpuGeneric/Port/Std/IfxPort.h ****  *
 679:../Libraries/iLLD/TC4xx/CpuGeneric/Port/Std/IfxPort.h ****  */
 680:../Libraries/iLLD/TC4xx/CpuGeneric/Port/Std/IfxPort.h **** IFX_EXTERN void IfxPort_setESR(Ifx_P *port, uint8 pinIndex);
 681:../Libraries/iLLD/TC4xx/CpuGeneric/Port/Std/IfxPort.h **** 
 682:../Libraries/iLLD/TC4xx/CpuGeneric/Port/Std/IfxPort.h **** /** \brief Configure the port input / output mode.
 683:../Libraries/iLLD/TC4xx/CpuGeneric/Port/Std/IfxPort.h ****  * Also Configures the P40/P41 Port for digital functionality.
 684:../Libraries/iLLD/TC4xx/CpuGeneric/Port/Std/IfxPort.h ****  * which by default support analog functionality.
 685:../Libraries/iLLD/TC4xx/CpuGeneric/Port/Std/IfxPort.h ****  *
 686:../Libraries/iLLD/TC4xx/CpuGeneric/Port/Std/IfxPort.h ****  * \param[inout] port     Pointer to the port which should be accessed.
 687:../Libraries/iLLD/TC4xx/CpuGeneric/Port/Std/IfxPort.h ****  * \param[in]    pinIndex Specifies the pin to be configured. Range: 0 to 15.
 688:../Libraries/iLLD/TC4xx/CpuGeneric/Port/Std/IfxPort.h ****  * \param[in]    mode     Specifies the port pin mode. Range: \ref IfxPort_Mode.
 689:../Libraries/iLLD/TC4xx/CpuGeneric/Port/Std/IfxPort.h ****  *
 690:../Libraries/iLLD/TC4xx/CpuGeneric/Port/Std/IfxPort.h ****  * \retval None
 691:../Libraries/iLLD/TC4xx/CpuGeneric/Port/Std/IfxPort.h ****  *
 692:../Libraries/iLLD/TC4xx/CpuGeneric/Port/Std/IfxPort.h ****  * Coding example:
 693:../Libraries/iLLD/TC4xx/CpuGeneric/Port/Std/IfxPort.h ****  * \code
 694:../Libraries/iLLD/TC4xx/CpuGeneric/Port/Std/IfxPort.h ****  *     IfxPort_setPinMode(&MODULE_P33, 0, IfxPort_Mode_outputPushPullGeneral);
 695:../Libraries/iLLD/TC4xx/CpuGeneric/Port/Std/IfxPort.h ****  * \endcode
 696:../Libraries/iLLD/TC4xx/CpuGeneric/Port/Std/IfxPort.h ****  *
 697:../Libraries/iLLD/TC4xx/CpuGeneric/Port/Std/IfxPort.h ****  */
 698:../Libraries/iLLD/TC4xx/CpuGeneric/Port/Std/IfxPort.h **** IFX_EXTERN void IfxPort_setPinMode(Ifx_P *port, uint8 pinIndex, IfxPort_Mode mode);
 699:../Libraries/iLLD/TC4xx/CpuGeneric/Port/Std/IfxPort.h **** 
 700:../Libraries/iLLD/TC4xx/CpuGeneric/Port/Std/IfxPort.h **** /** \brief Configure the pad driver mode.
 701:../Libraries/iLLD/TC4xx/CpuGeneric/Port/Std/IfxPort.h ****  *
 702:../Libraries/iLLD/TC4xx/CpuGeneric/Port/Std/IfxPort.h ****  * \param[inout] port      Pointer to the port which should be accessed.
 703:../Libraries/iLLD/TC4xx/CpuGeneric/Port/Std/IfxPort.h ****  * \param[in]    pinIndex  Specifies the pin for which the mode will be set. Range: 0 to 15.
 704:../Libraries/iLLD/TC4xx/CpuGeneric/Port/Std/IfxPort.h ****  * \param[in]    padDriver Specifies the driver mode. Range: \ref IfxPort_PadDriver.
 705:../Libraries/iLLD/TC4xx/CpuGeneric/Port/Std/IfxPort.h ****  *
 706:../Libraries/iLLD/TC4xx/CpuGeneric/Port/Std/IfxPort.h ****  * \retval None
 707:../Libraries/iLLD/TC4xx/CpuGeneric/Port/Std/IfxPort.h ****  *
 708:../Libraries/iLLD/TC4xx/CpuGeneric/Port/Std/IfxPort.h ****  * Coding example:
 709:../Libraries/iLLD/TC4xx/CpuGeneric/Port/Std/IfxPort.h ****  * \code
 710:../Libraries/iLLD/TC4xx/CpuGeneric/Port/Std/IfxPort.h ****  * // enable strong 3.3V driver
 711:../Libraries/iLLD/TC4xx/CpuGeneric/Port/Std/IfxPort.h ****  * IfxPort_setPinPadDriver(&MODULE_P33, 0, IfxPort_PadDriver_cmosAutomotiveSpeed1);
 712:../Libraries/iLLD/TC4xx/CpuGeneric/Port/Std/IfxPort.h ****  * \endcode
 713:../Libraries/iLLD/TC4xx/CpuGeneric/Port/Std/IfxPort.h ****  *
 714:../Libraries/iLLD/TC4xx/CpuGeneric/Port/Std/IfxPort.h ****  */
 715:../Libraries/iLLD/TC4xx/CpuGeneric/Port/Std/IfxPort.h **** IFX_EXTERN void IfxPort_setPinPadDriver(Ifx_P *port, uint8 pinIndex, IfxPort_PadDriver padDriver);
 716:../Libraries/iLLD/TC4xx/CpuGeneric/Port/Std/IfxPort.h **** 
 717:../Libraries/iLLD/TC4xx/CpuGeneric/Port/Std/IfxPort.h **** /** \brief Enable the Pin Controller Selection.
 718:../Libraries/iLLD/TC4xx/CpuGeneric/Port/Std/IfxPort.h ****  *
 719:../Libraries/iLLD/TC4xx/CpuGeneric/Port/Std/IfxPort.h ****  * \param[inout] port     Pointer to the base of specified port's SFRs.
 720:../Libraries/iLLD/TC4xx/CpuGeneric/Port/Std/IfxPort.h ****  * \param[in]    pinIndex Specifies the pin for which the mode has to be set. Range: 0 to 15.
 721:../Libraries/iLLD/TC4xx/CpuGeneric/Port/Std/IfxPort.h ****  *
 722:../Libraries/iLLD/TC4xx/CpuGeneric/Port/Std/IfxPort.h ****  * \retval None
 723:../Libraries/iLLD/TC4xx/CpuGeneric/Port/Std/IfxPort.h ****  */
 724:../Libraries/iLLD/TC4xx/CpuGeneric/Port/Std/IfxPort.h **** IFX_EXTERN void IfxPort_setPinControllerSelection(Ifx_P *port, uint8 pinIndex);
 725:../Libraries/iLLD/TC4xx/CpuGeneric/Port/Std/IfxPort.h **** 
 726:../Libraries/iLLD/TC4xx/CpuGeneric/Port/Std/IfxPort.h **** /** \brief Resets the pin controller selection to its default state.
 727:../Libraries/iLLD/TC4xx/CpuGeneric/Port/Std/IfxPort.h ****  *
 728:../Libraries/iLLD/TC4xx/CpuGeneric/Port/Std/IfxPort.h ****  * \param[inout] port     Pointer to the base of specified port's SFRs.
 729:../Libraries/iLLD/TC4xx/CpuGeneric/Port/Std/IfxPort.h ****  * \param[in]    pinIndex Specifies the pin for which the mode has to be set. Range: 0 to 15.
 730:../Libraries/iLLD/TC4xx/CpuGeneric/Port/Std/IfxPort.h ****  *
 731:../Libraries/iLLD/TC4xx/CpuGeneric/Port/Std/IfxPort.h ****  * \retval None
 732:../Libraries/iLLD/TC4xx/CpuGeneric/Port/Std/IfxPort.h ****  */
 733:../Libraries/iLLD/TC4xx/CpuGeneric/Port/Std/IfxPort.h **** IFX_EXTERN void IfxPort_resetPinControllerSelection(Ifx_P *port, uint8 pinIndex);
 734:../Libraries/iLLD/TC4xx/CpuGeneric/Port/Std/IfxPort.h **** 
 735:../Libraries/iLLD/TC4xx/CpuGeneric/Port/Std/IfxPort.h **** /** \brief Modifies the Pin Controller Selection.
 736:../Libraries/iLLD/TC4xx/CpuGeneric/Port/Std/IfxPort.h ****  *
 737:../Libraries/iLLD/TC4xx/CpuGeneric/Port/Std/IfxPort.h ****  * \param[inout] port     Pointer to the base of specified port's SFRs.
 738:../Libraries/iLLD/TC4xx/CpuGeneric/Port/Std/IfxPort.h ****  * \param[in]    pinIndex Specifies the pin for which the mode has to be set. Range: 0 to 15.
 739:../Libraries/iLLD/TC4xx/CpuGeneric/Port/Std/IfxPort.h ****  * \param[in]    mode     Selects the controller for the port pin(Tricore,EVADC,GETH,SCR,HRPWM etc)
 740:../Libraries/iLLD/TC4xx/CpuGeneric/Port/Std/IfxPort.h ****  *
 741:../Libraries/iLLD/TC4xx/CpuGeneric/Port/Std/IfxPort.h ****  * 0-> normal function
 742:../Libraries/iLLD/TC4xx/CpuGeneric/Port/Std/IfxPort.h ****  * 1-> Alternate functionality(SCR pin,EVADC PDD,GETH RGMII/MII,HRPWM etc)
 743:../Libraries/iLLD/TC4xx/CpuGeneric/Port/Std/IfxPort.h ****  * Note:It is the Users responsibility to pass correct port, pin and mode inputs.
 744:../Libraries/iLLD/TC4xx/CpuGeneric/Port/Std/IfxPort.h ****  *
 745:../Libraries/iLLD/TC4xx/CpuGeneric/Port/Std/IfxPort.h ****  * \retval None
 746:../Libraries/iLLD/TC4xx/CpuGeneric/Port/Std/IfxPort.h ****  */
 747:../Libraries/iLLD/TC4xx/CpuGeneric/Port/Std/IfxPort.h **** IFX_EXTERN void IfxPort_modifyPinControllerSelection(Ifx_P *port, uint8 pinIndex, boolean mode);
 748:../Libraries/iLLD/TC4xx/CpuGeneric/Port/Std/IfxPort.h **** 
 749:../Libraries/iLLD/TC4xx/CpuGeneric/Port/Std/IfxPort.h **** /** \} */
 750:../Libraries/iLLD/TC4xx/CpuGeneric/Port/Std/IfxPort.h **** 
 751:../Libraries/iLLD/TC4xx/CpuGeneric/Port/Std/IfxPort.h **** /** \addtogroup IfxLld_Port_Std_PortGroup
 752:../Libraries/iLLD/TC4xx/CpuGeneric/Port/Std/IfxPort.h ****  * \{ */
 753:../Libraries/iLLD/TC4xx/CpuGeneric/Port/Std/IfxPort.h **** 
 754:../Libraries/iLLD/TC4xx/CpuGeneric/Port/Std/IfxPort.h **** /******************************************************************************/
 755:../Libraries/iLLD/TC4xx/CpuGeneric/Port/Std/IfxPort.h **** /*-------------------------Inline Function Prototypes-------------------------*/
 756:../Libraries/iLLD/TC4xx/CpuGeneric/Port/Std/IfxPort.h **** /******************************************************************************/
 757:../Libraries/iLLD/TC4xx/CpuGeneric/Port/Std/IfxPort.h **** 
 758:../Libraries/iLLD/TC4xx/CpuGeneric/Port/Std/IfxPort.h **** /** \brief Return the port group state.
 759:../Libraries/iLLD/TC4xx/CpuGeneric/Port/Std/IfxPort.h ****  *
 760:../Libraries/iLLD/TC4xx/CpuGeneric/Port/Std/IfxPort.h ****  * \param[in] port     Pointer to the port which should be accessed.
 761:../Libraries/iLLD/TC4xx/CpuGeneric/Port/Std/IfxPort.h ****  * \param[in] pinIndex Start at the given pin. Range: 0 to 15.
 762:../Libraries/iLLD/TC4xx/CpuGeneric/Port/Std/IfxPort.h ****  * \param[in] mask     Selects the pins which should be read (starting from pinIndex). Range: 0 to 
 763:../Libraries/iLLD/TC4xx/CpuGeneric/Port/Std/IfxPort.h ****  *
 764:../Libraries/iLLD/TC4xx/CpuGeneric/Port/Std/IfxPort.h ****  * \retval uint32 Returns the selected pin values. Range: 0 to 0xFFFFFFFF.
 765:../Libraries/iLLD/TC4xx/CpuGeneric/Port/Std/IfxPort.h ****  *
 766:../Libraries/iLLD/TC4xx/CpuGeneric/Port/Std/IfxPort.h ****  * Coding example:
 767:../Libraries/iLLD/TC4xx/CpuGeneric/Port/Std/IfxPort.h ****  * \code
 768:../Libraries/iLLD/TC4xx/CpuGeneric/Port/Std/IfxPort.h ****  * // read the current value of P33[7:0]
 769:../Libraries/iLLD/TC4xx/CpuGeneric/Port/Std/IfxPort.h ****  * uint16 value = IfxPort_getGroupState(&MODULE_P33, 0, 0xff);
 770:../Libraries/iLLD/TC4xx/CpuGeneric/Port/Std/IfxPort.h ****  * \endcode
 771:../Libraries/iLLD/TC4xx/CpuGeneric/Port/Std/IfxPort.h ****  *
 772:../Libraries/iLLD/TC4xx/CpuGeneric/Port/Std/IfxPort.h ****  */
 773:../Libraries/iLLD/TC4xx/CpuGeneric/Port/Std/IfxPort.h **** IFX_INLINE uint32 IfxPort_getGroupState(Ifx_P *port, uint8 pinIndex, uint16 mask);
 774:../Libraries/iLLD/TC4xx/CpuGeneric/Port/Std/IfxPort.h **** 
 775:../Libraries/iLLD/TC4xx/CpuGeneric/Port/Std/IfxPort.h **** /** \brief Set the port group state.
 776:../Libraries/iLLD/TC4xx/CpuGeneric/Port/Std/IfxPort.h ****  *
 777:../Libraries/iLLD/TC4xx/CpuGeneric/Port/Std/IfxPort.h ****  * \param[inout] port     Pointer to the port which should be accessed.
 778:../Libraries/iLLD/TC4xx/CpuGeneric/Port/Std/IfxPort.h ****  * \param[in]    pinIndex Start at the given pin. Range: 0 to 15.
 779:../Libraries/iLLD/TC4xx/CpuGeneric/Port/Std/IfxPort.h ****  * \param[in]    mask     Selects the pins which should be modified (starting from pinIndex). Range
 780:../Libraries/iLLD/TC4xx/CpuGeneric/Port/Std/IfxPort.h ****  * \param[in]    data     Specifies the value which should be set. Range: 0 to 0xFFFF.
 781:../Libraries/iLLD/TC4xx/CpuGeneric/Port/Std/IfxPort.h ****  *
 782:../Libraries/iLLD/TC4xx/CpuGeneric/Port/Std/IfxPort.h ****  * \retval None
 783:../Libraries/iLLD/TC4xx/CpuGeneric/Port/Std/IfxPort.h ****  *
 784:../Libraries/iLLD/TC4xx/CpuGeneric/Port/Std/IfxPort.h ****  * Coding example:
 785:../Libraries/iLLD/TC4xx/CpuGeneric/Port/Std/IfxPort.h ****  * \code
 786:../Libraries/iLLD/TC4xx/CpuGeneric/Port/Std/IfxPort.h ****  * // configure P33.[7:0] as GPIO outputs
 787:../Libraries/iLLD/TC4xx/CpuGeneric/Port/Std/IfxPort.h ****  * IfxPort_setGroupModeOutput(&MODULE_P33, 0, 0xff, IfxPort_OutputMode_pushPull, IfxPort_OutputIdx_
 788:../Libraries/iLLD/TC4xx/CpuGeneric/Port/Std/IfxPort.h ****  *
 789:../Libraries/iLLD/TC4xx/CpuGeneric/Port/Std/IfxPort.h ****  * // set initial value
 790:../Libraries/iLLD/TC4xx/CpuGeneric/Port/Std/IfxPort.h ****  * IfxPort_setGroupState(&MODULE_P33, 0, 0xff, 0x42);
 791:../Libraries/iLLD/TC4xx/CpuGeneric/Port/Std/IfxPort.h ****  * \endcode
 792:../Libraries/iLLD/TC4xx/CpuGeneric/Port/Std/IfxPort.h ****  *
 793:../Libraries/iLLD/TC4xx/CpuGeneric/Port/Std/IfxPort.h ****  */
 794:../Libraries/iLLD/TC4xx/CpuGeneric/Port/Std/IfxPort.h **** IFX_INLINE void IfxPort_setGroupState(Ifx_P *port, uint8 pinIndex, uint16 mask, uint16 data);
 795:../Libraries/iLLD/TC4xx/CpuGeneric/Port/Std/IfxPort.h **** 
 796:../Libraries/iLLD/TC4xx/CpuGeneric/Port/Std/IfxPort.h **** /******************************************************************************/
 797:../Libraries/iLLD/TC4xx/CpuGeneric/Port/Std/IfxPort.h **** /*-------------------------Global Function Prototypes-------------------------*/
 798:../Libraries/iLLD/TC4xx/CpuGeneric/Port/Std/IfxPort.h **** /******************************************************************************/
 799:../Libraries/iLLD/TC4xx/CpuGeneric/Port/Std/IfxPort.h **** 
 800:../Libraries/iLLD/TC4xx/CpuGeneric/Port/Std/IfxPort.h **** /** \brief Returns the module address of the selected Port module.
 801:../Libraries/iLLD/TC4xx/CpuGeneric/Port/Std/IfxPort.h ****  *
 802:../Libraries/iLLD/TC4xx/CpuGeneric/Port/Std/IfxPort.h ****  * \param[in] port Pointer to PORT module registers. Range: \ref IfxPort_Index.
 803:../Libraries/iLLD/TC4xx/CpuGeneric/Port/Std/IfxPort.h ****  *
 804:../Libraries/iLLD/TC4xx/CpuGeneric/Port/Std/IfxPort.h ****  * \retval Ifx_P PORT module register address.
 805:../Libraries/iLLD/TC4xx/CpuGeneric/Port/Std/IfxPort.h ****  */
 806:../Libraries/iLLD/TC4xx/CpuGeneric/Port/Std/IfxPort.h **** IFX_EXTERN Ifx_P *IfxPort_getAddress(IfxPort_Index port);
 807:../Libraries/iLLD/TC4xx/CpuGeneric/Port/Std/IfxPort.h **** 
 808:../Libraries/iLLD/TC4xx/CpuGeneric/Port/Std/IfxPort.h **** /** \brief Return port index within IfxModule_IndexMap (defined in IfxPort_cfg.c).
 809:../Libraries/iLLD/TC4xx/CpuGeneric/Port/Std/IfxPort.h ****  *
 810:../Libraries/iLLD/TC4xx/CpuGeneric/Port/Std/IfxPort.h ****  * \param[in] port Pointer to the port for which the index number in IfxModule_IndexMap should be r
 811:../Libraries/iLLD/TC4xx/CpuGeneric/Port/Std/IfxPort.h ****  *
 812:../Libraries/iLLD/TC4xx/CpuGeneric/Port/Std/IfxPort.h ****  * \retval IfxPort_Index Port index of IfxModule_IndexMap. return -1 in case of unknown port index.
 813:../Libraries/iLLD/TC4xx/CpuGeneric/Port/Std/IfxPort.h ****  */
 814:../Libraries/iLLD/TC4xx/CpuGeneric/Port/Std/IfxPort.h **** IFX_EXTERN IfxPort_Index IfxPort_getIndex(Ifx_P *port);
 815:../Libraries/iLLD/TC4xx/CpuGeneric/Port/Std/IfxPort.h **** 
 816:../Libraries/iLLD/TC4xx/CpuGeneric/Port/Std/IfxPort.h **** /** \brief Set pin modes to input at the pin location specified by '1' by the mask.
 817:../Libraries/iLLD/TC4xx/CpuGeneric/Port/Std/IfxPort.h ****  *
 818:../Libraries/iLLD/TC4xx/CpuGeneric/Port/Std/IfxPort.h ****  * \param[inout] port     Pointer to the port which should be accessed.
 819:../Libraries/iLLD/TC4xx/CpuGeneric/Port/Std/IfxPort.h ****  * \param[in]    pinIndex Start at the given pin. Range: 0 to 15.
 820:../Libraries/iLLD/TC4xx/CpuGeneric/Port/Std/IfxPort.h ****  * \param[in]    mask     Selects the pins which should be modified (starting from pinIndex). Range
 821:../Libraries/iLLD/TC4xx/CpuGeneric/Port/Std/IfxPort.h ****  * \param[in]    mode     Specifies the port pin mode. Range: \ref IfxPort_InputMode.
 822:../Libraries/iLLD/TC4xx/CpuGeneric/Port/Std/IfxPort.h ****  *
 823:../Libraries/iLLD/TC4xx/CpuGeneric/Port/Std/IfxPort.h ****  * \retval None
 824:../Libraries/iLLD/TC4xx/CpuGeneric/Port/Std/IfxPort.h ****  *
 825:../Libraries/iLLD/TC4xx/CpuGeneric/Port/Std/IfxPort.h ****  * Coding example:
 826:../Libraries/iLLD/TC4xx/CpuGeneric/Port/Std/IfxPort.h ****  * \code
 827:../Libraries/iLLD/TC4xx/CpuGeneric/Port/Std/IfxPort.h ****  * // configure P33.[7:0] as GPIO inputs with Pull-Down enabled
 828:../Libraries/iLLD/TC4xx/CpuGeneric/Port/Std/IfxPort.h ****  * IfxPort_setGroupModeInput(&MODULE_P33, 0, 0xff, IfxPort_InputMode_pullDown);
 829:../Libraries/iLLD/TC4xx/CpuGeneric/Port/Std/IfxPort.h ****  *  \endcode
 830:../Libraries/iLLD/TC4xx/CpuGeneric/Port/Std/IfxPort.h ****  *
 831:../Libraries/iLLD/TC4xx/CpuGeneric/Port/Std/IfxPort.h ****  */
 832:../Libraries/iLLD/TC4xx/CpuGeneric/Port/Std/IfxPort.h **** IFX_EXTERN void IfxPort_setGroupModeInput(Ifx_P *port, uint8 pinIndex, uint16 mask, IfxPort_InputMo
 833:../Libraries/iLLD/TC4xx/CpuGeneric/Port/Std/IfxPort.h **** 
 834:../Libraries/iLLD/TC4xx/CpuGeneric/Port/Std/IfxPort.h **** /** \brief Set pin modes to output at the pin location specified by '1' by the mask starting at pin
 835:../Libraries/iLLD/TC4xx/CpuGeneric/Port/Std/IfxPort.h ****  *
 836:../Libraries/iLLD/TC4xx/CpuGeneric/Port/Std/IfxPort.h ****  * \param[inout] port     Pointer to the port which should be accessed.
 837:../Libraries/iLLD/TC4xx/CpuGeneric/Port/Std/IfxPort.h ****  * \param[in]    pinIndex Start at the given pin. Range: 0 to 15.
 838:../Libraries/iLLD/TC4xx/CpuGeneric/Port/Std/IfxPort.h ****  * \param[in]    mask     Selects the pins which should be modified (starting from pinIndex). Range
 839:../Libraries/iLLD/TC4xx/CpuGeneric/Port/Std/IfxPort.h ****  * \param[in]    mode     Specifies the port pin mode. Range: \ref IfxPort_OutputMode.
 840:../Libraries/iLLD/TC4xx/CpuGeneric/Port/Std/IfxPort.h ****  * \param[in]    index    Specifies the alternate (or general purpose) output channel. Range: \ref 
 841:../Libraries/iLLD/TC4xx/CpuGeneric/Port/Std/IfxPort.h ****  *
 842:../Libraries/iLLD/TC4xx/CpuGeneric/Port/Std/IfxPort.h ****  * \retval None
 843:../Libraries/iLLD/TC4xx/CpuGeneric/Port/Std/IfxPort.h ****  *
 844:../Libraries/iLLD/TC4xx/CpuGeneric/Port/Std/IfxPort.h ****  * Coding example:
 845:../Libraries/iLLD/TC4xx/CpuGeneric/Port/Std/IfxPort.h ****  * \code
 846:../Libraries/iLLD/TC4xx/CpuGeneric/Port/Std/IfxPort.h ****  * // configure P33.[7:0] as GPIO outputs
 847:../Libraries/iLLD/TC4xx/CpuGeneric/Port/Std/IfxPort.h ****  * IfxPort_setGroupModeOutput(&MODULE_P33, 0, 0xff, IfxPort_OutputMode_pushPull, IfxPort_OutputIdx_
 848:../Libraries/iLLD/TC4xx/CpuGeneric/Port/Std/IfxPort.h ****  * \endcode
 849:../Libraries/iLLD/TC4xx/CpuGeneric/Port/Std/IfxPort.h ****  *
 850:../Libraries/iLLD/TC4xx/CpuGeneric/Port/Std/IfxPort.h ****  */
 851:../Libraries/iLLD/TC4xx/CpuGeneric/Port/Std/IfxPort.h **** IFX_EXTERN void IfxPort_setGroupModeOutput(Ifx_P *port, uint8 pinIndex, uint16 mask, IfxPort_Output
 852:../Libraries/iLLD/TC4xx/CpuGeneric/Port/Std/IfxPort.h **** 
 853:../Libraries/iLLD/TC4xx/CpuGeneric/Port/Std/IfxPort.h **** /** \brief Set pad driver strength at the pin location specified by '1' by the mask.
 854:../Libraries/iLLD/TC4xx/CpuGeneric/Port/Std/IfxPort.h ****  *
 855:../Libraries/iLLD/TC4xx/CpuGeneric/Port/Std/IfxPort.h ****  * \param[inout] port      Pointer to the port which should be accessed.
 856:../Libraries/iLLD/TC4xx/CpuGeneric/Port/Std/IfxPort.h ****  * \param[in]    pinIndex  Start at the given pin. Range: 0 to 15.
 857:../Libraries/iLLD/TC4xx/CpuGeneric/Port/Std/IfxPort.h ****  * \param[in]    mask      Selects the pins which should be modified (starting from pinIndex). Rang
 858:../Libraries/iLLD/TC4xx/CpuGeneric/Port/Std/IfxPort.h ****  * \param[in]    padDriver Specifies the pad driver strength. Range: \ref IfxPort_PadDriver.
 859:../Libraries/iLLD/TC4xx/CpuGeneric/Port/Std/IfxPort.h ****  *
 860:../Libraries/iLLD/TC4xx/CpuGeneric/Port/Std/IfxPort.h ****  * \retval None
 861:../Libraries/iLLD/TC4xx/CpuGeneric/Port/Std/IfxPort.h ****  *
 862:../Libraries/iLLD/TC4xx/CpuGeneric/Port/Std/IfxPort.h ****  * Coding example:
 863:../Libraries/iLLD/TC4xx/CpuGeneric/Port/Std/IfxPort.h ****  * \code
 864:../Libraries/iLLD/TC4xx/CpuGeneric/Port/Std/IfxPort.h ****  * // configure P33.[7:0] to use CMOS pad driver with speed 1
 865:../Libraries/iLLD/TC4xx/CpuGeneric/Port/Std/IfxPort.h ****  * IfxPort_setGroupPadDriver(&MODULE_P33, 0, 0xff, IfxPort_PadDriver_cmosAutomotiveSpeed1);
 866:../Libraries/iLLD/TC4xx/CpuGeneric/Port/Std/IfxPort.h ****  * \endcode
 867:../Libraries/iLLD/TC4xx/CpuGeneric/Port/Std/IfxPort.h ****  *
 868:../Libraries/iLLD/TC4xx/CpuGeneric/Port/Std/IfxPort.h ****  */
 869:../Libraries/iLLD/TC4xx/CpuGeneric/Port/Std/IfxPort.h **** IFX_EXTERN void IfxPort_setGroupPadDriver(Ifx_P *port, uint8 pinIndex, uint16 mask, IfxPort_PadDriv
 870:../Libraries/iLLD/TC4xx/CpuGeneric/Port/Std/IfxPort.h **** 
 871:../Libraries/iLLD/TC4xx/CpuGeneric/Port/Std/IfxPort.h **** /** \brief Configure lvds mode.
 872:../Libraries/iLLD/TC4xx/CpuGeneric/Port/Std/IfxPort.h ****  *
 873:../Libraries/iLLD/TC4xx/CpuGeneric/Port/Std/IfxPort.h ****  * \param[inout] port     Pointer to Port Register space.
 874:../Libraries/iLLD/TC4xx/CpuGeneric/Port/Std/IfxPort.h ****  * \param[in]    pinIndex Specifies pin index. Range: 0 to 15.
 875:../Libraries/iLLD/TC4xx/CpuGeneric/Port/Std/IfxPort.h ****  * \param[in]    pinMode  Specifes the mode of pin. Range: \ref IfxPort_Mode.
 876:../Libraries/iLLD/TC4xx/CpuGeneric/Port/Std/IfxPort.h ****  * \param[in]    lvds     Config LVDS.
 877:../Libraries/iLLD/TC4xx/CpuGeneric/Port/Std/IfxPort.h ****  *
 878:../Libraries/iLLD/TC4xx/CpuGeneric/Port/Std/IfxPort.h ****  * \retval None
 879:../Libraries/iLLD/TC4xx/CpuGeneric/Port/Std/IfxPort.h ****  */
 880:../Libraries/iLLD/TC4xx/CpuGeneric/Port/Std/IfxPort.h **** IFX_EXTERN void IfxPort_setPinModeLVDS(Ifx_P *port, uint8 pinIndex, IfxPort_Mode pinMode, IfxPort_L
 881:../Libraries/iLLD/TC4xx/CpuGeneric/Port/Std/IfxPort.h **** 
 882:../Libraries/iLLD/TC4xx/CpuGeneric/Port/Std/IfxPort.h **** /** \} */
 883:../Libraries/iLLD/TC4xx/CpuGeneric/Port/Std/IfxPort.h **** 
 884:../Libraries/iLLD/TC4xx/CpuGeneric/Port/Std/IfxPort.h **** /******************************************************************************/
 885:../Libraries/iLLD/TC4xx/CpuGeneric/Port/Std/IfxPort.h **** /*-------------------------Inline Function Prototypes-------------------------*/
 886:../Libraries/iLLD/TC4xx/CpuGeneric/Port/Std/IfxPort.h **** /******************************************************************************/
 887:../Libraries/iLLD/TC4xx/CpuGeneric/Port/Std/IfxPort.h **** 
 888:../Libraries/iLLD/TC4xx/CpuGeneric/Port/Std/IfxPort.h **** /** \brief Initialise the PROT Config to default values.
 889:../Libraries/iLLD/TC4xx/CpuGeneric/Port/Std/IfxPort.h ****  *
 890:../Libraries/iLLD/TC4xx/CpuGeneric/Port/Std/IfxPort.h ****  * \param[inout] config PROT SE Config pointer.
 891:../Libraries/iLLD/TC4xx/CpuGeneric/Port/Std/IfxPort.h ****  *
 892:../Libraries/iLLD/TC4xx/CpuGeneric/Port/Std/IfxPort.h ****  * \retval None
 893:../Libraries/iLLD/TC4xx/CpuGeneric/Port/Std/IfxPort.h ****  */
 894:../Libraries/iLLD/TC4xx/CpuGeneric/Port/Std/IfxPort.h **** IFX_INLINE void IfxPort_initProtConfig(IfxPort_ProtConfig *config);
 895:../Libraries/iLLD/TC4xx/CpuGeneric/Port/Std/IfxPort.h **** 
 896:../Libraries/iLLD/TC4xx/CpuGeneric/Port/Std/IfxPort.h **** /** \brief Initialize the PROT.
 897:../Libraries/iLLD/TC4xx/CpuGeneric/Port/Std/IfxPort.h ****  *
 898:../Libraries/iLLD/TC4xx/CpuGeneric/Port/Std/IfxPort.h ****  * \param[inout] port   PORT module pointer.
 899:../Libraries/iLLD/TC4xx/CpuGeneric/Port/Std/IfxPort.h ****  * \param[in]    config PRTO SE Config pointer.
 900:../Libraries/iLLD/TC4xx/CpuGeneric/Port/Std/IfxPort.h ****  *
 901:../Libraries/iLLD/TC4xx/CpuGeneric/Port/Std/IfxPort.h ****  * \retval None
 902:../Libraries/iLLD/TC4xx/CpuGeneric/Port/Std/IfxPort.h ****  */
 903:../Libraries/iLLD/TC4xx/CpuGeneric/Port/Std/IfxPort.h **** IFX_INLINE void IfxPort_initProt(Ifx_P *port, IfxPort_ProtConfig *config);
 904:../Libraries/iLLD/TC4xx/CpuGeneric/Port/Std/IfxPort.h **** 
 905:../Libraries/iLLD/TC4xx/CpuGeneric/Port/Std/IfxPort.h **** /** \brief Configures the specfic pin slice to a APU group.
 906:../Libraries/iLLD/TC4xx/CpuGeneric/Port/Std/IfxPort.h ****  *
 907:../Libraries/iLLD/TC4xx/CpuGeneric/Port/Std/IfxPort.h ****  * \param[inout] port     PORT module pointer.
 908:../Libraries/iLLD/TC4xx/CpuGeneric/Port/Std/IfxPort.h ****  * \param[in]    pinIndex Pin Index. Range: 0 to 15.
 909:../Libraries/iLLD/TC4xx/CpuGeneric/Port/Std/IfxPort.h ****  * \param[in]    grpNum   APU group to which the pin is to be assigned. Range: 0 to 7.
 910:../Libraries/iLLD/TC4xx/CpuGeneric/Port/Std/IfxPort.h ****  *
 911:../Libraries/iLLD/TC4xx/CpuGeneric/Port/Std/IfxPort.h ****  * \retval None
 912:../Libraries/iLLD/TC4xx/CpuGeneric/Port/Std/IfxPort.h ****  */
 913:../Libraries/iLLD/TC4xx/CpuGeneric/Port/Std/IfxPort.h **** IFX_INLINE void IfxPort_setApuGroupSelection(Ifx_P *port, uint8 pinIndex, uint8 grpNum);
 914:../Libraries/iLLD/TC4xx/CpuGeneric/Port/Std/IfxPort.h **** 
 915:../Libraries/iLLD/TC4xx/CpuGeneric/Port/Std/IfxPort.h **** /** \brief API to Enable the wake up feature.
 916:../Libraries/iLLD/TC4xx/CpuGeneric/Port/Std/IfxPort.h ****  *
 917:../Libraries/iLLD/TC4xx/CpuGeneric/Port/Std/IfxPort.h ****  * \param[inout] port     PORT module pointer.
 918:../Libraries/iLLD/TC4xx/CpuGeneric/Port/Std/IfxPort.h ****  * \param[in]    pinIndex Pin index. Range: 0 to 15.
 919:../Libraries/iLLD/TC4xx/CpuGeneric/Port/Std/IfxPort.h ****  * \param[in]    enable   Enable/Disable the wake up.
 920:../Libraries/iLLD/TC4xx/CpuGeneric/Port/Std/IfxPort.h ****  *
 921:../Libraries/iLLD/TC4xx/CpuGeneric/Port/Std/IfxPort.h ****  * \retval None
 922:../Libraries/iLLD/TC4xx/CpuGeneric/Port/Std/IfxPort.h ****  */
 923:../Libraries/iLLD/TC4xx/CpuGeneric/Port/Std/IfxPort.h **** IFX_INLINE void IfxPort_setPinWakeUpEnable(Ifx_P *port, uint8 pinIndex, boolean enable);
 924:../Libraries/iLLD/TC4xx/CpuGeneric/Port/Std/IfxPort.h **** 
 925:../Libraries/iLLD/TC4xx/CpuGeneric/Port/Std/IfxPort.h **** /** \brief API to clear the wake up status.
 926:../Libraries/iLLD/TC4xx/CpuGeneric/Port/Std/IfxPort.h ****  *
 927:../Libraries/iLLD/TC4xx/CpuGeneric/Port/Std/IfxPort.h ****  * \param[inout] port     Port module pointer.
 928:../Libraries/iLLD/TC4xx/CpuGeneric/Port/Std/IfxPort.h ****  * \param[in]    pinIndex Pin index. Range: 0 to 15.
 929:../Libraries/iLLD/TC4xx/CpuGeneric/Port/Std/IfxPort.h ****  *
 930:../Libraries/iLLD/TC4xx/CpuGeneric/Port/Std/IfxPort.h ****  * \retval None
 931:../Libraries/iLLD/TC4xx/CpuGeneric/Port/Std/IfxPort.h ****  */
 932:../Libraries/iLLD/TC4xx/CpuGeneric/Port/Std/IfxPort.h **** IFX_INLINE void IfxPort_clearPinWakeUpStatus(Ifx_P *port, uint8 pinIndex);
 933:../Libraries/iLLD/TC4xx/CpuGeneric/Port/Std/IfxPort.h **** 
 934:../Libraries/iLLD/TC4xx/CpuGeneric/Port/Std/IfxPort.h **** /** \brief API to enable the wake up status.
 935:../Libraries/iLLD/TC4xx/CpuGeneric/Port/Std/IfxPort.h ****  *
 936:../Libraries/iLLD/TC4xx/CpuGeneric/Port/Std/IfxPort.h ****  * \param[inout] port     Port module pointer.
 937:../Libraries/iLLD/TC4xx/CpuGeneric/Port/Std/IfxPort.h ****  * \param[in]    pinIndex Pin index. Range: 0 to 15.
 938:../Libraries/iLLD/TC4xx/CpuGeneric/Port/Std/IfxPort.h ****  * \param[in]    enable   Enable/Disable the wake up status.
 939:../Libraries/iLLD/TC4xx/CpuGeneric/Port/Std/IfxPort.h ****  *
 940:../Libraries/iLLD/TC4xx/CpuGeneric/Port/Std/IfxPort.h ****  * \retval None
 941:../Libraries/iLLD/TC4xx/CpuGeneric/Port/Std/IfxPort.h ****  */
 942:../Libraries/iLLD/TC4xx/CpuGeneric/Port/Std/IfxPort.h **** IFX_INLINE void IfxPort_setPinWakeUpStatusEnable(Ifx_P *port, uint8 pinIndex, boolean enable);
 943:../Libraries/iLLD/TC4xx/CpuGeneric/Port/Std/IfxPort.h **** 
 944:../Libraries/iLLD/TC4xx/CpuGeneric/Port/Std/IfxPort.h **** /** \brief API to return the wake up status of the port pin.
 945:../Libraries/iLLD/TC4xx/CpuGeneric/Port/Std/IfxPort.h ****  *
 946:../Libraries/iLLD/TC4xx/CpuGeneric/Port/Std/IfxPort.h ****  * \param[in] port     Port module pointer.
 947:../Libraries/iLLD/TC4xx/CpuGeneric/Port/Std/IfxPort.h ****  * \param[in] pinIndex Pin index. Range: 0 to 15.
 948:../Libraries/iLLD/TC4xx/CpuGeneric/Port/Std/IfxPort.h ****  *
 949:../Libraries/iLLD/TC4xx/CpuGeneric/Port/Std/IfxPort.h ****  * \retval Return status enable/disable.
 950:../Libraries/iLLD/TC4xx/CpuGeneric/Port/Std/IfxPort.h ****  */
 951:../Libraries/iLLD/TC4xx/CpuGeneric/Port/Std/IfxPort.h **** IFX_INLINE boolean IfxPort_getPinWakeUpStatus(Ifx_P *port, uint8 pinIndex);
 952:../Libraries/iLLD/TC4xx/CpuGeneric/Port/Std/IfxPort.h **** 
 953:../Libraries/iLLD/TC4xx/CpuGeneric/Port/Std/IfxPort.h **** /** \brief API to return the wake up status register.
 954:../Libraries/iLLD/TC4xx/CpuGeneric/Port/Std/IfxPort.h ****  *
 955:../Libraries/iLLD/TC4xx/CpuGeneric/Port/Std/IfxPort.h ****  * \param[in] port Port module pointer.
 956:../Libraries/iLLD/TC4xx/CpuGeneric/Port/Std/IfxPort.h ****  *
 957:../Libraries/iLLD/TC4xx/CpuGeneric/Port/Std/IfxPort.h ****  * \retval uint32 Returns the status value. Range: 0 to 0xFFFF.
 958:../Libraries/iLLD/TC4xx/CpuGeneric/Port/Std/IfxPort.h ****  */
 959:../Libraries/iLLD/TC4xx/CpuGeneric/Port/Std/IfxPort.h **** IFX_INLINE uint32 IfxPort_getRawPinWakeUpStatus(Ifx_P *port);
 960:../Libraries/iLLD/TC4xx/CpuGeneric/Port/Std/IfxPort.h **** 
 961:../Libraries/iLLD/TC4xx/CpuGeneric/Port/Std/IfxPort.h **** /** \brief configure Bandgap Trimming Register (BGTRIM).
 962:../Libraries/iLLD/TC4xx/CpuGeneric/Port/Std/IfxPort.h ****  *
 963:../Libraries/iLLD/TC4xx/CpuGeneric/Port/Std/IfxPort.h ****  * \param[inout] port        PORT MODULE Pointer.
 964:../Libraries/iLLD/TC4xx/CpuGeneric/Port/Std/IfxPort.h ****  * \param[in]    bandgapTrim configure bandgap trimming value. Range: \ref IfxPort_BandgapTrimConfi
 965:../Libraries/iLLD/TC4xx/CpuGeneric/Port/Std/IfxPort.h ****  *
 966:../Libraries/iLLD/TC4xx/CpuGeneric/Port/Std/IfxPort.h ****  * \retval None
 967:../Libraries/iLLD/TC4xx/CpuGeneric/Port/Std/IfxPort.h ****  */
 968:../Libraries/iLLD/TC4xx/CpuGeneric/Port/Std/IfxPort.h **** IFX_INLINE void IfxPort_configureBandGapTrim(Ifx_P *port, IfxPort_BandgapTrimConfig bandgapTrim);
 969:../Libraries/iLLD/TC4xx/CpuGeneric/Port/Std/IfxPort.h **** 
 970:../Libraries/iLLD/TC4xx/CpuGeneric/Port/Std/IfxPort.h **** /******************************************************************************/
 971:../Libraries/iLLD/TC4xx/CpuGeneric/Port/Std/IfxPort.h **** /*-------------------------Global Function Prototypes-------------------------*/
 972:../Libraries/iLLD/TC4xx/CpuGeneric/Port/Std/IfxPort.h **** /******************************************************************************/
 973:../Libraries/iLLD/TC4xx/CpuGeneric/Port/Std/IfxPort.h **** 
 974:../Libraries/iLLD/TC4xx/CpuGeneric/Port/Std/IfxPort.h **** /** \brief Initialise the APU config to default values.
 975:../Libraries/iLLD/TC4xx/CpuGeneric/Port/Std/IfxPort.h ****  *
 976:../Libraries/iLLD/TC4xx/CpuGeneric/Port/Std/IfxPort.h ****  * \param[inout] config Apu Config pointer.
 977:../Libraries/iLLD/TC4xx/CpuGeneric/Port/Std/IfxPort.h ****  *
 978:../Libraries/iLLD/TC4xx/CpuGeneric/Port/Std/IfxPort.h ****  * \retval None
 979:../Libraries/iLLD/TC4xx/CpuGeneric/Port/Std/IfxPort.h ****  */
 980:../Libraries/iLLD/TC4xx/CpuGeneric/Port/Std/IfxPort.h **** IFX_EXTERN void IfxPort_initApuConfig(IfxPort_ApuConfig *config);
 981:../Libraries/iLLD/TC4xx/CpuGeneric/Port/Std/IfxPort.h **** 
 982:../Libraries/iLLD/TC4xx/CpuGeneric/Port/Std/IfxPort.h **** /** \brief Initialise the APU.
 983:../Libraries/iLLD/TC4xx/CpuGeneric/Port/Std/IfxPort.h ****  *
 984:../Libraries/iLLD/TC4xx/CpuGeneric/Port/Std/IfxPort.h ****  * \param[inout] port   PORT module pointer.
 985:../Libraries/iLLD/TC4xx/CpuGeneric/Port/Std/IfxPort.h ****  * \param[in]    config APU Config pointer.
 986:../Libraries/iLLD/TC4xx/CpuGeneric/Port/Std/IfxPort.h ****  * \retval None
 987:../Libraries/iLLD/TC4xx/CpuGeneric/Port/Std/IfxPort.h ****  */
 988:../Libraries/iLLD/TC4xx/CpuGeneric/Port/Std/IfxPort.h **** IFX_EXTERN void IfxPort_initApu(Ifx_P *port, IfxPort_ApuConfig *config);
 989:../Libraries/iLLD/TC4xx/CpuGeneric/Port/Std/IfxPort.h **** 
 990:../Libraries/iLLD/TC4xx/CpuGeneric/Port/Std/IfxPort.h **** /** \brief Configures the Pins to the APU groups.
 991:../Libraries/iLLD/TC4xx/CpuGeneric/Port/Std/IfxPort.h ****  *
 992:../Libraries/iLLD/TC4xx/CpuGeneric/Port/Std/IfxPort.h ****  * \param[inout] port   PORT module pointer.
 993:../Libraries/iLLD/TC4xx/CpuGeneric/Port/Std/IfxPort.h ****  * \param[in]    config APU group configuration pointer.
 994:../Libraries/iLLD/TC4xx/CpuGeneric/Port/Std/IfxPort.h ****  *
 995:../Libraries/iLLD/TC4xx/CpuGeneric/Port/Std/IfxPort.h ****  * \retval None
 996:../Libraries/iLLD/TC4xx/CpuGeneric/Port/Std/IfxPort.h ****  */
 997:../Libraries/iLLD/TC4xx/CpuGeneric/Port/Std/IfxPort.h **** IFX_EXTERN void IfxPort_initApuGroups(Ifx_P *port, IfxPort_ApuGroupConfig *config);
 998:../Libraries/iLLD/TC4xx/CpuGeneric/Port/Std/IfxPort.h **** 
 999:../Libraries/iLLD/TC4xx/CpuGeneric/Port/Std/IfxPort.h **** /** \brief Configure the ESR PAD and push pull configuration.
1000:../Libraries/iLLD/TC4xx/CpuGeneric/Port/Std/IfxPort.h ****  *
1001:../Libraries/iLLD/TC4xx/CpuGeneric/Port/Std/IfxPort.h ****  * \param[inout] port      PORT MODULE Pointer.
1002:../Libraries/iLLD/TC4xx/CpuGeneric/Port/Std/IfxPort.h ****  * \param[in]    pinIndex  Pin Index. Range: 0 to 15.
1003:../Libraries/iLLD/TC4xx/CpuGeneric/Port/Std/IfxPort.h ****  * \param[in]    esrLevel  ESR level. Range: \ref IfxPort_EsrLevel.
1004:../Libraries/iLLD/TC4xx/CpuGeneric/Port/Std/IfxPort.h ****  * \param[in]    esrPadCfg ESR Pad configuration. Range: \ref IfxPort_EsrPadCfg.
1005:../Libraries/iLLD/TC4xx/CpuGeneric/Port/Std/IfxPort.h ****  *
1006:../Libraries/iLLD/TC4xx/CpuGeneric/Port/Std/IfxPort.h ****  * \retval None
1007:../Libraries/iLLD/TC4xx/CpuGeneric/Port/Std/IfxPort.h ****  */
1008:../Libraries/iLLD/TC4xx/CpuGeneric/Port/Std/IfxPort.h **** IFX_EXTERN void IfxPort_configureESR(Ifx_P *port, uint8 pinIndex, IfxPort_EsrLevel esrLevel, IfxPor
1009:../Libraries/iLLD/TC4xx/CpuGeneric/Port/Std/IfxPort.h **** 
1010:../Libraries/iLLD/TC4xx/CpuGeneric/Port/Std/IfxPort.h **** /** \brief Configures access to all masters to all the Ports in the device.
1011:../Libraries/iLLD/TC4xx/CpuGeneric/Port/Std/IfxPort.h ****  * Note : By default the access protection group selected is 0 (PADCFG.ACCEN.B.GRP= 0) for all port
1012:../Libraries/iLLD/TC4xx/CpuGeneric/Port/Std/IfxPort.h ****  *
1013:../Libraries/iLLD/TC4xx/CpuGeneric/Port/Std/IfxPort.h ****  * \param[in] apConfig Config pointer to configuration structure.
1014:../Libraries/iLLD/TC4xx/CpuGeneric/Port/Std/IfxPort.h ****  *
1015:../Libraries/iLLD/TC4xx/CpuGeneric/Port/Std/IfxPort.h ****  * \retval None
1016:../Libraries/iLLD/TC4xx/CpuGeneric/Port/Std/IfxPort.h ****  */
1017:../Libraries/iLLD/TC4xx/CpuGeneric/Port/Std/IfxPort.h **** IFX_EXTERN void IfxPort_configureAccessToPorts(IfxApApu_ApuConfig *apConfig);
1018:../Libraries/iLLD/TC4xx/CpuGeneric/Port/Std/IfxPort.h **** 
1019:../Libraries/iLLD/TC4xx/CpuGeneric/Port/Std/IfxPort.h **** /** \brief write to the RST_CTRLA and RST_CTRLB register, to enable the reset of the selected PORT.
1020:../Libraries/iLLD/TC4xx/CpuGeneric/Port/Std/IfxPort.h ****  *
1021:../Libraries/iLLD/TC4xx/CpuGeneric/Port/Std/IfxPort.h ****  * \param[inout] port Pointer to the port which should be accessed.
1022:../Libraries/iLLD/TC4xx/CpuGeneric/Port/Std/IfxPort.h ****  *
1023:../Libraries/iLLD/TC4xx/CpuGeneric/Port/Std/IfxPort.h ****  * \retval None
1024:../Libraries/iLLD/TC4xx/CpuGeneric/Port/Std/IfxPort.h ****  */
1025:../Libraries/iLLD/TC4xx/CpuGeneric/Port/Std/IfxPort.h **** IFX_EXTERN void IfxPort_resetModule(Ifx_P *port);
1026:../Libraries/iLLD/TC4xx/CpuGeneric/Port/Std/IfxPort.h **** 
1027:../Libraries/iLLD/TC4xx/CpuGeneric/Port/Std/IfxPort.h **** /** \brief Api to configure xspi output driver.
1028:../Libraries/iLLD/TC4xx/CpuGeneric/Port/Std/IfxPort.h ****  *
1029:../Libraries/iLLD/TC4xx/CpuGeneric/Port/Std/IfxPort.h ****  * \param[inout] port     Pointer to the port which should be accessed.
1030:../Libraries/iLLD/TC4xx/CpuGeneric/Port/Std/IfxPort.h ****  * \param[in]    pinIndex Specifies the pin to be configured. Range: 0 to 15.
1031:../Libraries/iLLD/TC4xx/CpuGeneric/Port/Std/IfxPort.h ****  * \param[in]    modex    Specifies the port pin modex. Range: \ref IfxPort_Modex.
1032:../Libraries/iLLD/TC4xx/CpuGeneric/Port/Std/IfxPort.h ****  *
1033:../Libraries/iLLD/TC4xx/CpuGeneric/Port/Std/IfxPort.h ****  * \retval None
1034:../Libraries/iLLD/TC4xx/CpuGeneric/Port/Std/IfxPort.h ****  */
1035:../Libraries/iLLD/TC4xx/CpuGeneric/Port/Std/IfxPort.h **** IFX_EXTERN void IfxPort_setPinModex(Ifx_P *port, uint8 pinIndex, IfxPort_Modex modex);
1036:../Libraries/iLLD/TC4xx/CpuGeneric/Port/Std/IfxPort.h **** 
1037:../Libraries/iLLD/TC4xx/CpuGeneric/Port/Std/IfxPort.h **** /** \brief Configures access to all masters to all the Ports in the device.
1038:../Libraries/iLLD/TC4xx/CpuGeneric/Port/Std/IfxPort.h ****  * Note : By default the access protection group selected is 0 (PADCFG.ACCEN.B.GRP= 0) for all port
1039:../Libraries/iLLD/TC4xx/CpuGeneric/Port/Std/IfxPort.h ****  *
1040:../Libraries/iLLD/TC4xx/CpuGeneric/Port/Std/IfxPort.h ****  * \param[inout] port     Pointer to the port which should be accessed.
1041:../Libraries/iLLD/TC4xx/CpuGeneric/Port/Std/IfxPort.h ****  * \param[in]    group    Pad Access Groups. Range: \ref IfxPort_PadAccessGroup.
1042:../Libraries/iLLD/TC4xx/CpuGeneric/Port/Std/IfxPort.h ****  * \param[in]    apConfig Config pointer to configuration structure.
1043:../Libraries/iLLD/TC4xx/CpuGeneric/Port/Std/IfxPort.h ****  *
1044:../Libraries/iLLD/TC4xx/CpuGeneric/Port/Std/IfxPort.h ****  * \retval None
1045:../Libraries/iLLD/TC4xx/CpuGeneric/Port/Std/IfxPort.h ****  */
1046:../Libraries/iLLD/TC4xx/CpuGeneric/Port/Std/IfxPort.h **** IFX_EXTERN void IfxPort_configureAccessToPort(Ifx_P *port, IfxPort_PadAccessGroup group, void *apCo
1047:../Libraries/iLLD/TC4xx/CpuGeneric/Port/Std/IfxPort.h **** 
1048:../Libraries/iLLD/TC4xx/CpuGeneric/Port/Std/IfxPort.h **** #if defined(DEVICE_TC45X) || defined(DEVICE_TC46X) || defined(DEVICE_TC46XAA) || defined(DEVICE_TC4
1049:../Libraries/iLLD/TC4xx/CpuGeneric/Port/Std/IfxPort.h **** /** \brief Configures LDO.
1050:../Libraries/iLLD/TC4xx/CpuGeneric/Port/Std/IfxPort.h ****  *
1051:../Libraries/iLLD/TC4xx/CpuGeneric/Port/Std/IfxPort.h ****  * \param[inout] port       Pointer to the port which should be accessed.
1052:../Libraries/iLLD/TC4xx/CpuGeneric/Port/Std/IfxPort.h ****  * \param[in]   timerConfig Configure the timer. Range: \ref IfxPort_BlankingTimerConfig.
1053:../Libraries/iLLD/TC4xx/CpuGeneric/Port/Std/IfxPort.h ****  *
1054:../Libraries/iLLD/TC4xx/CpuGeneric/Port/Std/IfxPort.h ****  * \retval None
1055:../Libraries/iLLD/TC4xx/CpuGeneric/Port/Std/IfxPort.h ****  */
1056:../Libraries/iLLD/TC4xx/CpuGeneric/Port/Std/IfxPort.h **** IFX_EXTERN void IfxPort_configureLDO(Ifx_P *port, IfxPort_BlankingTimerConfig timerConfig);
1057:../Libraries/iLLD/TC4xx/CpuGeneric/Port/Std/IfxPort.h **** #endif /* #if defined(DEVICE_TC45X) || defined(DEVICE_TC46X) || defined(DEVICE_TC46XAA) || defined(
1058:../Libraries/iLLD/TC4xx/CpuGeneric/Port/Std/IfxPort.h **** 
1059:../Libraries/iLLD/TC4xx/CpuGeneric/Port/Std/IfxPort.h **** /******************************************************************************/
1060:../Libraries/iLLD/TC4xx/CpuGeneric/Port/Std/IfxPort.h **** /*---------------------Inline Function Implementations------------------------*/
1061:../Libraries/iLLD/TC4xx/CpuGeneric/Port/Std/IfxPort.h **** /******************************************************************************/
1062:../Libraries/iLLD/TC4xx/CpuGeneric/Port/Std/IfxPort.h **** 
1063:../Libraries/iLLD/TC4xx/CpuGeneric/Port/Std/IfxPort.h **** IFX_INLINE uint32 IfxPort_getGroupState(Ifx_P *port, uint8 pinIndex, uint16 mask)
1064:../Libraries/iLLD/TC4xx/CpuGeneric/Port/Std/IfxPort.h **** {
1065:../Libraries/iLLD/TC4xx/CpuGeneric/Port/Std/IfxPort.h ****     return (uint32)((port->IN.U) >> (pinIndex)) & mask;
1066:../Libraries/iLLD/TC4xx/CpuGeneric/Port/Std/IfxPort.h **** }
1067:../Libraries/iLLD/TC4xx/CpuGeneric/Port/Std/IfxPort.h **** 
1068:../Libraries/iLLD/TC4xx/CpuGeneric/Port/Std/IfxPort.h **** 
1069:../Libraries/iLLD/TC4xx/CpuGeneric/Port/Std/IfxPort.h **** IFX_INLINE boolean IfxPort_getPinState(Ifx_P *port, uint8 pinIndex)
1070:../Libraries/iLLD/TC4xx/CpuGeneric/Port/Std/IfxPort.h **** {
1071:../Libraries/iLLD/TC4xx/CpuGeneric/Port/Std/IfxPort.h **** #if defined(IFX_ILLD_TC_USAGE)
1072:../Libraries/iLLD/TC4xx/CpuGeneric/Port/Std/IfxPort.h ****     return __getbit(&port->IN.U, pinIndex);
1073:../Libraries/iLLD/TC4xx/CpuGeneric/Port/Std/IfxPort.h **** #else
1074:../Libraries/iLLD/TC4xx/CpuGeneric/Port/Std/IfxPort.h ****     return (boolean)((port->IN.U >> pinIndex) & 1U);
1075:../Libraries/iLLD/TC4xx/CpuGeneric/Port/Std/IfxPort.h **** #endif /* defined(IFX_ILLD_TC_USAGE) */
1076:../Libraries/iLLD/TC4xx/CpuGeneric/Port/Std/IfxPort.h **** }
1077:../Libraries/iLLD/TC4xx/CpuGeneric/Port/Std/IfxPort.h **** 
1078:../Libraries/iLLD/TC4xx/CpuGeneric/Port/Std/IfxPort.h **** 
1079:../Libraries/iLLD/TC4xx/CpuGeneric/Port/Std/IfxPort.h **** IFX_INLINE void IfxPort_setGroupState(Ifx_P *port, uint8 pinIndex, uint16 mask, uint16 data)
1080:../Libraries/iLLD/TC4xx/CpuGeneric/Port/Std/IfxPort.h **** {
1081:../Libraries/iLLD/TC4xx/CpuGeneric/Port/Std/IfxPort.h ****     port->OUT.U = (port->OUT.U & ~((uint32)(mask)) << pinIndex) | (data << pinIndex);
1082:../Libraries/iLLD/TC4xx/CpuGeneric/Port/Std/IfxPort.h **** }
1083:../Libraries/iLLD/TC4xx/CpuGeneric/Port/Std/IfxPort.h **** 
1084:../Libraries/iLLD/TC4xx/CpuGeneric/Port/Std/IfxPort.h **** 
1085:../Libraries/iLLD/TC4xx/CpuGeneric/Port/Std/IfxPort.h **** IFX_INLINE void IfxPort_setPinFunctionMode(Ifx_P *port, uint8 pinIndex, IfxPort_PinFunctionMode mod
1086:../Libraries/iLLD/TC4xx/CpuGeneric/Port/Std/IfxPort.h **** {
1087:../Libraries/iLLD/TC4xx/CpuGeneric/Port/Std/IfxPort.h **** #if (IFX_PROT_ENABLED == 1U)
1088:../Libraries/iLLD/TC4xx/CpuGeneric/Port/Std/IfxPort.h ****     IfxApProt_setState((Ifx_PROT_PROT *)&port->PROTSE, IfxApProt_State_config);
1089:../Libraries/iLLD/TC4xx/CpuGeneric/Port/Std/IfxPort.h **** #endif
1090:../Libraries/iLLD/TC4xx/CpuGeneric/Port/Std/IfxPort.h ****     port->PDISC.U = ((port->PDISC.U & ~(1 << pinIndex)) | (mode << pinIndex));
1091:../Libraries/iLLD/TC4xx/CpuGeneric/Port/Std/IfxPort.h **** 
1092:../Libraries/iLLD/TC4xx/CpuGeneric/Port/Std/IfxPort.h **** #if (IFX_PROT_ENABLED == 1U)
1093:../Libraries/iLLD/TC4xx/CpuGeneric/Port/Std/IfxPort.h ****     IfxApProt_setState((Ifx_PROT_PROT *)&port->PROTSE, IfxApProt_State_run);
1094:../Libraries/iLLD/TC4xx/CpuGeneric/Port/Std/IfxPort.h **** #endif
1095:../Libraries/iLLD/TC4xx/CpuGeneric/Port/Std/IfxPort.h **** }
1096:../Libraries/iLLD/TC4xx/CpuGeneric/Port/Std/IfxPort.h **** 
1097:../Libraries/iLLD/TC4xx/CpuGeneric/Port/Std/IfxPort.h **** 
1098:../Libraries/iLLD/TC4xx/CpuGeneric/Port/Std/IfxPort.h **** IFX_INLINE void IfxPort_setPinHigh(Ifx_P *port, uint8 pinIndex)
1099:../Libraries/iLLD/TC4xx/CpuGeneric/Port/Std/IfxPort.h **** {
1100:../Libraries/iLLD/TC4xx/CpuGeneric/Port/Std/IfxPort.h ****     IfxPort_setPinState(port, pinIndex, IfxPort_State_high);
1101:../Libraries/iLLD/TC4xx/CpuGeneric/Port/Std/IfxPort.h **** }
1102:../Libraries/iLLD/TC4xx/CpuGeneric/Port/Std/IfxPort.h **** 
1103:../Libraries/iLLD/TC4xx/CpuGeneric/Port/Std/IfxPort.h **** 
1104:../Libraries/iLLD/TC4xx/CpuGeneric/Port/Std/IfxPort.h **** IFX_INLINE void IfxPort_setPinLow(Ifx_P *port, uint8 pinIndex)
1105:../Libraries/iLLD/TC4xx/CpuGeneric/Port/Std/IfxPort.h **** {
1106:../Libraries/iLLD/TC4xx/CpuGeneric/Port/Std/IfxPort.h ****     IfxPort_setPinState(port, pinIndex, IfxPort_State_low);
1107:../Libraries/iLLD/TC4xx/CpuGeneric/Port/Std/IfxPort.h **** }
1108:../Libraries/iLLD/TC4xx/CpuGeneric/Port/Std/IfxPort.h **** 
1109:../Libraries/iLLD/TC4xx/CpuGeneric/Port/Std/IfxPort.h **** 
1110:../Libraries/iLLD/TC4xx/CpuGeneric/Port/Std/IfxPort.h **** IFX_INLINE void IfxPort_setPinModeInput(Ifx_P *port, uint8 pinIndex, IfxPort_InputMode mode)
1111:../Libraries/iLLD/TC4xx/CpuGeneric/Port/Std/IfxPort.h **** {
1112:../Libraries/iLLD/TC4xx/CpuGeneric/Port/Std/IfxPort.h ****     IfxPort_setPinMode(port, pinIndex, (IfxPort_Mode)mode);
1113:../Libraries/iLLD/TC4xx/CpuGeneric/Port/Std/IfxPort.h **** }
1114:../Libraries/iLLD/TC4xx/CpuGeneric/Port/Std/IfxPort.h **** 
1115:../Libraries/iLLD/TC4xx/CpuGeneric/Port/Std/IfxPort.h **** 
1116:../Libraries/iLLD/TC4xx/CpuGeneric/Port/Std/IfxPort.h **** IFX_INLINE void IfxPort_setPinModeOutput(Ifx_P *port, uint8 pinIndex, IfxPort_OutputMode mode, IfxP
1117:../Libraries/iLLD/TC4xx/CpuGeneric/Port/Std/IfxPort.h **** {
1118:../Libraries/iLLD/TC4xx/CpuGeneric/Port/Std/IfxPort.h ****     IfxPort_setPinMode(port, pinIndex, (IfxPort_Mode)(index | mode));
 855              	 .loc 3 1118 5 is_stmt 1
 856 0090 A625     	 or %d5,%d2
 857              	.LVL68:
 858 0092 0884     	 ld.bu %d4,[%a15]8
 859              	.LVL69:
 860 0094 6D000000 	 call IfxPort_setPinMode
 861              	.LVL70:
 862              	.LBE116:
 863              	.LBE115:
2022:../Libraries/iLLD/TC4xx/Tricore/Msc/Std/IfxMsc.h ****     }
 864              	 .loc 2 2022 9
 865 0098 0295     	 mov %d5,%d9
 866 009a 0884     	 ld.bu %d4,[%a15]8
 867 009c C814     	 ld.a %a4,[%a15]4
 868 009e 6D000000 	 call IfxPort_setPinPadDriver
 869              	.LVL71:
 870              	.L28:
 871              	.LBE114:
 872              	.LBE113:
 162:../Libraries/iLLD/TC4xx/Tricore/Msc/Msc/IfxMsc_Msc.c **** 
 873              	 .loc 1 162 9
 162:../Libraries/iLLD/TC4xx/Tricore/Msc/Msc/IfxMsc_Msc.c **** 
 874              	 .loc 1 162 26 is_stmt 0
 875 00a2 99CF2C40 	 ld.a %a15,[%a12]300
 876              	.LVL72:
 164:../Libraries/iLLD/TC4xx/Tricore/Msc/Msc/IfxMsc_Msc.c ****         {
 877              	 .loc 1 164 9 is_stmt 1
 164:../Libraries/iLLD/TC4xx/Tricore/Msc/Msc/IfxMsc_Msc.c ****         {
 878              	 .loc 1 164 12 is_stmt 0
 879 00a6 BD0F0000 	 jz.a %a15,.L29
 166:../Libraries/iLLD/TC4xx/Tricore/Msc/Msc/IfxMsc_Msc.c ****         }
 880              	 .loc 1 166 13 is_stmt 1
 881 00aa 19C23040 	 ld.w %d2,[%a12]304
 882 00ae 19C93C50 	 ld.w %d9,[%a12]380
 883              	.LVL73:
 884              	.LBB117:
 885              	.LBB118:
2009:../Libraries/iLLD/TC4xx/Tricore/Msc/Std/IfxMsc.h ****     {
 886              	 .loc 2 2009 5
2009:../Libraries/iLLD/TC4xx/Tricore/Msc/Std/IfxMsc.h ****     {
 887              	 .loc 2 2009 18 is_stmt 0
 888 00b2 C814     	 ld.a %a4,[%a15]4
2009:../Libraries/iLLD/TC4xx/Tricore/Msc/Std/IfxMsc.h ****     {
 889              	 .loc 2 2009 8
 890 00b4 BD040000 	 jz.a %a4,.L29
2011:../Libraries/iLLD/TC4xx/Tricore/Msc/Std/IfxMsc.h ****         IfxPort_setPinPadDriver(fcln->pin.port, fcln->pin.pinIndex, padDriver);
 891              	 .loc 2 2011 9 is_stmt 1
2011:../Libraries/iLLD/TC4xx/Tricore/Msc/Std/IfxMsc.h ****         IfxPort_setPinPadDriver(fcln->pin.port, fcln->pin.pinIndex, padDriver);
 892              	 .loc 2 2011 83 is_stmt 0
 893 00b8 4835     	 ld.w %d5,[%a15]12
 894              	.LVL74:
 895              	.LBB119:
 896              	.LBB120:
 897              	 .loc 3 1118 5 is_stmt 1
 898 00ba A625     	 or %d5,%d2
 899              	.LVL75:
 900 00bc 0884     	 ld.bu %d4,[%a15]8
 901              	.LVL76:
 902 00be 6D000000 	 call IfxPort_setPinMode
 903              	.LVL77:
 904              	.LBE120:
 905              	.LBE119:
2012:../Libraries/iLLD/TC4xx/Tricore/Msc/Std/IfxMsc.h ****     }
 906              	 .loc 2 2012 9
 907 00c2 0295     	 mov %d5,%d9
 908 00c4 0884     	 ld.bu %d4,[%a15]8
 909 00c6 C814     	 ld.a %a4,[%a15]4
 910 00c8 6D000000 	 call IfxPort_setPinPadDriver
 911              	.LVL78:
 912              	.L29:
 913              	.LBE118:
 914              	.LBE117:
 169:../Libraries/iLLD/TC4xx/Tricore/Msc/Msc/IfxMsc_Msc.c **** 
 915              	 .loc 1 169 9
 169:../Libraries/iLLD/TC4xx/Tricore/Msc/Msc/IfxMsc_Msc.c **** 
 916              	 .loc 1 169 25 is_stmt 0
 917 00cc 99CF3440 	 ld.a %a15,[%a12]308
 918              	.LVL79:
 171:../Libraries/iLLD/TC4xx/Tricore/Msc/Msc/IfxMsc_Msc.c ****         {
 919              	 .loc 1 171 9 is_stmt 1
 171:../Libraries/iLLD/TC4xx/Tricore/Msc/Msc/IfxMsc_Msc.c ****         {
 920              	 .loc 1 171 12 is_stmt 0
 921 00d0 BD0F0000 	 jz.a %a15,.L30
 173:../Libraries/iLLD/TC4xx/Tricore/Msc/Msc/IfxMsc_Msc.c ****         }
 922              	 .loc 1 173 13 is_stmt 1
 923 00d4 19C23840 	 ld.w %d2,[%a12]312
 924 00d8 19C93C50 	 ld.w %d9,[%a12]380
 925              	.LVL80:
 926              	.LBB121:
 927              	.LBB122:
2060:../Libraries/iLLD/TC4xx/Tricore/Msc/Std/IfxMsc.h ****     {
 928              	 .loc 2 2060 5
2060:../Libraries/iLLD/TC4xx/Tricore/Msc/Std/IfxMsc.h ****     {
 929              	 .loc 2 2060 17 is_stmt 0
 930 00dc C814     	 ld.a %a4,[%a15]4
2060:../Libraries/iLLD/TC4xx/Tricore/Msc/Std/IfxMsc.h ****     {
 931              	 .loc 2 2060 8
 932 00de BD040000 	 jz.a %a4,.L30
2062:../Libraries/iLLD/TC4xx/Tricore/Msc/Std/IfxMsc.h ****         IfxPort_setPinPadDriver(sop->pin.port, sop->pin.pinIndex, padDriver);
 933              	 .loc 2 2062 9 is_stmt 1
2062:../Libraries/iLLD/TC4xx/Tricore/Msc/Std/IfxMsc.h ****         IfxPort_setPinPadDriver(sop->pin.port, sop->pin.pinIndex, padDriver);
 934              	 .loc 2 2062 80 is_stmt 0
 935 00e2 4835     	 ld.w %d5,[%a15]12
 936              	.LVL81:
 937              	.LBB123:
 938              	.LBB124:
 939              	 .loc 3 1118 5 is_stmt 1
 940 00e4 A625     	 or %d5,%d2
 941              	.LVL82:
 942 00e6 0884     	 ld.bu %d4,[%a15]8
 943              	.LVL83:
 944 00e8 6D000000 	 call IfxPort_setPinMode
 945              	.LVL84:
 946              	.LBE124:
 947              	.LBE123:
2063:../Libraries/iLLD/TC4xx/Tricore/Msc/Std/IfxMsc.h ****     }
 948              	 .loc 2 2063 9
 949 00ec 0295     	 mov %d5,%d9
 950 00ee 0884     	 ld.bu %d4,[%a15]8
 951 00f0 C814     	 ld.a %a4,[%a15]4
 952 00f2 6D000000 	 call IfxPort_setPinPadDriver
 953              	.LVL85:
 954              	.L30:
 955              	.LBE122:
 956              	.LBE121:
 176:../Libraries/iLLD/TC4xx/Tricore/Msc/Msc/IfxMsc_Msc.c **** 
 957              	 .loc 1 176 9
 176:../Libraries/iLLD/TC4xx/Tricore/Msc/Msc/IfxMsc_Msc.c **** 
 958              	 .loc 1 176 25 is_stmt 0
 959 00f6 99CF3C40 	 ld.a %a15,[%a12]316
 960              	.LVL86:
 178:../Libraries/iLLD/TC4xx/Tricore/Msc/Msc/IfxMsc_Msc.c ****         {
 961              	 .loc 1 178 9 is_stmt 1
 178:../Libraries/iLLD/TC4xx/Tricore/Msc/Msc/IfxMsc_Msc.c ****         {
 962              	 .loc 1 178 12 is_stmt 0
 963 00fa BD0F0000 	 jz.a %a15,.L31
 180:../Libraries/iLLD/TC4xx/Tricore/Msc/Msc/IfxMsc_Msc.c ****         }
 964              	 .loc 1 180 13 is_stmt 1
 965 00fe 19C20050 	 ld.w %d2,[%a12]320
 966 0102 19C93C50 	 ld.w %d9,[%a12]380
 967              	.LVL87:
 968              	.LBB125:
 969              	.LBB126:
2050:../Libraries/iLLD/TC4xx/Tricore/Msc/Std/IfxMsc.h ****     {
 970              	 .loc 2 2050 5
2050:../Libraries/iLLD/TC4xx/Tricore/Msc/Std/IfxMsc.h ****     {
 971              	 .loc 2 2050 17 is_stmt 0
 972 0106 C814     	 ld.a %a4,[%a15]4
2050:../Libraries/iLLD/TC4xx/Tricore/Msc/Std/IfxMsc.h ****     {
 973              	 .loc 2 2050 8
 974 0108 BD040000 	 jz.a %a4,.L31
2052:../Libraries/iLLD/TC4xx/Tricore/Msc/Std/IfxMsc.h ****         IfxPort_setPinPadDriver(son->pin.port, son->pin.pinIndex, padDriver);
 975              	 .loc 2 2052 9 is_stmt 1
2052:../Libraries/iLLD/TC4xx/Tricore/Msc/Std/IfxMsc.h ****         IfxPort_setPinPadDriver(son->pin.port, son->pin.pinIndex, padDriver);
 976              	 .loc 2 2052 80 is_stmt 0
 977 010c 4835     	 ld.w %d5,[%a15]12
 978              	.LVL88:
 979              	.LBB127:
 980              	.LBB128:
 981              	 .loc 3 1118 5 is_stmt 1
 982 010e A625     	 or %d5,%d2
 983              	.LVL89:
 984 0110 0884     	 ld.bu %d4,[%a15]8
 985              	.LVL90:
 986 0112 6D000000 	 call IfxPort_setPinMode
 987              	.LVL91:
 988              	.LBE128:
 989              	.LBE127:
2053:../Libraries/iLLD/TC4xx/Tricore/Msc/Std/IfxMsc.h ****     }
 990              	 .loc 2 2053 9
 991 0116 0295     	 mov %d5,%d9
 992 0118 0884     	 ld.bu %d4,[%a15]8
 993 011a C814     	 ld.a %a4,[%a15]4
 994 011c 6D000000 	 call IfxPort_setPinPadDriver
 995              	.LVL92:
 996              	.L31:
 997              	.LBE126:
 998              	.LBE125:
 183:../Libraries/iLLD/TC4xx/Tricore/Msc/Msc/IfxMsc_Msc.c **** 
 999              	 .loc 1 183 9
 183:../Libraries/iLLD/TC4xx/Tricore/Msc/Msc/IfxMsc_Msc.c **** 
 1000              	 .loc 1 183 24 is_stmt 0
 1001 0120 99CF0450 	 ld.a %a15,[%a12]324
 1002              	.LVL93:
 185:../Libraries/iLLD/TC4xx/Tricore/Msc/Msc/IfxMsc_Msc.c ****         {
 1003              	 .loc 1 185 9 is_stmt 1
 185:../Libraries/iLLD/TC4xx/Tricore/Msc/Msc/IfxMsc_Msc.c ****         {
 1004              	 .loc 1 185 12 is_stmt 0
 1005 0124 BD0F0000 	 jz.a %a15,.L32
 187:../Libraries/iLLD/TC4xx/Tricore/Msc/Msc/IfxMsc_Msc.c ****         }
 1006              	 .loc 1 187 13 is_stmt 1
 1007 0128 19C20850 	 ld.w %d2,[%a12]328
 1008 012c 19C93C50 	 ld.w %d9,[%a12]380
 1009              	.LVL94:
 1010              	.LBB129:
 1011              	.LBB130:
1999:../Libraries/iLLD/TC4xx/Tricore/Msc/Std/IfxMsc.h ****     {
 1012              	 .loc 2 1999 5
1999:../Libraries/iLLD/TC4xx/Tricore/Msc/Std/IfxMsc.h ****     {
 1013              	 .loc 2 1999 16 is_stmt 0
 1014 0130 C824     	 ld.a %a4,[%a15]8
1999:../Libraries/iLLD/TC4xx/Tricore/Msc/Std/IfxMsc.h ****     {
 1015              	 .loc 2 1999 8
 1016 0132 BD040000 	 jz.a %a4,.L32
2001:../Libraries/iLLD/TC4xx/Tricore/Msc/Std/IfxMsc.h ****         IfxPort_setPinPadDriver(en->pin.port, en->pin.pinIndex, padDriver);
 1017              	 .loc 2 2001 9 is_stmt 1
2001:../Libraries/iLLD/TC4xx/Tricore/Msc/Std/IfxMsc.h ****         IfxPort_setPinPadDriver(en->pin.port, en->pin.pinIndex, padDriver);
 1018              	 .loc 2 2001 77 is_stmt 0
 1019 0136 4845     	 ld.w %d5,[%a15]16
 1020              	.LVL95:
 1021              	.LBB131:
 1022              	.LBB132:
 1023              	 .loc 3 1118 5 is_stmt 1
 1024 0138 A625     	 or %d5,%d2
 1025              	.LVL96:
 1026 013a 08C4     	 ld.bu %d4,[%a15]12
 1027              	.LVL97:
 1028 013c 6D000000 	 call IfxPort_setPinMode
 1029              	.LVL98:
 1030              	.LBE132:
 1031              	.LBE131:
2002:../Libraries/iLLD/TC4xx/Tricore/Msc/Std/IfxMsc.h ****     }
 1032              	 .loc 2 2002 9
 1033 0140 0295     	 mov %d5,%d9
 1034 0142 08C4     	 ld.bu %d4,[%a15]12
 1035 0144 C824     	 ld.a %a4,[%a15]8
 1036 0146 6D000000 	 call IfxPort_setPinPadDriver
 1037              	.LVL99:
 1038              	.L32:
 1039              	.LBE130:
 1040              	.LBE129:
 190:../Libraries/iLLD/TC4xx/Tricore/Msc/Msc/IfxMsc_Msc.c **** 
 1041              	 .loc 1 190 9
 190:../Libraries/iLLD/TC4xx/Tricore/Msc/Msc/IfxMsc_Msc.c **** 
 1042              	 .loc 1 190 24 is_stmt 0
 1043 014a 99CF0C50 	 ld.a %a15,[%a12]332
 1044              	.LVL100:
 192:../Libraries/iLLD/TC4xx/Tricore/Msc/Msc/IfxMsc_Msc.c ****         {
 1045              	 .loc 1 192 9 is_stmt 1
 192:../Libraries/iLLD/TC4xx/Tricore/Msc/Msc/IfxMsc_Msc.c ****         {
 1046              	 .loc 1 192 12 is_stmt 0
 1047 014e BD0F0000 	 jz.a %a15,.L33
 194:../Libraries/iLLD/TC4xx/Tricore/Msc/Msc/IfxMsc_Msc.c ****         }
 1048              	 .loc 1 194 13 is_stmt 1
 1049 0152 19C21050 	 ld.w %d2,[%a12]336
 1050 0156 19C93C50 	 ld.w %d9,[%a12]380
 1051              	.LVL101:
 1052              	.LBB133:
 1053              	.LBB134:
1999:../Libraries/iLLD/TC4xx/Tricore/Msc/Std/IfxMsc.h ****     {
 1054              	 .loc 2 1999 5
1999:../Libraries/iLLD/TC4xx/Tricore/Msc/Std/IfxMsc.h ****     {
 1055              	 .loc 2 1999 16 is_stmt 0
 1056 015a C824     	 ld.a %a4,[%a15]8
1999:../Libraries/iLLD/TC4xx/Tricore/Msc/Std/IfxMsc.h ****     {
 1057              	 .loc 2 1999 8
 1058 015c BD040000 	 jz.a %a4,.L33
2001:../Libraries/iLLD/TC4xx/Tricore/Msc/Std/IfxMsc.h ****         IfxPort_setPinPadDriver(en->pin.port, en->pin.pinIndex, padDriver);
 1059              	 .loc 2 2001 9 is_stmt 1
2001:../Libraries/iLLD/TC4xx/Tricore/Msc/Std/IfxMsc.h ****         IfxPort_setPinPadDriver(en->pin.port, en->pin.pinIndex, padDriver);
 1060              	 .loc 2 2001 77 is_stmt 0
 1061 0160 4845     	 ld.w %d5,[%a15]16
 1062              	.LVL102:
 1063              	.LBB135:
 1064              	.LBB136:
 1065              	 .loc 3 1118 5 is_stmt 1
 1066 0162 A625     	 or %d5,%d2
 1067              	.LVL103:
 1068 0164 08C4     	 ld.bu %d4,[%a15]12
 1069              	.LVL104:
 1070 0166 6D000000 	 call IfxPort_setPinMode
 1071              	.LVL105:
 1072              	.LBE136:
 1073              	.LBE135:
2002:../Libraries/iLLD/TC4xx/Tricore/Msc/Std/IfxMsc.h ****     }
 1074              	 .loc 2 2002 9
 1075 016a 0295     	 mov %d5,%d9
 1076 016c 08C4     	 ld.bu %d4,[%a15]12
 1077 016e C824     	 ld.a %a4,[%a15]8
 1078 0170 6D000000 	 call IfxPort_setPinPadDriver
 1079              	.LVL106:
 1080              	.L33:
 1081              	.LBE134:
 1082              	.LBE133:
 197:../Libraries/iLLD/TC4xx/Tricore/Msc/Msc/IfxMsc_Msc.c **** 
 1083              	 .loc 1 197 9
 197:../Libraries/iLLD/TC4xx/Tricore/Msc/Msc/IfxMsc_Msc.c **** 
 1084              	 .loc 1 197 24 is_stmt 0
 1085 0174 99CF1450 	 ld.a %a15,[%a12]340
 1086              	.LVL107:
 199:../Libraries/iLLD/TC4xx/Tricore/Msc/Msc/IfxMsc_Msc.c ****         {
 1087              	 .loc 1 199 9 is_stmt 1
 199:../Libraries/iLLD/TC4xx/Tricore/Msc/Msc/IfxMsc_Msc.c ****         {
 1088              	 .loc 1 199 12 is_stmt 0
 1089 0178 BD0F0000 	 jz.a %a15,.L34
 201:../Libraries/iLLD/TC4xx/Tricore/Msc/Msc/IfxMsc_Msc.c ****         }
 1090              	 .loc 1 201 13 is_stmt 1
 1091 017c 19C21850 	 ld.w %d2,[%a12]344
 1092 0180 19C93C50 	 ld.w %d9,[%a12]380
 1093              	.LVL108:
 1094              	.LBB137:
 1095              	.LBB138:
1999:../Libraries/iLLD/TC4xx/Tricore/Msc/Std/IfxMsc.h ****     {
 1096              	 .loc 2 1999 5
1999:../Libraries/iLLD/TC4xx/Tricore/Msc/Std/IfxMsc.h ****     {
 1097              	 .loc 2 1999 16 is_stmt 0
 1098 0184 C824     	 ld.a %a4,[%a15]8
1999:../Libraries/iLLD/TC4xx/Tricore/Msc/Std/IfxMsc.h ****     {
 1099              	 .loc 2 1999 8
 1100 0186 BD040000 	 jz.a %a4,.L34
2001:../Libraries/iLLD/TC4xx/Tricore/Msc/Std/IfxMsc.h ****         IfxPort_setPinPadDriver(en->pin.port, en->pin.pinIndex, padDriver);
 1101              	 .loc 2 2001 9 is_stmt 1
2001:../Libraries/iLLD/TC4xx/Tricore/Msc/Std/IfxMsc.h ****         IfxPort_setPinPadDriver(en->pin.port, en->pin.pinIndex, padDriver);
 1102              	 .loc 2 2001 77 is_stmt 0
 1103 018a 4845     	 ld.w %d5,[%a15]16
 1104              	.LVL109:
 1105              	.LBB139:
 1106              	.LBB140:
 1107              	 .loc 3 1118 5 is_stmt 1
 1108 018c A625     	 or %d5,%d2
 1109              	.LVL110:
 1110 018e 08C4     	 ld.bu %d4,[%a15]12
 1111              	.LVL111:
 1112 0190 6D000000 	 call IfxPort_setPinMode
 1113              	.LVL112:
 1114              	.LBE140:
 1115              	.LBE139:
2002:../Libraries/iLLD/TC4xx/Tricore/Msc/Std/IfxMsc.h ****     }
 1116              	 .loc 2 2002 9
 1117 0194 0295     	 mov %d5,%d9
 1118 0196 08C4     	 ld.bu %d4,[%a15]12
 1119 0198 C824     	 ld.a %a4,[%a15]8
 1120 019a 6D000000 	 call IfxPort_setPinPadDriver
 1121              	.LVL113:
 1122              	.L34:
 1123              	.LBE138:
 1124              	.LBE137:
 204:../Libraries/iLLD/TC4xx/Tricore/Msc/Msc/IfxMsc_Msc.c **** 
 1125              	 .loc 1 204 9
 204:../Libraries/iLLD/TC4xx/Tricore/Msc/Msc/IfxMsc_Msc.c **** 
 1126              	 .loc 1 204 24 is_stmt 0
 1127 019e 99CF1C50 	 ld.a %a15,[%a12]348
 1128              	.LVL114:
 206:../Libraries/iLLD/TC4xx/Tricore/Msc/Msc/IfxMsc_Msc.c ****         {
 1129              	 .loc 1 206 9 is_stmt 1
 206:../Libraries/iLLD/TC4xx/Tricore/Msc/Msc/IfxMsc_Msc.c ****         {
 1130              	 .loc 1 206 12 is_stmt 0
 1131 01a2 BD0F0000 	 jz.a %a15,.L35
 208:../Libraries/iLLD/TC4xx/Tricore/Msc/Msc/IfxMsc_Msc.c ****         }
 1132              	 .loc 1 208 13 is_stmt 1
 1133 01a6 19C22050 	 ld.w %d2,[%a12]352
 1134 01aa 19C93C50 	 ld.w %d9,[%a12]380
 1135              	.LVL115:
 1136              	.LBB141:
 1137              	.LBB142:
1999:../Libraries/iLLD/TC4xx/Tricore/Msc/Std/IfxMsc.h ****     {
 1138              	 .loc 2 1999 5
1999:../Libraries/iLLD/TC4xx/Tricore/Msc/Std/IfxMsc.h ****     {
 1139              	 .loc 2 1999 16 is_stmt 0
 1140 01ae C824     	 ld.a %a4,[%a15]8
1999:../Libraries/iLLD/TC4xx/Tricore/Msc/Std/IfxMsc.h ****     {
 1141              	 .loc 2 1999 8
 1142 01b0 BD040000 	 jz.a %a4,.L35
2001:../Libraries/iLLD/TC4xx/Tricore/Msc/Std/IfxMsc.h ****         IfxPort_setPinPadDriver(en->pin.port, en->pin.pinIndex, padDriver);
 1143              	 .loc 2 2001 9 is_stmt 1
2001:../Libraries/iLLD/TC4xx/Tricore/Msc/Std/IfxMsc.h ****         IfxPort_setPinPadDriver(en->pin.port, en->pin.pinIndex, padDriver);
 1144              	 .loc 2 2001 77 is_stmt 0
 1145 01b4 4845     	 ld.w %d5,[%a15]16
 1146              	.LVL116:
 1147              	.LBB143:
 1148              	.LBB144:
 1149              	 .loc 3 1118 5 is_stmt 1
 1150 01b6 A625     	 or %d5,%d2
 1151              	.LVL117:
 1152 01b8 08C4     	 ld.bu %d4,[%a15]12
 1153              	.LVL118:
 1154 01ba 6D000000 	 call IfxPort_setPinMode
 1155              	.LVL119:
 1156              	.LBE144:
 1157              	.LBE143:
2002:../Libraries/iLLD/TC4xx/Tricore/Msc/Std/IfxMsc.h ****     }
 1158              	 .loc 2 2002 9
 1159 01be 0295     	 mov %d5,%d9
 1160 01c0 08C4     	 ld.bu %d4,[%a15]12
 1161 01c2 C824     	 ld.a %a4,[%a15]8
 1162 01c4 6D000000 	 call IfxPort_setPinPadDriver
 1163              	.LVL120:
 1164              	.L35:
 1165              	.LBE142:
 1166              	.LBE141:
 211:../Libraries/iLLD/TC4xx/Tricore/Msc/Msc/IfxMsc_Msc.c **** 
 1167              	 .loc 1 211 9
 211:../Libraries/iLLD/TC4xx/Tricore/Msc/Msc/IfxMsc_Msc.c **** 
 1168              	 .loc 1 211 24 is_stmt 0
 1169 01c8 99CF2450 	 ld.a %a15,[%a12]356
 1170              	.LVL121:
 213:../Libraries/iLLD/TC4xx/Tricore/Msc/Msc/IfxMsc_Msc.c ****         {
 1171              	 .loc 1 213 9 is_stmt 1
 213:../Libraries/iLLD/TC4xx/Tricore/Msc/Msc/IfxMsc_Msc.c ****         {
 1172              	 .loc 1 213 12 is_stmt 0
 1173 01cc BD0F0000 	 jz.a %a15,.L36
 215:../Libraries/iLLD/TC4xx/Tricore/Msc/Msc/IfxMsc_Msc.c ****         }
 1174              	 .loc 1 215 13 is_stmt 1
 1175 01d0 19C52850 	 ld.w %d5,[%a12]360
 1176 01d4 19C93C50 	 ld.w %d9,[%a12]380
 1177              	.LVL122:
 1178              	.LBB145:
 1179              	.LBB146:
2039:../Libraries/iLLD/TC4xx/Tricore/Msc/Std/IfxMsc.h ****     {
 1180              	 .loc 2 2039 5
2039:../Libraries/iLLD/TC4xx/Tricore/Msc/Std/IfxMsc.h ****     {
 1181              	 .loc 2 2039 17 is_stmt 0
 1182 01d8 C814     	 ld.a %a4,[%a15]4
2039:../Libraries/iLLD/TC4xx/Tricore/Msc/Std/IfxMsc.h ****     {
 1183              	 .loc 2 2039 8
 1184 01da BD040000 	 jz.a %a4,.L36
2041:../Libraries/iLLD/TC4xx/Tricore/Msc/Std/IfxMsc.h ****         IfxPort_setPinPadDriver(sdi->pin.port, sdi->pin.pinIndex, padDriver);
 1185              	 .loc 2 2041 9 is_stmt 1
 1186              	.LVL123:
 1187              	.LBB147:
 1188              	.LBB148:
1112:../Libraries/iLLD/TC4xx/CpuGeneric/Port/Std/IfxPort.h **** }
 1189              	 .loc 3 1112 5
 1190 01de 0884     	 ld.bu %d4,[%a15]8
 1191              	.LVL124:
 1192 01e0 6D000000 	 call IfxPort_setPinMode
 1193              	.LVL125:
 1194              	.LBE148:
 1195              	.LBE147:
2042:../Libraries/iLLD/TC4xx/Tricore/Msc/Std/IfxMsc.h ****         sdi->module->OCR.B.SDISEL = sdi->select;
 1196              	 .loc 2 2042 9
 1197 01e4 0295     	 mov %d5,%d9
 1198 01e6 0884     	 ld.bu %d4,[%a15]8
 1199 01e8 C814     	 ld.a %a4,[%a15]4
 1200 01ea 6D000000 	 call IfxPort_setPinPadDriver
 1201              	.LVL126:
2043:../Libraries/iLLD/TC4xx/Tricore/Msc/Std/IfxMsc.h ****     }
 1202              	 .loc 2 2043 9
2043:../Libraries/iLLD/TC4xx/Tricore/Msc/Std/IfxMsc.h ****     }
 1203              	 .loc 2 2043 12 is_stmt 0
 1204 01ee C802     	 ld.a %a2,[%a15]0
2043:../Libraries/iLLD/TC4xx/Tricore/Msc/Std/IfxMsc.h ****     }
 1205              	 .loc 2 2043 40
 1206 01f0 4833     	 ld.w %d3,[%a15]12
2043:../Libraries/iLLD/TC4xx/Tricore/Msc/Std/IfxMsc.h ****     }
 1207              	 .loc 2 2043 35
 1208 01f2 D9230C20 	 lea %a3,[%a2]140
 1209 01f6 19220C20 	 ld.w %d2,[%a2]140
 1210 01fa 37320328 	 insert %d2,%d2,%d3,16,3
 1211 01fe 7432     	 st.w [%a3]0,%d2
 1212              	.LVL127:
 1213              	.L36:
 1214              	.LBE146:
 1215              	.LBE145:
 218:../Libraries/iLLD/TC4xx/Tricore/Msc/Msc/IfxMsc_Msc.c **** 
 1216              	 .loc 1 218 9 is_stmt 1
 218:../Libraries/iLLD/TC4xx/Tricore/Msc/Msc/IfxMsc_Msc.c **** 
 1217              	 .loc 1 218 24 is_stmt 0
 1218 0200 99CF2C50 	 ld.a %a15,[%a12]364
 1219              	.LVL128:
 220:../Libraries/iLLD/TC4xx/Tricore/Msc/Msc/IfxMsc_Msc.c ****         {
 1220              	 .loc 1 220 9 is_stmt 1
 220:../Libraries/iLLD/TC4xx/Tricore/Msc/Msc/IfxMsc_Msc.c ****         {
 1221              	 .loc 1 220 12 is_stmt 0
 1222 0204 BD0F0000 	 jz.a %a15,.L37
 222:../Libraries/iLLD/TC4xx/Tricore/Msc/Msc/IfxMsc_Msc.c ****         }
 1223              	 .loc 1 222 13 is_stmt 1
 1224 0208 19C53050 	 ld.w %d5,[%a12]368
 1225 020c 19C93C50 	 ld.w %d9,[%a12]380
 1226              	.LVL129:
 1227              	.LBB149:
 1228              	.LBB150:
2029:../Libraries/iLLD/TC4xx/Tricore/Msc/Std/IfxMsc.h ****     {
 1229              	 .loc 2 2029 5
2029:../Libraries/iLLD/TC4xx/Tricore/Msc/Std/IfxMsc.h ****     {
 1230              	 .loc 2 2029 17 is_stmt 0
 1231 0210 C814     	 ld.a %a4,[%a15]4
2029:../Libraries/iLLD/TC4xx/Tricore/Msc/Std/IfxMsc.h ****     {
 1232              	 .loc 2 2029 8
 1233 0212 BD040000 	 jz.a %a4,.L37
2031:../Libraries/iLLD/TC4xx/Tricore/Msc/Std/IfxMsc.h ****         IfxPort_setPinPadDriver(inj->pin.port, inj->pin.pinIndex, padDriver);
 1234              	 .loc 2 2031 9 is_stmt 1
 1235              	.LVL130:
 1236              	.LBB151:
 1237              	.LBB152:
1112:../Libraries/iLLD/TC4xx/CpuGeneric/Port/Std/IfxPort.h **** }
 1238              	 .loc 3 1112 5
 1239 0216 0884     	 ld.bu %d4,[%a15]8
 1240              	.LVL131:
 1241 0218 6D000000 	 call IfxPort_setPinMode
 1242              	.LVL132:
 1243              	.LBE152:
 1244              	.LBE151:
2032:../Libraries/iLLD/TC4xx/Tricore/Msc/Std/IfxMsc.h ****     }
 1245              	 .loc 2 2032 9
 1246 021c 0295     	 mov %d5,%d9
 1247 021e 0884     	 ld.bu %d4,[%a15]8
 1248 0220 C814     	 ld.a %a4,[%a15]4
 1249 0222 6D000000 	 call IfxPort_setPinPadDriver
 1250              	.LVL133:
 1251              	.L37:
 1252              	.LBE150:
 1253              	.LBE149:
 225:../Libraries/iLLD/TC4xx/Tricore/Msc/Msc/IfxMsc_Msc.c **** 
 1254              	 .loc 1 225 9
 225:../Libraries/iLLD/TC4xx/Tricore/Msc/Msc/IfxMsc_Msc.c **** 
 1255              	 .loc 1 225 24 is_stmt 0
 1256 0226 99CF3450 	 ld.a %a15,[%a12]372
 1257              	.LVL134:
 227:../Libraries/iLLD/TC4xx/Tricore/Msc/Msc/IfxMsc_Msc.c ****         {
 1258              	 .loc 1 227 9 is_stmt 1
 227:../Libraries/iLLD/TC4xx/Tricore/Msc/Msc/IfxMsc_Msc.c ****         {
 1259              	 .loc 1 227 12 is_stmt 0
 1260 022a BD0F0000 	 jz.a %a15,.L38
 229:../Libraries/iLLD/TC4xx/Tricore/Msc/Msc/IfxMsc_Msc.c ****         }
 1261              	 .loc 1 229 13 is_stmt 1
 1262 022e 19C53850 	 ld.w %d5,[%a12]376
 1263 0232 19C93C50 	 ld.w %d9,[%a12]380
 1264              	.LVL135:
 1265              	.LBB153:
 1266              	.LBB154:
2029:../Libraries/iLLD/TC4xx/Tricore/Msc/Std/IfxMsc.h ****     {
 1267              	 .loc 2 2029 5
2029:../Libraries/iLLD/TC4xx/Tricore/Msc/Std/IfxMsc.h ****     {
 1268              	 .loc 2 2029 17 is_stmt 0
 1269 0236 C814     	 ld.a %a4,[%a15]4
2029:../Libraries/iLLD/TC4xx/Tricore/Msc/Std/IfxMsc.h ****     {
 1270              	 .loc 2 2029 8
 1271 0238 BD040000 	 jz.a %a4,.L38
2031:../Libraries/iLLD/TC4xx/Tricore/Msc/Std/IfxMsc.h ****         IfxPort_setPinPadDriver(inj->pin.port, inj->pin.pinIndex, padDriver);
 1272              	 .loc 2 2031 9 is_stmt 1
 1273              	.LVL136:
 1274              	.LBB155:
 1275              	.LBB156:
1112:../Libraries/iLLD/TC4xx/CpuGeneric/Port/Std/IfxPort.h **** }
 1276              	 .loc 3 1112 5
 1277 023c 0884     	 ld.bu %d4,[%a15]8
 1278              	.LVL137:
 1279 023e 6D000000 	 call IfxPort_setPinMode
 1280              	.LVL138:
 1281              	.LBE156:
 1282              	.LBE155:
2032:../Libraries/iLLD/TC4xx/Tricore/Msc/Std/IfxMsc.h ****     }
 1283              	 .loc 2 2032 9
 1284 0242 0295     	 mov %d5,%d9
 1285 0244 0884     	 ld.bu %d4,[%a15]8
 1286 0246 C814     	 ld.a %a4,[%a15]4
 1287 0248 6D000000 	 call IfxPort_setPinPadDriver
 1288              	.LVL139:
 1289              	.L38:
 1290              	.LBE154:
 1291              	.LBE153:
 1292              	.LBE112:
 1293              	.LBB157:
 235:../Libraries/iLLD/TC4xx/Tricore/Msc/Msc/IfxMsc_Msc.c **** 
 1294              	 .loc 1 235 9
 238:../Libraries/iLLD/TC4xx/Tricore/Msc/Msc/IfxMsc_Msc.c ****         /* Upstream Timeout Value */
 1295              	 .loc 1 238 9
 238:../Libraries/iLLD/TC4xx/Tricore/Msc/Msc/IfxMsc_Msc.c ****         /* Upstream Timeout Value */
 1296              	 .loc 1 238 38 is_stmt 0
 1297 024c 19D21C20 	 ld.w %d2,[%a13]156
 240:../Libraries/iLLD/TC4xx/Tricore/Msc/Msc/IfxMsc_Msc.c ****         /* Upstream Timeout Prescaler */
 1298              	 .loc 1 240 9 is_stmt 1
 240:../Libraries/iLLD/TC4xx/Tricore/Msc/Msc/IfxMsc_Msc.c ****         /* Upstream Timeout Prescaler */
 1299              	 .loc 1 240 48 is_stmt 0
 1300 0250 19C32800 	 ld.w %d3,[%a12]40
 240:../Libraries/iLLD/TC4xx/Tricore/Msc/Msc/IfxMsc_Msc.c ****         /* Upstream Timeout Prescaler */
 1301              	 .loc 1 240 24
 1302 0254 37320422 	 insert %d2,%d2,%d3,4,4
 1303              	.LVL140:
 242:../Libraries/iLLD/TC4xx/Tricore/Msc/Msc/IfxMsc_Msc.c ****         /* Upstream Timeout Interrupt */
 1304              	 .loc 1 242 9 is_stmt 1
 242:../Libraries/iLLD/TC4xx/Tricore/Msc/Msc/IfxMsc_Msc.c ****         /* Upstream Timeout Interrupt */
 1305              	 .loc 1 242 48 is_stmt 0
 1306 0258 19C32400 	 ld.w %d3,[%a12]36
 242:../Libraries/iLLD/TC4xx/Tricore/Msc/Msc/IfxMsc_Msc.c ****         /* Upstream Timeout Interrupt */
 1307              	 .loc 1 242 24
 1308 025c 37320420 	 insert %d2,%d2,%d3,0,4
 244:../Libraries/iLLD/TC4xx/Tricore/Msc/Msc/IfxMsc_Msc.c ****         usce.B.USTOEN  = config->interruptConfig.upstreamTimeoutInterrupt,
 1309              	 .loc 1 244 9 is_stmt 1
 244:../Libraries/iLLD/TC4xx/Tricore/Msc/Msc/IfxMsc_Msc.c ****         usce.B.USTOEN  = config->interruptConfig.upstreamTimeoutInterrupt,
 1310              	 .loc 1 244 49 is_stmt 0
 1311 0260 19C32410 	 ld.w %d3,[%a12]100
 244:../Libraries/iLLD/TC4xx/Tricore/Msc/Msc/IfxMsc_Msc.c ****         usce.B.USTOEN  = config->interruptConfig.upstreamTimeoutInterrupt,
 1312              	 .loc 1 244 24
 1313 0264 37320227 	 insert %d2,%d2,%d3,14,2
 245:../Libraries/iLLD/TC4xx/Tricore/Msc/Msc/IfxMsc_Msc.c **** 
 1314              	 .loc 1 245 49
 1315 0268 19C32810 	 ld.w %d3,[%a12]104
 245:../Libraries/iLLD/TC4xx/Tricore/Msc/Msc/IfxMsc_Msc.c **** 
 1316              	 .loc 1 245 24
 1317 026c 67320820 	 ins.t %d2,%d2,8,%d3,0
 247:../Libraries/iLLD/TC4xx/Tricore/Msc/Msc/IfxMsc_Msc.c ****     }
 1318              	 .loc 1 247 24
 1319 0270 59D21C20 	 st.w [%a13]156,%d2
 1320              	.LBE157:
 1321              	.LBB158:
 252:../Libraries/iLLD/TC4xx/Tricore/Msc/Msc/IfxMsc_Msc.c **** 
 1322              	 .loc 1 252 9 is_stmt 1
 255:../Libraries/iLLD/TC4xx/Tricore/Msc/Msc/IfxMsc_Msc.c **** 
 1323              	 .loc 1 255 9
 255:../Libraries/iLLD/TC4xx/Tricore/Msc/Msc/IfxMsc_Msc.c **** 
 1324              	 .loc 1 255 28 is_stmt 0
 1325 0274 19D20810 	 ld.w %d2,[%a13]72
 1326              	.LVL141:
 258:../Libraries/iLLD/TC4xx/Tricore/Msc/Msc/IfxMsc_Msc.c ****         /* Number of command bits transmitted */
 1327              	 .loc 1 258 9 is_stmt 1
 258:../Libraries/iLLD/TC4xx/Tricore/Msc/Msc/IfxMsc_Msc.c ****         /* Number of command bits transmitted */
 1328              	 .loc 1 258 49 is_stmt 0
 1329 0278 19C32820 	 ld.w %d3,[%a12]168
 258:../Libraries/iLLD/TC4xx/Tricore/Msc/Msc/IfxMsc_Msc.c ****         /* Number of command bits transmitted */
 1330              	 .loc 1 258 23
 1331 027c 3732052C 	 insert %d2,%d2,%d3,24,5
 1332              	.LVL142:
 260:../Libraries/iLLD/TC4xx/Tricore/Msc/Msc/IfxMsc_Msc.c ****         /* SRH Selection Bit */
 1333              	 .loc 1 260 9 is_stmt 1
 260:../Libraries/iLLD/TC4xx/Tricore/Msc/Msc/IfxMsc_Msc.c ****         /* SRH Selection Bit */
 1334              	 .loc 1 260 49 is_stmt 0
 1335 0280 19C32420 	 ld.w %d3,[%a12]164
 260:../Libraries/iLLD/TC4xx/Tricore/Msc/Msc/IfxMsc_Msc.c ****         /* SRH Selection Bit */
 1336              	 .loc 1 260 23
 1337 0284 37320628 	 insert %d2,%d2,%d3,16,6
 262:../Libraries/iLLD/TC4xx/Tricore/Msc/Msc/IfxMsc_Msc.c ****         /* SRL Selection Bit */
 1338              	 .loc 1 262 9 is_stmt 1
 262:../Libraries/iLLD/TC4xx/Tricore/Msc/Msc/IfxMsc_Msc.c ****         /* SRL Selection Bit */
 1339              	 .loc 1 262 49 is_stmt 0
 1340 0288 19C32020 	 ld.w %d3,[%a12]160
 262:../Libraries/iLLD/TC4xx/Tricore/Msc/Msc/IfxMsc_Msc.c ****         /* SRL Selection Bit */
 1341              	 .loc 1 262 23
 1342 028c 67320E20 	 ins.t %d2,%d2,14,%d3,0
 264:../Libraries/iLLD/TC4xx/Tricore/Msc/Msc/IfxMsc_Msc.c ****         /* Number of SRH Bits transmitted */
 1343              	 .loc 1 264 9 is_stmt 1
 264:../Libraries/iLLD/TC4xx/Tricore/Msc/Msc/IfxMsc_Msc.c ****         /* Number of SRH Bits transmitted */
 1344              	 .loc 1 264 49 is_stmt 0
 1345 0290 19C31C20 	 ld.w %d3,[%a12]156
 264:../Libraries/iLLD/TC4xx/Tricore/Msc/Msc/IfxMsc_Msc.c ****         /* Number of SRH Bits transmitted */
 1346              	 .loc 1 264 23
 1347 0294 67320D20 	 ins.t %d2,%d2,13,%d3,0
 266:../Libraries/iLLD/TC4xx/Tricore/Msc/Msc/IfxMsc_Msc.c ****         /* Number of SRL Bits transmitted */
 1348              	 .loc 1 266 9 is_stmt 1
 266:../Libraries/iLLD/TC4xx/Tricore/Msc/Msc/IfxMsc_Msc.c ****         /* Number of SRL Bits transmitted */
 1349              	 .loc 1 266 49 is_stmt 0
 1350 0298 19C31820 	 ld.w %d3,[%a12]152
 266:../Libraries/iLLD/TC4xx/Tricore/Msc/Msc/IfxMsc_Msc.c ****         /* Number of SRL Bits transmitted */
 1351              	 .loc 1 266 23
 1352 029c 37320524 	 insert %d2,%d2,%d3,8,5
 268:../Libraries/iLLD/TC4xx/Tricore/Msc/Msc/IfxMsc_Msc.c ****         /* Transmission Mode - Triggered or data repetition */
 1353              	 .loc 1 268 9 is_stmt 1
 268:../Libraries/iLLD/TC4xx/Tricore/Msc/Msc/IfxMsc_Msc.c ****         /* Transmission Mode - Triggered or data repetition */
 1354              	 .loc 1 268 49 is_stmt 0
 1355 02a0 19C31420 	 ld.w %d3,[%a12]148
 268:../Libraries/iLLD/TC4xx/Tricore/Msc/Msc/IfxMsc_Msc.c ****         /* Transmission Mode - Triggered or data repetition */
 1356              	 .loc 1 268 23
 1357 02a4 37328521 	 insert %d2,%d2,%d3,3,5
 270:../Libraries/iLLD/TC4xx/Tricore/Msc/Msc/IfxMsc_Msc.c ****         /* Alternative Input Timer Selection */
 1358              	 .loc 1 270 9 is_stmt 1
 270:../Libraries/iLLD/TC4xx/Tricore/Msc/Msc/IfxMsc_Msc.c ****         /* Alternative Input Timer Selection */
 1359              	 .loc 1 270 49 is_stmt 0
 1360 02a8 19C31020 	 ld.w %d3,[%a12]144
 270:../Libraries/iLLD/TC4xx/Tricore/Msc/Msc/IfxMsc_Msc.c ****         /* Alternative Input Timer Selection */
 1361              	 .loc 1 270 23
 1362 02ac 67320020 	 ins.t %d2,%d2,0,%d3,0
 272:../Libraries/iLLD/TC4xx/Tricore/Msc/Msc/IfxMsc_Msc.c ****         mscSfr->DSC.U = dsc.U;
 1363              	 .loc 1 272 9 is_stmt 1
 272:../Libraries/iLLD/TC4xx/Tricore/Msc/Msc/IfxMsc_Msc.c ****         mscSfr->DSC.U = dsc.U;
 1364              	 .loc 1 272 49 is_stmt 0
 1365 02b0 19C31030 	 ld.w %d3,[%a12]208
 272:../Libraries/iLLD/TC4xx/Tricore/Msc/Msc/IfxMsc_Msc.c ****         mscSfr->DSC.U = dsc.U;
 1366              	 .loc 1 272 23
 1367 02b4 67321D20 	 ins.t %d2,%d2,29,%d3,0
 273:../Libraries/iLLD/TC4xx/Tricore/Msc/Msc/IfxMsc_Msc.c ****     }
 1368              	 .loc 1 273 9 is_stmt 1
 273:../Libraries/iLLD/TC4xx/Tricore/Msc/Msc/IfxMsc_Msc.c ****     }
 1369              	 .loc 1 273 23 is_stmt 0
 1370 02b8 59D20810 	 st.w [%a13]72,%d2
 1371              	.LBE158:
 277:../Libraries/iLLD/TC4xx/Tricore/Msc/Msc/IfxMsc_Msc.c **** 
 1372              	 .loc 1 277 5 is_stmt 1
 277:../Libraries/iLLD/TC4xx/Tricore/Msc/Msc/IfxMsc_Msc.c **** 
 1373              	 .loc 1 277 50 is_stmt 0
 1374 02bc 19C32C20 	 ld.w %d3,[%a12]172
 277:../Libraries/iLLD/TC4xx/Tricore/Msc/Msc/IfxMsc_Msc.c **** 
 1375              	 .loc 1 277 24
 1376 02c0 D9D20C10 	 lea %a2,[%a13]76
 1377 02c4 19D20C10 	 ld.w %d2,[%a13]76
 1378              	.LVL143:
 1379 02c8 37320424 	 insert %d2,%d2,%d3,8,4
 1380 02cc 7422     	 st.w [%a2]0,%d2
 280:../Libraries/iLLD/TC4xx/Tricore/Msc/Msc/IfxMsc_Msc.c ****     /* Select Source for SRH */
 1381              	 .loc 1 280 5 is_stmt 1
 280:../Libraries/iLLD/TC4xx/Tricore/Msc/Msc/IfxMsc_Msc.c ****     /* Select Source for SRH */
 1382              	 .loc 1 280 21 is_stmt 0
 1383 02ce 19C20430 	 ld.w %d2,[%a12]196
 1384 02d2 59D21810 	 st.w [%a13]88,%d2
 282:../Libraries/iLLD/TC4xx/Tricore/Msc/Msc/IfxMsc_Msc.c **** 
 1385              	 .loc 1 282 5 is_stmt 1
 282:../Libraries/iLLD/TC4xx/Tricore/Msc/Msc/IfxMsc_Msc.c **** 
 1386              	 .loc 1 282 21 is_stmt 0
 1387 02d6 19C20830 	 ld.w %d2,[%a12]200
 1388 02da 59D21C10 	 st.w [%a13]92,%d2
 285:../Libraries/iLLD/TC4xx/Tricore/Msc/Msc/IfxMsc_Msc.c **** 
 1389              	 .loc 1 285 5 is_stmt 1
 285:../Libraries/iLLD/TC4xx/Tricore/Msc/Msc/IfxMsc_Msc.c **** 
 1390              	 .loc 1 285 19 is_stmt 0
 1391 02de 19C20C30 	 ld.w %d2,[%a12]204
 1392 02e2 59D22010 	 st.w [%a13]96,%d2
 1393              	.LBB159:
 289:../Libraries/iLLD/TC4xx/Tricore/Msc/Msc/IfxMsc_Msc.c **** 
 1394              	 .loc 1 289 9 is_stmt 1
 291:../Libraries/iLLD/TC4xx/Tricore/Msc/Msc/IfxMsc_Msc.c **** 
 1395              	 .loc 1 291 9
 291:../Libraries/iLLD/TC4xx/Tricore/Msc/Msc/IfxMsc_Msc.c **** 
 1396              	 .loc 1 291 33 is_stmt 0
 1397 02e6 19D20020 	 ld.w %d2,[%a13]128
 1398              	.LVL144:
 293:../Libraries/iLLD/TC4xx/Tricore/Msc/Msc/IfxMsc_Msc.c ****         icr.B.EDIE = config->interruptConfig.dataFrameInterrupt;
 1399              	 .loc 1 293 9 is_stmt 1
 293:../Libraries/iLLD/TC4xx/Tricore/Msc/Msc/IfxMsc_Msc.c ****         icr.B.EDIE = config->interruptConfig.dataFrameInterrupt;
 1400              	 .loc 1 293 45 is_stmt 0
 1401 02ea 19C32C00 	 ld.w %d3,[%a12]44
 293:../Libraries/iLLD/TC4xx/Tricore/Msc/Msc/IfxMsc_Msc.c ****         icr.B.EDIE = config->interruptConfig.dataFrameInterrupt;
 1402              	 .loc 1 293 20
 1403 02ee 37320220 	 insert %d2,%d2,%d3,0,2
 294:../Libraries/iLLD/TC4xx/Tricore/Msc/Msc/IfxMsc_Msc.c ****         icr.B.ECIP = config->interruptConfig.commandFrameInterruptNode;
 1404              	 .loc 1 294 9 is_stmt 1
 294:../Libraries/iLLD/TC4xx/Tricore/Msc/Msc/IfxMsc_Msc.c ****         icr.B.ECIP = config->interruptConfig.commandFrameInterruptNode;
 1405              	 .loc 1 294 45 is_stmt 0
 1406 02f2 19C33000 	 ld.w %d3,[%a12]48
 294:../Libraries/iLLD/TC4xx/Tricore/Msc/Msc/IfxMsc_Msc.c ****         icr.B.ECIP = config->interruptConfig.commandFrameInterruptNode;
 1407              	 .loc 1 294 20
 1408 02f6 37320221 	 insert %d2,%d2,%d3,2,2
 295:../Libraries/iLLD/TC4xx/Tricore/Msc/Msc/IfxMsc_Msc.c ****         icr.B.ECIE = config->interruptConfig.commandFrameInterrupt;
 1409              	 .loc 1 295 9 is_stmt 1
 295:../Libraries/iLLD/TC4xx/Tricore/Msc/Msc/IfxMsc_Msc.c ****         icr.B.ECIE = config->interruptConfig.commandFrameInterrupt;
 1410              	 .loc 1 295 45 is_stmt 0
 1411 02fa 19C33400 	 ld.w %d3,[%a12]52
 295:../Libraries/iLLD/TC4xx/Tricore/Msc/Msc/IfxMsc_Msc.c ****         icr.B.ECIE = config->interruptConfig.commandFrameInterrupt;
 1412              	 .loc 1 295 20
 1413 02fe 37320222 	 insert %d2,%d2,%d3,4,2
 296:../Libraries/iLLD/TC4xx/Tricore/Msc/Msc/IfxMsc_Msc.c ****         icr.B.TFIP = config->interruptConfig.timeFrameInterruptNode;
 1414              	 .loc 1 296 9 is_stmt 1
 296:../Libraries/iLLD/TC4xx/Tricore/Msc/Msc/IfxMsc_Msc.c ****         icr.B.TFIP = config->interruptConfig.timeFrameInterruptNode;
 1415              	 .loc 1 296 45 is_stmt 0
 1416 0302 19C33800 	 ld.w %d3,[%a12]56
 296:../Libraries/iLLD/TC4xx/Tricore/Msc/Msc/IfxMsc_Msc.c ****         icr.B.TFIP = config->interruptConfig.timeFrameInterruptNode;
 1417              	 .loc 1 296 20
 1418 0306 67320720 	 ins.t %d2,%d2,7,%d3,0
 297:../Libraries/iLLD/TC4xx/Tricore/Msc/Msc/IfxMsc_Msc.c ****         icr.B.TFIE = config->interruptConfig.timeFrameInterrupt;
 1419              	 .loc 1 297 9 is_stmt 1
 297:../Libraries/iLLD/TC4xx/Tricore/Msc/Msc/IfxMsc_Msc.c ****         icr.B.TFIE = config->interruptConfig.timeFrameInterrupt;
 1420              	 .loc 1 297 45 is_stmt 0
 1421 030a 19C33C00 	 ld.w %d3,[%a12]60
 297:../Libraries/iLLD/TC4xx/Tricore/Msc/Msc/IfxMsc_Msc.c ****         icr.B.TFIE = config->interruptConfig.timeFrameInterrupt;
 1422              	 .loc 1 297 20
 1423 030e 37320224 	 insert %d2,%d2,%d3,8,2
 298:../Libraries/iLLD/TC4xx/Tricore/Msc/Msc/IfxMsc_Msc.c ****         icr.B.RDIP = config->interruptConfig.receiveDataInterruptNode;
 1424              	 .loc 1 298 9 is_stmt 1
 298:../Libraries/iLLD/TC4xx/Tricore/Msc/Msc/IfxMsc_Msc.c ****         icr.B.RDIP = config->interruptConfig.receiveDataInterruptNode;
 1425              	 .loc 1 298 45 is_stmt 0
 1426 0312 19C30010 	 ld.w %d3,[%a12]64
 298:../Libraries/iLLD/TC4xx/Tricore/Msc/Msc/IfxMsc_Msc.c ****         icr.B.RDIP = config->interruptConfig.receiveDataInterruptNode;
 1427              	 .loc 1 298 20
 1428 0316 67320B20 	 ins.t %d2,%d2,11,%d3,0
 299:../Libraries/iLLD/TC4xx/Tricore/Msc/Msc/IfxMsc_Msc.c ****         icr.B.RDIE = config->interruptConfig.receiveDataInterrupt;
 1429              	 .loc 1 299 9 is_stmt 1
 299:../Libraries/iLLD/TC4xx/Tricore/Msc/Msc/IfxMsc_Msc.c ****         icr.B.RDIE = config->interruptConfig.receiveDataInterrupt;
 1430              	 .loc 1 299 45 is_stmt 0
 1431 031a 19C30410 	 ld.w %d3,[%a12]68
 299:../Libraries/iLLD/TC4xx/Tricore/Msc/Msc/IfxMsc_Msc.c ****         icr.B.RDIE = config->interruptConfig.receiveDataInterrupt;
 1432              	 .loc 1 299 20
 1433 031e 37320226 	 insert %d2,%d2,%d3,12,2
 300:../Libraries/iLLD/TC4xx/Tricore/Msc/Msc/IfxMsc_Msc.c **** 
 1434              	 .loc 1 300 9 is_stmt 1
 300:../Libraries/iLLD/TC4xx/Tricore/Msc/Msc/IfxMsc_Msc.c **** 
 1435              	 .loc 1 300 45 is_stmt 0
 1436 0322 19C30810 	 ld.w %d3,[%a12]72
 300:../Libraries/iLLD/TC4xx/Tricore/Msc/Msc/IfxMsc_Msc.c **** 
 1437              	 .loc 1 300 20
 1438 0326 37320227 	 insert %d2,%d2,%d3,14,2
 303:../Libraries/iLLD/TC4xx/Tricore/Msc/Msc/IfxMsc_Msc.c ****         icr.B.CSXIE = config->interruptConfig.slowChannelXInterrupt;
 1439              	 .loc 1 303 9 is_stmt 1
 303:../Libraries/iLLD/TC4xx/Tricore/Msc/Msc/IfxMsc_Msc.c ****         icr.B.CSXIE = config->interruptConfig.slowChannelXInterrupt;
 1440              	 .loc 1 303 46 is_stmt 0
 1441 032a 19C30C10 	 ld.w %d3,[%a12]76
 303:../Libraries/iLLD/TC4xx/Tricore/Msc/Msc/IfxMsc_Msc.c ****         icr.B.CSXIE = config->interruptConfig.slowChannelXInterrupt;
 1442              	 .loc 1 303 21
 1443 032e 37320228 	 insert %d2,%d2,%d3,16,2
 304:../Libraries/iLLD/TC4xx/Tricore/Msc/Msc/IfxMsc_Msc.c ****         icr.B.CSYIP = config->interruptConfig.slowChannelYInterruptNode;
 1444              	 .loc 1 304 9 is_stmt 1
 304:../Libraries/iLLD/TC4xx/Tricore/Msc/Msc/IfxMsc_Msc.c ****         icr.B.CSYIP = config->interruptConfig.slowChannelYInterruptNode;
 1445              	 .loc 1 304 46 is_stmt 0
 1446 0332 19C31010 	 ld.w %d3,[%a12]80
 304:../Libraries/iLLD/TC4xx/Tricore/Msc/Msc/IfxMsc_Msc.c ****         icr.B.CSYIP = config->interruptConfig.slowChannelYInterruptNode;
 1447              	 .loc 1 304 21
 1448 0336 67321320 	 ins.t %d2,%d2,19,%d3,0
 305:../Libraries/iLLD/TC4xx/Tricore/Msc/Msc/IfxMsc_Msc.c ****         icr.B.CSYIE = config->interruptConfig.slowChannelYInterrupt;
 1449              	 .loc 1 305 9 is_stmt 1
 305:../Libraries/iLLD/TC4xx/Tricore/Msc/Msc/IfxMsc_Msc.c ****         icr.B.CSYIE = config->interruptConfig.slowChannelYInterrupt;
 1450              	 .loc 1 305 46 is_stmt 0
 1451 033a 19C31410 	 ld.w %d3,[%a12]84
 305:../Libraries/iLLD/TC4xx/Tricore/Msc/Msc/IfxMsc_Msc.c ****         icr.B.CSYIE = config->interruptConfig.slowChannelYInterrupt;
 1452              	 .loc 1 305 21
 1453 033e 3732022A 	 insert %d2,%d2,%d3,20,2
 306:../Libraries/iLLD/TC4xx/Tricore/Msc/Msc/IfxMsc_Msc.c **** 
 1454              	 .loc 1 306 9 is_stmt 1
 306:../Libraries/iLLD/TC4xx/Tricore/Msc/Msc/IfxMsc_Msc.c **** 
 1455              	 .loc 1 306 46 is_stmt 0
 1456 0342 19C31810 	 ld.w %d3,[%a12]88
 306:../Libraries/iLLD/TC4xx/Tricore/Msc/Msc/IfxMsc_Msc.c **** 
 1457              	 .loc 1 306 21
 1458 0346 67321720 	 ins.t %d2,%d2,23,%d3,0
 309:../Libraries/iLLD/TC4xx/Tricore/Msc/Msc/IfxMsc_Msc.c ****         icr.B.TFMIE = config->interruptConfig.timeFrameManchesterCodeInterrupt;
 1459              	 .loc 1 309 9 is_stmt 1
 309:../Libraries/iLLD/TC4xx/Tricore/Msc/Msc/IfxMsc_Msc.c ****         icr.B.TFMIE = config->interruptConfig.timeFrameManchesterCodeInterrupt;
 1460              	 .loc 1 309 46 is_stmt 0
 1461 034a 19C31C10 	 ld.w %d3,[%a12]92
 309:../Libraries/iLLD/TC4xx/Tricore/Msc/Msc/IfxMsc_Msc.c ****         icr.B.TFMIE = config->interruptConfig.timeFrameManchesterCodeInterrupt;
 1462              	 .loc 1 309 21
 1463 034e 3732022C 	 insert %d2,%d2,%d3,24,2
 310:../Libraries/iLLD/TC4xx/Tricore/Msc/Msc/IfxMsc_Msc.c **** 
 1464              	 .loc 1 310 9 is_stmt 1
 310:../Libraries/iLLD/TC4xx/Tricore/Msc/Msc/IfxMsc_Msc.c **** 
 1465              	 .loc 1 310 46 is_stmt 0
 1466 0352 19C32010 	 ld.w %d3,[%a12]96
 310:../Libraries/iLLD/TC4xx/Tricore/Msc/Msc/IfxMsc_Msc.c **** 
 1467              	 .loc 1 310 21
 1468 0356 67321B20 	 ins.t %d2,%d2,27,%d3,0
 314:../Libraries/iLLD/TC4xx/Tricore/Msc/Msc/IfxMsc_Msc.c **** 
 1469              	 .loc 1 314 9 is_stmt 1
 317:../Libraries/iLLD/TC4xx/Tricore/Msc/Msc/IfxMsc_Msc.c **** 
 1470              	 .loc 1 317 9
 317:../Libraries/iLLD/TC4xx/Tricore/Msc/Msc/IfxMsc_Msc.c **** 
 1471              	 .loc 1 317 30 is_stmt 0
 1472 035a 19D31C20 	 ld.w %d3,[%a13]156
 1473              	.LVL145:
 319:../Libraries/iLLD/TC4xx/Tricore/Msc/Msc/IfxMsc_Msc.c ****         {
 1474              	 .loc 1 319 9 is_stmt 1
 319:../Libraries/iLLD/TC4xx/Tricore/Msc/Msc/IfxMsc_Msc.c ****         {
 1475              	 .loc 1 319 36 is_stmt 0
 1476 035e 19C42410 	 ld.w %d4,[%a12]100
 319:../Libraries/iLLD/TC4xx/Tricore/Msc/Msc/IfxMsc_Msc.c ****         {
 1477              	 .loc 1 319 12
 1478 0362 DF440000 	 jeq %d4,4,.L50
 326:../Libraries/iLLD/TC4xx/Tricore/Msc/Msc/IfxMsc_Msc.c ****             usce.B.UTASR  = 0;
 1479              	 .loc 1 326 13 is_stmt 1
 326:../Libraries/iLLD/TC4xx/Tricore/Msc/Msc/IfxMsc_Msc.c ****             usce.B.UTASR  = 0;
 1480              	 .loc 1 326 27 is_stmt 0
 1481 0366 37430237 	 insert %d3,%d3,%d4,14,2
 327:../Libraries/iLLD/TC4xx/Tricore/Msc/Msc/IfxMsc_Msc.c ****         }
 1482              	 .loc 1 327 13 is_stmt 1
 327:../Libraries/iLLD/TC4xx/Tricore/Msc/Msc/IfxMsc_Msc.c ****         }
 1483              	 .loc 1 327 27 is_stmt 0
 1484 036a B7038136 	 insert %d3,%d3,0,13,1
 1485              	.LVL146:
 1486              	.L40:
 330:../Libraries/iLLD/TC4xx/Tricore/Msc/Msc/IfxMsc_Msc.c **** 
 1487              	 .loc 1 330 9 is_stmt 1
 330:../Libraries/iLLD/TC4xx/Tricore/Msc/Msc/IfxMsc_Msc.c **** 
 1488              	 .loc 1 330 49 is_stmt 0
 1489 036e 19C42810 	 ld.w %d4,[%a12]104
 330:../Libraries/iLLD/TC4xx/Tricore/Msc/Msc/IfxMsc_Msc.c **** 
 1490              	 .loc 1 330 24
 1491 0372 67430830 	 ins.t %d3,%d3,8,%d4,0
 332:../Libraries/iLLD/TC4xx/Tricore/Msc/Msc/IfxMsc_Msc.c **** 
 1492              	 .loc 1 332 9 is_stmt 1
 332:../Libraries/iLLD/TC4xx/Tricore/Msc/Msc/IfxMsc_Msc.c **** 
 1493              	 .loc 1 332 24 is_stmt 0
 1494 0376 59D31C20 	 st.w [%a13]156,%d3
 334:../Libraries/iLLD/TC4xx/Tricore/Msc/Msc/IfxMsc_Msc.c **** 
 1495              	 .loc 1 334 9 is_stmt 1
 334:../Libraries/iLLD/TC4xx/Tricore/Msc/Msc/IfxMsc_Msc.c **** 
 1496              	 .loc 1 334 24 is_stmt 0
 1497 037a 59D20020 	 st.w [%a13]128,%d2
 337:../Libraries/iLLD/TC4xx/Tricore/Msc/Msc/IfxMsc_Msc.c ****         abc.U = mscSfr->ABC.U;
 1498              	 .loc 1 337 9 is_stmt 1
 338:../Libraries/iLLD/TC4xx/Tricore/Msc/Msc/IfxMsc_Msc.c **** 
 1499              	 .loc 1 338 9
 338:../Libraries/iLLD/TC4xx/Tricore/Msc/Msc/IfxMsc_Msc.c **** 
 1500              	 .loc 1 338 28 is_stmt 0
 1501 037e 19D20030 	 ld.w %d2,[%a13]192
 1502              	.LVL147:
 340:../Libraries/iLLD/TC4xx/Tricore/Msc/Msc/IfxMsc_Msc.c ****         {
 1503              	 .loc 1 340 9 is_stmt 1
 340:../Libraries/iLLD/TC4xx/Tricore/Msc/Msc/IfxMsc_Msc.c ****         {
 1504              	 .loc 1 340 36 is_stmt 0
 1505 0382 19C32C10 	 ld.w %d3,[%a12]108
 1506              	.LVL148:
 340:../Libraries/iLLD/TC4xx/Tricore/Msc/Msc/IfxMsc_Msc.c ****         {
 1507              	 .loc 1 340 12
 1508 0386 DF430000 	 jeq %d3,4,.L51
 347:../Libraries/iLLD/TC4xx/Tricore/Msc/Msc/IfxMsc_Msc.c ****             abc.B.OASR = 0;
 1509              	 .loc 1 347 13 is_stmt 1
 347:../Libraries/iLLD/TC4xx/Tricore/Msc/Msc/IfxMsc_Msc.c ****             abc.B.OASR = 0;
 1510              	 .loc 1 347 24 is_stmt 0
 1511 038a 37320224 	 insert %d2,%d2,%d3,8,2
 348:../Libraries/iLLD/TC4xx/Tricore/Msc/Msc/IfxMsc_Msc.c ****         }
 1512              	 .loc 1 348 13 is_stmt 1
 348:../Libraries/iLLD/TC4xx/Tricore/Msc/Msc/IfxMsc_Msc.c ****         }
 1513              	 .loc 1 348 24 is_stmt 0
 1514 038e B7020125 	 insert %d2,%d2,0,10,1
 1515              	.LVL149:
 1516              	.L42:
 351:../Libraries/iLLD/TC4xx/Tricore/Msc/Msc/IfxMsc_Msc.c **** 
 1517              	 .loc 1 351 9 is_stmt 1
 351:../Libraries/iLLD/TC4xx/Tricore/Msc/Msc/IfxMsc_Msc.c **** 
 1518              	 .loc 1 351 44 is_stmt 0
 1519 0392 19C33010 	 ld.w %d3,[%a12]112
 351:../Libraries/iLLD/TC4xx/Tricore/Msc/Msc/IfxMsc_Msc.c **** 
 1520              	 .loc 1 351 19
 1521 0396 67320F20 	 ins.t %d2,%d2,15,%d3,0
 353:../Libraries/iLLD/TC4xx/Tricore/Msc/Msc/IfxMsc_Msc.c ****         {
 1522              	 .loc 1 353 9 is_stmt 1
 353:../Libraries/iLLD/TC4xx/Tricore/Msc/Msc/IfxMsc_Msc.c ****         {
 1523              	 .loc 1 353 36 is_stmt 0
 1524 039a 19C33410 	 ld.w %d3,[%a12]116
 353:../Libraries/iLLD/TC4xx/Tricore/Msc/Msc/IfxMsc_Msc.c ****         {
 1525              	 .loc 1 353 12
 1526 039e DF430000 	 jeq %d3,4,.L52
 360:../Libraries/iLLD/TC4xx/Tricore/Msc/Msc/IfxMsc_Msc.c ****             abc.B.UASR = 0;
 1527              	 .loc 1 360 13 is_stmt 1
 360:../Libraries/iLLD/TC4xx/Tricore/Msc/Msc/IfxMsc_Msc.c ****             abc.B.UASR = 0;
 1528              	 .loc 1 360 24 is_stmt 0
 1529 03a2 37328229 	 insert %d2,%d2,%d3,19,2
 361:../Libraries/iLLD/TC4xx/Tricore/Msc/Msc/IfxMsc_Msc.c ****         }
 1530              	 .loc 1 361 13 is_stmt 1
 361:../Libraries/iLLD/TC4xx/Tricore/Msc/Msc/IfxMsc_Msc.c ****         }
 1531              	 .loc 1 361 24 is_stmt 0
 1532 03a6 B702812A 	 insert %d2,%d2,0,21,1
 1533              	.LVL150:
 1534              	.L44:
 364:../Libraries/iLLD/TC4xx/Tricore/Msc/Msc/IfxMsc_Msc.c **** 
 1535              	 .loc 1 364 9 is_stmt 1
 364:../Libraries/iLLD/TC4xx/Tricore/Msc/Msc/IfxMsc_Msc.c **** 
 1536              	 .loc 1 364 48 is_stmt 0
 1537 03aa 19C33810 	 ld.w %d3,[%a12]120
 364:../Libraries/iLLD/TC4xx/Tricore/Msc/Msc/IfxMsc_Msc.c **** 
 1538              	 .loc 1 364 23
 1539 03ae 67321A20 	 ins.t %d2,%d2,26,%d3,0
 366:../Libraries/iLLD/TC4xx/Tricore/Msc/Msc/IfxMsc_Msc.c ****     }
 1540              	 .loc 1 366 9 is_stmt 1
 366:../Libraries/iLLD/TC4xx/Tricore/Msc/Msc/IfxMsc_Msc.c ****     }
 1541              	 .loc 1 366 23 is_stmt 0
 1542 03b2 59D20030 	 st.w [%a13]192,%d2
 1543              	.LBE159:
 1544              	.LBB160:
 371:../Libraries/iLLD/TC4xx/Tricore/Msc/Msc/IfxMsc_Msc.c **** 
 1545              	 .loc 1 371 9 is_stmt 1
 374:../Libraries/iLLD/TC4xx/Tricore/Msc/Msc/IfxMsc_Msc.c ****         /* FCL is activated during active phases or always */
 1546              	 .loc 1 374 9
 374:../Libraries/iLLD/TC4xx/Tricore/Msc/Msc/IfxMsc_Msc.c ****         /* FCL is activated during active phases or always */
 1547              	 .loc 1 374 36 is_stmt 0
 1548 03b6 19D20C20 	 ld.w %d2,[%a13]140
 1549              	.LVL151:
 376:../Libraries/iLLD/TC4xx/Tricore/Msc/Msc/IfxMsc_Msc.c ****         /* SDI Line Polarity - SDI and SI */
 1550              	 .loc 1 376 9 is_stmt 1
 376:../Libraries/iLLD/TC4xx/Tricore/Msc/Msc/IfxMsc_Msc.c ****         /* SDI Line Polarity - SDI and SI */
 1551              	 .loc 1 376 52 is_stmt 0
 1552 03ba 19C30C20 	 ld.w %d3,[%a12]140
 376:../Libraries/iLLD/TC4xx/Tricore/Msc/Msc/IfxMsc_Msc.c ****         /* SDI Line Polarity - SDI and SI */
 1553              	 .loc 1 376 23
 1554 03be 67320820 	 ins.t %d2,%d2,8,%d3,0
 1555              	.LVL152:
 378:../Libraries/iLLD/TC4xx/Tricore/Msc/Msc/IfxMsc_Msc.c ****         /* Chip Selection Lines Polarity - EN[0:3, ENL, ENH and ENC */
 1556              	 .loc 1 378 9 is_stmt 1
 378:../Libraries/iLLD/TC4xx/Tricore/Msc/Msc/IfxMsc_Msc.c ****         /* Chip Selection Lines Polarity - EN[0:3, ENL, ENH and ENC */
 1557              	 .loc 1 378 52 is_stmt 0
 1558 03c2 19C30820 	 ld.w %d3,[%a12]136
 378:../Libraries/iLLD/TC4xx/Tricore/Msc/Msc/IfxMsc_Msc.c ****         /* Chip Selection Lines Polarity - EN[0:3, ENL, ENH and ENC */
 1559              	 .loc 1 378 23
 1560 03c6 67320320 	 ins.t %d2,%d2,3,%d3,0
 380:../Libraries/iLLD/TC4xx/Tricore/Msc/Msc/IfxMsc_Msc.c ****         /* SOP Line Polarity - SOP, SON, SO */
 1561              	 .loc 1 380 9 is_stmt 1
 380:../Libraries/iLLD/TC4xx/Tricore/Msc/Msc/IfxMsc_Msc.c ****         /* SOP Line Polarity - SOP, SON, SO */
 1562              	 .loc 1 380 52 is_stmt 0
 1563 03ca 19C30420 	 ld.w %d3,[%a12]132
 380:../Libraries/iLLD/TC4xx/Tricore/Msc/Msc/IfxMsc_Msc.c ****         /* SOP Line Polarity - SOP, SON, SO */
 1564              	 .loc 1 380 23
 1565 03ce 67320220 	 ins.t %d2,%d2,2,%d3,0
 382:../Libraries/iLLD/TC4xx/Tricore/Msc/Msc/IfxMsc_Msc.c ****         /* FCLP Line Polarity - FCLP, FCLN and FCL */
 1566              	 .loc 1 382 9 is_stmt 1
 382:../Libraries/iLLD/TC4xx/Tricore/Msc/Msc/IfxMsc_Msc.c ****         /* FCLP Line Polarity - FCLP, FCLN and FCL */
 1567              	 .loc 1 382 52 is_stmt 0
 1568 03d2 19C30020 	 ld.w %d3,[%a12]128
 382:../Libraries/iLLD/TC4xx/Tricore/Msc/Msc/IfxMsc_Msc.c ****         /* FCLP Line Polarity - FCLP, FCLN and FCL */
 1569              	 .loc 1 382 23
 1570 03d6 67320120 	 ins.t %d2,%d2,1,%d3,0
 384:../Libraries/iLLD/TC4xx/Tricore/Msc/Msc/IfxMsc_Msc.c **** 
 1571              	 .loc 1 384 9 is_stmt 1
 384:../Libraries/iLLD/TC4xx/Tricore/Msc/Msc/IfxMsc_Msc.c **** 
 1572              	 .loc 1 384 52 is_stmt 0
 1573 03da 19C33C10 	 ld.w %d3,[%a12]124
 384:../Libraries/iLLD/TC4xx/Tricore/Msc/Msc/IfxMsc_Msc.c **** 
 1574              	 .loc 1 384 23
 1575 03de 67320020 	 ins.t %d2,%d2,0,%d3,0
 386:../Libraries/iLLD/TC4xx/Tricore/Msc/Msc/IfxMsc_Msc.c ****     }
 1576              	 .loc 1 386 9 is_stmt 1
 386:../Libraries/iLLD/TC4xx/Tricore/Msc/Msc/IfxMsc_Msc.c ****     }
 1577              	 .loc 1 386 23 is_stmt 0
 1578 03e2 59D20C20 	 st.w [%a13]140,%d2
 1579              	.LBE160:
 389:../Libraries/iLLD/TC4xx/Tricore/Msc/Msc/IfxMsc_Msc.c **** 
 1580              	 .loc 1 389 5 is_stmt 1
 389:../Libraries/iLLD/TC4xx/Tricore/Msc/Msc/IfxMsc_Msc.c **** 
 1581              	 .loc 1 389 51 is_stmt 0
 1582 03e6 19C31440 	 ld.w %d3,[%a12]276
 1583              	.LVL153:
 1584              	.LBB161:
 1585              	.LBB162:
 1586              	 .loc 2 2103 5 is_stmt 1
 1587              	 .loc 2 2103 20 is_stmt 0
 1588 03ea D9D20C20 	 lea %a2,[%a13]140
 1589 03ee 19D20C20 	 ld.w %d2,[%a13]140
 1590              	.LVL154:
 1591 03f2 37328224 	 insert %d2,%d2,%d3,9,2
 1592 03f6 7422     	 st.w [%a2]0,%d2
 1593              	.LVL155:
 1594              	.LBE162:
 1595              	.LBE161:
 392:../Libraries/iLLD/TC4xx/Tricore/Msc/Msc/IfxMsc_Msc.c **** 
 1596              	 .loc 1 392 5 is_stmt 1
 392:../Libraries/iLLD/TC4xx/Tricore/Msc/Msc/IfxMsc_Msc.c **** 
 1597              	 .loc 1 392 52 is_stmt 0
 1598 03f8 19C31440 	 ld.w %d3,[%a12]276
 1599              	.LVL156:
 1600              	.LBB163:
 1601              	.LBB164:
2096:../Libraries/iLLD/TC4xx/Tricore/Msc/Std/IfxMsc.h **** }
 1602              	 .loc 2 2096 5 is_stmt 1
2096:../Libraries/iLLD/TC4xx/Tricore/Msc/Std/IfxMsc.h **** }
 1603              	 .loc 2 2096 20 is_stmt 0
 1604 03fc D9D20C20 	 lea %a2,[%a13]140
 1605 0400 19D20C20 	 ld.w %d2,[%a13]140
 1606 0404 37328225 	 insert %d2,%d2,%d3,11,2
 1607 0408 7422     	 st.w [%a2]0,%d2
 1608              	.LVL157:
 1609              	.LBE164:
 1610              	.LBE163:
 395:../Libraries/iLLD/TC4xx/Tricore/Msc/Msc/IfxMsc_Msc.c **** 
 1611              	 .loc 1 395 5 is_stmt 1
 1612 040a 8204     	 mov %d4,0
 1613 040c 6084     	 mov.a %a4,%d8
 1614 040e 6D000000 	 call IfxMsc_Msc_getTarget
 1615              	.LVL158:
 1616              	.LBB165:
 1617              	.LBB166:
2089:../Libraries/iLLD/TC4xx/Tricore/Msc/Std/IfxMsc.h **** }
 1618              	 .loc 2 2089 5
2089:../Libraries/iLLD/TC4xx/Tricore/Msc/Std/IfxMsc.h **** }
 1619              	 .loc 2 2089 20 is_stmt 0
 1620 0412 D9D20C20 	 lea %a2,[%a13]140
 1621 0416 19D30C20 	 ld.w %d3,[%a13]140
 1622 041a 37238236 	 insert %d3,%d3,%d2,13,2
 1623 041e 7423     	 st.w [%a2]0,%d3
 1624              	.LVL159:
 1625              	.LBE166:
 1626              	.LBE165:
 1627              	.LBB167:
 399:../Libraries/iLLD/TC4xx/Tricore/Msc/Msc/IfxMsc_Msc.c **** 
 1628              	 .loc 1 399 9 is_stmt 1
 402:../Libraries/iLLD/TC4xx/Tricore/Msc/Msc/IfxMsc_Msc.c ****         /* Command-Data-Command in Data Repetition Mode */
 1629              	 .loc 1 402 9
 402:../Libraries/iLLD/TC4xx/Tricore/Msc/Msc/IfxMsc_Msc.c ****         /* Command-Data-Command in Data Repetition Mode */
 1630              	 .loc 1 402 39 is_stmt 0
 1631 0420 19D21820 	 ld.w %d2,[%a13]152
 404:../Libraries/iLLD/TC4xx/Tricore/Msc/Msc/IfxMsc_Msc.c ****         /* Injection Position of the Pin 1 Signal */
 1632              	 .loc 1 404 9 is_stmt 1
 404:../Libraries/iLLD/TC4xx/Tricore/Msc/Msc/IfxMsc_Msc.c ****         /* Injection Position of the Pin 1 Signal */
 1633              	 .loc 1 404 51 is_stmt 0
 1634 0424 19C30030 	 ld.w %d3,[%a12]192
 404:../Libraries/iLLD/TC4xx/Tricore/Msc/Msc/IfxMsc_Msc.c ****         /* Injection Position of the Pin 1 Signal */
 1635              	 .loc 1 404 25
 1636 0428 67321F20 	 ins.t %d2,%d2,31,%d3,0
 1637              	.LVL160:
 406:../Libraries/iLLD/TC4xx/Tricore/Msc/Msc/IfxMsc_Msc.c ****         /* Injection Enable of the Pin 1 Signal */
 1638              	 .loc 1 406 9 is_stmt 1
 406:../Libraries/iLLD/TC4xx/Tricore/Msc/Msc/IfxMsc_Msc.c ****         /* Injection Enable of the Pin 1 Signal */
 1639              	 .loc 1 406 51 is_stmt 0
 1640 042c 19C33C20 	 ld.w %d3,[%a12]188
 406:../Libraries/iLLD/TC4xx/Tricore/Msc/Msc/IfxMsc_Msc.c ****         /* Injection Enable of the Pin 1 Signal */
 1641              	 .loc 1 406 25
 1642 0430 3732862C 	 insert %d2,%d2,%d3,25,6
 408:../Libraries/iLLD/TC4xx/Tricore/Msc/Msc/IfxMsc_Msc.c ****         /* Injection Position of the Pin 0 Signal */
 1643              	 .loc 1 408 9 is_stmt 1
 408:../Libraries/iLLD/TC4xx/Tricore/Msc/Msc/IfxMsc_Msc.c ****         /* Injection Position of the Pin 0 Signal */
 1644              	 .loc 1 408 51 is_stmt 0
 1645 0434 19C33820 	 ld.w %d3,[%a12]184
 408:../Libraries/iLLD/TC4xx/Tricore/Msc/Msc/IfxMsc_Msc.c ****         /* Injection Position of the Pin 0 Signal */
 1646              	 .loc 1 408 25
 1647 0438 67321820 	 ins.t %d2,%d2,24,%d3,0
 410:../Libraries/iLLD/TC4xx/Tricore/Msc/Msc/IfxMsc_Msc.c ****         /* Injection Enable of the Pin 0 Signal */
 1648              	 .loc 1 410 9 is_stmt 1
 410:../Libraries/iLLD/TC4xx/Tricore/Msc/Msc/IfxMsc_Msc.c ****         /* Injection Enable of the Pin 0 Signal */
 1649              	 .loc 1 410 51 is_stmt 0
 1650 043c 19C33420 	 ld.w %d3,[%a12]180
 410:../Libraries/iLLD/TC4xx/Tricore/Msc/Msc/IfxMsc_Msc.c ****         /* Injection Enable of the Pin 0 Signal */
 1651              	 .loc 1 410 25
 1652 0440 37328628 	 insert %d2,%d2,%d3,17,6
 412:../Libraries/iLLD/TC4xx/Tricore/Msc/Msc/IfxMsc_Msc.c ****         /* Data Frame over Command Frame Prioritization */
 1653              	 .loc 1 412 9 is_stmt 1
 412:../Libraries/iLLD/TC4xx/Tricore/Msc/Msc/IfxMsc_Msc.c ****         /* Data Frame over Command Frame Prioritization */
 1654              	 .loc 1 412 51 is_stmt 0
 1655 0444 19C33020 	 ld.w %d3,[%a12]176
 412:../Libraries/iLLD/TC4xx/Tricore/Msc/Msc/IfxMsc_Msc.c ****         /* Data Frame over Command Frame Prioritization */
 1656              	 .loc 1 412 25
 1657 0448 67321020 	 ins.t %d2,%d2,16,%d3,0
 414:../Libraries/iLLD/TC4xx/Tricore/Msc/Msc/IfxMsc_Msc.c ****         mscSfr->DSCE.U  = dsce.U;
 1658              	 .loc 1 414 9 is_stmt 1
 414:../Libraries/iLLD/TC4xx/Tricore/Msc/Msc/IfxMsc_Msc.c ****         mscSfr->DSCE.U  = dsce.U;
 1659              	 .loc 1 414 51 is_stmt 0
 1660 044c 39C31430 	 ld.bu %d3,[%a12]212
 414:../Libraries/iLLD/TC4xx/Tricore/Msc/Msc/IfxMsc_Msc.c ****         mscSfr->DSCE.U  = dsce.U;
 1661              	 .loc 1 414 25
 1662 0450 67321720 	 ins.t %d2,%d2,23,%d3,0
 415:../Libraries/iLLD/TC4xx/Tricore/Msc/Msc/IfxMsc_Msc.c ****     }
 1663              	 .loc 1 415 9 is_stmt 1
 415:../Libraries/iLLD/TC4xx/Tricore/Msc/Msc/IfxMsc_Msc.c ****     }
 1664              	 .loc 1 415 25 is_stmt 0
 1665 0454 59D21820 	 st.w [%a13]152,%d2
 1666              	.LBE167:
 419:../Libraries/iLLD/TC4xx/Tricore/Msc/Msc/IfxMsc_Msc.c ****     {
 1667              	 .loc 1 419 5 is_stmt 1
 419:../Libraries/iLLD/TC4xx/Tricore/Msc/Msc/IfxMsc_Msc.c ****     {
 1668              	 .loc 1 419 42 is_stmt 0
 1669 0458 19C21830 	 ld.w %d2,[%a12]216
 1670              	.LVL161:
 419:../Libraries/iLLD/TC4xx/Tricore/Msc/Msc/IfxMsc_Msc.c ****     {
 1671              	 .loc 1 419 8
 1672 045c DF120000 	 jeq %d2,1,.L53
 1673              	.L45:
 425:../Libraries/iLLD/TC4xx/Tricore/Msc/Msc/IfxMsc_Msc.c ****     {
 1674              	 .loc 1 425 5 is_stmt 1
 425:../Libraries/iLLD/TC4xx/Tricore/Msc/Msc/IfxMsc_Msc.c ****     {
 1675              	 .loc 1 425 27 is_stmt 0
 1676 0460 19C21040 	 ld.w %d2,[%a12]272
 425:../Libraries/iLLD/TC4xx/Tricore/Msc/Msc/IfxMsc_Msc.c ****     {
 1677              	 .loc 1 425 8
 1678 0464 DF020080 	 jnz %d2,.L54
 1679              	.L46:
 431:../Libraries/iLLD/TC4xx/Tricore/Msc/Msc/IfxMsc_Msc.c ****     {
 1680              	 .loc 1 431 5 is_stmt 1
 431:../Libraries/iLLD/TC4xx/Tricore/Msc/Msc/IfxMsc_Msc.c ****     {
 1681              	 .loc 1 431 39 is_stmt 0
 1682 0468 19C20060 	 ld.w %d2,[%a12]384
 431:../Libraries/iLLD/TC4xx/Tricore/Msc/Msc/IfxMsc_Msc.c ****     {
 1683              	 .loc 1 431 8
 1684 046c DF120000 	 jeq %d2,1,.L55
 1685              	.L47:
 437:../Libraries/iLLD/TC4xx/Tricore/Msc/Msc/IfxMsc_Msc.c ****     {
 1686              	 .loc 1 437 5 is_stmt 1
 437:../Libraries/iLLD/TC4xx/Tricore/Msc/Msc/IfxMsc_Msc.c ****     {
 1687              	 .loc 1 437 15 is_stmt 0
 1688 0470 39C21070 	 ld.bu %d2,[%a12]464
 437:../Libraries/iLLD/TC4xx/Tricore/Msc/Msc/IfxMsc_Msc.c ****     {
 1689              	 .loc 1 437 8
 1690 0474 DF120000 	 jeq %d2,1,.L56
 1691              	.L23:
 441:../Libraries/iLLD/TC4xx/Tricore/Msc/Msc/IfxMsc_Msc.c **** 
 1692              	 .loc 1 441 1
 1693 0478 0090     	 ret 
 1694              	.LVL162:
 1695              	.L49:
 122:../Libraries/iLLD/TC4xx/Tricore/Msc/Msc/IfxMsc_Msc.c ****                 IfxMsc_upstreamNormalBaudCalculator(mscSfr, config->clockConfig.baudrate);
 1696              	 .loc 1 122 13 is_stmt 1
 123:../Libraries/iLLD/TC4xx/Tricore/Msc/Msc/IfxMsc_Msc.c ****         }
 1697              	 .loc 1 123 17 is_stmt 0
 1698 047a 19C40400 	 ld.w %d4,[%a12]4
 1699 047e 40D4     	 mov.aa %a4,%a13
 1700 0480 6D000000 	 call IfxMsc_upstreamNormalBaudCalculator
 1701              	.LVL163:
 122:../Libraries/iLLD/TC4xx/Tricore/Msc/Msc/IfxMsc_Msc.c ****                 IfxMsc_upstreamNormalBaudCalculator(mscSfr, config->clockConfig.baudrate);
 1702              	 .loc 1 122 32
 1703 0484 D9D20010 	 lea %a2,[%a13]64
 1704 0488 19D30010 	 ld.w %d3,[%a13]64
 1705 048c 37230A30 	 insert %d3,%d3,%d2,0,10
 1706 0490 7423     	 st.w [%a2]0,%d3
 1707 0492 1D000000 	 j .L26
 1708              	.L24:
 136:../Libraries/iLLD/TC4xx/Tricore/Msc/Msc/IfxMsc_Msc.c ****         {
 1709              	 .loc 1 136 9 is_stmt 1
 136:../Libraries/iLLD/TC4xx/Tricore/Msc/Msc/IfxMsc_Msc.c ****         {
 1710              	 .loc 1 136 32 is_stmt 0
 1711 0496 19C20800 	 ld.w %d2,[%a12]8
 136:../Libraries/iLLD/TC4xx/Tricore/Msc/Msc/IfxMsc_Msc.c ****         {
 1712              	 .loc 1 136 12
 1713 049a DF120000 	 jeq %d2,1,.L57
 143:../Libraries/iLLD/TC4xx/Tricore/Msc/Msc/IfxMsc_Msc.c ****         }
 1714              	 .loc 1 143 13 is_stmt 1
 143:../Libraries/iLLD/TC4xx/Tricore/Msc/Msc/IfxMsc_Msc.c ****         }
 1715              	 .loc 1 143 34 is_stmt 0
 1716 049e 19C40400 	 ld.w %d4,[%a12]4
 1717 04a2 40D4     	 mov.aa %a4,%a13
 1718 04a4 6D000000 	 call IfxMsc_downstreamFractionalBaudCalculator
 1719              	.LVL164:
 143:../Libraries/iLLD/TC4xx/Tricore/Msc/Msc/IfxMsc_Msc.c ****         }
 1720              	 .loc 1 143 32
 1721 04a8 D9D20010 	 lea %a2,[%a13]64
 1722 04ac 19D30010 	 ld.w %d3,[%a13]64
 1723 04b0 37230A30 	 insert %d3,%d3,%d2,0,10
 1724 04b4 7423     	 st.w [%a2]0,%d3
 1725 04b6 1D000000 	 j .L26
 1726              	.L57:
 138:../Libraries/iLLD/TC4xx/Tricore/Msc/Msc/IfxMsc_Msc.c ****         }
 1727              	 .loc 1 138 13 is_stmt 1
 138:../Libraries/iLLD/TC4xx/Tricore/Msc/Msc/IfxMsc_Msc.c ****         }
 1728              	 .loc 1 138 34 is_stmt 0
 1729 04ba 19C40400 	 ld.w %d4,[%a12]4
 1730 04be 40D4     	 mov.aa %a4,%a13
 1731 04c0 6D000000 	 call IfxMsc_downstreamNormalBaudCalculator
 1732              	.LVL165:
 138:../Libraries/iLLD/TC4xx/Tricore/Msc/Msc/IfxMsc_Msc.c ****         }
 1733              	 .loc 1 138 32
 1734 04c4 D9D20010 	 lea %a2,[%a13]64
 1735 04c8 19D30010 	 ld.w %d3,[%a13]64
 1736 04cc 37230A30 	 insert %d3,%d3,%d2,0,10
 1737 04d0 7423     	 st.w [%a2]0,%d3
 1738 04d2 1D000000 	 j .L26
 1739              	.LVL166:
 1740              	.L50:
 1741              	.LBB168:
 321:../Libraries/iLLD/TC4xx/Tricore/Msc/Msc/IfxMsc_Msc.c ****             usce.B.UTASR  = 1;
 1742              	 .loc 1 321 13 is_stmt 1
 321:../Libraries/iLLD/TC4xx/Tricore/Msc/Msc/IfxMsc_Msc.c ****             usce.B.UTASR  = 1;
 1743              	 .loc 1 321 27 is_stmt 0
 1744 04d6 B7030237 	 insert %d3,%d3,0,14,2
 1745              	.LVL167:
 322:../Libraries/iLLD/TC4xx/Tricore/Msc/Msc/IfxMsc_Msc.c ****         }
 1746              	 .loc 1 322 13 is_stmt 1
 322:../Libraries/iLLD/TC4xx/Tricore/Msc/Msc/IfxMsc_Msc.c ****         }
 1747              	 .loc 1 322 27 is_stmt 0
 1748 04da B7138136 	 insert %d3,%d3,1,13,1
 1749              	.LVL168:
 1750 04de 1D000000 	 j .L40
 1751              	.LVL169:
 1752              	.L51:
 342:../Libraries/iLLD/TC4xx/Tricore/Msc/Msc/IfxMsc_Msc.c ****             abc.B.OASR = 1;
 1753              	 .loc 1 342 13 is_stmt 1
 342:../Libraries/iLLD/TC4xx/Tricore/Msc/Msc/IfxMsc_Msc.c ****             abc.B.OASR = 1;
 1754              	 .loc 1 342 24 is_stmt 0
 1755 04e2 B7020224 	 insert %d2,%d2,0,8,2
 1756              	.LVL170:
 343:../Libraries/iLLD/TC4xx/Tricore/Msc/Msc/IfxMsc_Msc.c ****         }
 1757              	 .loc 1 343 13 is_stmt 1
 343:../Libraries/iLLD/TC4xx/Tricore/Msc/Msc/IfxMsc_Msc.c ****         }
 1758              	 .loc 1 343 24 is_stmt 0
 1759 04e6 B7120125 	 insert %d2,%d2,1,10,1
 1760              	.LVL171:
 1761 04ea 1D000000 	 j .L42
 1762              	.L52:
 355:../Libraries/iLLD/TC4xx/Tricore/Msc/Msc/IfxMsc_Msc.c ****             abc.B.UASR = 1;
 1763              	 .loc 1 355 13 is_stmt 1
 355:../Libraries/iLLD/TC4xx/Tricore/Msc/Msc/IfxMsc_Msc.c ****             abc.B.UASR = 1;
 1764              	 .loc 1 355 24 is_stmt 0
 1765 04ee B7028229 	 insert %d2,%d2,0,19,2
 1766              	.LVL172:
 356:../Libraries/iLLD/TC4xx/Tricore/Msc/Msc/IfxMsc_Msc.c ****         }
 1767              	 .loc 1 356 13 is_stmt 1
 356:../Libraries/iLLD/TC4xx/Tricore/Msc/Msc/IfxMsc_Msc.c ****         }
 1768              	 .loc 1 356 24 is_stmt 0
 1769 04f2 B712812A 	 insert %d2,%d2,1,21,1
 1770              	.LVL173:
 1771 04f6 1D000000 	 j .L44
 1772              	.LVL174:
 1773              	.L53:
 1774              	.LBE168:
 421:../Libraries/iLLD/TC4xx/Tricore/Msc/Msc/IfxMsc_Msc.c ****     }
 1775              	 .loc 1 421 9 is_stmt 1
 1776 04fa 40C5     	 mov.aa %a5,%a12
 1777 04fc 6084     	 mov.a %a4,%d8
 1778 04fe 6D000000 	 call IfxMsc_Msc_initializeDataExtension
 1779              	.LVL175:
 1780 0502 1D000000 	 j .L45
 1781              	.L54:
 427:../Libraries/iLLD/TC4xx/Tricore/Msc/Msc/IfxMsc_Msc.c ****     }
 1782              	 .loc 1 427 9
 1783 0506 40C5     	 mov.aa %a5,%a12
 1784 0508 6084     	 mov.a %a4,%d8
 1785 050a 6D000000 	 call IfxMsc_Msc_initializeAbra
 1786              	.LVL176:
 1787 050e 1D000000 	 j .L46
 1788              	.L55:
 433:../Libraries/iLLD/TC4xx/Tricore/Msc/Msc/IfxMsc_Msc.c ****     }
 1789              	 .loc 1 433 9
 1790 0512 40C5     	 mov.aa %a5,%a12
 1791 0514 6084     	 mov.a %a4,%d8
 1792 0516 6D000000 	 call IfxMsc_Msc_initializeCommandExtension
 1793              	.LVL177:
 1794 051a 1D000000 	 j .L47
 1795              	.L56:
 439:../Libraries/iLLD/TC4xx/Tricore/Msc/Msc/IfxMsc_Msc.c ****     }
 1796              	 .loc 1 439 9
 1797 051e D9C52C60 	 lea %a5,[%a12]428
 1798 0522 40D4     	 mov.aa %a4,%a13
 1799 0524 6D000000 	 call IfxMsc_setSlowChannel
 1800              	.LVL178:
 441:../Libraries/iLLD/TC4xx/Tricore/Msc/Msc/IfxMsc_Msc.c **** 
 1801              	 .loc 1 441 1 is_stmt 0
 1802 0528 1D000000 	 j .L23
 1803              	.LFE341:
 1805              	 .global IfxMsc_Msc_initModule_end
 1806              	IfxMsc_Msc_initModule_end:
 1807              	 .section .text.IfxMsc_Msc_sendCommandSlowChannelX,"ax",@progbits
 1808              	 .align 1
 1809              	 .global IfxMsc_Msc_sendCommandSlowChannelX
 1811              	IfxMsc_Msc_sendCommandSlowChannelX:
 1812              	.LFB354:
 852:../Libraries/iLLD/TC4xx/Tricore/Msc/Msc/IfxMsc_Msc.c **** 
 853:../Libraries/iLLD/TC4xx/Tricore/Msc/Msc/IfxMsc_Msc.c **** 
 854:../Libraries/iLLD/TC4xx/Tricore/Msc/Msc/IfxMsc_Msc.c **** void IfxMsc_Msc_sendCommandSlowChannelX(IfxMsc_Msc *msc, uint32 command)
 855:../Libraries/iLLD/TC4xx/Tricore/Msc/Msc/IfxMsc_Msc.c **** {
 1813              	 .loc 1 855 1 is_stmt 1
 1814              	.LVL179:
 1815 0000 40AE     	 mov.aa %a14,%SP
 1816              	.LCFI15:
 856:../Libraries/iLLD/TC4xx/Tricore/Msc/Msc/IfxMsc_Msc.c ****     Ifx_MSC *mscSfr = msc->msc;
 1817              	 .loc 1 856 5
 1818              	 .loc 1 856 14 is_stmt 0
 1819 0002 D442     	 ld.a %a2,[%a4]0
 1820              	.LVL180:
 857:../Libraries/iLLD/TC4xx/Tricore/Msc/Msc/IfxMsc_Msc.c **** 
 858:../Libraries/iLLD/TC4xx/Tricore/Msc/Msc/IfxMsc_Msc.c ****     /* Downstream command for Slow Channel X*/
 859:../Libraries/iLLD/TC4xx/Tricore/Msc/Msc/IfxMsc_Msc.c ****     mscSfr->DCSX.U = command;
 1821              	 .loc 1 859 5 is_stmt 1
 1822              	 .loc 1 859 20 is_stmt 0
 1823 0004 59240430 	 st.w [%a2]196,%d4
 860:../Libraries/iLLD/TC4xx/Tricore/Msc/Msc/IfxMsc_Msc.c **** }
 1824              	 .loc 1 860 1
 1825 0008 0090     	 ret 
 1826              	.LFE354:
 1828              	 .global IfxMsc_Msc_sendCommandSlowChannelX_end
 1829              	IfxMsc_Msc_sendCommandSlowChannelX_end:
 1830              	 .section .text.IfxMsc_Msc_sendCommandSlowChannelY,"ax",@progbits
 1831              	 .align 1
 1832              	 .global IfxMsc_Msc_sendCommandSlowChannelY
 1834              	IfxMsc_Msc_sendCommandSlowChannelY:
 1835              	.LFB355:
 861:../Libraries/iLLD/TC4xx/Tricore/Msc/Msc/IfxMsc_Msc.c **** 
 862:../Libraries/iLLD/TC4xx/Tricore/Msc/Msc/IfxMsc_Msc.c **** 
 863:../Libraries/iLLD/TC4xx/Tricore/Msc/Msc/IfxMsc_Msc.c **** void IfxMsc_Msc_sendCommandSlowChannelY(IfxMsc_Msc *msc, uint32 command)
 864:../Libraries/iLLD/TC4xx/Tricore/Msc/Msc/IfxMsc_Msc.c **** {
 1836              	 .loc 1 864 1 is_stmt 1
 1837              	.LVL181:
 1838 0000 40AE     	 mov.aa %a14,%SP
 1839              	.LCFI16:
 865:../Libraries/iLLD/TC4xx/Tricore/Msc/Msc/IfxMsc_Msc.c ****     Ifx_MSC *mscSfr = msc->msc;
 1840              	 .loc 1 865 5
 1841              	 .loc 1 865 14 is_stmt 0
 1842 0002 D442     	 ld.a %a2,[%a4]0
 1843              	.LVL182:
 866:../Libraries/iLLD/TC4xx/Tricore/Msc/Msc/IfxMsc_Msc.c **** 
 867:../Libraries/iLLD/TC4xx/Tricore/Msc/Msc/IfxMsc_Msc.c ****     /* Downstream command for Slow Channel Y*/
 868:../Libraries/iLLD/TC4xx/Tricore/Msc/Msc/IfxMsc_Msc.c ****     mscSfr->DCSY.U = command;
 1844              	 .loc 1 868 5 is_stmt 1
 1845              	 .loc 1 868 20 is_stmt 0
 1846 0004 59240830 	 st.w [%a2]200,%d4
 869:../Libraries/iLLD/TC4xx/Tricore/Msc/Msc/IfxMsc_Msc.c **** }
 1847              	 .loc 1 869 1
 1848 0008 0090     	 ret 
 1849              	.LFE355:
 1851              	 .global IfxMsc_Msc_sendCommandSlowChannelY_end
 1852              	IfxMsc_Msc_sendCommandSlowChannelY_end:
 1853              	 .section .text.IfxMsc_Msc_sendSlowChannelDataAndCommand,"ax",@progbits
 1854              	 .align 1
 1855              	 .global IfxMsc_Msc_sendSlowChannelDataAndCommand
 1857              	IfxMsc_Msc_sendSlowChannelDataAndCommand:
 1858              	.LFB356:
 870:../Libraries/iLLD/TC4xx/Tricore/Msc/Msc/IfxMsc_Msc.c **** 
 871:../Libraries/iLLD/TC4xx/Tricore/Msc/Msc/IfxMsc_Msc.c **** 
 872:../Libraries/iLLD/TC4xx/Tricore/Msc/Msc/IfxMsc_Msc.c **** void IfxMsc_Msc_sendSlowChannelDataAndCommand(IfxMsc_Msc *msc, IfxMsc_Msc_SlowChannelDataConfig *co
 873:../Libraries/iLLD/TC4xx/Tricore/Msc/Msc/IfxMsc_Msc.c **** {
 1859              	 .loc 1 873 1 is_stmt 1
 1860              	.LVL183:
 1861 0000 40AE     	 mov.aa %a14,%SP
 1862              	.LCFI17:
 874:../Libraries/iLLD/TC4xx/Tricore/Msc/Msc/IfxMsc_Msc.c ****     Ifx_MSC *mscSfr = msc->msc;
 1863              	 .loc 1 874 5
 1864              	 .loc 1 874 14 is_stmt 0
 1865 0002 D442     	 ld.a %a2,[%a4]0
 1866              	.LVL184:
 875:../Libraries/iLLD/TC4xx/Tricore/Msc/Msc/IfxMsc_Msc.c **** 
 876:../Libraries/iLLD/TC4xx/Tricore/Msc/Msc/IfxMsc_Msc.c ****     /* Downstream command for Slow Channel X*/
 877:../Libraries/iLLD/TC4xx/Tricore/Msc/Msc/IfxMsc_Msc.c ****     mscSfr->DCSX.U = config->commandX;
 1867              	 .loc 1 877 5 is_stmt 1
 1868              	 .loc 1 877 20 is_stmt 0
 1869 0004 5452     	 ld.w %d2,[%a5]0
 1870 0006 59220430 	 st.w [%a2]196,%d2
 878:../Libraries/iLLD/TC4xx/Tricore/Msc/Msc/IfxMsc_Msc.c **** 
 879:../Libraries/iLLD/TC4xx/Tricore/Msc/Msc/IfxMsc_Msc.c ****     /* Downstream command for Slow Channel Y*/
 880:../Libraries/iLLD/TC4xx/Tricore/Msc/Msc/IfxMsc_Msc.c ****     mscSfr->DCSY.U = config->commandY;
 1871              	 .loc 1 880 5 is_stmt 1
 1872              	 .loc 1 880 20 is_stmt 0
 1873 000a 19520400 	 ld.w %d2,[%a5]4
 1874 000e 59220830 	 st.w [%a2]200,%d2
 1875              	.LBB169:
 881:../Libraries/iLLD/TC4xx/Tricore/Msc/Msc/IfxMsc_Msc.c **** 
 882:../Libraries/iLLD/TC4xx/Tricore/Msc/Msc/IfxMsc_Msc.c ****     {
 883:../Libraries/iLLD/TC4xx/Tricore/Msc/Msc/IfxMsc_Msc.c ****         Ifx_MSC_DD dd;
 1876              	 .loc 1 883 9 is_stmt 1
 884:../Libraries/iLLD/TC4xx/Tricore/Msc/Msc/IfxMsc_Msc.c ****         dd.B.DDL = config->dataLow;
 1877              	 .loc 1 884 9
 1878              	 .loc 1 884 18 is_stmt 0
 1879 0012 B9520800 	 ld.hu %d2,[%a5]8
 1880              	.LVL185:
 885:../Libraries/iLLD/TC4xx/Tricore/Msc/Msc/IfxMsc_Msc.c ****         dd.B.DDH = config->dataHigh;
 1881              	 .loc 1 885 9 is_stmt 1
 1882              	 .loc 1 885 26 is_stmt 0
 1883 0016 B9530A00 	 ld.hu %d3,[%a5]10
 1884              	.LVL186:
 1885              	 .loc 1 885 18
 1886 001a 37321028 	 insert %d2,%d2,%d3,16,32-16
 1887              	.LVL187:
 886:../Libraries/iLLD/TC4xx/Tricore/Msc/Msc/IfxMsc_Msc.c **** 
 887:../Libraries/iLLD/TC4xx/Tricore/Msc/Msc/IfxMsc_Msc.c ****         /* Downstream Data */
 888:../Libraries/iLLD/TC4xx/Tricore/Msc/Msc/IfxMsc_Msc.c ****         mscSfr->DD.U = dd.U;
 1888              	 .loc 1 888 9 is_stmt 1
 1889              	 .loc 1 888 22 is_stmt 0
 1890 001e 59221010 	 st.w [%a2]80,%d2
 1891              	.LBE169:
 1892              	.LBB170:
 889:../Libraries/iLLD/TC4xx/Tricore/Msc/Msc/IfxMsc_Msc.c ****     }
 890:../Libraries/iLLD/TC4xx/Tricore/Msc/Msc/IfxMsc_Msc.c **** 
 891:../Libraries/iLLD/TC4xx/Tricore/Msc/Msc/IfxMsc_Msc.c ****     /*Data Extension*/
 892:../Libraries/iLLD/TC4xx/Tricore/Msc/Msc/IfxMsc_Msc.c ****     {
 893:../Libraries/iLLD/TC4xx/Tricore/Msc/Msc/IfxMsc_Msc.c ****         Ifx_MSC_DDE dde;
 1893              	 .loc 1 893 9 is_stmt 1
 894:../Libraries/iLLD/TC4xx/Tricore/Msc/Msc/IfxMsc_Msc.c ****         dde.B.DDLE = config->dataExtensionLow;
 1894              	 .loc 1 894 9
 1895              	 .loc 1 894 20 is_stmt 0
 1896 0022 B9520C00 	 ld.hu %d2,[%a5]12
 1897              	.LVL188:
 895:../Libraries/iLLD/TC4xx/Tricore/Msc/Msc/IfxMsc_Msc.c ****         dde.B.DDHE = config->dataExtensionHigh;
 1898              	 .loc 1 895 9 is_stmt 1
 1899              	 .loc 1 895 28 is_stmt 0
 1900 0026 B9530E00 	 ld.hu %d3,[%a5]14
 1901              	.LVL189:
 1902              	 .loc 1 895 20
 1903 002a 37321028 	 insert %d2,%d2,%d3,16,32-16
 1904              	.LVL190:
 896:../Libraries/iLLD/TC4xx/Tricore/Msc/Msc/IfxMsc_Msc.c **** 
 897:../Libraries/iLLD/TC4xx/Tricore/Msc/Msc/IfxMsc_Msc.c ****         /* Downstream Data */
 898:../Libraries/iLLD/TC4xx/Tricore/Msc/Msc/IfxMsc_Msc.c ****         mscSfr->DDE.U = dde.U;
 1905              	 .loc 1 898 9 is_stmt 1
 1906              	 .loc 1 898 23 is_stmt 0
 1907 002e 59223420 	 st.w [%a2]180,%d2
 1908              	.LBE170:
 899:../Libraries/iLLD/TC4xx/Tricore/Msc/Msc/IfxMsc_Msc.c ****     }
 900:../Libraries/iLLD/TC4xx/Tricore/Msc/Msc/IfxMsc_Msc.c **** 
 901:../Libraries/iLLD/TC4xx/Tricore/Msc/Msc/IfxMsc_Msc.c ****     /* Send data */
 902:../Libraries/iLLD/TC4xx/Tricore/Msc/Msc/IfxMsc_Msc.c ****     mscSfr->ISC.B.SDP = 1;
 1909              	 .loc 1 902 5 is_stmt 1
 1910              	 .loc 1 902 23 is_stmt 0
 1911 0032 D9230820 	 lea %a3,[%a2]136
 1912 0036 19220820 	 ld.w %d2,[%a2]136
 1913              	.LVL191:
 1914 003a B712012A 	 insert %d2,%d2,1,20,1
 1915 003e 7432     	 st.w [%a3]0,%d2
 903:../Libraries/iLLD/TC4xx/Tricore/Msc/Msc/IfxMsc_Msc.c **** }
 1916              	 .loc 1 903 1
 1917 0040 0090     	 ret 
 1918              	.LFE356:
 1920              	 .global IfxMsc_Msc_sendSlowChannelDataAndCommand_end
 1921              	IfxMsc_Msc_sendSlowChannelDataAndCommand_end:
 2154              	.Letext0:
 2155              	 .file 4 "../Libraries/Infra/Platform/Compilers/Platform_Types.h"
 2156              	 .file 5 "../Libraries/Infra/Platform/Compilers/Ifx_Types.h"
 2157              	 .file 6 "../Libraries/Infra/Sfr/TC4Dx/Ifx_TypesReg.h"
 2158              	 .file 7 "../Libraries/Infra/Sfr/TC4Dx/IfxMsc_regdef.h"
 2159              	 .file 8 "../Libraries/Infra/Sfr/TC4Dx/IfxPort_regdef.h"
 2160              	 .file 9 "../Libraries/iLLD/TC4xx/Tricore/_PinMap/IfxMsc_PinMap.h"
 2161              	 .file 10 "../Libraries/iLLD/TC4xx/Tricore/Msc/Msc/IfxMsc_Msc.h"
 2162              	 .file 11 "<built-in>"
 26409 0000 00000000 	 .word IfxMsc_Msc_deInitModule
 26410 0004 00000000 	 .word IfxMsc_Msc_deInitModule_end
 26411 0008 00001044 	 .word 0x44100000
 26412 000c 00001000 	 .word 0x00100000
 26413 0010 00000000 	 .word 0x00000000
 26414 0014 40000200 	 .word 0x00020040
 26415 0018 00000000 	 .word IfxMsc_Msc_getTarget
 26416 001c 00000000 	 .word IfxMsc_Msc_getTarget_end
 26417 0020 14001444 	 .word 0x44140014
 26418 0024 10001000 	 .word 0x00100010
 26419 0028 04000000 	 .word 0x00000004
 26420 002c C0000000 	 .word 0x000000c0
 26421 0030 00000000 	 .word IfxMsc_Msc_initModuleConfig
 26422 0034 00000000 	 .word IfxMsc_Msc_initModuleConfig_end
 26423 0038 7C013454 	 .word 0x5434017c
 26424 003c 00003000 	 .word 0x00300000
 26425 0040 00000000 	 .word 0x00000000
 26426 0044 40000200 	 .word 0x00020040
 26427 0048 00000000 	 .word IfxMsc_Msc_initializeAbra
 26428 004c 00000000 	 .word IfxMsc_Msc_initializeAbra_end
 26429 0050 1C003474 	 .word 0x7434001c
 26430 0054 00003000 	 .word 0x00300000
 26431 0058 00000000 	 .word 0x00000000
 26432 005c 40000200 	 .word 0x00020040
 26433 0060 00000000 	 .word IfxMsc_Msc_initializeDataExtension
 26434 0064 00000000 	 .word IfxMsc_Msc_initializeDataExtension_end
 26435 0068 0C003C44 	 .word 0x443c000c
 26436 006c 00003000 	 .word 0x00300000
 26437 0070 00000000 	 .word 0x00000000
 26438 0074 C0000000 	 .word 0x000000c0
 26439 0078 00000000 	 .word IfxMsc_Msc_receiveData
 26440 007c 00000000 	 .word IfxMsc_Msc_receiveData_end
 26441 0080 1C001444 	 .word 0x4414001c
 26442 0084 10001000 	 .word 0x00100010
 26443 0088 04000000 	 .word 0x00000004
 26444 008c C0000000 	 .word 0x000000c0
 26445 0090 00000000 	 .word IfxMsc_Msc_sendCommand
 26446 0094 00000000 	 .word IfxMsc_Msc_sendCommand_end
 26447 0098 14001444 	 .word 0x44140014
 26448 009c 10001000 	 .word 0x00100010
 26449 00a0 00000000 	 .word 0x00000000
 26450 00a4 C0000000 	 .word 0x000000c0
 26451 00a8 00000000 	 .word IfxMsc_Msc_sendData
 26452 00ac 00000000 	 .word IfxMsc_Msc_sendData_end
 26453 00b0 34001C44 	 .word 0x441c0034
 26454 00b4 30001000 	 .word 0x00100030
 26455 00b8 00000000 	 .word 0x00000000
 26456 00bc C0000000 	 .word 0x000000c0
 26457 00c0 00000000 	 .word IfxMsc_Msc_sendDataExtension
 26458 00c4 00000000 	 .word IfxMsc_Msc_sendDataExtension_end
 26459 00c8 3C001C44 	 .word 0x441c003c
 26460 00cc 30001000 	 .word 0x00100030
 26461 00d0 00000000 	 .word 0x00000000
 26462 00d4 C0000000 	 .word 0x000000c0
 26463 00d8 00000000 	 .word IfxMsc_Msc_sendDataHigh
 26464 00dc 00000000 	 .word IfxMsc_Msc_sendDataHigh_end
 26465 00e0 14001C44 	 .word 0x441c0014
 26466 00e4 10001000 	 .word 0x00100010
 26467 00e8 00000000 	 .word 0x00000000
 26468 00ec C0000000 	 .word 0x000000c0
 26469 00f0 00000000 	 .word IfxMsc_Msc_sendDataLow
 26470 00f4 00000000 	 .word IfxMsc_Msc_sendDataLow_end
 26471 00f8 14001C44 	 .word 0x441c0014
 26472 00fc 10001000 	 .word 0x00100010
 26473 0100 00000000 	 .word 0x00000000
 26474 0104 C0000000 	 .word 0x000000c0
 26475 0108 00000000 	 .word IfxMsc_Msc_setCommandTarget
 26476 010c 00000000 	 .word IfxMsc_Msc_setCommandTarget_end
 26477 0110 14001C44 	 .word 0x441c0014
 26478 0114 10001000 	 .word 0x00100010
 26479 0118 00000000 	 .word 0x00000000
 26480 011c C0000000 	 .word 0x000000c0
 26481 0120 00000000 	 .word IfxMsc_Msc_setDataTarget
 26482 0124 00000000 	 .word IfxMsc_Msc_setDataTarget_end
 26483 0128 34001C44 	 .word 0x441c0034
 26484 012c 30001000 	 .word 0x00100030
 26485 0130 00000000 	 .word 0x00000000
 26486 0134 C0000000 	 .word 0x000000c0
 26487 0138 00000000 	 .word IfxMsc_Msc_initializeCommandExtension
 26488 013c 00000000 	 .word IfxMsc_Msc_initializeCommandExtension_end
 26489 0140 7C003C44 	 .word 0x443c007c
 26490 0144 00003000 	 .word 0x00300000
 26491 0148 00000000 	 .word 0x00000000
 26492 014c C0000000 	 .word 0x000000c0
 26493 0150 00000000 	 .word IfxMsc_Msc_initModule
 26494 0154 00000000 	 .word IfxMsc_Msc_initModule_end
 26495 0158 3C033CF4 	 .word 0xf43c033c
 26496 015c 00003000 	 .word 0x00300000
 26497 0160 00000000 	 .word 0x00000000
 26498 0164 40000200 	 .word 0x00020040
 26499 0168 00000000 	 .word IfxMsc_Msc_sendCommandSlowChannelX
 26500 016c 00000000 	 .word IfxMsc_Msc_sendCommandSlowChannelX_end
 26501 0170 14001444 	 .word 0x44140014
 26502 0174 10001000 	 .word 0x00100010
 26503 0178 00000000 	 .word 0x00000000
 26504 017c C0000000 	 .word 0x000000c0
 26505 0180 00000000 	 .word IfxMsc_Msc_sendCommandSlowChannelY
 26506 0184 00000000 	 .word IfxMsc_Msc_sendCommandSlowChannelY_end
 26507 0188 14001444 	 .word 0x44140014
 26508 018c 10001000 	 .word 0x00100010
 26509 0190 00000000 	 .word 0x00000000
 26510 0194 C0000000 	 .word 0x000000c0
 26511 0198 00000000 	 .word IfxMsc_Msc_sendSlowChannelDataAndCommand
 26512 019c 00000000 	 .word IfxMsc_Msc_sendSlowChannelDataAndCommand_end
 26513 01a0 0C003C44 	 .word 0x443c000c
 26514 01a4 00003000 	 .word 0x00300000
 26515 01a8 00000000 	 .word 0x00000000
 26516 01ac C0000000 	 .word 0x000000c0
DEFINED SYMBOLS
                            *ABS*:00000000 IfxMsc_Msc.c
                            *ABS*:00000000 IfxMsc_Msc.c
    {standard input}:10     .text.IfxMsc_Msc_deInitModule:00000000 IfxMsc_Msc_deInitModule
    {standard input}:27     .text.IfxMsc_Msc_deInitModule:0000000a IfxMsc_Msc_deInitModule_end
    {standard input}:32     .text.IfxMsc_Msc_getTarget:00000000 IfxMsc_Msc_getTarget
    {standard input}:85     .text.IfxMsc_Msc_getTarget:00000024 IfxMsc_Msc_getTarget_end
    {standard input}:90     .text.IfxMsc_Msc_initModuleConfig:00000000 IfxMsc_Msc_initModuleConfig
    {standard input}:155    .text.IfxMsc_Msc_initModuleConfig:000000b6 IfxMsc_Msc_initModuleConfig_end
    {standard input}:160    .text.IfxMsc_Msc_initializeAbra:00000000 IfxMsc_Msc_initializeAbra
    {standard input}:221    .text.IfxMsc_Msc_initializeAbra:0000004e IfxMsc_Msc_initializeAbra_end
    {standard input}:226    .text.IfxMsc_Msc_initializeDataExtension:00000000 IfxMsc_Msc_initializeDataExtension
    {standard input}:304    .text.IfxMsc_Msc_initializeDataExtension:0000005e IfxMsc_Msc_initializeDataExtension_end
    {standard input}:309    .text.IfxMsc_Msc_receiveData:00000000 IfxMsc_Msc_receiveData
    {standard input}:378    .text.IfxMsc_Msc_receiveData:0000003a IfxMsc_Msc_receiveData_end
    {standard input}:383    .text.IfxMsc_Msc_sendCommand:00000000 IfxMsc_Msc_sendCommand
    {standard input}:401    .text.IfxMsc_Msc_sendCommand:0000000a IfxMsc_Msc_sendCommand_end
    {standard input}:406    .text.IfxMsc_Msc_sendData:00000000 IfxMsc_Msc_sendData
    {standard input}:443    .text.IfxMsc_Msc_sendData:00000022 IfxMsc_Msc_sendData_end
    {standard input}:448    .text.IfxMsc_Msc_sendDataExtension:00000000 IfxMsc_Msc_sendDataExtension
    {standard input}:475    .text.IfxMsc_Msc_sendDataExtension:0000001c IfxMsc_Msc_sendDataExtension_end
    {standard input}:480    .text.IfxMsc_Msc_sendDataHigh:00000000 IfxMsc_Msc_sendDataHigh
    {standard input}:507    .text.IfxMsc_Msc_sendDataHigh:00000022 IfxMsc_Msc_sendDataHigh_end
    {standard input}:512    .text.IfxMsc_Msc_sendDataLow:00000000 IfxMsc_Msc_sendDataLow
    {standard input}:539    .text.IfxMsc_Msc_sendDataLow:00000022 IfxMsc_Msc_sendDataLow_end
    {standard input}:544    .text.IfxMsc_Msc_setCommandTarget:00000000 IfxMsc_Msc_setCommandTarget
    {standard input}:571    .text.IfxMsc_Msc_setCommandTarget:00000014 IfxMsc_Msc_setCommandTarget_end
    {standard input}:576    .text.IfxMsc_Msc_setDataTarget:00000000 IfxMsc_Msc_setDataTarget
    {standard input}:614    .text.IfxMsc_Msc_setDataTarget:0000001c IfxMsc_Msc_setDataTarget_end
    {standard input}:619    .text.IfxMsc_Msc_initializeCommandExtension:00000000 IfxMsc_Msc_initializeCommandExtension
    {standard input}:728    .text.IfxMsc_Msc_initializeCommandExtension:0000008a IfxMsc_Msc_initializeCommandExtension_end
    {standard input}:733    .text.IfxMsc_Msc_initModule:00000000 IfxMsc_Msc_initModule
    {standard input}:1806   .text.IfxMsc_Msc_initModule:0000052c IfxMsc_Msc_initModule_end
    {standard input}:1811   .text.IfxMsc_Msc_sendCommandSlowChannelX:00000000 IfxMsc_Msc_sendCommandSlowChannelX
    {standard input}:1829   .text.IfxMsc_Msc_sendCommandSlowChannelX:0000000a IfxMsc_Msc_sendCommandSlowChannelX_end
    {standard input}:1834   .text.IfxMsc_Msc_sendCommandSlowChannelY:00000000 IfxMsc_Msc_sendCommandSlowChannelY
    {standard input}:1852   .text.IfxMsc_Msc_sendCommandSlowChannelY:0000000a IfxMsc_Msc_sendCommandSlowChannelY_end
    {standard input}:1857   .text.IfxMsc_Msc_sendSlowChannelDataAndCommand:00000000 IfxMsc_Msc_sendSlowChannelDataAndCommand
    {standard input}:1921   .text.IfxMsc_Msc_sendSlowChannelDataAndCommand:00000042 IfxMsc_Msc_sendSlowChannelDataAndCommand_end

UNDEFINED SYMBOLS
IfxMsc_resetModule
memset
IfxMsc_downstreamAbraBaudCalculator
IfxMsc_enableModule
IfxMsc_upstreamFractionalBaudCalculator
IfxPort_setPinMode
IfxPort_setPinPadDriver
IfxMsc_upstreamNormalBaudCalculator
IfxMsc_downstreamFractionalBaudCalculator
IfxMsc_downstreamNormalBaudCalculator
IfxMsc_setSlowChannel
