   1              	
   2              	 .file "IfxEgtm_Cmu.c"
   3              	 .file "IfxEgtm_Cmu.c"
   4              	.section .text,"ax",@progbits
   5              	.Ltext0:
   6              	.section .rodata,"a",@progbits
   7              	.LC0:
   8 0000 01010203 	 .ascii "\001\001\002\003\004\005\006\006\b\b\n\n\f\f\f\017"
   8      04050606 
   8      08080A0A 
   8      0C0C0C0F 
   9              	 .section .text.IfxEgtm_Cmu_getClkFrequency,"ax",@progbits
  10              	 .align 1
  11              	 .global IfxEgtm_Cmu_getClkFrequency
  13              	IfxEgtm_Cmu_getClkFrequency:
  14              	.LFB279:
  15              	 .file 1 "../Libraries/iLLD/TC4xx/CpuGeneric/Egtm/Std/IfxEgtm_Cmu.c"
   1:../Libraries/iLLD/TC4xx/CpuGeneric/Egtm/Std/IfxEgtm_Cmu.c **** /**
   2:../Libraries/iLLD/TC4xx/CpuGeneric/Egtm/Std/IfxEgtm_Cmu.c ****  * \file IfxEgtm_Cmu.c
   3:../Libraries/iLLD/TC4xx/CpuGeneric/Egtm/Std/IfxEgtm_Cmu.c ****  * \brief EGTM  basic functionality
   4:../Libraries/iLLD/TC4xx/CpuGeneric/Egtm/Std/IfxEgtm_Cmu.c ****  *
   5:../Libraries/iLLD/TC4xx/CpuGeneric/Egtm/Std/IfxEgtm_Cmu.c ****  * \version iLLD-TC4-v2.7.0
   6:../Libraries/iLLD/TC4xx/CpuGeneric/Egtm/Std/IfxEgtm_Cmu.c ****  * \copyright Copyright (c) 2026 Infineon Technologies AG. All rights reserved.
   7:../Libraries/iLLD/TC4xx/CpuGeneric/Egtm/Std/IfxEgtm_Cmu.c ****  *
   8:../Libraries/iLLD/TC4xx/CpuGeneric/Egtm/Std/IfxEgtm_Cmu.c ****  *
   9:../Libraries/iLLD/TC4xx/CpuGeneric/Egtm/Std/IfxEgtm_Cmu.c ****  *
  10:../Libraries/iLLD/TC4xx/CpuGeneric/Egtm/Std/IfxEgtm_Cmu.c ****  *                                 IMPORTANT NOTICE
  11:../Libraries/iLLD/TC4xx/CpuGeneric/Egtm/Std/IfxEgtm_Cmu.c ****  *
  12:../Libraries/iLLD/TC4xx/CpuGeneric/Egtm/Std/IfxEgtm_Cmu.c ****  * Infineon Technologies AG (Infineon) licenses this file to you under the
  13:../Libraries/iLLD/TC4xx/CpuGeneric/Egtm/Std/IfxEgtm_Cmu.c ****  * Infineon Automotive SW Lab License v2025-01 (IFASLL). You may not use
  14:../Libraries/iLLD/TC4xx/CpuGeneric/Egtm/Std/IfxEgtm_Cmu.c ****  * this file except in compliance with IFASLL.
  15:../Libraries/iLLD/TC4xx/CpuGeneric/Egtm/Std/IfxEgtm_Cmu.c ****  *
  16:../Libraries/iLLD/TC4xx/CpuGeneric/Egtm/Std/IfxEgtm_Cmu.c ****  * The full license text is contained in IFASLL202501.pdf delivered with this SW.
  17:../Libraries/iLLD/TC4xx/CpuGeneric/Egtm/Std/IfxEgtm_Cmu.c ****  * Unless required by applicable law or agreed to in writing, software distributed
  18:../Libraries/iLLD/TC4xx/CpuGeneric/Egtm/Std/IfxEgtm_Cmu.c ****  * under this license is distributed "AS IS" without any warranty or liability of any
  19:../Libraries/iLLD/TC4xx/CpuGeneric/Egtm/Std/IfxEgtm_Cmu.c ****  * kind and Infineon hereby expressly disclaims any warranties or representations,
  20:../Libraries/iLLD/TC4xx/CpuGeneric/Egtm/Std/IfxEgtm_Cmu.c ****  * whether express, implied, statutory or otherwise, including but not limited to
  21:../Libraries/iLLD/TC4xx/CpuGeneric/Egtm/Std/IfxEgtm_Cmu.c ****  * warranties of workmanship, merchantability, fitness for a particular purpose,
  22:../Libraries/iLLD/TC4xx/CpuGeneric/Egtm/Std/IfxEgtm_Cmu.c ****  * defects in the licensed items, or non-infringement of third parties'
  23:../Libraries/iLLD/TC4xx/CpuGeneric/Egtm/Std/IfxEgtm_Cmu.c ****  * intellectual property rights. See the full license text for the specific
  24:../Libraries/iLLD/TC4xx/CpuGeneric/Egtm/Std/IfxEgtm_Cmu.c ****  * language governing permissions and limitations under IFASLL.
  25:../Libraries/iLLD/TC4xx/CpuGeneric/Egtm/Std/IfxEgtm_Cmu.c ****  *
  26:../Libraries/iLLD/TC4xx/CpuGeneric/Egtm/Std/IfxEgtm_Cmu.c ****  *
  27:../Libraries/iLLD/TC4xx/CpuGeneric/Egtm/Std/IfxEgtm_Cmu.c ****  */
  28:../Libraries/iLLD/TC4xx/CpuGeneric/Egtm/Std/IfxEgtm_Cmu.c **** 
  29:../Libraries/iLLD/TC4xx/CpuGeneric/Egtm/Std/IfxEgtm_Cmu.c **** /******************************************************************************/
  30:../Libraries/iLLD/TC4xx/CpuGeneric/Egtm/Std/IfxEgtm_Cmu.c **** /*----------------------------------Includes----------------------------------*/
  31:../Libraries/iLLD/TC4xx/CpuGeneric/Egtm/Std/IfxEgtm_Cmu.c **** /******************************************************************************/
  32:../Libraries/iLLD/TC4xx/CpuGeneric/Egtm/Std/IfxEgtm_Cmu.c **** 
  33:../Libraries/iLLD/TC4xx/CpuGeneric/Egtm/Std/IfxEgtm_Cmu.c **** #include "Ifx_Cfg.h"
  34:../Libraries/iLLD/TC4xx/CpuGeneric/Egtm/Std/IfxEgtm_Cmu.c **** #if defined (__TASKING__)
  35:../Libraries/iLLD/TC4xx/CpuGeneric/Egtm/Std/IfxEgtm_Cmu.c **** #pragma warning 508 /* To suppress empty file warning */
  36:../Libraries/iLLD/TC4xx/CpuGeneric/Egtm/Std/IfxEgtm_Cmu.c **** #endif
  37:../Libraries/iLLD/TC4xx/CpuGeneric/Egtm/Std/IfxEgtm_Cmu.c **** #if defined (__ghs__)
  38:../Libraries/iLLD/TC4xx/CpuGeneric/Egtm/Std/IfxEgtm_Cmu.c **** #pragma diag_suppress 96 /* To suppress empty file warning */
  39:../Libraries/iLLD/TC4xx/CpuGeneric/Egtm/Std/IfxEgtm_Cmu.c **** #endif
  40:../Libraries/iLLD/TC4xx/CpuGeneric/Egtm/Std/IfxEgtm_Cmu.c **** 
  41:../Libraries/iLLD/TC4xx/CpuGeneric/Egtm/Std/IfxEgtm_Cmu.c **** #if !defined(DEVICE_TC45X)
  42:../Libraries/iLLD/TC4xx/CpuGeneric/Egtm/Std/IfxEgtm_Cmu.c **** #include "IfxEgtm_Cmu.h"
  43:../Libraries/iLLD/TC4xx/CpuGeneric/Egtm/Std/IfxEgtm_Cmu.c **** #include "math.h"
  44:../Libraries/iLLD/TC4xx/CpuGeneric/Egtm/Std/IfxEgtm_Cmu.c **** 
  45:../Libraries/iLLD/TC4xx/CpuGeneric/Egtm/Std/IfxEgtm_Cmu.c **** /******************************************************************************/
  46:../Libraries/iLLD/TC4xx/CpuGeneric/Egtm/Std/IfxEgtm_Cmu.c **** /*-------------------------Function Implementations---------------------------*/
  47:../Libraries/iLLD/TC4xx/CpuGeneric/Egtm/Std/IfxEgtm_Cmu.c **** /******************************************************************************/
  48:../Libraries/iLLD/TC4xx/CpuGeneric/Egtm/Std/IfxEgtm_Cmu.c **** 
  49:../Libraries/iLLD/TC4xx/CpuGeneric/Egtm/Std/IfxEgtm_Cmu.c **** float32 IfxEgtm_Cmu_getClkFrequency(Ifx_EGTM *egtm, IfxEgtm_Cmu_Clk clkIndex, boolean assumeEnabled
  50:../Libraries/iLLD/TC4xx/CpuGeneric/Egtm/Std/IfxEgtm_Cmu.c **** {
  16              	 .loc 1 50 1
  17              	.LVL0:
  18 0000 40AE     	 mov.aa %a14,%SP
  19              	.LCFI0:
  20 0002 2010     	 sub.a %SP,16
  21 0004 404C     	 mov.aa %a12,%a4
  51:../Libraries/iLLD/TC4xx/CpuGeneric/Egtm/Std/IfxEgtm_Cmu.c ****     float32 frequency;
  22              	 .loc 1 51 5
  52:../Libraries/iLLD/TC4xx/CpuGeneric/Egtm/Std/IfxEgtm_Cmu.c **** 
  53:../Libraries/iLLD/TC4xx/CpuGeneric/Egtm/Std/IfxEgtm_Cmu.c ****     if ((IfxEgtm_Cmu_isClkClockEnabled(egtm, clkIndex) != FALSE) || (assumeEnabled != FALSE))
  23              	 .loc 1 53 5
  24              	.LVL1:
  25              	.LBB155:
  26              	.LBB156:
  27              	 .file 2 "../Libraries/iLLD/TC4xx/CpuGeneric/Egtm/Std/IfxEgtm_Cmu.h"
   1:../Libraries/iLLD/TC4xx/CpuGeneric/Egtm/Std/IfxEgtm_Cmu.h **** /**
   2:../Libraries/iLLD/TC4xx/CpuGeneric/Egtm/Std/IfxEgtm_Cmu.h ****  * \file IfxEgtm_Cmu.h
   3:../Libraries/iLLD/TC4xx/CpuGeneric/Egtm/Std/IfxEgtm_Cmu.h ****  * \brief EGTM  basic functionality
   4:../Libraries/iLLD/TC4xx/CpuGeneric/Egtm/Std/IfxEgtm_Cmu.h ****  * \ingroup IfxLld_Egtm
   5:../Libraries/iLLD/TC4xx/CpuGeneric/Egtm/Std/IfxEgtm_Cmu.h ****  *
   6:../Libraries/iLLD/TC4xx/CpuGeneric/Egtm/Std/IfxEgtm_Cmu.h ****  * \version iLLD-TC4-v2.7.0
   7:../Libraries/iLLD/TC4xx/CpuGeneric/Egtm/Std/IfxEgtm_Cmu.h ****  * \copyright Copyright (c) 2026 Infineon Technologies AG. All rights reserved.
   8:../Libraries/iLLD/TC4xx/CpuGeneric/Egtm/Std/IfxEgtm_Cmu.h ****  *
   9:../Libraries/iLLD/TC4xx/CpuGeneric/Egtm/Std/IfxEgtm_Cmu.h ****  *
  10:../Libraries/iLLD/TC4xx/CpuGeneric/Egtm/Std/IfxEgtm_Cmu.h ****  *
  11:../Libraries/iLLD/TC4xx/CpuGeneric/Egtm/Std/IfxEgtm_Cmu.h ****  *                                 IMPORTANT NOTICE
  12:../Libraries/iLLD/TC4xx/CpuGeneric/Egtm/Std/IfxEgtm_Cmu.h ****  *
  13:../Libraries/iLLD/TC4xx/CpuGeneric/Egtm/Std/IfxEgtm_Cmu.h ****  * Infineon Technologies AG (Infineon) licenses this file to you under the
  14:../Libraries/iLLD/TC4xx/CpuGeneric/Egtm/Std/IfxEgtm_Cmu.h ****  * Infineon Automotive SW Lab License v2025-01 (IFASLL). You may not use
  15:../Libraries/iLLD/TC4xx/CpuGeneric/Egtm/Std/IfxEgtm_Cmu.h ****  * this file except in compliance with IFASLL.
  16:../Libraries/iLLD/TC4xx/CpuGeneric/Egtm/Std/IfxEgtm_Cmu.h ****  *
  17:../Libraries/iLLD/TC4xx/CpuGeneric/Egtm/Std/IfxEgtm_Cmu.h ****  * The full license text is contained in IFASLL202501.pdf delivered with this SW.
  18:../Libraries/iLLD/TC4xx/CpuGeneric/Egtm/Std/IfxEgtm_Cmu.h ****  * Unless required by applicable law or agreed to in writing, software distributed
  19:../Libraries/iLLD/TC4xx/CpuGeneric/Egtm/Std/IfxEgtm_Cmu.h ****  * under this license is distributed "AS IS" without any warranty or liability of any
  20:../Libraries/iLLD/TC4xx/CpuGeneric/Egtm/Std/IfxEgtm_Cmu.h ****  * kind and Infineon hereby expressly disclaims any warranties or representations,
  21:../Libraries/iLLD/TC4xx/CpuGeneric/Egtm/Std/IfxEgtm_Cmu.h ****  * whether express, implied, statutory or otherwise, including but not limited to
  22:../Libraries/iLLD/TC4xx/CpuGeneric/Egtm/Std/IfxEgtm_Cmu.h ****  * warranties of workmanship, merchantability, fitness for a particular purpose,
  23:../Libraries/iLLD/TC4xx/CpuGeneric/Egtm/Std/IfxEgtm_Cmu.h ****  * defects in the licensed items, or non-infringement of third parties'
  24:../Libraries/iLLD/TC4xx/CpuGeneric/Egtm/Std/IfxEgtm_Cmu.h ****  * intellectual property rights. See the full license text for the specific
  25:../Libraries/iLLD/TC4xx/CpuGeneric/Egtm/Std/IfxEgtm_Cmu.h ****  * language governing permissions and limitations under IFASLL.
  26:../Libraries/iLLD/TC4xx/CpuGeneric/Egtm/Std/IfxEgtm_Cmu.h ****  *
  27:../Libraries/iLLD/TC4xx/CpuGeneric/Egtm/Std/IfxEgtm_Cmu.h ****  *
  28:../Libraries/iLLD/TC4xx/CpuGeneric/Egtm/Std/IfxEgtm_Cmu.h ****  * \defgroup IfxLld_Egtm_Std_Cmu Cmu Basic Functionality
  29:../Libraries/iLLD/TC4xx/CpuGeneric/Egtm/Std/IfxEgtm_Cmu.h ****  * \ingroup IfxLld_Egtm_Std
  30:../Libraries/iLLD/TC4xx/CpuGeneric/Egtm/Std/IfxEgtm_Cmu.h ****  * \defgroup IfxLld_Egtm_Std_Cmu_CMUEnumerations CMU Enumerations
  31:../Libraries/iLLD/TC4xx/CpuGeneric/Egtm/Std/IfxEgtm_Cmu.h ****  * \ingroup IfxLld_Egtm_Std_Cmu
  32:../Libraries/iLLD/TC4xx/CpuGeneric/Egtm/Std/IfxEgtm_Cmu.h ****  * \defgroup IfxLld_Egtm_Std_Cmu_CMU_Functions CMU Functions
  33:../Libraries/iLLD/TC4xx/CpuGeneric/Egtm/Std/IfxEgtm_Cmu.h ****  * \ingroup IfxLld_Egtm_Std_Cmu
  34:../Libraries/iLLD/TC4xx/CpuGeneric/Egtm/Std/IfxEgtm_Cmu.h ****  */
  35:../Libraries/iLLD/TC4xx/CpuGeneric/Egtm/Std/IfxEgtm_Cmu.h **** 
  36:../Libraries/iLLD/TC4xx/CpuGeneric/Egtm/Std/IfxEgtm_Cmu.h **** #ifndef IFXEGTM_CMU_H
  37:../Libraries/iLLD/TC4xx/CpuGeneric/Egtm/Std/IfxEgtm_Cmu.h **** #define IFXEGTM_CMU_H 1
  38:../Libraries/iLLD/TC4xx/CpuGeneric/Egtm/Std/IfxEgtm_Cmu.h **** 
  39:../Libraries/iLLD/TC4xx/CpuGeneric/Egtm/Std/IfxEgtm_Cmu.h **** /******************************************************************************/
  40:../Libraries/iLLD/TC4xx/CpuGeneric/Egtm/Std/IfxEgtm_Cmu.h **** /*----------------------------------Includes----------------------------------*/
  41:../Libraries/iLLD/TC4xx/CpuGeneric/Egtm/Std/IfxEgtm_Cmu.h **** /******************************************************************************/
  42:../Libraries/iLLD/TC4xx/CpuGeneric/Egtm/Std/IfxEgtm_Cmu.h **** 
  43:../Libraries/iLLD/TC4xx/CpuGeneric/Egtm/Std/IfxEgtm_Cmu.h **** #include "_Impl/IfxEgtm_cfg.h"
  44:../Libraries/iLLD/TC4xx/CpuGeneric/Egtm/Std/IfxEgtm_Cmu.h **** #include "IfxEgtm_bf.h"
  45:../Libraries/iLLD/TC4xx/CpuGeneric/Egtm/Std/IfxEgtm_Cmu.h **** #include "IfxEgtm.h"
  46:../Libraries/iLLD/TC4xx/CpuGeneric/Egtm/Std/IfxEgtm_Cmu.h **** 
  47:../Libraries/iLLD/TC4xx/CpuGeneric/Egtm/Std/IfxEgtm_Cmu.h **** /******************************************************************************/
  48:../Libraries/iLLD/TC4xx/CpuGeneric/Egtm/Std/IfxEgtm_Cmu.h **** /*--------------------------------Enumerations--------------------------------*/
  49:../Libraries/iLLD/TC4xx/CpuGeneric/Egtm/Std/IfxEgtm_Cmu.h **** /******************************************************************************/
  50:../Libraries/iLLD/TC4xx/CpuGeneric/Egtm/Std/IfxEgtm_Cmu.h **** 
  51:../Libraries/iLLD/TC4xx/CpuGeneric/Egtm/Std/IfxEgtm_Cmu.h **** /** \addtogroup IfxLld_Egtm_Std_Cmu_CMUEnumerations
  52:../Libraries/iLLD/TC4xx/CpuGeneric/Egtm/Std/IfxEgtm_Cmu.h ****  * \{ */
  53:../Libraries/iLLD/TC4xx/CpuGeneric/Egtm/Std/IfxEgtm_Cmu.h **** typedef enum
  54:../Libraries/iLLD/TC4xx/CpuGeneric/Egtm/Std/IfxEgtm_Cmu.h **** {
  55:../Libraries/iLLD/TC4xx/CpuGeneric/Egtm/Std/IfxEgtm_Cmu.h ****     IfxEgtm_Cmu_Clk_0 = 0,
  56:../Libraries/iLLD/TC4xx/CpuGeneric/Egtm/Std/IfxEgtm_Cmu.h ****     IfxEgtm_Cmu_Clk_1,
  57:../Libraries/iLLD/TC4xx/CpuGeneric/Egtm/Std/IfxEgtm_Cmu.h ****     IfxEgtm_Cmu_Clk_2,
  58:../Libraries/iLLD/TC4xx/CpuGeneric/Egtm/Std/IfxEgtm_Cmu.h ****     IfxEgtm_Cmu_Clk_3,
  59:../Libraries/iLLD/TC4xx/CpuGeneric/Egtm/Std/IfxEgtm_Cmu.h ****     IfxEgtm_Cmu_Clk_4,
  60:../Libraries/iLLD/TC4xx/CpuGeneric/Egtm/Std/IfxEgtm_Cmu.h ****     IfxEgtm_Cmu_Clk_5,
  61:../Libraries/iLLD/TC4xx/CpuGeneric/Egtm/Std/IfxEgtm_Cmu.h ****     IfxEgtm_Cmu_Clk_6,
  62:../Libraries/iLLD/TC4xx/CpuGeneric/Egtm/Std/IfxEgtm_Cmu.h ****     IfxEgtm_Cmu_Clk_7
  63:../Libraries/iLLD/TC4xx/CpuGeneric/Egtm/Std/IfxEgtm_Cmu.h **** } IfxEgtm_Cmu_Clk;
  64:../Libraries/iLLD/TC4xx/CpuGeneric/Egtm/Std/IfxEgtm_Cmu.h **** 
  65:../Libraries/iLLD/TC4xx/CpuGeneric/Egtm/Std/IfxEgtm_Cmu.h **** /** \brief External clock
  66:../Libraries/iLLD/TC4xx/CpuGeneric/Egtm/Std/IfxEgtm_Cmu.h ****  */
  67:../Libraries/iLLD/TC4xx/CpuGeneric/Egtm/Std/IfxEgtm_Cmu.h **** typedef enum
  68:../Libraries/iLLD/TC4xx/CpuGeneric/Egtm/Std/IfxEgtm_Cmu.h **** {
  69:../Libraries/iLLD/TC4xx/CpuGeneric/Egtm/Std/IfxEgtm_Cmu.h ****     IfxEgtm_Cmu_Eclk_0 = 0,
  70:../Libraries/iLLD/TC4xx/CpuGeneric/Egtm/Std/IfxEgtm_Cmu.h ****     IfxEgtm_Cmu_Eclk_1,
  71:../Libraries/iLLD/TC4xx/CpuGeneric/Egtm/Std/IfxEgtm_Cmu.h ****     IfxEgtm_Cmu_Eclk_2
  72:../Libraries/iLLD/TC4xx/CpuGeneric/Egtm/Std/IfxEgtm_Cmu.h **** } IfxEgtm_Cmu_Eclk;
  73:../Libraries/iLLD/TC4xx/CpuGeneric/Egtm/Std/IfxEgtm_Cmu.h **** 
  74:../Libraries/iLLD/TC4xx/CpuGeneric/Egtm/Std/IfxEgtm_Cmu.h **** /** \brief Fixed clock
  75:../Libraries/iLLD/TC4xx/CpuGeneric/Egtm/Std/IfxEgtm_Cmu.h ****  */
  76:../Libraries/iLLD/TC4xx/CpuGeneric/Egtm/Std/IfxEgtm_Cmu.h **** typedef enum
  77:../Libraries/iLLD/TC4xx/CpuGeneric/Egtm/Std/IfxEgtm_Cmu.h **** {
  78:../Libraries/iLLD/TC4xx/CpuGeneric/Egtm/Std/IfxEgtm_Cmu.h ****     IfxEgtm_Cmu_Fxclk_0 = 0,
  79:../Libraries/iLLD/TC4xx/CpuGeneric/Egtm/Std/IfxEgtm_Cmu.h ****     IfxEgtm_Cmu_Fxclk_1,
  80:../Libraries/iLLD/TC4xx/CpuGeneric/Egtm/Std/IfxEgtm_Cmu.h ****     IfxEgtm_Cmu_Fxclk_2,
  81:../Libraries/iLLD/TC4xx/CpuGeneric/Egtm/Std/IfxEgtm_Cmu.h ****     IfxEgtm_Cmu_Fxclk_3,
  82:../Libraries/iLLD/TC4xx/CpuGeneric/Egtm/Std/IfxEgtm_Cmu.h ****     IfxEgtm_Cmu_Fxclk_4
  83:../Libraries/iLLD/TC4xx/CpuGeneric/Egtm/Std/IfxEgtm_Cmu.h **** } IfxEgtm_Cmu_Fxclk;
  84:../Libraries/iLLD/TC4xx/CpuGeneric/Egtm/Std/IfxEgtm_Cmu.h **** 
  85:../Libraries/iLLD/TC4xx/CpuGeneric/Egtm/Std/IfxEgtm_Cmu.h **** /** \brief Tim Filter counter frequency select
  86:../Libraries/iLLD/TC4xx/CpuGeneric/Egtm/Std/IfxEgtm_Cmu.h ****  * Definition in Ifx_EGTM_CLS_TIM_CH_CTRL.B.FLT_CNT_FRQ
  87:../Libraries/iLLD/TC4xx/CpuGeneric/Egtm/Std/IfxEgtm_Cmu.h ****  */
  88:../Libraries/iLLD/TC4xx/CpuGeneric/Egtm/Std/IfxEgtm_Cmu.h **** typedef enum
  89:../Libraries/iLLD/TC4xx/CpuGeneric/Egtm/Std/IfxEgtm_Cmu.h **** {
  90:../Libraries/iLLD/TC4xx/CpuGeneric/Egtm/Std/IfxEgtm_Cmu.h ****     IfxEgtm_Cmu_Tim_Filter_Clk_0,  /**< \brief FLT_CNT counts with CMU_CLK0 */
  91:../Libraries/iLLD/TC4xx/CpuGeneric/Egtm/Std/IfxEgtm_Cmu.h ****     IfxEgtm_Cmu_Tim_Filter_Clk_1,  /**< \brief FLT_CNT counts with CMU_CLK1 */
  92:../Libraries/iLLD/TC4xx/CpuGeneric/Egtm/Std/IfxEgtm_Cmu.h ****     IfxEgtm_Cmu_Tim_Filter_Clk_6,  /**< \brief FLT_CNT counts with CMU_CLK6 */
  93:../Libraries/iLLD/TC4xx/CpuGeneric/Egtm/Std/IfxEgtm_Cmu.h ****     IfxEgtm_Cmu_Tim_Filter_Clk_7   /**< \brief FLT_CNT counts with CMU_CLK7 */
  94:../Libraries/iLLD/TC4xx/CpuGeneric/Egtm/Std/IfxEgtm_Cmu.h **** } IfxEgtm_Cmu_Tim_Filter_Clk;
  95:../Libraries/iLLD/TC4xx/CpuGeneric/Egtm/Std/IfxEgtm_Cmu.h **** 
  96:../Libraries/iLLD/TC4xx/CpuGeneric/Egtm/Std/IfxEgtm_Cmu.h **** /** \} */
  97:../Libraries/iLLD/TC4xx/CpuGeneric/Egtm/Std/IfxEgtm_Cmu.h **** 
  98:../Libraries/iLLD/TC4xx/CpuGeneric/Egtm/Std/IfxEgtm_Cmu.h **** /******************************************************************************/
  99:../Libraries/iLLD/TC4xx/CpuGeneric/Egtm/Std/IfxEgtm_Cmu.h **** /*------------------------------Type Definitions------------------------------*/
 100:../Libraries/iLLD/TC4xx/CpuGeneric/Egtm/Std/IfxEgtm_Cmu.h **** /******************************************************************************/
 101:../Libraries/iLLD/TC4xx/CpuGeneric/Egtm/Std/IfxEgtm_Cmu.h **** 
 102:../Libraries/iLLD/TC4xx/CpuGeneric/Egtm/Std/IfxEgtm_Cmu.h **** /** \brief CMU clock enable status of all configurable, external and fixed clocks.
 103:../Libraries/iLLD/TC4xx/CpuGeneric/Egtm/Std/IfxEgtm_Cmu.h ****  */
 104:../Libraries/iLLD/TC4xx/CpuGeneric/Egtm/Std/IfxEgtm_Cmu.h **** typedef Ifx_EGTM_CLS_CMU_CLK_EN IfxEgtm_Cmu_EnableStatusOfAllClocks;
 105:../Libraries/iLLD/TC4xx/CpuGeneric/Egtm/Std/IfxEgtm_Cmu.h **** 
 106:../Libraries/iLLD/TC4xx/CpuGeneric/Egtm/Std/IfxEgtm_Cmu.h **** /** \addtogroup IfxLld_Egtm_Std_Cmu_CMU_Functions
 107:../Libraries/iLLD/TC4xx/CpuGeneric/Egtm/Std/IfxEgtm_Cmu.h ****  * \{ */
 108:../Libraries/iLLD/TC4xx/CpuGeneric/Egtm/Std/IfxEgtm_Cmu.h **** 
 109:../Libraries/iLLD/TC4xx/CpuGeneric/Egtm/Std/IfxEgtm_Cmu.h **** /******************************************************************************/
 110:../Libraries/iLLD/TC4xx/CpuGeneric/Egtm/Std/IfxEgtm_Cmu.h **** /*-------------------------Inline Function Prototypes-------------------------*/
 111:../Libraries/iLLD/TC4xx/CpuGeneric/Egtm/Std/IfxEgtm_Cmu.h **** /******************************************************************************/
 112:../Libraries/iLLD/TC4xx/CpuGeneric/Egtm/Std/IfxEgtm_Cmu.h **** 
 113:../Libraries/iLLD/TC4xx/CpuGeneric/Egtm/Std/IfxEgtm_Cmu.h **** /** \brief Enable / Disable the configurable, fixed, and external clocks
 114:../Libraries/iLLD/TC4xx/CpuGeneric/Egtm/Std/IfxEgtm_Cmu.h ****  *
 115:../Libraries/iLLD/TC4xx/CpuGeneric/Egtm/Std/IfxEgtm_Cmu.h ****  * \param[inout] egtm    Pointer to EGTM module
 116:../Libraries/iLLD/TC4xx/CpuGeneric/Egtm/Std/IfxEgtm_Cmu.h ****  * \param[in]    clkMask Enable / Disable mask.
 117:../Libraries/iLLD/TC4xx/CpuGeneric/Egtm/Std/IfxEgtm_Cmu.h ****  *
 118:../Libraries/iLLD/TC4xx/CpuGeneric/Egtm/Std/IfxEgtm_Cmu.h ****  * \retval None
 119:../Libraries/iLLD/TC4xx/CpuGeneric/Egtm/Std/IfxEgtm_Cmu.h ****  */
 120:../Libraries/iLLD/TC4xx/CpuGeneric/Egtm/Std/IfxEgtm_Cmu.h **** IFX_INLINE void IfxEgtm_Cmu_enableClocks(Ifx_EGTM *egtm, uint32 clkMask);
 121:../Libraries/iLLD/TC4xx/CpuGeneric/Egtm/Std/IfxEgtm_Cmu.h **** 
 122:../Libraries/iLLD/TC4xx/CpuGeneric/Egtm/Std/IfxEgtm_Cmu.h **** /** \brief Returns the EGTM global clock frequency in Hz
 123:../Libraries/iLLD/TC4xx/CpuGeneric/Egtm/Std/IfxEgtm_Cmu.h ****  *
 124:../Libraries/iLLD/TC4xx/CpuGeneric/Egtm/Std/IfxEgtm_Cmu.h ****  * \param[in] egtm Pointer to EGTM module
 125:../Libraries/iLLD/TC4xx/CpuGeneric/Egtm/Std/IfxEgtm_Cmu.h ****  *
 126:../Libraries/iLLD/TC4xx/CpuGeneric/Egtm/Std/IfxEgtm_Cmu.h ****  * \retval EGTM global clock frequency in Hz
 127:../Libraries/iLLD/TC4xx/CpuGeneric/Egtm/Std/IfxEgtm_Cmu.h ****  */
 128:../Libraries/iLLD/TC4xx/CpuGeneric/Egtm/Std/IfxEgtm_Cmu.h **** IFX_INLINE float32 IfxEgtm_Cmu_getGclkFrequency(Ifx_EGTM *egtm);
 129:../Libraries/iLLD/TC4xx/CpuGeneric/Egtm/Std/IfxEgtm_Cmu.h **** 
 130:../Libraries/iLLD/TC4xx/CpuGeneric/Egtm/Std/IfxEgtm_Cmu.h **** /** \brief returns the CMU module frequency in Hz. This is only for CMU module frequency.
 131:../Libraries/iLLD/TC4xx/CpuGeneric/Egtm/Std/IfxEgtm_Cmu.h ****  * For EGTM SYS frequency: IfxEgtm_getSysClkFrequency() is to be used.
 132:../Libraries/iLLD/TC4xx/CpuGeneric/Egtm/Std/IfxEgtm_Cmu.h ****  *
 133:../Libraries/iLLD/TC4xx/CpuGeneric/Egtm/Std/IfxEgtm_Cmu.h ****  * \param[in] egtm Pointer to EGTM module
 134:../Libraries/iLLD/TC4xx/CpuGeneric/Egtm/Std/IfxEgtm_Cmu.h ****  *
 135:../Libraries/iLLD/TC4xx/CpuGeneric/Egtm/Std/IfxEgtm_Cmu.h ****  * \retval EGTM module frequency in Hz
 136:../Libraries/iLLD/TC4xx/CpuGeneric/Egtm/Std/IfxEgtm_Cmu.h ****  */
 137:../Libraries/iLLD/TC4xx/CpuGeneric/Egtm/Std/IfxEgtm_Cmu.h **** IFX_INLINE float32 IfxEgtm_Cmu_getModuleFrequency(Ifx_EGTM *egtm);
 138:../Libraries/iLLD/TC4xx/CpuGeneric/Egtm/Std/IfxEgtm_Cmu.h **** 
 139:../Libraries/iLLD/TC4xx/CpuGeneric/Egtm/Std/IfxEgtm_Cmu.h **** /** \brief Returns the configurable clock enable status
 140:../Libraries/iLLD/TC4xx/CpuGeneric/Egtm/Std/IfxEgtm_Cmu.h ****  *
 141:../Libraries/iLLD/TC4xx/CpuGeneric/Egtm/Std/IfxEgtm_Cmu.h ****  * \param[in] egtm     Pointer to EGTM module
 142:../Libraries/iLLD/TC4xx/CpuGeneric/Egtm/Std/IfxEgtm_Cmu.h ****  * \param[in] clkIndex Index of the configurable clock 0=CMU_CLK0, 1=CMU_CLK1, ...
 143:../Libraries/iLLD/TC4xx/CpuGeneric/Egtm/Std/IfxEgtm_Cmu.h ****  *                     Range: \ref: IfxEgtm_Cmu_Clk
 144:../Libraries/iLLD/TC4xx/CpuGeneric/Egtm/Std/IfxEgtm_Cmu.h ****  *
 145:../Libraries/iLLD/TC4xx/CpuGeneric/Egtm/Std/IfxEgtm_Cmu.h ****  * \retval TRUE The clock is enabled, FALSE The clock is disabled
 146:../Libraries/iLLD/TC4xx/CpuGeneric/Egtm/Std/IfxEgtm_Cmu.h ****  */
 147:../Libraries/iLLD/TC4xx/CpuGeneric/Egtm/Std/IfxEgtm_Cmu.h **** IFX_INLINE boolean IfxEgtm_Cmu_isClkClockEnabled(Ifx_EGTM *egtm, IfxEgtm_Cmu_Clk clkIndex);
 148:../Libraries/iLLD/TC4xx/CpuGeneric/Egtm/Std/IfxEgtm_Cmu.h **** 
 149:../Libraries/iLLD/TC4xx/CpuGeneric/Egtm/Std/IfxEgtm_Cmu.h **** /** \brief Returns the external clock enable status
 150:../Libraries/iLLD/TC4xx/CpuGeneric/Egtm/Std/IfxEgtm_Cmu.h ****  *
 151:../Libraries/iLLD/TC4xx/CpuGeneric/Egtm/Std/IfxEgtm_Cmu.h ****  * \param[in] egtm     Pointer to EGTM module
 152:../Libraries/iLLD/TC4xx/CpuGeneric/Egtm/Std/IfxEgtm_Cmu.h ****  * \param[in] clkIndex Index of the external clock 0=CMU_ECLK0, 1=CMU_ECLK1, ...
 153:../Libraries/iLLD/TC4xx/CpuGeneric/Egtm/Std/IfxEgtm_Cmu.h ****  *                     Range: \ref: IfxEgtm_Cmu_Clk
 154:../Libraries/iLLD/TC4xx/CpuGeneric/Egtm/Std/IfxEgtm_Cmu.h ****  *
 155:../Libraries/iLLD/TC4xx/CpuGeneric/Egtm/Std/IfxEgtm_Cmu.h ****  * \retval TRUE The clock is enabled, FALSE The clock is disabled
 156:../Libraries/iLLD/TC4xx/CpuGeneric/Egtm/Std/IfxEgtm_Cmu.h ****  */
 157:../Libraries/iLLD/TC4xx/CpuGeneric/Egtm/Std/IfxEgtm_Cmu.h **** IFX_INLINE boolean IfxEgtm_Cmu_isEclkClockEnabled(Ifx_EGTM *egtm, IfxEgtm_Cmu_Eclk clkIndex);
 158:../Libraries/iLLD/TC4xx/CpuGeneric/Egtm/Std/IfxEgtm_Cmu.h **** 
 159:../Libraries/iLLD/TC4xx/CpuGeneric/Egtm/Std/IfxEgtm_Cmu.h **** /** \brief Returns the fixed clock enable status
 160:../Libraries/iLLD/TC4xx/CpuGeneric/Egtm/Std/IfxEgtm_Cmu.h ****  *
 161:../Libraries/iLLD/TC4xx/CpuGeneric/Egtm/Std/IfxEgtm_Cmu.h ****  * \param[in] egtm Pointer to EGTM module
 162:../Libraries/iLLD/TC4xx/CpuGeneric/Egtm/Std/IfxEgtm_Cmu.h ****  *
 163:../Libraries/iLLD/TC4xx/CpuGeneric/Egtm/Std/IfxEgtm_Cmu.h ****  * \retval TRUE The clock is enabled, FALSE The clock is disabled
 164:../Libraries/iLLD/TC4xx/CpuGeneric/Egtm/Std/IfxEgtm_Cmu.h ****  */
 165:../Libraries/iLLD/TC4xx/CpuGeneric/Egtm/Std/IfxEgtm_Cmu.h **** IFX_INLINE boolean IfxEgtm_Cmu_isFxClockEnabled(Ifx_EGTM *egtm);
 166:../Libraries/iLLD/TC4xx/CpuGeneric/Egtm/Std/IfxEgtm_Cmu.h **** 
 167:../Libraries/iLLD/TC4xx/CpuGeneric/Egtm/Std/IfxEgtm_Cmu.h **** /** \brief Select the clock input for CLK6 and CLK7
 168:../Libraries/iLLD/TC4xx/CpuGeneric/Egtm/Std/IfxEgtm_Cmu.h ****  * note The frequency can only be modified when the corresponding clock is disabled using IfxEgtm_C
 169:../Libraries/iLLD/TC4xx/CpuGeneric/Egtm/Std/IfxEgtm_Cmu.h ****  *
 170:../Libraries/iLLD/TC4xx/CpuGeneric/Egtm/Std/IfxEgtm_Cmu.h ****  * \param[inout] egtm      Pointer to EGTM module
 171:../Libraries/iLLD/TC4xx/CpuGeneric/Egtm/Std/IfxEgtm_Cmu.h ****  * \param[in]    clkIndex  Index of the configurable clock 0=CMU_CLK0, 1=CMU_CLK1, ...
 172:../Libraries/iLLD/TC4xx/CpuGeneric/Egtm/Std/IfxEgtm_Cmu.h ****  *                         Range: \ref: IfxEgtm_Cmu_Clk
 173:../Libraries/iLLD/TC4xx/CpuGeneric/Egtm/Std/IfxEgtm_Cmu.h ****  * \param[in]    useGlobal If TRUE, uses the global clock as an input, else use the SUB_INC input
 174:../Libraries/iLLD/TC4xx/CpuGeneric/Egtm/Std/IfxEgtm_Cmu.h ****  *
 175:../Libraries/iLLD/TC4xx/CpuGeneric/Egtm/Std/IfxEgtm_Cmu.h ****  * \retval None
 176:../Libraries/iLLD/TC4xx/CpuGeneric/Egtm/Std/IfxEgtm_Cmu.h ****  */
 177:../Libraries/iLLD/TC4xx/CpuGeneric/Egtm/Std/IfxEgtm_Cmu.h **** IFX_INLINE void IfxEgtm_Cmu_selectClkInput(Ifx_EGTM *egtm, IfxEgtm_Cmu_Clk clkIndex, boolean useGlo
 178:../Libraries/iLLD/TC4xx/CpuGeneric/Egtm/Std/IfxEgtm_Cmu.h **** 
 179:../Libraries/iLLD/TC4xx/CpuGeneric/Egtm/Std/IfxEgtm_Cmu.h **** /** \brief Sets the count value for the clock divider of a configurable clock divider block
 180:../Libraries/iLLD/TC4xx/CpuGeneric/Egtm/Std/IfxEgtm_Cmu.h ****  * Tcmu_clk[clkIndex] = (count + 1) * Tcmu_gclk_en
 181:../Libraries/iLLD/TC4xx/CpuGeneric/Egtm/Std/IfxEgtm_Cmu.h ****  * Note: Ensure CLSi_CMU_CLK_EN.EN_CLKx and CLSi_CMU_CLK_EN.EN_ECLKz (z=1) are disabled before call
 182:../Libraries/iLLD/TC4xx/CpuGeneric/Egtm/Std/IfxEgtm_Cmu.h ****  *
 183:../Libraries/iLLD/TC4xx/CpuGeneric/Egtm/Std/IfxEgtm_Cmu.h ****  * \param[inout] egtm     Pointer to GTM module
 184:../Libraries/iLLD/TC4xx/CpuGeneric/Egtm/Std/IfxEgtm_Cmu.h ****  * \param[in]    clkIndex Index of the configurable clock 0=CMU_CLK0, 1=CMU_CLK1, ...
 185:../Libraries/iLLD/TC4xx/CpuGeneric/Egtm/Std/IfxEgtm_Cmu.h ****  *                        Range: \ref: IfxEgtm_Cmu_Clk
 186:../Libraries/iLLD/TC4xx/CpuGeneric/Egtm/Std/IfxEgtm_Cmu.h ****  * \param[in]    count    Count value for the clock divider
 187:../Libraries/iLLD/TC4xx/CpuGeneric/Egtm/Std/IfxEgtm_Cmu.h ****  *                        Range: 0 to 0x00FFFFFF
 188:../Libraries/iLLD/TC4xx/CpuGeneric/Egtm/Std/IfxEgtm_Cmu.h ****  *
 189:../Libraries/iLLD/TC4xx/CpuGeneric/Egtm/Std/IfxEgtm_Cmu.h ****  * \retval None
 190:../Libraries/iLLD/TC4xx/CpuGeneric/Egtm/Std/IfxEgtm_Cmu.h ****  */
 191:../Libraries/iLLD/TC4xx/CpuGeneric/Egtm/Std/IfxEgtm_Cmu.h **** IFX_INLINE void IfxEgtm_Cmu_setClkCount(Ifx_EGTM *egtm, IfxEgtm_Cmu_Clk clkIndex, uint32 count);
 192:../Libraries/iLLD/TC4xx/CpuGeneric/Egtm/Std/IfxEgtm_Cmu.h **** 
 193:../Libraries/iLLD/TC4xx/CpuGeneric/Egtm/Std/IfxEgtm_Cmu.h **** /** \brief Sets the numerator and denominator for External clock
 194:../Libraries/iLLD/TC4xx/CpuGeneric/Egtm/Std/IfxEgtm_Cmu.h ****  * Tcmu_eclk[clkIndex] = (numerator / denominator) * Tcls0_clk
 195:../Libraries/iLLD/TC4xx/CpuGeneric/Egtm/Std/IfxEgtm_Cmu.h ****  * Note: Ensure CLSi_CMU_CLK_EN.EN_ECLKz is disabled before calling this API. API doesn't perform a
 196:../Libraries/iLLD/TC4xx/CpuGeneric/Egtm/Std/IfxEgtm_Cmu.h ****  *
 197:../Libraries/iLLD/TC4xx/CpuGeneric/Egtm/Std/IfxEgtm_Cmu.h ****  * \param[inout] egtm        Pointer to GTM module
 198:../Libraries/iLLD/TC4xx/CpuGeneric/Egtm/Std/IfxEgtm_Cmu.h ****  * \param[in]    clkIndex    Index of the external clock 0=CMU_ECLK0, 1=CMU_ECLK1, ...
 199:../Libraries/iLLD/TC4xx/CpuGeneric/Egtm/Std/IfxEgtm_Cmu.h ****  *                           Range: \ref: IfxEgtm_Cmu_Clk
 200:../Libraries/iLLD/TC4xx/CpuGeneric/Egtm/Std/IfxEgtm_Cmu.h ****  * \param[in]    numerator   Numerator for external clock divider. Defines numerator of the fractio
 201:../Libraries/iLLD/TC4xx/CpuGeneric/Egtm/Std/IfxEgtm_Cmu.h ****  *                           Range: 0 to 0x00FFFFFF
 202:../Libraries/iLLD/TC4xx/CpuGeneric/Egtm/Std/IfxEgtm_Cmu.h ****  * \param[in]    denominator Denominator for external clock divider. Defines denominator of the fra
 203:../Libraries/iLLD/TC4xx/CpuGeneric/Egtm/Std/IfxEgtm_Cmu.h ****  *                           Range: 0 to 0x00FFFFFF
 204:../Libraries/iLLD/TC4xx/CpuGeneric/Egtm/Std/IfxEgtm_Cmu.h ****  *
 205:../Libraries/iLLD/TC4xx/CpuGeneric/Egtm/Std/IfxEgtm_Cmu.h ****  * \retval None
 206:../Libraries/iLLD/TC4xx/CpuGeneric/Egtm/Std/IfxEgtm_Cmu.h ****  */
 207:../Libraries/iLLD/TC4xx/CpuGeneric/Egtm/Std/IfxEgtm_Cmu.h **** IFX_INLINE void IfxEgtm_Cmu_setEclkDivider(Ifx_EGTM *egtm, IfxEgtm_Cmu_Eclk clkIndex, uint32 numera
 208:../Libraries/iLLD/TC4xx/CpuGeneric/Egtm/Std/IfxEgtm_Cmu.h **** 
 209:../Libraries/iLLD/TC4xx/CpuGeneric/Egtm/Std/IfxEgtm_Cmu.h **** /** \brief Sets the numerator and denominator for Global clock
 210:../Libraries/iLLD/TC4xx/CpuGeneric/Egtm/Std/IfxEgtm_Cmu.h ****  * Tcmu_gclk_en = (numerator / denominator) * Tcls0_clk
 211:../Libraries/iLLD/TC4xx/CpuGeneric/Egtm/Std/IfxEgtm_Cmu.h ****  * Note: Ensure CLSi_CMU_CLK_EN.EN_CLKx and CLSi_CMU_CLK_EN.EN_FXCLK are disabled before calling th
 212:../Libraries/iLLD/TC4xx/CpuGeneric/Egtm/Std/IfxEgtm_Cmu.h ****  *
 213:../Libraries/iLLD/TC4xx/CpuGeneric/Egtm/Std/IfxEgtm_Cmu.h ****  * \param[inout] egtm        Pointer to GTM module
 214:../Libraries/iLLD/TC4xx/CpuGeneric/Egtm/Std/IfxEgtm_Cmu.h ****  * \param[in]    numerator   Numerator for global clock resolution generator. Defines numerator of 
 215:../Libraries/iLLD/TC4xx/CpuGeneric/Egtm/Std/IfxEgtm_Cmu.h ****  *                           Range: 0 to 0x00FFFFFF
 216:../Libraries/iLLD/TC4xx/CpuGeneric/Egtm/Std/IfxEgtm_Cmu.h ****  * \param[in]    denominator Denominator for global clock resolution generator. Defines denominator
 217:../Libraries/iLLD/TC4xx/CpuGeneric/Egtm/Std/IfxEgtm_Cmu.h ****  *                           Range: 0 to 0x00FFFFFF
 218:../Libraries/iLLD/TC4xx/CpuGeneric/Egtm/Std/IfxEgtm_Cmu.h ****  *
 219:../Libraries/iLLD/TC4xx/CpuGeneric/Egtm/Std/IfxEgtm_Cmu.h ****  * \retval None
 220:../Libraries/iLLD/TC4xx/CpuGeneric/Egtm/Std/IfxEgtm_Cmu.h ****  */
 221:../Libraries/iLLD/TC4xx/CpuGeneric/Egtm/Std/IfxEgtm_Cmu.h **** IFX_INLINE void IfxEgtm_Cmu_setGclkDivider(Ifx_EGTM *egtm, uint32 numerator, uint32 denominator);
 222:../Libraries/iLLD/TC4xx/CpuGeneric/Egtm/Std/IfxEgtm_Cmu.h **** 
 223:../Libraries/iLLD/TC4xx/CpuGeneric/Egtm/Std/IfxEgtm_Cmu.h **** /** \brief Temporarily suspend all CMU clocks and return current clock-enable status.
 224:../Libraries/iLLD/TC4xx/CpuGeneric/Egtm/Std/IfxEgtm_Cmu.h ****  *
 225:../Libraries/iLLD/TC4xx/CpuGeneric/Egtm/Std/IfxEgtm_Cmu.h ****  * The returned status shall be passed later to IfxEgtm_Cmu_resumeSuspendedClocks() to restore
 226:../Libraries/iLLD/TC4xx/CpuGeneric/Egtm/Std/IfxEgtm_Cmu.h ****  * the previously enabled clocks.
 227:../Libraries/iLLD/TC4xx/CpuGeneric/Egtm/Std/IfxEgtm_Cmu.h ****  *
 228:../Libraries/iLLD/TC4xx/CpuGeneric/Egtm/Std/IfxEgtm_Cmu.h ****  * \param[inout] egtm Pointer to EGTM module.
 229:../Libraries/iLLD/TC4xx/CpuGeneric/Egtm/Std/IfxEgtm_Cmu.h ****  *
 230:../Libraries/iLLD/TC4xx/CpuGeneric/Egtm/Std/IfxEgtm_Cmu.h ****  * \retval IfxEgtm_Cmu_EnableStatusOfAllClocks Current CMU clock-enable register state.
 231:../Libraries/iLLD/TC4xx/CpuGeneric/Egtm/Std/IfxEgtm_Cmu.h ****  */
 232:../Libraries/iLLD/TC4xx/CpuGeneric/Egtm/Std/IfxEgtm_Cmu.h **** IFX_INLINE IfxEgtm_Cmu_EnableStatusOfAllClocks IfxEgtm_Cmu_suspendAllClocks(Ifx_EGTM *egtm);
 233:../Libraries/iLLD/TC4xx/CpuGeneric/Egtm/Std/IfxEgtm_Cmu.h **** 
 234:../Libraries/iLLD/TC4xx/CpuGeneric/Egtm/Std/IfxEgtm_Cmu.h **** /** \brief Restore all previously suspended CMU clocks.
 235:../Libraries/iLLD/TC4xx/CpuGeneric/Egtm/Std/IfxEgtm_Cmu.h ****  *
 236:../Libraries/iLLD/TC4xx/CpuGeneric/Egtm/Std/IfxEgtm_Cmu.h ****  * The argument shall be the status captured by IfxEgtm_Cmu_suspendAllClocks().
 237:../Libraries/iLLD/TC4xx/CpuGeneric/Egtm/Std/IfxEgtm_Cmu.h ****  *
 238:../Libraries/iLLD/TC4xx/CpuGeneric/Egtm/Std/IfxEgtm_Cmu.h ****  * \param[inout] egtm          Pointer to EGTM module.
 239:../Libraries/iLLD/TC4xx/CpuGeneric/Egtm/Std/IfxEgtm_Cmu.h ****  * \param[in]    currentStatus Previously captured CMU clock-enable register state.
 240:../Libraries/iLLD/TC4xx/CpuGeneric/Egtm/Std/IfxEgtm_Cmu.h ****  *
 241:../Libraries/iLLD/TC4xx/CpuGeneric/Egtm/Std/IfxEgtm_Cmu.h ****  * \retval None
 242:../Libraries/iLLD/TC4xx/CpuGeneric/Egtm/Std/IfxEgtm_Cmu.h ****  */
 243:../Libraries/iLLD/TC4xx/CpuGeneric/Egtm/Std/IfxEgtm_Cmu.h **** IFX_INLINE void IfxEgtm_Cmu_resumeSuspendedClocks(Ifx_EGTM *egtm, IfxEgtm_Cmu_EnableStatusOfAllCloc
 244:../Libraries/iLLD/TC4xx/CpuGeneric/Egtm/Std/IfxEgtm_Cmu.h **** 
 245:../Libraries/iLLD/TC4xx/CpuGeneric/Egtm/Std/IfxEgtm_Cmu.h **** /******************************************************************************/
 246:../Libraries/iLLD/TC4xx/CpuGeneric/Egtm/Std/IfxEgtm_Cmu.h **** /*-------------------------Global Function Prototypes-------------------------*/
 247:../Libraries/iLLD/TC4xx/CpuGeneric/Egtm/Std/IfxEgtm_Cmu.h **** /******************************************************************************/
 248:../Libraries/iLLD/TC4xx/CpuGeneric/Egtm/Std/IfxEgtm_Cmu.h **** 
 249:../Libraries/iLLD/TC4xx/CpuGeneric/Egtm/Std/IfxEgtm_Cmu.h **** /** \brief Returns the EGTM configurable clock frequency in Hz
 250:../Libraries/iLLD/TC4xx/CpuGeneric/Egtm/Std/IfxEgtm_Cmu.h ****  *
 251:../Libraries/iLLD/TC4xx/CpuGeneric/Egtm/Std/IfxEgtm_Cmu.h ****  * \param[in] egtm          Pointer to EGTM module
 252:../Libraries/iLLD/TC4xx/CpuGeneric/Egtm/Std/IfxEgtm_Cmu.h ****  * \param[in] clkIndex      Index of the configurable clock 0=CMU_CLK0, 1=CMU_CLK1, ...
 253:../Libraries/iLLD/TC4xx/CpuGeneric/Egtm/Std/IfxEgtm_Cmu.h ****  *                          Range: \ref: IfxEgtm_Cmu_Clk
 254:../Libraries/iLLD/TC4xx/CpuGeneric/Egtm/Std/IfxEgtm_Cmu.h ****  * \param[in] assumeEnabled When TRUE, attempt to calculate the frequency as if the clock is enable
 255:../Libraries/iLLD/TC4xx/CpuGeneric/Egtm/Std/IfxEgtm_Cmu.h ****  *
 256:../Libraries/iLLD/TC4xx/CpuGeneric/Egtm/Std/IfxEgtm_Cmu.h ****  * \retval EGTM configurable clock frequency in Hz
 257:../Libraries/iLLD/TC4xx/CpuGeneric/Egtm/Std/IfxEgtm_Cmu.h ****  */
 258:../Libraries/iLLD/TC4xx/CpuGeneric/Egtm/Std/IfxEgtm_Cmu.h **** IFX_EXTERN float32 IfxEgtm_Cmu_getClkFrequency(Ifx_EGTM *egtm, IfxEgtm_Cmu_Clk clkIndex, boolean as
 259:../Libraries/iLLD/TC4xx/CpuGeneric/Egtm/Std/IfxEgtm_Cmu.h **** 
 260:../Libraries/iLLD/TC4xx/CpuGeneric/Egtm/Std/IfxEgtm_Cmu.h **** /** \brief Returns the EGTM external clock frequency in Hz
 261:../Libraries/iLLD/TC4xx/CpuGeneric/Egtm/Std/IfxEgtm_Cmu.h ****  *
 262:../Libraries/iLLD/TC4xx/CpuGeneric/Egtm/Std/IfxEgtm_Cmu.h ****  * \param[in] egtm          Pointer to EGTM module
 263:../Libraries/iLLD/TC4xx/CpuGeneric/Egtm/Std/IfxEgtm_Cmu.h ****  * \param[in] clkIndex      Index of the external clock 0=CMU_ECLK0, 1=CMU_ECLK1, ...
 264:../Libraries/iLLD/TC4xx/CpuGeneric/Egtm/Std/IfxEgtm_Cmu.h ****  *                          Range: \ref: IfxEgtm_Cmu_Clk
 265:../Libraries/iLLD/TC4xx/CpuGeneric/Egtm/Std/IfxEgtm_Cmu.h ****  * \param[in] assumeEnabled When TRUE, attempt to calculate the frequency as if the clock is enable
 266:../Libraries/iLLD/TC4xx/CpuGeneric/Egtm/Std/IfxEgtm_Cmu.h ****  *
 267:../Libraries/iLLD/TC4xx/CpuGeneric/Egtm/Std/IfxEgtm_Cmu.h ****  * \retval EGTM external clock frequency in Hz
 268:../Libraries/iLLD/TC4xx/CpuGeneric/Egtm/Std/IfxEgtm_Cmu.h ****  */
 269:../Libraries/iLLD/TC4xx/CpuGeneric/Egtm/Std/IfxEgtm_Cmu.h **** IFX_EXTERN float32 IfxEgtm_Cmu_getEclkFrequency(Ifx_EGTM *egtm, IfxEgtm_Cmu_Eclk clkIndex, boolean 
 270:../Libraries/iLLD/TC4xx/CpuGeneric/Egtm/Std/IfxEgtm_Cmu.h **** 
 271:../Libraries/iLLD/TC4xx/CpuGeneric/Egtm/Std/IfxEgtm_Cmu.h **** /** \brief Returns the EGTM fixed clock frequency in Hz
 272:../Libraries/iLLD/TC4xx/CpuGeneric/Egtm/Std/IfxEgtm_Cmu.h ****  *
 273:../Libraries/iLLD/TC4xx/CpuGeneric/Egtm/Std/IfxEgtm_Cmu.h ****  * \param[in] egtm          Pointer to EGTM module
 274:../Libraries/iLLD/TC4xx/CpuGeneric/Egtm/Std/IfxEgtm_Cmu.h ****  * \param[in] clkIndex      Index of the fixed clock 0=CMU_FXCLK0, 1=CMU_FXCLK1, ...
 275:../Libraries/iLLD/TC4xx/CpuGeneric/Egtm/Std/IfxEgtm_Cmu.h ****  *                          Range: \ref: IfxEgtm_Cmu_Clk
 276:../Libraries/iLLD/TC4xx/CpuGeneric/Egtm/Std/IfxEgtm_Cmu.h ****  * \param[in] assumeEnabled When TRUE, attempt to calculate the frequency as if the clock is enable
 277:../Libraries/iLLD/TC4xx/CpuGeneric/Egtm/Std/IfxEgtm_Cmu.h ****  *
 278:../Libraries/iLLD/TC4xx/CpuGeneric/Egtm/Std/IfxEgtm_Cmu.h ****  * \retval EGTM fixed clock frequency in Hz
 279:../Libraries/iLLD/TC4xx/CpuGeneric/Egtm/Std/IfxEgtm_Cmu.h ****  */
 280:../Libraries/iLLD/TC4xx/CpuGeneric/Egtm/Std/IfxEgtm_Cmu.h **** IFX_EXTERN float32 IfxEgtm_Cmu_getFxClkFrequency(Ifx_EGTM *egtm, IfxEgtm_Cmu_Fxclk clkIndex, boolea
 281:../Libraries/iLLD/TC4xx/CpuGeneric/Egtm/Std/IfxEgtm_Cmu.h **** 
 282:../Libraries/iLLD/TC4xx/CpuGeneric/Egtm/Std/IfxEgtm_Cmu.h **** /** \brief Set the EGTM configurable clock frequency in Hz
 283:../Libraries/iLLD/TC4xx/CpuGeneric/Egtm/Std/IfxEgtm_Cmu.h ****  *
 284:../Libraries/iLLD/TC4xx/CpuGeneric/Egtm/Std/IfxEgtm_Cmu.h ****  * \param[inout] egtm      Pointer to EGTM module
 285:../Libraries/iLLD/TC4xx/CpuGeneric/Egtm/Std/IfxEgtm_Cmu.h ****  * \param[in]    clkIndex  Index of the configurable clock 0=CMU_CLK0, 1=CMU_CLK1, ...
 286:../Libraries/iLLD/TC4xx/CpuGeneric/Egtm/Std/IfxEgtm_Cmu.h ****  *                         Range: \ref: IfxEgtm_Cmu_Clk
 287:../Libraries/iLLD/TC4xx/CpuGeneric/Egtm/Std/IfxEgtm_Cmu.h ****  * \param[in]    frequency Frequency in Hz
 288:../Libraries/iLLD/TC4xx/CpuGeneric/Egtm/Std/IfxEgtm_Cmu.h ****  *
 289:../Libraries/iLLD/TC4xx/CpuGeneric/Egtm/Std/IfxEgtm_Cmu.h ****  * \retval None
 290:../Libraries/iLLD/TC4xx/CpuGeneric/Egtm/Std/IfxEgtm_Cmu.h ****  */
 291:../Libraries/iLLD/TC4xx/CpuGeneric/Egtm/Std/IfxEgtm_Cmu.h **** IFX_EXTERN void IfxEgtm_Cmu_setClkFrequency(Ifx_EGTM *egtm, IfxEgtm_Cmu_Clk clkIndex, float32 frequ
 292:../Libraries/iLLD/TC4xx/CpuGeneric/Egtm/Std/IfxEgtm_Cmu.h **** 
 293:../Libraries/iLLD/TC4xx/CpuGeneric/Egtm/Std/IfxEgtm_Cmu.h **** /** \brief Set the EGTM external clock frequency in Hz
 294:../Libraries/iLLD/TC4xx/CpuGeneric/Egtm/Std/IfxEgtm_Cmu.h ****  *
 295:../Libraries/iLLD/TC4xx/CpuGeneric/Egtm/Std/IfxEgtm_Cmu.h ****  * \param[inout] egtm      Pointer to EGTM module
 296:../Libraries/iLLD/TC4xx/CpuGeneric/Egtm/Std/IfxEgtm_Cmu.h ****  * \param[in]    clkIndex  Index of the external clock 0=CMU_ECLK0, 1=CMU_ECLK1, ...
 297:../Libraries/iLLD/TC4xx/CpuGeneric/Egtm/Std/IfxEgtm_Cmu.h ****  *                         Range: \ref: IfxEgtm_Cmu_Clk
 298:../Libraries/iLLD/TC4xx/CpuGeneric/Egtm/Std/IfxEgtm_Cmu.h ****  * \param[in]    frequency Frequency in Hz
 299:../Libraries/iLLD/TC4xx/CpuGeneric/Egtm/Std/IfxEgtm_Cmu.h ****  *
 300:../Libraries/iLLD/TC4xx/CpuGeneric/Egtm/Std/IfxEgtm_Cmu.h ****  * \retval None
 301:../Libraries/iLLD/TC4xx/CpuGeneric/Egtm/Std/IfxEgtm_Cmu.h ****  */
 302:../Libraries/iLLD/TC4xx/CpuGeneric/Egtm/Std/IfxEgtm_Cmu.h **** IFX_EXTERN void IfxEgtm_Cmu_setEclkFrequency(Ifx_EGTM *egtm, IfxEgtm_Cmu_Eclk clkIndex, float32 fre
 303:../Libraries/iLLD/TC4xx/CpuGeneric/Egtm/Std/IfxEgtm_Cmu.h **** 
 304:../Libraries/iLLD/TC4xx/CpuGeneric/Egtm/Std/IfxEgtm_Cmu.h **** /** \brief Set the EGTM global clock frequency in Hz
 305:../Libraries/iLLD/TC4xx/CpuGeneric/Egtm/Std/IfxEgtm_Cmu.h ****  *
 306:../Libraries/iLLD/TC4xx/CpuGeneric/Egtm/Std/IfxEgtm_Cmu.h ****  * \param[inout] egtm      Pointer to EGTM module
 307:../Libraries/iLLD/TC4xx/CpuGeneric/Egtm/Std/IfxEgtm_Cmu.h ****  * \param[in]    frequency Frequency in Hz
 308:../Libraries/iLLD/TC4xx/CpuGeneric/Egtm/Std/IfxEgtm_Cmu.h ****  *
 309:../Libraries/iLLD/TC4xx/CpuGeneric/Egtm/Std/IfxEgtm_Cmu.h ****  * \retval None
 310:../Libraries/iLLD/TC4xx/CpuGeneric/Egtm/Std/IfxEgtm_Cmu.h ****  */
 311:../Libraries/iLLD/TC4xx/CpuGeneric/Egtm/Std/IfxEgtm_Cmu.h **** IFX_EXTERN void IfxEgtm_Cmu_setGclkFrequency(Ifx_EGTM *egtm, float32 frequency);
 312:../Libraries/iLLD/TC4xx/CpuGeneric/Egtm/Std/IfxEgtm_Cmu.h **** 
 313:../Libraries/iLLD/TC4xx/CpuGeneric/Egtm/Std/IfxEgtm_Cmu.h **** /** \} */
 314:../Libraries/iLLD/TC4xx/CpuGeneric/Egtm/Std/IfxEgtm_Cmu.h **** 
 315:../Libraries/iLLD/TC4xx/CpuGeneric/Egtm/Std/IfxEgtm_Cmu.h **** /******************************************************************************/
 316:../Libraries/iLLD/TC4xx/CpuGeneric/Egtm/Std/IfxEgtm_Cmu.h **** /*---------------------Inline Function Implementations------------------------*/
 317:../Libraries/iLLD/TC4xx/CpuGeneric/Egtm/Std/IfxEgtm_Cmu.h **** /******************************************************************************/
 318:../Libraries/iLLD/TC4xx/CpuGeneric/Egtm/Std/IfxEgtm_Cmu.h **** 
 319:../Libraries/iLLD/TC4xx/CpuGeneric/Egtm/Std/IfxEgtm_Cmu.h **** IFX_INLINE void IfxEgtm_Cmu_enableClocks(Ifx_EGTM *egtm, uint32 clkMask)
 320:../Libraries/iLLD/TC4xx/CpuGeneric/Egtm/Std/IfxEgtm_Cmu.h **** {
 321:../Libraries/iLLD/TC4xx/CpuGeneric/Egtm/Std/IfxEgtm_Cmu.h ****     egtm->CLS->CMU.CLK_EN.U = clkMask;
 322:../Libraries/iLLD/TC4xx/CpuGeneric/Egtm/Std/IfxEgtm_Cmu.h **** }
 323:../Libraries/iLLD/TC4xx/CpuGeneric/Egtm/Std/IfxEgtm_Cmu.h **** 
 324:../Libraries/iLLD/TC4xx/CpuGeneric/Egtm/Std/IfxEgtm_Cmu.h **** 
 325:../Libraries/iLLD/TC4xx/CpuGeneric/Egtm/Std/IfxEgtm_Cmu.h **** IFX_INLINE IfxEgtm_Cmu_EnableStatusOfAllClocks IfxEgtm_Cmu_suspendAllClocks(Ifx_EGTM *egtm)
 326:../Libraries/iLLD/TC4xx/CpuGeneric/Egtm/Std/IfxEgtm_Cmu.h **** {
 327:../Libraries/iLLD/TC4xx/CpuGeneric/Egtm/Std/IfxEgtm_Cmu.h ****     IfxEgtm_Cmu_EnableStatusOfAllClocks currentStatus;
 328:../Libraries/iLLD/TC4xx/CpuGeneric/Egtm/Std/IfxEgtm_Cmu.h ****     currentStatus.U = egtm->CLS->CMU.CLK_EN.U;
 329:../Libraries/iLLD/TC4xx/CpuGeneric/Egtm/Std/IfxEgtm_Cmu.h **** 
 330:../Libraries/iLLD/TC4xx/CpuGeneric/Egtm/Std/IfxEgtm_Cmu.h ****     egtm->CLS->CMU.CLK_EN.U = ((uint32)IfxEgtm_FeatureControl_disable << IFX_EGTM_CLS_CMU_CLK_EN_EN
 331:../Libraries/iLLD/TC4xx/CpuGeneric/Egtm/Std/IfxEgtm_Cmu.h ****                             | ((uint32)IfxEgtm_FeatureControl_disable << IFX_EGTM_CLS_CMU_CLK_EN_EN
 332:../Libraries/iLLD/TC4xx/CpuGeneric/Egtm/Std/IfxEgtm_Cmu.h ****                             | ((uint32)IfxEgtm_FeatureControl_disable << IFX_EGTM_CLS_CMU_CLK_EN_EN
 333:../Libraries/iLLD/TC4xx/CpuGeneric/Egtm/Std/IfxEgtm_Cmu.h ****                             | ((uint32)IfxEgtm_FeatureControl_disable << IFX_EGTM_CLS_CMU_CLK_EN_EN
 334:../Libraries/iLLD/TC4xx/CpuGeneric/Egtm/Std/IfxEgtm_Cmu.h ****                             | ((uint32)IfxEgtm_FeatureControl_disable << IFX_EGTM_CLS_CMU_CLK_EN_EN
 335:../Libraries/iLLD/TC4xx/CpuGeneric/Egtm/Std/IfxEgtm_Cmu.h ****                             | ((uint32)IfxEgtm_FeatureControl_disable << IFX_EGTM_CLS_CMU_CLK_EN_EN
 336:../Libraries/iLLD/TC4xx/CpuGeneric/Egtm/Std/IfxEgtm_Cmu.h ****                             | ((uint32)IfxEgtm_FeatureControl_disable << IFX_EGTM_CLS_CMU_CLK_EN_EN
 337:../Libraries/iLLD/TC4xx/CpuGeneric/Egtm/Std/IfxEgtm_Cmu.h ****                             | ((uint32)IfxEgtm_FeatureControl_disable << IFX_EGTM_CLS_CMU_CLK_EN_EN
 338:../Libraries/iLLD/TC4xx/CpuGeneric/Egtm/Std/IfxEgtm_Cmu.h ****                             | ((uint32)IfxEgtm_FeatureControl_disable << IFX_EGTM_CLS_CMU_CLK_EN_EN
 339:../Libraries/iLLD/TC4xx/CpuGeneric/Egtm/Std/IfxEgtm_Cmu.h ****                             | ((uint32)IfxEgtm_FeatureControl_disable << IFX_EGTM_CLS_CMU_CLK_EN_EN
 340:../Libraries/iLLD/TC4xx/CpuGeneric/Egtm/Std/IfxEgtm_Cmu.h ****                             | ((uint32)IfxEgtm_FeatureControl_disable << IFX_EGTM_CLS_CMU_CLK_EN_EN
 341:../Libraries/iLLD/TC4xx/CpuGeneric/Egtm/Std/IfxEgtm_Cmu.h ****                             | ((uint32)IfxEgtm_FeatureControl_disable << IFX_EGTM_CLS_CMU_CLK_EN_EN
 342:../Libraries/iLLD/TC4xx/CpuGeneric/Egtm/Std/IfxEgtm_Cmu.h **** 
 343:../Libraries/iLLD/TC4xx/CpuGeneric/Egtm/Std/IfxEgtm_Cmu.h ****     return currentStatus;
 344:../Libraries/iLLD/TC4xx/CpuGeneric/Egtm/Std/IfxEgtm_Cmu.h **** }
 345:../Libraries/iLLD/TC4xx/CpuGeneric/Egtm/Std/IfxEgtm_Cmu.h **** 
 346:../Libraries/iLLD/TC4xx/CpuGeneric/Egtm/Std/IfxEgtm_Cmu.h **** 
 347:../Libraries/iLLD/TC4xx/CpuGeneric/Egtm/Std/IfxEgtm_Cmu.h **** IFX_INLINE void IfxEgtm_Cmu_resumeSuspendedClocks(Ifx_EGTM *egtm, IfxEgtm_Cmu_EnableStatusOfAllCloc
 348:../Libraries/iLLD/TC4xx/CpuGeneric/Egtm/Std/IfxEgtm_Cmu.h **** {
 349:../Libraries/iLLD/TC4xx/CpuGeneric/Egtm/Std/IfxEgtm_Cmu.h ****     egtm->CLS->CMU.CLK_EN.U = currentStatus.U &
 350:../Libraries/iLLD/TC4xx/CpuGeneric/Egtm/Std/IfxEgtm_Cmu.h ****                               (((uint32)IfxEgtm_FeatureControl_enable << IFX_EGTM_CLS_CMU_CLK_EN_EN
 351:../Libraries/iLLD/TC4xx/CpuGeneric/Egtm/Std/IfxEgtm_Cmu.h ****                                | ((uint32)IfxEgtm_FeatureControl_enable << IFX_EGTM_CLS_CMU_CLK_EN_
 352:../Libraries/iLLD/TC4xx/CpuGeneric/Egtm/Std/IfxEgtm_Cmu.h ****                                | ((uint32)IfxEgtm_FeatureControl_enable << IFX_EGTM_CLS_CMU_CLK_EN_
 353:../Libraries/iLLD/TC4xx/CpuGeneric/Egtm/Std/IfxEgtm_Cmu.h ****                                | ((uint32)IfxEgtm_FeatureControl_enable << IFX_EGTM_CLS_CMU_CLK_EN_
 354:../Libraries/iLLD/TC4xx/CpuGeneric/Egtm/Std/IfxEgtm_Cmu.h ****                                | ((uint32)IfxEgtm_FeatureControl_enable << IFX_EGTM_CLS_CMU_CLK_EN_
 355:../Libraries/iLLD/TC4xx/CpuGeneric/Egtm/Std/IfxEgtm_Cmu.h ****                                | ((uint32)IfxEgtm_FeatureControl_enable << IFX_EGTM_CLS_CMU_CLK_EN_
 356:../Libraries/iLLD/TC4xx/CpuGeneric/Egtm/Std/IfxEgtm_Cmu.h ****                                | ((uint32)IfxEgtm_FeatureControl_enable << IFX_EGTM_CLS_CMU_CLK_EN_
 357:../Libraries/iLLD/TC4xx/CpuGeneric/Egtm/Std/IfxEgtm_Cmu.h ****                                | ((uint32)IfxEgtm_FeatureControl_enable << IFX_EGTM_CLS_CMU_CLK_EN_
 358:../Libraries/iLLD/TC4xx/CpuGeneric/Egtm/Std/IfxEgtm_Cmu.h ****                                | ((uint32)IfxEgtm_FeatureControl_enable << IFX_EGTM_CLS_CMU_CLK_EN_
 359:../Libraries/iLLD/TC4xx/CpuGeneric/Egtm/Std/IfxEgtm_Cmu.h ****                                | ((uint32)IfxEgtm_FeatureControl_enable << IFX_EGTM_CLS_CMU_CLK_EN_
 360:../Libraries/iLLD/TC4xx/CpuGeneric/Egtm/Std/IfxEgtm_Cmu.h ****                                | ((uint32)IfxEgtm_FeatureControl_enable << IFX_EGTM_CLS_CMU_CLK_EN_
 361:../Libraries/iLLD/TC4xx/CpuGeneric/Egtm/Std/IfxEgtm_Cmu.h ****                                | ((uint32)IfxEgtm_FeatureControl_enable << IFX_EGTM_CLS_CMU_CLK_EN_
 362:../Libraries/iLLD/TC4xx/CpuGeneric/Egtm/Std/IfxEgtm_Cmu.h **** }
 363:../Libraries/iLLD/TC4xx/CpuGeneric/Egtm/Std/IfxEgtm_Cmu.h **** 
 364:../Libraries/iLLD/TC4xx/CpuGeneric/Egtm/Std/IfxEgtm_Cmu.h **** 
 365:../Libraries/iLLD/TC4xx/CpuGeneric/Egtm/Std/IfxEgtm_Cmu.h **** IFX_INLINE float32 IfxEgtm_Cmu_getGclkFrequency(Ifx_EGTM *egtm)
 366:../Libraries/iLLD/TC4xx/CpuGeneric/Egtm/Std/IfxEgtm_Cmu.h **** {
 367:../Libraries/iLLD/TC4xx/CpuGeneric/Egtm/Std/IfxEgtm_Cmu.h ****     uint32  N          = (uint32)egtm->CLS->CMU.GCLK_DEN.B.GCLK_DEN;
 368:../Libraries/iLLD/TC4xx/CpuGeneric/Egtm/Std/IfxEgtm_Cmu.h ****     uint32  Z          = (uint32)egtm->CLS->CMU.GCLK_NUM.B.GCLK_NUM;
 369:../Libraries/iLLD/TC4xx/CpuGeneric/Egtm/Std/IfxEgtm_Cmu.h ****     float32 multiplier = (float32)((float32)N / (float32)Z);
 370:../Libraries/iLLD/TC4xx/CpuGeneric/Egtm/Std/IfxEgtm_Cmu.h **** 
 371:../Libraries/iLLD/TC4xx/CpuGeneric/Egtm/Std/IfxEgtm_Cmu.h ****     return IfxEgtm_Cmu_getModuleFrequency(egtm) * multiplier;
 372:../Libraries/iLLD/TC4xx/CpuGeneric/Egtm/Std/IfxEgtm_Cmu.h **** }
 373:../Libraries/iLLD/TC4xx/CpuGeneric/Egtm/Std/IfxEgtm_Cmu.h **** 
 374:../Libraries/iLLD/TC4xx/CpuGeneric/Egtm/Std/IfxEgtm_Cmu.h **** 
 375:../Libraries/iLLD/TC4xx/CpuGeneric/Egtm/Std/IfxEgtm_Cmu.h **** IFX_INLINE float32 IfxEgtm_Cmu_getModuleFrequency(Ifx_EGTM *egtm)
 376:../Libraries/iLLD/TC4xx/CpuGeneric/Egtm/Std/IfxEgtm_Cmu.h **** {
 377:../Libraries/iLLD/TC4xx/CpuGeneric/Egtm/Std/IfxEgtm_Cmu.h ****     return (float32)IfxEgtm_getClusterFrequency(egtm, IfxEgtm_Cluster_0); /* CMU module frequency i
 378:../Libraries/iLLD/TC4xx/CpuGeneric/Egtm/Std/IfxEgtm_Cmu.h **** }
 379:../Libraries/iLLD/TC4xx/CpuGeneric/Egtm/Std/IfxEgtm_Cmu.h **** 
 380:../Libraries/iLLD/TC4xx/CpuGeneric/Egtm/Std/IfxEgtm_Cmu.h **** 
 381:../Libraries/iLLD/TC4xx/CpuGeneric/Egtm/Std/IfxEgtm_Cmu.h **** IFX_INLINE boolean IfxEgtm_Cmu_isClkClockEnabled(Ifx_EGTM *egtm, IfxEgtm_Cmu_Clk clkIndex)
 382:../Libraries/iLLD/TC4xx/CpuGeneric/Egtm/Std/IfxEgtm_Cmu.h **** {
 383:../Libraries/iLLD/TC4xx/CpuGeneric/Egtm/Std/IfxEgtm_Cmu.h ****     boolean enabled;
  28              	 .loc 2 383 5
 384:../Libraries/iLLD/TC4xx/CpuGeneric/Egtm/Std/IfxEgtm_Cmu.h ****     enabled = (((egtm->CLS->CMU.CLK_EN.U >> (2u * (uint8)clkIndex)) & IFX_EGTM_CLS_CMU_CLK_EN_EN_CL
  29              	 .loc 2 384 5
  30              	 .loc 2 384 39 is_stmt 0
  31 0006 19430020 	 ld.w %d3,[%a4]128
  32              	 .loc 2 384 49
  33 000a 8FF40F21 	 and %d2,%d4,255
  34 000e 0612     	 sh %d2,1
  35              	 .loc 2 384 69
  36 0010 57036222 	 extr.u %d2,%d3,%d2,2
  37              	 .loc 2 384 13
  38 0014 DF320000 	 jeq %d2,3,.L2
  39              	.LVL2:
 385:../Libraries/iLLD/TC4xx/CpuGeneric/Egtm/Std/IfxEgtm_Cmu.h ****     return enabled;
  40              	 .loc 2 385 5 is_stmt 1
  41              	.LBE156:
  42              	.LBE155:
  43              	 .loc 1 53 66 is_stmt 0
  44 0018 DF050000 	 jz %d5,.L37
  45              	.LVL3:
  46              	.L2:
  54:../Libraries/iLLD/TC4xx/CpuGeneric/Egtm/Std/IfxEgtm_Cmu.c ****     {
  55:../Libraries/iLLD/TC4xx/CpuGeneric/Egtm/Std/IfxEgtm_Cmu.c ****         switch (clkIndex)
  47              	 .loc 1 55 9 is_stmt 1
  48 001c FF840080 	 jge.u %d4,8,.L38
  49 0020 91000020 	 movh.a %a2,hi:.L5
  50 0024 D9220000 	 lea %a2,[%a2]lo:.L5
  51 0028 01240226 	 addsc.a %a2,%a2,%d4,2
  52 002c DC02     	 ji %a2
  53 002e 0000     	 .align 2
  54              	 .align 2
  55              	.L5:
  56              	 .code32
  57 0030 1D000000 	 j .L12
  58              	 .code32
  59 0034 1D000000 	 j .L11
  60              	 .code32
  61 0038 1D000000 	 j .L10
  62              	 .code32
  63 003c 1D000000 	 j .L9
  64              	 .code32
  65 0040 1D000000 	 j .L8
  66              	 .code32
  67 0044 1D000000 	 j .L7
  68              	 .code32
  69 0048 1D000000 	 j .L6
  70              	 .code32
  71 004c 1D000000 	 j .L4
  72              	.L12:
  56:../Libraries/iLLD/TC4xx/CpuGeneric/Egtm/Std/IfxEgtm_Cmu.c ****         {
  57:../Libraries/iLLD/TC4xx/CpuGeneric/Egtm/Std/IfxEgtm_Cmu.c ****         case IfxEgtm_Cmu_Clk_0:
  58:../Libraries/iLLD/TC4xx/CpuGeneric/Egtm/Std/IfxEgtm_Cmu.c ****             frequency = (float32)(IfxEgtm_Cmu_getGclkFrequency(egtm) / ((float32)egtm->CLS->CMU.CLK
  73              	 .loc 1 58 13
  74              	.LVL4:
  75              	.LBB157:
  76              	.LBB158:
 367:../Libraries/iLLD/TC4xx/CpuGeneric/Egtm/Std/IfxEgtm_Cmu.h ****     uint32  Z          = (uint32)egtm->CLS->CMU.GCLK_NUM.B.GCLK_NUM;
  77              	 .loc 2 367 5
 367:../Libraries/iLLD/TC4xx/CpuGeneric/Egtm/Std/IfxEgtm_Cmu.h ****     uint32  Z          = (uint32)egtm->CLS->CMU.GCLK_NUM.B.GCLK_NUM;
  78              	 .loc 2 367 59 is_stmt 0
  79 0050 19C30820 	 ld.w %d3,[%a12]136
  80 0054 37037830 	 extr.u %d3,%d3,0,24
  81              	.LVL5:
 368:../Libraries/iLLD/TC4xx/CpuGeneric/Egtm/Std/IfxEgtm_Cmu.h ****     float32 multiplier = (float32)((float32)N / (float32)Z);
  82              	 .loc 2 368 5 is_stmt 1
 368:../Libraries/iLLD/TC4xx/CpuGeneric/Egtm/Std/IfxEgtm_Cmu.h ****     float32 multiplier = (float32)((float32)N / (float32)Z);
  83              	 .loc 2 368 59 is_stmt 0
  84 0058 19C20420 	 ld.w %d2,[%a12]132
  85 005c 37027820 	 extr.u %d2,%d2,0,24
  86              	.LVL6:
 369:../Libraries/iLLD/TC4xx/CpuGeneric/Egtm/Std/IfxEgtm_Cmu.h **** 
  87              	 .loc 2 369 5 is_stmt 1
 369:../Libraries/iLLD/TC4xx/CpuGeneric/Egtm/Std/IfxEgtm_Cmu.h **** 
  88              	 .loc 2 369 36 is_stmt 0
  89 0060 4B036131 	 utof %d3,%d3
  90              	.LVL7:
 369:../Libraries/iLLD/TC4xx/CpuGeneric/Egtm/Std/IfxEgtm_Cmu.h **** 
  91              	 .loc 2 369 49
  92 0064 4B026121 	 utof %d2,%d2
  93              	.LVL8:
 369:../Libraries/iLLD/TC4xx/CpuGeneric/Egtm/Std/IfxEgtm_Cmu.h **** 
  94              	 .loc 2 369 13
  95 0068 4B235190 	 div.f %d9,%d3,%d2
  96              	.LVL9:
 371:../Libraries/iLLD/TC4xx/CpuGeneric/Egtm/Std/IfxEgtm_Cmu.h **** }
  97              	 .loc 2 371 5 is_stmt 1
  98              	.LBB159:
  99              	.LBB160:
 377:../Libraries/iLLD/TC4xx/CpuGeneric/Egtm/Std/IfxEgtm_Cmu.h **** }
 100              	 .loc 2 377 5
 101              	.LBB161:
 102              	.LBB162:
 103              	 .file 3 "../Libraries/iLLD/TC4xx/CpuGeneric/Egtm/Std/IfxEgtm.h"
   1:../Libraries/iLLD/TC4xx/CpuGeneric/Egtm/Std/IfxEgtm.h **** /**
   2:../Libraries/iLLD/TC4xx/CpuGeneric/Egtm/Std/IfxEgtm.h ****  * \file IfxEgtm.h
   3:../Libraries/iLLD/TC4xx/CpuGeneric/Egtm/Std/IfxEgtm.h ****  * \brief EGTM  basic functionality
   4:../Libraries/iLLD/TC4xx/CpuGeneric/Egtm/Std/IfxEgtm.h ****  * \ingroup IfxLld_Egtm
   5:../Libraries/iLLD/TC4xx/CpuGeneric/Egtm/Std/IfxEgtm.h ****  *
   6:../Libraries/iLLD/TC4xx/CpuGeneric/Egtm/Std/IfxEgtm.h ****  * \version iLLD-TC4-v2.7.0
   7:../Libraries/iLLD/TC4xx/CpuGeneric/Egtm/Std/IfxEgtm.h ****  * \copyright Copyright (c) 2026 Infineon Technologies AG. All rights reserved.
   8:../Libraries/iLLD/TC4xx/CpuGeneric/Egtm/Std/IfxEgtm.h ****  *
   9:../Libraries/iLLD/TC4xx/CpuGeneric/Egtm/Std/IfxEgtm.h ****  *
  10:../Libraries/iLLD/TC4xx/CpuGeneric/Egtm/Std/IfxEgtm.h ****  *
  11:../Libraries/iLLD/TC4xx/CpuGeneric/Egtm/Std/IfxEgtm.h ****  *                                 IMPORTANT NOTICE
  12:../Libraries/iLLD/TC4xx/CpuGeneric/Egtm/Std/IfxEgtm.h ****  *
  13:../Libraries/iLLD/TC4xx/CpuGeneric/Egtm/Std/IfxEgtm.h ****  * Infineon Technologies AG (Infineon) licenses this file to you under the
  14:../Libraries/iLLD/TC4xx/CpuGeneric/Egtm/Std/IfxEgtm.h ****  * Infineon Automotive SW Lab License v2025-01 (IFASLL). You may not use
  15:../Libraries/iLLD/TC4xx/CpuGeneric/Egtm/Std/IfxEgtm.h ****  * this file except in compliance with IFASLL.
  16:../Libraries/iLLD/TC4xx/CpuGeneric/Egtm/Std/IfxEgtm.h ****  *
  17:../Libraries/iLLD/TC4xx/CpuGeneric/Egtm/Std/IfxEgtm.h ****  * The full license text is contained in IFASLL202501.pdf delivered with this SW.
  18:../Libraries/iLLD/TC4xx/CpuGeneric/Egtm/Std/IfxEgtm.h ****  * Unless required by applicable law or agreed to in writing, software distributed
  19:../Libraries/iLLD/TC4xx/CpuGeneric/Egtm/Std/IfxEgtm.h ****  * under this license is distributed "AS IS" without any warranty or liability of any
  20:../Libraries/iLLD/TC4xx/CpuGeneric/Egtm/Std/IfxEgtm.h ****  * kind and Infineon hereby expressly disclaims any warranties or representations,
  21:../Libraries/iLLD/TC4xx/CpuGeneric/Egtm/Std/IfxEgtm.h ****  * whether express, implied, statutory or otherwise, including but not limited to
  22:../Libraries/iLLD/TC4xx/CpuGeneric/Egtm/Std/IfxEgtm.h ****  * warranties of workmanship, merchantability, fitness for a particular purpose,
  23:../Libraries/iLLD/TC4xx/CpuGeneric/Egtm/Std/IfxEgtm.h ****  * defects in the licensed items, or non-infringement of third parties'
  24:../Libraries/iLLD/TC4xx/CpuGeneric/Egtm/Std/IfxEgtm.h ****  * intellectual property rights. See the full license text for the specific
  25:../Libraries/iLLD/TC4xx/CpuGeneric/Egtm/Std/IfxEgtm.h ****  * language governing permissions and limitations under IFASLL.
  26:../Libraries/iLLD/TC4xx/CpuGeneric/Egtm/Std/IfxEgtm.h ****  *
  27:../Libraries/iLLD/TC4xx/CpuGeneric/Egtm/Std/IfxEgtm.h ****  *
  28:../Libraries/iLLD/TC4xx/CpuGeneric/Egtm/Std/IfxEgtm.h ****  * \defgroup IfxLld_Egtm_Std_Functions Functions
  29:../Libraries/iLLD/TC4xx/CpuGeneric/Egtm/Std/IfxEgtm.h ****  * \ingroup IfxLld_Egtm_Std
  30:../Libraries/iLLD/TC4xx/CpuGeneric/Egtm/Std/IfxEgtm.h ****  * \defgroup IfxLld_Egtm_Std_Enumerations Enumerations
  31:../Libraries/iLLD/TC4xx/CpuGeneric/Egtm/Std/IfxEgtm.h ****  * \ingroup IfxLld_Egtm_Std
  32:../Libraries/iLLD/TC4xx/CpuGeneric/Egtm/Std/IfxEgtm.h ****  * \defgroup IfxLld_Egtm_Std_Structures Structures
  33:../Libraries/iLLD/TC4xx/CpuGeneric/Egtm/Std/IfxEgtm.h ****  * \ingroup IfxLld_Egtm_Std
  34:../Libraries/iLLD/TC4xx/CpuGeneric/Egtm/Std/IfxEgtm.h ****  */
  35:../Libraries/iLLD/TC4xx/CpuGeneric/Egtm/Std/IfxEgtm.h **** 
  36:../Libraries/iLLD/TC4xx/CpuGeneric/Egtm/Std/IfxEgtm.h **** #ifndef IFXEGTM_H
  37:../Libraries/iLLD/TC4xx/CpuGeneric/Egtm/Std/IfxEgtm.h **** #define IFXEGTM_H 1
  38:../Libraries/iLLD/TC4xx/CpuGeneric/Egtm/Std/IfxEgtm.h **** 
  39:../Libraries/iLLD/TC4xx/CpuGeneric/Egtm/Std/IfxEgtm.h **** /******************************************************************************/
  40:../Libraries/iLLD/TC4xx/CpuGeneric/Egtm/Std/IfxEgtm.h **** /*----------------------------------Includes----------------------------------*/
  41:../Libraries/iLLD/TC4xx/CpuGeneric/Egtm/Std/IfxEgtm.h **** /******************************************************************************/
  42:../Libraries/iLLD/TC4xx/CpuGeneric/Egtm/Std/IfxEgtm.h **** 
  43:../Libraries/iLLD/TC4xx/CpuGeneric/Egtm/Std/IfxEgtm.h **** #include "_Impl/IfxEgtm_cfg.h"
  44:../Libraries/iLLD/TC4xx/CpuGeneric/Egtm/Std/IfxEgtm.h **** #include "IfxEgtm_bf.h"
  45:../Libraries/iLLD/TC4xx/CpuGeneric/Egtm/Std/IfxEgtm.h **** #include "Clock/Std/IfxClock.h"
  46:../Libraries/iLLD/TC4xx/CpuGeneric/Egtm/Std/IfxEgtm.h **** 
  47:../Libraries/iLLD/TC4xx/CpuGeneric/Egtm/Std/IfxEgtm.h **** /******************************************************************************/
  48:../Libraries/iLLD/TC4xx/CpuGeneric/Egtm/Std/IfxEgtm.h **** /*--------------------------------Enumerations--------------------------------*/
  49:../Libraries/iLLD/TC4xx/CpuGeneric/Egtm/Std/IfxEgtm.h **** /******************************************************************************/
  50:../Libraries/iLLD/TC4xx/CpuGeneric/Egtm/Std/IfxEgtm.h **** 
  51:../Libraries/iLLD/TC4xx/CpuGeneric/Egtm/Std/IfxEgtm.h **** /** \addtogroup IfxLld_Egtm_Std_Enumerations
  52:../Libraries/iLLD/TC4xx/CpuGeneric/Egtm/Std/IfxEgtm.h ****  * \{ */
  53:../Libraries/iLLD/TC4xx/CpuGeneric/Egtm/Std/IfxEgtm.h **** /** \brief Defines the operation mode for the AEI bridge
  54:../Libraries/iLLD/TC4xx/CpuGeneric/Egtm/Std/IfxEgtm.h ****  * For CLSi_AEI_BRIDGE_MODE.BRG_MODE
  55:../Libraries/iLLD/TC4xx/CpuGeneric/Egtm/Std/IfxEgtm.h ****  */
  56:../Libraries/iLLD/TC4xx/CpuGeneric/Egtm/Std/IfxEgtm.h **** typedef enum
  57:../Libraries/iLLD/TC4xx/CpuGeneric/Egtm/Std/IfxEgtm.h **** {
  58:../Libraries/iLLD/TC4xx/CpuGeneric/Egtm/Std/IfxEgtm.h ****     IfxEgtm_AeiBridgeOpMode_sync  = 0u, /**< \brief AEI bridge operates in sync_bridge mode */
  59:../Libraries/iLLD/TC4xx/CpuGeneric/Egtm/Std/IfxEgtm.h ****     IfxEgtm_AeiBridgeOpMode_async = 1u  /**< \brief AEI bridge operates in async_bridge mode */
  60:../Libraries/iLLD/TC4xx/CpuGeneric/Egtm/Std/IfxEgtm.h **** } IfxEgtm_AeiBridgeOpMode;
  61:../Libraries/iLLD/TC4xx/CpuGeneric/Egtm/Std/IfxEgtm.h **** 
  62:../Libraries/iLLD/TC4xx/CpuGeneric/Egtm/Std/IfxEgtm.h **** /** \brief Defines the cluster clock divider mode
  63:../Libraries/iLLD/TC4xx/CpuGeneric/Egtm/Std/IfxEgtm.h ****  * For CLSi_ARCH_CLK_CFG.B.CLSj_CLK_DIV
  64:../Libraries/iLLD/TC4xx/CpuGeneric/Egtm/Std/IfxEgtm.h ****  */
  65:../Libraries/iLLD/TC4xx/CpuGeneric/Egtm/Std/IfxEgtm.h **** typedef enum
  66:../Libraries/iLLD/TC4xx/CpuGeneric/Egtm/Std/IfxEgtm.h **** {
  67:../Libraries/iLLD/TC4xx/CpuGeneric/Egtm/Std/IfxEgtm.h ****     IfxEgtm_ClusterClockDiv_disable    = 0u, /**< \brief Cluster is disabled */
  68:../Libraries/iLLD/TC4xx/CpuGeneric/Egtm/Std/IfxEgtm.h ****     IfxEgtm_ClusterClockDiv_enable     = 1u, /**< \brief Cluster is enabled without clock divider *
  69:../Libraries/iLLD/TC4xx/CpuGeneric/Egtm/Std/IfxEgtm.h ****     IfxEgtm_ClusterClockDiv_enableDiv2 = 2u  /**< \brief Cluster is enabled with clock divider 2 */
  70:../Libraries/iLLD/TC4xx/CpuGeneric/Egtm/Std/IfxEgtm.h **** } IfxEgtm_ClusterClockDiv;
  71:../Libraries/iLLD/TC4xx/CpuGeneric/Egtm/Std/IfxEgtm.h **** 
  72:../Libraries/iLLD/TC4xx/CpuGeneric/Egtm/Std/IfxEgtm.h **** /** \brief Enum for EGTM interrupt modes
  73:../Libraries/iLLD/TC4xx/CpuGeneric/Egtm/Std/IfxEgtm.h ****  */
  74:../Libraries/iLLD/TC4xx/CpuGeneric/Egtm/Std/IfxEgtm.h **** typedef enum
  75:../Libraries/iLLD/TC4xx/CpuGeneric/Egtm/Std/IfxEgtm.h **** {
  76:../Libraries/iLLD/TC4xx/CpuGeneric/Egtm/Std/IfxEgtm.h ****     IfxEgtm_IrqMode_level       = 0,
  77:../Libraries/iLLD/TC4xx/CpuGeneric/Egtm/Std/IfxEgtm.h ****     IfxEgtm_IrqMode_pulse       = 1,
  78:../Libraries/iLLD/TC4xx/CpuGeneric/Egtm/Std/IfxEgtm.h ****     IfxEgtm_IrqMode_pulseNotify = 2,
  79:../Libraries/iLLD/TC4xx/CpuGeneric/Egtm/Std/IfxEgtm.h ****     IfxEgtm_IrqMode_singlePulse = 3
  80:../Libraries/iLLD/TC4xx/CpuGeneric/Egtm/Std/IfxEgtm.h **** } IfxEgtm_IrqMode;
  81:../Libraries/iLLD/TC4xx/CpuGeneric/Egtm/Std/IfxEgtm.h **** 
  82:../Libraries/iLLD/TC4xx/CpuGeneric/Egtm/Std/IfxEgtm.h **** /** \brief Enum for Msc Alt Input
  83:../Libraries/iLLD/TC4xx/CpuGeneric/Egtm/Std/IfxEgtm.h ****  */
  84:../Libraries/iLLD/TC4xx/CpuGeneric/Egtm/Std/IfxEgtm.h **** typedef enum
  85:../Libraries/iLLD/TC4xx/CpuGeneric/Egtm/Std/IfxEgtm.h **** {
  86:../Libraries/iLLD/TC4xx/CpuGeneric/Egtm/Std/IfxEgtm.h ****     IfxEgtm_MscAltInput_low     = 0,
  87:../Libraries/iLLD/TC4xx/CpuGeneric/Egtm/Std/IfxEgtm.h ****     IfxEgtm_MscAltInput_lowext  = 1,
  88:../Libraries/iLLD/TC4xx/CpuGeneric/Egtm/Std/IfxEgtm.h ****     IfxEgtm_MscAltInput_high    = 2,
  89:../Libraries/iLLD/TC4xx/CpuGeneric/Egtm/Std/IfxEgtm.h ****     IfxEgtm_MscAltInput_highext = 3
  90:../Libraries/iLLD/TC4xx/CpuGeneric/Egtm/Std/IfxEgtm.h **** } IfxEgtm_MscAltInput;
  91:../Libraries/iLLD/TC4xx/CpuGeneric/Egtm/Std/IfxEgtm.h **** 
  92:../Libraries/iLLD/TC4xx/CpuGeneric/Egtm/Std/IfxEgtm.h **** /** \brief OCDS Suspend Control (OCDS.SUS)
  93:../Libraries/iLLD/TC4xx/CpuGeneric/Egtm/Std/IfxEgtm.h ****  */
  94:../Libraries/iLLD/TC4xx/CpuGeneric/Egtm/Std/IfxEgtm.h **** typedef enum
  95:../Libraries/iLLD/TC4xx/CpuGeneric/Egtm/Std/IfxEgtm.h **** {
  96:../Libraries/iLLD/TC4xx/CpuGeneric/Egtm/Std/IfxEgtm.h ****     IfxEgtm_SuspendMode_none = 0,  /**< \brief No suspend */
  97:../Libraries/iLLD/TC4xx/CpuGeneric/Egtm/Std/IfxEgtm.h ****     IfxEgtm_SuspendMode_hard = 1,  /**< \brief Hard Suspend */
  98:../Libraries/iLLD/TC4xx/CpuGeneric/Egtm/Std/IfxEgtm.h ****     IfxEgtm_SuspendMode_soft = 2   /**< \brief Soft Suspend */
  99:../Libraries/iLLD/TC4xx/CpuGeneric/Egtm/Std/IfxEgtm.h **** } IfxEgtm_SuspendMode;
 100:../Libraries/iLLD/TC4xx/CpuGeneric/Egtm/Std/IfxEgtm.h **** 
 101:../Libraries/iLLD/TC4xx/CpuGeneric/Egtm/Std/IfxEgtm.h **** /** \} */
 102:../Libraries/iLLD/TC4xx/CpuGeneric/Egtm/Std/IfxEgtm.h **** 
 103:../Libraries/iLLD/TC4xx/CpuGeneric/Egtm/Std/IfxEgtm.h **** /******************************************************************************/
 104:../Libraries/iLLD/TC4xx/CpuGeneric/Egtm/Std/IfxEgtm.h **** /*-----------------------------Data Structures--------------------------------*/
 105:../Libraries/iLLD/TC4xx/CpuGeneric/Egtm/Std/IfxEgtm.h **** /******************************************************************************/
 106:../Libraries/iLLD/TC4xx/CpuGeneric/Egtm/Std/IfxEgtm.h **** 
 107:../Libraries/iLLD/TC4xx/CpuGeneric/Egtm/Std/IfxEgtm.h **** /** \addtogroup IfxLld_Egtm_Std_Structures
 108:../Libraries/iLLD/TC4xx/CpuGeneric/Egtm/Std/IfxEgtm.h ****  * \{ */
 109:../Libraries/iLLD/TC4xx/CpuGeneric/Egtm/Std/IfxEgtm.h **** /** \brief Cluster PROT and APU configuration
 110:../Libraries/iLLD/TC4xx/CpuGeneric/Egtm/Std/IfxEgtm.h ****  */
 111:../Libraries/iLLD/TC4xx/CpuGeneric/Egtm/Std/IfxEgtm.h **** typedef struct
 112:../Libraries/iLLD/TC4xx/CpuGeneric/Egtm/Std/IfxEgtm.h **** {
 113:../Libraries/iLLD/TC4xx/CpuGeneric/Egtm/Std/IfxEgtm.h ****     IfxApApu_ApuConfig apuConfig;       /**< \brief APU configuration */
 114:../Libraries/iLLD/TC4xx/CpuGeneric/Egtm/Std/IfxEgtm.h **** } IfxEgtm_ClApConfig;
 115:../Libraries/iLLD/TC4xx/CpuGeneric/Egtm/Std/IfxEgtm.h **** 
 116:../Libraries/iLLD/TC4xx/CpuGeneric/Egtm/Std/IfxEgtm.h **** /** \brief CTRL PROT and APU configuration
 117:../Libraries/iLLD/TC4xx/CpuGeneric/Egtm/Std/IfxEgtm.h ****  */
 118:../Libraries/iLLD/TC4xx/CpuGeneric/Egtm/Std/IfxEgtm.h **** typedef struct
 119:../Libraries/iLLD/TC4xx/CpuGeneric/Egtm/Std/IfxEgtm.h **** {
 120:../Libraries/iLLD/TC4xx/CpuGeneric/Egtm/Std/IfxEgtm.h ****     IfxApProt_ProtConfig proteConfig;       /**< \brief PROTE configuration */
 121:../Libraries/iLLD/TC4xx/CpuGeneric/Egtm/Std/IfxEgtm.h ****     IfxApApu_ApuConfig   apuConfig;         /**< \brief APU configuration */
 122:../Libraries/iLLD/TC4xx/CpuGeneric/Egtm/Std/IfxEgtm.h **** } IfxEgtm_CtrlApConfig;
 123:../Libraries/iLLD/TC4xx/CpuGeneric/Egtm/Std/IfxEgtm.h **** 
 124:../Libraries/iLLD/TC4xx/CpuGeneric/Egtm/Std/IfxEgtm.h **** /** \brief Wrap PROT and APU configuration
 125:../Libraries/iLLD/TC4xx/CpuGeneric/Egtm/Std/IfxEgtm.h ****  */
 126:../Libraries/iLLD/TC4xx/CpuGeneric/Egtm/Std/IfxEgtm.h **** typedef struct
 127:../Libraries/iLLD/TC4xx/CpuGeneric/Egtm/Std/IfxEgtm.h **** {
 128:../Libraries/iLLD/TC4xx/CpuGeneric/Egtm/Std/IfxEgtm.h ****     IfxApApu_ApuConfig apuConfig;       /**< \brief APU configuration */
 129:../Libraries/iLLD/TC4xx/CpuGeneric/Egtm/Std/IfxEgtm.h **** } IfxEgtm_WrapApConfig;
 130:../Libraries/iLLD/TC4xx/CpuGeneric/Egtm/Std/IfxEgtm.h **** 
 131:../Libraries/iLLD/TC4xx/CpuGeneric/Egtm/Std/IfxEgtm.h **** /** \} */
 132:../Libraries/iLLD/TC4xx/CpuGeneric/Egtm/Std/IfxEgtm.h **** 
 133:../Libraries/iLLD/TC4xx/CpuGeneric/Egtm/Std/IfxEgtm.h **** /** \addtogroup IfxLld_Egtm_Std_Structures
 134:../Libraries/iLLD/TC4xx/CpuGeneric/Egtm/Std/IfxEgtm.h ****  * \{ */
 135:../Libraries/iLLD/TC4xx/CpuGeneric/Egtm/Std/IfxEgtm.h **** /** \brief PROT and APU configuration for GTM
 136:../Libraries/iLLD/TC4xx/CpuGeneric/Egtm/Std/IfxEgtm.h ****  */
 137:../Libraries/iLLD/TC4xx/CpuGeneric/Egtm/Std/IfxEgtm.h **** typedef struct
 138:../Libraries/iLLD/TC4xx/CpuGeneric/Egtm/Std/IfxEgtm.h **** {
 139:../Libraries/iLLD/TC4xx/CpuGeneric/Egtm/Std/IfxEgtm.h ****     IfxApProt_ProtConfig protseConfig;                              /**< \brief PROTSE configuratio
 140:../Libraries/iLLD/TC4xx/CpuGeneric/Egtm/Std/IfxEgtm.h ****     IfxEgtm_ClApConfig   clApConfig[IFXEGTM_NUM_CCM_OBJECTS];       /**< \brief Cluster APU configu
 141:../Libraries/iLLD/TC4xx/CpuGeneric/Egtm/Std/IfxEgtm.h ****     IfxEgtm_CtrlApConfig ctrlApConfig;                              /**< \brief Ctrl PROT and APU c
 142:../Libraries/iLLD/TC4xx/CpuGeneric/Egtm/Std/IfxEgtm.h ****     IfxEgtm_WrapApConfig wrapApConfig;                              /**< \brief Wrap APU configurat
 143:../Libraries/iLLD/TC4xx/CpuGeneric/Egtm/Std/IfxEgtm.h **** } IfxEgtm_ApConfig;
 144:../Libraries/iLLD/TC4xx/CpuGeneric/Egtm/Std/IfxEgtm.h **** 
 145:../Libraries/iLLD/TC4xx/CpuGeneric/Egtm/Std/IfxEgtm.h **** /** \brief MSc configuration Structure
 146:../Libraries/iLLD/TC4xx/CpuGeneric/Egtm/Std/IfxEgtm.h ****  */
 147:../Libraries/iLLD/TC4xx/CpuGeneric/Egtm/Std/IfxEgtm.h **** typedef struct
 148:../Libraries/iLLD/TC4xx/CpuGeneric/Egtm/Std/IfxEgtm.h **** {
 149:../Libraries/iLLD/TC4xx/CpuGeneric/Egtm/Std/IfxEgtm.h ****     IfxEgtm_Cfg_MscSet       mscSet;             /**< \brief MSC set value */
 150:../Libraries/iLLD/TC4xx/CpuGeneric/Egtm/Std/IfxEgtm.h ****     IfxEgtm_Cfg_MscSetSignal mscSetSignal;       /**< \brief MSC set signal */
 151:../Libraries/iLLD/TC4xx/CpuGeneric/Egtm/Std/IfxEgtm.h ****     IfxEgtm_Cfg_MscModule    mscModule;          /**< \brief MSC Module */
 152:../Libraries/iLLD/TC4xx/CpuGeneric/Egtm/Std/IfxEgtm.h ****     IfxEgtm_Cfg_MscSelect    mscSelect;          /**< \brief MSC Select */
 153:../Libraries/iLLD/TC4xx/CpuGeneric/Egtm/Std/IfxEgtm.h ****     IfxEgtm_MscAltInput      mscAltIn;           /**< \brief MSC Alt Input selection */
 154:../Libraries/iLLD/TC4xx/CpuGeneric/Egtm/Std/IfxEgtm.h **** } IfxEgtm_MscOut;
 155:../Libraries/iLLD/TC4xx/CpuGeneric/Egtm/Std/IfxEgtm.h **** 
 156:../Libraries/iLLD/TC4xx/CpuGeneric/Egtm/Std/IfxEgtm.h **** /** \} */
 157:../Libraries/iLLD/TC4xx/CpuGeneric/Egtm/Std/IfxEgtm.h **** 
 158:../Libraries/iLLD/TC4xx/CpuGeneric/Egtm/Std/IfxEgtm.h **** /** \addtogroup IfxLld_Egtm_Std_Functions
 159:../Libraries/iLLD/TC4xx/CpuGeneric/Egtm/Std/IfxEgtm.h ****  * \{ */
 160:../Libraries/iLLD/TC4xx/CpuGeneric/Egtm/Std/IfxEgtm.h **** 
 161:../Libraries/iLLD/TC4xx/CpuGeneric/Egtm/Std/IfxEgtm.h **** /******************************************************************************/
 162:../Libraries/iLLD/TC4xx/CpuGeneric/Egtm/Std/IfxEgtm.h **** /*-------------------------Inline Function Prototypes-------------------------*/
 163:../Libraries/iLLD/TC4xx/CpuGeneric/Egtm/Std/IfxEgtm.h **** /******************************************************************************/
 164:../Libraries/iLLD/TC4xx/CpuGeneric/Egtm/Std/IfxEgtm.h **** 
 165:../Libraries/iLLD/TC4xx/CpuGeneric/Egtm/Std/IfxEgtm.h **** /** \brief Disables the module
 166:../Libraries/iLLD/TC4xx/CpuGeneric/Egtm/Std/IfxEgtm.h ****  *
 167:../Libraries/iLLD/TC4xx/CpuGeneric/Egtm/Std/IfxEgtm.h ****  * \param[inout] egtm Pointer to EGTM module
 168:../Libraries/iLLD/TC4xx/CpuGeneric/Egtm/Std/IfxEgtm.h ****  *
 169:../Libraries/iLLD/TC4xx/CpuGeneric/Egtm/Std/IfxEgtm.h ****  * \retval None
 170:../Libraries/iLLD/TC4xx/CpuGeneric/Egtm/Std/IfxEgtm.h ****  */
 171:../Libraries/iLLD/TC4xx/CpuGeneric/Egtm/Std/IfxEgtm.h **** IFX_INLINE void IfxEgtm_disable(Ifx_EGTM *egtm);
 172:../Libraries/iLLD/TC4xx/CpuGeneric/Egtm/Std/IfxEgtm.h **** 
 173:../Libraries/iLLD/TC4xx/CpuGeneric/Egtm/Std/IfxEgtm.h **** /** \brief Enables the module
 174:../Libraries/iLLD/TC4xx/CpuGeneric/Egtm/Std/IfxEgtm.h ****  *
 175:../Libraries/iLLD/TC4xx/CpuGeneric/Egtm/Std/IfxEgtm.h ****  * \param[inout] egtm Pointer to EGTM module
 176:../Libraries/iLLD/TC4xx/CpuGeneric/Egtm/Std/IfxEgtm.h ****  *
 177:../Libraries/iLLD/TC4xx/CpuGeneric/Egtm/Std/IfxEgtm.h ****  * \retval None
 178:../Libraries/iLLD/TC4xx/CpuGeneric/Egtm/Std/IfxEgtm.h ****  */
 179:../Libraries/iLLD/TC4xx/CpuGeneric/Egtm/Std/IfxEgtm.h **** IFX_INLINE void IfxEgtm_enable(Ifx_EGTM *egtm);
 180:../Libraries/iLLD/TC4xx/CpuGeneric/Egtm/Std/IfxEgtm.h **** 
 181:../Libraries/iLLD/TC4xx/CpuGeneric/Egtm/Std/IfxEgtm.h **** /** \brief Returns the status of module enabled or disabled
 182:../Libraries/iLLD/TC4xx/CpuGeneric/Egtm/Std/IfxEgtm.h ****  *
 183:../Libraries/iLLD/TC4xx/CpuGeneric/Egtm/Std/IfxEgtm.h ****  * \param[in] egtm Pointer to EGTM module
 184:../Libraries/iLLD/TC4xx/CpuGeneric/Egtm/Std/IfxEgtm.h ****  *
 185:../Libraries/iLLD/TC4xx/CpuGeneric/Egtm/Std/IfxEgtm.h ****  * \retval Range: TRUE: Off: module is not clocked
 186:../Libraries/iLLD/TC4xx/CpuGeneric/Egtm/Std/IfxEgtm.h ****  *                FALSE: Module clock is enabled
 187:../Libraries/iLLD/TC4xx/CpuGeneric/Egtm/Std/IfxEgtm.h ****  */
 188:../Libraries/iLLD/TC4xx/CpuGeneric/Egtm/Std/IfxEgtm.h **** IFX_INLINE boolean IfxEgtm_isEnabled(Ifx_EGTM *egtm);
 189:../Libraries/iLLD/TC4xx/CpuGeneric/Egtm/Std/IfxEgtm.h **** 
 190:../Libraries/iLLD/TC4xx/CpuGeneric/Egtm/Std/IfxEgtm.h **** /** \brief Returns the module's suspend state.
 191:../Libraries/iLLD/TC4xx/CpuGeneric/Egtm/Std/IfxEgtm.h ****  * TRUE :if module is suspended.
 192:../Libraries/iLLD/TC4xx/CpuGeneric/Egtm/Std/IfxEgtm.h ****  * FALSE:if module is not yet suspended.
 193:../Libraries/iLLD/TC4xx/CpuGeneric/Egtm/Std/IfxEgtm.h ****  *
 194:../Libraries/iLLD/TC4xx/CpuGeneric/Egtm/Std/IfxEgtm.h ****  * \param[in] egtm Pointer to EGTM module registers
 195:../Libraries/iLLD/TC4xx/CpuGeneric/Egtm/Std/IfxEgtm.h ****  *
 196:../Libraries/iLLD/TC4xx/CpuGeneric/Egtm/Std/IfxEgtm.h ****  * \retval Range: TRUE: Module is suspended
 197:../Libraries/iLLD/TC4xx/CpuGeneric/Egtm/Std/IfxEgtm.h ****  *                FALSE: Module is not (yet) suspended
 198:../Libraries/iLLD/TC4xx/CpuGeneric/Egtm/Std/IfxEgtm.h ****  */
 199:../Libraries/iLLD/TC4xx/CpuGeneric/Egtm/Std/IfxEgtm.h **** IFX_INLINE boolean IfxEgtm_isModuleSuspended(Ifx_EGTM *egtm);
 200:../Libraries/iLLD/TC4xx/CpuGeneric/Egtm/Std/IfxEgtm.h **** 
 201:../Libraries/iLLD/TC4xx/CpuGeneric/Egtm/Std/IfxEgtm.h **** /** \brief Configure the Module to Hard/Soft suspend mode.
 202:../Libraries/iLLD/TC4xx/CpuGeneric/Egtm/Std/IfxEgtm.h ****  * Note: The api works only when the OCDS is enabled and in Supervisor Mode. When OCDS is disabled 
 203:../Libraries/iLLD/TC4xx/CpuGeneric/Egtm/Std/IfxEgtm.h ****  *
 204:../Libraries/iLLD/TC4xx/CpuGeneric/Egtm/Std/IfxEgtm.h ****  * \param[inout] egtm Pointer to EGTM module registers
 205:../Libraries/iLLD/TC4xx/CpuGeneric/Egtm/Std/IfxEgtm.h ****  * \param[in]    mode Module suspend mode
 206:../Libraries/iLLD/TC4xx/CpuGeneric/Egtm/Std/IfxEgtm.h ****  *                    Range: \ref: IfxEgtm_SuspendMode
 207:../Libraries/iLLD/TC4xx/CpuGeneric/Egtm/Std/IfxEgtm.h ****  *
 208:../Libraries/iLLD/TC4xx/CpuGeneric/Egtm/Std/IfxEgtm.h ****  * \retval None
 209:../Libraries/iLLD/TC4xx/CpuGeneric/Egtm/Std/IfxEgtm.h ****  */
 210:../Libraries/iLLD/TC4xx/CpuGeneric/Egtm/Std/IfxEgtm.h **** IFX_INLINE void IfxEgtm_setSuspendMode(Ifx_EGTM *egtm, IfxEgtm_SuspendMode mode);
 211:../Libraries/iLLD/TC4xx/CpuGeneric/Egtm/Std/IfxEgtm.h **** 
 212:../Libraries/iLLD/TC4xx/CpuGeneric/Egtm/Std/IfxEgtm.h **** /** \brief returns the EGTM SYSCLK frequency.
 213:../Libraries/iLLD/TC4xx/CpuGeneric/Egtm/Std/IfxEgtm.h ****  * Refer to the Clock distribution for details on EGTM SYS CLK.
 214:../Libraries/iLLD/TC4xx/CpuGeneric/Egtm/Std/IfxEgtm.h ****  *
 215:../Libraries/iLLD/TC4xx/CpuGeneric/Egtm/Std/IfxEgtm.h ****  * \retval sysFreq
 216:../Libraries/iLLD/TC4xx/CpuGeneric/Egtm/Std/IfxEgtm.h ****  */
 217:../Libraries/iLLD/TC4xx/CpuGeneric/Egtm/Std/IfxEgtm.h **** IFX_INLINE uint32 IfxEgtm_getSysClkFrequency(void);
 218:../Libraries/iLLD/TC4xx/CpuGeneric/Egtm/Std/IfxEgtm.h **** 
 219:../Libraries/iLLD/TC4xx/CpuGeneric/Egtm/Std/IfxEgtm.h **** /** \brief returns the cluster frequency of the EGTM cluster.
 220:../Libraries/iLLD/TC4xx/CpuGeneric/Egtm/Std/IfxEgtm.h ****  * If the cluster is disabled, then it will return 0 as frequency.
 221:../Libraries/iLLD/TC4xx/CpuGeneric/Egtm/Std/IfxEgtm.h ****  *
 222:../Libraries/iLLD/TC4xx/CpuGeneric/Egtm/Std/IfxEgtm.h ****  * \param[in] egtm    Pointer to egtm device
 223:../Libraries/iLLD/TC4xx/CpuGeneric/Egtm/Std/IfxEgtm.h ****  * \param[in] cluster Index of cluster
 224:../Libraries/iLLD/TC4xx/CpuGeneric/Egtm/Std/IfxEgtm.h ****  *                    Range: \ref: IfxEgtm_Cluster
 225:../Libraries/iLLD/TC4xx/CpuGeneric/Egtm/Std/IfxEgtm.h ****  *
 226:../Libraries/iLLD/TC4xx/CpuGeneric/Egtm/Std/IfxEgtm.h ****  * \retval cluster frequency
 227:../Libraries/iLLD/TC4xx/CpuGeneric/Egtm/Std/IfxEgtm.h ****  * Range: 0 to 0xFFFFFFFF
 228:../Libraries/iLLD/TC4xx/CpuGeneric/Egtm/Std/IfxEgtm.h ****  */
 229:../Libraries/iLLD/TC4xx/CpuGeneric/Egtm/Std/IfxEgtm.h **** IFX_INLINE uint32 IfxEgtm_getClusterFrequency(Ifx_EGTM *egtm, IfxEgtm_Cluster cluster);
 230:../Libraries/iLLD/TC4xx/CpuGeneric/Egtm/Std/IfxEgtm.h **** 
 231:../Libraries/iLLD/TC4xx/CpuGeneric/Egtm/Std/IfxEgtm.h **** /** \brief Convert timer ticks to seconds
 232:../Libraries/iLLD/TC4xx/CpuGeneric/Egtm/Std/IfxEgtm.h ****  *
 233:../Libraries/iLLD/TC4xx/CpuGeneric/Egtm/Std/IfxEgtm.h ****  * \param[in] clockFreq Timer clock frequency
 234:../Libraries/iLLD/TC4xx/CpuGeneric/Egtm/Std/IfxEgtm.h ****  * \param[in] ticks     Ticks time value in ticks to be converted
 235:../Libraries/iLLD/TC4xx/CpuGeneric/Egtm/Std/IfxEgtm.h ****  *
 236:../Libraries/iLLD/TC4xx/CpuGeneric/Egtm/Std/IfxEgtm.h ****  * \retval Return the converted time in s
 237:../Libraries/iLLD/TC4xx/CpuGeneric/Egtm/Std/IfxEgtm.h ****  */
 238:../Libraries/iLLD/TC4xx/CpuGeneric/Egtm/Std/IfxEgtm.h **** IFX_INLINE float32 IfxEgtm_tickToS(float32 clockFreq, uint32 ticks);
 239:../Libraries/iLLD/TC4xx/CpuGeneric/Egtm/Std/IfxEgtm.h **** 
 240:../Libraries/iLLD/TC4xx/CpuGeneric/Egtm/Std/IfxEgtm.h **** /** \brief Convert seconds to timer ticks
 241:../Libraries/iLLD/TC4xx/CpuGeneric/Egtm/Std/IfxEgtm.h ****  *
 242:../Libraries/iLLD/TC4xx/CpuGeneric/Egtm/Std/IfxEgtm.h ****  * \param[in] clockFreq Timer clock frequency
 243:../Libraries/iLLD/TC4xx/CpuGeneric/Egtm/Std/IfxEgtm.h ****  * \param[in] seconds   Seconds time value in seconds to be converted
 244:../Libraries/iLLD/TC4xx/CpuGeneric/Egtm/Std/IfxEgtm.h ****  *
 245:../Libraries/iLLD/TC4xx/CpuGeneric/Egtm/Std/IfxEgtm.h ****  * \retval Return the converted time in timer ticks
 246:../Libraries/iLLD/TC4xx/CpuGeneric/Egtm/Std/IfxEgtm.h ****  * Range: 0 to 0xFFFFFFFF
 247:../Libraries/iLLD/TC4xx/CpuGeneric/Egtm/Std/IfxEgtm.h ****  */
 248:../Libraries/iLLD/TC4xx/CpuGeneric/Egtm/Std/IfxEgtm.h **** IFX_INLINE uint32 IfxEgtm_sToTick(float32 clockFreq, float32 seconds);
 249:../Libraries/iLLD/TC4xx/CpuGeneric/Egtm/Std/IfxEgtm.h **** 
 250:../Libraries/iLLD/TC4xx/CpuGeneric/Egtm/Std/IfxEgtm.h **** /** \brief Initialize the PORT Safe Endinit
 251:../Libraries/iLLD/TC4xx/CpuGeneric/Egtm/Std/IfxEgtm.h ****  *
 252:../Libraries/iLLD/TC4xx/CpuGeneric/Egtm/Std/IfxEgtm.h ****  * \param[inout] egtm         Pointer to EGTM module
 253:../Libraries/iLLD/TC4xx/CpuGeneric/Egtm/Std/IfxEgtm.h ****  * \param[in]    protseConfig Configuration pointer for the Prot
 254:../Libraries/iLLD/TC4xx/CpuGeneric/Egtm/Std/IfxEgtm.h ****  *
 255:../Libraries/iLLD/TC4xx/CpuGeneric/Egtm/Std/IfxEgtm.h ****  * \retval None
 256:../Libraries/iLLD/TC4xx/CpuGeneric/Egtm/Std/IfxEgtm.h ****  */
 257:../Libraries/iLLD/TC4xx/CpuGeneric/Egtm/Std/IfxEgtm.h **** IFX_INLINE void IfxEgtm_initProtSe(Ifx_EGTM *egtm, IfxApProt_ProtConfig *protseConfig);
 258:../Libraries/iLLD/TC4xx/CpuGeneric/Egtm/Std/IfxEgtm.h **** 
 259:../Libraries/iLLD/TC4xx/CpuGeneric/Egtm/Std/IfxEgtm.h **** /** \brief Initialize the PORTE for Control logic
 260:../Libraries/iLLD/TC4xx/CpuGeneric/Egtm/Std/IfxEgtm.h ****  *
 261:../Libraries/iLLD/TC4xx/CpuGeneric/Egtm/Std/IfxEgtm.h ****  * \param[inout] egtm            Pointer to EGTM module
 262:../Libraries/iLLD/TC4xx/CpuGeneric/Egtm/Std/IfxEgtm.h ****  * \param[in]    ctrlProteConfig Configuration pointer for the Prot
 263:../Libraries/iLLD/TC4xx/CpuGeneric/Egtm/Std/IfxEgtm.h ****  *
 264:../Libraries/iLLD/TC4xx/CpuGeneric/Egtm/Std/IfxEgtm.h ****  * \retval None
 265:../Libraries/iLLD/TC4xx/CpuGeneric/Egtm/Std/IfxEgtm.h ****  */
 266:../Libraries/iLLD/TC4xx/CpuGeneric/Egtm/Std/IfxEgtm.h **** IFX_INLINE void IfxEgtm_initCtrlProt(Ifx_EGTM *egtm, IfxApProt_ProtConfig *ctrlProteConfig);
 267:../Libraries/iLLD/TC4xx/CpuGeneric/Egtm/Std/IfxEgtm.h **** 
 268:../Libraries/iLLD/TC4xx/CpuGeneric/Egtm/Std/IfxEgtm.h **** /** \brief Initialize the APU for the GTM Cluster
 269:../Libraries/iLLD/TC4xx/CpuGeneric/Egtm/Std/IfxEgtm.h ****  *
 270:../Libraries/iLLD/TC4xx/CpuGeneric/Egtm/Std/IfxEgtm.h ****  * \param[inout] egtm        Pointer to EGTM module
 271:../Libraries/iLLD/TC4xx/CpuGeneric/Egtm/Std/IfxEgtm.h ****  * \param[in]    cluster     Cluster index of GTM
 272:../Libraries/iLLD/TC4xx/CpuGeneric/Egtm/Std/IfxEgtm.h ****  *                           Range: \ref: IfxEgtm_Cluster
 273:../Libraries/iLLD/TC4xx/CpuGeneric/Egtm/Std/IfxEgtm.h ****  * \param[in]    clApuConfig Configuration pointer for the Apu
 274:../Libraries/iLLD/TC4xx/CpuGeneric/Egtm/Std/IfxEgtm.h ****  *
 275:../Libraries/iLLD/TC4xx/CpuGeneric/Egtm/Std/IfxEgtm.h ****  * \retval None
 276:../Libraries/iLLD/TC4xx/CpuGeneric/Egtm/Std/IfxEgtm.h ****  */
 277:../Libraries/iLLD/TC4xx/CpuGeneric/Egtm/Std/IfxEgtm.h **** IFX_INLINE void IfxEgtm_initClApu(Ifx_EGTM *egtm, IfxEgtm_Cluster cluster, IfxApApu_ApuConfig *clAp
 278:../Libraries/iLLD/TC4xx/CpuGeneric/Egtm/Std/IfxEgtm.h **** 
 279:../Libraries/iLLD/TC4xx/CpuGeneric/Egtm/Std/IfxEgtm.h **** /** \brief Initialize the APU for Control logic
 280:../Libraries/iLLD/TC4xx/CpuGeneric/Egtm/Std/IfxEgtm.h ****  *
 281:../Libraries/iLLD/TC4xx/CpuGeneric/Egtm/Std/IfxEgtm.h ****  * \param[inout] egtm         Pointer to EGTM module
 282:../Libraries/iLLD/TC4xx/CpuGeneric/Egtm/Std/IfxEgtm.h ****  * \param[in]   ctrlApuConfig Configuration pointer for the Apu
 283:../Libraries/iLLD/TC4xx/CpuGeneric/Egtm/Std/IfxEgtm.h ****  *
 284:../Libraries/iLLD/TC4xx/CpuGeneric/Egtm/Std/IfxEgtm.h ****  * \retval None
 285:../Libraries/iLLD/TC4xx/CpuGeneric/Egtm/Std/IfxEgtm.h ****  */
 286:../Libraries/iLLD/TC4xx/CpuGeneric/Egtm/Std/IfxEgtm.h **** IFX_INLINE void IfxEgtm_initCtrlApu(Ifx_EGTM *egtm, IfxApApu_ApuConfig *ctrlApuConfig);
 287:../Libraries/iLLD/TC4xx/CpuGeneric/Egtm/Std/IfxEgtm.h **** 
 288:../Libraries/iLLD/TC4xx/CpuGeneric/Egtm/Std/IfxEgtm.h **** /** \brief Initialize the APU for Wrap logic
 289:../Libraries/iLLD/TC4xx/CpuGeneric/Egtm/Std/IfxEgtm.h ****  *
 290:../Libraries/iLLD/TC4xx/CpuGeneric/Egtm/Std/IfxEgtm.h ****  * \param[inout] egtm          Pointer to EGTM module
 291:../Libraries/iLLD/TC4xx/CpuGeneric/Egtm/Std/IfxEgtm.h ****  * \param[in]    wrapApuConfig Configuration pointer for the Apu
 292:../Libraries/iLLD/TC4xx/CpuGeneric/Egtm/Std/IfxEgtm.h ****  *
 293:../Libraries/iLLD/TC4xx/CpuGeneric/Egtm/Std/IfxEgtm.h ****  * \retval None
 294:../Libraries/iLLD/TC4xx/CpuGeneric/Egtm/Std/IfxEgtm.h ****  */
 295:../Libraries/iLLD/TC4xx/CpuGeneric/Egtm/Std/IfxEgtm.h **** IFX_INLINE void IfxEgtm_initWrapApu(Ifx_EGTM *egtm, IfxApApu_ApuConfig *wrapApuConfig);
 296:../Libraries/iLLD/TC4xx/CpuGeneric/Egtm/Std/IfxEgtm.h **** 
 297:../Libraries/iLLD/TC4xx/CpuGeneric/Egtm/Std/IfxEgtm.h **** /** \brief Configure Cluster with clock divider
 298:../Libraries/iLLD/TC4xx/CpuGeneric/Egtm/Std/IfxEgtm.h ****  *
 299:../Libraries/iLLD/TC4xx/CpuGeneric/Egtm/Std/IfxEgtm.h ****  * \param[inout] cluster      Cluster of GTM which need to be set
 300:../Libraries/iLLD/TC4xx/CpuGeneric/Egtm/Std/IfxEgtm.h ****  * \param[in]    clockDivider Choose the cluster clock divider mode
 301:../Libraries/iLLD/TC4xx/CpuGeneric/Egtm/Std/IfxEgtm.h ****  *                            Range: \ref: IfxEgtm_ClusterClockDiv
 302:../Libraries/iLLD/TC4xx/CpuGeneric/Egtm/Std/IfxEgtm.h ****  *
 303:../Libraries/iLLD/TC4xx/CpuGeneric/Egtm/Std/IfxEgtm.h ****  * \retval Operation status (TRUE / FALSE)
 304:../Libraries/iLLD/TC4xx/CpuGeneric/Egtm/Std/IfxEgtm.h ****  */
 305:../Libraries/iLLD/TC4xx/CpuGeneric/Egtm/Std/IfxEgtm.h **** IFX_INLINE boolean IfxEgtm_setClusterClockDiv(IfxEgtm_Cluster cluster, IfxEgtm_ClusterClockDiv cloc
 306:../Libraries/iLLD/TC4xx/CpuGeneric/Egtm/Std/IfxEgtm.h **** 
 307:../Libraries/iLLD/TC4xx/CpuGeneric/Egtm/Std/IfxEgtm.h **** /** \brief Disable clock of cluster
 308:../Libraries/iLLD/TC4xx/CpuGeneric/Egtm/Std/IfxEgtm.h ****  *
 309:../Libraries/iLLD/TC4xx/CpuGeneric/Egtm/Std/IfxEgtm.h ****  * \param[in] cluster Cluster of GTM which need to be cleared
 310:../Libraries/iLLD/TC4xx/CpuGeneric/Egtm/Std/IfxEgtm.h ****  *                    Range: \ref: IfxEgtm_Cluster
 311:../Libraries/iLLD/TC4xx/CpuGeneric/Egtm/Std/IfxEgtm.h ****  *
 312:../Libraries/iLLD/TC4xx/CpuGeneric/Egtm/Std/IfxEgtm.h ****  * \retval Operation status (TRUE / FALSE)
 313:../Libraries/iLLD/TC4xx/CpuGeneric/Egtm/Std/IfxEgtm.h ****  */
 314:../Libraries/iLLD/TC4xx/CpuGeneric/Egtm/Std/IfxEgtm.h **** IFX_INLINE boolean IfxEgtm_clearClusterClockDiv(IfxEgtm_Cluster cluster);
 315:../Libraries/iLLD/TC4xx/CpuGeneric/Egtm/Std/IfxEgtm.h **** 
 316:../Libraries/iLLD/TC4xx/CpuGeneric/Egtm/Std/IfxEgtm.h **** /** \brief set or clear Rf Prot bit
 317:../Libraries/iLLD/TC4xx/CpuGeneric/Egtm/Std/IfxEgtm.h ****  *
 318:../Libraries/iLLD/TC4xx/CpuGeneric/Egtm/Std/IfxEgtm.h ****  * \param[in] value Value to be set for the RF PORT bit
 319:../Libraries/iLLD/TC4xx/CpuGeneric/Egtm/Std/IfxEgtm.h ****  *                  Range: TRUE: SW RST (global), SW interrupt FORCINT, and SW RAM reset functional
 320:../Libraries/iLLD/TC4xx/CpuGeneric/Egtm/Std/IfxEgtm.h ****  *                         FALSE: SW RST (global), SW interrupt FORCINT, and SW RAM reset functiona
 321:../Libraries/iLLD/TC4xx/CpuGeneric/Egtm/Std/IfxEgtm.h ****  *
 322:../Libraries/iLLD/TC4xx/CpuGeneric/Egtm/Std/IfxEgtm.h ****  * \retval None
 323:../Libraries/iLLD/TC4xx/CpuGeneric/Egtm/Std/IfxEgtm.h ****  */
 324:../Libraries/iLLD/TC4xx/CpuGeneric/Egtm/Std/IfxEgtm.h **** IFX_INLINE void IfxEgtm_setResetProtection(boolean value);
 325:../Libraries/iLLD/TC4xx/CpuGeneric/Egtm/Std/IfxEgtm.h **** 
 326:../Libraries/iLLD/TC4xx/CpuGeneric/Egtm/Std/IfxEgtm.h **** /** \brief get the status of Rf Prot bit
 327:../Libraries/iLLD/TC4xx/CpuGeneric/Egtm/Std/IfxEgtm.h ****  *
 328:../Libraries/iLLD/TC4xx/CpuGeneric/Egtm/Std/IfxEgtm.h ****  * \retval set status (TRUE / FALSE)
 329:../Libraries/iLLD/TC4xx/CpuGeneric/Egtm/Std/IfxEgtm.h ****  */
 330:../Libraries/iLLD/TC4xx/CpuGeneric/Egtm/Std/IfxEgtm.h **** IFX_INLINE boolean IfxEgtm_getResetProtection(void);
 331:../Libraries/iLLD/TC4xx/CpuGeneric/Egtm/Std/IfxEgtm.h **** 
 332:../Libraries/iLLD/TC4xx/CpuGeneric/Egtm/Std/IfxEgtm.h **** #if IFXEGTM_PWM_IS_HIGH_RES_AVAILABLE
 333:../Libraries/iLLD/TC4xx/CpuGeneric/Egtm/Std/IfxEgtm.h **** /** \brief Enable or Disable the HRPWM Module
 334:../Libraries/iLLD/TC4xx/CpuGeneric/Egtm/Std/IfxEgtm.h ****  *
 335:../Libraries/iLLD/TC4xx/CpuGeneric/Egtm/Std/IfxEgtm.h ****  * \param[inout] egtm        Pointer to EGTM module registers
 336:../Libraries/iLLD/TC4xx/CpuGeneric/Egtm/Std/IfxEgtm.h ****  * \param[in]    hrpwmModule Hrpwm Module enum
 337:../Libraries/iLLD/TC4xx/CpuGeneric/Egtm/Std/IfxEgtm.h ****  *                           Range: \ref: IfxEgtm_Hrpwm
 338:../Libraries/iLLD/TC4xx/CpuGeneric/Egtm/Std/IfxEgtm.h ****  * \param[in]    enabled     Range: TRUE: HRPWM module to be enabled
 339:../Libraries/iLLD/TC4xx/CpuGeneric/Egtm/Std/IfxEgtm.h ****  *                                  FALSE: HRPWM module to be disabled
 340:../Libraries/iLLD/TC4xx/CpuGeneric/Egtm/Std/IfxEgtm.h ****  *
 341:../Libraries/iLLD/TC4xx/CpuGeneric/Egtm/Std/IfxEgtm.h ****  * \retval None
 342:../Libraries/iLLD/TC4xx/CpuGeneric/Egtm/Std/IfxEgtm.h ****  */
 343:../Libraries/iLLD/TC4xx/CpuGeneric/Egtm/Std/IfxEgtm.h **** IFX_INLINE void IfxEgtm_setHrpwmEnable(Ifx_EGTM *egtm, IfxEgtm_Hrpwm hrpwmModule, boolean enabled);
 344:../Libraries/iLLD/TC4xx/CpuGeneric/Egtm/Std/IfxEgtm.h **** 
 345:../Libraries/iLLD/TC4xx/CpuGeneric/Egtm/Std/IfxEgtm.h **** /** \brief Enable or Disable the HRPWM Channel
 346:../Libraries/iLLD/TC4xx/CpuGeneric/Egtm/Std/IfxEgtm.h ****  *
 347:../Libraries/iLLD/TC4xx/CpuGeneric/Egtm/Std/IfxEgtm.h ****  * \param[inout] egtm          Pointer to EGTM module registers
 348:../Libraries/iLLD/TC4xx/CpuGeneric/Egtm/Std/IfxEgtm.h ****  * \param[in]    hrpwmModule   Hrpwm Module enum
 349:../Libraries/iLLD/TC4xx/CpuGeneric/Egtm/Std/IfxEgtm.h ****  *                             Range: \ref: IfxEgtm_Hrpwm
 350:../Libraries/iLLD/TC4xx/CpuGeneric/Egtm/Std/IfxEgtm.h ****  * \param[in]    hrpwmChannel  Hrpwm channel enum
 351:../Libraries/iLLD/TC4xx/CpuGeneric/Egtm/Std/IfxEgtm.h ****  *                             Range: \ref: IfxEgtm_Hrpwm_Ch
 352:../Libraries/iLLD/TC4xx/CpuGeneric/Egtm/Std/IfxEgtm.h ****  * \param[in]    enabled       Range: TRUE: HRPWM module to be enabled
 353:../Libraries/iLLD/TC4xx/CpuGeneric/Egtm/Std/IfxEgtm.h ****  *                                    FALSE: HRPWM module to be disabled
 354:../Libraries/iLLD/TC4xx/CpuGeneric/Egtm/Std/IfxEgtm.h ****  *
 355:../Libraries/iLLD/TC4xx/CpuGeneric/Egtm/Std/IfxEgtm.h ****  * \retval None
 356:../Libraries/iLLD/TC4xx/CpuGeneric/Egtm/Std/IfxEgtm.h ****  */
 357:../Libraries/iLLD/TC4xx/CpuGeneric/Egtm/Std/IfxEgtm.h **** IFX_INLINE void IfxEgtm_setHrpwmChannelEnable(Ifx_EGTM *egtm, IfxEgtm_Hrpwm hrpwmModule, IfxEgtm_Hr
 358:../Libraries/iLLD/TC4xx/CpuGeneric/Egtm/Std/IfxEgtm.h **** #endif /* #if IFXEGTM_PWM_IS_HIGH_RES_AVAILABLE */
 359:../Libraries/iLLD/TC4xx/CpuGeneric/Egtm/Std/IfxEgtm.h **** 
 360:../Libraries/iLLD/TC4xx/CpuGeneric/Egtm/Std/IfxEgtm.h **** /** \brief Activates write buffer of AEI Bridge
 361:../Libraries/iLLD/TC4xx/CpuGeneric/Egtm/Std/IfxEgtm.h ****  * EGTM_CLS0_AEI_BRIDGE_MODE.B.MSK_WR_RSP = 1
 362:../Libraries/iLLD/TC4xx/CpuGeneric/Egtm/Std/IfxEgtm.h ****  *
 363:../Libraries/iLLD/TC4xx/CpuGeneric/Egtm/Std/IfxEgtm.h ****  * \param[inout] egtm Pointer to eGTM module
 364:../Libraries/iLLD/TC4xx/CpuGeneric/Egtm/Std/IfxEgtm.h ****  *
 365:../Libraries/iLLD/TC4xx/CpuGeneric/Egtm/Std/IfxEgtm.h ****  * \retval None
 366:../Libraries/iLLD/TC4xx/CpuGeneric/Egtm/Std/IfxEgtm.h ****  */
 367:../Libraries/iLLD/TC4xx/CpuGeneric/Egtm/Std/IfxEgtm.h **** IFX_INLINE void IfxEgtm_enableAeiBridgeWriteBuffer(Ifx_EGTM *egtm);
 368:../Libraries/iLLD/TC4xx/CpuGeneric/Egtm/Std/IfxEgtm.h **** 
 369:../Libraries/iLLD/TC4xx/CpuGeneric/Egtm/Std/IfxEgtm.h **** /** \brief Disables write buffer of AEI Bridge
 370:../Libraries/iLLD/TC4xx/CpuGeneric/Egtm/Std/IfxEgtm.h ****  * EGTM_CLS0_AEI_BRIDGE_MODE.B.MSK_WR_RSP = 0
 371:../Libraries/iLLD/TC4xx/CpuGeneric/Egtm/Std/IfxEgtm.h ****  *
 372:../Libraries/iLLD/TC4xx/CpuGeneric/Egtm/Std/IfxEgtm.h ****  * \param[inout] egtm Pointer to eGTM module
 373:../Libraries/iLLD/TC4xx/CpuGeneric/Egtm/Std/IfxEgtm.h ****  *
 374:../Libraries/iLLD/TC4xx/CpuGeneric/Egtm/Std/IfxEgtm.h ****  * \retval None
 375:../Libraries/iLLD/TC4xx/CpuGeneric/Egtm/Std/IfxEgtm.h ****  */
 376:../Libraries/iLLD/TC4xx/CpuGeneric/Egtm/Std/IfxEgtm.h **** IFX_INLINE void IfxEgtm_disableAeiBridgeWriteBuffer(Ifx_EGTM *egtm);
 377:../Libraries/iLLD/TC4xx/CpuGeneric/Egtm/Std/IfxEgtm.h **** 
 378:../Libraries/iLLD/TC4xx/CpuGeneric/Egtm/Std/IfxEgtm.h **** /** \brief Writes the operation mode for the AEI bridge
 379:../Libraries/iLLD/TC4xx/CpuGeneric/Egtm/Std/IfxEgtm.h ****  * EGTM_CLS0_AEI_BRIDGE_MODE.B.BRG_MODE = mode
 380:../Libraries/iLLD/TC4xx/CpuGeneric/Egtm/Std/IfxEgtm.h ****  *
 381:../Libraries/iLLD/TC4xx/CpuGeneric/Egtm/Std/IfxEgtm.h ****  * \param[inout] egtm Pointer to GTM module
 382:../Libraries/iLLD/TC4xx/CpuGeneric/Egtm/Std/IfxEgtm.h ****  * \param[in]    mode Choose the operation mode
 383:../Libraries/iLLD/TC4xx/CpuGeneric/Egtm/Std/IfxEgtm.h ****  *                    Range: \ref: IfxEgtm_AeiBridgeOpMode
 384:../Libraries/iLLD/TC4xx/CpuGeneric/Egtm/Std/IfxEgtm.h ****  *
 385:../Libraries/iLLD/TC4xx/CpuGeneric/Egtm/Std/IfxEgtm.h ****  * \retval None
 386:../Libraries/iLLD/TC4xx/CpuGeneric/Egtm/Std/IfxEgtm.h ****  */
 387:../Libraries/iLLD/TC4xx/CpuGeneric/Egtm/Std/IfxEgtm.h **** IFX_INLINE void IfxEgtm_setAeiBridgeOpMode(Ifx_EGTM *egtm, IfxEgtm_AeiBridgeOpMode mode);
 388:../Libraries/iLLD/TC4xx/CpuGeneric/Egtm/Std/IfxEgtm.h **** 
 389:../Libraries/iLLD/TC4xx/CpuGeneric/Egtm/Std/IfxEgtm.h **** /******************************************************************************/
 390:../Libraries/iLLD/TC4xx/CpuGeneric/Egtm/Std/IfxEgtm.h **** /*-------------------------Global Function Prototypes-------------------------*/
 391:../Libraries/iLLD/TC4xx/CpuGeneric/Egtm/Std/IfxEgtm.h **** /******************************************************************************/
 392:../Libraries/iLLD/TC4xx/CpuGeneric/Egtm/Std/IfxEgtm.h **** 
 393:../Libraries/iLLD/TC4xx/CpuGeneric/Egtm/Std/IfxEgtm.h **** /** \brief GTM connection to MSC
 394:../Libraries/iLLD/TC4xx/CpuGeneric/Egtm/Std/IfxEgtm.h ****  *
 395:../Libraries/iLLD/TC4xx/CpuGeneric/Egtm/Std/IfxEgtm.h ****  * \param[in] egtmCluster Cluster of EGTM which contains the trigger source
 396:../Libraries/iLLD/TC4xx/CpuGeneric/Egtm/Std/IfxEgtm.h ****  *                        Range: \ref: IfxEgtm_Cluster
 397:../Libraries/iLLD/TC4xx/CpuGeneric/Egtm/Std/IfxEgtm.h ****  * \param[in] egtmSource  Trigger source selected (Atom or Tom)
 398:../Libraries/iLLD/TC4xx/CpuGeneric/Egtm/Std/IfxEgtm.h ****  *                        Range: \ref: IfxEgtm_TrigSource
 399:../Libraries/iLLD/TC4xx/CpuGeneric/Egtm/Std/IfxEgtm.h ****  * \param[in] Channel     Channel within the egtmSource
 400:../Libraries/iLLD/TC4xx/CpuGeneric/Egtm/Std/IfxEgtm.h ****  *                        Range: \ref: IfxEgtm_TrigChannel
 401:../Libraries/iLLD/TC4xx/CpuGeneric/Egtm/Std/IfxEgtm.h ****  * \param[in] mscOut      Msc connection details
 402:../Libraries/iLLD/TC4xx/CpuGeneric/Egtm/Std/IfxEgtm.h ****  *                        Range: \ref: IfxEgtm_MscOut
 403:../Libraries/iLLD/TC4xx/CpuGeneric/Egtm/Std/IfxEgtm.h ****  *
 404:../Libraries/iLLD/TC4xx/CpuGeneric/Egtm/Std/IfxEgtm.h ****  * \retval TRUE on success else FALSE
 405:../Libraries/iLLD/TC4xx/CpuGeneric/Egtm/Std/IfxEgtm.h ****  */
 406:../Libraries/iLLD/TC4xx/CpuGeneric/Egtm/Std/IfxEgtm.h **** IFX_EXTERN boolean IfxEgtm_ConnectToMsc(IfxEgtm_Cluster egtmCluster, IfxEgtm_TrigSource egtmSource,
 407:../Libraries/iLLD/TC4xx/CpuGeneric/Egtm/Std/IfxEgtm.h **** 
 408:../Libraries/iLLD/TC4xx/CpuGeneric/Egtm/Std/IfxEgtm.h **** /** \brief Initialize the PROTs and APUs with default configuration
 409:../Libraries/iLLD/TC4xx/CpuGeneric/Egtm/Std/IfxEgtm.h ****  *
 410:../Libraries/iLLD/TC4xx/CpuGeneric/Egtm/Std/IfxEgtm.h ****  * \param[inout] config Configuration pointer for the Access Protection
 411:../Libraries/iLLD/TC4xx/CpuGeneric/Egtm/Std/IfxEgtm.h ****  *
 412:../Libraries/iLLD/TC4xx/CpuGeneric/Egtm/Std/IfxEgtm.h ****  * \retval None
 413:../Libraries/iLLD/TC4xx/CpuGeneric/Egtm/Std/IfxEgtm.h ****  */
 414:../Libraries/iLLD/TC4xx/CpuGeneric/Egtm/Std/IfxEgtm.h **** IFX_EXTERN void IfxEgtm_initApConfig(IfxEgtm_ApConfig *config);
 415:../Libraries/iLLD/TC4xx/CpuGeneric/Egtm/Std/IfxEgtm.h **** 
 416:../Libraries/iLLD/TC4xx/CpuGeneric/Egtm/Std/IfxEgtm.h **** /** \brief Initialize the PORTs and APU
 417:../Libraries/iLLD/TC4xx/CpuGeneric/Egtm/Std/IfxEgtm.h ****  *
 418:../Libraries/iLLD/TC4xx/CpuGeneric/Egtm/Std/IfxEgtm.h ****  * \param[inout] egtm   Pointer to EGTM module
 419:../Libraries/iLLD/TC4xx/CpuGeneric/Egtm/Std/IfxEgtm.h ****  * \param[in]    config Configuration pointer for the Access Protection
 420:../Libraries/iLLD/TC4xx/CpuGeneric/Egtm/Std/IfxEgtm.h ****  *
 421:../Libraries/iLLD/TC4xx/CpuGeneric/Egtm/Std/IfxEgtm.h ****  * \retval None
 422:../Libraries/iLLD/TC4xx/CpuGeneric/Egtm/Std/IfxEgtm.h ****  */
 423:../Libraries/iLLD/TC4xx/CpuGeneric/Egtm/Std/IfxEgtm.h **** IFX_EXTERN void IfxEgtm_initAp(Ifx_EGTM *egtm, IfxEgtm_ApConfig *config);
 424:../Libraries/iLLD/TC4xx/CpuGeneric/Egtm/Std/IfxEgtm.h **** 
 425:../Libraries/iLLD/TC4xx/CpuGeneric/Egtm/Std/IfxEgtm.h **** /** \brief Configures access to all masters to all the eGTMs in the device
 426:../Libraries/iLLD/TC4xx/CpuGeneric/Egtm/Std/IfxEgtm.h ****  *
 427:../Libraries/iLLD/TC4xx/CpuGeneric/Egtm/Std/IfxEgtm.h ****  * \param[in] apConfig Pointer to configuration structure.
 428:../Libraries/iLLD/TC4xx/CpuGeneric/Egtm/Std/IfxEgtm.h ****  *
 429:../Libraries/iLLD/TC4xx/CpuGeneric/Egtm/Std/IfxEgtm.h ****  * \retval None
 430:../Libraries/iLLD/TC4xx/CpuGeneric/Egtm/Std/IfxEgtm.h ****  */
 431:../Libraries/iLLD/TC4xx/CpuGeneric/Egtm/Std/IfxEgtm.h **** IFX_EXTERN void IfxEgtm_configureAccessToEgtms(IfxApApu_ApuConfig *apConfig);
 432:../Libraries/iLLD/TC4xx/CpuGeneric/Egtm/Std/IfxEgtm.h **** 
 433:../Libraries/iLLD/TC4xx/CpuGeneric/Egtm/Std/IfxEgtm.h **** /** \} */
 434:../Libraries/iLLD/TC4xx/CpuGeneric/Egtm/Std/IfxEgtm.h **** 
 435:../Libraries/iLLD/TC4xx/CpuGeneric/Egtm/Std/IfxEgtm.h **** /******************************************************************************/
 436:../Libraries/iLLD/TC4xx/CpuGeneric/Egtm/Std/IfxEgtm.h **** /*---------------------Inline Function Implementations------------------------*/
 437:../Libraries/iLLD/TC4xx/CpuGeneric/Egtm/Std/IfxEgtm.h **** /******************************************************************************/
 438:../Libraries/iLLD/TC4xx/CpuGeneric/Egtm/Std/IfxEgtm.h **** 
 439:../Libraries/iLLD/TC4xx/CpuGeneric/Egtm/Std/IfxEgtm.h **** IFX_INLINE void IfxEgtm_disable(Ifx_EGTM *egtm)
 440:../Libraries/iLLD/TC4xx/CpuGeneric/Egtm/Std/IfxEgtm.h **** {
 441:../Libraries/iLLD/TC4xx/CpuGeneric/Egtm/Std/IfxEgtm.h **** #if defined(IFX_PROT_ENABLED)
 442:../Libraries/iLLD/TC4xx/CpuGeneric/Egtm/Std/IfxEgtm.h **** #if (IFX_PROT_ENABLED == 1U)
 443:../Libraries/iLLD/TC4xx/CpuGeneric/Egtm/Std/IfxEgtm.h ****     IfxApProt_setState((Ifx_PROT_PROT *)&egtm->CTRL.PROTE, IfxApProt_State_config);
 444:../Libraries/iLLD/TC4xx/CpuGeneric/Egtm/Std/IfxEgtm.h **** #endif
 445:../Libraries/iLLD/TC4xx/CpuGeneric/Egtm/Std/IfxEgtm.h **** #endif
 446:../Libraries/iLLD/TC4xx/CpuGeneric/Egtm/Std/IfxEgtm.h ****     egtm->CLC.B.DISR = 1u;
 447:../Libraries/iLLD/TC4xx/CpuGeneric/Egtm/Std/IfxEgtm.h **** #if defined(IFX_PROT_ENABLED)
 448:../Libraries/iLLD/TC4xx/CpuGeneric/Egtm/Std/IfxEgtm.h **** #if (IFX_PROT_ENABLED == 1U)
 449:../Libraries/iLLD/TC4xx/CpuGeneric/Egtm/Std/IfxEgtm.h ****     IfxApProt_setState((Ifx_PROT_PROT *)&egtm->CTRL.PROTE, IfxApProt_State_run);
 450:../Libraries/iLLD/TC4xx/CpuGeneric/Egtm/Std/IfxEgtm.h **** #endif
 451:../Libraries/iLLD/TC4xx/CpuGeneric/Egtm/Std/IfxEgtm.h **** #endif
 452:../Libraries/iLLD/TC4xx/CpuGeneric/Egtm/Std/IfxEgtm.h **** }
 453:../Libraries/iLLD/TC4xx/CpuGeneric/Egtm/Std/IfxEgtm.h **** 
 454:../Libraries/iLLD/TC4xx/CpuGeneric/Egtm/Std/IfxEgtm.h **** 
 455:../Libraries/iLLD/TC4xx/CpuGeneric/Egtm/Std/IfxEgtm.h **** IFX_INLINE void IfxEgtm_enable(Ifx_EGTM *egtm)
 456:../Libraries/iLLD/TC4xx/CpuGeneric/Egtm/Std/IfxEgtm.h **** {
 457:../Libraries/iLLD/TC4xx/CpuGeneric/Egtm/Std/IfxEgtm.h **** #if defined(IFX_PROT_ENABLED)
 458:../Libraries/iLLD/TC4xx/CpuGeneric/Egtm/Std/IfxEgtm.h **** #if (IFX_PROT_ENABLED == 1U)
 459:../Libraries/iLLD/TC4xx/CpuGeneric/Egtm/Std/IfxEgtm.h ****     IfxApProt_setState((Ifx_PROT_PROT *)&egtm->CTRL.PROTE, IfxApProt_State_config);
 460:../Libraries/iLLD/TC4xx/CpuGeneric/Egtm/Std/IfxEgtm.h **** #endif
 461:../Libraries/iLLD/TC4xx/CpuGeneric/Egtm/Std/IfxEgtm.h **** #endif
 462:../Libraries/iLLD/TC4xx/CpuGeneric/Egtm/Std/IfxEgtm.h ****     egtm->CLC.B.DISR = 0u;
 463:../Libraries/iLLD/TC4xx/CpuGeneric/Egtm/Std/IfxEgtm.h **** #if defined(IFX_PROT_ENABLED)
 464:../Libraries/iLLD/TC4xx/CpuGeneric/Egtm/Std/IfxEgtm.h **** #if (IFX_PROT_ENABLED == 1U)
 465:../Libraries/iLLD/TC4xx/CpuGeneric/Egtm/Std/IfxEgtm.h ****     IfxApProt_setState((Ifx_PROT_PROT *)&egtm->CTRL.PROTE, IfxApProt_State_run);
 466:../Libraries/iLLD/TC4xx/CpuGeneric/Egtm/Std/IfxEgtm.h **** #endif
 467:../Libraries/iLLD/TC4xx/CpuGeneric/Egtm/Std/IfxEgtm.h **** #endif
 468:../Libraries/iLLD/TC4xx/CpuGeneric/Egtm/Std/IfxEgtm.h **** }
 469:../Libraries/iLLD/TC4xx/CpuGeneric/Egtm/Std/IfxEgtm.h **** 
 470:../Libraries/iLLD/TC4xx/CpuGeneric/Egtm/Std/IfxEgtm.h **** 
 471:../Libraries/iLLD/TC4xx/CpuGeneric/Egtm/Std/IfxEgtm.h **** IFX_INLINE boolean IfxEgtm_isEnabled(Ifx_EGTM *egtm)
 472:../Libraries/iLLD/TC4xx/CpuGeneric/Egtm/Std/IfxEgtm.h **** {
 473:../Libraries/iLLD/TC4xx/CpuGeneric/Egtm/Std/IfxEgtm.h ****     boolean enabled;
 474:../Libraries/iLLD/TC4xx/CpuGeneric/Egtm/Std/IfxEgtm.h ****     enabled = (egtm->CLC.B.DISS == (uint8)0u) ? TRUE : FALSE;
 475:../Libraries/iLLD/TC4xx/CpuGeneric/Egtm/Std/IfxEgtm.h ****     return enabled;
 476:../Libraries/iLLD/TC4xx/CpuGeneric/Egtm/Std/IfxEgtm.h **** }
 477:../Libraries/iLLD/TC4xx/CpuGeneric/Egtm/Std/IfxEgtm.h **** 
 478:../Libraries/iLLD/TC4xx/CpuGeneric/Egtm/Std/IfxEgtm.h **** 
 479:../Libraries/iLLD/TC4xx/CpuGeneric/Egtm/Std/IfxEgtm.h **** IFX_INLINE boolean IfxEgtm_isModuleSuspended(Ifx_EGTM *egtm)
 480:../Libraries/iLLD/TC4xx/CpuGeneric/Egtm/Std/IfxEgtm.h **** {
 481:../Libraries/iLLD/TC4xx/CpuGeneric/Egtm/Std/IfxEgtm.h ****     Ifx_EGTM_OCS ocs;
 482:../Libraries/iLLD/TC4xx/CpuGeneric/Egtm/Std/IfxEgtm.h **** 
 483:../Libraries/iLLD/TC4xx/CpuGeneric/Egtm/Std/IfxEgtm.h ****     /* Read the status */
 484:../Libraries/iLLD/TC4xx/CpuGeneric/Egtm/Std/IfxEgtm.h ****     ocs.U = egtm->OCS.U;
 485:../Libraries/iLLD/TC4xx/CpuGeneric/Egtm/Std/IfxEgtm.h **** 
 486:../Libraries/iLLD/TC4xx/CpuGeneric/Egtm/Std/IfxEgtm.h ****     /* Return the status */
 487:../Libraries/iLLD/TC4xx/CpuGeneric/Egtm/Std/IfxEgtm.h ****     return ocs.B.SUSSTA;
 488:../Libraries/iLLD/TC4xx/CpuGeneric/Egtm/Std/IfxEgtm.h **** }
 489:../Libraries/iLLD/TC4xx/CpuGeneric/Egtm/Std/IfxEgtm.h **** 
 490:../Libraries/iLLD/TC4xx/CpuGeneric/Egtm/Std/IfxEgtm.h **** 
 491:../Libraries/iLLD/TC4xx/CpuGeneric/Egtm/Std/IfxEgtm.h **** IFX_INLINE void IfxEgtm_setSuspendMode(Ifx_EGTM *egtm, IfxEgtm_SuspendMode mode)
 492:../Libraries/iLLD/TC4xx/CpuGeneric/Egtm/Std/IfxEgtm.h **** {
 493:../Libraries/iLLD/TC4xx/CpuGeneric/Egtm/Std/IfxEgtm.h ****     Ifx_EGTM_OCS ocs;
 494:../Libraries/iLLD/TC4xx/CpuGeneric/Egtm/Std/IfxEgtm.h **** 
 495:../Libraries/iLLD/TC4xx/CpuGeneric/Egtm/Std/IfxEgtm.h ****     /* Remove protection and configure the suspend mode. */
 496:../Libraries/iLLD/TC4xx/CpuGeneric/Egtm/Std/IfxEgtm.h ****     ocs.B.SUS_P = 1u;
 497:../Libraries/iLLD/TC4xx/CpuGeneric/Egtm/Std/IfxEgtm.h ****     ocs.B.SUS   = (uint8)mode;
 498:../Libraries/iLLD/TC4xx/CpuGeneric/Egtm/Std/IfxEgtm.h **** 
 499:../Libraries/iLLD/TC4xx/CpuGeneric/Egtm/Std/IfxEgtm.h ****     egtm->OCS.U = ocs.U;
 500:../Libraries/iLLD/TC4xx/CpuGeneric/Egtm/Std/IfxEgtm.h **** }
 501:../Libraries/iLLD/TC4xx/CpuGeneric/Egtm/Std/IfxEgtm.h **** 
 502:../Libraries/iLLD/TC4xx/CpuGeneric/Egtm/Std/IfxEgtm.h **** 
 503:../Libraries/iLLD/TC4xx/CpuGeneric/Egtm/Std/IfxEgtm.h **** IFX_INLINE uint32 IfxEgtm_getSysClkFrequency(void)
 504:../Libraries/iLLD/TC4xx/CpuGeneric/Egtm/Std/IfxEgtm.h **** {
 505:../Libraries/iLLD/TC4xx/CpuGeneric/Egtm/Std/IfxEgtm.h ****     return IfxClock_geteGtmFrequency();
 506:../Libraries/iLLD/TC4xx/CpuGeneric/Egtm/Std/IfxEgtm.h **** }
 507:../Libraries/iLLD/TC4xx/CpuGeneric/Egtm/Std/IfxEgtm.h **** 
 508:../Libraries/iLLD/TC4xx/CpuGeneric/Egtm/Std/IfxEgtm.h **** 
 509:../Libraries/iLLD/TC4xx/CpuGeneric/Egtm/Std/IfxEgtm.h **** IFX_INLINE uint32 IfxEgtm_getClusterFrequency(Ifx_EGTM *egtm, IfxEgtm_Cluster cluster)
 510:../Libraries/iLLD/TC4xx/CpuGeneric/Egtm/Std/IfxEgtm.h **** {
 511:../Libraries/iLLD/TC4xx/CpuGeneric/Egtm/Std/IfxEgtm.h ****     uint32 Freq;
 104              	 .loc 3 511 5
 512:../Libraries/iLLD/TC4xx/CpuGeneric/Egtm/Std/IfxEgtm.h ****     uint8  clsDiv = 0u;
 105              	 .loc 3 512 5
 513:../Libraries/iLLD/TC4xx/CpuGeneric/Egtm/Std/IfxEgtm.h ****     clsDiv = (uint8)(((egtm->CLS->ARCH.CLK_CFG.U) >> ((uint8)cluster << 1u)) & 0x3U);
 106              	 .loc 3 513 5
 107              	 .loc 3 513 47 is_stmt 0
 108 006c 19C82C00 	 ld.w %d8,[%a12]44
 109              	 .loc 3 513 12
 110 0070 8F380081 	 and %d8,%d8,3
 111              	.LVL10:
 514:../Libraries/iLLD/TC4xx/CpuGeneric/Egtm/Std/IfxEgtm.h **** 
 515:../Libraries/iLLD/TC4xx/CpuGeneric/Egtm/Std/IfxEgtm.h ****     if (clsDiv == 0u)
 112              	 .loc 3 515 5 is_stmt 1
 113              	 .loc 3 515 8 is_stmt 0
 114 0074 DF080000 	 jz %d8,.L13
 516:../Libraries/iLLD/TC4xx/CpuGeneric/Egtm/Std/IfxEgtm.h ****     {
 517:../Libraries/iLLD/TC4xx/CpuGeneric/Egtm/Std/IfxEgtm.h ****         Freq = (uint32)0u; /* cluster is disabled - return 0 */
 518:../Libraries/iLLD/TC4xx/CpuGeneric/Egtm/Std/IfxEgtm.h ****     }
 519:../Libraries/iLLD/TC4xx/CpuGeneric/Egtm/Std/IfxEgtm.h ****     else
 520:../Libraries/iLLD/TC4xx/CpuGeneric/Egtm/Std/IfxEgtm.h ****     {
 521:../Libraries/iLLD/TC4xx/CpuGeneric/Egtm/Std/IfxEgtm.h ****         Freq = IfxEgtm_getSysClkFrequency() / clsDiv;
 115              	 .loc 3 521 9 is_stmt 1
 116              	.LBB163:
 505:../Libraries/iLLD/TC4xx/CpuGeneric/Egtm/Std/IfxEgtm.h **** }
 117              	 .loc 3 505 5
 118              	.LBB164:
 119              	.LBB165:
 120              	 .file 4 "../Libraries/iLLD/TC4xx/CpuGeneric/Clock/Std/IfxClock.h"
   1:../Libraries/iLLD/TC4xx/CpuGeneric/Clock/Std/IfxClock.h **** /**
   2:../Libraries/iLLD/TC4xx/CpuGeneric/Clock/Std/IfxClock.h ****  * \file IfxClock.h
   3:../Libraries/iLLD/TC4xx/CpuGeneric/Clock/Std/IfxClock.h ****  * \brief CLOCK  basic functionality
   4:../Libraries/iLLD/TC4xx/CpuGeneric/Clock/Std/IfxClock.h ****  * \ingroup IfxLld_Clock
   5:../Libraries/iLLD/TC4xx/CpuGeneric/Clock/Std/IfxClock.h ****  *
   6:../Libraries/iLLD/TC4xx/CpuGeneric/Clock/Std/IfxClock.h ****  * \version iLLD-TC4-v2.7.0
   7:../Libraries/iLLD/TC4xx/CpuGeneric/Clock/Std/IfxClock.h ****  * \copyright Copyright (c) 2026 Infineon Technologies AG. All rights reserved.
   8:../Libraries/iLLD/TC4xx/CpuGeneric/Clock/Std/IfxClock.h ****  *
   9:../Libraries/iLLD/TC4xx/CpuGeneric/Clock/Std/IfxClock.h ****  *
  10:../Libraries/iLLD/TC4xx/CpuGeneric/Clock/Std/IfxClock.h ****  *
  11:../Libraries/iLLD/TC4xx/CpuGeneric/Clock/Std/IfxClock.h ****  *                                 IMPORTANT NOTICE
  12:../Libraries/iLLD/TC4xx/CpuGeneric/Clock/Std/IfxClock.h ****  *
  13:../Libraries/iLLD/TC4xx/CpuGeneric/Clock/Std/IfxClock.h ****  * Infineon Technologies AG (Infineon) licenses this file to you under the
  14:../Libraries/iLLD/TC4xx/CpuGeneric/Clock/Std/IfxClock.h ****  * Infineon Automotive SW Lab License v2025-01 (IFASLL). You may not use
  15:../Libraries/iLLD/TC4xx/CpuGeneric/Clock/Std/IfxClock.h ****  * this file except in compliance with IFASLL.
  16:../Libraries/iLLD/TC4xx/CpuGeneric/Clock/Std/IfxClock.h ****  *
  17:../Libraries/iLLD/TC4xx/CpuGeneric/Clock/Std/IfxClock.h ****  * The full license text is contained in IFASLL202501.pdf delivered with this SW.
  18:../Libraries/iLLD/TC4xx/CpuGeneric/Clock/Std/IfxClock.h ****  * Unless required by applicable law or agreed to in writing, software distributed
  19:../Libraries/iLLD/TC4xx/CpuGeneric/Clock/Std/IfxClock.h ****  * under this license is distributed "AS IS" without any warranty or liability of any
  20:../Libraries/iLLD/TC4xx/CpuGeneric/Clock/Std/IfxClock.h ****  * kind and Infineon hereby expressly disclaims any warranties or representations,
  21:../Libraries/iLLD/TC4xx/CpuGeneric/Clock/Std/IfxClock.h ****  * whether express, implied, statutory or otherwise, including but not limited to
  22:../Libraries/iLLD/TC4xx/CpuGeneric/Clock/Std/IfxClock.h ****  * warranties of workmanship, merchantability, fitness for a particular purpose,
  23:../Libraries/iLLD/TC4xx/CpuGeneric/Clock/Std/IfxClock.h ****  * defects in the licensed items, or non-infringement of third parties'
  24:../Libraries/iLLD/TC4xx/CpuGeneric/Clock/Std/IfxClock.h ****  * intellectual property rights. See the full license text for the specific
  25:../Libraries/iLLD/TC4xx/CpuGeneric/Clock/Std/IfxClock.h ****  * language governing permissions and limitations under IFASLL.
  26:../Libraries/iLLD/TC4xx/CpuGeneric/Clock/Std/IfxClock.h ****  *
  27:../Libraries/iLLD/TC4xx/CpuGeneric/Clock/Std/IfxClock.h ****  *
  28:../Libraries/iLLD/TC4xx/CpuGeneric/Clock/Std/IfxClock.h ****  *
  29:../Libraries/iLLD/TC4xx/CpuGeneric/Clock/Std/IfxClock.h ****  * \defgroup IfxLld_Clock CLOCK
  30:../Libraries/iLLD/TC4xx/CpuGeneric/Clock/Std/IfxClock.h ****  * \addtogroup IfxLld_Clock
  31:../Libraries/iLLD/TC4xx/CpuGeneric/Clock/Std/IfxClock.h ****  * \{
  32:../Libraries/iLLD/TC4xx/CpuGeneric/Clock/Std/IfxClock.h ****  * \defgroup IfxLld_Clock How to use the Clock driver?
  33:../Libraries/iLLD/TC4xx/CpuGeneric/Clock/Std/IfxClock.h ****  * \addtogroup IfxLld_Clock
  34:../Libraries/iLLD/TC4xx/CpuGeneric/Clock/Std/IfxClock.h ****  * \{
  35:../Libraries/iLLD/TC4xx/CpuGeneric/Clock/Std/IfxClock.h ****  *
  36:../Libraries/iLLD/TC4xx/CpuGeneric/Clock/Std/IfxClock.h ****  * The  Clock control unit driver provides a default configuration for pll and Clock initialisation
  37:../Libraries/iLLD/TC4xx/CpuGeneric/Clock/Std/IfxClock.h ****  *
  38:../Libraries/iLLD/TC4xx/CpuGeneric/Clock/Std/IfxClock.h ****  * In the following sections it will be described, how to integrate the driver into the application
  39:../Libraries/iLLD/TC4xx/CpuGeneric/Clock/Std/IfxClock.h ****  *
  40:../Libraries/iLLD/TC4xx/CpuGeneric/Clock/Std/IfxClock.h ****  * \section IfxLld_Clock_Std_Preparation Preparation
  41:../Libraries/iLLD/TC4xx/CpuGeneric/Clock/Std/IfxClock.h ****  * \subsection IfxLld_Clock_Std_Include Include Files
  42:../Libraries/iLLD/TC4xx/CpuGeneric/Clock/Std/IfxClock.h ****  *
  43:../Libraries/iLLD/TC4xx/CpuGeneric/Clock/Std/IfxClock.h ****  * Include following header file into your C code:
  44:../Libraries/iLLD/TC4xx/CpuGeneric/Clock/Std/IfxClock.h ****  * \code
  45:../Libraries/iLLD/TC4xx/CpuGeneric/Clock/Std/IfxClock.h ****  * #include <Clock/Std/IfxClock.h>
  46:../Libraries/iLLD/TC4xx/CpuGeneric/Clock/Std/IfxClock.h ****  * \endcode
  47:../Libraries/iLLD/TC4xx/CpuGeneric/Clock/Std/IfxClock.h ****  *
  48:../Libraries/iLLD/TC4xx/CpuGeneric/Clock/Std/IfxClock.h ****  * \subsection IfxLld_Clock_Std_Variables Variables
  49:../Libraries/iLLD/TC4xx/CpuGeneric/Clock/Std/IfxClock.h ****  *
  50:../Libraries/iLLD/TC4xx/CpuGeneric/Clock/Std/IfxClock.h ****  * Declare the Clock Configuration variables in your C code:
  51:../Libraries/iLLD/TC4xx/CpuGeneric/Clock/Std/IfxClock.h ****  *
  52:../Libraries/iLLD/TC4xx/CpuGeneric/Clock/Std/IfxClock.h ****  * \code
  53:../Libraries/iLLD/TC4xx/CpuGeneric/Clock/Std/IfxClock.h ****  * // used globally
  54:../Libraries/iLLD/TC4xx/CpuGeneric/Clock/Std/IfxClock.h ****  *
  55:../Libraries/iLLD/TC4xx/CpuGeneric/Clock/Std/IfxClock.h ****  * static const IfxClock_FlashWaitstateConfig IfxClock_defaultFlashWaitstateConfig = IFXCLOCK_CFG_F
  56:../Libraries/iLLD/TC4xx/CpuGeneric/Clock/Std/IfxClock.h ****  * // Default configuration for the Clock Configuration
  57:../Libraries/iLLD/TC4xx/CpuGeneric/Clock/Std/IfxClock.h ****  * IfxClock_Config                      IfxClock_testClockConfig = {
  58:../Libraries/iLLD/TC4xx/CpuGeneric/Clock/Std/IfxClock.h ****  *     IFX_CFG_CLOCK_XTAL_FREQUENCY,
  59:../Libraries/iLLD/TC4xx/CpuGeneric/Clock/Std/IfxClock.h ****  *     IFXCLOCK_CFG_SYS_PLL_INITIAL_STEP,
  60:../Libraries/iLLD/TC4xx/CpuGeneric/Clock/Std/IfxClock.h ****  *     IFXCLOCK_CFG_PER_PLL_INITIAL_STEP,
  61:../Libraries/iLLD/TC4xx/CpuGeneric/Clock/Std/IfxClock.h ****  *  #if !defined(IFX_CLOCK_DISABLE_RAMPCON)
  62:../Libraries/iLLD/TC4xx/CpuGeneric/Clock/Std/IfxClock.h ****  *     {IfxClock_RampWaitTime_8us, 500},
  63:../Libraries/iLLD/TC4xx/CpuGeneric/Clock/Std/IfxClock.h ****  * #endif
  64:../Libraries/iLLD/TC4xx/CpuGeneric/Clock/Std/IfxClock.h ****  *     IFXCLOCK_CFG_CLK_DISTRIBUTION,
  65:../Libraries/iLLD/TC4xx/CpuGeneric/Clock/Std/IfxClock.h ****  *     &IfxClock_defaultFlashWaitstateConfig,
  66:../Libraries/iLLD/TC4xx/CpuGeneric/Clock/Std/IfxClock.h ****  *     &IfxClock_defaultModConfig,
  67:../Libraries/iLLD/TC4xx/CpuGeneric/Clock/Std/IfxClock.h ****  *     IfxClock_PllInputClockSelection_fOsc0,
  68:../Libraries/iLLD/TC4xx/CpuGeneric/Clock/Std/IfxClock.h ****  *     IfxClock_SysClockSourceSelect_pll,
  69:../Libraries/iLLD/TC4xx/CpuGeneric/Clock/Std/IfxClock.h ****  *     IfxClock_PerClockSourceSelect_pll
  70:../Libraries/iLLD/TC4xx/CpuGeneric/Clock/Std/IfxClock.h ****  * };
  71:../Libraries/iLLD/TC4xx/CpuGeneric/Clock/Std/IfxClock.h ****  *
  72:../Libraries/iLLD/TC4xx/CpuGeneric/Clock/Std/IfxClock.h ****  * \endcode
  73:../Libraries/iLLD/TC4xx/CpuGeneric/Clock/Std/IfxClock.h ****  *
  74:../Libraries/iLLD/TC4xx/CpuGeneric/Clock/Std/IfxClock.h ****  * \subsection IfxLld_Clock_Std_Init Module Initialisation
  75:../Libraries/iLLD/TC4xx/CpuGeneric/Clock/Std/IfxClock.h ****  *
  76:../Libraries/iLLD/TC4xx/CpuGeneric/Clock/Std/IfxClock.h ****  * The module initialisation can be done in the same function. Here an example:
  77:../Libraries/iLLD/TC4xx/CpuGeneric/Clock/Std/IfxClock.h ****  * \code
  78:../Libraries/iLLD/TC4xx/CpuGeneric/Clock/Std/IfxClock.h ****  *
  79:../Libraries/iLLD/TC4xx/CpuGeneric/Clock/Std/IfxClock.h ****  *        // standard PLL & clock initialisation
  80:../Libraries/iLLD/TC4xx/CpuGeneric/Clock/Std/IfxClock.h ****  *         IfxClock_init(&IfxClock_testClockConfig);
  81:../Libraries/iLLD/TC4xx/CpuGeneric/Clock/Std/IfxClock.h ****  * \endcode
  82:../Libraries/iLLD/TC4xx/CpuGeneric/Clock/Std/IfxClock.h ****  *
  83:../Libraries/iLLD/TC4xx/CpuGeneric/Clock/Std/IfxClock.h ****  *    The SYS PLL, PER PLL1, PLL2, PLL3 and clocks are now initialised based on the XTAL and PLL va
  84:../Libraries/iLLD/TC4xx/CpuGeneric/Clock/Std/IfxClock.h ****  *
  85:../Libraries/iLLD/TC4xx/CpuGeneric/Clock/Std/IfxClock.h ****  * Alternately the PLL and clocks can be initialised using below method which provides greater cont
  86:../Libraries/iLLD/TC4xx/CpuGeneric/Clock/Std/IfxClock.h ****  *
  87:../Libraries/iLLD/TC4xx/CpuGeneric/Clock/Std/IfxClock.h ****  * \code
  88:../Libraries/iLLD/TC4xx/CpuGeneric/Clock/Std/IfxClock.h ****  *
  89:../Libraries/iLLD/TC4xx/CpuGeneric/Clock/Std/IfxClock.h ****  *     IfxClock_Config        IfxClock_sampleClockConfig;
  90:../Libraries/iLLD/TC4xx/CpuGeneric/Clock/Std/IfxClock.h ****  *
  91:../Libraries/iLLD/TC4xx/CpuGeneric/Clock/Std/IfxClock.h ****  *     IfxClock_initConfig(&IfxClock_sampleClockConfig);
  92:../Libraries/iLLD/TC4xx/CpuGeneric/Clock/Std/IfxClock.h ****  *
  93:../Libraries/iLLD/TC4xx/CpuGeneric/Clock/Std/IfxClock.h ****  *
  94:../Libraries/iLLD/TC4xx/CpuGeneric/Clock/Std/IfxClock.h ****  *
  95:../Libraries/iLLD/TC4xx/CpuGeneric/Clock/Std/IfxClock.h ****  *   // To change xtal frequency dynamically during run time:
  96:../Libraries/iLLD/TC4xx/CpuGeneric/Clock/Std/IfxClock.h ****  *   // current xtal frequency is stored in global variable IfxClock_xtalFrequency.
  97:../Libraries/iLLD/TC4xx/CpuGeneric/Clock/Std/IfxClock.h ****  *   // In Ifx_cfg.h file, use below define
  98:../Libraries/iLLD/TC4xx/CpuGeneric/Clock/Std/IfxClock.h ****  *   #define IFX_CFG_CLOCK_XTAL_FREQUENCY (IfxClock_xtalFrequency)
  99:../Libraries/iLLD/TC4xx/CpuGeneric/Clock/Std/IfxClock.h ****  *     // IfxClock_sampleClockConfig.xtalFrequency = IFX_CFG_CLOCK_XTAL_FREQUENCY ;
 100:../Libraries/iLLD/TC4xx/CpuGeneric/Clock/Std/IfxClock.h ****  *
 101:../Libraries/iLLD/TC4xx/CpuGeneric/Clock/Std/IfxClock.h ****  *       //select the clock source that is used for the clock generation of fsource1/ 2/3
 102:../Libraries/iLLD/TC4xx/CpuGeneric/Clock/Std/IfxClock.h ****  *       IfxClock_sampleClockConfig.PerClockSourceSelect = IfxClock_PerClockSourceSelect_pll; //Ifx
 103:../Libraries/iLLD/TC4xx/CpuGeneric/Clock/Std/IfxClock.h ****  *
 104:../Libraries/iLLD/TC4xx/CpuGeneric/Clock/Std/IfxClock.h ****  *      //selects the clock source that is used for the clock generation of fsource0
 105:../Libraries/iLLD/TC4xx/CpuGeneric/Clock/Std/IfxClock.h ****  *       IfxClock_sampleClockConfig.SysClockSourceSelect = IfxClock_SysClockSourceSelect_pll; //Ifx
 106:../Libraries/iLLD/TC4xx/CpuGeneric/Clock/Std/IfxClock.h ****  *
 107:../Libraries/iLLD/TC4xx/CpuGeneric/Clock/Std/IfxClock.h ****  *       //select the primary clock source for the System PLL
 108:../Libraries/iLLD/TC4xx/CpuGeneric/Clock/Std/IfxClock.h ****  *       IfxClock_sampleClockConfig.pllInputClockSelection = IfxClock_PllInputClockSelection_fOsc0;
 109:../Libraries/iLLD/TC4xx/CpuGeneric/Clock/Std/IfxClock.h ****  *
 110:../Libraries/iLLD/TC4xx/CpuGeneric/Clock/Std/IfxClock.h ****  *       // Configure PER PLL1,2,3
 111:../Libraries/iLLD/TC4xx/CpuGeneric/Clock/Std/IfxClock.h ****  *       // fPLL1 = N * fIN / P * K2 * 1. 0 -> K2PREDIV = 0
 112:../Libraries/iLLD/TC4xx/CpuGeneric/Clock/Std/IfxClock.h ****  *       // fPLL1 = N * fIN / P * K2 * 2. 0 -> K2PREDIV = 1
 113:../Libraries/iLLD/TC4xx/CpuGeneric/Clock/Std/IfxClock.h ****  *       // fPLL1 = N * fIN / P * K2 * 1. 2 -> K2PREDIV = 2
 114:../Libraries/iLLD/TC4xx/CpuGeneric/Clock/Std/IfxClock.h ****  *       // fPLL1 = N * fIN / P * K2 * 1. 6 -> K2PREDIV = 3
 115:../Libraries/iLLD/TC4xx/CpuGeneric/Clock/Std/IfxClock.h ****  *       //
 116:../Libraries/iLLD/TC4xx/CpuGeneric/Clock/Std/IfxClock.h ****  *       // fPLL2 = N * fIN / P * K3 * 1. 0 -> K3PREDIV = 0
 117:../Libraries/iLLD/TC4xx/CpuGeneric/Clock/Std/IfxClock.h ****  *       // fPLL2 = N * fIN / P * K3 * 1. 1 -> K3PREDIV = 1
 118:../Libraries/iLLD/TC4xx/CpuGeneric/Clock/Std/IfxClock.h ****  *       // fPLL2 = N * fIN / P * K3 * 1. 2 -> K3PREDIV = 2
 119:../Libraries/iLLD/TC4xx/CpuGeneric/Clock/Std/IfxClock.h ****  *       // fPLL2 = N * fIN / P * K3 * 1. 0 -> K3PREDIV = 3
 120:../Libraries/iLLD/TC4xx/CpuGeneric/Clock/Std/IfxClock.h ****  *       // fPLL2 = N * fIN / P * K3 * 1. 4 -> K3PREDIV = 4
 121:../Libraries/iLLD/TC4xx/CpuGeneric/Clock/Std/IfxClock.h ****  *       // fPLL2 = N * fIN / P * K3 * 1. 0 -> K3PREDIV = 5
 122:../Libraries/iLLD/TC4xx/CpuGeneric/Clock/Std/IfxClock.h ****  *       // fPLL2 = N * fIN / P * K3 * 1. 6 -> K3PREDIV = 6
 123:../Libraries/iLLD/TC4xx/CpuGeneric/Clock/Std/IfxClock.h ****  *       // fPLL2 = N * fIN / P * K3 * 1. 7 -> K3PREDIV = 7
 124:../Libraries/iLLD/TC4xx/CpuGeneric/Clock/Std/IfxClock.h ****  *       // fPLL2 = N * fIN / P * K3 * 1. 0 -> K3PREDIV = 8
 125:../Libraries/iLLD/TC4xx/CpuGeneric/Clock/Std/IfxClock.h ****  *       // fPLL2 = N * fIN / P * K3 * 1. 0 -> K3PREDIV = 9
 126:../Libraries/iLLD/TC4xx/CpuGeneric/Clock/Std/IfxClock.h ****  *       // fPLL2 = N * fIN / P * K3 * 2. 0 -> K3PREDIV = 10
 127:../Libraries/iLLD/TC4xx/CpuGeneric/Clock/Std/IfxClock.h ****  *       // fPLL2 = N * fIN / P * K3 * 1. 0 -> K3PREDIV = 11
 128:../Libraries/iLLD/TC4xx/CpuGeneric/Clock/Std/IfxClock.h ****  *       // fPLL2 = N * fIN / P * K3 * 1. 0 -> K3PREDIV = 12
 129:../Libraries/iLLD/TC4xx/CpuGeneric/Clock/Std/IfxClock.h ****  *       // fPLL2 = N * fIN / P * K3 * 1. 0 -> K3PREDIV = 13
 130:../Libraries/iLLD/TC4xx/CpuGeneric/Clock/Std/IfxClock.h ****  *       // fPLL2 = N * fIN / P * K3 * 1. 0 -> K3PREDIV = 14
 131:../Libraries/iLLD/TC4xx/CpuGeneric/Clock/Std/IfxClock.h ****  *       // fPLL2 = N * fIN / P * K3 * 1. 0 -> K3PREDIV = 15
 132:../Libraries/iLLD/TC4xx/CpuGeneric/Clock/Std/IfxClock.h ****  *
 133:../Libraries/iLLD/TC4xx/CpuGeneric/Clock/Std/IfxClock.h ****  *       //
 134:../Libraries/iLLD/TC4xx/CpuGeneric/Clock/Std/IfxClock.h ****  *       // fPLL3 = N * fIN / P * K4 * 1. 0 -> K4PREDIV = 0
 135:../Libraries/iLLD/TC4xx/CpuGeneric/Clock/Std/IfxClock.h ****  *       // fPLL3 = N * fIN / P * K4 * 2. 0 -> K4PREDIV = 1
 136:../Libraries/iLLD/TC4xx/CpuGeneric/Clock/Std/IfxClock.h ****  *       // fPLL3 = N * fIN / P * K4 * 1. 2 -> K4PREDIV = 2
 137:../Libraries/iLLD/TC4xx/CpuGeneric/Clock/Std/IfxClock.h ****  *       // fPLL3 = N * fIN / P * K4 * 1. 6 -> K4PREDIV = 3
 138:../Libraries/iLLD/TC4xx/CpuGeneric/Clock/Std/IfxClock.h ****  *    IfxClock_sampleClockConfig.perPllConfig.pDivider = IfxClock_Pdivider_1 ;
 139:../Libraries/iLLD/TC4xx/CpuGeneric/Clock/Std/IfxClock.h ****  *    IfxClock_sampleClockConfig.perPllConfig.nDivider = IfxClock_Ndivider_32 ;
 140:../Libraries/iLLD/TC4xx/CpuGeneric/Clock/Std/IfxClock.h ****  *    IfxClock_sampleClockConfig.perPllConfig.k2Divider = IfxClock_K2divider_2 ;
 141:../Libraries/iLLD/TC4xx/CpuGeneric/Clock/Std/IfxClock.h ****  *    IfxClock_sampleClockConfig.perPllConfig.k2PreDivider = IfxClock_K2PreDivider_divBy1_0 ;
 142:../Libraries/iLLD/TC4xx/CpuGeneric/Clock/Std/IfxClock.h ****  *
 143:../Libraries/iLLD/TC4xx/CpuGeneric/Clock/Std/IfxClock.h ****  *    IfxClock_sampleClockConfig.perPllConfig.k3Divider = IfxClock_K3divider_2 ;
 144:../Libraries/iLLD/TC4xx/CpuGeneric/Clock/Std/IfxClock.h ****  *    IfxClock_sampleClockConfig.perPllConfig.k3PreDivider = IfxClock_K3PreDivider_divBy1_0 ;
 145:../Libraries/iLLD/TC4xx/CpuGeneric/Clock/Std/IfxClock.h ****  *    IfxClock_sampleClockConfig.perPllConfig.k4Divider = IfxClock_K4divider_2 ;
 146:../Libraries/iLLD/TC4xx/CpuGeneric/Clock/Std/IfxClock.h ****  *    IfxClock_sampleClockConfig.perPllConfig.k4PreDivider = IfxClock_K4PreDivider_divBy1_0 ;
 147:../Libraries/iLLD/TC4xx/CpuGeneric/Clock/Std/IfxClock.h ****  *
 148:../Libraries/iLLD/TC4xx/CpuGeneric/Clock/Std/IfxClock.h ****  *    // Ramp OSC configuration
 149:../Libraries/iLLD/TC4xx/CpuGeneric/Clock/Std/IfxClock.h ****  *   IfxClock_sampleClockConfig.rampConfig.rampOscUpperFreqLimit = 500; // in units of 1MHz, min 10
 150:../Libraries/iLLD/TC4xx/CpuGeneric/Clock/Std/IfxClock.h ****  *    IfxClock_sampleClockConfig.rampConfig.rampWaitTime = IfxClock_RampWaitTime_2us; // IfxClock_R
 151:../Libraries/iLLD/TC4xx/CpuGeneric/Clock/Std/IfxClock.h ****  *
 152:../Libraries/iLLD/TC4xx/CpuGeneric/Clock/Std/IfxClock.h ****  *    // Configure PLL0
 153:../Libraries/iLLD/TC4xx/CpuGeneric/Clock/Std/IfxClock.h ****  *      // fPLL0 = N * fIN / P * K2 * 1. 0 -> K2PREDIV = 0
 154:../Libraries/iLLD/TC4xx/CpuGeneric/Clock/Std/IfxClock.h ****  *       // fPLL0 = N * fIN / P * K2 * 2. 0 -> K2PREDIV = 1
 155:../Libraries/iLLD/TC4xx/CpuGeneric/Clock/Std/IfxClock.h ****  *       // fPLL0 = N * fIN / P * K2 * 1. 6 -> K2PREDIV = 2
 156:../Libraries/iLLD/TC4xx/CpuGeneric/Clock/Std/IfxClock.h ****  *       // fPLL0 = N * fIN / P * K2 * 1. 2 -> K2PREDIV = 3
 157:../Libraries/iLLD/TC4xx/CpuGeneric/Clock/Std/IfxClock.h ****  *    IfxClock_sampleClockConfig.sysPllConfig.pDivider = IfxClock_Pdivider_2;
 158:../Libraries/iLLD/TC4xx/CpuGeneric/Clock/Std/IfxClock.h ****  *    IfxClock_sampleClockConfig.sysPllConfig.nDivider = IfxClock_Ndivider_45;
 159:../Libraries/iLLD/TC4xx/CpuGeneric/Clock/Std/IfxClock.h ****  *    IfxClock_sampleClockConfig.sysPllConfig.k2Divider = IfxClock_K2divider_1;
 160:../Libraries/iLLD/TC4xx/CpuGeneric/Clock/Std/IfxClock.h ****  *    IfxClock_sampleClockConfig.sysPllConfig.k2PreDivider =IfxClock_K2PreDivider_divBy1_0;
 161:../Libraries/iLLD/TC4xx/CpuGeneric/Clock/Std/IfxClock.h ****  *    // Configure PPU (Applicable for device TC4Dx)
 162:../Libraries/iLLD/TC4xx/CpuGeneric/Clock/Std/IfxClock.h ****  *    IfxClock_sampleClockConfig.sysPllConfig.k3Divider = IfxClock_K3divider_1;   // Applicable for
 163:../Libraries/iLLD/TC4xx/CpuGeneric/Clock/Std/IfxClock.h ****  *    IfxClock_sampleClockConfig.sysPllConfig.k3PreDividerPpu = IfxClock_K3PreDividerPpu_divBy1_0; 
 164:../Libraries/iLLD/TC4xx/CpuGeneric/Clock/Std/IfxClock.h ****  *    //Clock Distribution
 165:../Libraries/iLLD/TC4xx/CpuGeneric/Clock/Std/IfxClock.h ****  *    IfxClock_sampleClockConfig.clockDistribution.sysccucon0.value = IFXCLOCK_CFG_SYSCCUCON0;
 166:../Libraries/iLLD/TC4xx/CpuGeneric/Clock/Std/IfxClock.h ****  *    IfxClock_sampleClockConfig.clockDistribution.sysccucon0.mask = IFXCLOCK_CFG_SYSCCUCON0_MASK;
 167:../Libraries/iLLD/TC4xx/CpuGeneric/Clock/Std/IfxClock.h ****  *    IfxClock_sampleClockConfig.clockDistribution.sysccucon1.value = IFXCLOCK_CFG_SYSCCUCON1;
 168:../Libraries/iLLD/TC4xx/CpuGeneric/Clock/Std/IfxClock.h ****  *    IfxClock_sampleClockConfig.clockDistribution.sysccucon1.mask = IFXCLOCK_CFG_SYSCCUCON1_MASK;
 169:../Libraries/iLLD/TC4xx/CpuGeneric/Clock/Std/IfxClock.h ****  *     // update CCUCON Config use mask and value as below
 170:../Libraries/iLLD/TC4xx/CpuGeneric/Clock/Std/IfxClock.h ****  *    IfxClock_sampleClockConfig.clockDistribution.perccucon0.value = IFXCLOCK_CFG_PERCCUCON0;
 171:../Libraries/iLLD/TC4xx/CpuGeneric/Clock/Std/IfxClock.h ****  *    IfxClock_sampleClockConfig.clockDistribution.perccucon0.mask = IFXCLOCK_CFG_PERCCUCON0_MASK;
 172:../Libraries/iLLD/TC4xx/CpuGeneric/Clock/Std/IfxClock.h ****  *    IfxClock_sampleClockConfig.clockDistribution.perccucon1.value = IFXCLOCK_CFG_PERCCUCON1;
 173:../Libraries/iLLD/TC4xx/CpuGeneric/Clock/Std/IfxClock.h ****  *   IfxClock_sampleClockConfig.clockDistribution.perccucon1.mask = IFXCLOCK_CFG_PERCCUCON1_MASK;
 174:../Libraries/iLLD/TC4xx/CpuGeneric/Clock/Std/IfxClock.h ****  *
 175:../Libraries/iLLD/TC4xx/CpuGeneric/Clock/Std/IfxClock.h ****  *
 176:../Libraries/iLLD/TC4xx/CpuGeneric/Clock/Std/IfxClock.h ****  *     // standard PLL & clock initialisation
 177:../Libraries/iLLD/TC4xx/CpuGeneric/Clock/Std/IfxClock.h ****  *     IfxClock_init(&IfxClock_sampleClockConfig);
 178:../Libraries/iLLD/TC4xx/CpuGeneric/Clock/Std/IfxClock.h ****  *
 179:../Libraries/iLLD/TC4xx/CpuGeneric/Clock/Std/IfxClock.h ****  * \endcode
 180:../Libraries/iLLD/TC4xx/CpuGeneric/Clock/Std/IfxClock.h ****  *
 181:../Libraries/iLLD/TC4xx/CpuGeneric/Clock/Std/IfxClock.h ****  * ** Modulation Configuration **
 182:../Libraries/iLLD/TC4xx/CpuGeneric/Clock/Std/IfxClock.h ****  * The CLOCK CCU module also provides an option to Frequency Modulate the clock.
 183:../Libraries/iLLD/TC4xx/CpuGeneric/Clock/Std/IfxClock.h ****  * The Modulation configuration can be done as follows:
 184:../Libraries/iLLD/TC4xx/CpuGeneric/Clock/Std/IfxClock.h ****  *
 185:../Libraries/iLLD/TC4xx/CpuGeneric/Clock/Std/IfxClock.h ****  * \code
 186:../Libraries/iLLD/TC4xx/CpuGeneric/Clock/Std/IfxClock.h ****  *
 187:../Libraries/iLLD/TC4xx/CpuGeneric/Clock/Std/IfxClock.h ****  * //define your modulation configuration structure:
 188:../Libraries/iLLD/TC4xx/CpuGeneric/Clock/Std/IfxClock.h ****  *
 189:../Libraries/iLLD/TC4xx/CpuGeneric/Clock/Std/IfxClock.h ****  *  IFX_CONST IfxClock_Mod_Config IfxClock_SampleModConfig = {
 190:../Libraries/iLLD/TC4xx/CpuGeneric/Clock/Std/IfxClock.h ****  *          IfxClock_ModEn_disabled,          // disable is default //enable / disable modulation
 191:../Libraries/iLLD/TC4xx/CpuGeneric/Clock/Std/IfxClock.h ****  *          IfxClock_ModulationAmplitude_0p5, // default 0 value  // specify the modulation amplitu
 192:../Libraries/iLLD/TC4xx/CpuGeneric/Clock/Std/IfxClock.h ****  *
 193:../Libraries/iLLD/TC4xx/CpuGeneric/Clock/Std/IfxClock.h ****  *   // calibration configs
 194:../Libraries/iLLD/TC4xx/CpuGeneric/Clock/Std/IfxClock.h ****  *      IfxClock_CalEn_enabled,           // enable cal_en  // enable or disable calibration of mod
 195:../Libraries/iLLD/TC4xx/CpuGeneric/Clock/Std/IfxClock.h ****  *       IfxClock_CalEn_enabled,           // enable ab_cal_en
 196:../Libraries/iLLD/TC4xx/CpuGeneric/Clock/Std/IfxClock.h ****  *      0,
 197:../Libraries/iLLD/TC4xx/CpuGeneric/Clock/Std/IfxClock.h ****  *
 198:../Libraries/iLLD/TC4xx/CpuGeneric/Clock/Std/IfxClock.h ****  *   // delays and xcorr avg config
 199:../Libraries/iLLD/TC4xx/CpuGeneric/Clock/Std/IfxClock.h ****  *       0,                                 /// 0 sys emc delay
 200:../Libraries/iLLD/TC4xx/CpuGeneric/Clock/Std/IfxClock.h ****  *      3,                                 // xcorr delay defaults to 3
 201:../Libraries/iLLD/TC4xx/CpuGeneric/Clock/Std/IfxClock.h ****  *      3,                                 // xcorr avg sel defaults to 3
 202:../Libraries/iLLD/TC4xx/CpuGeneric/Clock/Std/IfxClock.h ****  *       0                                  // Per EMC Delay
 203:../Libraries/iLLD/TC4xx/CpuGeneric/Clock/Std/IfxClock.h ****  *
 204:../Libraries/iLLD/TC4xx/CpuGeneric/Clock/Std/IfxClock.h ****  *  }
 205:../Libraries/iLLD/TC4xx/CpuGeneric/Clock/Std/IfxClock.h ****  *  // put this as part of the CCU configuration:
 206:../Libraries/iLLD/TC4xx/CpuGeneric/Clock/Std/IfxClock.h ****  *  IfxClock_sampleClockConfig.modulationConfig = &IfxClock_SampleModConfig;
 207:../Libraries/iLLD/TC4xx/CpuGeneric/Clock/Std/IfxClock.h ****  *
 208:../Libraries/iLLD/TC4xx/CpuGeneric/Clock/Std/IfxClock.h ****  *  // now initialize the CCU PLL and clock with the init function
 209:../Libraries/iLLD/TC4xx/CpuGeneric/Clock/Std/IfxClock.h ****  *  IfxClock_init(&IfxClock_sampleClockConfig)
 210:../Libraries/iLLD/TC4xx/CpuGeneric/Clock/Std/IfxClock.h ****  * \endcode
 211:../Libraries/iLLD/TC4xx/CpuGeneric/Clock/Std/IfxClock.h ****  *
 212:../Libraries/iLLD/TC4xx/CpuGeneric/Clock/Std/IfxClock.h ****  * \}
 213:../Libraries/iLLD/TC4xx/CpuGeneric/Clock/Std/IfxClock.h ****  * \}
 214:../Libraries/iLLD/TC4xx/CpuGeneric/Clock/Std/IfxClock.h ****  *
 215:../Libraries/iLLD/TC4xx/CpuGeneric/Clock/Std/IfxClock.h ****  * \defgroup IfxLld_Clock_Std_Ccu Clock Control Functions
 216:../Libraries/iLLD/TC4xx/CpuGeneric/Clock/Std/IfxClock.h ****  * \ingroup IfxLld_Clock_Std
 217:../Libraries/iLLD/TC4xx/CpuGeneric/Clock/Std/IfxClock.h ****  * \defgroup IfxLld_Clock_Std_Ccu_Operative Clock Control Operative Functions
 218:../Libraries/iLLD/TC4xx/CpuGeneric/Clock/Std/IfxClock.h ****  * \ingroup IfxLld_Clock_Std
 219:../Libraries/iLLD/TC4xx/CpuGeneric/Clock/Std/IfxClock.h ****  * \defgroup IfxLld_Clock_Std_Ccu_Configuration Clock Control Configuration Functions
 220:../Libraries/iLLD/TC4xx/CpuGeneric/Clock/Std/IfxClock.h ****  * \ingroup IfxLld_Clock_Std
 221:../Libraries/iLLD/TC4xx/CpuGeneric/Clock/Std/IfxClock.h ****  * \defgroup IfxLld_Clock_Std_Enum Enumerations
 222:../Libraries/iLLD/TC4xx/CpuGeneric/Clock/Std/IfxClock.h ****  * \ingroup IfxLld_Clock_Std
 223:../Libraries/iLLD/TC4xx/CpuGeneric/Clock/Std/IfxClock.h ****  * \defgroup IfxLld_Clock_Std_Ccu_Configuration Clock Control Configuration Structures
 224:../Libraries/iLLD/TC4xx/CpuGeneric/Clock/Std/IfxClock.h ****  * \ingroup IfxLld_Clock_Std
 225:../Libraries/iLLD/TC4xx/CpuGeneric/Clock/Std/IfxClock.h ****  */
 226:../Libraries/iLLD/TC4xx/CpuGeneric/Clock/Std/IfxClock.h **** 
 227:../Libraries/iLLD/TC4xx/CpuGeneric/Clock/Std/IfxClock.h **** #ifndef IFXCLOCK_H
 228:../Libraries/iLLD/TC4xx/CpuGeneric/Clock/Std/IfxClock.h **** #define IFXCLOCK_H 1
 229:../Libraries/iLLD/TC4xx/CpuGeneric/Clock/Std/IfxClock.h **** 
 230:../Libraries/iLLD/TC4xx/CpuGeneric/Clock/Std/IfxClock.h **** /******************************************************************************/
 231:../Libraries/iLLD/TC4xx/CpuGeneric/Clock/Std/IfxClock.h **** /*----------------------------------Includes----------------------------------*/
 232:../Libraries/iLLD/TC4xx/CpuGeneric/Clock/Std/IfxClock.h **** /******************************************************************************/
 233:../Libraries/iLLD/TC4xx/CpuGeneric/Clock/Std/IfxClock.h **** 
 234:../Libraries/iLLD/TC4xx/CpuGeneric/Clock/Std/IfxClock.h **** #include "_Impl/IfxClock_cfg.h"
 235:../Libraries/iLLD/TC4xx/CpuGeneric/Clock/Std/IfxClock.h **** #if !defined(IFX_ILLD_PPU_USAGE)
 236:../Libraries/iLLD/TC4xx/CpuGeneric/Clock/Std/IfxClock.h **** #include "Cpu/Std/IfxCpu_Intrinsics.h"
 237:../Libraries/iLLD/TC4xx/CpuGeneric/Clock/Std/IfxClock.h **** #endif
 238:../Libraries/iLLD/TC4xx/CpuGeneric/Clock/Std/IfxClock.h **** #if defined(IFX_ILLD_PPU_USAGE)
 239:../Libraries/iLLD/TC4xx/CpuGeneric/Clock/Std/IfxClock.h **** #include "Ppu/Std/IfxPpu_Intrinsics.h"
 240:../Libraries/iLLD/TC4xx/CpuGeneric/Clock/Std/IfxClock.h **** #endif
 241:../Libraries/iLLD/TC4xx/CpuGeneric/Clock/Std/IfxClock.h **** #include "IfxCpu_reg.h"
 242:../Libraries/iLLD/TC4xx/CpuGeneric/Clock/Std/IfxClock.h **** #include "IfxClock_reg.h"
 243:../Libraries/iLLD/TC4xx/CpuGeneric/Clock/Std/IfxClock.h **** #if IFXCLOCK_IS_EXTCLK_ERAY_AVAILABLE
 244:../Libraries/iLLD/TC4xx/CpuGeneric/Clock/Std/IfxClock.h **** #include "IfxEray_reg.h"
 245:../Libraries/iLLD/TC4xx/CpuGeneric/Clock/Std/IfxClock.h **** #endif /* #if IFXCLOCK_IS_EXTCLK_ERAY_AVAILABLE */
 246:../Libraries/iLLD/TC4xx/CpuGeneric/Clock/Std/IfxClock.h **** #include "Ap/Std/IfxApProt.h"
 247:../Libraries/iLLD/TC4xx/CpuGeneric/Clock/Std/IfxClock.h **** #include "Ap/Std/IfxApApu.h"
 248:../Libraries/iLLD/TC4xx/CpuGeneric/Clock/Std/IfxClock.h **** #include "_Utilities/Ifx_Assert.h"
 249:../Libraries/iLLD/TC4xx/CpuGeneric/Clock/Std/IfxClock.h **** #if !defined(IFX_ILLD_PPU_USAGE)
 250:../Libraries/iLLD/TC4xx/CpuGeneric/Clock/Std/IfxClock.h **** #include "Smu/Std/IfxSmu.h"
 251:../Libraries/iLLD/TC4xx/CpuGeneric/Clock/Std/IfxClock.h **** #endif
 252:../Libraries/iLLD/TC4xx/CpuGeneric/Clock/Std/IfxClock.h **** #if !defined(IFX_ILLD_PPU_USAGE)
 253:../Libraries/iLLD/TC4xx/CpuGeneric/Clock/Std/IfxClock.h **** #include "Wtu/Std/IfxWtu.h"
 254:../Libraries/iLLD/TC4xx/CpuGeneric/Clock/Std/IfxClock.h **** #endif
 255:../Libraries/iLLD/TC4xx/CpuGeneric/Clock/Std/IfxClock.h **** 
 256:../Libraries/iLLD/TC4xx/CpuGeneric/Clock/Std/IfxClock.h **** /******************************************************************************/
 257:../Libraries/iLLD/TC4xx/CpuGeneric/Clock/Std/IfxClock.h **** /*-----------------------------------Macros-----------------------------------*/
 258:../Libraries/iLLD/TC4xx/CpuGeneric/Clock/Std/IfxClock.h **** /******************************************************************************/
 259:../Libraries/iLLD/TC4xx/CpuGeneric/Clock/Std/IfxClock.h **** 
 260:../Libraries/iLLD/TC4xx/CpuGeneric/Clock/Std/IfxClock.h **** /** \brief ~40uS max wait time
 261:../Libraries/iLLD/TC4xx/CpuGeneric/Clock/Std/IfxClock.h ****  */
 262:../Libraries/iLLD/TC4xx/CpuGeneric/Clock/Std/IfxClock.h **** #ifndef IFXCLOCK_CCUCON_LCK_BIT_TIMEOUT_COUNT
 263:../Libraries/iLLD/TC4xx/CpuGeneric/Clock/Std/IfxClock.h **** #define IFXCLOCK_CCUCON_LCK_BIT_TIMEOUT_COUNT     (0x1000U)
 264:../Libraries/iLLD/TC4xx/CpuGeneric/Clock/Std/IfxClock.h **** #endif
 265:../Libraries/iLLD/TC4xx/CpuGeneric/Clock/Std/IfxClock.h **** 
 266:../Libraries/iLLD/TC4xx/CpuGeneric/Clock/Std/IfxClock.h **** /** \brief x max wait time for PLL locking
 267:../Libraries/iLLD/TC4xx/CpuGeneric/Clock/Std/IfxClock.h ****  */
 268:../Libraries/iLLD/TC4xx/CpuGeneric/Clock/Std/IfxClock.h **** #ifndef IFXCLOCK_PLL_LOCK_TIMEOUT_COUNT
 269:../Libraries/iLLD/TC4xx/CpuGeneric/Clock/Std/IfxClock.h **** #define IFXCLOCK_PLL_LOCK_TIMEOUT_COUNT           (0xF000U)
 270:../Libraries/iLLD/TC4xx/CpuGeneric/Clock/Std/IfxClock.h **** #endif
 271:../Libraries/iLLD/TC4xx/CpuGeneric/Clock/Std/IfxClock.h **** 
 272:../Libraries/iLLD/TC4xx/CpuGeneric/Clock/Std/IfxClock.h **** /** \brief
 273:../Libraries/iLLD/TC4xx/CpuGeneric/Clock/Std/IfxClock.h ****  */
 274:../Libraries/iLLD/TC4xx/CpuGeneric/Clock/Std/IfxClock.h **** #ifndef IFXCLOCK_PLL_RAMPOSC_TIMEOUT_COUNT
 275:../Libraries/iLLD/TC4xx/CpuGeneric/Clock/Std/IfxClock.h **** #define IFXCLOCK_PLL_RAMPOSC_TIMEOUT_COUNT        (0x1FFFFFU)
 276:../Libraries/iLLD/TC4xx/CpuGeneric/Clock/Std/IfxClock.h **** #endif
 277:../Libraries/iLLD/TC4xx/CpuGeneric/Clock/Std/IfxClock.h **** 
 278:../Libraries/iLLD/TC4xx/CpuGeneric/Clock/Std/IfxClock.h **** /** \brief ~122uS max wait time for PLL power down/up state update
 279:../Libraries/iLLD/TC4xx/CpuGeneric/Clock/Std/IfxClock.h ****  */
 280:../Libraries/iLLD/TC4xx/CpuGeneric/Clock/Std/IfxClock.h **** #ifndef IFXCLOCK_SYSPLLSTAT_PWDSTAT_TIMEOUT_COUNT
 281:../Libraries/iLLD/TC4xx/CpuGeneric/Clock/Std/IfxClock.h **** #define IFXCLOCK_SYSPLLSTAT_PWDSTAT_TIMEOUT_COUNT (0x3000U)
 282:../Libraries/iLLD/TC4xx/CpuGeneric/Clock/Std/IfxClock.h **** #endif
 283:../Libraries/iLLD/TC4xx/CpuGeneric/Clock/Std/IfxClock.h **** 
 284:../Libraries/iLLD/TC4xx/CpuGeneric/Clock/Std/IfxClock.h **** #define IFXCLOCK_LOOP_TIMEOUT_CHECK(tVar, tErr) \
 285:../Libraries/iLLD/TC4xx/CpuGeneric/Clock/Std/IfxClock.h ****     {                                           \
 286:../Libraries/iLLD/TC4xx/CpuGeneric/Clock/Std/IfxClock.h ****         if (((sint32)--tVar) <= 0)              \
 287:../Libraries/iLLD/TC4xx/CpuGeneric/Clock/Std/IfxClock.h ****         {                                       \
 288:../Libraries/iLLD/TC4xx/CpuGeneric/Clock/Std/IfxClock.h ****             tErr = (uint8)1;                    \
 289:../Libraries/iLLD/TC4xx/CpuGeneric/Clock/Std/IfxClock.h ****             break;                              \
 290:../Libraries/iLLD/TC4xx/CpuGeneric/Clock/Std/IfxClock.h ****         }                                       \
 291:../Libraries/iLLD/TC4xx/CpuGeneric/Clock/Std/IfxClock.h ****         else                                    \
 292:../Libraries/iLLD/TC4xx/CpuGeneric/Clock/Std/IfxClock.h ****         {                                       \
 293:../Libraries/iLLD/TC4xx/CpuGeneric/Clock/Std/IfxClock.h ****         }                                       \
 294:../Libraries/iLLD/TC4xx/CpuGeneric/Clock/Std/IfxClock.h ****     }
 295:../Libraries/iLLD/TC4xx/CpuGeneric/Clock/Std/IfxClock.h **** 
 296:../Libraries/iLLD/TC4xx/CpuGeneric/Clock/Std/IfxClock.h **** /** \brief Modulation frequency
 297:../Libraries/iLLD/TC4xx/CpuGeneric/Clock/Std/IfxClock.h ****  */
 298:../Libraries/iLLD/TC4xx/CpuGeneric/Clock/Std/IfxClock.h **** #define IFXCLOCK_MODULATION_FREQ_HZ               (3600000)
 299:../Libraries/iLLD/TC4xx/CpuGeneric/Clock/Std/IfxClock.h **** 
 300:../Libraries/iLLD/TC4xx/CpuGeneric/Clock/Std/IfxClock.h **** /** \brief x-correlation lower limit is set to 150
 301:../Libraries/iLLD/TC4xx/CpuGeneric/Clock/Std/IfxClock.h ****  */
 302:../Libraries/iLLD/TC4xx/CpuGeneric/Clock/Std/IfxClock.h **** #define IFXCLOCK_XCORR_LOWER_LIMIT                ((uint32)150)
 303:../Libraries/iLLD/TC4xx/CpuGeneric/Clock/Std/IfxClock.h **** 
 304:../Libraries/iLLD/TC4xx/CpuGeneric/Clock/Std/IfxClock.h **** /** \brief higher limit for XCORR is set to 350
 305:../Libraries/iLLD/TC4xx/CpuGeneric/Clock/Std/IfxClock.h ****  */
 306:../Libraries/iLLD/TC4xx/CpuGeneric/Clock/Std/IfxClock.h **** #define IFXCLOCK_XCORR_HIGHER_LIMIT               ((uint32)350)
 307:../Libraries/iLLD/TC4xx/CpuGeneric/Clock/Std/IfxClock.h **** 
 308:../Libraries/iLLD/TC4xx/CpuGeneric/Clock/Std/IfxClock.h **** /** \brief MODCFG shift value for SYSPLLCON2
 309:../Libraries/iLLD/TC4xx/CpuGeneric/Clock/Std/IfxClock.h ****  */
 310:../Libraries/iLLD/TC4xx/CpuGeneric/Clock/Std/IfxClock.h **** #define IFXCLOCK_MODCFG_DEFAULT_SHIFT             (10)
 311:../Libraries/iLLD/TC4xx/CpuGeneric/Clock/Std/IfxClock.h **** 
 312:../Libraries/iLLD/TC4xx/CpuGeneric/Clock/Std/IfxClock.h **** /** \brief MODCFG default value - for SYSPLLCON2[15:10]
 313:../Libraries/iLLD/TC4xx/CpuGeneric/Clock/Std/IfxClock.h ****  */
 314:../Libraries/iLLD/TC4xx/CpuGeneric/Clock/Std/IfxClock.h **** #define IFXCLOCK_MODCFG_DEFAULT_VAL               ((uint32)0x1D)
 315:../Libraries/iLLD/TC4xx/CpuGeneric/Clock/Std/IfxClock.h **** 
 316:../Libraries/iLLD/TC4xx/CpuGeneric/Clock/Std/IfxClock.h **** /** \brief get Rgain from MA and FDco
 317:../Libraries/iLLD/TC4xx/CpuGeneric/Clock/Std/IfxClock.h ****  */
 318:../Libraries/iLLD/TC4xx/CpuGeneric/Clock/Std/IfxClock.h **** #define IFXCLOCK_GET_RGAIN_NOM(MA, FDco)           ((2 * (MA / 100) * (FDco / IFXCLOCK_MODULATION_F
 319:../Libraries/iLLD/TC4xx/CpuGeneric/Clock/Std/IfxClock.h **** 
 320:../Libraries/iLLD/TC4xx/CpuGeneric/Clock/Std/IfxClock.h **** /** \brief Get RGAin HEX from RGain Nominal value
 321:../Libraries/iLLD/TC4xx/CpuGeneric/Clock/Std/IfxClock.h ****  */
 322:../Libraries/iLLD/TC4xx/CpuGeneric/Clock/Std/IfxClock.h **** #define IFXCLOCK_GET_RGAIN_HEX(RGain_Nom)          ((uint16)((RGain_Nom * 32) + 0.5f))
 323:../Libraries/iLLD/TC4xx/CpuGeneric/Clock/Std/IfxClock.h **** 
 324:../Libraries/iLLD/TC4xx/CpuGeneric/Clock/Std/IfxClock.h **** /** \brief Get MODCFG from RGAIN_HEX
 325:../Libraries/iLLD/TC4xx/CpuGeneric/Clock/Std/IfxClock.h ****  */
 326:../Libraries/iLLD/TC4xx/CpuGeneric/Clock/Std/IfxClock.h **** #define IFXCLOCK_GET_MODCFG(RGain_Hex)             ((uint16)(IFXCLOCK_MODCFG_DEFAULT_VAL << IFXCLOC
 327:../Libraries/iLLD/TC4xx/CpuGeneric/Clock/Std/IfxClock.h **** 
 328:../Libraries/iLLD/TC4xx/CpuGeneric/Clock/Std/IfxClock.h **** /** \brief Get the Delta RnD Value
 329:../Libraries/iLLD/TC4xx/CpuGeneric/Clock/Std/IfxClock.h ****  */
 330:../Libraries/iLLD/TC4xx/CpuGeneric/Clock/Std/IfxClock.h **** #define IFXCLOCK_GET_DELTA_RANDD(RGain_Hex)        ((uint32)((RGain_Hex / 10) > 2 ? (RGain_Hex / 10
 331:../Libraries/iLLD/TC4xx/CpuGeneric/Clock/Std/IfxClock.h **** 
 332:../Libraries/iLLD/TC4xx/CpuGeneric/Clock/Std/IfxClock.h **** /** \brief Get XCorr Nom value from FOsc and from the XGain
 333:../Libraries/iLLD/TC4xx/CpuGeneric/Clock/Std/IfxClock.h ****  */
 334:../Libraries/iLLD/TC4xx/CpuGeneric/Clock/Std/IfxClock.h **** #define IFXCLOCK_GET_XCORR_NOM(FOsc, RGain, XGain) ((1184.0f / FOsc) * RGain * XGain)
 335:../Libraries/iLLD/TC4xx/CpuGeneric/Clock/Std/IfxClock.h **** 
 336:../Libraries/iLLD/TC4xx/CpuGeneric/Clock/Std/IfxClock.h **** /** \brief Get XCorr hex value from XCORR nominal
 337:../Libraries/iLLD/TC4xx/CpuGeneric/Clock/Std/IfxClock.h ****  */
 338:../Libraries/iLLD/TC4xx/CpuGeneric/Clock/Std/IfxClock.h **** #define IFXCLOCK_GET_XCORR_HEX(XCorr_Nom)          ((uint32)(XCorr_Nom + 0.5f))
 339:../Libraries/iLLD/TC4xx/CpuGeneric/Clock/Std/IfxClock.h **** 
 340:../Libraries/iLLD/TC4xx/CpuGeneric/Clock/Std/IfxClock.h **** /** \brief Get XTOL value from the XCORR
 341:../Libraries/iLLD/TC4xx/CpuGeneric/Clock/Std/IfxClock.h ****  */
 342:../Libraries/iLLD/TC4xx/CpuGeneric/Clock/Std/IfxClock.h **** #define IFXCLOCK_GET_XTOL(XCorr)                   ((uint32)((XCorr / 20) > 10 ? (XCorr / 20) : 10)
 343:../Libraries/iLLD/TC4xx/CpuGeneric/Clock/Std/IfxClock.h **** 
 344:../Libraries/iLLD/TC4xx/CpuGeneric/Clock/Std/IfxClock.h **** /** \brief
 345:../Libraries/iLLD/TC4xx/CpuGeneric/Clock/Std/IfxClock.h ****  */
 346:../Libraries/iLLD/TC4xx/CpuGeneric/Clock/Std/IfxClock.h **** #ifndef IFXCLOCK_PLL_K2DIV_COUNT
 347:../Libraries/iLLD/TC4xx/CpuGeneric/Clock/Std/IfxClock.h **** #define IFXCLOCK_PLL_K2DIV_COUNT                     (6)
 348:../Libraries/iLLD/TC4xx/CpuGeneric/Clock/Std/IfxClock.h **** #endif
 349:../Libraries/iLLD/TC4xx/CpuGeneric/Clock/Std/IfxClock.h **** 
 350:../Libraries/iLLD/TC4xx/CpuGeneric/Clock/Std/IfxClock.h **** /** \brief Divider generic macro
 351:../Libraries/iLLD/TC4xx/CpuGeneric/Clock/Std/IfxClock.h ****  */
 352:../Libraries/iLLD/TC4xx/CpuGeneric/Clock/Std/IfxClock.h **** #define IFXCLOCK_DIVIDER_15                          (15)
 353:../Libraries/iLLD/TC4xx/CpuGeneric/Clock/Std/IfxClock.h **** 
 354:../Libraries/iLLD/TC4xx/CpuGeneric/Clock/Std/IfxClock.h **** /** \brief Divider generic macro
 355:../Libraries/iLLD/TC4xx/CpuGeneric/Clock/Std/IfxClock.h ****  */
 356:../Libraries/iLLD/TC4xx/CpuGeneric/Clock/Std/IfxClock.h **** #define IFXCLOCK_DIVIDER_1                           (1)
 357:../Libraries/iLLD/TC4xx/CpuGeneric/Clock/Std/IfxClock.h **** 
 358:../Libraries/iLLD/TC4xx/CpuGeneric/Clock/Std/IfxClock.h **** /** \brief 3 millisecond wait time for Crystal Osc to stabilize
 359:../Libraries/iLLD/TC4xx/CpuGeneric/Clock/Std/IfxClock.h ****  */
 360:../Libraries/iLLD/TC4xx/CpuGeneric/Clock/Std/IfxClock.h **** #ifndef IFXCLOCK_OSC_WAITTIME
 361:../Libraries/iLLD/TC4xx/CpuGeneric/Clock/Std/IfxClock.h **** #define IFXCLOCK_OSC_WAITTIME                        (0.003f)
 362:../Libraries/iLLD/TC4xx/CpuGeneric/Clock/Std/IfxClock.h **** #endif
 363:../Libraries/iLLD/TC4xx/CpuGeneric/Clock/Std/IfxClock.h **** 
 364:../Libraries/iLLD/TC4xx/CpuGeneric/Clock/Std/IfxClock.h **** /** \brief 10ns wait time for SysPLL k2 step
 365:../Libraries/iLLD/TC4xx/CpuGeneric/Clock/Std/IfxClock.h ****  */
 366:../Libraries/iLLD/TC4xx/CpuGeneric/Clock/Std/IfxClock.h **** #ifndef IFXCLOCK_SYSPLL_K2STEP_WAITTIME
 367:../Libraries/iLLD/TC4xx/CpuGeneric/Clock/Std/IfxClock.h **** #define IFXCLOCK_SYSPLL_K2STEP_WAITTIME              (0.00000001f)
 368:../Libraries/iLLD/TC4xx/CpuGeneric/Clock/Std/IfxClock.h **** #endif
 369:../Libraries/iLLD/TC4xx/CpuGeneric/Clock/Std/IfxClock.h **** 
 370:../Libraries/iLLD/TC4xx/CpuGeneric/Clock/Std/IfxClock.h **** /** \brief 1ms wait time after powering up SYSPLL
 371:../Libraries/iLLD/TC4xx/CpuGeneric/Clock/Std/IfxClock.h ****  */
 372:../Libraries/iLLD/TC4xx/CpuGeneric/Clock/Std/IfxClock.h **** #ifndef IFXCLOCK_SYSPLL_POWERUP_WAITTIME
 373:../Libraries/iLLD/TC4xx/CpuGeneric/Clock/Std/IfxClock.h **** #define IFXCLOCK_SYSPLL_POWERUP_WAITTIME             (0.001f)
 374:../Libraries/iLLD/TC4xx/CpuGeneric/Clock/Std/IfxClock.h **** #endif
 375:../Libraries/iLLD/TC4xx/CpuGeneric/Clock/Std/IfxClock.h **** 
 376:../Libraries/iLLD/TC4xx/CpuGeneric/Clock/Std/IfxClock.h **** /** \brief 1ms wait time after powering up PERPLL
 377:../Libraries/iLLD/TC4xx/CpuGeneric/Clock/Std/IfxClock.h ****  */
 378:../Libraries/iLLD/TC4xx/CpuGeneric/Clock/Std/IfxClock.h **** #ifndef IFXCLOCK_PERPLL_POWERUP_WAITTIME
 379:../Libraries/iLLD/TC4xx/CpuGeneric/Clock/Std/IfxClock.h **** #define IFXCLOCK_PERPLL_POWERUP_WAITTIME             (0.001f)
 380:../Libraries/iLLD/TC4xx/CpuGeneric/Clock/Std/IfxClock.h **** #endif
 381:../Libraries/iLLD/TC4xx/CpuGeneric/Clock/Std/IfxClock.h **** 
 382:../Libraries/iLLD/TC4xx/CpuGeneric/Clock/Std/IfxClock.h **** /** \brief 100 micro seconds wait time after LCK lock bit set
 383:../Libraries/iLLD/TC4xx/CpuGeneric/Clock/Std/IfxClock.h ****  */
 384:../Libraries/iLLD/TC4xx/CpuGeneric/Clock/Std/IfxClock.h **** #ifndef IFXCLOCK_CCUSTAT_LCK_BIT_TIMEOUT_COUNT
 385:../Libraries/iLLD/TC4xx/CpuGeneric/Clock/Std/IfxClock.h **** #define IFXCLOCK_CCUSTAT_LCK_BIT_TIMEOUT_COUNT       (0x2710U)
 386:../Libraries/iLLD/TC4xx/CpuGeneric/Clock/Std/IfxClock.h **** #endif
 387:../Libraries/iLLD/TC4xx/CpuGeneric/Clock/Std/IfxClock.h **** 
 388:../Libraries/iLLD/TC4xx/CpuGeneric/Clock/Std/IfxClock.h **** /** \brief 10 micro seconds wait time after LCK lock bit set
 389:../Libraries/iLLD/TC4xx/CpuGeneric/Clock/Std/IfxClock.h ****  */
 390:../Libraries/iLLD/TC4xx/CpuGeneric/Clock/Std/IfxClock.h **** #ifndef IFXCLOCK_CCUSTAT_LCK_WAITTIME
 391:../Libraries/iLLD/TC4xx/CpuGeneric/Clock/Std/IfxClock.h **** #define IFXCLOCK_CCUSTAT_LCK_WAITTIME                (0.00001f)
 392:../Libraries/iLLD/TC4xx/CpuGeneric/Clock/Std/IfxClock.h **** #endif
 393:../Libraries/iLLD/TC4xx/CpuGeneric/Clock/Std/IfxClock.h **** 
 394:../Libraries/iLLD/TC4xx/CpuGeneric/Clock/Std/IfxClock.h **** /** \brief System PLL KxPREDIV and KxDIV initial value
 395:../Libraries/iLLD/TC4xx/CpuGeneric/Clock/Std/IfxClock.h ****  */
 396:../Libraries/iLLD/TC4xx/CpuGeneric/Clock/Std/IfxClock.h **** #ifndef IFXCLOCK_SYSPLL_KXDIV_KXPREDIV_INITIAL_VALUE
 397:../Libraries/iLLD/TC4xx/CpuGeneric/Clock/Std/IfxClock.h **** #define IFXCLOCK_SYSPLL_KXDIV_KXPREDIV_INITIAL_VALUE (IFXCLOCK_SYSPLL_KXDIV_KXPREDIV_VALUE)
 398:../Libraries/iLLD/TC4xx/CpuGeneric/Clock/Std/IfxClock.h **** #endif /* #ifndef IFXCLOCK_SYSPLL_KXDIV_KXPREDIV_INITIAL_VALUE */
 399:../Libraries/iLLD/TC4xx/CpuGeneric/Clock/Std/IfxClock.h **** 
 400:../Libraries/iLLD/TC4xx/CpuGeneric/Clock/Std/IfxClock.h **** /** \brief 100 nano seconds wait time to ensure toggling of CAL_EN bit in CLOCK_SMODCON0
 401:../Libraries/iLLD/TC4xx/CpuGeneric/Clock/Std/IfxClock.h ****  */
 402:../Libraries/iLLD/TC4xx/CpuGeneric/Clock/Std/IfxClock.h **** #ifndef IFXCLOCK_MODULATION_CAL_EN_TOGGLE_WAIT_TIME
 403:../Libraries/iLLD/TC4xx/CpuGeneric/Clock/Std/IfxClock.h **** #define IFXCLOCK_MODULATION_CAL_EN_TOGGLE_WAIT_TIME  (0.0000001f)
 404:../Libraries/iLLD/TC4xx/CpuGeneric/Clock/Std/IfxClock.h **** #endif
 405:../Libraries/iLLD/TC4xx/CpuGeneric/Clock/Std/IfxClock.h **** 
 406:../Libraries/iLLD/TC4xx/CpuGeneric/Clock/Std/IfxClock.h **** #if defined(DEVICE_TC48XAA) || defined(DEVICE_TC48X) || defined(DEVICE_TC46X) || defined(DEVICE_TC4
 407:../Libraries/iLLD/TC4xx/CpuGeneric/Clock/Std/IfxClock.h **** /** \brief 100 micro seconds wait time after LCK lock bit set
 408:../Libraries/iLLD/TC4xx/CpuGeneric/Clock/Std/IfxClock.h ****  */
 409:../Libraries/iLLD/TC4xx/CpuGeneric/Clock/Std/IfxClock.h **** #ifndef IFXCLOCK_CCUSTAT_LCKLOCK_WAITTIME
 410:../Libraries/iLLD/TC4xx/CpuGeneric/Clock/Std/IfxClock.h **** #define IFXCLOCK_CCUSTAT_LCKLOCK_WAITTIME            (0.0001f)
 411:../Libraries/iLLD/TC4xx/CpuGeneric/Clock/Std/IfxClock.h **** #endif
 412:../Libraries/iLLD/TC4xx/CpuGeneric/Clock/Std/IfxClock.h **** #endif /* #if defined(DEVICE_TC48XAA) || defined(DEVICE_TC48X) || defined(DEVICE_TC46X) || defined(
 413:../Libraries/iLLD/TC4xx/CpuGeneric/Clock/Std/IfxClock.h **** 
 414:../Libraries/iLLD/TC4xx/CpuGeneric/Clock/Std/IfxClock.h **** #if defined(DEVICE_TC48XAA) || defined(DEVICE_TC48X) || defined(DEVICE_TC44X)  || defined(DEVICE_TC
 415:../Libraries/iLLD/TC4xx/CpuGeneric/Clock/Std/IfxClock.h **** /** \brief NDIV_FRAC register must be limited to one half of the integer division bit fields value
 416:../Libraries/iLLD/TC4xx/CpuGeneric/Clock/Std/IfxClock.h ****  */
 417:../Libraries/iLLD/TC4xx/CpuGeneric/Clock/Std/IfxClock.h **** #ifndef IFXCLOCK_APLLCON2_NDIVINT_DIVIDED_BY_TWO
 418:../Libraries/iLLD/TC4xx/CpuGeneric/Clock/Std/IfxClock.h **** #define IFXCLOCK_APLLCON2_NDIVINT_DIVIDED_BY_TWO     (0x800)
 419:../Libraries/iLLD/TC4xx/CpuGeneric/Clock/Std/IfxClock.h **** #endif
 420:../Libraries/iLLD/TC4xx/CpuGeneric/Clock/Std/IfxClock.h **** 
 421:../Libraries/iLLD/TC4xx/CpuGeneric/Clock/Std/IfxClock.h **** /** \brief 40 micro second wait time for consecutive CPU write updates to the APLLCON2.NDIV_FRAC re
 422:../Libraries/iLLD/TC4xx/CpuGeneric/Clock/Std/IfxClock.h ****  */
 423:../Libraries/iLLD/TC4xx/CpuGeneric/Clock/Std/IfxClock.h **** #ifndef IFXCLOCK_APLL_WAITTIME_FOR_NDIV_FRAC
 424:../Libraries/iLLD/TC4xx/CpuGeneric/Clock/Std/IfxClock.h **** #define IFXCLOCK_APLL_WAITTIME_FOR_NDIV_FRAC         (0.00004f)
 425:../Libraries/iLLD/TC4xx/CpuGeneric/Clock/Std/IfxClock.h **** #endif
 426:../Libraries/iLLD/TC4xx/CpuGeneric/Clock/Std/IfxClock.h **** 
 427:../Libraries/iLLD/TC4xx/CpuGeneric/Clock/Std/IfxClock.h **** /** \brief 1ms wait time after powering up APLL
 428:../Libraries/iLLD/TC4xx/CpuGeneric/Clock/Std/IfxClock.h ****  */
 429:../Libraries/iLLD/TC4xx/CpuGeneric/Clock/Std/IfxClock.h **** #ifndef IFXCLOCK_APLL_POWERUP_WAITTIME
 430:../Libraries/iLLD/TC4xx/CpuGeneric/Clock/Std/IfxClock.h **** #define IFXCLOCK_APLL_POWERUP_WAITTIME               (0.001f)
 431:../Libraries/iLLD/TC4xx/CpuGeneric/Clock/Std/IfxClock.h **** #endif
 432:../Libraries/iLLD/TC4xx/CpuGeneric/Clock/Std/IfxClock.h **** 
 433:../Libraries/iLLD/TC4xx/CpuGeneric/Clock/Std/IfxClock.h **** /** \brief macro to get the value pow(2, 12)
 434:../Libraries/iLLD/TC4xx/CpuGeneric/Clock/Std/IfxClock.h ****  */
 435:../Libraries/iLLD/TC4xx/CpuGeneric/Clock/Std/IfxClock.h **** #ifndef IFXCLOCK_TWO_POWER_TWELVE_CONSTANT
 436:../Libraries/iLLD/TC4xx/CpuGeneric/Clock/Std/IfxClock.h **** #define IFXCLOCK_TWO_POWER_TWELVE_CONSTANT           (0x1000U)
 437:../Libraries/iLLD/TC4xx/CpuGeneric/Clock/Std/IfxClock.h **** #endif
 438:../Libraries/iLLD/TC4xx/CpuGeneric/Clock/Std/IfxClock.h **** #endif /* #if defined(DEVICE_TC48XAA) || defined(DEVICE_TC48X) || defined(DEVICE_TC44X)  || defined
 439:../Libraries/iLLD/TC4xx/CpuGeneric/Clock/Std/IfxClock.h **** 
 440:../Libraries/iLLD/TC4xx/CpuGeneric/Clock/Std/IfxClock.h **** /** \brief Peripheral PLL KxPREDIV initial value
 441:../Libraries/iLLD/TC4xx/CpuGeneric/Clock/Std/IfxClock.h ****  */
 442:../Libraries/iLLD/TC4xx/CpuGeneric/Clock/Std/IfxClock.h **** #ifndef IFXCLOCK_PERPLL_KXPREDIV_INITIAL_VALUE
 443:../Libraries/iLLD/TC4xx/CpuGeneric/Clock/Std/IfxClock.h **** #define IFXCLOCK_PERPLL_KXPREDIV_INITIAL_VALUE       (0x0010A010)
 444:../Libraries/iLLD/TC4xx/CpuGeneric/Clock/Std/IfxClock.h **** #endif
 445:../Libraries/iLLD/TC4xx/CpuGeneric/Clock/Std/IfxClock.h **** 
 446:../Libraries/iLLD/TC4xx/CpuGeneric/Clock/Std/IfxClock.h **** /** \brief Peripheral PLL KxDIV initial value
 447:../Libraries/iLLD/TC4xx/CpuGeneric/Clock/Std/IfxClock.h ****  */
 448:../Libraries/iLLD/TC4xx/CpuGeneric/Clock/Std/IfxClock.h **** #ifndef IFXCLOCK_PERPLL_KXDIV_INITIAL_VALUE
 449:../Libraries/iLLD/TC4xx/CpuGeneric/Clock/Std/IfxClock.h **** #define IFXCLOCK_PERPLL_KXDIV_INITIAL_VALUE          (0x00010101)
 450:../Libraries/iLLD/TC4xx/CpuGeneric/Clock/Std/IfxClock.h **** #endif
 451:../Libraries/iLLD/TC4xx/CpuGeneric/Clock/Std/IfxClock.h **** 
 452:../Libraries/iLLD/TC4xx/CpuGeneric/Clock/Std/IfxClock.h **** #if defined(DEVICE_TC46X) || defined(DEVICE_TC46XAA) || defined(DEVICE_TC4EX) || defined(DEVICE_TC4
 453:../Libraries/iLLD/TC4xx/CpuGeneric/Clock/Std/IfxClock.h **** /** \brief Peripheral PLL KxPREDIV and KxDIV initial value
 454:../Libraries/iLLD/TC4xx/CpuGeneric/Clock/Std/IfxClock.h ****  */
 455:../Libraries/iLLD/TC4xx/CpuGeneric/Clock/Std/IfxClock.h **** #ifndef IFXCLOCK_PERPLL_KXDIV_KXPREDIV_INITIAL_VALUE
 456:../Libraries/iLLD/TC4xx/CpuGeneric/Clock/Std/IfxClock.h **** #define IFXCLOCK_PERPLL_KXDIV_KXPREDIV_INITIAL_VALUE (0x0011A111)
 457:../Libraries/iLLD/TC4xx/CpuGeneric/Clock/Std/IfxClock.h **** #endif
 458:../Libraries/iLLD/TC4xx/CpuGeneric/Clock/Std/IfxClock.h **** #endif /* #if defined(DEVICE_TC46X) || defined(DEVICE_TC46XAA) || defined(DEVICE_TC4EX) */
 459:../Libraries/iLLD/TC4xx/CpuGeneric/Clock/Std/IfxClock.h **** 
 460:../Libraries/iLLD/TC4xx/CpuGeneric/Clock/Std/IfxClock.h **** /******************************************************************************/
 461:../Libraries/iLLD/TC4xx/CpuGeneric/Clock/Std/IfxClock.h **** /*------------------------------Type Definitions------------------------------*/
 462:../Libraries/iLLD/TC4xx/CpuGeneric/Clock/Std/IfxClock.h **** /******************************************************************************/
 463:../Libraries/iLLD/TC4xx/CpuGeneric/Clock/Std/IfxClock.h **** 
 464:../Libraries/iLLD/TC4xx/CpuGeneric/Clock/Std/IfxClock.h **** /** \brief Function pointer type for the hooks
 465:../Libraries/iLLD/TC4xx/CpuGeneric/Clock/Std/IfxClock.h ****  * \retval None
 466:../Libraries/iLLD/TC4xx/CpuGeneric/Clock/Std/IfxClock.h ****  */
 467:../Libraries/iLLD/TC4xx/CpuGeneric/Clock/Std/IfxClock.h **** typedef void (*IfxClock_PllStepsFunctionHook)(void);
 468:../Libraries/iLLD/TC4xx/CpuGeneric/Clock/Std/IfxClock.h **** 
 469:../Libraries/iLLD/TC4xx/CpuGeneric/Clock/Std/IfxClock.h **** /******************************************************************************/
 470:../Libraries/iLLD/TC4xx/CpuGeneric/Clock/Std/IfxClock.h **** /*--------------------------------Enumerations--------------------------------*/
 471:../Libraries/iLLD/TC4xx/CpuGeneric/Clock/Std/IfxClock.h **** /******************************************************************************/
 472:../Libraries/iLLD/TC4xx/CpuGeneric/Clock/Std/IfxClock.h **** 
 473:../Libraries/iLLD/TC4xx/CpuGeneric/Clock/Std/IfxClock.h **** /** \addtogroup IfxLld_Clock_Std_Enum
 474:../Libraries/iLLD/TC4xx/CpuGeneric/Clock/Std/IfxClock.h ****  * \{ */
 475:../Libraries/iLLD/TC4xx/CpuGeneric/Clock/Std/IfxClock.h **** /** \brief calibration enable
 476:../Libraries/iLLD/TC4xx/CpuGeneric/Clock/Std/IfxClock.h ****  */
 477:../Libraries/iLLD/TC4xx/CpuGeneric/Clock/Std/IfxClock.h **** typedef enum
 478:../Libraries/iLLD/TC4xx/CpuGeneric/Clock/Std/IfxClock.h **** {
 479:../Libraries/iLLD/TC4xx/CpuGeneric/Clock/Std/IfxClock.h ****     IfxClock_CalEn_disabled = 0,  /**< \brief disable calibration */
 480:../Libraries/iLLD/TC4xx/CpuGeneric/Clock/Std/IfxClock.h ****     IfxClock_CalEn_enabled  = 1   /**< \brief enable calibration */
 481:../Libraries/iLLD/TC4xx/CpuGeneric/Clock/Std/IfxClock.h **** } IfxClock_CalEn;
 482:../Libraries/iLLD/TC4xx/CpuGeneric/Clock/Std/IfxClock.h **** 
 483:../Libraries/iLLD/TC4xx/CpuGeneric/Clock/Std/IfxClock.h **** /** \brief divider mode selection for EXTCLK0
 484:../Libraries/iLLD/TC4xx/CpuGeneric/Clock/Std/IfxClock.h ****  */
 485:../Libraries/iLLD/TC4xx/CpuGeneric/Clock/Std/IfxClock.h **** typedef enum
 486:../Libraries/iLLD/TC4xx/CpuGeneric/Clock/Std/IfxClock.h **** {
 487:../Libraries/iLLD/TC4xx/CpuGeneric/Clock/Std/IfxClock.h ****     IfxClock_Clk0Mode_normal     = 0, /**< \brief Select normal mode */
 488:../Libraries/iLLD/TC4xx/CpuGeneric/Clock/Std/IfxClock.h ****     IfxClock_Clk0Mode_fractional = 1  /**< \brief Select fractional mode */
 489:../Libraries/iLLD/TC4xx/CpuGeneric/Clock/Std/IfxClock.h **** } IfxClock_Clk0Mode;
 490:../Libraries/iLLD/TC4xx/CpuGeneric/Clock/Std/IfxClock.h **** 
 491:../Libraries/iLLD/TC4xx/CpuGeneric/Clock/Std/IfxClock.h **** /** \brief clock line negation selection for EXTCLK1
 492:../Libraries/iLLD/TC4xx/CpuGeneric/Clock/Std/IfxClock.h ****  * Definition in CLOCK_EXTCON.B.NSEL1
 493:../Libraries/iLLD/TC4xx/CpuGeneric/Clock/Std/IfxClock.h ****  */
 494:../Libraries/iLLD/TC4xx/CpuGeneric/Clock/Std/IfxClock.h **** typedef enum
 495:../Libraries/iLLD/TC4xx/CpuGeneric/Clock/Std/IfxClock.h **** {
 496:../Libraries/iLLD/TC4xx/CpuGeneric/Clock/Std/IfxClock.h ****     IfxClock_Clk1Negation_inverted    = 0, /**< \brief Select inverted signal for EXTCLK1 */
 497:../Libraries/iLLD/TC4xx/CpuGeneric/Clock/Std/IfxClock.h ****     IfxClock_Clk1Negation_nonInverted = 1  /**< \brief Select non inverted signal for EXTCLK1 */
 498:../Libraries/iLLD/TC4xx/CpuGeneric/Clock/Std/IfxClock.h **** } IfxClock_Clk1Negation;
 499:../Libraries/iLLD/TC4xx/CpuGeneric/Clock/Std/IfxClock.h **** 
 500:../Libraries/iLLD/TC4xx/CpuGeneric/Clock/Std/IfxClock.h **** /** \brief External Clock Selection for EXTCLK0
 501:../Libraries/iLLD/TC4xx/CpuGeneric/Clock/Std/IfxClock.h ****  * Definition in CLOCK_EXTCON.B.SEL0
 502:../Libraries/iLLD/TC4xx/CpuGeneric/Clock/Std/IfxClock.h ****  */
 503:../Libraries/iLLD/TC4xx/CpuGeneric/Clock/Std/IfxClock.h **** typedef enum
 504:../Libraries/iLLD/TC4xx/CpuGeneric/Clock/Std/IfxClock.h **** {
 505:../Libraries/iLLD/TC4xx/CpuGeneric/Clock/Std/IfxClock.h ****     IfxClock_ClkSel0_fBACK   = 0,  /**< \brief Select fBACK as EXTCLK0 */
 506:../Libraries/iLLD/TC4xx/CpuGeneric/Clock/Std/IfxClock.h ****     IfxClock_ClkSel0_fRAMP   = 1,  /**< \brief Select fRAMP as EXTCLK0 */
 507:../Libraries/iLLD/TC4xx/CpuGeneric/Clock/Std/IfxClock.h ****     IfxClock_ClkSel0_fOSC    = 2,  /**< \brief Select fOSC as EXTCLK0 */
 508:../Libraries/iLLD/TC4xx/CpuGeneric/Clock/Std/IfxClock.h ****     IfxClock_ClkSel0_fPLL0   = 3,  /**< \brief Select fPLL0 as EXTCLK0 */
 509:../Libraries/iLLD/TC4xx/CpuGeneric/Clock/Std/IfxClock.h ****     IfxClock_ClkSel0_fPLL1   = 4,  /**< \brief Select fPLL1 as EXTCLK0 */
 510:../Libraries/iLLD/TC4xx/CpuGeneric/Clock/Std/IfxClock.h ****     IfxClock_ClkSel0_fPLL2   = 5,  /**< \brief Select fPLL2 as EXTCLK0 */
 511:../Libraries/iLLD/TC4xx/CpuGeneric/Clock/Std/IfxClock.h **** #if defined(DEVICE_TC4DX)	
 512:../Libraries/iLLD/TC4xx/CpuGeneric/Clock/Std/IfxClock.h ****     IfxClock_ClkSel0_fPLL3   = 6,  /**< \brief Select fPLL3 as EXTCLK0 */
 513:../Libraries/iLLD/TC4xx/CpuGeneric/Clock/Std/IfxClock.h **** #endif
 514:../Libraries/iLLD/TC4xx/CpuGeneric/Clock/Std/IfxClock.h ****     IfxClock_ClkSel0_fFRAC   = 7,  /**< \brief Select fFRAC as EXTCLK0 */
 515:../Libraries/iLLD/TC4xx/CpuGeneric/Clock/Std/IfxClock.h ****     IfxClock_ClkSel0_fSPB    = 8,  /**< \brief Select fSPB as EXTCLK0 */
 516:../Libraries/iLLD/TC4xx/CpuGeneric/Clock/Std/IfxClock.h **** #if IFXCLOCK_IS_EXTCLK_CPB_AVAILABLE
 517:../Libraries/iLLD/TC4xx/CpuGeneric/Clock/Std/IfxClock.h ****     IfxClock_ClkSel0_fCPB    = 9,  /**< \brief Select fCPB as EXTCLK0 */
 518:../Libraries/iLLD/TC4xx/CpuGeneric/Clock/Std/IfxClock.h **** #endif /* #if IFXCLOCK_IS_EXTCLK_CPB_AVAILABLE */
 519:../Libraries/iLLD/TC4xx/CpuGeneric/Clock/Std/IfxClock.h ****     IfxClock_ClkSel0_fTPB    = 10, /**< \brief Select fTPB as EXTCLK0 */
 520:../Libraries/iLLD/TC4xx/CpuGeneric/Clock/Std/IfxClock.h ****     IfxClock_ClkSel0_fSRI    = 11, /**< \brief Select fSRI as EXTCLK0 */
 521:../Libraries/iLLD/TC4xx/CpuGeneric/Clock/Std/IfxClock.h ****     IfxClock_ClkSel0_fFSI    = 12, /**< \brief Select fFSI as EXTCLK0 */
 522:../Libraries/iLLD/TC4xx/CpuGeneric/Clock/Std/IfxClock.h ****     IfxClock_ClkSel0_fSTM    = 14, /**< \brief Select fSTM as EXTCLK0 */
 523:../Libraries/iLLD/TC4xx/CpuGeneric/Clock/Std/IfxClock.h **** #if IFXCLOCK_IS_EXTCLK_GTM_AVAILABLE	
 524:../Libraries/iLLD/TC4xx/CpuGeneric/Clock/Std/IfxClock.h ****     IfxClock_ClkSel0_fGTM    = 15, /**< \brief Select fGTM as EXTCLK0 */
 525:../Libraries/iLLD/TC4xx/CpuGeneric/Clock/Std/IfxClock.h **** #endif /* #if IFXCLOCK_IS_EXTCLK_GTM_AVAILABLE */
 526:../Libraries/iLLD/TC4xx/CpuGeneric/Clock/Std/IfxClock.h **** #if IFXCLOCK_IS_EXTCLK_EGTM_AVAILABLE
 527:../Libraries/iLLD/TC4xx/CpuGeneric/Clock/Std/IfxClock.h ****     IfxClock_ClkSel0_feGTM   = 16, /**< \brief Select feGTM as EXTCLK0 */
 528:../Libraries/iLLD/TC4xx/CpuGeneric/Clock/Std/IfxClock.h **** #endif /* #if IFXCLOCK_IS_EXTCLK_EGTM_AVAILABLE */
 529:../Libraries/iLLD/TC4xx/CpuGeneric/Clock/Std/IfxClock.h **** #if IFXCLOCK_IS_EXTCLK_GETH_AVAILABLE	
 530:../Libraries/iLLD/TC4xx/CpuGeneric/Clock/Std/IfxClock.h ****     IfxClock_ClkSel0_fGETH   = 17, /**< \brief Select fGETH as EXTCLK0 */
 531:../Libraries/iLLD/TC4xx/CpuGeneric/Clock/Std/IfxClock.h **** #endif	
 532:../Libraries/iLLD/TC4xx/CpuGeneric/Clock/Std/IfxClock.h **** #if IFXCLOCK_IS_EXTCLK_MCANH_AVAILABLE
 533:../Libraries/iLLD/TC4xx/CpuGeneric/Clock/Std/IfxClock.h ****     IfxClock_ClkSel0_fMCANH  = 18, /**< \brief Select fMCANH as EXTCLK0 */
 534:../Libraries/iLLD/TC4xx/CpuGeneric/Clock/Std/IfxClock.h **** #endif /* #if IFXCLOCK_IS_EXTCLK_MCANH_AVAILABLE */
 535:../Libraries/iLLD/TC4xx/CpuGeneric/Clock/Std/IfxClock.h **** #if IFXCLOCK_IS_EXTCLK_RCB_AVAILABLE
 536:../Libraries/iLLD/TC4xx/CpuGeneric/Clock/Std/IfxClock.h **** 	IfxClock_ClkSel0_fRCB    = 21,   /**< \brief Select fRCB as EXTCLK0 */
 537:../Libraries/iLLD/TC4xx/CpuGeneric/Clock/Std/IfxClock.h **** #endif /* #if IFXCLOCK_IS_EXTCLK_RCB_AVAILABLE */
 538:../Libraries/iLLD/TC4xx/CpuGeneric/Clock/Std/IfxClock.h ****     IfxClock_ClkSel0_fLETH   = 22, /**< \brief Select fLETH as EXTCLK0 */
 539:../Libraries/iLLD/TC4xx/CpuGeneric/Clock/Std/IfxClock.h **** #if defined(IFX_CFG_CLOCK_PPUPLL_FREQUENCY)	|| defined(DEVICE_TC4EX) || defined(DEVICE_TC4PX)
 540:../Libraries/iLLD/TC4xx/CpuGeneric/Clock/Std/IfxClock.h ****     IfxClock_ClkSel0_fPPU    = 23, /**< \brief Select fPPU as EXTCLK0 */
 541:../Libraries/iLLD/TC4xx/CpuGeneric/Clock/Std/IfxClock.h **** #endif /* #if defined(IFX_CFG_CLOCK_PPUPLL_FREQUENCY)	|| defined(DEVICE_TC4EX) */
 542:../Libraries/iLLD/TC4xx/CpuGeneric/Clock/Std/IfxClock.h ****     IfxClock_ClkSel0_fCANXLH = 24,  /**< \brief Select fCANXLH as EXTCLK0 */
 543:../Libraries/iLLD/TC4xx/CpuGeneric/Clock/Std/IfxClock.h **** #if IFXCLOCK_IS_EXTCLK_AUDIO_AVAILABLE
 544:../Libraries/iLLD/TC4xx/CpuGeneric/Clock/Std/IfxClock.h **** 	IfxClock_ClkSel0_fPLLAUDIO = 25  /**< \brief Select fPLLAUDIO as EXTCLK0 */
 545:../Libraries/iLLD/TC4xx/CpuGeneric/Clock/Std/IfxClock.h **** #endif /* #if IFXCLOCK_IS_EXTCLK_AUDIO_AVAILABLE */
 546:../Libraries/iLLD/TC4xx/CpuGeneric/Clock/Std/IfxClock.h **** } IfxClock_ClkSel0;
 547:../Libraries/iLLD/TC4xx/CpuGeneric/Clock/Std/IfxClock.h **** 
 548:../Libraries/iLLD/TC4xx/CpuGeneric/Clock/Std/IfxClock.h **** /** \brief External Clock Selection for EXTCLK1
 549:../Libraries/iLLD/TC4xx/CpuGeneric/Clock/Std/IfxClock.h ****  *  * Definition in CLOCK_EXTCON.B.SEL1
 550:../Libraries/iLLD/TC4xx/CpuGeneric/Clock/Std/IfxClock.h ****  */
 551:../Libraries/iLLD/TC4xx/CpuGeneric/Clock/Std/IfxClock.h **** typedef enum
 552:../Libraries/iLLD/TC4xx/CpuGeneric/Clock/Std/IfxClock.h **** {
 553:../Libraries/iLLD/TC4xx/CpuGeneric/Clock/Std/IfxClock.h ****     IfxClock_ClkSel1_fBACK    = 0,   /**< \brief Select fBACK as EXTCLK1 */
 554:../Libraries/iLLD/TC4xx/CpuGeneric/Clock/Std/IfxClock.h ****     IfxClock_ClkSel1_fRAMP    = 1,   /**< \brief Select fRAMP as EXTCLK1 */
 555:../Libraries/iLLD/TC4xx/CpuGeneric/Clock/Std/IfxClock.h ****     IfxClock_ClkSel1_fOSC     = 2,   /**< \brief Select fOSC as EXTCLK1 */
 556:../Libraries/iLLD/TC4xx/CpuGeneric/Clock/Std/IfxClock.h ****     IfxClock_ClkSel1_fPLL0    = 3,   /**< \brief Select fPLL0 as EXTCLK1 */
 557:../Libraries/iLLD/TC4xx/CpuGeneric/Clock/Std/IfxClock.h ****     IfxClock_ClkSel1_fPLL1    = 4,   /**< \brief Select fPLL1 as EXTCLK1 */
 558:../Libraries/iLLD/TC4xx/CpuGeneric/Clock/Std/IfxClock.h ****     IfxClock_ClkSel1_fPLL2    = 5,   /**< \brief Select fPLL2 as EXTCLK1 */
 559:../Libraries/iLLD/TC4xx/CpuGeneric/Clock/Std/IfxClock.h **** #if defined(DEVICE_TC4DX)	
 560:../Libraries/iLLD/TC4xx/CpuGeneric/Clock/Std/IfxClock.h ****     IfxClock_ClkSel1_fPLL3    = 6,   /**< \brief Select fPLL3 as EXTCLK1 */
 561:../Libraries/iLLD/TC4xx/CpuGeneric/Clock/Std/IfxClock.h **** #endif
 562:../Libraries/iLLD/TC4xx/CpuGeneric/Clock/Std/IfxClock.h ****     IfxClock_ClkSel1_fDIV1    = 7,   /**< \brief Select fDIV1 as EXTCLK1 */
 563:../Libraries/iLLD/TC4xx/CpuGeneric/Clock/Std/IfxClock.h **** #if IFXCLOCK_IS_EXTCLK_MT0_AVAILABLE
 564:../Libraries/iLLD/TC4xx/CpuGeneric/Clock/Std/IfxClock.h ****     IfxClock_ClkSel1_fMT0     = 9,   /**< \brief Select fMT0 as EXTCLK1 */
 565:../Libraries/iLLD/TC4xx/CpuGeneric/Clock/Std/IfxClock.h **** #endif /* #if IFXCLOCK_IS_EXTCLK_MT0_AVAILABLE */
 566:../Libraries/iLLD/TC4xx/CpuGeneric/Clock/Std/IfxClock.h **** #if IFXCLOCK_IS_EXTCLK_ERAY_AVAILABLE
 567:../Libraries/iLLD/TC4xx/CpuGeneric/Clock/Std/IfxClock.h ****     IfxClock_ClkSel1_fERAY    = 10,  /**< \brief Select fERAY as EXTCLK1 */
 568:../Libraries/iLLD/TC4xx/CpuGeneric/Clock/Std/IfxClock.h **** #endif /* #if IFXCLOCK_IS_EXTCLK_ERAY_AVAILABLE */
 569:../Libraries/iLLD/TC4xx/CpuGeneric/Clock/Std/IfxClock.h **** #if IFXCLOCK_IS_EXTCLK_MCANH_AVAILABLE
 570:../Libraries/iLLD/TC4xx/CpuGeneric/Clock/Std/IfxClock.h ****     IfxClock_ClkSel1_fMCAN    = 11,  /**< \brief Select fMCAN as EXTCLK1 */
 571:../Libraries/iLLD/TC4xx/CpuGeneric/Clock/Std/IfxClock.h **** #endif /* #if IFXCLOCK_IS_EXTCLK_MCANH_AVAILABLE */
 572:../Libraries/iLLD/TC4xx/CpuGeneric/Clock/Std/IfxClock.h ****     IfxClock_ClkSel1_fADC     = 12,  /**< \brief Select fADC as EXTCLK1 */
 573:../Libraries/iLLD/TC4xx/CpuGeneric/Clock/Std/IfxClock.h ****     IfxClock_ClkSel1_fQSPI    = 13,  /**< \brief Select fQSPI as EXTCLK1 */
 574:../Libraries/iLLD/TC4xx/CpuGeneric/Clock/Std/IfxClock.h **** #if IFXCLOCK_IS_EXTCLK_MSC_AVAILABLE
 575:../Libraries/iLLD/TC4xx/CpuGeneric/Clock/Std/IfxClock.h ****     IfxClock_ClkSel1_fMSC     = 14,  /**< \brief Select fMSC as EXTCLK1 */
 576:../Libraries/iLLD/TC4xx/CpuGeneric/Clock/Std/IfxClock.h **** #endif /* #if IFXCLOCK_IS_EXTCLK_MSC_AVAILABLE */
 577:../Libraries/iLLD/TC4xx/CpuGeneric/Clock/Std/IfxClock.h ****     IfxClock_ClkSel1_fI2C     = 15,  /**< \brief Select fI2C as EXTCLK1 */
 578:../Libraries/iLLD/TC4xx/CpuGeneric/Clock/Std/IfxClock.h ****     IfxClock_ClkSel1_fASCLINF = 16,  /**< \brief Select fASCLINF as EXTCLK1 */
 579:../Libraries/iLLD/TC4xx/CpuGeneric/Clock/Std/IfxClock.h ****     IfxClock_ClkSel1_fASCLINS = 17,  /**< \brief Select fASCLINS as EXTCLK1 */
 580:../Libraries/iLLD/TC4xx/CpuGeneric/Clock/Std/IfxClock.h **** #if IFXCLOCK_IS_EXTCLK_XSPI_AVAILABLE
 581:../Libraries/iLLD/TC4xx/CpuGeneric/Clock/Std/IfxClock.h ****     IfxClock_ClkSel1_fXSPI    = 19,  /**< \brief Select fXSPI as EXTCLK1 */
 582:../Libraries/iLLD/TC4xx/CpuGeneric/Clock/Std/IfxClock.h **** #endif /* #if IFXCLOCK_IS_EXTCLK_XSPI_AVAILABLE */
 583:../Libraries/iLLD/TC4xx/CpuGeneric/Clock/Std/IfxClock.h **** #if IFXCLOCK_IS_EXTCLK_SDMMC_AVAILABLE
 584:../Libraries/iLLD/TC4xx/CpuGeneric/Clock/Std/IfxClock.h ****     IfxClock_ClkSel1_fSDMMC   = 20,  /**< \brief Select fSDMMC as EXTCLK1 */
 585:../Libraries/iLLD/TC4xx/CpuGeneric/Clock/Std/IfxClock.h **** #endif /* #if IFXCLOCK_IS_EXTCLK_SDMMC_AVAILABLE */
 586:../Libraries/iLLD/TC4xx/CpuGeneric/Clock/Std/IfxClock.h **** #if defined(IFX_CFG_CLOCK_PPUPLL_FREQUENCY)	|| defined(DEVICE_TC4EX) || defined(DEVICE_TC4PX)
 587:../Libraries/iLLD/TC4xx/CpuGeneric/Clock/Std/IfxClock.h ****     IfxClock_ClkSel1_fPPU     = 21,  /**< \brief Select fPPU as EXTCLK1 */
 588:../Libraries/iLLD/TC4xx/CpuGeneric/Clock/Std/IfxClock.h **** #endif /* #if defined(IFX_CFG_CLOCK_PPUPLL_FREQUENCY)	|| defined(DEVICE_TC4EX) */
 589:../Libraries/iLLD/TC4xx/CpuGeneric/Clock/Std/IfxClock.h ****     IfxClock_ClkSel1_fCANXL   = 22,  /**< \brief Select fCANXL as EXTCLK1 */
 590:../Libraries/iLLD/TC4xx/CpuGeneric/Clock/Std/IfxClock.h ****     IfxClock_ClkSel1_fLETH100 = 23,  /**< \brief Select fLETH100 as EXTCLK1 */
 591:../Libraries/iLLD/TC4xx/CpuGeneric/Clock/Std/IfxClock.h **** #if IFXCLOCK_IS_EXTCLK_XSPISL_AVAILABLE		
 592:../Libraries/iLLD/TC4xx/CpuGeneric/Clock/Std/IfxClock.h **** 	IfxClock_ClkSel1_fXSPISL  = 24,   /**< \brief Select fXSPISL as EXTCLK1 */
 593:../Libraries/iLLD/TC4xx/CpuGeneric/Clock/Std/IfxClock.h **** #endif /* #if IFXCLOCK_IS_EXTCLK_XSPISL_AVAILABLE */
 594:../Libraries/iLLD/TC4xx/CpuGeneric/Clock/Std/IfxClock.h **** #if IFXCLOCK_IS_EXTCLK_AUDIO_AVAILABLE
 595:../Libraries/iLLD/TC4xx/CpuGeneric/Clock/Std/IfxClock.h **** 	IfxClock_ClkSel1_fAUDIO   = 25,   /**< \brief Select fAUDIO as EXTCLK1 */
 596:../Libraries/iLLD/TC4xx/CpuGeneric/Clock/Std/IfxClock.h **** #endif /* #if IFXCLOCK_IS_EXTCLK_AUDIO_AVAILABLE */
 597:../Libraries/iLLD/TC4xx/CpuGeneric/Clock/Std/IfxClock.h **** #if defined(DEVICE_TC49XN) || defined(DEVICE_TC49XNAA) || defined(DEVICE_TC45X) || defined(DEVICE_T
 598:../Libraries/iLLD/TC4xx/CpuGeneric/Clock/Std/IfxClock.h ****     IfxClock_ClkSel1_fPLL3    = 30,  /**< \brief Select fPLL3 as EXTCLK1 */
 599:../Libraries/iLLD/TC4xx/CpuGeneric/Clock/Std/IfxClock.h ****     IfxClock_ClkSel1_fPLLPPU  = 31   /**< \brief Select fPLLPPU as EXTCLK1 */
 600:../Libraries/iLLD/TC4xx/CpuGeneric/Clock/Std/IfxClock.h **** #endif	/* #if defined(DEVICE_TC49XN) || defined(DEVICE_TC49XNAA) || defined(DEVICE_TC45X) || define
 601:../Libraries/iLLD/TC4xx/CpuGeneric/Clock/Std/IfxClock.h **** } IfxClock_ClkSel1;
 602:../Libraries/iLLD/TC4xx/CpuGeneric/Clock/Std/IfxClock.h **** 
 603:../Libraries/iLLD/TC4xx/CpuGeneric/Clock/Std/IfxClock.h **** /** \brief Selects if in case of emergency the clock select is switches to fBACK or fRAMP
 604:../Libraries/iLLD/TC4xx/CpuGeneric/Clock/Std/IfxClock.h ****  * Register : CCUCON.B.EMSWSEL ; 0: RAMP, 1: BACK
 605:../Libraries/iLLD/TC4xx/CpuGeneric/Clock/Std/IfxClock.h ****  */
 606:../Libraries/iLLD/TC4xx/CpuGeneric/Clock/Std/IfxClock.h **** typedef enum
 607:../Libraries/iLLD/TC4xx/CpuGeneric/Clock/Std/IfxClock.h **** {
 608:../Libraries/iLLD/TC4xx/CpuGeneric/Clock/Std/IfxClock.h ****     IfxClock_EmergencySwitchSelect_ramp = 0,  /**< \brief emergency the clock select : Ramp */
 609:../Libraries/iLLD/TC4xx/CpuGeneric/Clock/Std/IfxClock.h ****     IfxClock_EmergencySwitchSelect_back = 1   /**< \brief emergency the clock select : Backup clock
 610:../Libraries/iLLD/TC4xx/CpuGeneric/Clock/Std/IfxClock.h **** } IfxClock_EmergencySwitchSelect;
 611:../Libraries/iLLD/TC4xx/CpuGeneric/Clock/Std/IfxClock.h **** 
 612:../Libraries/iLLD/TC4xx/CpuGeneric/Clock/Std/IfxClock.h **** /** \brief clock source selection
 613:../Libraries/iLLD/TC4xx/CpuGeneric/Clock/Std/IfxClock.h ****  */
 614:../Libraries/iLLD/TC4xx/CpuGeneric/Clock/Std/IfxClock.h **** typedef enum
 615:../Libraries/iLLD/TC4xx/CpuGeneric/Clock/Std/IfxClock.h **** {
 616:../Libraries/iLLD/TC4xx/CpuGeneric/Clock/Std/IfxClock.h ****     IfxClock_Fsource_0 = 0,      /**< \brief fSource0  */
 617:../Libraries/iLLD/TC4xx/CpuGeneric/Clock/Std/IfxClock.h ****     IfxClock_Fsource_1,          /**< \brief fSource1  */
 618:../Libraries/iLLD/TC4xx/CpuGeneric/Clock/Std/IfxClock.h ****     IfxClock_Fsource_2,          /**< \brief fSource2  */
 619:../Libraries/iLLD/TC4xx/CpuGeneric/Clock/Std/IfxClock.h ****     IfxClock_Fsource_3           /**< \brief fSource3  */
 620:../Libraries/iLLD/TC4xx/CpuGeneric/Clock/Std/IfxClock.h **** } IfxClock_Fsource;
 621:../Libraries/iLLD/TC4xx/CpuGeneric/Clock/Std/IfxClock.h **** 
 622:../Libraries/iLLD/TC4xx/CpuGeneric/Clock/Std/IfxClock.h **** /** \brief PLL0 Divider Select: defines the pre-dividing factor in front of the K2-Divider
 623:../Libraries/iLLD/TC4xx/CpuGeneric/Clock/Std/IfxClock.h ****  *  Register : SYSPLLCON0.B.K2PREDIV ;
 624:../Libraries/iLLD/TC4xx/CpuGeneric/Clock/Std/IfxClock.h ****  *  00B DIVBY1_0 / The 1.0 pre-divider between DCO and K2-Divider is selected for PLL0. Hence, the 
 625:../Libraries/iLLD/TC4xx/CpuGeneric/Clock/Std/IfxClock.h ****  *  01B DIVBY2_0 / The 2.0 pre-divider between DCO and K2-Divider is selected for PLL0. Hence, the 
 626:../Libraries/iLLD/TC4xx/CpuGeneric/Clock/Std/IfxClock.h ****  *  10B DIVBY1_2 / The 1.2 pre-divider between DCO and K2-Divider is selected for PLL0. Hence, the 
 627:../Libraries/iLLD/TC4xx/CpuGeneric/Clock/Std/IfxClock.h ****  *  11B DIVBY1_6 / The 1.6 pre-divider between DCO and K2-Divider is selected for PLL0. Hence, the 
 628:../Libraries/iLLD/TC4xx/CpuGeneric/Clock/Std/IfxClock.h ****  */
 629:../Libraries/iLLD/TC4xx/CpuGeneric/Clock/Std/IfxClock.h **** typedef enum
 630:../Libraries/iLLD/TC4xx/CpuGeneric/Clock/Std/IfxClock.h **** {
 631:../Libraries/iLLD/TC4xx/CpuGeneric/Clock/Std/IfxClock.h ****     IfxClock_K2PreDivider_divBy1_0 = 0,  /**< \brief The 1.0 pre-divider between DCO and K2-Divider
 632:../Libraries/iLLD/TC4xx/CpuGeneric/Clock/Std/IfxClock.h ****     IfxClock_K2PreDivider_divBy2_0 = 1,  /**< \brief The 2.0 pre-divider between DCO and K2-Divider
 633:../Libraries/iLLD/TC4xx/CpuGeneric/Clock/Std/IfxClock.h ****     IfxClock_K2PreDivider_divBy1_2 = 2,  /**< \brief The 1.2 pre-divider between DCO and K2-Divider
 634:../Libraries/iLLD/TC4xx/CpuGeneric/Clock/Std/IfxClock.h ****     IfxClock_K2PreDivider_divBy1_6 = 3   /**< \brief The 1.6 pre-divider between DCO and K2-Divider
 635:../Libraries/iLLD/TC4xx/CpuGeneric/Clock/Std/IfxClock.h **** } IfxClock_K2PreDivider;
 636:../Libraries/iLLD/TC4xx/CpuGeneric/Clock/Std/IfxClock.h **** 
 637:../Libraries/iLLD/TC4xx/CpuGeneric/Clock/Std/IfxClock.h **** /** \brief MODULE_CLOCK.PLLCON1.B.K2DIV, specifies the K2-Divider
 638:../Libraries/iLLD/TC4xx/CpuGeneric/Clock/Std/IfxClock.h ****  */
 639:../Libraries/iLLD/TC4xx/CpuGeneric/Clock/Std/IfxClock.h **** typedef enum
 640:../Libraries/iLLD/TC4xx/CpuGeneric/Clock/Std/IfxClock.h **** {
 641:../Libraries/iLLD/TC4xx/CpuGeneric/Clock/Std/IfxClock.h ****     IfxClock_K2divider_1 = 0,      /**< \brief K2-Divider 1  */
 642:../Libraries/iLLD/TC4xx/CpuGeneric/Clock/Std/IfxClock.h ****     IfxClock_K2divider_2,          /**< \brief K2-Divider 2  */
 643:../Libraries/iLLD/TC4xx/CpuGeneric/Clock/Std/IfxClock.h ****     IfxClock_K2divider_3,          /**< \brief K2-Divider 3  */
 644:../Libraries/iLLD/TC4xx/CpuGeneric/Clock/Std/IfxClock.h ****     IfxClock_K2divider_4,          /**< \brief K2-Divider 4  */
 645:../Libraries/iLLD/TC4xx/CpuGeneric/Clock/Std/IfxClock.h ****     IfxClock_K2divider_5,          /**< \brief K2-Divider 5  */
 646:../Libraries/iLLD/TC4xx/CpuGeneric/Clock/Std/IfxClock.h ****     IfxClock_K2divider_6,          /**< \brief K2-Divider 6  */
 647:../Libraries/iLLD/TC4xx/CpuGeneric/Clock/Std/IfxClock.h ****     IfxClock_K2divider_7,          /**< \brief K2-Divider 7  */
 648:../Libraries/iLLD/TC4xx/CpuGeneric/Clock/Std/IfxClock.h ****     IfxClock_K2divider_8,          /**< \brief K2-Divider 8  */
 649:../Libraries/iLLD/TC4xx/CpuGeneric/Clock/Std/IfxClock.h ****     IfxClock_K2divider_9,          /**< \brief K2-Divider 9  */
 650:../Libraries/iLLD/TC4xx/CpuGeneric/Clock/Std/IfxClock.h ****     IfxClock_K2divider_10,         /**< \brief K2-Divider 10  */
 651:../Libraries/iLLD/TC4xx/CpuGeneric/Clock/Std/IfxClock.h ****     IfxClock_K2divider_11,         /**< \brief K2-Divider 11  */
 652:../Libraries/iLLD/TC4xx/CpuGeneric/Clock/Std/IfxClock.h ****     IfxClock_K2divider_12,         /**< \brief K2-Divider 12  */
 653:../Libraries/iLLD/TC4xx/CpuGeneric/Clock/Std/IfxClock.h ****     IfxClock_K2divider_13,         /**< \brief K2-Divider 13  */
 654:../Libraries/iLLD/TC4xx/CpuGeneric/Clock/Std/IfxClock.h ****     IfxClock_K2divider_14,         /**< \brief K2-Divider 14  */
 655:../Libraries/iLLD/TC4xx/CpuGeneric/Clock/Std/IfxClock.h ****     IfxClock_K2divider_15,         /**< \brief K2-Divider 15  */
 656:../Libraries/iLLD/TC4xx/CpuGeneric/Clock/Std/IfxClock.h ****     IfxClock_K2divider_16          /**< \brief K2-Divider 16  */
 657:../Libraries/iLLD/TC4xx/CpuGeneric/Clock/Std/IfxClock.h **** } IfxClock_K2divider;
 658:../Libraries/iLLD/TC4xx/CpuGeneric/Clock/Std/IfxClock.h **** 
 659:../Libraries/iLLD/TC4xx/CpuGeneric/Clock/Std/IfxClock.h **** /** \brief Defines the pre-dividing factor in front of the K3-Divider
 660:../Libraries/iLLD/TC4xx/CpuGeneric/Clock/Std/IfxClock.h ****  *  Register : PERPLLCON1.B.K3PREDIV;
 661:../Libraries/iLLD/TC4xx/CpuGeneric/Clock/Std/IfxClock.h ****  *  0H DIVBY1_0 / The 1.0 pre-divider between DCO and K3-Divider is selected.
 662:../Libraries/iLLD/TC4xx/CpuGeneric/Clock/Std/IfxClock.h ****  * Hence, the resulting divider factor in front of the K3-Divider is fDCO / 1.0.
 663:../Libraries/iLLD/TC4xx/CpuGeneric/Clock/Std/IfxClock.h ****  *  1H DIVBY1_1 / The 1.1 pre-divider between DCO and K3-Divider is selected.
 664:../Libraries/iLLD/TC4xx/CpuGeneric/Clock/Std/IfxClock.h ****  * Hence, the resulting divider factor in front of the K3-Divider is fDCO / 1.1.
 665:../Libraries/iLLD/TC4xx/CpuGeneric/Clock/Std/IfxClock.h ****  *  2H DIVBY1_2 / The 1.2 pre-divider between DCO and K3-Divider is selected.
 666:../Libraries/iLLD/TC4xx/CpuGeneric/Clock/Std/IfxClock.h ****  * Hence, the resulting divider factor in front of the K3-Divider is fDCO / 1.2.
 667:../Libraries/iLLD/TC4xx/CpuGeneric/Clock/Std/IfxClock.h ****  *  4H DIVBY1_4 / The 1.4 pre-divider between DCO and K3-Divider is selected.
 668:../Libraries/iLLD/TC4xx/CpuGeneric/Clock/Std/IfxClock.h ****  * Hence, the resulting divider factor in front of the K3-Divider is fDCO / 1.4.
 669:../Libraries/iLLD/TC4xx/CpuGeneric/Clock/Std/IfxClock.h ****  *  6H DIVBY1_6 / The 1.6 pre-divider between DCO and K3-Divider is selected.
 670:../Libraries/iLLD/TC4xx/CpuGeneric/Clock/Std/IfxClock.h ****  * Hence, the resulting divider factor in front of the K3-Divider is fDCO / 1.6.
 671:../Libraries/iLLD/TC4xx/CpuGeneric/Clock/Std/IfxClock.h ****  *  7H DIVBY1_7 / The 1.0 pre-divider between DCO and K3-Divider is selected.
 672:../Libraries/iLLD/TC4xx/CpuGeneric/Clock/Std/IfxClock.h ****  * Hence, the resulting divider factor in front of the K3-Divider is fDCO / 1.7.
 673:../Libraries/iLLD/TC4xx/CpuGeneric/Clock/Std/IfxClock.h ****  *  AH DIVBY2_0 / The 2.0 pre-divider between DCO and K3-Divider is selected.
 674:../Libraries/iLLD/TC4xx/CpuGeneric/Clock/Std/IfxClock.h ****  * Hence, the resulting divider factor in front of the K3-Divider is fDCO / 2.0.
 675:../Libraries/iLLD/TC4xx/CpuGeneric/Clock/Std/IfxClock.h ****  */
 676:../Libraries/iLLD/TC4xx/CpuGeneric/Clock/Std/IfxClock.h **** typedef enum
 677:../Libraries/iLLD/TC4xx/CpuGeneric/Clock/Std/IfxClock.h **** {
 678:../Libraries/iLLD/TC4xx/CpuGeneric/Clock/Std/IfxClock.h ****     IfxClock_K3PreDivider_divBy1_0 = 0,  /**< \brief The 1.0 pre-divider between DCO and K3-Divider
 679:../Libraries/iLLD/TC4xx/CpuGeneric/Clock/Std/IfxClock.h ****     IfxClock_K3PreDivider_divBy1_1 = 1,  /**< \brief The 1.1 pre-divider between DCO and K3-Divider
 680:../Libraries/iLLD/TC4xx/CpuGeneric/Clock/Std/IfxClock.h ****     IfxClock_K3PreDivider_divBy1_2 = 2,  /**< \brief The 1.2 pre-divider between DCO and K3-Divider
 681:../Libraries/iLLD/TC4xx/CpuGeneric/Clock/Std/IfxClock.h ****     IfxClock_K3PreDivider_divBy1_4 = 4,  /**< \brief The 1.4 pre-divider between DCO and K3-Divider
 682:../Libraries/iLLD/TC4xx/CpuGeneric/Clock/Std/IfxClock.h ****     IfxClock_K3PreDivider_divBy1_6 = 6,  /**< \brief The 1.6 pre-divider between DCO and K3-Divider
 683:../Libraries/iLLD/TC4xx/CpuGeneric/Clock/Std/IfxClock.h ****     IfxClock_K3PreDivider_divBy1_7 = 7,  /**< \brief The 1.7 pre-divider between DCO and K3-Divider
 684:../Libraries/iLLD/TC4xx/CpuGeneric/Clock/Std/IfxClock.h ****     IfxClock_K3PreDivider_divBy2_0 = 10  /**< \brief The 2.0 pre-divider between DCO and K3-Divider
 685:../Libraries/iLLD/TC4xx/CpuGeneric/Clock/Std/IfxClock.h **** } IfxClock_K3PreDivider;
 686:../Libraries/iLLD/TC4xx/CpuGeneric/Clock/Std/IfxClock.h **** 
 687:../Libraries/iLLD/TC4xx/CpuGeneric/Clock/Std/IfxClock.h **** /** \brief MODULE_CLOCK.PLLCON1.B.K3DIV, specifies the K3-Divider
 688:../Libraries/iLLD/TC4xx/CpuGeneric/Clock/Std/IfxClock.h ****  */
 689:../Libraries/iLLD/TC4xx/CpuGeneric/Clock/Std/IfxClock.h **** typedef enum
 690:../Libraries/iLLD/TC4xx/CpuGeneric/Clock/Std/IfxClock.h **** {
 691:../Libraries/iLLD/TC4xx/CpuGeneric/Clock/Std/IfxClock.h ****     IfxClock_K3divider_1 = 0,      /**< \brief K3-Divider 1  */
 692:../Libraries/iLLD/TC4xx/CpuGeneric/Clock/Std/IfxClock.h ****     IfxClock_K3divider_2,          /**< \brief K3-Divider 2  */
 693:../Libraries/iLLD/TC4xx/CpuGeneric/Clock/Std/IfxClock.h ****     IfxClock_K3divider_3,          /**< \brief K3-Divider 3  */
 694:../Libraries/iLLD/TC4xx/CpuGeneric/Clock/Std/IfxClock.h ****     IfxClock_K3divider_4,          /**< \brief K3-Divider 4  */
 695:../Libraries/iLLD/TC4xx/CpuGeneric/Clock/Std/IfxClock.h ****     IfxClock_K3divider_5,          /**< \brief K3-Divider 5  */
 696:../Libraries/iLLD/TC4xx/CpuGeneric/Clock/Std/IfxClock.h ****     IfxClock_K3divider_6,          /**< \brief K3-Divider 6  */
 697:../Libraries/iLLD/TC4xx/CpuGeneric/Clock/Std/IfxClock.h ****     IfxClock_K3divider_7,          /**< \brief K3-Divider 7  */
 698:../Libraries/iLLD/TC4xx/CpuGeneric/Clock/Std/IfxClock.h ****     IfxClock_K3divider_8           /**< \brief K3-Divider 8  */
 699:../Libraries/iLLD/TC4xx/CpuGeneric/Clock/Std/IfxClock.h **** } IfxClock_K3divider;
 700:../Libraries/iLLD/TC4xx/CpuGeneric/Clock/Std/IfxClock.h **** 
 701:../Libraries/iLLD/TC4xx/CpuGeneric/Clock/Std/IfxClock.h **** /** \brief PLL3 Divider Select: defines the pre-dividing factor in front of the K4-Divider
 702:../Libraries/iLLD/TC4xx/CpuGeneric/Clock/Std/IfxClock.h ****  *  Register : PERPLLCON0.B.K4PREDIV ;
 703:../Libraries/iLLD/TC4xx/CpuGeneric/Clock/Std/IfxClock.h ****  *  00B DIVBY1_0 / The 1.0 pre-divider between DCO and K3-Divider is selected for PLL2. Hence, the 
 704:../Libraries/iLLD/TC4xx/CpuGeneric/Clock/Std/IfxClock.h ****  *  01B DIVBY2_0 / The 2.0 pre-divider between DCO and K4-Divider is selected for PLL3. Hence, the 
 705:../Libraries/iLLD/TC4xx/CpuGeneric/Clock/Std/IfxClock.h ****  *  10B DIVBY1_2 / The 1.2 pre-divider between DCO and K4-Divider is selected for PLL3. Hence, the 
 706:../Libraries/iLLD/TC4xx/CpuGeneric/Clock/Std/IfxClock.h ****  *  11B DIVBY1_6 / The 1.6 pre-divider between DCO and K4-Divider is selected for PLL3. Hence, the 
 707:../Libraries/iLLD/TC4xx/CpuGeneric/Clock/Std/IfxClock.h ****  */
 708:../Libraries/iLLD/TC4xx/CpuGeneric/Clock/Std/IfxClock.h **** typedef enum
 709:../Libraries/iLLD/TC4xx/CpuGeneric/Clock/Std/IfxClock.h **** {
 710:../Libraries/iLLD/TC4xx/CpuGeneric/Clock/Std/IfxClock.h ****     IfxClock_K4PreDivider_divBy1_0 = 0,  /**< \brief The 1.0 pre-divider between DCO and K4-Divider
 711:../Libraries/iLLD/TC4xx/CpuGeneric/Clock/Std/IfxClock.h ****     IfxClock_K4PreDivider_divBy2_0 = 1,  /**< \brief The 2.0 pre-divider between DCO and K4-Divider
 712:../Libraries/iLLD/TC4xx/CpuGeneric/Clock/Std/IfxClock.h ****     IfxClock_K4PreDivider_divBy1_2 = 2,  /**< \brief The 1.2 pre-divider between DCO and K4-Divider
 713:../Libraries/iLLD/TC4xx/CpuGeneric/Clock/Std/IfxClock.h ****     IfxClock_K4PreDivider_divBy1_6 = 3   /**< \brief The 1.6 pre-divider between DCO and K4-Divider
 714:../Libraries/iLLD/TC4xx/CpuGeneric/Clock/Std/IfxClock.h **** } IfxClock_K4PreDivider;
 715:../Libraries/iLLD/TC4xx/CpuGeneric/Clock/Std/IfxClock.h **** 
 716:../Libraries/iLLD/TC4xx/CpuGeneric/Clock/Std/IfxClock.h **** /** \brief MODULE_CLOCK.PLLCON1.B.K4DIV, specifies the K4-Divider
 717:../Libraries/iLLD/TC4xx/CpuGeneric/Clock/Std/IfxClock.h ****  */
 718:../Libraries/iLLD/TC4xx/CpuGeneric/Clock/Std/IfxClock.h **** typedef enum
 719:../Libraries/iLLD/TC4xx/CpuGeneric/Clock/Std/IfxClock.h **** {
 720:../Libraries/iLLD/TC4xx/CpuGeneric/Clock/Std/IfxClock.h ****     IfxClock_K4divider_1 = 0,      /**< \brief K4-Divider 1  */
 721:../Libraries/iLLD/TC4xx/CpuGeneric/Clock/Std/IfxClock.h ****     IfxClock_K4divider_2,          /**< \brief K4-Divider 2  */
 722:../Libraries/iLLD/TC4xx/CpuGeneric/Clock/Std/IfxClock.h ****     IfxClock_K4divider_3,          /**< \brief K4-Divider 3  */
 723:../Libraries/iLLD/TC4xx/CpuGeneric/Clock/Std/IfxClock.h ****     IfxClock_K4divider_4,          /**< \brief K4-Divider 4  */
 724:../Libraries/iLLD/TC4xx/CpuGeneric/Clock/Std/IfxClock.h ****     IfxClock_K4divider_5,          /**< \brief K4-Divider 5  */
 725:../Libraries/iLLD/TC4xx/CpuGeneric/Clock/Std/IfxClock.h ****     IfxClock_K4divider_6,          /**< \brief K4-Divider 6  */
 726:../Libraries/iLLD/TC4xx/CpuGeneric/Clock/Std/IfxClock.h ****     IfxClock_K4divider_7,          /**< \brief K4-Divider 7  */
 727:../Libraries/iLLD/TC4xx/CpuGeneric/Clock/Std/IfxClock.h ****     IfxClock_K4divider_8           /**< \brief K4-Divider 8  */
 728:../Libraries/iLLD/TC4xx/CpuGeneric/Clock/Std/IfxClock.h **** } IfxClock_K4divider;
 729:../Libraries/iLLD/TC4xx/CpuGeneric/Clock/Std/IfxClock.h **** 
 730:../Libraries/iLLD/TC4xx/CpuGeneric/Clock/Std/IfxClock.h **** /** \brief Low Power Division Ratios.
 731:../Libraries/iLLD/TC4xx/CpuGeneric/Clock/Std/IfxClock.h ****  * It overwrites the current divider settings of the listed frequencies to enable a low power mode 
 732:../Libraries/iLLD/TC4xx/CpuGeneric/Clock/Std/IfxClock.h ****  * LPDIV does only effect enabled clocks, i.e. XXXDIV = 0 will not be changed
 733:../Libraries/iLLD/TC4xx/CpuGeneric/Clock/Std/IfxClock.h ****  */
 734:../Libraries/iLLD/TC4xx/CpuGeneric/Clock/Std/IfxClock.h **** typedef enum
 735:../Libraries/iLLD/TC4xx/CpuGeneric/Clock/Std/IfxClock.h **** {
 736:../Libraries/iLLD/TC4xx/CpuGeneric/Clock/Std/IfxClock.h ****     IfxClock_LowPowerDivRatio_divBy1   = 0, /**< \brief fXXX controlled by the related SYSCCUCON0/1
 737:../Libraries/iLLD/TC4xx/CpuGeneric/Clock/Std/IfxClock.h ****     IfxClock_LowPowerDivRatio_divBy120 = 1  /**< \brief fXXX = fsource0 / 120 (if previously enable
 738:../Libraries/iLLD/TC4xx/CpuGeneric/Clock/Std/IfxClock.h **** } IfxClock_LowPowerDivRatio;
 739:../Libraries/iLLD/TC4xx/CpuGeneric/Clock/Std/IfxClock.h **** 
 740:../Libraries/iLLD/TC4xx/CpuGeneric/Clock/Std/IfxClock.h **** /** \brief modulation enable
 741:../Libraries/iLLD/TC4xx/CpuGeneric/Clock/Std/IfxClock.h ****  */
 742:../Libraries/iLLD/TC4xx/CpuGeneric/Clock/Std/IfxClock.h **** typedef enum
 743:../Libraries/iLLD/TC4xx/CpuGeneric/Clock/Std/IfxClock.h **** {
 744:../Libraries/iLLD/TC4xx/CpuGeneric/Clock/Std/IfxClock.h ****     IfxClock_ModEn_disabled = 0,  /**< \brief disable modulation */
 745:../Libraries/iLLD/TC4xx/CpuGeneric/Clock/Std/IfxClock.h ****     IfxClock_ModEn_enabled  = 1   /**< \brief enable modulation */
 746:../Libraries/iLLD/TC4xx/CpuGeneric/Clock/Std/IfxClock.h **** } IfxClock_ModEn;
 747:../Libraries/iLLD/TC4xx/CpuGeneric/Clock/Std/IfxClock.h **** 
 748:../Libraries/iLLD/TC4xx/CpuGeneric/Clock/Std/IfxClock.h **** /** \brief ENUM for MA (%) values
 749:../Libraries/iLLD/TC4xx/CpuGeneric/Clock/Std/IfxClock.h ****  */
 750:../Libraries/iLLD/TC4xx/CpuGeneric/Clock/Std/IfxClock.h **** typedef enum
 751:../Libraries/iLLD/TC4xx/CpuGeneric/Clock/Std/IfxClock.h **** {
 752:../Libraries/iLLD/TC4xx/CpuGeneric/Clock/Std/IfxClock.h ****     IfxClock_ModulationAmplitude_0p5 = 0,      /**< \brief 0.5%  */
 753:../Libraries/iLLD/TC4xx/CpuGeneric/Clock/Std/IfxClock.h ****     IfxClock_ModulationAmplitude_1p0,          /**< \brief 1.0%  */
 754:../Libraries/iLLD/TC4xx/CpuGeneric/Clock/Std/IfxClock.h ****     IfxClock_ModulationAmplitude_1p25,         /**< \brief 1.25%  */
 755:../Libraries/iLLD/TC4xx/CpuGeneric/Clock/Std/IfxClock.h ****     IfxClock_ModulationAmplitude_1p5,          /**< \brief 1.5%  */
 756:../Libraries/iLLD/TC4xx/CpuGeneric/Clock/Std/IfxClock.h ****     IfxClock_ModulationAmplitude_2p0,          /**< \brief 2%  */
 757:../Libraries/iLLD/TC4xx/CpuGeneric/Clock/Std/IfxClock.h ****     IfxClock_ModulationAmplitude_2p5,          /**< \brief 2.5%  */
 758:../Libraries/iLLD/TC4xx/CpuGeneric/Clock/Std/IfxClock.h ****     IfxClock_ModulationAmplitude_count,        /**< \brief range  */
 759:../Libraries/iLLD/TC4xx/CpuGeneric/Clock/Std/IfxClock.h **** } IfxClock_ModulationAmplitude;
 760:../Libraries/iLLD/TC4xx/CpuGeneric/Clock/Std/IfxClock.h **** 
 761:../Libraries/iLLD/TC4xx/CpuGeneric/Clock/Std/IfxClock.h **** /** \brief MODULE_CLOCK.PLLCON0.B.NDIV, specifies the N-Divider
 762:../Libraries/iLLD/TC4xx/CpuGeneric/Clock/Std/IfxClock.h ****  */
 763:../Libraries/iLLD/TC4xx/CpuGeneric/Clock/Std/IfxClock.h **** typedef enum
 764:../Libraries/iLLD/TC4xx/CpuGeneric/Clock/Std/IfxClock.h **** {
 765:../Libraries/iLLD/TC4xx/CpuGeneric/Clock/Std/IfxClock.h ****     IfxClock_Ndivider_1 = 0,      /**< \brief  N-divider 1  */
 766:../Libraries/iLLD/TC4xx/CpuGeneric/Clock/Std/IfxClock.h ****     IfxClock_Ndivider_2,          /**< \brief  N-divider 2  */
 767:../Libraries/iLLD/TC4xx/CpuGeneric/Clock/Std/IfxClock.h ****     IfxClock_Ndivider_3,          /**< \brief  N-divider 3  */
 768:../Libraries/iLLD/TC4xx/CpuGeneric/Clock/Std/IfxClock.h ****     IfxClock_Ndivider_4,          /**< \brief  N-divider 4  */
 769:../Libraries/iLLD/TC4xx/CpuGeneric/Clock/Std/IfxClock.h ****     IfxClock_Ndivider_5,          /**< \brief  N-divider 5  */
 770:../Libraries/iLLD/TC4xx/CpuGeneric/Clock/Std/IfxClock.h ****     IfxClock_Ndivider_6,          /**< \brief  N-divider 6  */
 771:../Libraries/iLLD/TC4xx/CpuGeneric/Clock/Std/IfxClock.h ****     IfxClock_Ndivider_7,          /**< \brief  N-divider 7  */
 772:../Libraries/iLLD/TC4xx/CpuGeneric/Clock/Std/IfxClock.h ****     IfxClock_Ndivider_8,          /**< \brief  N-divider 8  */
 773:../Libraries/iLLD/TC4xx/CpuGeneric/Clock/Std/IfxClock.h ****     IfxClock_Ndivider_9,          /**< \brief  N-divider 9  */
 774:../Libraries/iLLD/TC4xx/CpuGeneric/Clock/Std/IfxClock.h ****     IfxClock_Ndivider_10,         /**< \brief  N-divider 10  */
 775:../Libraries/iLLD/TC4xx/CpuGeneric/Clock/Std/IfxClock.h ****     IfxClock_Ndivider_11,         /**< \brief  N-divider 11  */
 776:../Libraries/iLLD/TC4xx/CpuGeneric/Clock/Std/IfxClock.h ****     IfxClock_Ndivider_12,         /**< \brief  N-divider 12  */
 777:../Libraries/iLLD/TC4xx/CpuGeneric/Clock/Std/IfxClock.h ****     IfxClock_Ndivider_13,         /**< \brief  N-divider 13  */
 778:../Libraries/iLLD/TC4xx/CpuGeneric/Clock/Std/IfxClock.h ****     IfxClock_Ndivider_14,         /**< \brief  N-divider 14  */
 779:../Libraries/iLLD/TC4xx/CpuGeneric/Clock/Std/IfxClock.h ****     IfxClock_Ndivider_15,         /**< \brief  N-divider 15  */
 780:../Libraries/iLLD/TC4xx/CpuGeneric/Clock/Std/IfxClock.h ****     IfxClock_Ndivider_16,         /**< \brief  N-divider 16  */
 781:../Libraries/iLLD/TC4xx/CpuGeneric/Clock/Std/IfxClock.h ****     IfxClock_Ndivider_17,         /**< \brief  N-divider 17  */
 782:../Libraries/iLLD/TC4xx/CpuGeneric/Clock/Std/IfxClock.h ****     IfxClock_Ndivider_18,         /**< \brief  N-divider 18  */
 783:../Libraries/iLLD/TC4xx/CpuGeneric/Clock/Std/IfxClock.h ****     IfxClock_Ndivider_19,         /**< \brief  N-divider 19  */
 784:../Libraries/iLLD/TC4xx/CpuGeneric/Clock/Std/IfxClock.h ****     IfxClock_Ndivider_20,         /**< \brief  N-divider 20  */
 785:../Libraries/iLLD/TC4xx/CpuGeneric/Clock/Std/IfxClock.h ****     IfxClock_Ndivider_21,         /**< \brief  N-divider 21  */
 786:../Libraries/iLLD/TC4xx/CpuGeneric/Clock/Std/IfxClock.h ****     IfxClock_Ndivider_22,         /**< \brief  N-divider 22  */
 787:../Libraries/iLLD/TC4xx/CpuGeneric/Clock/Std/IfxClock.h ****     IfxClock_Ndivider_23,         /**< \brief  N-divider 23  */
 788:../Libraries/iLLD/TC4xx/CpuGeneric/Clock/Std/IfxClock.h ****     IfxClock_Ndivider_24,         /**< \brief  N-divider 24  */
 789:../Libraries/iLLD/TC4xx/CpuGeneric/Clock/Std/IfxClock.h ****     IfxClock_Ndivider_25,         /**< \brief  N-divider 25  */
 790:../Libraries/iLLD/TC4xx/CpuGeneric/Clock/Std/IfxClock.h ****     IfxClock_Ndivider_26,         /**< \brief  N-divider 26  */
 791:../Libraries/iLLD/TC4xx/CpuGeneric/Clock/Std/IfxClock.h ****     IfxClock_Ndivider_27,         /**< \brief  N-divider 27  */
 792:../Libraries/iLLD/TC4xx/CpuGeneric/Clock/Std/IfxClock.h ****     IfxClock_Ndivider_28,         /**< \brief  N-divider 28  */
 793:../Libraries/iLLD/TC4xx/CpuGeneric/Clock/Std/IfxClock.h ****     IfxClock_Ndivider_29,         /**< \brief  N-divider 29  */
 794:../Libraries/iLLD/TC4xx/CpuGeneric/Clock/Std/IfxClock.h ****     IfxClock_Ndivider_30,         /**< \brief  N-divider 30  */
 795:../Libraries/iLLD/TC4xx/CpuGeneric/Clock/Std/IfxClock.h ****     IfxClock_Ndivider_31,         /**< \brief  N-divider 31  */
 796:../Libraries/iLLD/TC4xx/CpuGeneric/Clock/Std/IfxClock.h ****     IfxClock_Ndivider_32,         /**< \brief  N-divider 32  */
 797:../Libraries/iLLD/TC4xx/CpuGeneric/Clock/Std/IfxClock.h ****     IfxClock_Ndivider_33,         /**< \brief  N-divider 33  */
 798:../Libraries/iLLD/TC4xx/CpuGeneric/Clock/Std/IfxClock.h ****     IfxClock_Ndivider_34,         /**< \brief  N-divider 34  */
 799:../Libraries/iLLD/TC4xx/CpuGeneric/Clock/Std/IfxClock.h ****     IfxClock_Ndivider_35,         /**< \brief  N-divider 35  */
 800:../Libraries/iLLD/TC4xx/CpuGeneric/Clock/Std/IfxClock.h ****     IfxClock_Ndivider_36,         /**< \brief  N-divider 36  */
 801:../Libraries/iLLD/TC4xx/CpuGeneric/Clock/Std/IfxClock.h ****     IfxClock_Ndivider_37,         /**< \brief  N-divider 37  */
 802:../Libraries/iLLD/TC4xx/CpuGeneric/Clock/Std/IfxClock.h ****     IfxClock_Ndivider_38,         /**< \brief  N-divider 38  */
 803:../Libraries/iLLD/TC4xx/CpuGeneric/Clock/Std/IfxClock.h ****     IfxClock_Ndivider_39,         /**< \brief  N-divider 39  */
 804:../Libraries/iLLD/TC4xx/CpuGeneric/Clock/Std/IfxClock.h ****     IfxClock_Ndivider_40,         /**< \brief  N-divider 40  */
 805:../Libraries/iLLD/TC4xx/CpuGeneric/Clock/Std/IfxClock.h ****     IfxClock_Ndivider_41,         /**< \brief  N-divider 41  */
 806:../Libraries/iLLD/TC4xx/CpuGeneric/Clock/Std/IfxClock.h ****     IfxClock_Ndivider_42,         /**< \brief  N-divider 42  */
 807:../Libraries/iLLD/TC4xx/CpuGeneric/Clock/Std/IfxClock.h ****     IfxClock_Ndivider_43,         /**< \brief  N-divider 43  */
 808:../Libraries/iLLD/TC4xx/CpuGeneric/Clock/Std/IfxClock.h ****     IfxClock_Ndivider_44,         /**< \brief  N-divider 44  */
 809:../Libraries/iLLD/TC4xx/CpuGeneric/Clock/Std/IfxClock.h ****     IfxClock_Ndivider_45,         /**< \brief  N-divider 45  */
 810:../Libraries/iLLD/TC4xx/CpuGeneric/Clock/Std/IfxClock.h ****     IfxClock_Ndivider_46,         /**< \brief  N-divider 46  */
 811:../Libraries/iLLD/TC4xx/CpuGeneric/Clock/Std/IfxClock.h ****     IfxClock_Ndivider_47,         /**< \brief  N-divider 47  */
 812:../Libraries/iLLD/TC4xx/CpuGeneric/Clock/Std/IfxClock.h ****     IfxClock_Ndivider_48,         /**< \brief  N-divider 48  */
 813:../Libraries/iLLD/TC4xx/CpuGeneric/Clock/Std/IfxClock.h ****     IfxClock_Ndivider_49,         /**< \brief  N-divider 49  */
 814:../Libraries/iLLD/TC4xx/CpuGeneric/Clock/Std/IfxClock.h ****     IfxClock_Ndivider_50,         /**< \brief  N-divider 50  */
 815:../Libraries/iLLD/TC4xx/CpuGeneric/Clock/Std/IfxClock.h ****     IfxClock_Ndivider_51,         /**< \brief  N-divider 51  */
 816:../Libraries/iLLD/TC4xx/CpuGeneric/Clock/Std/IfxClock.h ****     IfxClock_Ndivider_52,         /**< \brief  N-divider 52  */
 817:../Libraries/iLLD/TC4xx/CpuGeneric/Clock/Std/IfxClock.h ****     IfxClock_Ndivider_53,         /**< \brief  N-divider 53  */
 818:../Libraries/iLLD/TC4xx/CpuGeneric/Clock/Std/IfxClock.h ****     IfxClock_Ndivider_54,         /**< \brief  N-divider 54  */
 819:../Libraries/iLLD/TC4xx/CpuGeneric/Clock/Std/IfxClock.h ****     IfxClock_Ndivider_55,         /**< \brief  N-divider 55  */
 820:../Libraries/iLLD/TC4xx/CpuGeneric/Clock/Std/IfxClock.h ****     IfxClock_Ndivider_56,         /**< \brief  N-divider 56  */
 821:../Libraries/iLLD/TC4xx/CpuGeneric/Clock/Std/IfxClock.h ****     IfxClock_Ndivider_57,         /**< \brief  N-divider 57  */
 822:../Libraries/iLLD/TC4xx/CpuGeneric/Clock/Std/IfxClock.h ****     IfxClock_Ndivider_58,         /**< \brief  N-divider 58  */
 823:../Libraries/iLLD/TC4xx/CpuGeneric/Clock/Std/IfxClock.h ****     IfxClock_Ndivider_59,         /**< \brief  N-divider 59  */
 824:../Libraries/iLLD/TC4xx/CpuGeneric/Clock/Std/IfxClock.h ****     IfxClock_Ndivider_60,         /**< \brief  N-divider 60  */
 825:../Libraries/iLLD/TC4xx/CpuGeneric/Clock/Std/IfxClock.h ****     IfxClock_Ndivider_61,         /**< \brief  N-divider 61  */
 826:../Libraries/iLLD/TC4xx/CpuGeneric/Clock/Std/IfxClock.h ****     IfxClock_Ndivider_62,         /**< \brief  N-divider 62  */
 827:../Libraries/iLLD/TC4xx/CpuGeneric/Clock/Std/IfxClock.h ****     IfxClock_Ndivider_63,         /**< \brief  N-divider 63  */
 828:../Libraries/iLLD/TC4xx/CpuGeneric/Clock/Std/IfxClock.h ****     IfxClock_Ndivider_64,         /**< \brief  N-divider 64  */
 829:../Libraries/iLLD/TC4xx/CpuGeneric/Clock/Std/IfxClock.h ****     IfxClock_Ndivider_65,         /**< \brief  N-divider 65  */
 830:../Libraries/iLLD/TC4xx/CpuGeneric/Clock/Std/IfxClock.h ****     IfxClock_Ndivider_66,         /**< \brief  N-divider 66  */
 831:../Libraries/iLLD/TC4xx/CpuGeneric/Clock/Std/IfxClock.h ****     IfxClock_Ndivider_67,         /**< \brief  N-divider 67  */
 832:../Libraries/iLLD/TC4xx/CpuGeneric/Clock/Std/IfxClock.h ****     IfxClock_Ndivider_68,         /**< \brief  N-divider 68  */
 833:../Libraries/iLLD/TC4xx/CpuGeneric/Clock/Std/IfxClock.h ****     IfxClock_Ndivider_69,         /**< \brief  N-divider 69  */
 834:../Libraries/iLLD/TC4xx/CpuGeneric/Clock/Std/IfxClock.h ****     IfxClock_Ndivider_70,         /**< \brief  N-divider 70  */
 835:../Libraries/iLLD/TC4xx/CpuGeneric/Clock/Std/IfxClock.h ****     IfxClock_Ndivider_71,         /**< \brief  N-divider 71  */
 836:../Libraries/iLLD/TC4xx/CpuGeneric/Clock/Std/IfxClock.h ****     IfxClock_Ndivider_72,         /**< \brief  N-divider 72  */
 837:../Libraries/iLLD/TC4xx/CpuGeneric/Clock/Std/IfxClock.h ****     IfxClock_Ndivider_73,         /**< \brief  N-divider 73  */
 838:../Libraries/iLLD/TC4xx/CpuGeneric/Clock/Std/IfxClock.h ****     IfxClock_Ndivider_74,         /**< \brief  N-divider 74  */
 839:../Libraries/iLLD/TC4xx/CpuGeneric/Clock/Std/IfxClock.h ****     IfxClock_Ndivider_75,         /**< \brief  N-divider 75  */
 840:../Libraries/iLLD/TC4xx/CpuGeneric/Clock/Std/IfxClock.h ****     IfxClock_Ndivider_76,         /**< \brief  N-divider 76  */
 841:../Libraries/iLLD/TC4xx/CpuGeneric/Clock/Std/IfxClock.h ****     IfxClock_Ndivider_77,         /**< \brief  N-divider 77  */
 842:../Libraries/iLLD/TC4xx/CpuGeneric/Clock/Std/IfxClock.h ****     IfxClock_Ndivider_78,         /**< \brief  N-divider 78  */
 843:../Libraries/iLLD/TC4xx/CpuGeneric/Clock/Std/IfxClock.h ****     IfxClock_Ndivider_79,         /**< \brief  N-divider 79  */
 844:../Libraries/iLLD/TC4xx/CpuGeneric/Clock/Std/IfxClock.h ****     IfxClock_Ndivider_80,         /**< \brief  N-divider 80  */
 845:../Libraries/iLLD/TC4xx/CpuGeneric/Clock/Std/IfxClock.h ****     IfxClock_Ndivider_81,         /**< \brief  N-divider 81  */
 846:../Libraries/iLLD/TC4xx/CpuGeneric/Clock/Std/IfxClock.h ****     IfxClock_Ndivider_82,         /**< \brief  N-divider 82  */
 847:../Libraries/iLLD/TC4xx/CpuGeneric/Clock/Std/IfxClock.h ****     IfxClock_Ndivider_83,         /**< \brief  N-divider 83  */
 848:../Libraries/iLLD/TC4xx/CpuGeneric/Clock/Std/IfxClock.h ****     IfxClock_Ndivider_84,         /**< \brief  N-divider 84  */
 849:../Libraries/iLLD/TC4xx/CpuGeneric/Clock/Std/IfxClock.h ****     IfxClock_Ndivider_85,         /**< \brief  N-divider 85  */
 850:../Libraries/iLLD/TC4xx/CpuGeneric/Clock/Std/IfxClock.h ****     IfxClock_Ndivider_86,         /**< \brief  N-divider 86  */
 851:../Libraries/iLLD/TC4xx/CpuGeneric/Clock/Std/IfxClock.h ****     IfxClock_Ndivider_87,         /**< \brief  N-divider 87  */
 852:../Libraries/iLLD/TC4xx/CpuGeneric/Clock/Std/IfxClock.h ****     IfxClock_Ndivider_88,         /**< \brief  N-divider 88  */
 853:../Libraries/iLLD/TC4xx/CpuGeneric/Clock/Std/IfxClock.h ****     IfxClock_Ndivider_89,         /**< \brief  N-divider 89  */
 854:../Libraries/iLLD/TC4xx/CpuGeneric/Clock/Std/IfxClock.h ****     IfxClock_Ndivider_90,         /**< \brief  N-divider 90  */
 855:../Libraries/iLLD/TC4xx/CpuGeneric/Clock/Std/IfxClock.h ****     IfxClock_Ndivider_91,         /**< \brief  N-divider 91  */
 856:../Libraries/iLLD/TC4xx/CpuGeneric/Clock/Std/IfxClock.h ****     IfxClock_Ndivider_92,         /**< \brief  N-divider 92  */
 857:../Libraries/iLLD/TC4xx/CpuGeneric/Clock/Std/IfxClock.h ****     IfxClock_Ndivider_93,         /**< \brief  N-divider 93  */
 858:../Libraries/iLLD/TC4xx/CpuGeneric/Clock/Std/IfxClock.h ****     IfxClock_Ndivider_94,         /**< \brief  N-divider 94  */
 859:../Libraries/iLLD/TC4xx/CpuGeneric/Clock/Std/IfxClock.h ****     IfxClock_Ndivider_95,         /**< \brief  N-divider 95  */
 860:../Libraries/iLLD/TC4xx/CpuGeneric/Clock/Std/IfxClock.h ****     IfxClock_Ndivider_96,         /**< \brief  N-divider 96  */
 861:../Libraries/iLLD/TC4xx/CpuGeneric/Clock/Std/IfxClock.h ****     IfxClock_Ndivider_97,         /**< \brief  N-divider 97  */
 862:../Libraries/iLLD/TC4xx/CpuGeneric/Clock/Std/IfxClock.h ****     IfxClock_Ndivider_98,         /**< \brief  N-divider 98  */
 863:../Libraries/iLLD/TC4xx/CpuGeneric/Clock/Std/IfxClock.h ****     IfxClock_Ndivider_99,         /**< \brief  N-divider 99  */
 864:../Libraries/iLLD/TC4xx/CpuGeneric/Clock/Std/IfxClock.h ****     IfxClock_Ndivider_100,        /**< \brief  N-divider 100  */
 865:../Libraries/iLLD/TC4xx/CpuGeneric/Clock/Std/IfxClock.h ****     IfxClock_Ndivider_101,        /**< \brief  N-divider 101  */
 866:../Libraries/iLLD/TC4xx/CpuGeneric/Clock/Std/IfxClock.h ****     IfxClock_Ndivider_102,        /**< \brief  N-divider 102  */
 867:../Libraries/iLLD/TC4xx/CpuGeneric/Clock/Std/IfxClock.h ****     IfxClock_Ndivider_103,        /**< \brief  N-divider 103  */
 868:../Libraries/iLLD/TC4xx/CpuGeneric/Clock/Std/IfxClock.h ****     IfxClock_Ndivider_104,        /**< \brief  N-divider 104  */
 869:../Libraries/iLLD/TC4xx/CpuGeneric/Clock/Std/IfxClock.h ****     IfxClock_Ndivider_105,        /**< \brief  N-divider 105  */
 870:../Libraries/iLLD/TC4xx/CpuGeneric/Clock/Std/IfxClock.h ****     IfxClock_Ndivider_106,        /**< \brief  N-divider 106  */
 871:../Libraries/iLLD/TC4xx/CpuGeneric/Clock/Std/IfxClock.h ****     IfxClock_Ndivider_107,        /**< \brief  N-divider 107  */
 872:../Libraries/iLLD/TC4xx/CpuGeneric/Clock/Std/IfxClock.h ****     IfxClock_Ndivider_108,        /**< \brief  N-divider 108  */
 873:../Libraries/iLLD/TC4xx/CpuGeneric/Clock/Std/IfxClock.h ****     IfxClock_Ndivider_109,        /**< \brief  N-divider 109  */
 874:../Libraries/iLLD/TC4xx/CpuGeneric/Clock/Std/IfxClock.h ****     IfxClock_Ndivider_110,        /**< \brief  N-divider 110  */
 875:../Libraries/iLLD/TC4xx/CpuGeneric/Clock/Std/IfxClock.h ****     IfxClock_Ndivider_111,        /**< \brief  N-divider 111  */
 876:../Libraries/iLLD/TC4xx/CpuGeneric/Clock/Std/IfxClock.h ****     IfxClock_Ndivider_112,        /**< \brief  N-divider 112  */
 877:../Libraries/iLLD/TC4xx/CpuGeneric/Clock/Std/IfxClock.h ****     IfxClock_Ndivider_113,        /**< \brief  N-divider 113  */
 878:../Libraries/iLLD/TC4xx/CpuGeneric/Clock/Std/IfxClock.h ****     IfxClock_Ndivider_114,        /**< \brief  N-divider 114  */
 879:../Libraries/iLLD/TC4xx/CpuGeneric/Clock/Std/IfxClock.h ****     IfxClock_Ndivider_115,        /**< \brief  N-divider 115  */
 880:../Libraries/iLLD/TC4xx/CpuGeneric/Clock/Std/IfxClock.h ****     IfxClock_Ndivider_116,        /**< \brief  N-divider 116  */
 881:../Libraries/iLLD/TC4xx/CpuGeneric/Clock/Std/IfxClock.h ****     IfxClock_Ndivider_117,        /**< \brief  N-divider 117  */
 882:../Libraries/iLLD/TC4xx/CpuGeneric/Clock/Std/IfxClock.h ****     IfxClock_Ndivider_118,        /**< \brief  N-divider 118  */
 883:../Libraries/iLLD/TC4xx/CpuGeneric/Clock/Std/IfxClock.h ****     IfxClock_Ndivider_119,        /**< \brief  N-divider 119  */
 884:../Libraries/iLLD/TC4xx/CpuGeneric/Clock/Std/IfxClock.h ****     IfxClock_Ndivider_120,        /**< \brief  N-divider 120  */
 885:../Libraries/iLLD/TC4xx/CpuGeneric/Clock/Std/IfxClock.h ****     IfxClock_Ndivider_121,        /**< \brief  N-divider 121  */
 886:../Libraries/iLLD/TC4xx/CpuGeneric/Clock/Std/IfxClock.h ****     IfxClock_Ndivider_122,        /**< \brief  N-divider 122  */
 887:../Libraries/iLLD/TC4xx/CpuGeneric/Clock/Std/IfxClock.h ****     IfxClock_Ndivider_123,        /**< \brief  N-divider 123  */
 888:../Libraries/iLLD/TC4xx/CpuGeneric/Clock/Std/IfxClock.h ****     IfxClock_Ndivider_124,        /**< \brief  N-divider 124  */
 889:../Libraries/iLLD/TC4xx/CpuGeneric/Clock/Std/IfxClock.h ****     IfxClock_Ndivider_125,        /**< \brief  N-divider 125  */
 890:../Libraries/iLLD/TC4xx/CpuGeneric/Clock/Std/IfxClock.h ****     IfxClock_Ndivider_126,        /**< \brief  N-divider 126  */
 891:../Libraries/iLLD/TC4xx/CpuGeneric/Clock/Std/IfxClock.h ****     IfxClock_Ndivider_127,        /**< \brief  N-divider 127  */
 892:../Libraries/iLLD/TC4xx/CpuGeneric/Clock/Std/IfxClock.h ****     IfxClock_Ndivider_128         /**< \brief  N-divider 128  */
 893:../Libraries/iLLD/TC4xx/CpuGeneric/Clock/Std/IfxClock.h **** } IfxClock_Ndivider;
 894:../Libraries/iLLD/TC4xx/CpuGeneric/Clock/Std/IfxClock.h **** 
 895:../Libraries/iLLD/TC4xx/CpuGeneric/Clock/Std/IfxClock.h **** /** \brief MODULE_CLOCK.PLLCON0.B.PDIV, specifies the P-Divider
 896:../Libraries/iLLD/TC4xx/CpuGeneric/Clock/Std/IfxClock.h ****  */
 897:../Libraries/iLLD/TC4xx/CpuGeneric/Clock/Std/IfxClock.h **** typedef enum
 898:../Libraries/iLLD/TC4xx/CpuGeneric/Clock/Std/IfxClock.h **** {
 899:../Libraries/iLLD/TC4xx/CpuGeneric/Clock/Std/IfxClock.h ****     IfxClock_Pdivider_1 = 0,      /**< \brief  P-divider 1  */
 900:../Libraries/iLLD/TC4xx/CpuGeneric/Clock/Std/IfxClock.h ****     IfxClock_Pdivider_2,          /**< \brief  P-divider 2  */
 901:../Libraries/iLLD/TC4xx/CpuGeneric/Clock/Std/IfxClock.h ****     IfxClock_Pdivider_3,          /**< \brief  P-divider 3  */
 902:../Libraries/iLLD/TC4xx/CpuGeneric/Clock/Std/IfxClock.h ****     IfxClock_Pdivider_4,          /**< \brief  P-divider 4  */
 903:../Libraries/iLLD/TC4xx/CpuGeneric/Clock/Std/IfxClock.h ****     IfxClock_Pdivider_5,          /**< \brief  P-divider 5  */
 904:../Libraries/iLLD/TC4xx/CpuGeneric/Clock/Std/IfxClock.h ****     IfxClock_Pdivider_6,          /**< \brief  P-divider 6  */
 905:../Libraries/iLLD/TC4xx/CpuGeneric/Clock/Std/IfxClock.h ****     IfxClock_Pdivider_7,          /**< \brief  P-divider 7  */
 906:../Libraries/iLLD/TC4xx/CpuGeneric/Clock/Std/IfxClock.h ****     IfxClock_Pdivider_8           /**< \brief  P-divider 8  */
 907:../Libraries/iLLD/TC4xx/CpuGeneric/Clock/Std/IfxClock.h **** } IfxClock_Pdivider;
 908:../Libraries/iLLD/TC4xx/CpuGeneric/Clock/Std/IfxClock.h **** 
 909:../Libraries/iLLD/TC4xx/CpuGeneric/Clock/Std/IfxClock.h **** /** \brief selects the clock source that is used for the clock generation of fsrc1 and fsource2/3
 910:../Libraries/iLLD/TC4xx/CpuGeneric/Clock/Std/IfxClock.h ****  * Register : CCUCON.B.CLKSELP ;
 911:../Libraries/iLLD/TC4xx/CpuGeneric/Clock/Std/IfxClock.h ****  * 0: PLL / fsrc1 = fPLL1; fsource2 = fPLL2; fsource3 = fPLL3
 912:../Libraries/iLLD/TC4xx/CpuGeneric/Clock/Std/IfxClock.h ****  * 1: BACK / fBACK is used as clock source for fsrc1, fsource2, and fsource3
 913:../Libraries/iLLD/TC4xx/CpuGeneric/Clock/Std/IfxClock.h ****  */
 914:../Libraries/iLLD/TC4xx/CpuGeneric/Clock/Std/IfxClock.h **** typedef enum
 915:../Libraries/iLLD/TC4xx/CpuGeneric/Clock/Std/IfxClock.h **** {
 916:../Libraries/iLLD/TC4xx/CpuGeneric/Clock/Std/IfxClock.h ****     IfxClock_PerClockSourceSelect_pll  = 0, /**< \brief Peripheral Clock Source select : pll */
 917:../Libraries/iLLD/TC4xx/CpuGeneric/Clock/Std/IfxClock.h ****     IfxClock_PerClockSourceSelect_back = 1  /**< \brief Peripheral Clock Source select : Backup clo
 918:../Libraries/iLLD/TC4xx/CpuGeneric/Clock/Std/IfxClock.h **** } IfxClock_PerClockSourceSelect;
 919:../Libraries/iLLD/TC4xx/CpuGeneric/Clock/Std/IfxClock.h **** 
 920:../Libraries/iLLD/TC4xx/CpuGeneric/Clock/Std/IfxClock.h **** /** \brief selects the primary clock source for the System PLL
 921:../Libraries/iLLD/TC4xx/CpuGeneric/Clock/Std/IfxClock.h ****  * Register : CCUCON.B.INSEL ;
 922:../Libraries/iLLD/TC4xx/CpuGeneric/Clock/Std/IfxClock.h ****  * 0: BACK / back-up clock is used as clock source
 923:../Libraries/iLLD/TC4xx/CpuGeneric/Clock/Std/IfxClock.h ****  * 1: OSC0 / fOSC0 is used as clock source
 924:../Libraries/iLLD/TC4xx/CpuGeneric/Clock/Std/IfxClock.h ****  * 2: SYSCLK / SYSCLK pin is used as clock source
 925:../Libraries/iLLD/TC4xx/CpuGeneric/Clock/Std/IfxClock.h ****  * 3: fOSC_F is used as clock source
 926:../Libraries/iLLD/TC4xx/CpuGeneric/Clock/Std/IfxClock.h ****  */
 927:../Libraries/iLLD/TC4xx/CpuGeneric/Clock/Std/IfxClock.h **** typedef enum
 928:../Libraries/iLLD/TC4xx/CpuGeneric/Clock/Std/IfxClock.h **** {
 929:../Libraries/iLLD/TC4xx/CpuGeneric/Clock/Std/IfxClock.h ****     IfxClock_PllInputClockSelection_back    = 0,  /**< \brief PLL Clock Source select : Backup cloc
 930:../Libraries/iLLD/TC4xx/CpuGeneric/Clock/Std/IfxClock.h ****     IfxClock_PllInputClockSelection_fOsc0   = 1,  /**< \brief PLL Clock Source select : XTAL / fosc
 931:../Libraries/iLLD/TC4xx/CpuGeneric/Clock/Std/IfxClock.h ****     IfxClock_PllInputClockSelection_fSysclk = 2,  /**< \brief PLL Clock Source select : SYS clock (
 932:../Libraries/iLLD/TC4xx/CpuGeneric/Clock/Std/IfxClock.h ****     IfxClock_PllInputClockSelection_fOsc_f  = 3   /**< \brief PLL Clock Source select : XTAL / fosc
 933:../Libraries/iLLD/TC4xx/CpuGeneric/Clock/Std/IfxClock.h **** } IfxClock_PllInputClockSelection;
 934:../Libraries/iLLD/TC4xx/CpuGeneric/Clock/Std/IfxClock.h **** 
 935:../Libraries/iLLD/TC4xx/CpuGeneric/Clock/Std/IfxClock.h **** /** \brief reflect the ramping frequency status of the ramping oscillator. They automatically chang
 936:../Libraries/iLLD/TC4xx/CpuGeneric/Clock/Std/IfxClock.h ****  * Register : RAMPSTAT.B.FSTAT ;
 937:../Libraries/iLLD/TC4xx/CpuGeneric/Clock/Std/IfxClock.h ****  * 00B InBet / The ramping oscillator's output frequency is between the base frequency and the uppe
 938:../Libraries/iLLD/TC4xx/CpuGeneric/Clock/Std/IfxClock.h ****  * 01B AtBase / The ramping oscillator's output frequency equals the base frequency which is 100 MH
 939:../Libraries/iLLD/TC4xx/CpuGeneric/Clock/Std/IfxClock.h ****  * 10B AtTop / The ramping oscillator's output frequency equals the upper frequency limit.
 940:../Libraries/iLLD/TC4xx/CpuGeneric/Clock/Std/IfxClock.h ****  */
 941:../Libraries/iLLD/TC4xx/CpuGeneric/Clock/Std/IfxClock.h **** typedef enum
 942:../Libraries/iLLD/TC4xx/CpuGeneric/Clock/Std/IfxClock.h **** {
 943:../Libraries/iLLD/TC4xx/CpuGeneric/Clock/Std/IfxClock.h ****     IfxClock_RampFreqStatus_inBet  = 0,  /**< \brief The ramping oscillator's output frequency is b
 944:../Libraries/iLLD/TC4xx/CpuGeneric/Clock/Std/IfxClock.h ****     IfxClock_RampFreqStatus_atBase = 1,  /**< \brief The ramping oscillator's output frequency equa
 945:../Libraries/iLLD/TC4xx/CpuGeneric/Clock/Std/IfxClock.h ****     IfxClock_RampFreqStatus_atTop  = 2   /**< \brief The ramping oscillator's output frequency equa
 946:../Libraries/iLLD/TC4xx/CpuGeneric/Clock/Std/IfxClock.h **** } IfxClock_RampFreqStatus;
 947:../Libraries/iLLD/TC4xx/CpuGeneric/Clock/Std/IfxClock.h **** 
 948:../Libraries/iLLD/TC4xx/CpuGeneric/Clock/Std/IfxClock.h **** /** \brief used to power-up/down the Ramping Oscillator.
 949:../Libraries/iLLD/TC4xx/CpuGeneric/Clock/Std/IfxClock.h ****  * Register : RAMPCON.B.PWR ; RAMPSTAT.B.ACTIVE
 950:../Libraries/iLLD/TC4xx/CpuGeneric/Clock/Std/IfxClock.h ****  * 0B power down
 951:../Libraries/iLLD/TC4xx/CpuGeneric/Clock/Std/IfxClock.h ****  * 1B power up
 952:../Libraries/iLLD/TC4xx/CpuGeneric/Clock/Std/IfxClock.h ****  */
 953:../Libraries/iLLD/TC4xx/CpuGeneric/Clock/Std/IfxClock.h **** typedef enum
 954:../Libraries/iLLD/TC4xx/CpuGeneric/Clock/Std/IfxClock.h **** {
 955:../Libraries/iLLD/TC4xx/CpuGeneric/Clock/Std/IfxClock.h ****     IfxClock_RampPower_powerDown = 0,  /**< \brief Power down ramping Osc */
 956:../Libraries/iLLD/TC4xx/CpuGeneric/Clock/Std/IfxClock.h ****     IfxClock_RampPower_powerUp   = 1   /**< \brief power up ramping osc */
 957:../Libraries/iLLD/TC4xx/CpuGeneric/Clock/Std/IfxClock.h **** } IfxClock_RampPower;
 958:../Libraries/iLLD/TC4xx/CpuGeneric/Clock/Std/IfxClock.h **** 
 959:../Libraries/iLLD/TC4xx/CpuGeneric/Clock/Std/IfxClock.h **** /** \brief These will direct a ramping sequence according to its control parameters (UFL, SZ, WAIT)
 960:../Libraries/iLLD/TC4xx/CpuGeneric/Clock/Std/IfxClock.h ****  * Register : RAMPCON.B.CMD ;
 961:../Libraries/iLLD/TC4xx/CpuGeneric/Clock/Std/IfxClock.h ****  * 000B Idle / Idle, do nothing, actual frequency is kept constant.
 962:../Libraries/iLLD/TC4xx/CpuGeneric/Clock/Std/IfxClock.h ****  * 001B RampUp / Ramp-up until the upper frequency limit has been reached.
 963:../Libraries/iLLD/TC4xx/CpuGeneric/Clock/Std/IfxClock.h ****  * 010B RampDown / Ramp-down until the base frequency has been reached.
 964:../Libraries/iLLD/TC4xx/CpuGeneric/Clock/Std/IfxClock.h ****  * 011B Stop / Stop/pause ramping, actual frequency is kept constant.
 965:../Libraries/iLLD/TC4xx/CpuGeneric/Clock/Std/IfxClock.h ****  * 100B Reset / Reset, stop ramping (if in progress) and set the oscillator to its base frequency (
 966:../Libraries/iLLD/TC4xx/CpuGeneric/Clock/Std/IfxClock.h ****  */
 967:../Libraries/iLLD/TC4xx/CpuGeneric/Clock/Std/IfxClock.h **** typedef enum
 968:../Libraries/iLLD/TC4xx/CpuGeneric/Clock/Std/IfxClock.h **** {
 969:../Libraries/iLLD/TC4xx/CpuGeneric/Clock/Std/IfxClock.h ****     IfxClock_RampSeqCmd_idle     = 0,  /**< \brief Idle, actual frequency is kept constant. */
 970:../Libraries/iLLD/TC4xx/CpuGeneric/Clock/Std/IfxClock.h ****     IfxClock_RampSeqCmd_rampUp   = 1,  /**< \brief Ramp-up until the upper frequency limit has been
 971:../Libraries/iLLD/TC4xx/CpuGeneric/Clock/Std/IfxClock.h ****     IfxClock_RampSeqCmd_rampDown = 2,  /**< \brief Ramp-down until the base frequency has been reac
 972:../Libraries/iLLD/TC4xx/CpuGeneric/Clock/Std/IfxClock.h ****     IfxClock_RampSeqCmd_stop     = 3,  /**< \brief Stop/pause ramping, actual frequency is kept con
 973:../Libraries/iLLD/TC4xx/CpuGeneric/Clock/Std/IfxClock.h ****     IfxClock_RampSeqCmd_train    = 4   /**< \brief Execute training sequence */
 974:../Libraries/iLLD/TC4xx/CpuGeneric/Clock/Std/IfxClock.h **** } IfxClock_RampSeqCmd;
 975:../Libraries/iLLD/TC4xx/CpuGeneric/Clock/Std/IfxClock.h **** 
 976:../Libraries/iLLD/TC4xx/CpuGeneric/Clock/Std/IfxClock.h **** /** \brief Status bits to reflect the current state of the ramping sequencer
 977:../Libraries/iLLD/TC4xx/CpuGeneric/Clock/Std/IfxClock.h ****  * Register : RAMPSTAT.B.SSTAT ;
 978:../Libraries/iLLD/TC4xx/CpuGeneric/Clock/Std/IfxClock.h ****  * 00B Idle / Frequency constant, not changing
 979:../Libraries/iLLD/TC4xx/CpuGeneric/Clock/Std/IfxClock.h ****  * 01B RampUp / Frequency increasing
 980:../Libraries/iLLD/TC4xx/CpuGeneric/Clock/Std/IfxClock.h ****  * 10B RampDown / Frequency decreasing
 981:../Libraries/iLLD/TC4xx/CpuGeneric/Clock/Std/IfxClock.h ****  */
 982:../Libraries/iLLD/TC4xx/CpuGeneric/Clock/Std/IfxClock.h **** typedef enum
 983:../Libraries/iLLD/TC4xx/CpuGeneric/Clock/Std/IfxClock.h **** {
 984:../Libraries/iLLD/TC4xx/CpuGeneric/Clock/Std/IfxClock.h ****     IfxClock_RampSeqStatus_idle     = 0,  /**< \brief Frequency constant, not changing */
 985:../Libraries/iLLD/TC4xx/CpuGeneric/Clock/Std/IfxClock.h ****     IfxClock_RampSeqStatus_rampUp   = 1,  /**< \brief Frequency increasing */
 986:../Libraries/iLLD/TC4xx/CpuGeneric/Clock/Std/IfxClock.h ****     IfxClock_RampSeqStatus_rampDown = 2,  /**< \brief Frequency decreasing */
 987:../Libraries/iLLD/TC4xx/CpuGeneric/Clock/Std/IfxClock.h ****     IfxClock_RampSeqStatus_training = 3   /**< \brief Training */
 988:../Libraries/iLLD/TC4xx/CpuGeneric/Clock/Std/IfxClock.h **** } IfxClock_RampSeqStatus;
 989:../Libraries/iLLD/TC4xx/CpuGeneric/Clock/Std/IfxClock.h **** 
 990:../Libraries/iLLD/TC4xx/CpuGeneric/Clock/Std/IfxClock.h **** /** \brief enum for SPI Slave Select
 991:../Libraries/iLLD/TC4xx/CpuGeneric/Clock/Std/IfxClock.h ****  */
 992:../Libraries/iLLD/TC4xx/CpuGeneric/Clock/Std/IfxClock.h **** typedef enum
 993:../Libraries/iLLD/TC4xx/CpuGeneric/Clock/Std/IfxClock.h **** {
 994:../Libraries/iLLD/TC4xx/CpuGeneric/Clock/Std/IfxClock.h ****     IfxClock_SpiSlaveSelect_0 = 0,  /**< \brief 0 SPI Slave Sel */
 995:../Libraries/iLLD/TC4xx/CpuGeneric/Clock/Std/IfxClock.h ****     IfxClock_SpiSlaveSelect_1 = 1,  /**< \brief 1 SPI Slave Sel */
 996:../Libraries/iLLD/TC4xx/CpuGeneric/Clock/Std/IfxClock.h ****     IfxClock_SpiSlaveSelect_2 = 2,  /**< \brief 2 SPI Slave Sel */
 997:../Libraries/iLLD/TC4xx/CpuGeneric/Clock/Std/IfxClock.h ****     IfxClock_SpiSlaveSelect_3 = 3,  /**< \brief 3 SPI Slave Sel */
 998:../Libraries/iLLD/TC4xx/CpuGeneric/Clock/Std/IfxClock.h ****     IfxClock_SpiSlaveSelect_4 = 4,  /**< \brief 4 SPI Slave Sel */
 999:../Libraries/iLLD/TC4xx/CpuGeneric/Clock/Std/IfxClock.h ****     IfxClock_SpiSlaveSelect_5 = 5,  /**< \brief 5 SPI Slave Sel */
1000:../Libraries/iLLD/TC4xx/CpuGeneric/Clock/Std/IfxClock.h ****     IfxClock_SpiSlaveSelect_6 = 6,  /**< \brief 6 SPI Slave Sel */
1001:../Libraries/iLLD/TC4xx/CpuGeneric/Clock/Std/IfxClock.h ****     IfxClock_SpiSlaveSelect_7 = 7,  /**< \brief 7 SPI Slave Sel */
1002:../Libraries/iLLD/TC4xx/CpuGeneric/Clock/Std/IfxClock.h ****     IfxClock_SpiSlaveSelect_8 = 8,  /**< \brief 8 SPI Slave Sel 7/DCCU0-7 */
1003:../Libraries/iLLD/TC4xx/CpuGeneric/Clock/Std/IfxClock.h ****     IfxClock_SpiSlaveSelect_9 = 9   /**< \brief 9 SPI Slave Sel PCCU */
1004:../Libraries/iLLD/TC4xx/CpuGeneric/Clock/Std/IfxClock.h **** } IfxClock_SpiSlaveSelect;
1005:../Libraries/iLLD/TC4xx/CpuGeneric/Clock/Std/IfxClock.h **** 
1006:../Libraries/iLLD/TC4xx/CpuGeneric/Clock/Std/IfxClock.h **** /** \brief selects the clock source that is used for the clock generation of fsource0
1007:../Libraries/iLLD/TC4xx/CpuGeneric/Clock/Std/IfxClock.h ****  * Register : CCUCON.B.CLKSELS ;
1008:../Libraries/iLLD/TC4xx/CpuGeneric/Clock/Std/IfxClock.h ****  * 0: PLL / fPLL0 is used as clock source fsource0
1009:../Libraries/iLLD/TC4xx/CpuGeneric/Clock/Std/IfxClock.h ****  * 1: BACK / fBACKis used as clock source fsource0
1010:../Libraries/iLLD/TC4xx/CpuGeneric/Clock/Std/IfxClock.h ****  * 2: RAMP / fRAMP is used as clock source fsource0
1011:../Libraries/iLLD/TC4xx/CpuGeneric/Clock/Std/IfxClock.h ****  */
1012:../Libraries/iLLD/TC4xx/CpuGeneric/Clock/Std/IfxClock.h **** typedef enum
1013:../Libraries/iLLD/TC4xx/CpuGeneric/Clock/Std/IfxClock.h **** {
1014:../Libraries/iLLD/TC4xx/CpuGeneric/Clock/Std/IfxClock.h ****     IfxClock_SysClockSourceSelect_pll  = 0,  /**< \brief System Clock Source select : pll */
1015:../Libraries/iLLD/TC4xx/CpuGeneric/Clock/Std/IfxClock.h ****     IfxClock_SysClockSourceSelect_back = 1,  /**< \brief System Clock Source select : Backup clock 
1016:../Libraries/iLLD/TC4xx/CpuGeneric/Clock/Std/IfxClock.h ****     IfxClock_SysClockSourceSelect_ramp = 2   /**< \brief System Clock Source select : Ramp clock */
1017:../Libraries/iLLD/TC4xx/CpuGeneric/Clock/Std/IfxClock.h **** } IfxClock_SysClockSourceSelect;
1018:../Libraries/iLLD/TC4xx/CpuGeneric/Clock/Std/IfxClock.h **** 
1019:../Libraries/iLLD/TC4xx/CpuGeneric/Clock/Std/IfxClock.h **** /** \brief trap request type
1020:../Libraries/iLLD/TC4xx/CpuGeneric/Clock/Std/IfxClock.h ****  */
1021:../Libraries/iLLD/TC4xx/CpuGeneric/Clock/Std/IfxClock.h **** typedef enum
1022:../Libraries/iLLD/TC4xx/CpuGeneric/Clock/Std/IfxClock.h **** {
1023:../Libraries/iLLD/TC4xx/CpuGeneric/Clock/Std/IfxClock.h ****     IfxClock_Traprequest_esr0 = 0,  /**< \brief external service request 0 */
1024:../Libraries/iLLD/TC4xx/CpuGeneric/Clock/Std/IfxClock.h ****     IfxClock_Traprequest_esr1,      /**< \brief external service request 1 */
1025:../Libraries/iLLD/TC4xx/CpuGeneric/Clock/Std/IfxClock.h ****     IfxClock_Traprequest_trap2,     /**< \brief trap2 */
1026:../Libraries/iLLD/TC4xx/CpuGeneric/Clock/Std/IfxClock.h ****     IfxClock_Traprequest_smu        /**< \brief safety management unit */
1027:../Libraries/iLLD/TC4xx/CpuGeneric/Clock/Std/IfxClock.h **** } IfxClock_Traprequest;
1028:../Libraries/iLLD/TC4xx/CpuGeneric/Clock/Std/IfxClock.h **** 
1029:../Libraries/iLLD/TC4xx/CpuGeneric/Clock/Std/IfxClock.h **** /** \brief enum for XGain values
1030:../Libraries/iLLD/TC4xx/CpuGeneric/Clock/Std/IfxClock.h ****  */
1031:../Libraries/iLLD/TC4xx/CpuGeneric/Clock/Std/IfxClock.h **** typedef enum
1032:../Libraries/iLLD/TC4xx/CpuGeneric/Clock/Std/IfxClock.h **** {
1033:../Libraries/iLLD/TC4xx/CpuGeneric/Clock/Std/IfxClock.h ****     IfxClock_XGain_00    = 0, /**< \brief 0 */
1034:../Libraries/iLLD/TC4xx/CpuGeneric/Clock/Std/IfxClock.h ****     IfxClock_XGain_01    = 1, /**< \brief 0 */
1035:../Libraries/iLLD/TC4xx/CpuGeneric/Clock/Std/IfxClock.h ****     IfxClock_XGain_0p25  = 2, /**< \brief 0.25 */
1036:../Libraries/iLLD/TC4xx/CpuGeneric/Clock/Std/IfxClock.h ****     IfxClock_XGain_0p5   = 3, /**< \brief 0.5 */
1037:../Libraries/iLLD/TC4xx/CpuGeneric/Clock/Std/IfxClock.h ****     IfxClock_XGain_1p0   = 4, /**< \brief 1.0 */
1038:../Libraries/iLLD/TC4xx/CpuGeneric/Clock/Std/IfxClock.h ****     IfxClock_XGain_2p0   = 5, /**< \brief 2.0 */
1039:../Libraries/iLLD/TC4xx/CpuGeneric/Clock/Std/IfxClock.h ****     IfxClock_XGain_4p0   = 6, /**< \brief 4.0 */
1040:../Libraries/iLLD/TC4xx/CpuGeneric/Clock/Std/IfxClock.h ****     IfxClock_XGain_count = 7  /**< \brief range of xgain values */
1041:../Libraries/iLLD/TC4xx/CpuGeneric/Clock/Std/IfxClock.h **** } IfxClock_XGain;
1042:../Libraries/iLLD/TC4xx/CpuGeneric/Clock/Std/IfxClock.h **** 
1043:../Libraries/iLLD/TC4xx/CpuGeneric/Clock/Std/IfxClock.h **** /** \} */
1044:../Libraries/iLLD/TC4xx/CpuGeneric/Clock/Std/IfxClock.h **** 
1045:../Libraries/iLLD/TC4xx/CpuGeneric/Clock/Std/IfxClock.h **** #if IFXCLOCK_IS_EXTCLK_AUDIO_AVAILABLE
1046:../Libraries/iLLD/TC4xx/CpuGeneric/Clock/Std/IfxClock.h **** /** \brief selects the clock source that is used for the clock generation of fAudio.
1047:../Libraries/iLLD/TC4xx/CpuGeneric/Clock/Std/IfxClock.h ****  * Register : CCUCON.B.CLKSELA ;
1048:../Libraries/iLLD/TC4xx/CpuGeneric/Clock/Std/IfxClock.h ****  * 0: PLL / fPLL0 is used as audio clock source fAudio.
1049:../Libraries/iLLD/TC4xx/CpuGeneric/Clock/Std/IfxClock.h ****  * 1: BACK / fBACKis used as audio clock source fAudio.
1050:../Libraries/iLLD/TC4xx/CpuGeneric/Clock/Std/IfxClock.h ****  */
1051:../Libraries/iLLD/TC4xx/CpuGeneric/Clock/Std/IfxClock.h **** typedef enum
1052:../Libraries/iLLD/TC4xx/CpuGeneric/Clock/Std/IfxClock.h **** {
1053:../Libraries/iLLD/TC4xx/CpuGeneric/Clock/Std/IfxClock.h ****     IfxClock_AudioClockSourceSelect_pll  = 0, /**< \brief Audio Clock Source select : pll */
1054:../Libraries/iLLD/TC4xx/CpuGeneric/Clock/Std/IfxClock.h ****     IfxClock_AudioClockSourceSelect_back = 1  /**< \brief Audio Clock Source select : Backup clock 
1055:../Libraries/iLLD/TC4xx/CpuGeneric/Clock/Std/IfxClock.h **** } IfxClock_AudioClockSourceSelect;
1056:../Libraries/iLLD/TC4xx/CpuGeneric/Clock/Std/IfxClock.h **** 
1057:../Libraries/iLLD/TC4xx/CpuGeneric/Clock/Std/IfxClock.h **** /** \brief MODULE_CLOCK.APLLCON1.B.KDIV, specifies the K-Divider
1058:../Libraries/iLLD/TC4xx/CpuGeneric/Clock/Std/IfxClock.h ****  */
1059:../Libraries/iLLD/TC4xx/CpuGeneric/Clock/Std/IfxClock.h **** typedef enum
1060:../Libraries/iLLD/TC4xx/CpuGeneric/Clock/Std/IfxClock.h **** {
1061:../Libraries/iLLD/TC4xx/CpuGeneric/Clock/Std/IfxClock.h ****     IfxClock_Kdivider_1  = 0,   /**< \brief K-Divider 1 */
1062:../Libraries/iLLD/TC4xx/CpuGeneric/Clock/Std/IfxClock.h ****     IfxClock_Kdivider_2  = 1,   /**< \brief K-Divider 2 */
1063:../Libraries/iLLD/TC4xx/CpuGeneric/Clock/Std/IfxClock.h ****     IfxClock_Kdivider_3  = 2,   /**< \brief K-Divider 3 */
1064:../Libraries/iLLD/TC4xx/CpuGeneric/Clock/Std/IfxClock.h ****     IfxClock_Kdivider_4  = 3,   /**< \brief K-Divider 4 */
1065:../Libraries/iLLD/TC4xx/CpuGeneric/Clock/Std/IfxClock.h ****     IfxClock_Kdivider_5  = 4,   /**< \brief K-Divider 5 */
1066:../Libraries/iLLD/TC4xx/CpuGeneric/Clock/Std/IfxClock.h ****     IfxClock_Kdivider_6  = 5,   /**< \brief K-Divider 6 */
1067:../Libraries/iLLD/TC4xx/CpuGeneric/Clock/Std/IfxClock.h ****     IfxClock_Kdivider_7  = 6,   /**< \brief K-Divider 7 */
1068:../Libraries/iLLD/TC4xx/CpuGeneric/Clock/Std/IfxClock.h ****     IfxClock_Kdivider_8  = 7,   /**< \brief K-Divider 8 */
1069:../Libraries/iLLD/TC4xx/CpuGeneric/Clock/Std/IfxClock.h ****     IfxClock_Kdivider_9  = 8,   /**< \brief K-Divider 9 */
1070:../Libraries/iLLD/TC4xx/CpuGeneric/Clock/Std/IfxClock.h ****     IfxClock_Kdivider_10 = 9,   /**< \brief K-Divider 10 */
1071:../Libraries/iLLD/TC4xx/CpuGeneric/Clock/Std/IfxClock.h ****     IfxClock_Kdivider_11 = 10,  /**< \brief K-Divider 11 */
1072:../Libraries/iLLD/TC4xx/CpuGeneric/Clock/Std/IfxClock.h ****     IfxClock_Kdivider_12 = 11,  /**< \brief K-Divider 12 */
1073:../Libraries/iLLD/TC4xx/CpuGeneric/Clock/Std/IfxClock.h ****     IfxClock_Kdivider_13 = 12,  /**< \brief K-Divider 13 */
1074:../Libraries/iLLD/TC4xx/CpuGeneric/Clock/Std/IfxClock.h ****     IfxClock_Kdivider_14 = 13,  /**< \brief K-Divider 14 */
1075:../Libraries/iLLD/TC4xx/CpuGeneric/Clock/Std/IfxClock.h ****     IfxClock_Kdivider_15 = 14,  /**< \brief K-Divider 15 */
1076:../Libraries/iLLD/TC4xx/CpuGeneric/Clock/Std/IfxClock.h ****     IfxClock_Kdivider_16 = 15   /**< \brief K-Divider 16 */
1077:../Libraries/iLLD/TC4xx/CpuGeneric/Clock/Std/IfxClock.h **** } IfxClock_Kdivider;
1078:../Libraries/iLLD/TC4xx/CpuGeneric/Clock/Std/IfxClock.h **** #endif /* #if IFXCLOCK_IS_EXTCLK_AUDIO_AVAILABLE */
1079:../Libraries/iLLD/TC4xx/CpuGeneric/Clock/Std/IfxClock.h **** 
1080:../Libraries/iLLD/TC4xx/CpuGeneric/Clock/Std/IfxClock.h **** /** \brief Enum for PERPLL FM MA (%) values
1081:../Libraries/iLLD/TC4xx/CpuGeneric/Clock/Std/IfxClock.h ****  */
1082:../Libraries/iLLD/TC4xx/CpuGeneric/Clock/Std/IfxClock.h **** typedef enum
1083:../Libraries/iLLD/TC4xx/CpuGeneric/Clock/Std/IfxClock.h **** {
1084:../Libraries/iLLD/TC4xx/CpuGeneric/Clock/Std/IfxClock.h ****     IfxClock_PerPllModulationAmplitude_0p01  = 0,  /**< \brief 0.01% */
1085:../Libraries/iLLD/TC4xx/CpuGeneric/Clock/Std/IfxClock.h ****     IfxClock_PerPllModulationAmplitude_0p02  = 1,  /**< \brief 0.02% */
1086:../Libraries/iLLD/TC4xx/CpuGeneric/Clock/Std/IfxClock.h ****     IfxClock_PerPllModulationAmplitude_0p03  = 2,  /**< \brief 0.03% */
1087:../Libraries/iLLD/TC4xx/CpuGeneric/Clock/Std/IfxClock.h ****     IfxClock_PerPllModulationAmplitude_0p04  = 3,  /**< \brief 0.04% */
1088:../Libraries/iLLD/TC4xx/CpuGeneric/Clock/Std/IfxClock.h ****     IfxClock_PerPllModulationAmplitude_0p05  = 4,  /**< \brief 0.05% */
1089:../Libraries/iLLD/TC4xx/CpuGeneric/Clock/Std/IfxClock.h ****     IfxClock_PerPllModulationAmplitude_0p06  = 5,  /**< \brief 0.06% */
1090:../Libraries/iLLD/TC4xx/CpuGeneric/Clock/Std/IfxClock.h ****     IfxClock_PerPllModulationAmplitude_0p07  = 6,  /**< \brief 0.07% */
1091:../Libraries/iLLD/TC4xx/CpuGeneric/Clock/Std/IfxClock.h ****     IfxClock_PerPllModulationAmplitude_0p08  = 7,  /**< \brief 0.08% */
1092:../Libraries/iLLD/TC4xx/CpuGeneric/Clock/Std/IfxClock.h ****     IfxClock_PerPllModulationAmplitude_0p09  = 8,  /**< \brief 0.09% */
1093:../Libraries/iLLD/TC4xx/CpuGeneric/Clock/Std/IfxClock.h ****     IfxClock_PerPllModulationAmplitude_0p10  = 9,  /**< \brief 0.10% */
1094:../Libraries/iLLD/TC4xx/CpuGeneric/Clock/Std/IfxClock.h ****     IfxClock_PerPllModulationAmplitude_0p11  = 10, /**< \brief 0.11% */
1095:../Libraries/iLLD/TC4xx/CpuGeneric/Clock/Std/IfxClock.h ****     IfxClock_PerPllModulationAmplitude_0p12  = 11, /**< \brief 0.12% */
1096:../Libraries/iLLD/TC4xx/CpuGeneric/Clock/Std/IfxClock.h ****     IfxClock_PerPllModulationAmplitude_0p13  = 12, /**< \brief 0.13% */
1097:../Libraries/iLLD/TC4xx/CpuGeneric/Clock/Std/IfxClock.h ****     IfxClock_PerPllModulationAmplitude_0p14  = 13, /**< \brief 0.14% */
1098:../Libraries/iLLD/TC4xx/CpuGeneric/Clock/Std/IfxClock.h ****     IfxClock_PerPllModulationAmplitude_0p15  = 14, /**< \brief 0.15% */
1099:../Libraries/iLLD/TC4xx/CpuGeneric/Clock/Std/IfxClock.h ****     IfxClock_PerPllModulationAmplitude_count = 15  /**< \brief range */
1100:../Libraries/iLLD/TC4xx/CpuGeneric/Clock/Std/IfxClock.h **** } IfxClock_PerPllModulationAmplitude;
1101:../Libraries/iLLD/TC4xx/CpuGeneric/Clock/Std/IfxClock.h **** 
1102:../Libraries/iLLD/TC4xx/CpuGeneric/Clock/Std/IfxClock.h **** #if IFXCLOCK_IS_EXTCLK_XSPISL_AVAILABLE 
1103:../Libraries/iLLD/TC4xx/CpuGeneric/Clock/Std/IfxClock.h **** /** \brief XSPISLDIV divider values
1104:../Libraries/iLLD/TC4xx/CpuGeneric/Clock/Std/IfxClock.h ****  */
1105:../Libraries/iLLD/TC4xx/CpuGeneric/Clock/Std/IfxClock.h **** typedef enum
1106:../Libraries/iLLD/TC4xx/CpuGeneric/Clock/Std/IfxClock.h **** {
1107:../Libraries/iLLD/TC4xx/CpuGeneric/Clock/Std/IfxClock.h ****     IfxClock_Xspisldiv_1 = 1,  /**< \brief XSPISL divider value is 0 */
1108:../Libraries/iLLD/TC4xx/CpuGeneric/Clock/Std/IfxClock.h ****     IfxClock_Xspisldiv_2 = 2,  /**< \brief XSPISL divider reload value is 2 */
1109:../Libraries/iLLD/TC4xx/CpuGeneric/Clock/Std/IfxClock.h ****     IfxClock_Xspisldiv_4 = 4   /**< \brief XSPISL divider reload value is 4 */
1110:../Libraries/iLLD/TC4xx/CpuGeneric/Clock/Std/IfxClock.h **** } IfxClock_Xspisldiv;
1111:../Libraries/iLLD/TC4xx/CpuGeneric/Clock/Std/IfxClock.h **** #endif /* #if IFXCLOCK_IS_EXTCLK_XSPISL_AVAILABLE */
1112:../Libraries/iLLD/TC4xx/CpuGeneric/Clock/Std/IfxClock.h **** 
1113:../Libraries/iLLD/TC4xx/CpuGeneric/Clock/Std/IfxClock.h **** /******************************************************************************/
1114:../Libraries/iLLD/TC4xx/CpuGeneric/Clock/Std/IfxClock.h **** /*-----------------------------Data Structures--------------------------------*/
1115:../Libraries/iLLD/TC4xx/CpuGeneric/Clock/Std/IfxClock.h **** /******************************************************************************/
1116:../Libraries/iLLD/TC4xx/CpuGeneric/Clock/Std/IfxClock.h **** 
1117:../Libraries/iLLD/TC4xx/CpuGeneric/Clock/Std/IfxClock.h **** /** \addtogroup IfxLld_Clock_Std_Ccu_Configuration
1118:../Libraries/iLLD/TC4xx/CpuGeneric/Clock/Std/IfxClock.h ****  * \{ */
1119:../Libraries/iLLD/TC4xx/CpuGeneric/Clock/Std/IfxClock.h **** /** \brief Configuration structure type for CCUCON registers.
1120:../Libraries/iLLD/TC4xx/CpuGeneric/Clock/Std/IfxClock.h ****  */
1121:../Libraries/iLLD/TC4xx/CpuGeneric/Clock/Std/IfxClock.h **** typedef struct
1122:../Libraries/iLLD/TC4xx/CpuGeneric/Clock/Std/IfxClock.h **** {
1123:../Libraries/iLLD/TC4xx/CpuGeneric/Clock/Std/IfxClock.h ****     uint32 value;       /**< \brief CCUCON Register value to be updated. Range: 0 to 0x7F1FFFFF. */
1124:../Libraries/iLLD/TC4xx/CpuGeneric/Clock/Std/IfxClock.h ****     uint32 mask;        /**< \brief CCUCON Mask to select the bit fields to be updated. Range: 0 to
1125:../Libraries/iLLD/TC4xx/CpuGeneric/Clock/Std/IfxClock.h **** } IfxClock_CcuconRegConfig;
1126:../Libraries/iLLD/TC4xx/CpuGeneric/Clock/Std/IfxClock.h **** 
1127:../Libraries/iLLD/TC4xx/CpuGeneric/Clock/Std/IfxClock.h **** /** \} */
1128:../Libraries/iLLD/TC4xx/CpuGeneric/Clock/Std/IfxClock.h **** 
1129:../Libraries/iLLD/TC4xx/CpuGeneric/Clock/Std/IfxClock.h **** /** \addtogroup IfxLld_Clock_Std_Ccu_Configuration
1130:../Libraries/iLLD/TC4xx/CpuGeneric/Clock/Std/IfxClock.h ****  * \{ */
1131:../Libraries/iLLD/TC4xx/CpuGeneric/Clock/Std/IfxClock.h **** /** \brief Configuration structure type for all the CCUCON registers to configure clock distributio
1132:../Libraries/iLLD/TC4xx/CpuGeneric/Clock/Std/IfxClock.h ****  */
1133:../Libraries/iLLD/TC4xx/CpuGeneric/Clock/Std/IfxClock.h **** typedef struct
1134:../Libraries/iLLD/TC4xx/CpuGeneric/Clock/Std/IfxClock.h **** {
1135:../Libraries/iLLD/TC4xx/CpuGeneric/Clock/Std/IfxClock.h ****     IfxClock_CcuconRegConfig sysccucon0;       /**< \brief CCUCON0 Register configuration */
1136:../Libraries/iLLD/TC4xx/CpuGeneric/Clock/Std/IfxClock.h ****     IfxClock_CcuconRegConfig sysccucon1;       /**< \brief CCUCON1 Register configuration */
1137:../Libraries/iLLD/TC4xx/CpuGeneric/Clock/Std/IfxClock.h ****     IfxClock_CcuconRegConfig perccucon0;       /**< \brief PER CCUCON0 Register configuration */
1138:../Libraries/iLLD/TC4xx/CpuGeneric/Clock/Std/IfxClock.h ****     IfxClock_CcuconRegConfig perccucon1;       /**< \brief PER CCUCON1 Register configuration */
1139:../Libraries/iLLD/TC4xx/CpuGeneric/Clock/Std/IfxClock.h **** } IfxClock_ClockDistributionConfig;
1140:../Libraries/iLLD/TC4xx/CpuGeneric/Clock/Std/IfxClock.h **** 
1141:../Libraries/iLLD/TC4xx/CpuGeneric/Clock/Std/IfxClock.h **** /** \brief Configuration structure type for the Flash waitstate configuration.
1142:../Libraries/iLLD/TC4xx/CpuGeneric/Clock/Std/IfxClock.h ****  */
1143:../Libraries/iLLD/TC4xx/CpuGeneric/Clock/Std/IfxClock.h **** typedef struct
1144:../Libraries/iLLD/TC4xx/CpuGeneric/Clock/Std/IfxClock.h **** {
1145:../Libraries/iLLD/TC4xx/CpuGeneric/Clock/Std/IfxClock.h ****     uint16 dFlashWaitCycles;       /**< \brief dFlashWaitCycles. Range: 0 to 31. */
1146:../Libraries/iLLD/TC4xx/CpuGeneric/Clock/Std/IfxClock.h ****     uint16 pFlashWaitCycles;       /**< \brief pFlashWaitCycles. Range: 0 to 31. */
1147:../Libraries/iLLD/TC4xx/CpuGeneric/Clock/Std/IfxClock.h **** } IfxClock_FlashWaitstateConfig;
1148:../Libraries/iLLD/TC4xx/CpuGeneric/Clock/Std/IfxClock.h **** 
1149:../Libraries/iLLD/TC4xx/CpuGeneric/Clock/Std/IfxClock.h **** /** \brief system pll modulation config
1150:../Libraries/iLLD/TC4xx/CpuGeneric/Clock/Std/IfxClock.h ****  */
1151:../Libraries/iLLD/TC4xx/CpuGeneric/Clock/Std/IfxClock.h **** typedef struct
1152:../Libraries/iLLD/TC4xx/CpuGeneric/Clock/Std/IfxClock.h **** {
1153:../Libraries/iLLD/TC4xx/CpuGeneric/Clock/Std/IfxClock.h ****     IfxClock_ModEn               Mod_Enable;       /**< \brief modulation enable */
1154:../Libraries/iLLD/TC4xx/CpuGeneric/Clock/Std/IfxClock.h ****     IfxClock_ModulationAmplitude Mod_Amp;          /**< \brief modulation amplitude */
1155:../Libraries/iLLD/TC4xx/CpuGeneric/Clock/Std/IfxClock.h **** } IfxClock_Mod_Config;
1156:../Libraries/iLLD/TC4xx/CpuGeneric/Clock/Std/IfxClock.h **** 
1157:../Libraries/iLLD/TC4xx/CpuGeneric/Clock/Std/IfxClock.h **** /** \brief Configuration structure type for OSCCON registers.
1158:../Libraries/iLLD/TC4xx/CpuGeneric/Clock/Std/IfxClock.h ****  */
1159:../Libraries/iLLD/TC4xx/CpuGeneric/Clock/Std/IfxClock.h **** typedef struct
1160:../Libraries/iLLD/TC4xx/CpuGeneric/Clock/Std/IfxClock.h **** {
1161:../Libraries/iLLD/TC4xx/CpuGeneric/Clock/Std/IfxClock.h ****     uint32 value;       /**< \brief OSCON Register value to be updated. Range: 0 to 0x373FFFFF. */
1162:../Libraries/iLLD/TC4xx/CpuGeneric/Clock/Std/IfxClock.h ****     uint32 mask;        /**< \brief OSCON Mask to select the bit fields to be updated. Range: 0 to 
1163:../Libraries/iLLD/TC4xx/CpuGeneric/Clock/Std/IfxClock.h **** } IfxClock_OscconRegConfig;
1164:../Libraries/iLLD/TC4xx/CpuGeneric/Clock/Std/IfxClock.h **** 
1165:../Libraries/iLLD/TC4xx/CpuGeneric/Clock/Std/IfxClock.h **** /** \brief Configuration structure type for the Per Pll config
1166:../Libraries/iLLD/TC4xx/CpuGeneric/Clock/Std/IfxClock.h ****  *   This structure must be used to configure the P, N, K2, K3, K4 divider dividers.
1167:../Libraries/iLLD/TC4xx/CpuGeneric/Clock/Std/IfxClock.h ****  *   fPLL1 = N * fIN / P * K2 * 1. 0 -> K2PREDIV = 0
1168:../Libraries/iLLD/TC4xx/CpuGeneric/Clock/Std/IfxClock.h ****  *   fPLL1 = N * fIN / P * K2 * 2. 0 -> K2PREDIV = 1
1169:../Libraries/iLLD/TC4xx/CpuGeneric/Clock/Std/IfxClock.h ****  *   fPLL1 = N * fIN / P * K2 * 1. 2 -> K2PREDIV = 2
1170:../Libraries/iLLD/TC4xx/CpuGeneric/Clock/Std/IfxClock.h ****  *   fPLL1 = N * fIN / P * K2 * 1. 6 -> K2PREDIV = 3
1171:../Libraries/iLLD/TC4xx/CpuGeneric/Clock/Std/IfxClock.h ****  *
1172:../Libraries/iLLD/TC4xx/CpuGeneric/Clock/Std/IfxClock.h ****  *   fPLL2 = N * fIN / P * K3 * 1. 0 -> K3PREDIV = 0
1173:../Libraries/iLLD/TC4xx/CpuGeneric/Clock/Std/IfxClock.h ****  *   fPLL2 = N * fIN / P * K3 * 1. 1 -> K3PREDIV = 1
1174:../Libraries/iLLD/TC4xx/CpuGeneric/Clock/Std/IfxClock.h ****  *   fPLL2 = N * fIN / P * K3 * 1. 2 -> K3PREDIV = 2
1175:../Libraries/iLLD/TC4xx/CpuGeneric/Clock/Std/IfxClock.h ****  *   fPLL2 = N * fIN / P * K3 * 1. 0 -> K3PREDIV = 3
1176:../Libraries/iLLD/TC4xx/CpuGeneric/Clock/Std/IfxClock.h ****  *   fPLL2 = N * fIN / P * K3 * 1. 4 -> K3PREDIV = 4
1177:../Libraries/iLLD/TC4xx/CpuGeneric/Clock/Std/IfxClock.h ****  *   fPLL2 = N * fIN / P * K3 * 1. 0 -> K3PREDIV = 5
1178:../Libraries/iLLD/TC4xx/CpuGeneric/Clock/Std/IfxClock.h ****  *   fPLL2 = N * fIN / P * K3 * 1. 6 -> K3PREDIV = 6
1179:../Libraries/iLLD/TC4xx/CpuGeneric/Clock/Std/IfxClock.h ****  *   fPLL2 = N * fIN / P * K3 * 1. 7 -> K3PREDIV = 7
1180:../Libraries/iLLD/TC4xx/CpuGeneric/Clock/Std/IfxClock.h ****  *   fPLL2 = N * fIN / P * K3 * 1. 0 -> K3PREDIV = 8
1181:../Libraries/iLLD/TC4xx/CpuGeneric/Clock/Std/IfxClock.h ****  *   fPLL2 = N * fIN / P * K3 * 1. 0 -> K3PREDIV = 9
1182:../Libraries/iLLD/TC4xx/CpuGeneric/Clock/Std/IfxClock.h ****  *   fPLL2 = N * fIN / P * K3 * 2. 0 -> K3PREDIV = 10
1183:../Libraries/iLLD/TC4xx/CpuGeneric/Clock/Std/IfxClock.h ****  *   fPLL2 = N * fIN / P * K3 * 1. 0 -> K3PREDIV = 11
1184:../Libraries/iLLD/TC4xx/CpuGeneric/Clock/Std/IfxClock.h ****  *   fPLL2 = N * fIN / P * K3 * 1. 0 -> K3PREDIV = 12
1185:../Libraries/iLLD/TC4xx/CpuGeneric/Clock/Std/IfxClock.h ****  *   fPLL2 = N * fIN / P * K3 * 1. 0 -> K3PREDIV = 13
1186:../Libraries/iLLD/TC4xx/CpuGeneric/Clock/Std/IfxClock.h ****  *   fPLL2 = N * fIN / P * K3 * 1. 0 -> K3PREDIV = 14
1187:../Libraries/iLLD/TC4xx/CpuGeneric/Clock/Std/IfxClock.h ****  *   fPLL2 = N * fIN / P * K3 * 1. 0 -> K3PREDIV = 15
1188:../Libraries/iLLD/TC4xx/CpuGeneric/Clock/Std/IfxClock.h ****  *
1189:../Libraries/iLLD/TC4xx/CpuGeneric/Clock/Std/IfxClock.h ****  *   fPLL3 = N * fIN / P * K4 * 1. 0 -> K4PREDIV = 0
1190:../Libraries/iLLD/TC4xx/CpuGeneric/Clock/Std/IfxClock.h ****  *   fPLL3 = N * fIN / P * K4 * 2. 0 -> K4PREDIV = 1
1191:../Libraries/iLLD/TC4xx/CpuGeneric/Clock/Std/IfxClock.h ****  *   fPLL3 = N * fIN / P * K4 * 1. 2 -> K4PREDIV = 2
1192:../Libraries/iLLD/TC4xx/CpuGeneric/Clock/Std/IfxClock.h ****  *   fPLL3 = N * fIN / P * K4 * 1. 6 -> K4PREDIV = 3
1193:../Libraries/iLLD/TC4xx/CpuGeneric/Clock/Std/IfxClock.h ****  */
1194:../Libraries/iLLD/TC4xx/CpuGeneric/Clock/Std/IfxClock.h **** typedef struct
1195:../Libraries/iLLD/TC4xx/CpuGeneric/Clock/Std/IfxClock.h **** {
1196:../Libraries/iLLD/TC4xx/CpuGeneric/Clock/Std/IfxClock.h ****     IfxClock_Pdivider     pDivider;           /**< \brief P divider value for basic step */
1197:../Libraries/iLLD/TC4xx/CpuGeneric/Clock/Std/IfxClock.h ****     IfxClock_Ndivider     nDivider;           /**< \brief N divider value for basic step */
1198:../Libraries/iLLD/TC4xx/CpuGeneric/Clock/Std/IfxClock.h ****     IfxClock_K2divider    k2Divider;          /**< \brief K2 divider value. */
1199:../Libraries/iLLD/TC4xx/CpuGeneric/Clock/Std/IfxClock.h ****     IfxClock_K2PreDivider k2PreDivider;       /**< \brief K2 Pre divider value */
1200:../Libraries/iLLD/TC4xx/CpuGeneric/Clock/Std/IfxClock.h ****     IfxClock_K3divider    k3Divider;          /**< \brief K3 divider value */
1201:../Libraries/iLLD/TC4xx/CpuGeneric/Clock/Std/IfxClock.h ****     IfxClock_K3PreDivider k3PreDivider;       /**< \brief K3 Pre divider value */
1202:../Libraries/iLLD/TC4xx/CpuGeneric/Clock/Std/IfxClock.h ****     IfxClock_K4divider    k4Divider;          /**< \brief K4 divider value */
1203:../Libraries/iLLD/TC4xx/CpuGeneric/Clock/Std/IfxClock.h ****     IfxClock_K4PreDivider k4PreDivider;       /**< \brief K4 Pre divider value */
1204:../Libraries/iLLD/TC4xx/CpuGeneric/Clock/Std/IfxClock.h **** } IfxClock_PerPllConfig;
1205:../Libraries/iLLD/TC4xx/CpuGeneric/Clock/Std/IfxClock.h **** 
1206:../Libraries/iLLD/TC4xx/CpuGeneric/Clock/Std/IfxClock.h **** #if defined(IFX_CLOCK_DISABLE_RAMPCON)
1207:../Libraries/iLLD/TC4xx/CpuGeneric/Clock/Std/IfxClock.h **** /** \brief
1208:../Libraries/iLLD/TC4xx/CpuGeneric/Clock/Std/IfxClock.h ****  */
1209:../Libraries/iLLD/TC4xx/CpuGeneric/Clock/Std/IfxClock.h **** typedef struct
1210:../Libraries/iLLD/TC4xx/CpuGeneric/Clock/Std/IfxClock.h **** {
1211:../Libraries/iLLD/TC4xx/CpuGeneric/Clock/Std/IfxClock.h ****     uint8            numOfSteps;      /**< \brief Number of PLL divider steps during clock throttli
1212:../Libraries/iLLD/TC4xx/CpuGeneric/Clock/Std/IfxClock.h ****     IFX_CONST uint8 *pllSteps;        /**< \brief Pointer to the array of Pll divider step configur
1213:../Libraries/iLLD/TC4xx/CpuGeneric/Clock/Std/IfxClock.h **** } IfxClock_PllThrottleConfig;
1214:../Libraries/iLLD/TC4xx/CpuGeneric/Clock/Std/IfxClock.h **** #endif
1215:../Libraries/iLLD/TC4xx/CpuGeneric/Clock/Std/IfxClock.h **** 
1216:../Libraries/iLLD/TC4xx/CpuGeneric/Clock/Std/IfxClock.h **** /** \brief Configuration structure type for the Ramp Configuration
1217:../Libraries/iLLD/TC4xx/CpuGeneric/Clock/Std/IfxClock.h ****  */
1218:../Libraries/iLLD/TC4xx/CpuGeneric/Clock/Std/IfxClock.h **** typedef struct
1219:../Libraries/iLLD/TC4xx/CpuGeneric/Clock/Std/IfxClock.h **** {
1220:../Libraries/iLLD/TC4xx/CpuGeneric/Clock/Std/IfxClock.h ****     uint16 rampOscUpperFreqLimit;       /**< \brief Ramp oscillator Upper frequency Limit in steps 
1221:../Libraries/iLLD/TC4xx/CpuGeneric/Clock/Std/IfxClock.h **** } IfxClock_RampConfig;
1222:../Libraries/iLLD/TC4xx/CpuGeneric/Clock/Std/IfxClock.h **** 
1223:../Libraries/iLLD/TC4xx/CpuGeneric/Clock/Std/IfxClock.h **** /** \brief Configuration structure type for the Sys Pll  config.
1224:../Libraries/iLLD/TC4xx/CpuGeneric/Clock/Std/IfxClock.h ****  *   This structure must be used to configure the P, N and K2  divider dividers.
1225:../Libraries/iLLD/TC4xx/CpuGeneric/Clock/Std/IfxClock.h ****  *   Note: The K2 Divider Value in case of RAMP OSC enabled will be the Final K2 Divider Value
1226:../Libraries/iLLD/TC4xx/CpuGeneric/Clock/Std/IfxClock.h ****  *   and in case RAMP OSC is disabled, the K2 Divider value will be the initial Step Value
1227:../Libraries/iLLD/TC4xx/CpuGeneric/Clock/Std/IfxClock.h ****  *   fPLL0 = N * fIN / P * K2 * 1. 0 -> K2PREDIV = 0
1228:../Libraries/iLLD/TC4xx/CpuGeneric/Clock/Std/IfxClock.h ****  *   fPLL0 = N * fIN / P * K2 * 2. 0 -> K2PREDIV = 1
1229:../Libraries/iLLD/TC4xx/CpuGeneric/Clock/Std/IfxClock.h ****  *   fPLL0 = N * fIN / P * K2 * 1. 6 -> K2PREDIV = 2
1230:../Libraries/iLLD/TC4xx/CpuGeneric/Clock/Std/IfxClock.h ****  *   fPLL0 = N * fIN / P * K2 * 1. 2 -> K2PREDIV = 3
1231:../Libraries/iLLD/TC4xx/CpuGeneric/Clock/Std/IfxClock.h ****  */
1232:../Libraries/iLLD/TC4xx/CpuGeneric/Clock/Std/IfxClock.h **** typedef struct
1233:../Libraries/iLLD/TC4xx/CpuGeneric/Clock/Std/IfxClock.h **** {
1234:../Libraries/iLLD/TC4xx/CpuGeneric/Clock/Std/IfxClock.h ****     IfxClock_Pdivider     pDivider;           /**< \brief P divider value for basic (initial) step 
1235:../Libraries/iLLD/TC4xx/CpuGeneric/Clock/Std/IfxClock.h ****     IfxClock_Ndivider     nDivider;           /**< \brief N divider value for basic (initial) step 
1236:../Libraries/iLLD/TC4xx/CpuGeneric/Clock/Std/IfxClock.h ****     IfxClock_K2divider    k2Divider;          /**< \brief K2 divider value for basic step */
1237:../Libraries/iLLD/TC4xx/CpuGeneric/Clock/Std/IfxClock.h ****     IfxClock_K2PreDivider k2PreDivider;       /**< \brief K2 Pre divider value for PLL0 */
1238:../Libraries/iLLD/TC4xx/CpuGeneric/Clock/Std/IfxClock.h **** #if IFXCLOCK_IS_K3DIVIDER_AVAILABLE	
1239:../Libraries/iLLD/TC4xx/CpuGeneric/Clock/Std/IfxClock.h ****     IfxClock_K3divider    k3Divider;          /**< \brief K3 divider value for basic step */
1240:../Libraries/iLLD/TC4xx/CpuGeneric/Clock/Std/IfxClock.h ****     IfxClock_K3PreDivider k3PreDivider;       /**< \brief K3 Pre divider value for PPU */
1241:../Libraries/iLLD/TC4xx/CpuGeneric/Clock/Std/IfxClock.h **** #endif	
1242:../Libraries/iLLD/TC4xx/CpuGeneric/Clock/Std/IfxClock.h **** } IfxClock_SysPllConfig;
1243:../Libraries/iLLD/TC4xx/CpuGeneric/Clock/Std/IfxClock.h **** 
1244:../Libraries/iLLD/TC4xx/CpuGeneric/Clock/Std/IfxClock.h **** /** \} */
1245:../Libraries/iLLD/TC4xx/CpuGeneric/Clock/Std/IfxClock.h **** 
1246:../Libraries/iLLD/TC4xx/CpuGeneric/Clock/Std/IfxClock.h **** #if IFXCLOCK_IS_EXTCLK_AUDIO_AVAILABLE
1247:../Libraries/iLLD/TC4xx/CpuGeneric/Clock/Std/IfxClock.h **** /** \brief Configuration structure type for the Audio Pll config
1248:../Libraries/iLLD/TC4xx/CpuGeneric/Clock/Std/IfxClock.h ****  */
1249:../Libraries/iLLD/TC4xx/CpuGeneric/Clock/Std/IfxClock.h **** typedef struct
1250:../Libraries/iLLD/TC4xx/CpuGeneric/Clock/Std/IfxClock.h **** {
1251:../Libraries/iLLD/TC4xx/CpuGeneric/Clock/Std/IfxClock.h ****     IfxClock_Pdivider pDivider;           /**< \brief P divider value for basic step. */
1252:../Libraries/iLLD/TC4xx/CpuGeneric/Clock/Std/IfxClock.h ****     IfxClock_Kdivider kDivider;           /**< \brief K divider value for basic step */
1253:../Libraries/iLLD/TC4xx/CpuGeneric/Clock/Std/IfxClock.h ****     IfxClock_Ndivider nDivider;           /**< \brief NDIV_INT divider value */
1254:../Libraries/iLLD/TC4xx/CpuGeneric/Clock/Std/IfxClock.h ****     uint16            nFracDivider;       /**< \brief NDIV_FRAC divider value. Range: 0 to 0xFFFF. 
1255:../Libraries/iLLD/TC4xx/CpuGeneric/Clock/Std/IfxClock.h **** } IfxClock_APllConfig;
1256:../Libraries/iLLD/TC4xx/CpuGeneric/Clock/Std/IfxClock.h **** #endif /* #if IFXCLOCK_IS_EXTCLK_AUDIO_AVAILABLE */
1257:../Libraries/iLLD/TC4xx/CpuGeneric/Clock/Std/IfxClock.h **** 
1258:../Libraries/iLLD/TC4xx/CpuGeneric/Clock/Std/IfxClock.h **** /** \brief peripheral PLL modulation config
1259:../Libraries/iLLD/TC4xx/CpuGeneric/Clock/Std/IfxClock.h ****  */
1260:../Libraries/iLLD/TC4xx/CpuGeneric/Clock/Std/IfxClock.h **** typedef struct
1261:../Libraries/iLLD/TC4xx/CpuGeneric/Clock/Std/IfxClock.h **** {
1262:../Libraries/iLLD/TC4xx/CpuGeneric/Clock/Std/IfxClock.h ****     IfxClock_ModEn                     Mod_Enable;       /**< \brief modulation enable */
1263:../Libraries/iLLD/TC4xx/CpuGeneric/Clock/Std/IfxClock.h ****     IfxClock_PerPllModulationAmplitude Mod_Amp;          /**< \brief modulation amplitude */
1264:../Libraries/iLLD/TC4xx/CpuGeneric/Clock/Std/IfxClock.h **** } IfxClock_perPllMod_Config;
1265:../Libraries/iLLD/TC4xx/CpuGeneric/Clock/Std/IfxClock.h **** 
1266:../Libraries/iLLD/TC4xx/CpuGeneric/Clock/Std/IfxClock.h **** /** \addtogroup IfxLld_Clock_Std_Ccu_Configuration
1267:../Libraries/iLLD/TC4xx/CpuGeneric/Clock/Std/IfxClock.h ****  * \{ */
1268:../Libraries/iLLD/TC4xx/CpuGeneric/Clock/Std/IfxClock.h **** /** \brief Configuration structure CLOCK module
1269:../Libraries/iLLD/TC4xx/CpuGeneric/Clock/Std/IfxClock.h ****  */
1270:../Libraries/iLLD/TC4xx/CpuGeneric/Clock/Std/IfxClock.h **** typedef struct
1271:../Libraries/iLLD/TC4xx/CpuGeneric/Clock/Std/IfxClock.h **** {
1272:../Libraries/iLLD/TC4xx/CpuGeneric/Clock/Std/IfxClock.h ****     uint32                xtalFrequency;                                     /**< \brief Xtal frequ
1273:../Libraries/iLLD/TC4xx/CpuGeneric/Clock/Std/IfxClock.h ****     IfxClock_SysPllConfig sysPllConfig;                                      /**< \brief System PLL
1274:../Libraries/iLLD/TC4xx/CpuGeneric/Clock/Std/IfxClock.h ****     IfxClock_PerPllConfig perPllConfig;                                      /**< \brief Peripheral
1275:../Libraries/iLLD/TC4xx/CpuGeneric/Clock/Std/IfxClock.h **** #if !defined(IFX_CLOCK_DISABLE_RAMPCON)
1276:../Libraries/iLLD/TC4xx/CpuGeneric/Clock/Std/IfxClock.h ****     IfxClock_RampConfig   rampConfig;                                        /**< \brief Ramp confi
1277:../Libraries/iLLD/TC4xx/CpuGeneric/Clock/Std/IfxClock.h **** #endif
1278:../Libraries/iLLD/TC4xx/CpuGeneric/Clock/Std/IfxClock.h **** #if defined(IFX_CLOCK_DISABLE_RAMPCON)
1279:../Libraries/iLLD/TC4xx/CpuGeneric/Clock/Std/IfxClock.h ****     IfxClock_PllThrottleConfig               sysPllThrottleConfig;           /**< \brief Configurat
1280:../Libraries/iLLD/TC4xx/CpuGeneric/Clock/Std/IfxClock.h **** #endif
1281:../Libraries/iLLD/TC4xx/CpuGeneric/Clock/Std/IfxClock.h ****     IfxClock_ClockDistributionConfig         clockDistribution;              /**< \brief Configurat
1282:../Libraries/iLLD/TC4xx/CpuGeneric/Clock/Std/IfxClock.h ****     IFX_CONST IfxClock_FlashWaitstateConfig *flashFconWaitStateConfig;       /**< \brief Configurat
1283:../Libraries/iLLD/TC4xx/CpuGeneric/Clock/Std/IfxClock.h ****     IFX_CONST IfxClock_Mod_Config           *modulationConfig;               /**< \brief modulation
1284:../Libraries/iLLD/TC4xx/CpuGeneric/Clock/Std/IfxClock.h ****     IFX_CONST IfxClock_perPllMod_Config     *perPllmodulationConfig;         /**< \brief peripheral
1285:../Libraries/iLLD/TC4xx/CpuGeneric/Clock/Std/IfxClock.h ****     IfxClock_PllInputClockSelection          pllInputClockSelection;         /**< \brief Pll input 
1286:../Libraries/iLLD/TC4xx/CpuGeneric/Clock/Std/IfxClock.h ****     IfxClock_SysClockSourceSelect            SysClockSourceSelect;
1287:../Libraries/iLLD/TC4xx/CpuGeneric/Clock/Std/IfxClock.h ****     IfxClock_PerClockSourceSelect            PerClockSourceSelect;
1288:../Libraries/iLLD/TC4xx/CpuGeneric/Clock/Std/IfxClock.h ****     IfxClock_OscconRegConfig                 osccon;                         /**< \brief OSCCON Con
1289:../Libraries/iLLD/TC4xx/CpuGeneric/Clock/Std/IfxClock.h ****     uint32                                   oscConModeVal;                  /**< \brief OSCCON.MOD
1290:../Libraries/iLLD/TC4xx/CpuGeneric/Clock/Std/IfxClock.h **** } IfxClock_Config;
1291:../Libraries/iLLD/TC4xx/CpuGeneric/Clock/Std/IfxClock.h **** 
1292:../Libraries/iLLD/TC4xx/CpuGeneric/Clock/Std/IfxClock.h **** /** \brief structure holding the RGain parameters for modulation
1293:../Libraries/iLLD/TC4xx/CpuGeneric/Clock/Std/IfxClock.h ****  */
1294:../Libraries/iLLD/TC4xx/CpuGeneric/Clock/Std/IfxClock.h **** typedef struct
1295:../Libraries/iLLD/TC4xx/CpuGeneric/Clock/Std/IfxClock.h **** {
1296:../Libraries/iLLD/TC4xx/CpuGeneric/Clock/Std/IfxClock.h ****     float32 RGainNom;           /**< \brief RGain Nominal value */
1297:../Libraries/iLLD/TC4xx/CpuGeneric/Clock/Std/IfxClock.h ****     uint16  RGainHex;           /**< \brief RGain Hex value */
1298:../Libraries/iLLD/TC4xx/CpuGeneric/Clock/Std/IfxClock.h ****     uint32  DeltaRnDGain;       /**< \brief RGain delta value */
1299:../Libraries/iLLD/TC4xx/CpuGeneric/Clock/Std/IfxClock.h **** } IfxClock_RGain_Values;
1300:../Libraries/iLLD/TC4xx/CpuGeneric/Clock/Std/IfxClock.h **** 
1301:../Libraries/iLLD/TC4xx/CpuGeneric/Clock/Std/IfxClock.h **** /** \brief XCorr tolerance value
1302:../Libraries/iLLD/TC4xx/CpuGeneric/Clock/Std/IfxClock.h ****  */
1303:../Libraries/iLLD/TC4xx/CpuGeneric/Clock/Std/IfxClock.h **** typedef struct
1304:../Libraries/iLLD/TC4xx/CpuGeneric/Clock/Std/IfxClock.h **** {
1305:../Libraries/iLLD/TC4xx/CpuGeneric/Clock/Std/IfxClock.h ****     float32 XCorrNom;       /**< \brief XCORR value */
1306:../Libraries/iLLD/TC4xx/CpuGeneric/Clock/Std/IfxClock.h ****     uint32  XCorr;          /**< \brief XCORR value */
1307:../Libraries/iLLD/TC4xx/CpuGeneric/Clock/Std/IfxClock.h ****     uint32  XGain;          /**< \brief XGain value */
1308:../Libraries/iLLD/TC4xx/CpuGeneric/Clock/Std/IfxClock.h ****     uint32  XTol;           /**< \brief XCorr tolerance value */
1309:../Libraries/iLLD/TC4xx/CpuGeneric/Clock/Std/IfxClock.h **** } IfxClock_XCorr_Values;
1310:../Libraries/iLLD/TC4xx/CpuGeneric/Clock/Std/IfxClock.h **** 
1311:../Libraries/iLLD/TC4xx/CpuGeneric/Clock/Std/IfxClock.h **** /** \} */
1312:../Libraries/iLLD/TC4xx/CpuGeneric/Clock/Std/IfxClock.h **** 
1313:../Libraries/iLLD/TC4xx/CpuGeneric/Clock/Std/IfxClock.h **** #if IFXCLOCK_IS_EXTCLK_AUDIO_AVAILABLE
1314:../Libraries/iLLD/TC4xx/CpuGeneric/Clock/Std/IfxClock.h **** /** \brief Audio Clock Configuration structure
1315:../Libraries/iLLD/TC4xx/CpuGeneric/Clock/Std/IfxClock.h ****  */
1316:../Libraries/iLLD/TC4xx/CpuGeneric/Clock/Std/IfxClock.h **** typedef struct
1317:../Libraries/iLLD/TC4xx/CpuGeneric/Clock/Std/IfxClock.h **** {
1318:../Libraries/iLLD/TC4xx/CpuGeneric/Clock/Std/IfxClock.h ****     uint32                          xtalFrequency;                /**< \brief Xtal frequency. Range
1319:../Libraries/iLLD/TC4xx/CpuGeneric/Clock/Std/IfxClock.h ****     IfxClock_APllConfig             audioPllConfig;               /**< \brief Audio PLL Configurati
1320:../Libraries/iLLD/TC4xx/CpuGeneric/Clock/Std/IfxClock.h ****     IfxClock_PllInputClockSelection pllInputClockSelection;       /**< \brief Pll input clock selec
1321:../Libraries/iLLD/TC4xx/CpuGeneric/Clock/Std/IfxClock.h ****     IfxClock_AudioClockSourceSelect AudioClockSourceSelect;       /**< \brief Audio clock source se
1322:../Libraries/iLLD/TC4xx/CpuGeneric/Clock/Std/IfxClock.h **** } IfxClock_AudioConfig;
1323:../Libraries/iLLD/TC4xx/CpuGeneric/Clock/Std/IfxClock.h **** #endif /* #if IFXCLOCK_IS_EXTCLK_AUDIO_AVAILABLE */
1324:../Libraries/iLLD/TC4xx/CpuGeneric/Clock/Std/IfxClock.h **** 
1325:../Libraries/iLLD/TC4xx/CpuGeneric/Clock/Std/IfxClock.h **** /** \addtogroup IfxLld_Clock_Std_Ccu
1326:../Libraries/iLLD/TC4xx/CpuGeneric/Clock/Std/IfxClock.h ****  * \{ */
1327:../Libraries/iLLD/TC4xx/CpuGeneric/Clock/Std/IfxClock.h **** 
1328:../Libraries/iLLD/TC4xx/CpuGeneric/Clock/Std/IfxClock.h **** /******************************************************************************/
1329:../Libraries/iLLD/TC4xx/CpuGeneric/Clock/Std/IfxClock.h **** /*-------------------------Global Function Prototypes-------------------------*/
1330:../Libraries/iLLD/TC4xx/CpuGeneric/Clock/Std/IfxClock.h **** /******************************************************************************/
1331:../Libraries/iLLD/TC4xx/CpuGeneric/Clock/Std/IfxClock.h **** 
1332:../Libraries/iLLD/TC4xx/CpuGeneric/Clock/Std/IfxClock.h **** /** \brief API to get SRICS divider frequency.
1333:../Libraries/iLLD/TC4xx/CpuGeneric/Clock/Std/IfxClock.h ****  * This API returns the SriCS frequency based on the divider values in CCUCON registers.
1334:../Libraries/iLLD/TC4xx/CpuGeneric/Clock/Std/IfxClock.h ****  *
1335:../Libraries/iLLD/TC4xx/CpuGeneric/Clock/Std/IfxClock.h ****  * \retval uint32 SriCs frequency (fSRI) in Hz. Range: 10000000 Hz to 500000000 Hz.
1336:../Libraries/iLLD/TC4xx/CpuGeneric/Clock/Std/IfxClock.h ****  */
1337:../Libraries/iLLD/TC4xx/CpuGeneric/Clock/Std/IfxClock.h **** IFX_EXTERN uint32 IfxClock_getSriCsFrequency(void);
1338:../Libraries/iLLD/TC4xx/CpuGeneric/Clock/Std/IfxClock.h **** 
1339:../Libraries/iLLD/TC4xx/CpuGeneric/Clock/Std/IfxClock.h **** /** \} */
1340:../Libraries/iLLD/TC4xx/CpuGeneric/Clock/Std/IfxClock.h **** 
1341:../Libraries/iLLD/TC4xx/CpuGeneric/Clock/Std/IfxClock.h **** /** \addtogroup IfxLld_Clock_Std_Ccu_Operative
1342:../Libraries/iLLD/TC4xx/CpuGeneric/Clock/Std/IfxClock.h ****  * \{ */
1343:../Libraries/iLLD/TC4xx/CpuGeneric/Clock/Std/IfxClock.h **** 
1344:../Libraries/iLLD/TC4xx/CpuGeneric/Clock/Std/IfxClock.h **** /******************************************************************************/
1345:../Libraries/iLLD/TC4xx/CpuGeneric/Clock/Std/IfxClock.h **** /*-------------------------Inline Function Prototypes-------------------------*/
1346:../Libraries/iLLD/TC4xx/CpuGeneric/Clock/Std/IfxClock.h **** /******************************************************************************/
1347:../Libraries/iLLD/TC4xx/CpuGeneric/Clock/Std/IfxClock.h **** 
1348:../Libraries/iLLD/TC4xx/CpuGeneric/Clock/Std/IfxClock.h **** /** \brief API to get Adc (EVADC, EDSADC)  frequency.
1349:../Libraries/iLLD/TC4xx/CpuGeneric/Clock/Std/IfxClock.h ****  * This API returns the based on the divider value in CCUCON register and fSOURCE.
1350:../Libraries/iLLD/TC4xx/CpuGeneric/Clock/Std/IfxClock.h ****  *
1351:../Libraries/iLLD/TC4xx/CpuGeneric/Clock/Std/IfxClock.h ****  * \retval uint32 Adc frequency (fADC) in Hz. Range: 10000000 Hz to 500000000 Hz.
1352:../Libraries/iLLD/TC4xx/CpuGeneric/Clock/Std/IfxClock.h ****  */
1353:../Libraries/iLLD/TC4xx/CpuGeneric/Clock/Std/IfxClock.h **** IFX_INLINE uint32 IfxClock_getAdcFrequency(void);
1354:../Libraries/iLLD/TC4xx/CpuGeneric/Clock/Std/IfxClock.h **** 
1355:../Libraries/iLLD/TC4xx/CpuGeneric/Clock/Std/IfxClock.h **** /******************************************************************************/
1356:../Libraries/iLLD/TC4xx/CpuGeneric/Clock/Std/IfxClock.h **** /*-------------------------Global Function Prototypes-------------------------*/
1357:../Libraries/iLLD/TC4xx/CpuGeneric/Clock/Std/IfxClock.h **** /******************************************************************************/
1358:../Libraries/iLLD/TC4xx/CpuGeneric/Clock/Std/IfxClock.h **** 
1359:../Libraries/iLLD/TC4xx/CpuGeneric/Clock/Std/IfxClock.h **** /** \brief calculates the Rgain parameters from the oscillator frequency, modulation amplitude for 
1360:../Libraries/iLLD/TC4xx/CpuGeneric/Clock/Std/IfxClock.h ****  *
1361:../Libraries/iLLD/TC4xx/CpuGeneric/Clock/Std/IfxClock.h ****  * \param[in]    modamp  Modulation amplitude. Range: \ref IfxClock_ModulationAmplitude.
1362:../Libraries/iLLD/TC4xx/CpuGeneric/Clock/Std/IfxClock.h ****  * \param[inout] RGain_P R gain parameters.
1363:../Libraries/iLLD/TC4xx/CpuGeneric/Clock/Std/IfxClock.h ****  *
1364:../Libraries/iLLD/TC4xx/CpuGeneric/Clock/Std/IfxClock.h ****  * \retval None
1365:../Libraries/iLLD/TC4xx/CpuGeneric/Clock/Std/IfxClock.h ****  */
1366:../Libraries/iLLD/TC4xx/CpuGeneric/Clock/Std/IfxClock.h **** IFX_EXTERN void IfxClock_calRGainParameters(IfxClock_ModulationAmplitude modamp, IfxClock_RGain_Val
1367:../Libraries/iLLD/TC4xx/CpuGeneric/Clock/Std/IfxClock.h **** 
1368:../Libraries/iLLD/TC4xx/CpuGeneric/Clock/Std/IfxClock.h **** /** \brief Calculates the Rgain parameters from the oscillator frequency, modulation amplitude for 
1369:../Libraries/iLLD/TC4xx/CpuGeneric/Clock/Std/IfxClock.h ****  *
1370:../Libraries/iLLD/TC4xx/CpuGeneric/Clock/Std/IfxClock.h ****  * \param[in]    modamp  Modulation amplitude. Range: \ref IfxClock_ModulationAmplitude.
1371:../Libraries/iLLD/TC4xx/CpuGeneric/Clock/Std/IfxClock.h ****  * \param[inout] RGain_P R gain parameters.
1372:../Libraries/iLLD/TC4xx/CpuGeneric/Clock/Std/IfxClock.h ****  *
1373:../Libraries/iLLD/TC4xx/CpuGeneric/Clock/Std/IfxClock.h ****  * \retval None
1374:../Libraries/iLLD/TC4xx/CpuGeneric/Clock/Std/IfxClock.h ****  */
1375:../Libraries/iLLD/TC4xx/CpuGeneric/Clock/Std/IfxClock.h **** IFX_EXTERN void IfxClock_perPllCalRGainParameters(IfxClock_PerPllModulationAmplitude modamp, IfxClo
1376:../Libraries/iLLD/TC4xx/CpuGeneric/Clock/Std/IfxClock.h **** 
1377:../Libraries/iLLD/TC4xx/CpuGeneric/Clock/Std/IfxClock.h **** /** \brief this function calculates the XCorrelation parameters from the given values of Rgain and 
1378:../Libraries/iLLD/TC4xx/CpuGeneric/Clock/Std/IfxClock.h ****  *
1379:../Libraries/iLLD/TC4xx/CpuGeneric/Clock/Std/IfxClock.h ****  * \param[in]    RGainNom Nominal RGain value
1380:../Libraries/iLLD/TC4xx/CpuGeneric/Clock/Std/IfxClock.h ****  * \param[inout] XCorr_P  Xcorrelation input parameters.
1381:../Libraries/iLLD/TC4xx/CpuGeneric/Clock/Std/IfxClock.h ****  *
1382:../Libraries/iLLD/TC4xx/CpuGeneric/Clock/Std/IfxClock.h ****  * \retval Status of calculation
1383:../Libraries/iLLD/TC4xx/CpuGeneric/Clock/Std/IfxClock.h ****  */
1384:../Libraries/iLLD/TC4xx/CpuGeneric/Clock/Std/IfxClock.h **** IFX_EXTERN boolean IfxClock_calXCorrParameters(float32 RGainNom, IfxClock_XCorr_Values *XCorr_P);
1385:../Libraries/iLLD/TC4xx/CpuGeneric/Clock/Std/IfxClock.h **** 
1386:../Libraries/iLLD/TC4xx/CpuGeneric/Clock/Std/IfxClock.h **** /** \} */
1387:../Libraries/iLLD/TC4xx/CpuGeneric/Clock/Std/IfxClock.h **** 
1388:../Libraries/iLLD/TC4xx/CpuGeneric/Clock/Std/IfxClock.h **** /** \addtogroup IfxLld_Clock_Std_Ccu_Configuration
1389:../Libraries/iLLD/TC4xx/CpuGeneric/Clock/Std/IfxClock.h ****  * \{ */
1390:../Libraries/iLLD/TC4xx/CpuGeneric/Clock/Std/IfxClock.h **** 
1391:../Libraries/iLLD/TC4xx/CpuGeneric/Clock/Std/IfxClock.h **** /******************************************************************************/
1392:../Libraries/iLLD/TC4xx/CpuGeneric/Clock/Std/IfxClock.h **** /*-------------------------Global Function Prototypes-------------------------*/
1393:../Libraries/iLLD/TC4xx/CpuGeneric/Clock/Std/IfxClock.h **** /******************************************************************************/
1394:../Libraries/iLLD/TC4xx/CpuGeneric/Clock/Std/IfxClock.h **** #if !defined(IFX_ILLD_PPU_USAGE)
1395:../Libraries/iLLD/TC4xx/CpuGeneric/Clock/Std/IfxClock.h **** /** \brief This  function configures the Ccu SYS PLLs initial step and PER PLL.
1396:../Libraries/iLLD/TC4xx/CpuGeneric/Clock/Std/IfxClock.h ****  * 1. Configure the Ramp oscillator (RAMPCON UFL, SZ, WAIT) for the desired Sys PLL frequency (450M
1397:../Libraries/iLLD/TC4xx/CpuGeneric/Clock/Std/IfxClock.h ****  * 2. Configure the Sys PLL and Per PLL dividers (N, P, K2/K3/K4) to desired frequencies (450MHz).
1398:../Libraries/iLLD/TC4xx/CpuGeneric/Clock/Std/IfxClock.h ****  * 3. For Sys PLL,  the K2 divider be the final value i.e  direct jump to final PLL value
1399:../Libraries/iLLD/TC4xx/CpuGeneric/Clock/Std/IfxClock.h ****  * 4. For Per PLL,  the K3/K4 divider be the final value
1400:../Libraries/iLLD/TC4xx/CpuGeneric/Clock/Std/IfxClock.h ****  * 5. Configure the peripheral Dividers (SYS/PERCCUCONx) to desired values.
1401:../Libraries/iLLD/TC4xx/CpuGeneric/Clock/Std/IfxClock.h ****  * 6. Once the RAMPCON reaches the desired freq (FSTAT = AtTop), and SYSPLL then switch CLKSELS to 
1402:../Libraries/iLLD/TC4xx/CpuGeneric/Clock/Std/IfxClock.h ****  * NOTE: Pre-condition to call this function is PLL should be in OFF state before configuring SYSPL
1403:../Libraries/iLLD/TC4xx/CpuGeneric/Clock/Std/IfxClock.h ****  *
1404:../Libraries/iLLD/TC4xx/CpuGeneric/Clock/Std/IfxClock.h ****  * \param[in] pllCfg Pointer to CLOCK module Configuration structure handle.
1405:../Libraries/iLLD/TC4xx/CpuGeneric/Clock/Std/IfxClock.h ****  *
1406:../Libraries/iLLD/TC4xx/CpuGeneric/Clock/Std/IfxClock.h ****  * \retval TRUE: Operation Successful, FALSE: Operation Failure.
1407:../Libraries/iLLD/TC4xx/CpuGeneric/Clock/Std/IfxClock.h ****  */
1408:../Libraries/iLLD/TC4xx/CpuGeneric/Clock/Std/IfxClock.h **** IFX_EXTERN boolean IfxClock_configureCcuPll(const IfxClock_Config *pllCfg);
1409:../Libraries/iLLD/TC4xx/CpuGeneric/Clock/Std/IfxClock.h **** #endif
1410:../Libraries/iLLD/TC4xx/CpuGeneric/Clock/Std/IfxClock.h **** 
1411:../Libraries/iLLD/TC4xx/CpuGeneric/Clock/Std/IfxClock.h **** /** \} */
1412:../Libraries/iLLD/TC4xx/CpuGeneric/Clock/Std/IfxClock.h **** 
1413:../Libraries/iLLD/TC4xx/CpuGeneric/Clock/Std/IfxClock.h **** /******************************************************************************/
1414:../Libraries/iLLD/TC4xx/CpuGeneric/Clock/Std/IfxClock.h **** /*-------------------------Inline Function Prototypes-------------------------*/
1415:../Libraries/iLLD/TC4xx/CpuGeneric/Clock/Std/IfxClock.h **** /******************************************************************************/
1416:../Libraries/iLLD/TC4xx/CpuGeneric/Clock/Std/IfxClock.h **** 
1417:../Libraries/iLLD/TC4xx/CpuGeneric/Clock/Std/IfxClock.h **** /** \brief Inlined API for clock distribution.
1418:../Libraries/iLLD/TC4xx/CpuGeneric/Clock/Std/IfxClock.h ****  * For each CCUCON register update the configured value with the mask.
1419:../Libraries/iLLD/TC4xx/CpuGeneric/Clock/Std/IfxClock.h ****  *
1420:../Libraries/iLLD/TC4xx/CpuGeneric/Clock/Std/IfxClock.h ****  * \param[in] clockDistributionConfig pointer to clock distribution structure.
1421:../Libraries/iLLD/TC4xx/CpuGeneric/Clock/Std/IfxClock.h ****  *
1422:../Libraries/iLLD/TC4xx/CpuGeneric/Clock/Std/IfxClock.h ****  * \retval TRUE: Operation Successful, FALSE: Operation Failure
1423:../Libraries/iLLD/TC4xx/CpuGeneric/Clock/Std/IfxClock.h ****  */
1424:../Libraries/iLLD/TC4xx/CpuGeneric/Clock/Std/IfxClock.h **** IFX_INLINE boolean IfxClock_distributeClockInline(const IfxClock_ClockDistributionConfig *clockDist
1425:../Libraries/iLLD/TC4xx/CpuGeneric/Clock/Std/IfxClock.h **** 
1426:../Libraries/iLLD/TC4xx/CpuGeneric/Clock/Std/IfxClock.h **** /** \brief API to get ASCLINF divider frequency.
1427:../Libraries/iLLD/TC4xx/CpuGeneric/Clock/Std/IfxClock.h ****  * This API returns the based on the divider value in CCUCON register and fSOURCE.
1428:../Libraries/iLLD/TC4xx/CpuGeneric/Clock/Std/IfxClock.h ****  *
1429:../Libraries/iLLD/TC4xx/CpuGeneric/Clock/Std/IfxClock.h ****  * \retval uint32 AsclinF frequency (fASCLINF) in Hz. Range: 10000000 Hz to 500000000 Hz.
1430:../Libraries/iLLD/TC4xx/CpuGeneric/Clock/Std/IfxClock.h ****  */
1431:../Libraries/iLLD/TC4xx/CpuGeneric/Clock/Std/IfxClock.h **** IFX_INLINE uint32 IfxClock_getAsclinFFrequency(void);
1432:../Libraries/iLLD/TC4xx/CpuGeneric/Clock/Std/IfxClock.h **** 
1433:../Libraries/iLLD/TC4xx/CpuGeneric/Clock/Std/IfxClock.h **** /** \brief API to get EVR Oscillator frequency.
1434:../Libraries/iLLD/TC4xx/CpuGeneric/Clock/Std/IfxClock.h ****  * This API returns the constant which is specific to the Clock of the controller.
1435:../Libraries/iLLD/TC4xx/CpuGeneric/Clock/Std/IfxClock.h ****  *
1436:../Libraries/iLLD/TC4xx/CpuGeneric/Clock/Std/IfxClock.h ****  * \retval uint32 EVR Oscillator frequency (fBACK or fEVR) in Hz. Range: 10000000 Hz to 500000000 H
1437:../Libraries/iLLD/TC4xx/CpuGeneric/Clock/Std/IfxClock.h ****  */
1438:../Libraries/iLLD/TC4xx/CpuGeneric/Clock/Std/IfxClock.h **** IFX_INLINE uint32 IfxClock_getEvrFrequency(void);
1439:../Libraries/iLLD/TC4xx/CpuGeneric/Clock/Std/IfxClock.h **** 
1440:../Libraries/iLLD/TC4xx/CpuGeneric/Clock/Std/IfxClock.h **** #if IFXCLOCK_IS_EXTCLK_GTM_AVAILABLE
1441:../Libraries/iLLD/TC4xx/CpuGeneric/Clock/Std/IfxClock.h **** /** \brief API to get GTM divider frequency.
1442:../Libraries/iLLD/TC4xx/CpuGeneric/Clock/Std/IfxClock.h ****  * This API returns the based on the divider value in CCUCON register and fSOURCE.
1443:../Libraries/iLLD/TC4xx/CpuGeneric/Clock/Std/IfxClock.h ****  *
1444:../Libraries/iLLD/TC4xx/CpuGeneric/Clock/Std/IfxClock.h ****  * \retval uint32 GTM frequency (fGTM) in Hz. Range: 10000000 Hz to 500000000 Hz.
1445:../Libraries/iLLD/TC4xx/CpuGeneric/Clock/Std/IfxClock.h ****  */
1446:../Libraries/iLLD/TC4xx/CpuGeneric/Clock/Std/IfxClock.h **** IFX_INLINE uint32 IfxClock_getGtmFrequency(void);
1447:../Libraries/iLLD/TC4xx/CpuGeneric/Clock/Std/IfxClock.h **** #endif /* #if IFXCLOCK_IS_EXTCLK_GTM_AVAILABLE */
1448:../Libraries/iLLD/TC4xx/CpuGeneric/Clock/Std/IfxClock.h **** 
1449:../Libraries/iLLD/TC4xx/CpuGeneric/Clock/Std/IfxClock.h **** /** \brief API to get I2C frequency.
1450:../Libraries/iLLD/TC4xx/CpuGeneric/Clock/Std/IfxClock.h ****  * This API returns the based on the divider value in CCUCON register and fSOURCE.
1451:../Libraries/iLLD/TC4xx/CpuGeneric/Clock/Std/IfxClock.h ****  *
1452:../Libraries/iLLD/TC4xx/CpuGeneric/Clock/Std/IfxClock.h ****  * \retval uint32 I2C frequency (fI2C) in Hz. Range: 10000000 Hz to 500000000 Hz.
1453:../Libraries/iLLD/TC4xx/CpuGeneric/Clock/Std/IfxClock.h ****  */
1454:../Libraries/iLLD/TC4xx/CpuGeneric/Clock/Std/IfxClock.h **** IFX_INLINE uint32 IfxClock_getI2cFrequency(void);
1455:../Libraries/iLLD/TC4xx/CpuGeneric/Clock/Std/IfxClock.h **** 
1456:../Libraries/iLLD/TC4xx/CpuGeneric/Clock/Std/IfxClock.h **** /** \brief API to get MCANH divider frequency.
1457:../Libraries/iLLD/TC4xx/CpuGeneric/Clock/Std/IfxClock.h ****  * This API returns the based on the divider value in CCUCON register and fSOURCE.
1458:../Libraries/iLLD/TC4xx/CpuGeneric/Clock/Std/IfxClock.h ****  *
1459:../Libraries/iLLD/TC4xx/CpuGeneric/Clock/Std/IfxClock.h ****  * \retval uint32 MCANH frequency (fMCANH) in Hz. Range: 10000000 Hz to 500000000 Hz.
1460:../Libraries/iLLD/TC4xx/CpuGeneric/Clock/Std/IfxClock.h ****  */
1461:../Libraries/iLLD/TC4xx/CpuGeneric/Clock/Std/IfxClock.h **** IFX_INLINE uint32 IfxClock_getMcanhFrequency(void);
1462:../Libraries/iLLD/TC4xx/CpuGeneric/Clock/Std/IfxClock.h **** 
1463:../Libraries/iLLD/TC4xx/CpuGeneric/Clock/Std/IfxClock.h **** /** \brief API to get Oscillator 0 frequency.
1464:../Libraries/iLLD/TC4xx/CpuGeneric/Clock/Std/IfxClock.h ****  * This API returns the fOsc0 frequency based on the divider value in CCUCON register and the input
1465:../Libraries/iLLD/TC4xx/CpuGeneric/Clock/Std/IfxClock.h ****  *
1466:../Libraries/iLLD/TC4xx/CpuGeneric/Clock/Std/IfxClock.h ****  * \retval uint32 Osc0 frequency (fOSC0) in Hz. Range: 10000000 Hz to 500000000 Hz.
1467:../Libraries/iLLD/TC4xx/CpuGeneric/Clock/Std/IfxClock.h ****  */
1468:../Libraries/iLLD/TC4xx/CpuGeneric/Clock/Std/IfxClock.h **** IFX_INLINE uint32 IfxClock_getOsc0Frequency(void);
1469:../Libraries/iLLD/TC4xx/CpuGeneric/Clock/Std/IfxClock.h **** 
1470:../Libraries/iLLD/TC4xx/CpuGeneric/Clock/Std/IfxClock.h **** /** \brief API to get Oscillator 0 frequency.
1471:../Libraries/iLLD/TC4xx/CpuGeneric/Clock/Std/IfxClock.h ****  * This API returns the fOsc0 frequency based on the divider value in CCUCON register and the input
1472:../Libraries/iLLD/TC4xx/CpuGeneric/Clock/Std/IfxClock.h ****  *
1473:../Libraries/iLLD/TC4xx/CpuGeneric/Clock/Std/IfxClock.h ****  * \retval uint32 Osc frequency (fOSC) in Hz. Range: 10000000 Hz to 500000000 Hz.
1474:../Libraries/iLLD/TC4xx/CpuGeneric/Clock/Std/IfxClock.h ****  */
1475:../Libraries/iLLD/TC4xx/CpuGeneric/Clock/Std/IfxClock.h **** IFX_INLINE uint32 IfxClock_getOscFrequency(void);
1476:../Libraries/iLLD/TC4xx/CpuGeneric/Clock/Std/IfxClock.h **** 
1477:../Libraries/iLLD/TC4xx/CpuGeneric/Clock/Std/IfxClock.h **** /** \brief Returns the Peripheral clock source selection.
1478:../Libraries/iLLD/TC4xx/CpuGeneric/Clock/Std/IfxClock.h ****  *
1479:../Libraries/iLLD/TC4xx/CpuGeneric/Clock/Std/IfxClock.h ****  * \retval IfxClock_PerClockSourceSelect Per Clock source selection. Range: \ref IfxClock_PerClockS
1480:../Libraries/iLLD/TC4xx/CpuGeneric/Clock/Std/IfxClock.h ****  */
1481:../Libraries/iLLD/TC4xx/CpuGeneric/Clock/Std/IfxClock.h **** IFX_INLINE IfxClock_PerClockSourceSelect IfxClock_getPerClockSourceSelection(void);
1482:../Libraries/iLLD/TC4xx/CpuGeneric/Clock/Std/IfxClock.h **** 
1483:../Libraries/iLLD/TC4xx/CpuGeneric/Clock/Std/IfxClock.h **** /** \brief API to get current Ramp sequence status.
1484:../Libraries/iLLD/TC4xx/CpuGeneric/Clock/Std/IfxClock.h ****  *
1485:../Libraries/iLLD/TC4xx/CpuGeneric/Clock/Std/IfxClock.h ****  * \retval IfxClock_RampFreqStatus Ramp frequency  status. Range: \ref IfxClock_RampFreqStatus.
1486:../Libraries/iLLD/TC4xx/CpuGeneric/Clock/Std/IfxClock.h ****  *
1487:../Libraries/iLLD/TC4xx/CpuGeneric/Clock/Std/IfxClock.h ****  *  00B InBet / The ramping oscillator's output frequency is between the base frequency and the upp
1488:../Libraries/iLLD/TC4xx/CpuGeneric/Clock/Std/IfxClock.h ****  *  01B AtBase / The ramping oscillator's output frequency equals the base frequency which is 100 M
1489:../Libraries/iLLD/TC4xx/CpuGeneric/Clock/Std/IfxClock.h ****  *  10B AtTop / The ramping oscillator's output frequency equals the upper frequency limit.
1490:../Libraries/iLLD/TC4xx/CpuGeneric/Clock/Std/IfxClock.h ****  */
1491:../Libraries/iLLD/TC4xx/CpuGeneric/Clock/Std/IfxClock.h **** IFX_INLINE IfxClock_RampFreqStatus IfxClock_getRampFreqStatus(void);
1492:../Libraries/iLLD/TC4xx/CpuGeneric/Clock/Std/IfxClock.h **** 
1493:../Libraries/iLLD/TC4xx/CpuGeneric/Clock/Std/IfxClock.h **** /** \brief API to get current Ramp sequence status.
1494:../Libraries/iLLD/TC4xx/CpuGeneric/Clock/Std/IfxClock.h ****  *
1495:../Libraries/iLLD/TC4xx/CpuGeneric/Clock/Std/IfxClock.h ****  * \retval IfxClock_RampSeqStatus Ramp sequence status. Range: \ref IfxClock_RampSeqStatus.
1496:../Libraries/iLLD/TC4xx/CpuGeneric/Clock/Std/IfxClock.h ****  *
1497:../Libraries/iLLD/TC4xx/CpuGeneric/Clock/Std/IfxClock.h ****  *  00B Idle / Frequency constant, not changing
1498:../Libraries/iLLD/TC4xx/CpuGeneric/Clock/Std/IfxClock.h ****  *  01B RampUp / Frequency increasing
1499:../Libraries/iLLD/TC4xx/CpuGeneric/Clock/Std/IfxClock.h ****  *  10B RampDown / Frequency decreasing
1500:../Libraries/iLLD/TC4xx/CpuGeneric/Clock/Std/IfxClock.h ****  */
1501:../Libraries/iLLD/TC4xx/CpuGeneric/Clock/Std/IfxClock.h **** IFX_INLINE IfxClock_RampSeqStatus IfxClock_getRampSeqStatus(void);
1502:../Libraries/iLLD/TC4xx/CpuGeneric/Clock/Std/IfxClock.h **** 
1503:../Libraries/iLLD/TC4xx/CpuGeneric/Clock/Std/IfxClock.h **** /** \brief API to get STM divider frequency.
1504:../Libraries/iLLD/TC4xx/CpuGeneric/Clock/Std/IfxClock.h ****  * This API returns the based on the divider value in CCUCON register and fSOURCE.
1505:../Libraries/iLLD/TC4xx/CpuGeneric/Clock/Std/IfxClock.h ****  *
1506:../Libraries/iLLD/TC4xx/CpuGeneric/Clock/Std/IfxClock.h ****  * \retval uint32 STM frequency (fSTM) in Hz. Range: 10000000 Hz to 500000000 Hz.
1507:../Libraries/iLLD/TC4xx/CpuGeneric/Clock/Std/IfxClock.h ****  */
1508:../Libraries/iLLD/TC4xx/CpuGeneric/Clock/Std/IfxClock.h **** IFX_INLINE uint32 IfxClock_getStmFrequency(void);
1509:../Libraries/iLLD/TC4xx/CpuGeneric/Clock/Std/IfxClock.h **** 
1510:../Libraries/iLLD/TC4xx/CpuGeneric/Clock/Std/IfxClock.h **** /** \brief Returns the clock source selection.
1511:../Libraries/iLLD/TC4xx/CpuGeneric/Clock/Std/IfxClock.h ****  *
1512:../Libraries/iLLD/TC4xx/CpuGeneric/Clock/Std/IfxClock.h ****  * \retval IfxClock_PllInputClockSelection Clock source selection. Range: \ref IfxClock_PllInputClo
1513:../Libraries/iLLD/TC4xx/CpuGeneric/Clock/Std/IfxClock.h ****  */
1514:../Libraries/iLLD/TC4xx/CpuGeneric/Clock/Std/IfxClock.h **** IFX_INLINE IfxClock_PllInputClockSelection IfxClock_getSysClockSourceSelection(void);
1515:../Libraries/iLLD/TC4xx/CpuGeneric/Clock/Std/IfxClock.h **** 
1516:../Libraries/iLLD/TC4xx/CpuGeneric/Clock/Std/IfxClock.h **** #if IFXCLOCK_IS_EXTCLK_GETH_AVAILABLE
1517:../Libraries/iLLD/TC4xx/CpuGeneric/Clock/Std/IfxClock.h **** /** \brief API to get GETH divider frequency.
1518:../Libraries/iLLD/TC4xx/CpuGeneric/Clock/Std/IfxClock.h ****  * This API returns the based on the divider value in CCUCON register and fSOURCE.
1519:../Libraries/iLLD/TC4xx/CpuGeneric/Clock/Std/IfxClock.h ****  *
1520:../Libraries/iLLD/TC4xx/CpuGeneric/Clock/Std/IfxClock.h ****  * \retval uint32 GETH frequency (fGETH) in Hz. Range: 10000000 Hz to 500000000 Hz.
1521:../Libraries/iLLD/TC4xx/CpuGeneric/Clock/Std/IfxClock.h ****  */
1522:../Libraries/iLLD/TC4xx/CpuGeneric/Clock/Std/IfxClock.h **** IFX_INLINE uint32 IfxClock_getXGeth0Frequency(void);
1523:../Libraries/iLLD/TC4xx/CpuGeneric/Clock/Std/IfxClock.h **** #endif /* #if IFXCLOCK_IS_EXTCLK_GETH_AVAILABLE */
1524:../Libraries/iLLD/TC4xx/CpuGeneric/Clock/Std/IfxClock.h **** 
1525:../Libraries/iLLD/TC4xx/CpuGeneric/Clock/Std/IfxClock.h **** /** \brief API to get GTMdivider frequency.
1526:../Libraries/iLLD/TC4xx/CpuGeneric/Clock/Std/IfxClock.h ****  * This API returns the based on the divider value in CCUCON register and fSOURCE.
1527:../Libraries/iLLD/TC4xx/CpuGeneric/Clock/Std/IfxClock.h ****  *
1528:../Libraries/iLLD/TC4xx/CpuGeneric/Clock/Std/IfxClock.h ****  * \retval uint32 GTM frequency (fGTM) in Hz. Range: 10000000 Hz to 500000000 Hz.
1529:../Libraries/iLLD/TC4xx/CpuGeneric/Clock/Std/IfxClock.h ****  */
1530:../Libraries/iLLD/TC4xx/CpuGeneric/Clock/Std/IfxClock.h **** IFX_INLINE uint32 IfxClock_geteGtmFrequency(void);
1531:../Libraries/iLLD/TC4xx/CpuGeneric/Clock/Std/IfxClock.h **** 
1532:../Libraries/iLLD/TC4xx/CpuGeneric/Clock/Std/IfxClock.h **** /** \brief API to get XSPI frequency.
1533:../Libraries/iLLD/TC4xx/CpuGeneric/Clock/Std/IfxClock.h ****  *
1534:../Libraries/iLLD/TC4xx/CpuGeneric/Clock/Std/IfxClock.h ****  * \retval uint32 XSPI frequency (fXSPI) in Hz. Range: 10000000 Hz to 500000000 Hz.
1535:../Libraries/iLLD/TC4xx/CpuGeneric/Clock/Std/IfxClock.h ****  */
1536:../Libraries/iLLD/TC4xx/CpuGeneric/Clock/Std/IfxClock.h **** IFX_INLINE uint32 IfxClock_getXspiFrequency(void);
1537:../Libraries/iLLD/TC4xx/CpuGeneric/Clock/Std/IfxClock.h **** 
1538:../Libraries/iLLD/TC4xx/CpuGeneric/Clock/Std/IfxClock.h **** /** \brief API to set Ramp Oscillator  powerup  / power-down. Range: \ref IfxClock_RampPower.
1539:../Libraries/iLLD/TC4xx/CpuGeneric/Clock/Std/IfxClock.h ****  *
1540:../Libraries/iLLD/TC4xx/CpuGeneric/Clock/Std/IfxClock.h ****  * \retval None
1541:../Libraries/iLLD/TC4xx/CpuGeneric/Clock/Std/IfxClock.h ****  */
1542:../Libraries/iLLD/TC4xx/CpuGeneric/Clock/Std/IfxClock.h **** IFX_INLINE void IfxClock_setRampPowerMode(IfxClock_RampPower rampPower);
1543:../Libraries/iLLD/TC4xx/CpuGeneric/Clock/Std/IfxClock.h **** 
1544:../Libraries/iLLD/TC4xx/CpuGeneric/Clock/Std/IfxClock.h **** /** \brief API to configure the LPDIV value to enter into Low Power mode.
1545:../Libraries/iLLD/TC4xx/CpuGeneric/Clock/Std/IfxClock.h ****  *
1546:../Libraries/iLLD/TC4xx/CpuGeneric/Clock/Std/IfxClock.h ****  * Caution:
1547:../Libraries/iLLD/TC4xx/CpuGeneric/Clock/Std/IfxClock.h ****  * write to LPDIV with non-zero division ratio will cause system to enter low power mode.
1548:../Libraries/iLLD/TC4xx/CpuGeneric/Clock/Std/IfxClock.h ****  * Low power mode will affect different SPBDIV and SRIDIV ratios.
1549:../Libraries/iLLD/TC4xx/CpuGeneric/Clock/Std/IfxClock.h ****  *
1550:../Libraries/iLLD/TC4xx/CpuGeneric/Clock/Std/IfxClock.h ****  * The original CCUCON0 ratios should be preserved by user prior to calling this function.
1551:../Libraries/iLLD/TC4xx/CpuGeneric/Clock/Std/IfxClock.h ****  * The "normal" CCUCON0 ratios have to be passed to API: "IfxClock_switchToNormalMode" to go back t
1552:../Libraries/iLLD/TC4xx/CpuGeneric/Clock/Std/IfxClock.h ****  *
1553:../Libraries/iLLD/TC4xx/CpuGeneric/Clock/Std/IfxClock.h ****  * \param[in] lpDiv Low Power Division Ratio. Range: \ref IfxClock_LowPowerDivRatio.
1554:../Libraries/iLLD/TC4xx/CpuGeneric/Clock/Std/IfxClock.h ****  *
1555:../Libraries/iLLD/TC4xx/CpuGeneric/Clock/Std/IfxClock.h ****  * \retval None
1556:../Libraries/iLLD/TC4xx/CpuGeneric/Clock/Std/IfxClock.h ****  */
1557:../Libraries/iLLD/TC4xx/CpuGeneric/Clock/Std/IfxClock.h **** IFX_INLINE void IfxClock_switchToLowPowerMode(IfxClock_LowPowerDivRatio lpDiv);
1558:../Libraries/iLLD/TC4xx/CpuGeneric/Clock/Std/IfxClock.h **** 
1559:../Libraries/iLLD/TC4xx/CpuGeneric/Clock/Std/IfxClock.h **** /** \brief API to switch back to normal mode from low power mode.
1560:../Libraries/iLLD/TC4xx/CpuGeneric/Clock/Std/IfxClock.h ****  *
1561:../Libraries/iLLD/TC4xx/CpuGeneric/Clock/Std/IfxClock.h ****  * Caution:
1562:../Libraries/iLLD/TC4xx/CpuGeneric/Clock/Std/IfxClock.h ****  * The original CCUCON0 setting has to be saved by user prior to entering Low Power mode.
1563:../Libraries/iLLD/TC4xx/CpuGeneric/Clock/Std/IfxClock.h ****  * Pass the original CCUCON0 register as a whole word to this function to restore the normal settin
1564:../Libraries/iLLD/TC4xx/CpuGeneric/Clock/Std/IfxClock.h ****  *
1565:../Libraries/iLLD/TC4xx/CpuGeneric/Clock/Std/IfxClock.h ****  * Ramp back to normal mode is done in steps to avoid sudden jump in frequency and power usage.
1566:../Libraries/iLLD/TC4xx/CpuGeneric/Clock/Std/IfxClock.h ****  *
1567:../Libraries/iLLD/TC4xx/CpuGeneric/Clock/Std/IfxClock.h ****  * \param[in] ccucon0 CCUCON0 values at normal mode. Range: 0 to 0x7F1FFFFF.
1568:../Libraries/iLLD/TC4xx/CpuGeneric/Clock/Std/IfxClock.h ****  *
1569:../Libraries/iLLD/TC4xx/CpuGeneric/Clock/Std/IfxClock.h ****  * \retval None
1570:../Libraries/iLLD/TC4xx/CpuGeneric/Clock/Std/IfxClock.h ****  *
1571:../Libraries/iLLD/TC4xx/CpuGeneric/Clock/Std/IfxClock.h ****  * Switch to low power mode and back using iLLD functions as below
1572:../Libraries/iLLD/TC4xx/CpuGeneric/Clock/Std/IfxClock.h ****  * \code
1573:../Libraries/iLLD/TC4xx/CpuGeneric/Clock/Std/IfxClock.h ****  *     uint32 ccucon0 = CLOCK_SYSCCUCON0.U;
1574:../Libraries/iLLD/TC4xx/CpuGeneric/Clock/Std/IfxClock.h ****  *     IfxClock_LowPowerDivRatio lpDiv = IfxClock_LowPowerDivRatio_divBy120;
1575:../Libraries/iLLD/TC4xx/CpuGeneric/Clock/Std/IfxClock.h ****  *     IfxClock_switchToLowPowerMode(lpDiv);
1576:../Libraries/iLLD/TC4xx/CpuGeneric/Clock/Std/IfxClock.h ****  * \endcode
1577:../Libraries/iLLD/TC4xx/CpuGeneric/Clock/Std/IfxClock.h ****  *
1578:../Libraries/iLLD/TC4xx/CpuGeneric/Clock/Std/IfxClock.h ****  * Switch back to normal mode  with the saved ccucon0 value
1579:../Libraries/iLLD/TC4xx/CpuGeneric/Clock/Std/IfxClock.h ****  * \code
1580:../Libraries/iLLD/TC4xx/CpuGeneric/Clock/Std/IfxClock.h ****  *     IfxClock_switchToNormalMode(ccucon0);
1581:../Libraries/iLLD/TC4xx/CpuGeneric/Clock/Std/IfxClock.h ****  * \endcode
1582:../Libraries/iLLD/TC4xx/CpuGeneric/Clock/Std/IfxClock.h ****  *
1583:../Libraries/iLLD/TC4xx/CpuGeneric/Clock/Std/IfxClock.h ****  */
1584:../Libraries/iLLD/TC4xx/CpuGeneric/Clock/Std/IfxClock.h **** IFX_INLINE void IfxClock_switchToNormalMode(const uint32 ccucon0);
1585:../Libraries/iLLD/TC4xx/CpuGeneric/Clock/Std/IfxClock.h **** #if defined(IFX_CLOCK_DISABLE_RAMPCON)
1586:../Libraries/iLLD/TC4xx/CpuGeneric/Clock/Std/IfxClock.h **** /**
1587:../Libraries/iLLD/TC4xx/CpuGeneric/Clock/Std/IfxClock.h ****  * \retval None
1588:../Libraries/iLLD/TC4xx/CpuGeneric/Clock/Std/IfxClock.h ****  */
1589:../Libraries/iLLD/TC4xx/CpuGeneric/Clock/Std/IfxClock.h **** IFX_INLINE void IfxClock_throttleSysPllClockInline(const IfxClock_PllThrottleConfig *pllThrottleCon
1590:../Libraries/iLLD/TC4xx/CpuGeneric/Clock/Std/IfxClock.h **** #endif
1591:../Libraries/iLLD/TC4xx/CpuGeneric/Clock/Std/IfxClock.h **** 
1592:../Libraries/iLLD/TC4xx/CpuGeneric/Clock/Std/IfxClock.h **** #if !defined(IFX_ILLD_PPU_USAGE)
1593:../Libraries/iLLD/TC4xx/CpuGeneric/Clock/Std/IfxClock.h **** /** \brief API to wait for requested duration along with watchdog service to avoid any reset case d
1594:../Libraries/iLLD/TC4xx/CpuGeneric/Clock/Std/IfxClock.h ****  *
1595:../Libraries/iLLD/TC4xx/CpuGeneric/Clock/Std/IfxClock.h ****  * \param[in] timeSec Time interval to wait in seconds.
1596:../Libraries/iLLD/TC4xx/CpuGeneric/Clock/Std/IfxClock.h ****  *
1597:../Libraries/iLLD/TC4xx/CpuGeneric/Clock/Std/IfxClock.h ****  * \retval None
1598:../Libraries/iLLD/TC4xx/CpuGeneric/Clock/Std/IfxClock.h ****  */
1599:../Libraries/iLLD/TC4xx/CpuGeneric/Clock/Std/IfxClock.h **** IFX_INLINE void IfxClock_waitWithWdtService(float32 timeSec);
1600:../Libraries/iLLD/TC4xx/CpuGeneric/Clock/Std/IfxClock.h **** #endif
1601:../Libraries/iLLD/TC4xx/CpuGeneric/Clock/Std/IfxClock.h **** 
1602:../Libraries/iLLD/TC4xx/CpuGeneric/Clock/Std/IfxClock.h **** /** \brief API to get backup frequency.
1603:../Libraries/iLLD/TC4xx/CpuGeneric/Clock/Std/IfxClock.h ****  *
1604:../Libraries/iLLD/TC4xx/CpuGeneric/Clock/Std/IfxClock.h ****  * This API returns the backup frequency as 0 if its not in idle state or if the ramp is in progres
1605:../Libraries/iLLD/TC4xx/CpuGeneric/Clock/Std/IfxClock.h ****  *
1606:../Libraries/iLLD/TC4xx/CpuGeneric/Clock/Std/IfxClock.h ****  * \retval uint32 Backup Freq. Range: 10000000 Hz to 500000000 Hz.
1607:../Libraries/iLLD/TC4xx/CpuGeneric/Clock/Std/IfxClock.h ****  */
1608:../Libraries/iLLD/TC4xx/CpuGeneric/Clock/Std/IfxClock.h **** IFX_INLINE uint32 IfxClock_getRampFrequency(void);
1609:../Libraries/iLLD/TC4xx/CpuGeneric/Clock/Std/IfxClock.h **** 
1610:../Libraries/iLLD/TC4xx/CpuGeneric/Clock/Std/IfxClock.h **** /** \brief API to check if Sys PLL is locked, if its is locked it will return the frequency.
1611:../Libraries/iLLD/TC4xx/CpuGeneric/Clock/Std/IfxClock.h ****  * This API returns 0 if the Sys PLL is not locked. If it is locked it returns the frequency.
1612:../Libraries/iLLD/TC4xx/CpuGeneric/Clock/Std/IfxClock.h ****  *
1613:../Libraries/iLLD/TC4xx/CpuGeneric/Clock/Std/IfxClock.h ****  * \retval uint32 Sys PLL Freq. Range: 10000000 Hz to 500000000 Hz.
1614:../Libraries/iLLD/TC4xx/CpuGeneric/Clock/Std/IfxClock.h ****  */
1615:../Libraries/iLLD/TC4xx/CpuGeneric/Clock/Std/IfxClock.h **** IFX_INLINE uint32 IfxClock_checkSysPllLock(void);
1616:../Libraries/iLLD/TC4xx/CpuGeneric/Clock/Std/IfxClock.h **** 
1617:../Libraries/iLLD/TC4xx/CpuGeneric/Clock/Std/IfxClock.h **** /** \brief API to check if Per PLL is locked, if its is locked it will return the frequency.
1618:../Libraries/iLLD/TC4xx/CpuGeneric/Clock/Std/IfxClock.h ****  * This API returns 0 if the Per PLL is not locked. If it is locked it returns the frequency.
1619:../Libraries/iLLD/TC4xx/CpuGeneric/Clock/Std/IfxClock.h ****  *
1620:../Libraries/iLLD/TC4xx/CpuGeneric/Clock/Std/IfxClock.h ****  * \param[in] fsource Clock source selection. Range: \ref IfxClock_Fsource.
1621:../Libraries/iLLD/TC4xx/CpuGeneric/Clock/Std/IfxClock.h ****  *
1622:../Libraries/iLLD/TC4xx/CpuGeneric/Clock/Std/IfxClock.h ****  * \retval uint32 Per PLL Freq. Range: 10000000 Hz to 500000000 Hz.
1623:../Libraries/iLLD/TC4xx/CpuGeneric/Clock/Std/IfxClock.h ****  */
1624:../Libraries/iLLD/TC4xx/CpuGeneric/Clock/Std/IfxClock.h **** IFX_INLINE uint32 IfxClock_checkPerPllLock(IfxClock_Fsource fsource);
1625:../Libraries/iLLD/TC4xx/CpuGeneric/Clock/Std/IfxClock.h **** 
1626:../Libraries/iLLD/TC4xx/CpuGeneric/Clock/Std/IfxClock.h **** /** \brief API to enable/power-on the Crystal oscillator.
1627:../Libraries/iLLD/TC4xx/CpuGeneric/Clock/Std/IfxClock.h ****  *
1628:../Libraries/iLLD/TC4xx/CpuGeneric/Clock/Std/IfxClock.h ****  * \param oscConMode OSCCON.MODE value to be programmed
1629:../Libraries/iLLD/TC4xx/CpuGeneric/Clock/Std/IfxClock.h ****  * \retval None
1630:../Libraries/iLLD/TC4xx/CpuGeneric/Clock/Std/IfxClock.h ****  */
1631:../Libraries/iLLD/TC4xx/CpuGeneric/Clock/Std/IfxClock.h **** IFX_INLINE void IfxClock_powerOnCrystalOsc(uint32 oscConMode);
1632:../Libraries/iLLD/TC4xx/CpuGeneric/Clock/Std/IfxClock.h **** 
1633:../Libraries/iLLD/TC4xx/CpuGeneric/Clock/Std/IfxClock.h **** /** \brief API to enable/power-on the Ramp oscillator.
1634:../Libraries/iLLD/TC4xx/CpuGeneric/Clock/Std/IfxClock.h ****  *
1635:../Libraries/iLLD/TC4xx/CpuGeneric/Clock/Std/IfxClock.h ****  * \retval None
1636:../Libraries/iLLD/TC4xx/CpuGeneric/Clock/Std/IfxClock.h ****  */
1637:../Libraries/iLLD/TC4xx/CpuGeneric/Clock/Std/IfxClock.h **** IFX_INLINE void IfxClock_powerOnRampOsc(void);
1638:../Libraries/iLLD/TC4xx/CpuGeneric/Clock/Std/IfxClock.h **** 
1639:../Libraries/iLLD/TC4xx/CpuGeneric/Clock/Std/IfxClock.h **** #if IFXCLOCK_IS_EXTCLK_SDMMC_AVAILABLE
1640:../Libraries/iLLD/TC4xx/CpuGeneric/Clock/Std/IfxClock.h **** /** \brief API to get XSPI frequency.
1641:../Libraries/iLLD/TC4xx/CpuGeneric/Clock/Std/IfxClock.h ****  *
1642:../Libraries/iLLD/TC4xx/CpuGeneric/Clock/Std/IfxClock.h ****  * \retval uint32 SDMMCfrequency (fsdmmc) in Hz. Range: 10000000 Hz to 500000000 Hz.
1643:../Libraries/iLLD/TC4xx/CpuGeneric/Clock/Std/IfxClock.h ****  */
1644:../Libraries/iLLD/TC4xx/CpuGeneric/Clock/Std/IfxClock.h **** IFX_INLINE uint32 IfxClock_getSdmmcFrequency(void);
1645:../Libraries/iLLD/TC4xx/CpuGeneric/Clock/Std/IfxClock.h **** #endif /* #if IFXCLOCK_IS_EXTCLK_SDMMC_AVAILABLE */
1646:../Libraries/iLLD/TC4xx/CpuGeneric/Clock/Std/IfxClock.h **** 
1647:../Libraries/iLLD/TC4xx/CpuGeneric/Clock/Std/IfxClock.h **** /** \brief API to get PerPLL DCO frequency.
1648:../Libraries/iLLD/TC4xx/CpuGeneric/Clock/Std/IfxClock.h ****  *
1649:../Libraries/iLLD/TC4xx/CpuGeneric/Clock/Std/IfxClock.h ****  * \retval uint32 PerPLL DCO frequency. Range: 10000000 Hz to 500000000 Hz.
1650:../Libraries/iLLD/TC4xx/CpuGeneric/Clock/Std/IfxClock.h ****  */
1651:../Libraries/iLLD/TC4xx/CpuGeneric/Clock/Std/IfxClock.h **** IFX_INLINE uint32 IfxClock_getPerPllDcoFrequency(void);
1652:../Libraries/iLLD/TC4xx/CpuGeneric/Clock/Std/IfxClock.h **** 
1653:../Libraries/iLLD/TC4xx/CpuGeneric/Clock/Std/IfxClock.h **** /** \brief API to get LETH divider frequency.
1654:../Libraries/iLLD/TC4xx/CpuGeneric/Clock/Std/IfxClock.h ****  * This API returns the based on the divider value in CCUCON register and fSOURCE.
1655:../Libraries/iLLD/TC4xx/CpuGeneric/Clock/Std/IfxClock.h ****  *
1656:../Libraries/iLLD/TC4xx/CpuGeneric/Clock/Std/IfxClock.h ****  * \retval uint32 LETH frequency (fLETH) in Hz. Range: 10000000 Hz to 500000000 Hz.
1657:../Libraries/iLLD/TC4xx/CpuGeneric/Clock/Std/IfxClock.h ****  */
1658:../Libraries/iLLD/TC4xx/CpuGeneric/Clock/Std/IfxClock.h **** IFX_INLINE uint32 IfxClock_getLethFrequency(void);
1659:../Libraries/iLLD/TC4xx/CpuGeneric/Clock/Std/IfxClock.h **** 
1660:../Libraries/iLLD/TC4xx/CpuGeneric/Clock/Std/IfxClock.h **** /** \brief API to get LETH100 divider frequency.
1661:../Libraries/iLLD/TC4xx/CpuGeneric/Clock/Std/IfxClock.h ****  * This API returns the based on the divider value in CCUCON register and fSOURCE2.
1662:../Libraries/iLLD/TC4xx/CpuGeneric/Clock/Std/IfxClock.h ****  *
1663:../Libraries/iLLD/TC4xx/CpuGeneric/Clock/Std/IfxClock.h ****  * \retval uint32 LETH100 frequency (fLETH100) in Hz. Range: 10000000 Hz to 500000000 Hz.
1664:../Libraries/iLLD/TC4xx/CpuGeneric/Clock/Std/IfxClock.h ****  */
1665:../Libraries/iLLD/TC4xx/CpuGeneric/Clock/Std/IfxClock.h **** IFX_INLINE uint32 IfxClock_getLeth100Frequency(void);
1666:../Libraries/iLLD/TC4xx/CpuGeneric/Clock/Std/IfxClock.h **** 
1667:../Libraries/iLLD/TC4xx/CpuGeneric/Clock/Std/IfxClock.h **** /** \brief API to get CANXLH divider frequency.
1668:../Libraries/iLLD/TC4xx/CpuGeneric/Clock/Std/IfxClock.h ****  * This API returns the based on the divider value in CCUCON register and fSOURCE.
1669:../Libraries/iLLD/TC4xx/CpuGeneric/Clock/Std/IfxClock.h ****  *
1670:../Libraries/iLLD/TC4xx/CpuGeneric/Clock/Std/IfxClock.h ****  * \retval uint32 CANXLH frequency (fCANXLH) in Hz. Range: 10000000 Hz to 500000000 Hz.
1671:../Libraries/iLLD/TC4xx/CpuGeneric/Clock/Std/IfxClock.h ****  */
1672:../Libraries/iLLD/TC4xx/CpuGeneric/Clock/Std/IfxClock.h **** IFX_INLINE uint32 IfxClock_getCanXLhFrequency(void);
1673:../Libraries/iLLD/TC4xx/CpuGeneric/Clock/Std/IfxClock.h **** 
1674:../Libraries/iLLD/TC4xx/CpuGeneric/Clock/Std/IfxClock.h **** #if IFXCLOCK_IS_EXTCLK_ERAY_AVAILABLE
1675:../Libraries/iLLD/TC4xx/CpuGeneric/Clock/Std/IfxClock.h **** /** \brief API to get ERAY divider frequency.
1676:../Libraries/iLLD/TC4xx/CpuGeneric/Clock/Std/IfxClock.h ****  * This API returns the based on the divider value in CCUCON register and fSOURCE.
1677:../Libraries/iLLD/TC4xx/CpuGeneric/Clock/Std/IfxClock.h ****  *
1678:../Libraries/iLLD/TC4xx/CpuGeneric/Clock/Std/IfxClock.h ****  * \retval uint32 CANXLH frequency (fERAY) in Hz. Range: 10000000 Hz to 500000000 Hz.
1679:../Libraries/iLLD/TC4xx/CpuGeneric/Clock/Std/IfxClock.h ****  */
1680:../Libraries/iLLD/TC4xx/CpuGeneric/Clock/Std/IfxClock.h **** IFX_INLINE uint32 IfxClock_getErayFrequency(void);
1681:../Libraries/iLLD/TC4xx/CpuGeneric/Clock/Std/IfxClock.h **** #endif /* #if IFXCLOCK_IS_EXTCLK_ERAY_AVAILABLE */
1682:../Libraries/iLLD/TC4xx/CpuGeneric/Clock/Std/IfxClock.h **** 
1683:../Libraries/iLLD/TC4xx/CpuGeneric/Clock/Std/IfxClock.h **** #if IFXCLOCK_IS_EXTCLK_MT0_AVAILABLE
1684:../Libraries/iLLD/TC4xx/CpuGeneric/Clock/Std/IfxClock.h **** /** \brief API to get Macro Tick 0 frequency.
1685:../Libraries/iLLD/TC4xx/CpuGeneric/Clock/Std/IfxClock.h ****  *  This API returns the based on the divider value of MPC and UT and f-utick.
1686:../Libraries/iLLD/TC4xx/CpuGeneric/Clock/Std/IfxClock.h ****  *
1687:../Libraries/iLLD/TC4xx/CpuGeneric/Clock/Std/IfxClock.h ****  * \retval uint32 Macro Tick 0 frequency (fMT0) in Hz. Range: 10000000 Hz to 500000000 Hz.
1688:../Libraries/iLLD/TC4xx/CpuGeneric/Clock/Std/IfxClock.h ****  */
1689:../Libraries/iLLD/TC4xx/CpuGeneric/Clock/Std/IfxClock.h **** IFX_INLINE uint32 IfxClock_getMt0Frequency(void);
1690:../Libraries/iLLD/TC4xx/CpuGeneric/Clock/Std/IfxClock.h **** #endif /* #if IFXCLOCK_IS_EXTCLK_MT0_AVAILABLE */
1691:../Libraries/iLLD/TC4xx/CpuGeneric/Clock/Std/IfxClock.h **** 
1692:../Libraries/iLLD/TC4xx/CpuGeneric/Clock/Std/IfxClock.h **** /** \brief API to get CANXLI divider frequency.
1693:../Libraries/iLLD/TC4xx/CpuGeneric/Clock/Std/IfxClock.h ****  * This API returns the based on the divider value in CCUCON register and fSOURCE.
1694:../Libraries/iLLD/TC4xx/CpuGeneric/Clock/Std/IfxClock.h ****  *
1695:../Libraries/iLLD/TC4xx/CpuGeneric/Clock/Std/IfxClock.h ****  * \retval uint32 CANXLH frequency (fCANXLI) in Hz. Range: 10000000 Hz to 500000000 Hz.
1696:../Libraries/iLLD/TC4xx/CpuGeneric/Clock/Std/IfxClock.h ****  */
1697:../Libraries/iLLD/TC4xx/CpuGeneric/Clock/Std/IfxClock.h **** IFX_INLINE uint32 IfxClock_getCanXLiFrequency(void);
1698:../Libraries/iLLD/TC4xx/CpuGeneric/Clock/Std/IfxClock.h **** 
1699:../Libraries/iLLD/TC4xx/CpuGeneric/Clock/Std/IfxClock.h **** #if IFXCLOCK_IS_EXTCLK_XSPISL_AVAILABLE
1700:../Libraries/iLLD/TC4xx/CpuGeneric/Clock/Std/IfxClock.h **** /** \brief API to get XSPISL divider frequency.
1701:../Libraries/iLLD/TC4xx/CpuGeneric/Clock/Std/IfxClock.h ****  *  This API returns the based on the divider value in CCUCON register and fSOURCE.
1702:../Libraries/iLLD/TC4xx/CpuGeneric/Clock/Std/IfxClock.h ****  *
1703:../Libraries/iLLD/TC4xx/CpuGeneric/Clock/Std/IfxClock.h ****  * \retval uint32 CANXLH frequency (fXSPISL) in Hz. Range: 10000000 Hz to 500000000 Hz.
1704:../Libraries/iLLD/TC4xx/CpuGeneric/Clock/Std/IfxClock.h ****  */
1705:../Libraries/iLLD/TC4xx/CpuGeneric/Clock/Std/IfxClock.h **** IFX_INLINE uint32 IfxClock_getXspislFrequency(void);
1706:../Libraries/iLLD/TC4xx/CpuGeneric/Clock/Std/IfxClock.h **** #endif /* #if IFXCLOCK_IS_EXTCLK_XSPISL_AVAILABLE */
1707:../Libraries/iLLD/TC4xx/CpuGeneric/Clock/Std/IfxClock.h **** 
1708:../Libraries/iLLD/TC4xx/CpuGeneric/Clock/Std/IfxClock.h **** /** \brief Configure the Ramp oscillator (RAMPCON UFL) for the desired Sys PLL frequency to ramp up
1709:../Libraries/iLLD/TC4xx/CpuGeneric/Clock/Std/IfxClock.h ****  *
1710:../Libraries/iLLD/TC4xx/CpuGeneric/Clock/Std/IfxClock.h ****  * \param[in] rampFreq Configure ramp frequency. Range 0 to 0x3FF.
1711:../Libraries/iLLD/TC4xx/CpuGeneric/Clock/Std/IfxClock.h ****  *
1712:../Libraries/iLLD/TC4xx/CpuGeneric/Clock/Std/IfxClock.h ****  * \retval Rampup configuration status.
1713:../Libraries/iLLD/TC4xx/CpuGeneric/Clock/Std/IfxClock.h ****  */
1714:../Libraries/iLLD/TC4xx/CpuGeneric/Clock/Std/IfxClock.h **** IFX_INLINE boolean IfxClock_configureRampUp(uint32 rampFreq);
1715:../Libraries/iLLD/TC4xx/CpuGeneric/Clock/Std/IfxClock.h **** 
1716:../Libraries/iLLD/TC4xx/CpuGeneric/Clock/Std/IfxClock.h **** #if IFXCLOCK_IS_EXTCLK_HSCT_AVAILABLE
1717:../Libraries/iLLD/TC4xx/CpuGeneric/Clock/Std/IfxClock.h **** /** \brief API to get HSCTPERON divider frequency.
1718:../Libraries/iLLD/TC4xx/CpuGeneric/Clock/Std/IfxClock.h ****  *
1719:../Libraries/iLLD/TC4xx/CpuGeneric/Clock/Std/IfxClock.h ****  * \retval HSCTPERON frequency (fHSCT) in Hz. Range: 10000000 Hz to 500000000 Hz.
1720:../Libraries/iLLD/TC4xx/CpuGeneric/Clock/Std/IfxClock.h ****  */
1721:../Libraries/iLLD/TC4xx/CpuGeneric/Clock/Std/IfxClock.h **** IFX_INLINE uint32 IfxClock_getHsctFrequency(void);
1722:../Libraries/iLLD/TC4xx/CpuGeneric/Clock/Std/IfxClock.h **** #endif /* #if IFXCLOCK_IS_EXTCLK_HSCT_AVAILABLE */
1723:../Libraries/iLLD/TC4xx/CpuGeneric/Clock/Std/IfxClock.h **** 
1724:../Libraries/iLLD/TC4xx/CpuGeneric/Clock/Std/IfxClock.h **** #if IFXCLOCK_IS_EXTCLK_AUDIO_AVAILABLE
1725:../Libraries/iLLD/TC4xx/CpuGeneric/Clock/Std/IfxClock.h **** /** \brief API to check if the Audio PLL is disabled or not.
1726:../Libraries/iLLD/TC4xx/CpuGeneric/Clock/Std/IfxClock.h ****  *
1727:../Libraries/iLLD/TC4xx/CpuGeneric/Clock/Std/IfxClock.h ****  * \retval APLL power off status.
1728:../Libraries/iLLD/TC4xx/CpuGeneric/Clock/Std/IfxClock.h ****  */
1729:../Libraries/iLLD/TC4xx/CpuGeneric/Clock/Std/IfxClock.h **** IFX_INLINE boolean IfxClock_isAudioPllDisabled(void);
1730:../Libraries/iLLD/TC4xx/CpuGeneric/Clock/Std/IfxClock.h **** #endif /* #if IFXCLOCK_IS_EXTCLK_AUDIO_AVAILABLE */
1731:../Libraries/iLLD/TC4xx/CpuGeneric/Clock/Std/IfxClock.h **** 
1732:../Libraries/iLLD/TC4xx/CpuGeneric/Clock/Std/IfxClock.h **** #if defined(IFX_CFG_CLOCK_PPUPLL_FREQUENCY)	
1733:../Libraries/iLLD/TC4xx/CpuGeneric/Clock/Std/IfxClock.h **** /** \brief API to get PPU frequency.
1734:../Libraries/iLLD/TC4xx/CpuGeneric/Clock/Std/IfxClock.h ****  * This API returns the based on the divider value in CCUCON register and fSOURCE.
1735:../Libraries/iLLD/TC4xx/CpuGeneric/Clock/Std/IfxClock.h ****  *
1736:../Libraries/iLLD/TC4xx/CpuGeneric/Clock/Std/IfxClock.h ****  * \retval uint32 PPU frequency (fPPU) in Hz. Range: 10000000 Hz to 500000000 Hz.
1737:../Libraries/iLLD/TC4xx/CpuGeneric/Clock/Std/IfxClock.h ****  */
1738:../Libraries/iLLD/TC4xx/CpuGeneric/Clock/Std/IfxClock.h **** IFX_INLINE uint32 IfxClock_getPpuFrequency(void);
1739:../Libraries/iLLD/TC4xx/CpuGeneric/Clock/Std/IfxClock.h **** #endif
1740:../Libraries/iLLD/TC4xx/CpuGeneric/Clock/Std/IfxClock.h **** 
1741:../Libraries/iLLD/TC4xx/CpuGeneric/Clock/Std/IfxClock.h **** /******************************************************************************/
1742:../Libraries/iLLD/TC4xx/CpuGeneric/Clock/Std/IfxClock.h **** /*-------------------------Global Function Prototypes-------------------------*/
1743:../Libraries/iLLD/TC4xx/CpuGeneric/Clock/Std/IfxClock.h **** /******************************************************************************/
1744:../Libraries/iLLD/TC4xx/CpuGeneric/Clock/Std/IfxClock.h **** 
1745:../Libraries/iLLD/TC4xx/CpuGeneric/Clock/Std/IfxClock.h **** /** \brief API for clock distribution.
1746:../Libraries/iLLD/TC4xx/CpuGeneric/Clock/Std/IfxClock.h ****  *
1747:../Libraries/iLLD/TC4xx/CpuGeneric/Clock/Std/IfxClock.h ****  * \param[in] clockDistributionConfig pointer to clock distribution structure.
1748:../Libraries/iLLD/TC4xx/CpuGeneric/Clock/Std/IfxClock.h ****  *
1749:../Libraries/iLLD/TC4xx/CpuGeneric/Clock/Std/IfxClock.h ****  * \retval None
1750:../Libraries/iLLD/TC4xx/CpuGeneric/Clock/Std/IfxClock.h ****  */
1751:../Libraries/iLLD/TC4xx/CpuGeneric/Clock/Std/IfxClock.h **** IFX_EXTERN void IfxClock_distributeClock(IfxClock_ClockDistributionConfig *clockDistributionConfig)
1752:../Libraries/iLLD/TC4xx/CpuGeneric/Clock/Std/IfxClock.h **** 
1753:../Libraries/iLLD/TC4xx/CpuGeneric/Clock/Std/IfxClock.h **** /** \brief API to get ASCLINS divider frequency.
1754:../Libraries/iLLD/TC4xx/CpuGeneric/Clock/Std/IfxClock.h ****  * This API returns the ASCLINS frequency based on the divider value in CCUCON register and fSOURCE
1755:../Libraries/iLLD/TC4xx/CpuGeneric/Clock/Std/IfxClock.h ****  *
1756:../Libraries/iLLD/TC4xx/CpuGeneric/Clock/Std/IfxClock.h ****  * \retval uint32 AsclinS frequency (fASCLINS) in Hz. Range: 10000000 Hz to 500000000 Hz.
1757:../Libraries/iLLD/TC4xx/CpuGeneric/Clock/Std/IfxClock.h ****  */
1758:../Libraries/iLLD/TC4xx/CpuGeneric/Clock/Std/IfxClock.h **** IFX_EXTERN uint32 IfxClock_getAsclinSFrequency(void);
1759:../Libraries/iLLD/TC4xx/CpuGeneric/Clock/Std/IfxClock.h **** 
1760:../Libraries/iLLD/TC4xx/CpuGeneric/Clock/Std/IfxClock.h **** #if IFXCLOCK_IS_EXTCLK_CPB_AVAILABLE
1761:../Libraries/iLLD/TC4xx/CpuGeneric/Clock/Std/IfxClock.h **** /** \brief API to get CPB divider frequency.
1762:../Libraries/iLLD/TC4xx/CpuGeneric/Clock/Std/IfxClock.h ****  *
1763:../Libraries/iLLD/TC4xx/CpuGeneric/Clock/Std/IfxClock.h ****  * \retval uint32 CPB frequency (fSPB) in Hz. Range: 10000000 Hz to 500000000 Hz.
1764:../Libraries/iLLD/TC4xx/CpuGeneric/Clock/Std/IfxClock.h ****  */
1765:../Libraries/iLLD/TC4xx/CpuGeneric/Clock/Std/IfxClock.h **** IFX_EXTERN uint32 IfxClock_getCpbFrequency(void);
1766:../Libraries/iLLD/TC4xx/CpuGeneric/Clock/Std/IfxClock.h **** #endif /* #if IFXCLOCK_IS_EXTCLK_CPB_AVAILABLE */
1767:../Libraries/iLLD/TC4xx/CpuGeneric/Clock/Std/IfxClock.h **** 
1768:../Libraries/iLLD/TC4xx/CpuGeneric/Clock/Std/IfxClock.h **** /** \brief This API returns the Cpu frequency.
1769:../Libraries/iLLD/TC4xx/CpuGeneric/Clock/Std/IfxClock.h ****  *
1770:../Libraries/iLLD/TC4xx/CpuGeneric/Clock/Std/IfxClock.h ****  * \retval uint32 Cpu[x] frequency in Hz, where x is cpu number passed as parameter. Range: 1000000
1771:../Libraries/iLLD/TC4xx/CpuGeneric/Clock/Std/IfxClock.h ****  */
1772:../Libraries/iLLD/TC4xx/CpuGeneric/Clock/Std/IfxClock.h **** IFX_EXTERN uint32 IfxClock_getCpuFrequency(void);
1773:../Libraries/iLLD/TC4xx/CpuGeneric/Clock/Std/IfxClock.h **** 
1774:../Libraries/iLLD/TC4xx/CpuGeneric/Clock/Std/IfxClock.h **** #if IFXCLOCK_IS_EXTCLK_FSI2_AVAILABLE
1775:../Libraries/iLLD/TC4xx/CpuGeneric/Clock/Std/IfxClock.h **** /** \brief API to get FSI2 divider frequency in Hz.
1776:../Libraries/iLLD/TC4xx/CpuGeneric/Clock/Std/IfxClock.h ****  * This API returns the fFSI2 frequency based on the divider value in CCUCON register and the input
1777:../Libraries/iLLD/TC4xx/CpuGeneric/Clock/Std/IfxClock.h ****  *
1778:../Libraries/iLLD/TC4xx/CpuGeneric/Clock/Std/IfxClock.h ****  * \retval uint32 FSI2 frequency (fFSI2) in Hz. Range: 10000000 Hz to 500000000 Hz.
1779:../Libraries/iLLD/TC4xx/CpuGeneric/Clock/Std/IfxClock.h ****  */
1780:../Libraries/iLLD/TC4xx/CpuGeneric/Clock/Std/IfxClock.h **** IFX_EXTERN uint32 IfxClock_getFsi2Frequency(void);
1781:../Libraries/iLLD/TC4xx/CpuGeneric/Clock/Std/IfxClock.h **** #endif /* #if IFXCLOCK_IS_EXTCLK_FSI2_AVAILABLE */
1782:../Libraries/iLLD/TC4xx/CpuGeneric/Clock/Std/IfxClock.h **** 
1783:../Libraries/iLLD/TC4xx/CpuGeneric/Clock/Std/IfxClock.h **** /** \brief API to get FSI divider frequency in Hz.
1784:../Libraries/iLLD/TC4xx/CpuGeneric/Clock/Std/IfxClock.h ****  * This API returns the fFSI based on the divider value in CCUCON register and the input oscillator
1785:../Libraries/iLLD/TC4xx/CpuGeneric/Clock/Std/IfxClock.h ****  *
1786:../Libraries/iLLD/TC4xx/CpuGeneric/Clock/Std/IfxClock.h ****  * \retval uint32 FSI frequency (fFSI) in Hz. Range: 10000000 Hz to 500000000 Hz.
1787:../Libraries/iLLD/TC4xx/CpuGeneric/Clock/Std/IfxClock.h ****  */
1788:../Libraries/iLLD/TC4xx/CpuGeneric/Clock/Std/IfxClock.h **** IFX_EXTERN uint32 IfxClock_getFsiFrequency(void);
1789:../Libraries/iLLD/TC4xx/CpuGeneric/Clock/Std/IfxClock.h **** 
1790:../Libraries/iLLD/TC4xx/CpuGeneric/Clock/Std/IfxClock.h **** /** \brief API to get MCAN divider frequency.
1791:../Libraries/iLLD/TC4xx/CpuGeneric/Clock/Std/IfxClock.h ****  * This API returns the based on the divider value in CCUCON register and fSOURCE.
1792:../Libraries/iLLD/TC4xx/CpuGeneric/Clock/Std/IfxClock.h ****  *
1793:../Libraries/iLLD/TC4xx/CpuGeneric/Clock/Std/IfxClock.h ****  * \retval uint32 Mcan frequency (fMCAN) in Hz. Range: 10000000 Hz to 500000000 Hz.
1794:../Libraries/iLLD/TC4xx/CpuGeneric/Clock/Std/IfxClock.h ****  */
1795:../Libraries/iLLD/TC4xx/CpuGeneric/Clock/Std/IfxClock.h **** IFX_EXTERN uint32 IfxClock_getMcanFrequency(void);
1796:../Libraries/iLLD/TC4xx/CpuGeneric/Clock/Std/IfxClock.h **** 
1797:../Libraries/iLLD/TC4xx/CpuGeneric/Clock/Std/IfxClock.h **** /** \brief get source frequency fSOURCE.
1798:../Libraries/iLLD/TC4xx/CpuGeneric/Clock/Std/IfxClock.h ****  * This API returns the source frequency based on the configurations with CCUCON register configura
1799:../Libraries/iLLD/TC4xx/CpuGeneric/Clock/Std/IfxClock.h ****  *
1800:../Libraries/iLLD/TC4xx/CpuGeneric/Clock/Std/IfxClock.h ****  * \retval uint32 Module frequency in Hz. Range: 10000000 Hz to 500000000 Hz.
1801:../Libraries/iLLD/TC4xx/CpuGeneric/Clock/Std/IfxClock.h ****  */
1802:../Libraries/iLLD/TC4xx/CpuGeneric/Clock/Std/IfxClock.h **** IFX_EXTERN uint32 IfxClock_getModuleFrequency(void);
1803:../Libraries/iLLD/TC4xx/CpuGeneric/Clock/Std/IfxClock.h **** 
1804:../Libraries/iLLD/TC4xx/CpuGeneric/Clock/Std/IfxClock.h **** #if IFXCLOCK_IS_EXTCLK_MSC_AVAILABLE
1805:../Libraries/iLLD/TC4xx/CpuGeneric/Clock/Std/IfxClock.h **** /** \brief API to get MSC divider frequency.
1806:../Libraries/iLLD/TC4xx/CpuGeneric/Clock/Std/IfxClock.h ****  * This API returns the based on the divider value in CCUCON register and fSOURCE.
1807:../Libraries/iLLD/TC4xx/CpuGeneric/Clock/Std/IfxClock.h ****  *
1808:../Libraries/iLLD/TC4xx/CpuGeneric/Clock/Std/IfxClock.h ****  * \retval uint32 Msc frequency (fMSC) in Hz. Range: 10000000 Hz to 500000000 Hz.
1809:../Libraries/iLLD/TC4xx/CpuGeneric/Clock/Std/IfxClock.h ****  */
1810:../Libraries/iLLD/TC4xx/CpuGeneric/Clock/Std/IfxClock.h **** IFX_EXTERN uint32 IfxClock_getMscFrequency(void);
1811:../Libraries/iLLD/TC4xx/CpuGeneric/Clock/Std/IfxClock.h **** #endif /* #if IFXCLOCK_IS_EXTCLK_MSC_AVAILABLE */
1812:../Libraries/iLLD/TC4xx/CpuGeneric/Clock/Std/IfxClock.h **** 
1813:../Libraries/iLLD/TC4xx/CpuGeneric/Clock/Std/IfxClock.h **** /** \brief API to get actual PER PLL1  frequency
1814:../Libraries/iLLD/TC4xx/CpuGeneric/Clock/Std/IfxClock.h ****  * This API returns the PER PLL1 frequency based on the K2 divider value in PLLCON and the VCO freq
1815:../Libraries/iLLD/TC4xx/CpuGeneric/Clock/Std/IfxClock.h ****  * Fpll1= (Fosc*N)/(P*K2).
1816:../Libraries/iLLD/TC4xx/CpuGeneric/Clock/Std/IfxClock.h ****  *
1817:../Libraries/iLLD/TC4xx/CpuGeneric/Clock/Std/IfxClock.h ****  * \retval uint32 PER PLL1 (K2 Divider) frequency in Hz. Range: 10000000 Hz to 500000000 Hz.
1818:../Libraries/iLLD/TC4xx/CpuGeneric/Clock/Std/IfxClock.h ****  */
1819:../Libraries/iLLD/TC4xx/CpuGeneric/Clock/Std/IfxClock.h **** IFX_EXTERN uint32 IfxClock_getPerPllFrequency1(void);
1820:../Libraries/iLLD/TC4xx/CpuGeneric/Clock/Std/IfxClock.h **** 
1821:../Libraries/iLLD/TC4xx/CpuGeneric/Clock/Std/IfxClock.h **** /** \brief This API returns the PER PLL2 frequency based on the K3 divider value in PLLCON and the 
1822:../Libraries/iLLD/TC4xx/CpuGeneric/Clock/Std/IfxClock.h ****  *  fPLL2 = (N * fIN) / (P * K3 * 1. 0) if K3PREDIV = 0
1823:../Libraries/iLLD/TC4xx/CpuGeneric/Clock/Std/IfxClock.h ****  *  fPLL2 = (N * fIN) / (P * K3 * 1. 1) if K3PREDIV = 1
1824:../Libraries/iLLD/TC4xx/CpuGeneric/Clock/Std/IfxClock.h ****  *  fPLL2 = (N * fIN) / (P * K3 * 1. 2) if K3PREDIV = 2
1825:../Libraries/iLLD/TC4xx/CpuGeneric/Clock/Std/IfxClock.h ****  *  fPLL2 = (N * fIN) / (P * K3 * 1. 0) if K3PREDIV = 3
1826:../Libraries/iLLD/TC4xx/CpuGeneric/Clock/Std/IfxClock.h ****  *  fPLL2 = (N * fIN) / (P * K3 * 1. 4) if K3PREDIV = 4
1827:../Libraries/iLLD/TC4xx/CpuGeneric/Clock/Std/IfxClock.h ****  *  fPLL2 = (N * fIN) / (P * K3 * 1. 0) if K3PREDIV = 5
1828:../Libraries/iLLD/TC4xx/CpuGeneric/Clock/Std/IfxClock.h ****  *  fPLL2 = (N * fIN) / (P * K3 * 1. 6) if K3PREDIV = 6
1829:../Libraries/iLLD/TC4xx/CpuGeneric/Clock/Std/IfxClock.h ****  *  fPLL2 = (N * fIN) / (P * K3 * 1. 7) if K3PREDIV = 7
1830:../Libraries/iLLD/TC4xx/CpuGeneric/Clock/Std/IfxClock.h ****  *  fPLL2 = (N * fIN) / (P * K3 * 1. 0) if K3PREDIV = 8
1831:../Libraries/iLLD/TC4xx/CpuGeneric/Clock/Std/IfxClock.h ****  *  fPLL2 = (N * fIN) / (P * K3 * 1. 0) if K3PREDIV = 9
1832:../Libraries/iLLD/TC4xx/CpuGeneric/Clock/Std/IfxClock.h ****  *  fPLL2 = (N * fIN) / (P * K3 * 2. 0) if K3PREDIV = 10
1833:../Libraries/iLLD/TC4xx/CpuGeneric/Clock/Std/IfxClock.h ****  *  fPLL2 = (N * fIN) / (P * K3 * 1. 0) if K3PREDIV = 11
1834:../Libraries/iLLD/TC4xx/CpuGeneric/Clock/Std/IfxClock.h ****  *  fPLL2 = (N * fIN) / (P * K3 * 1. 0) if K3PREDIV = 12
1835:../Libraries/iLLD/TC4xx/CpuGeneric/Clock/Std/IfxClock.h ****  *  fPLL2 = (N * fIN) / (P * K3 * 1. 0) if K3PREDIV = 13
1836:../Libraries/iLLD/TC4xx/CpuGeneric/Clock/Std/IfxClock.h ****  *  fPLL2 = (N * fIN) / (P * K3 * 1. 0) if K3PREDIV = 14
1837:../Libraries/iLLD/TC4xx/CpuGeneric/Clock/Std/IfxClock.h ****  *  fPLL2 = (N * fIN) / (P * K3 * 1. 0) if K3PREDIV = 15
1838:../Libraries/iLLD/TC4xx/CpuGeneric/Clock/Std/IfxClock.h ****  *
1839:../Libraries/iLLD/TC4xx/CpuGeneric/Clock/Std/IfxClock.h ****  * \retval uint32 PER PLL2 (K3 Divider ) frequency in Hz. Range: 10000000 Hz to 500000000 Hz.
1840:../Libraries/iLLD/TC4xx/CpuGeneric/Clock/Std/IfxClock.h ****  */
1841:../Libraries/iLLD/TC4xx/CpuGeneric/Clock/Std/IfxClock.h **** IFX_EXTERN uint32 IfxClock_getPerPllFrequency2(void);
1842:../Libraries/iLLD/TC4xx/CpuGeneric/Clock/Std/IfxClock.h **** 
1843:../Libraries/iLLD/TC4xx/CpuGeneric/Clock/Std/IfxClock.h **** /** \brief This API returns the PER PLL3 frequency based on the K4 divider value in PLLCON and the 
1844:../Libraries/iLLD/TC4xx/CpuGeneric/Clock/Std/IfxClock.h ****  * fPLL3 = N * fIN / P * K4 * 1. 0 if K4PREDIV = 0
1845:../Libraries/iLLD/TC4xx/CpuGeneric/Clock/Std/IfxClock.h ****  * fPLL3 = N * fIN / P * K4 * 2. 0 if K4PREDIV = 1
1846:../Libraries/iLLD/TC4xx/CpuGeneric/Clock/Std/IfxClock.h ****  * fPLL3 = N * fIN / P * K4 * 1. 2 if K4PREDIV = 2
1847:../Libraries/iLLD/TC4xx/CpuGeneric/Clock/Std/IfxClock.h ****  * fPLL3 = N * fIN / P * K4 * 1. 6 if K4PREDIV = 3
1848:../Libraries/iLLD/TC4xx/CpuGeneric/Clock/Std/IfxClock.h ****  *
1849:../Libraries/iLLD/TC4xx/CpuGeneric/Clock/Std/IfxClock.h ****  * \retval PER PLL2 (K3 Divider ) frequency in Hz. Range: 10000000 Hz to 500000000 Hz.
1850:../Libraries/iLLD/TC4xx/CpuGeneric/Clock/Std/IfxClock.h ****  */
1851:../Libraries/iLLD/TC4xx/CpuGeneric/Clock/Std/IfxClock.h **** IFX_EXTERN uint32 IfxClock_getPerPllFrequency3(void);
1852:../Libraries/iLLD/TC4xx/CpuGeneric/Clock/Std/IfxClock.h **** 
1853:../Libraries/iLLD/TC4xx/CpuGeneric/Clock/Std/IfxClock.h **** /** \brief get Peripheral source frequency fSOURCE.
1854:../Libraries/iLLD/TC4xx/CpuGeneric/Clock/Std/IfxClock.h ****  * This API returns the source frequency based on the configurations with CCUCON register configura
1855:../Libraries/iLLD/TC4xx/CpuGeneric/Clock/Std/IfxClock.h ****  *
1856:../Libraries/iLLD/TC4xx/CpuGeneric/Clock/Std/IfxClock.h ****  * \param[in] fsource fsource selection. Range: \ref IfxClock_Fsource.
1857:../Libraries/iLLD/TC4xx/CpuGeneric/Clock/Std/IfxClock.h ****  *
1858:../Libraries/iLLD/TC4xx/CpuGeneric/Clock/Std/IfxClock.h ****  * \retval uint32 Effective fSOURCE in Hz. Range: 10000000 Hz to 500000000 Hz.
1859:../Libraries/iLLD/TC4xx/CpuGeneric/Clock/Std/IfxClock.h ****  */
1860:../Libraries/iLLD/TC4xx/CpuGeneric/Clock/Std/IfxClock.h **** IFX_EXTERN uint32 IfxClock_getPerSourceFrequency(IfxClock_Fsource fsource);
1861:../Libraries/iLLD/TC4xx/CpuGeneric/Clock/Std/IfxClock.h **** 
1862:../Libraries/iLLD/TC4xx/CpuGeneric/Clock/Std/IfxClock.h **** /** \brief API to get actual Sys PLL output frequency.
1863:../Libraries/iLLD/TC4xx/CpuGeneric/Clock/Std/IfxClock.h ****  * This API returns the based on the divider values in CCUCON, PLLCON registers and the input oscil
1864:../Libraries/iLLD/TC4xx/CpuGeneric/Clock/Std/IfxClock.h ****  *
1865:../Libraries/iLLD/TC4xx/CpuGeneric/Clock/Std/IfxClock.h ****  * \retval uint32 System Pll (fSysPLL) frequency in Hz. Range: 10000000 Hz to 500000000 Hz.
1866:../Libraries/iLLD/TC4xx/CpuGeneric/Clock/Std/IfxClock.h ****  */
1867:../Libraries/iLLD/TC4xx/CpuGeneric/Clock/Std/IfxClock.h **** IFX_EXTERN uint32 IfxClock_getPllFrequency(void);
1868:../Libraries/iLLD/TC4xx/CpuGeneric/Clock/Std/IfxClock.h **** 
1869:../Libraries/iLLD/TC4xx/CpuGeneric/Clock/Std/IfxClock.h **** #if defined(IFX_CFG_CLOCK_PPUPLL_FREQUENCY)
1870:../Libraries/iLLD/TC4xx/CpuGeneric/Clock/Std/IfxClock.h **** /** \brief API to get actual PLL Ppu output frequency.
1871:../Libraries/iLLD/TC4xx/CpuGeneric/Clock/Std/IfxClock.h ****  * This API returns the based on the divider values in CCUCON, PLLCON registers and the input oscil
1872:../Libraries/iLLD/TC4xx/CpuGeneric/Clock/Std/IfxClock.h ****  *
1873:../Libraries/iLLD/TC4xx/CpuGeneric/Clock/Std/IfxClock.h ****  * \retval uint32 Pll (fPLLPPU) frequency in Hz. Range: 10000000 Hz to 500000000 Hz.
1874:../Libraries/iLLD/TC4xx/CpuGeneric/Clock/Std/IfxClock.h ****  */
1875:../Libraries/iLLD/TC4xx/CpuGeneric/Clock/Std/IfxClock.h **** IFX_EXTERN uint32 IfxClock_getPllPpuFrequency(void);
1876:../Libraries/iLLD/TC4xx/CpuGeneric/Clock/Std/IfxClock.h **** #endif
1877:../Libraries/iLLD/TC4xx/CpuGeneric/Clock/Std/IfxClock.h **** 
1878:../Libraries/iLLD/TC4xx/CpuGeneric/Clock/Std/IfxClock.h **** /** \brief API to get Qspi divider frequency.
1879:../Libraries/iLLD/TC4xx/CpuGeneric/Clock/Std/IfxClock.h ****  * This API returns the based on the divider value in CCUCON register and fSOURCE.
1880:../Libraries/iLLD/TC4xx/CpuGeneric/Clock/Std/IfxClock.h ****  *
1881:../Libraries/iLLD/TC4xx/CpuGeneric/Clock/Std/IfxClock.h ****  * \retval uint32 Qspi frequency (fQspi) in Hz. Range: 10000000 Hz to 500000000 Hz.
1882:../Libraries/iLLD/TC4xx/CpuGeneric/Clock/Std/IfxClock.h ****  */
1883:../Libraries/iLLD/TC4xx/CpuGeneric/Clock/Std/IfxClock.h **** IFX_EXTERN uint32 IfxClock_getQspiFrequency(void);
1884:../Libraries/iLLD/TC4xx/CpuGeneric/Clock/Std/IfxClock.h **** 
1885:../Libraries/iLLD/TC4xx/CpuGeneric/Clock/Std/IfxClock.h **** /** \brief API to get SPB divider frequency.
1886:../Libraries/iLLD/TC4xx/CpuGeneric/Clock/Std/IfxClock.h ****  * This API returns the based on fSOURCE and also on Low power divider mode and/or SPBDIV divider v
1887:../Libraries/iLLD/TC4xx/CpuGeneric/Clock/Std/IfxClock.h ****  *
1888:../Libraries/iLLD/TC4xx/CpuGeneric/Clock/Std/IfxClock.h ****  * \retval uint32 SPB frequency (fSPB) in Hz. Range: 10000000 Hz to 500000000 Hz.
1889:../Libraries/iLLD/TC4xx/CpuGeneric/Clock/Std/IfxClock.h ****  */
1890:../Libraries/iLLD/TC4xx/CpuGeneric/Clock/Std/IfxClock.h **** IFX_EXTERN uint32 IfxClock_getSpbFrequency(void);
1891:../Libraries/iLLD/TC4xx/CpuGeneric/Clock/Std/IfxClock.h **** 
1892:../Libraries/iLLD/TC4xx/CpuGeneric/Clock/Std/IfxClock.h **** /** \brief API to get SRI divider frequency.
1893:../Libraries/iLLD/TC4xx/CpuGeneric/Clock/Std/IfxClock.h ****  * This API returns the Sri frequency based on the divider values in CCUCON registers and fSOURCE.
1894:../Libraries/iLLD/TC4xx/CpuGeneric/Clock/Std/IfxClock.h ****  *
1895:../Libraries/iLLD/TC4xx/CpuGeneric/Clock/Std/IfxClock.h ****  * \retval uint32 Sri frequency (fSRI) in Hz. Range: 10000000 Hz to 500000000 Hz.
1896:../Libraries/iLLD/TC4xx/CpuGeneric/Clock/Std/IfxClock.h ****  */
1897:../Libraries/iLLD/TC4xx/CpuGeneric/Clock/Std/IfxClock.h **** IFX_EXTERN uint32 IfxClock_getSriFrequency(void);
1898:../Libraries/iLLD/TC4xx/CpuGeneric/Clock/Std/IfxClock.h **** 
1899:../Libraries/iLLD/TC4xx/CpuGeneric/Clock/Std/IfxClock.h **** #if IFXCLOCK_IS_EXTCLK_RCB_AVAILABLE
1900:../Libraries/iLLD/TC4xx/CpuGeneric/Clock/Std/IfxClock.h **** /** \brief API to get Rcb divider frequency.
1901:../Libraries/iLLD/TC4xx/CpuGeneric/Clock/Std/IfxClock.h ****  *  This API returns the Rcb frequency based on the divider values in CCUCON registers and fSOURCE.
1902:../Libraries/iLLD/TC4xx/CpuGeneric/Clock/Std/IfxClock.h ****  *
1903:../Libraries/iLLD/TC4xx/CpuGeneric/Clock/Std/IfxClock.h ****  * \retval uint32 Rcb frequency (fRCB) in Hz. Range: 10000000 Hz to 500000000 Hz.
1904:../Libraries/iLLD/TC4xx/CpuGeneric/Clock/Std/IfxClock.h ****  */
1905:../Libraries/iLLD/TC4xx/CpuGeneric/Clock/Std/IfxClock.h **** IFX_EXTERN uint32 IfxClock_getRcbFrequency(void);
1906:../Libraries/iLLD/TC4xx/CpuGeneric/Clock/Std/IfxClock.h **** #endif /* #if IFXCLOCK_IS_EXTCLK_RCB_AVAILABLE */
1907:../Libraries/iLLD/TC4xx/CpuGeneric/Clock/Std/IfxClock.h **** 
1908:../Libraries/iLLD/TC4xx/CpuGeneric/Clock/Std/IfxClock.h **** /** \brief get System source frequency fSOURCE.
1909:../Libraries/iLLD/TC4xx/CpuGeneric/Clock/Std/IfxClock.h ****  * This API returns the source frequency based on the configurations with CCUCON register configura
1910:../Libraries/iLLD/TC4xx/CpuGeneric/Clock/Std/IfxClock.h ****  *
1911:../Libraries/iLLD/TC4xx/CpuGeneric/Clock/Std/IfxClock.h ****  * \retval uint32 Effective fSOURCE in Hz. Range: 10000000 Hz to 500000000 Hz.
1912:../Libraries/iLLD/TC4xx/CpuGeneric/Clock/Std/IfxClock.h ****  */
1913:../Libraries/iLLD/TC4xx/CpuGeneric/Clock/Std/IfxClock.h **** IFX_EXTERN uint32 IfxClock_getSysSourceFrequency(void);
1914:../Libraries/iLLD/TC4xx/CpuGeneric/Clock/Std/IfxClock.h **** 
1915:../Libraries/iLLD/TC4xx/CpuGeneric/Clock/Std/IfxClock.h **** #if defined(IFX_CFG_CLOCK_PPUPLL_FREQUENCY)
1916:../Libraries/iLLD/TC4xx/CpuGeneric/Clock/Std/IfxClock.h **** /** \brief get System source frequency fSOURCEPPU.
1917:../Libraries/iLLD/TC4xx/CpuGeneric/Clock/Std/IfxClock.h ****  * This API returns the ppu source frequency based on the configurations with CCUCON register confi
1918:../Libraries/iLLD/TC4xx/CpuGeneric/Clock/Std/IfxClock.h ****  *
1919:../Libraries/iLLD/TC4xx/CpuGeneric/Clock/Std/IfxClock.h ****  * \retval uint32 Effective fSOURCEPPU in Hz. Range: 10000000 Hz to 500000000 Hz.
1920:../Libraries/iLLD/TC4xx/CpuGeneric/Clock/Std/IfxClock.h ****  */
1921:../Libraries/iLLD/TC4xx/CpuGeneric/Clock/Std/IfxClock.h **** IFX_EXTERN uint32 IfxClock_getPpuSourceFrequency(void);
1922:../Libraries/iLLD/TC4xx/CpuGeneric/Clock/Std/IfxClock.h **** #endif
1923:../Libraries/iLLD/TC4xx/CpuGeneric/Clock/Std/IfxClock.h **** 
1924:../Libraries/iLLD/TC4xx/CpuGeneric/Clock/Std/IfxClock.h **** /** \brief API to get TPB divider frequency.
1925:../Libraries/iLLD/TC4xx/CpuGeneric/Clock/Std/IfxClock.h ****  *
1926:../Libraries/iLLD/TC4xx/CpuGeneric/Clock/Std/IfxClock.h ****  * \retval uint32 TPB frequency (fSPB) in Hz. Range: 10000000 Hz to 500000000 Hz.
1927:../Libraries/iLLD/TC4xx/CpuGeneric/Clock/Std/IfxClock.h ****  */
1928:../Libraries/iLLD/TC4xx/CpuGeneric/Clock/Std/IfxClock.h **** IFX_EXTERN uint32 IfxClock_getTpbFrequency(void);
1929:../Libraries/iLLD/TC4xx/CpuGeneric/Clock/Std/IfxClock.h **** #if !defined(IFX_ILLD_PPU_USAGE)
1930:../Libraries/iLLD/TC4xx/CpuGeneric/Clock/Std/IfxClock.h **** /** \brief API to initialize the CLOCK Clock Control Unit.
1931:../Libraries/iLLD/TC4xx/CpuGeneric/Clock/Std/IfxClock.h ****  * This API initialize the Sys PLL with ramp steps, BUS dividers and Per PLL for the configuration 
1932:../Libraries/iLLD/TC4xx/CpuGeneric/Clock/Std/IfxClock.h ****  * Note: Following SMU alarms are disabled before the PLL configuration and Cleared at the end of P
1933:../Libraries/iLLD/TC4xx/CpuGeneric/Clock/Std/IfxClock.h ****  * System PLL input clock out of range
1934:../Libraries/iLLD/TC4xx/CpuGeneric/Clock/Std/IfxClock.h ****  * Per PLL input clock out of range
1935:../Libraries/iLLD/TC4xx/CpuGeneric/Clock/Std/IfxClock.h ****  * The application should store/restore these alarm configurations if required.
1936:../Libraries/iLLD/TC4xx/CpuGeneric/Clock/Std/IfxClock.h ****  * The K2 Divider Value in case of RAMP OSC enabled will be the Final K2 Divider Value
1937:../Libraries/iLLD/TC4xx/CpuGeneric/Clock/Std/IfxClock.h ****  * and in case RAMP OSC is disabled, the K2 Divider value will be the initial Step Value
1938:../Libraries/iLLD/TC4xx/CpuGeneric/Clock/Std/IfxClock.h ****  * Note: This API cannot be called from the PPU
1939:../Libraries/iLLD/TC4xx/CpuGeneric/Clock/Std/IfxClock.h ****  *
1940:../Libraries/iLLD/TC4xx/CpuGeneric/Clock/Std/IfxClock.h ****  * \param[in] config Pointer to the configuration structure of the Clock.
1941:../Libraries/iLLD/TC4xx/CpuGeneric/Clock/Std/IfxClock.h ****  *
1942:../Libraries/iLLD/TC4xx/CpuGeneric/Clock/Std/IfxClock.h ****  * \retval  TRUE: If an error occurred during initialization.
1943:../Libraries/iLLD/TC4xx/CpuGeneric/Clock/Std/IfxClock.h ****             FALSE: If initialization was successful.
1944:../Libraries/iLLD/TC4xx/CpuGeneric/Clock/Std/IfxClock.h ****  */
1945:../Libraries/iLLD/TC4xx/CpuGeneric/Clock/Std/IfxClock.h **** IFX_EXTERN boolean IfxClock_init(const IfxClock_Config *config);
1946:../Libraries/iLLD/TC4xx/CpuGeneric/Clock/Std/IfxClock.h **** 
1947:../Libraries/iLLD/TC4xx/CpuGeneric/Clock/Std/IfxClock.h **** /** \brief Initializes the clock configuration with default values.
1948:../Libraries/iLLD/TC4xx/CpuGeneric/Clock/Std/IfxClock.h ****  *
1949:../Libraries/iLLD/TC4xx/CpuGeneric/Clock/Std/IfxClock.h ****  * \param[inout] cfg Pointer to the configuration structure of the Clock.
1950:../Libraries/iLLD/TC4xx/CpuGeneric/Clock/Std/IfxClock.h ****  *
1951:../Libraries/iLLD/TC4xx/CpuGeneric/Clock/Std/IfxClock.h ****  * \retval None
1952:../Libraries/iLLD/TC4xx/CpuGeneric/Clock/Std/IfxClock.h ****  */
1953:../Libraries/iLLD/TC4xx/CpuGeneric/Clock/Std/IfxClock.h **** IFX_EXTERN void IfxClock_initConfig(IfxClock_Config *cfg);
1954:../Libraries/iLLD/TC4xx/CpuGeneric/Clock/Std/IfxClock.h **** #endif
1955:../Libraries/iLLD/TC4xx/CpuGeneric/Clock/Std/IfxClock.h **** 
1956:../Libraries/iLLD/TC4xx/CpuGeneric/Clock/Std/IfxClock.h **** /** \brief initialize the system pll modulation.
1957:../Libraries/iLLD/TC4xx/CpuGeneric/Clock/Std/IfxClock.h ****  *
1958:../Libraries/iLLD/TC4xx/CpuGeneric/Clock/Std/IfxClock.h ****  * \param[in] Mod_Cfg Modulation configuration.
1959:../Libraries/iLLD/TC4xx/CpuGeneric/Clock/Std/IfxClock.h ****  *
1960:../Libraries/iLLD/TC4xx/CpuGeneric/Clock/Std/IfxClock.h ****  * \retval None
1961:../Libraries/iLLD/TC4xx/CpuGeneric/Clock/Std/IfxClock.h ****  */
1962:../Libraries/iLLD/TC4xx/CpuGeneric/Clock/Std/IfxClock.h **** IFX_EXTERN void IfxClock_modulation_init(const IfxClock_Mod_Config *Mod_Cfg);
1963:../Libraries/iLLD/TC4xx/CpuGeneric/Clock/Std/IfxClock.h **** 
1964:../Libraries/iLLD/TC4xx/CpuGeneric/Clock/Std/IfxClock.h **** /** \brief API to set ASCLINF frequency (with ASCLINF divider).
1965:../Libraries/iLLD/TC4xx/CpuGeneric/Clock/Std/IfxClock.h ****  * This API configure ASCLINF divider values in CCUCON registers. The actual frequency always depen
1966:../Libraries/iLLD/TC4xx/CpuGeneric/Clock/Std/IfxClock.h ****  *
1967:../Libraries/iLLD/TC4xx/CpuGeneric/Clock/Std/IfxClock.h ****  * \param[in] asclinFFreq AsclinF frequency (fASCLINF) in Hz. Range: 10000000 Hz to 500000000 Hz.
1968:../Libraries/iLLD/TC4xx/CpuGeneric/Clock/Std/IfxClock.h ****  *
1969:../Libraries/iLLD/TC4xx/CpuGeneric/Clock/Std/IfxClock.h ****  * \retval uint32 Actual AsclinF frequency (fASCLINF) in Hz. Range: 10000000 Hz to 500000000 Hz.
1970:../Libraries/iLLD/TC4xx/CpuGeneric/Clock/Std/IfxClock.h ****  */
1971:../Libraries/iLLD/TC4xx/CpuGeneric/Clock/Std/IfxClock.h **** IFX_EXTERN uint32 IfxClock_setAsclinFFrequency(uint32 asclinFFreq);
1972:../Libraries/iLLD/TC4xx/CpuGeneric/Clock/Std/IfxClock.h **** 
1973:../Libraries/iLLD/TC4xx/CpuGeneric/Clock/Std/IfxClock.h **** /** \brief API to set ASCLINS frequency (with ASCLINS divider).
1974:../Libraries/iLLD/TC4xx/CpuGeneric/Clock/Std/IfxClock.h ****  * This API configure ASCLINS divider values in CCUCON registers. The actual frequency always depen
1975:../Libraries/iLLD/TC4xx/CpuGeneric/Clock/Std/IfxClock.h ****  *
1976:../Libraries/iLLD/TC4xx/CpuGeneric/Clock/Std/IfxClock.h ****  * \param[in] asclinSFreq Desired AscLinS frequency in Hz. Range: 10000000 Hz to 500000000 Hz.
1977:../Libraries/iLLD/TC4xx/CpuGeneric/Clock/Std/IfxClock.h ****  *
1978:../Libraries/iLLD/TC4xx/CpuGeneric/Clock/Std/IfxClock.h ****  * \retval uint32 Actual AsclinS frequency (fASCLINS) in Hz. Range: 10000000 Hz to 500000000 Hz.
1979:../Libraries/iLLD/TC4xx/CpuGeneric/Clock/Std/IfxClock.h ****  */
1980:../Libraries/iLLD/TC4xx/CpuGeneric/Clock/Std/IfxClock.h **** IFX_EXTERN uint32 IfxClock_setAsclinSFrequency(uint32 asclinSFreq);
1981:../Libraries/iLLD/TC4xx/CpuGeneric/Clock/Std/IfxClock.h **** 
1982:../Libraries/iLLD/TC4xx/CpuGeneric/Clock/Std/IfxClock.h **** #if IFXCLOCK_IS_EXTCLK_CPB_AVAILABLE
1983:../Libraries/iLLD/TC4xx/CpuGeneric/Clock/Std/IfxClock.h **** /** \brief API to set CPB frequency (with CPB divider).
1984:../Libraries/iLLD/TC4xx/CpuGeneric/Clock/Std/IfxClock.h ****  * This API configure SPB divider values in CCUCON registers. The actual frequency always depends o
1985:../Libraries/iLLD/TC4xx/CpuGeneric/Clock/Std/IfxClock.h ****  *
1986:../Libraries/iLLD/TC4xx/CpuGeneric/Clock/Std/IfxClock.h ****  * \param[in] cpbFreq Desired CPB frequency in Hz. Range: 10000000 Hz to 500000000 Hz.
1987:../Libraries/iLLD/TC4xx/CpuGeneric/Clock/Std/IfxClock.h ****  *
1988:../Libraries/iLLD/TC4xx/CpuGeneric/Clock/Std/IfxClock.h ****  * \retval uint32 Actual SPB frequency in Hz. Range: 10000000 Hz to 500000000 Hz.
1989:../Libraries/iLLD/TC4xx/CpuGeneric/Clock/Std/IfxClock.h ****  */
1990:../Libraries/iLLD/TC4xx/CpuGeneric/Clock/Std/IfxClock.h **** IFX_EXTERN uint32 IfxClock_setCpbFrequency(uint32 cpbFreq);
1991:../Libraries/iLLD/TC4xx/CpuGeneric/Clock/Std/IfxClock.h **** #endif /* #if IFXCLOCK_IS_EXTCLK_CPB_AVAILABLE */
1992:../Libraries/iLLD/TC4xx/CpuGeneric/Clock/Std/IfxClock.h **** 
1993:../Libraries/iLLD/TC4xx/CpuGeneric/Clock/Std/IfxClock.h **** #if IFXCLOCK_IS_EXTCLK_FSI2_AVAILABLE
1994:../Libraries/iLLD/TC4xx/CpuGeneric/Clock/Std/IfxClock.h **** /** \brief API to set FSI2 frequency (with FSI2 divider).
1995:../Libraries/iLLD/TC4xx/CpuGeneric/Clock/Std/IfxClock.h ****  * This API configure Fsi2 divider values in CCUCON registers. The actual frequency always depends 
1996:../Libraries/iLLD/TC4xx/CpuGeneric/Clock/Std/IfxClock.h ****  *
1997:../Libraries/iLLD/TC4xx/CpuGeneric/Clock/Std/IfxClock.h ****  * \param[in] fsi2Freq FSI2 frequency (fFSI) in Hz. Range: 10000000 Hz to 500000000 Hz.
1998:../Libraries/iLLD/TC4xx/CpuGeneric/Clock/Std/IfxClock.h ****  *
1999:../Libraries/iLLD/TC4xx/CpuGeneric/Clock/Std/IfxClock.h ****  * \retval uint32 Actual Fsi2 frequency (fFSI2) in Hz. Range: 10000000 Hz to 500000000 Hz.
2000:../Libraries/iLLD/TC4xx/CpuGeneric/Clock/Std/IfxClock.h ****  */
2001:../Libraries/iLLD/TC4xx/CpuGeneric/Clock/Std/IfxClock.h **** IFX_EXTERN uint32 IfxClock_setFsi2Frequency(uint32 fsi2Freq);
2002:../Libraries/iLLD/TC4xx/CpuGeneric/Clock/Std/IfxClock.h **** #endif /* #if IFXCLOCK_IS_EXTCLK_FSI2_AVAILABLE */
2003:../Libraries/iLLD/TC4xx/CpuGeneric/Clock/Std/IfxClock.h **** 
2004:../Libraries/iLLD/TC4xx/CpuGeneric/Clock/Std/IfxClock.h **** /** \brief API to set FSI frequency (with FSI divider).
2005:../Libraries/iLLD/TC4xx/CpuGeneric/Clock/Std/IfxClock.h ****  * This API configure Fsi divider values in CCUCON registers. The actual frequency always depends o
2006:../Libraries/iLLD/TC4xx/CpuGeneric/Clock/Std/IfxClock.h ****  *
2007:../Libraries/iLLD/TC4xx/CpuGeneric/Clock/Std/IfxClock.h ****  * \param[in] fsiFreq FSI frequency (fFSI) in Hz. Range: 10000000 Hz to 500000000 Hz.
2008:../Libraries/iLLD/TC4xx/CpuGeneric/Clock/Std/IfxClock.h ****  *
2009:../Libraries/iLLD/TC4xx/CpuGeneric/Clock/Std/IfxClock.h ****  * \retval uint32 Actual Fsi frequency (fFSI) in Hz. Range: 10000000 Hz to 500000000 Hz.
2010:../Libraries/iLLD/TC4xx/CpuGeneric/Clock/Std/IfxClock.h ****  */
2011:../Libraries/iLLD/TC4xx/CpuGeneric/Clock/Std/IfxClock.h **** IFX_EXTERN uint32 IfxClock_setFsiFrequency(uint32 fsiFreq);
2012:../Libraries/iLLD/TC4xx/CpuGeneric/Clock/Std/IfxClock.h **** 
2013:../Libraries/iLLD/TC4xx/CpuGeneric/Clock/Std/IfxClock.h **** #if IFXCLOCK_IS_EXTCLK_GTM_AVAILABLE
2014:../Libraries/iLLD/TC4xx/CpuGeneric/Clock/Std/IfxClock.h **** /** \brief API to set GTM frequency (with GTM divider).
2015:../Libraries/iLLD/TC4xx/CpuGeneric/Clock/Std/IfxClock.h ****  * This API configure GTM divider values in CCUCON registers. The actual frequency always depends o
2016:../Libraries/iLLD/TC4xx/CpuGeneric/Clock/Std/IfxClock.h ****  *
2017:../Libraries/iLLD/TC4xx/CpuGeneric/Clock/Std/IfxClock.h ****  * \param[in] gtmFreq Desired GTM frequency in Hz. Range: 10000000 Hz to 500000000 Hz.
2018:../Libraries/iLLD/TC4xx/CpuGeneric/Clock/Std/IfxClock.h ****  *
2019:../Libraries/iLLD/TC4xx/CpuGeneric/Clock/Std/IfxClock.h ****  * \retval uint32 Actual GTM frequency in HZ. Range: 10000000 Hz to 500000000 Hz.
2020:../Libraries/iLLD/TC4xx/CpuGeneric/Clock/Std/IfxClock.h ****  */
2021:../Libraries/iLLD/TC4xx/CpuGeneric/Clock/Std/IfxClock.h **** IFX_EXTERN uint32 IfxClock_setGtmFrequency(uint32 gtmFreq);
2022:../Libraries/iLLD/TC4xx/CpuGeneric/Clock/Std/IfxClock.h **** #endif
2023:../Libraries/iLLD/TC4xx/CpuGeneric/Clock/Std/IfxClock.h **** 
2024:../Libraries/iLLD/TC4xx/CpuGeneric/Clock/Std/IfxClock.h **** /** \brief API to set I2C frequency (with I2C divider).
2025:../Libraries/iLLD/TC4xx/CpuGeneric/Clock/Std/IfxClock.h ****  * This API configure adas divider values in CCUCON registers. The actual frequency always depends 
2026:../Libraries/iLLD/TC4xx/CpuGeneric/Clock/Std/IfxClock.h ****  *
2027:../Libraries/iLLD/TC4xx/CpuGeneric/Clock/Std/IfxClock.h ****  * \param[in] i2cFreq I2C frequency (fI2C) in Hz. Range: 10000000 Hz to 500000000 Hz.
2028:../Libraries/iLLD/TC4xx/CpuGeneric/Clock/Std/IfxClock.h ****  *
2029:../Libraries/iLLD/TC4xx/CpuGeneric/Clock/Std/IfxClock.h ****  * \retval uint32 Actual I2C frequency (fI2C) in Hz. Range: 10000000 Hz to 500000000 Hz.
2030:../Libraries/iLLD/TC4xx/CpuGeneric/Clock/Std/IfxClock.h ****  */
2031:../Libraries/iLLD/TC4xx/CpuGeneric/Clock/Std/IfxClock.h **** IFX_EXTERN uint32 IfxClock_setI2cFrequency(uint32 i2cFreq);
2032:../Libraries/iLLD/TC4xx/CpuGeneric/Clock/Std/IfxClock.h **** 
2033:../Libraries/iLLD/TC4xx/CpuGeneric/Clock/Std/IfxClock.h **** /** \brief API to set MCAN frequency (with MCAN divider).
2034:../Libraries/iLLD/TC4xx/CpuGeneric/Clock/Std/IfxClock.h ****  * This API configure MCAN divider values in CCUCON registers. The actual frequency always depends 
2035:../Libraries/iLLD/TC4xx/CpuGeneric/Clock/Std/IfxClock.h ****  *
2036:../Libraries/iLLD/TC4xx/CpuGeneric/Clock/Std/IfxClock.h ****  * \param[in] mcanFreq Desired MCAN frequency in Hz. Range: 10000000 Hz to 500000000 Hz.
2037:../Libraries/iLLD/TC4xx/CpuGeneric/Clock/Std/IfxClock.h ****  *
2038:../Libraries/iLLD/TC4xx/CpuGeneric/Clock/Std/IfxClock.h ****  * \retval uint32 Actual Mcan frequency (fMCAN) in Hz. Range: 10000000 Hz to 500000000 Hz.
2039:../Libraries/iLLD/TC4xx/CpuGeneric/Clock/Std/IfxClock.h ****  */
2040:../Libraries/iLLD/TC4xx/CpuGeneric/Clock/Std/IfxClock.h **** IFX_EXTERN uint32 IfxClock_setMcanFrequency(uint32 mcanFreq);
2041:../Libraries/iLLD/TC4xx/CpuGeneric/Clock/Std/IfxClock.h **** 
2042:../Libraries/iLLD/TC4xx/CpuGeneric/Clock/Std/IfxClock.h **** /** \brief API to set MCANH frequency (with MCANH divider).
2043:../Libraries/iLLD/TC4xx/CpuGeneric/Clock/Std/IfxClock.h ****  * This API configure mcanh divider values in CCUCON registers. The actual frequency always depends
2044:../Libraries/iLLD/TC4xx/CpuGeneric/Clock/Std/IfxClock.h ****  *
2045:../Libraries/iLLD/TC4xx/CpuGeneric/Clock/Std/IfxClock.h ****  * \param[in] mcanhFreq MCANH frequency (fMCANH) in Hz. Range: 10000000 Hz to 500000000 Hz.
2046:../Libraries/iLLD/TC4xx/CpuGeneric/Clock/Std/IfxClock.h ****  *
2047:../Libraries/iLLD/TC4xx/CpuGeneric/Clock/Std/IfxClock.h ****  * \retval uint32 Actual MCanh frequency (fMCANH) in Hz. Range: 10000000 Hz to 500000000 Hz.
2048:../Libraries/iLLD/TC4xx/CpuGeneric/Clock/Std/IfxClock.h ****  */
2049:../Libraries/iLLD/TC4xx/CpuGeneric/Clock/Std/IfxClock.h **** IFX_EXTERN uint32 IfxClock_setMcanhFrequency(uint32 mcanhFreq);
2050:../Libraries/iLLD/TC4xx/CpuGeneric/Clock/Std/IfxClock.h **** 
2051:../Libraries/iLLD/TC4xx/CpuGeneric/Clock/Std/IfxClock.h **** #if IFXCLOCK_IS_EXTCLK_MSC_AVAILABLE
2052:../Libraries/iLLD/TC4xx/CpuGeneric/Clock/Std/IfxClock.h **** /** \brief API to set MSC frequency (with MSC divider).
2053:../Libraries/iLLD/TC4xx/CpuGeneric/Clock/Std/IfxClock.h ****  * This API configure MSC divider values in CCUCON registers. The actual frequency always depends o
2054:../Libraries/iLLD/TC4xx/CpuGeneric/Clock/Std/IfxClock.h ****  *
2055:../Libraries/iLLD/TC4xx/CpuGeneric/Clock/Std/IfxClock.h ****  * \param[in] mscFreq Desired MSC frequency in Hz. Range: 10000000 Hz to 500000000 Hz.
2056:../Libraries/iLLD/TC4xx/CpuGeneric/Clock/Std/IfxClock.h ****  *
2057:../Libraries/iLLD/TC4xx/CpuGeneric/Clock/Std/IfxClock.h ****  * \retval uint32 Actual Msc frequency (fMSC) in Hz. Range: 10000000 Hz to 500000000 Hz.
2058:../Libraries/iLLD/TC4xx/CpuGeneric/Clock/Std/IfxClock.h ****  */
2059:../Libraries/iLLD/TC4xx/CpuGeneric/Clock/Std/IfxClock.h **** IFX_EXTERN uint32 IfxClock_setMscFrequency(uint32 mscFreq);
2060:../Libraries/iLLD/TC4xx/CpuGeneric/Clock/Std/IfxClock.h **** #endif /* #if IFXCLOCK_IS_EXTCLK_MSC_AVAILABLE */
2061:../Libraries/iLLD/TC4xx/CpuGeneric/Clock/Std/IfxClock.h **** 
2062:../Libraries/iLLD/TC4xx/CpuGeneric/Clock/Std/IfxClock.h **** /** \brief API to set QSPI frequency (with QSPI divider).
2063:../Libraries/iLLD/TC4xx/CpuGeneric/Clock/Std/IfxClock.h ****  * This API configure Qspi divider values in CCUCON registers. The actual frequency always depends 
2064:../Libraries/iLLD/TC4xx/CpuGeneric/Clock/Std/IfxClock.h ****  *
2065:../Libraries/iLLD/TC4xx/CpuGeneric/Clock/Std/IfxClock.h ****  * \param[in] qspiFreq Desired QSPI frequency in Hz. Range: 10000000 Hz to 500000000 Hz.
2066:../Libraries/iLLD/TC4xx/CpuGeneric/Clock/Std/IfxClock.h ****  *
2067:../Libraries/iLLD/TC4xx/CpuGeneric/Clock/Std/IfxClock.h ****  * \retval uint32 Actual Qspi frequency (fQspi) in Hz. Range: 10000000 Hz to 500000000 Hz.
2068:../Libraries/iLLD/TC4xx/CpuGeneric/Clock/Std/IfxClock.h ****  */
2069:../Libraries/iLLD/TC4xx/CpuGeneric/Clock/Std/IfxClock.h **** IFX_EXTERN uint32 IfxClock_setQspiFrequency(uint32 qspiFreq);
2070:../Libraries/iLLD/TC4xx/CpuGeneric/Clock/Std/IfxClock.h **** 
2071:../Libraries/iLLD/TC4xx/CpuGeneric/Clock/Std/IfxClock.h **** /** \brief API to set SPB frequency (with SPB divider).
2072:../Libraries/iLLD/TC4xx/CpuGeneric/Clock/Std/IfxClock.h ****  * This API configure SPB divider values in CCUCON registers. The actual frequency always depends o
2073:../Libraries/iLLD/TC4xx/CpuGeneric/Clock/Std/IfxClock.h ****  *
2074:../Libraries/iLLD/TC4xx/CpuGeneric/Clock/Std/IfxClock.h ****  * \param[in] spbFreq Desired SPB frequency in Hz. Range: 10000000 Hz to 500000000 Hz.
2075:../Libraries/iLLD/TC4xx/CpuGeneric/Clock/Std/IfxClock.h ****  *
2076:../Libraries/iLLD/TC4xx/CpuGeneric/Clock/Std/IfxClock.h ****  * \retval uint32 Actual SPB frequency in Hz. Range: 10000000 Hz to 500000000 Hz.
2077:../Libraries/iLLD/TC4xx/CpuGeneric/Clock/Std/IfxClock.h ****  */
2078:../Libraries/iLLD/TC4xx/CpuGeneric/Clock/Std/IfxClock.h **** IFX_EXTERN uint32 IfxClock_setSpbFrequency(uint32 spbFreq);
2079:../Libraries/iLLD/TC4xx/CpuGeneric/Clock/Std/IfxClock.h **** 
2080:../Libraries/iLLD/TC4xx/CpuGeneric/Clock/Std/IfxClock.h **** /** \brief API to set SRI frequency (with SRI divider).
2081:../Libraries/iLLD/TC4xx/CpuGeneric/Clock/Std/IfxClock.h ****  * This API configure Sri divider values in CCUCON registers. The actual frequency always depends o
2082:../Libraries/iLLD/TC4xx/CpuGeneric/Clock/Std/IfxClock.h ****  *
2083:../Libraries/iLLD/TC4xx/CpuGeneric/Clock/Std/IfxClock.h ****  * \param[in] sriFreq Sri frequency (fSRI) in Hz. Range: 10000000 Hz to 500000000 Hz.
2084:../Libraries/iLLD/TC4xx/CpuGeneric/Clock/Std/IfxClock.h ****  *
2085:../Libraries/iLLD/TC4xx/CpuGeneric/Clock/Std/IfxClock.h ****  * \retval uint32 Actual Sri frequency (fSRI) in Hz. Range: 10000000 Hz to 500000000 Hz.
2086:../Libraries/iLLD/TC4xx/CpuGeneric/Clock/Std/IfxClock.h ****  */
2087:../Libraries/iLLD/TC4xx/CpuGeneric/Clock/Std/IfxClock.h **** IFX_EXTERN uint32 IfxClock_setSriFrequency(uint32 sriFreq);
2088:../Libraries/iLLD/TC4xx/CpuGeneric/Clock/Std/IfxClock.h **** 
2089:../Libraries/iLLD/TC4xx/CpuGeneric/Clock/Std/IfxClock.h **** #if IFXCLOCK_IS_EXTCLK_RCB_AVAILABLE
2090:../Libraries/iLLD/TC4xx/CpuGeneric/Clock/Std/IfxClock.h **** /** \brief API to set RCB frequency (with RCB divider).
2091:../Libraries/iLLD/TC4xx/CpuGeneric/Clock/Std/IfxClock.h ****  * This API configure Rcb divider values in CCUCON registers. The actual frequency always depends o
2092:../Libraries/iLLD/TC4xx/CpuGeneric/Clock/Std/IfxClock.h ****  *
2093:../Libraries/iLLD/TC4xx/CpuGeneric/Clock/Std/IfxClock.h ****  * \param[in] rcbFreq Rcb frequency (fRCB) in Hz. Range: 10000000 Hz to 500000000 Hz.
2094:../Libraries/iLLD/TC4xx/CpuGeneric/Clock/Std/IfxClock.h ****  *
2095:../Libraries/iLLD/TC4xx/CpuGeneric/Clock/Std/IfxClock.h ****  * \retval uint32 Actual Rcb frequency (fRCB) in Hz. Range: 10000000 Hz to 500000000 Hz.
2096:../Libraries/iLLD/TC4xx/CpuGeneric/Clock/Std/IfxClock.h ****  */
2097:../Libraries/iLLD/TC4xx/CpuGeneric/Clock/Std/IfxClock.h **** IFX_EXTERN uint32 IfxClock_setRcbFrequency(uint32 rcbFreq);
2098:../Libraries/iLLD/TC4xx/CpuGeneric/Clock/Std/IfxClock.h **** #endif /* #if IFXCLOCK_IS_EXTCLK_RCB_AVAILABLE */
2099:../Libraries/iLLD/TC4xx/CpuGeneric/Clock/Std/IfxClock.h **** 
2100:../Libraries/iLLD/TC4xx/CpuGeneric/Clock/Std/IfxClock.h **** /** \brief API to set STM frequency (with STM divider).
2101:../Libraries/iLLD/TC4xx/CpuGeneric/Clock/Std/IfxClock.h ****  * This API configure Stm divider values in CCUCON registers. The actual frequency always depends o
2102:../Libraries/iLLD/TC4xx/CpuGeneric/Clock/Std/IfxClock.h ****  *
2103:../Libraries/iLLD/TC4xx/CpuGeneric/Clock/Std/IfxClock.h ****  * \param[in] stmFreq Stm frequency (fASCLINF) in Hz. Range: 10000000 Hz to 500000000 Hz.
2104:../Libraries/iLLD/TC4xx/CpuGeneric/Clock/Std/IfxClock.h ****  *
2105:../Libraries/iLLD/TC4xx/CpuGeneric/Clock/Std/IfxClock.h ****  * \retval uint32 Actual Stm frequency (fSTM) in Hz. Range: 10000000 Hz to 500000000 Hz.
2106:../Libraries/iLLD/TC4xx/CpuGeneric/Clock/Std/IfxClock.h ****  */
2107:../Libraries/iLLD/TC4xx/CpuGeneric/Clock/Std/IfxClock.h **** IFX_EXTERN uint32 IfxClock_setStmFrequency(uint32 stmFreq);
2108:../Libraries/iLLD/TC4xx/CpuGeneric/Clock/Std/IfxClock.h **** 
2109:../Libraries/iLLD/TC4xx/CpuGeneric/Clock/Std/IfxClock.h **** /** \brief API to set TPB frequency (with CPB divider).
2110:../Libraries/iLLD/TC4xx/CpuGeneric/Clock/Std/IfxClock.h ****  * This API configure TPB divider values in CCUCON registers. The actual frequency always depends o
2111:../Libraries/iLLD/TC4xx/CpuGeneric/Clock/Std/IfxClock.h ****  *
2112:../Libraries/iLLD/TC4xx/CpuGeneric/Clock/Std/IfxClock.h ****  * \param[in] tpbFreq Desired TPB frequency in Hz. Range: 10000000 Hz to 500000000 Hz.
2113:../Libraries/iLLD/TC4xx/CpuGeneric/Clock/Std/IfxClock.h ****  *
2114:../Libraries/iLLD/TC4xx/CpuGeneric/Clock/Std/IfxClock.h ****  * \retval uint32 Actual SPB frequency in Hz. Range: 10000000 Hz to 500000000 Hz.
2115:../Libraries/iLLD/TC4xx/CpuGeneric/Clock/Std/IfxClock.h ****  */
2116:../Libraries/iLLD/TC4xx/CpuGeneric/Clock/Std/IfxClock.h **** IFX_EXTERN uint32 IfxClock_setTpbFrequency(uint32 tpbFreq);
2117:../Libraries/iLLD/TC4xx/CpuGeneric/Clock/Std/IfxClock.h **** 
2118:../Libraries/iLLD/TC4xx/CpuGeneric/Clock/Std/IfxClock.h **** #if IFXCLOCK_IS_EXTCLK_GETH_AVAILABLE
2119:../Libraries/iLLD/TC4xx/CpuGeneric/Clock/Std/IfxClock.h **** /** \brief API to set GETH frequency (with GETH divider).
2120:../Libraries/iLLD/TC4xx/CpuGeneric/Clock/Std/IfxClock.h ****  * This API configure geth divider values in CCUCON registers. The actual frequency always depends 
2121:../Libraries/iLLD/TC4xx/CpuGeneric/Clock/Std/IfxClock.h ****  *
2122:../Libraries/iLLD/TC4xx/CpuGeneric/Clock/Std/IfxClock.h ****  * \param[in] gethFreq GETH frequency (fGETH) in Hz. Range: 10000000 Hz to 500000000 Hz.
2123:../Libraries/iLLD/TC4xx/CpuGeneric/Clock/Std/IfxClock.h ****  *
2124:../Libraries/iLLD/TC4xx/CpuGeneric/Clock/Std/IfxClock.h ****  * \retval uint32 Actual Geth frequency (fGETH) in Hz. Range: 10000000 Hz to 500000000 Hz.
2125:../Libraries/iLLD/TC4xx/CpuGeneric/Clock/Std/IfxClock.h ****  */
2126:../Libraries/iLLD/TC4xx/CpuGeneric/Clock/Std/IfxClock.h **** IFX_EXTERN uint32 IfxClock_setXGeth0Frequency(uint32 gethFreq);
2127:../Libraries/iLLD/TC4xx/CpuGeneric/Clock/Std/IfxClock.h **** #endif
2128:../Libraries/iLLD/TC4xx/CpuGeneric/Clock/Std/IfxClock.h **** 
2129:../Libraries/iLLD/TC4xx/CpuGeneric/Clock/Std/IfxClock.h **** /** \brief API to set GTM frequency (with GTM divider).
2130:../Libraries/iLLD/TC4xx/CpuGeneric/Clock/Std/IfxClock.h ****  * This API configure GTM divider values in CCUCON registers. The actual frequency always depends o
2131:../Libraries/iLLD/TC4xx/CpuGeneric/Clock/Std/IfxClock.h ****  *
2132:../Libraries/iLLD/TC4xx/CpuGeneric/Clock/Std/IfxClock.h ****  * \param[in] eGtmFreq Desired eGTM frequency in Hz. Range: 10000000 Hz to 500000000 Hz.
2133:../Libraries/iLLD/TC4xx/CpuGeneric/Clock/Std/IfxClock.h ****  *
2134:../Libraries/iLLD/TC4xx/CpuGeneric/Clock/Std/IfxClock.h ****  * \retval uint32 Actual GTM frequency in HZ. Range: 10000000 Hz to 500000000 Hz.
2135:../Libraries/iLLD/TC4xx/CpuGeneric/Clock/Std/IfxClock.h ****  */
2136:../Libraries/iLLD/TC4xx/CpuGeneric/Clock/Std/IfxClock.h **** IFX_EXTERN uint32 IfxClock_seteGtmFrequency(uint32 eGtmFreq);
2137:../Libraries/iLLD/TC4xx/CpuGeneric/Clock/Std/IfxClock.h **** 
2138:../Libraries/iLLD/TC4xx/CpuGeneric/Clock/Std/IfxClock.h **** /** \brief API to set XSPI frequency.
2139:../Libraries/iLLD/TC4xx/CpuGeneric/Clock/Std/IfxClock.h ****  *  This API configures K4 divider values in PERPLLCON1 registers. The actual frequency always depe
2140:../Libraries/iLLD/TC4xx/CpuGeneric/Clock/Std/IfxClock.h ****  *
2141:../Libraries/iLLD/TC4xx/CpuGeneric/Clock/Std/IfxClock.h ****  * \param[in] xSpiFreq Desired XSPI frequency in Hz. Range: 10000000 Hz to 500000000 Hz.
2142:../Libraries/iLLD/TC4xx/CpuGeneric/Clock/Std/IfxClock.h ****  *
2143:../Libraries/iLLD/TC4xx/CpuGeneric/Clock/Std/IfxClock.h ****  * \retval uint32 Actual XSPI frequency in HZ. Range: 10000000 Hz to 500000000 Hz.
2144:../Libraries/iLLD/TC4xx/CpuGeneric/Clock/Std/IfxClock.h ****  */
2145:../Libraries/iLLD/TC4xx/CpuGeneric/Clock/Std/IfxClock.h **** IFX_EXTERN uint32 IfxClock_setXspiFrequency(uint32 xSpiFreq);
2146:../Libraries/iLLD/TC4xx/CpuGeneric/Clock/Std/IfxClock.h **** 
2147:../Libraries/iLLD/TC4xx/CpuGeneric/Clock/Std/IfxClock.h **** /** \brief API to init the PLL3 values.
2148:../Libraries/iLLD/TC4xx/CpuGeneric/Clock/Std/IfxClock.h ****  *  This API configure xSpi divider values in PERPLLCON1 registers. The actual frequency always dep
2149:../Libraries/iLLD/TC4xx/CpuGeneric/Clock/Std/IfxClock.h ****  *
2150:../Libraries/iLLD/TC4xx/CpuGeneric/Clock/Std/IfxClock.h ****  * \param[in] k4Div    Desired k4Div value. Range: \ref IfxClock_K4divider.
2151:../Libraries/iLLD/TC4xx/CpuGeneric/Clock/Std/IfxClock.h ****  * \param[in] k4PreDiv Desired k4PreDiv value. Range: \ref IfxClock_K4PreDivider.
2152:../Libraries/iLLD/TC4xx/CpuGeneric/Clock/Std/IfxClock.h ****  *
2153:../Libraries/iLLD/TC4xx/CpuGeneric/Clock/Std/IfxClock.h ****  * \retval uint32 Actual xSpi frequency in HZ. Range: 10000000 Hz to 500000000 Hz.
2154:../Libraries/iLLD/TC4xx/CpuGeneric/Clock/Std/IfxClock.h ****  *
2155:../Libraries/iLLD/TC4xx/CpuGeneric/Clock/Std/IfxClock.h ****  */
2156:../Libraries/iLLD/TC4xx/CpuGeneric/Clock/Std/IfxClock.h **** IFX_EXTERN uint32 IfxClock_initPll3Dividers(IfxClock_K4divider k4Div, IfxClock_K4PreDivider k4PreDi
2157:../Libraries/iLLD/TC4xx/CpuGeneric/Clock/Std/IfxClock.h **** 
2158:../Libraries/iLLD/TC4xx/CpuGeneric/Clock/Std/IfxClock.h **** /** \brief API to switch to Backup clock from the current PLL frequency.
2159:../Libraries/iLLD/TC4xx/CpuGeneric/Clock/Std/IfxClock.h ****  *
2160:../Libraries/iLLD/TC4xx/CpuGeneric/Clock/Std/IfxClock.h ****  * \param[in] cfg Pointer to the configuration structure of the Clock.
2161:../Libraries/iLLD/TC4xx/CpuGeneric/Clock/Std/IfxClock.h ****  *
2162:../Libraries/iLLD/TC4xx/CpuGeneric/Clock/Std/IfxClock.h ****  * \retval None
2163:../Libraries/iLLD/TC4xx/CpuGeneric/Clock/Std/IfxClock.h ****  */
2164:../Libraries/iLLD/TC4xx/CpuGeneric/Clock/Std/IfxClock.h **** IFX_EXTERN boolean IfxClock_switchToBackupClock(const IfxClock_Config *cfg);
2165:../Libraries/iLLD/TC4xx/CpuGeneric/Clock/Std/IfxClock.h **** 
2166:../Libraries/iLLD/TC4xx/CpuGeneric/Clock/Std/IfxClock.h **** /** \brief Configures access to all masters to the Clock in the device.
2167:../Libraries/iLLD/TC4xx/CpuGeneric/Clock/Std/IfxClock.h ****  *
2168:../Libraries/iLLD/TC4xx/CpuGeneric/Clock/Std/IfxClock.h ****  * \param[in] apConfig pointer to configuration structure.
2169:../Libraries/iLLD/TC4xx/CpuGeneric/Clock/Std/IfxClock.h ****  *
2170:../Libraries/iLLD/TC4xx/CpuGeneric/Clock/Std/IfxClock.h ****  * \retval None
2171:../Libraries/iLLD/TC4xx/CpuGeneric/Clock/Std/IfxClock.h ****  */
2172:../Libraries/iLLD/TC4xx/CpuGeneric/Clock/Std/IfxClock.h **** IFX_EXTERN void IfxClock_configureAccessToClock(IfxApApu_ApuConfig *apConfig);
2173:../Libraries/iLLD/TC4xx/CpuGeneric/Clock/Std/IfxClock.h **** 
2174:../Libraries/iLLD/TC4xx/CpuGeneric/Clock/Std/IfxClock.h **** /** \brief API to get CANXL divider frequency.
2175:../Libraries/iLLD/TC4xx/CpuGeneric/Clock/Std/IfxClock.h ****  * This API returns the based on the divider value in CCUCON register and fSOURCE.
2176:../Libraries/iLLD/TC4xx/CpuGeneric/Clock/Std/IfxClock.h ****  *
2177:../Libraries/iLLD/TC4xx/CpuGeneric/Clock/Std/IfxClock.h ****  * \retval uint32 CANXL frequency (fCANXL) in Hz. Range: 10000000 Hz to 500000000 Hz.
2178:../Libraries/iLLD/TC4xx/CpuGeneric/Clock/Std/IfxClock.h ****  */
2179:../Libraries/iLLD/TC4xx/CpuGeneric/Clock/Std/IfxClock.h **** IFX_EXTERN uint32 IfxClock_getCanXLFrequency(void);
2180:../Libraries/iLLD/TC4xx/CpuGeneric/Clock/Std/IfxClock.h **** 
2181:../Libraries/iLLD/TC4xx/CpuGeneric/Clock/Std/IfxClock.h **** /** \brief API to set CANXL frequency (with CANXL divider).
2182:../Libraries/iLLD/TC4xx/CpuGeneric/Clock/Std/IfxClock.h ****  * This API configure CANXL divider values in CCUCON registers. The actual frequency always depends
2183:../Libraries/iLLD/TC4xx/CpuGeneric/Clock/Std/IfxClock.h ****  *
2184:../Libraries/iLLD/TC4xx/CpuGeneric/Clock/Std/IfxClock.h ****  * \param[in] canXLFreq Desired CANXL frequency in Hz. Range: 10000000 Hz to 500000000 Hz.
2185:../Libraries/iLLD/TC4xx/CpuGeneric/Clock/Std/IfxClock.h ****  *
2186:../Libraries/iLLD/TC4xx/CpuGeneric/Clock/Std/IfxClock.h ****  * \retval uint32 Actual Mcan frequency (fMCAN) in Hz. Range: 10000000 Hz to 500000000 Hz.
2187:../Libraries/iLLD/TC4xx/CpuGeneric/Clock/Std/IfxClock.h ****  */
2188:../Libraries/iLLD/TC4xx/CpuGeneric/Clock/Std/IfxClock.h **** IFX_EXTERN uint32 IfxClock_setCanXLFrequency(uint32 canXLFreq);
2189:../Libraries/iLLD/TC4xx/CpuGeneric/Clock/Std/IfxClock.h **** 
2190:../Libraries/iLLD/TC4xx/CpuGeneric/Clock/Std/IfxClock.h **** /** \brief API to set CANXLH frequency (with CANXLH divider).
2191:../Libraries/iLLD/TC4xx/CpuGeneric/Clock/Std/IfxClock.h ****  * This API configure CANXLH divider values in CCUCON registers. The actual frequency always depend
2192:../Libraries/iLLD/TC4xx/CpuGeneric/Clock/Std/IfxClock.h ****  *
2193:../Libraries/iLLD/TC4xx/CpuGeneric/Clock/Std/IfxClock.h ****  * \param[in] canXlhFreq CANXLH frequency (fCANXLH) in Hz. Range: 10000000 Hz to 500000000 Hz.
2194:../Libraries/iLLD/TC4xx/CpuGeneric/Clock/Std/IfxClock.h ****  *
2195:../Libraries/iLLD/TC4xx/CpuGeneric/Clock/Std/IfxClock.h ****  * \retval uint32 Actual CANXLH frequency (fCANXLH) in Hz. Range: 10000000 Hz to 500000000 Hz.
2196:../Libraries/iLLD/TC4xx/CpuGeneric/Clock/Std/IfxClock.h ****  */
2197:../Libraries/iLLD/TC4xx/CpuGeneric/Clock/Std/IfxClock.h **** IFX_EXTERN uint32 IfxClock_setCanXLhFrequency(uint32 canXlhFreq);
2198:../Libraries/iLLD/TC4xx/CpuGeneric/Clock/Std/IfxClock.h **** 
2199:../Libraries/iLLD/TC4xx/CpuGeneric/Clock/Std/IfxClock.h **** /** \brief API to set LETH frequency (with LETH divider)
2200:../Libraries/iLLD/TC4xx/CpuGeneric/Clock/Std/IfxClock.h ****  * This API configure leth divider values in CCUCON registers. The actual frequency always depends 
2201:../Libraries/iLLD/TC4xx/CpuGeneric/Clock/Std/IfxClock.h ****  *
2202:../Libraries/iLLD/TC4xx/CpuGeneric/Clock/Std/IfxClock.h ****  * \param[in] lethFreq LETH frequency (fLETH) in Hz. Range: 10000000 Hz to 500000000 Hz.
2203:../Libraries/iLLD/TC4xx/CpuGeneric/Clock/Std/IfxClock.h ****  *
2204:../Libraries/iLLD/TC4xx/CpuGeneric/Clock/Std/IfxClock.h ****  * \retval uint32 Actual Leth frequency (fLETH) in Hz. Range: 10000000 Hz to 500000000 Hz.
2205:../Libraries/iLLD/TC4xx/CpuGeneric/Clock/Std/IfxClock.h ****  */
2206:../Libraries/iLLD/TC4xx/CpuGeneric/Clock/Std/IfxClock.h **** IFX_EXTERN uint32 IfxClock_setLethFrequency(uint32 lethFreq);
2207:../Libraries/iLLD/TC4xx/CpuGeneric/Clock/Std/IfxClock.h **** 
2208:../Libraries/iLLD/TC4xx/CpuGeneric/Clock/Std/IfxClock.h **** /** \brief Configure the external clock output 0.
2209:../Libraries/iLLD/TC4xx/CpuGeneric/Clock/Std/IfxClock.h ****  *
2210:../Libraries/iLLD/TC4xx/CpuGeneric/Clock/Std/IfxClock.h ****  * \param[in] Clk_Sel Select the output clock line. Range: \ref IfxClock_ClkSel0.
2211:../Libraries/iLLD/TC4xx/CpuGeneric/Clock/Std/IfxClock.h ****  * \param[in] freqHz  Frequency in Hz for in case of Clk_Sel = IfxClock_ClkSel0_fFRAC. Range: 10000
2212:../Libraries/iLLD/TC4xx/CpuGeneric/Clock/Std/IfxClock.h ****  * \param[in] mode    Select the divider mode. Range: \ref IfxClock_Clk0Mode.
2213:../Libraries/iLLD/TC4xx/CpuGeneric/Clock/Std/IfxClock.h ****  *
2214:../Libraries/iLLD/TC4xx/CpuGeneric/Clock/Std/IfxClock.h ****  * \retval None
2215:../Libraries/iLLD/TC4xx/CpuGeneric/Clock/Std/IfxClock.h ****  */
2216:../Libraries/iLLD/TC4xx/CpuGeneric/Clock/Std/IfxClock.h **** IFX_EXTERN void IfxClock_enableExtClockOut0(IfxClock_ClkSel0 Clk_Sel, const uint32 freqHz, IfxClock
2217:../Libraries/iLLD/TC4xx/CpuGeneric/Clock/Std/IfxClock.h **** 
2218:../Libraries/iLLD/TC4xx/CpuGeneric/Clock/Std/IfxClock.h **** /** \brief Configure the external clock output 1.
2219:../Libraries/iLLD/TC4xx/CpuGeneric/Clock/Std/IfxClock.h ****  *
2220:../Libraries/iLLD/TC4xx/CpuGeneric/Clock/Std/IfxClock.h ****  * \param[in] Clk_Sel Select the output clock line. Range: \ref IfxClock_ClkSel1.
2221:../Libraries/iLLD/TC4xx/CpuGeneric/Clock/Std/IfxClock.h ****  * \param[in] freqHz  Frequency in Hz for in case of Clk_Sel = IfxClock_ClkSel1_fDIV1. Range: 10000
2222:../Libraries/iLLD/TC4xx/CpuGeneric/Clock/Std/IfxClock.h ****  * \param[in] sel     Output clock line negation selection. Range: \ref IfxClock_Clk1Negation.
2223:../Libraries/iLLD/TC4xx/CpuGeneric/Clock/Std/IfxClock.h ****  *
2224:../Libraries/iLLD/TC4xx/CpuGeneric/Clock/Std/IfxClock.h ****  * \retval None
2225:../Libraries/iLLD/TC4xx/CpuGeneric/Clock/Std/IfxClock.h ****  */
2226:../Libraries/iLLD/TC4xx/CpuGeneric/Clock/Std/IfxClock.h **** IFX_EXTERN void IfxClock_enableExtClockOut1(IfxClock_ClkSel1 Clk_Sel, const uint32 freqHz, IfxClock
2227:../Libraries/iLLD/TC4xx/CpuGeneric/Clock/Std/IfxClock.h **** 
2228:../Libraries/iLLD/TC4xx/CpuGeneric/Clock/Std/IfxClock.h **** /** \brief Get the configured frequency for external clock output 0.
2229:../Libraries/iLLD/TC4xx/CpuGeneric/Clock/Std/IfxClock.h ****  *
2230:../Libraries/iLLD/TC4xx/CpuGeneric/Clock/Std/IfxClock.h ****  * \retval uint32 Frequency in Hz. Range: 10000000 Hz to 500000000 Hz.
2231:../Libraries/iLLD/TC4xx/CpuGeneric/Clock/Std/IfxClock.h ****  */
2232:../Libraries/iLLD/TC4xx/CpuGeneric/Clock/Std/IfxClock.h **** IFX_EXTERN uint32 IfxClock_getExtClock0Frequency(void);
2233:../Libraries/iLLD/TC4xx/CpuGeneric/Clock/Std/IfxClock.h **** 
2234:../Libraries/iLLD/TC4xx/CpuGeneric/Clock/Std/IfxClock.h **** /** \brief Get the configured frequency for external clock output 1.
2235:../Libraries/iLLD/TC4xx/CpuGeneric/Clock/Std/IfxClock.h ****  *
2236:../Libraries/iLLD/TC4xx/CpuGeneric/Clock/Std/IfxClock.h ****  * \retval uint32 Frequency in Hz. Range: 10000000 Hz to 500000000 Hz.
2237:../Libraries/iLLD/TC4xx/CpuGeneric/Clock/Std/IfxClock.h ****  */
2238:../Libraries/iLLD/TC4xx/CpuGeneric/Clock/Std/IfxClock.h **** IFX_EXTERN uint32 IfxClock_getExtClock1Frequency(void);
2239:../Libraries/iLLD/TC4xx/CpuGeneric/Clock/Std/IfxClock.h **** 
2240:../Libraries/iLLD/TC4xx/CpuGeneric/Clock/Std/IfxClock.h **** #if defined(DEVICE_TC49XN) || defined(DEVICE_TC49XNAA) || defined(DEVICE_TC46X) || defined(DEVICE_T
2241:../Libraries/iLLD/TC4xx/CpuGeneric/Clock/Std/IfxClock.h **** /** \brief This API returns the Ppu frequency.
2242:../Libraries/iLLD/TC4xx/CpuGeneric/Clock/Std/IfxClock.h ****  *
2243:../Libraries/iLLD/TC4xx/CpuGeneric/Clock/Std/IfxClock.h ****  * \retval uint32 PPU frequency in Hz. Range: 10000000 Hz to 500000000 Hz.
2244:../Libraries/iLLD/TC4xx/CpuGeneric/Clock/Std/IfxClock.h ****  */
2245:../Libraries/iLLD/TC4xx/CpuGeneric/Clock/Std/IfxClock.h **** IFX_EXTERN uint32 IfxClock_getPpuFrequency(void);
2246:../Libraries/iLLD/TC4xx/CpuGeneric/Clock/Std/IfxClock.h **** #endif /* #if defined(DEVICE_TC49XN) || defined(DEVICE_TC49XNAA) || defined(DEVICE_TC46X) || define
2247:../Libraries/iLLD/TC4xx/CpuGeneric/Clock/Std/IfxClock.h **** 
2248:../Libraries/iLLD/TC4xx/CpuGeneric/Clock/Std/IfxClock.h **** /** \brief Configure the Ramp oscillator (RAMPCON UFL) for the desired Sys PLL frequency and enable
2249:../Libraries/iLLD/TC4xx/CpuGeneric/Clock/Std/IfxClock.h ****  * NOTE: It is user responsibility to provide valid rampFreq based on rampSeqCmd.
2250:../Libraries/iLLD/TC4xx/CpuGeneric/Clock/Std/IfxClock.h ****  *
2251:../Libraries/iLLD/TC4xx/CpuGeneric/Clock/Std/IfxClock.h ****  * \param[in] rampFreq   Configure the ramp frequency. Range: 0 to 0x3FF.
2252:../Libraries/iLLD/TC4xx/CpuGeneric/Clock/Std/IfxClock.h ****  * \param[in] rampSeqCmd Ramp sequence command. Range: \ref IfxClock_RampSeqCmd.
2253:../Libraries/iLLD/TC4xx/CpuGeneric/Clock/Std/IfxClock.h ****  *
2254:../Libraries/iLLD/TC4xx/CpuGeneric/Clock/Std/IfxClock.h ****  * \retval Ramp configuration status.
2255:../Libraries/iLLD/TC4xx/CpuGeneric/Clock/Std/IfxClock.h ****  */
2256:../Libraries/iLLD/TC4xx/CpuGeneric/Clock/Std/IfxClock.h **** IFX_EXTERN boolean IfxClock_configureRampOscillator(uint32 rampFreq, IfxClock_RampSeqCmd rampSeqCmd
2257:../Libraries/iLLD/TC4xx/CpuGeneric/Clock/Std/IfxClock.h **** 
2258:../Libraries/iLLD/TC4xx/CpuGeneric/Clock/Std/IfxClock.h **** /** \brief Initialize peripheral pll modulation.
2259:../Libraries/iLLD/TC4xx/CpuGeneric/Clock/Std/IfxClock.h ****  *
2260:../Libraries/iLLD/TC4xx/CpuGeneric/Clock/Std/IfxClock.h ****  * \param[in] Mod_Cfg modulation configuration.
2261:../Libraries/iLLD/TC4xx/CpuGeneric/Clock/Std/IfxClock.h ****  *
2262:../Libraries/iLLD/TC4xx/CpuGeneric/Clock/Std/IfxClock.h ****  * \retval None
2263:../Libraries/iLLD/TC4xx/CpuGeneric/Clock/Std/IfxClock.h ****  */
2264:../Libraries/iLLD/TC4xx/CpuGeneric/Clock/Std/IfxClock.h **** IFX_EXTERN void IfxClock_perPllModulation_init(const IfxClock_perPllMod_Config *Mod_Cfg);
2265:../Libraries/iLLD/TC4xx/CpuGeneric/Clock/Std/IfxClock.h **** 
2266:../Libraries/iLLD/TC4xx/CpuGeneric/Clock/Std/IfxClock.h **** #if IFXCLOCK_IS_EXTCLK_XSPISL_AVAILABLE
2267:../Libraries/iLLD/TC4xx/CpuGeneric/Clock/Std/IfxClock.h **** /** \brief API to set xSPISL  frequency.
2268:../Libraries/iLLD/TC4xx/CpuGeneric/Clock/Std/IfxClock.h ****  *
2269:../Libraries/iLLD/TC4xx/CpuGeneric/Clock/Std/IfxClock.h ****  * \param[in] xspislFreq xSPISL (slow) frequency (fxSPISL) in Hz. Range: 10000000 Hz to 500000000 H
2270:../Libraries/iLLD/TC4xx/CpuGeneric/Clock/Std/IfxClock.h ****  *
2271:../Libraries/iLLD/TC4xx/CpuGeneric/Clock/Std/IfxClock.h ****  * \retval uint32 Actual xSPISL frequency (fxSPISL) in Hz.IfxClock_RampSeqCmd. Range: 10000000 Hz t
2272:../Libraries/iLLD/TC4xx/CpuGeneric/Clock/Std/IfxClock.h ****  */
2273:../Libraries/iLLD/TC4xx/CpuGeneric/Clock/Std/IfxClock.h **** IFX_EXTERN uint32 IfxClock_setXspislFrequency(uint32 xspislFreq);
2274:../Libraries/iLLD/TC4xx/CpuGeneric/Clock/Std/IfxClock.h **** #endif /* #if IFXCLOCK_IS_EXTCLK_XSPISL_AVAILABLE */
2275:../Libraries/iLLD/TC4xx/CpuGeneric/Clock/Std/IfxClock.h **** 
2276:../Libraries/iLLD/TC4xx/CpuGeneric/Clock/Std/IfxClock.h **** #if defined(IFX_CFG_CLOCK_APLL_FREQUENCY)
2277:../Libraries/iLLD/TC4xx/CpuGeneric/Clock/Std/IfxClock.h **** /** \brief This function calculates the APLLCON2 register value for the target Audio frequency.
2278:../Libraries/iLLD/TC4xx/CpuGeneric/Clock/Std/IfxClock.h ****  *
2279:../Libraries/iLLD/TC4xx/CpuGeneric/Clock/Std/IfxClock.h ****  * \param[in] targetFrequency Target audio frequency.
2280:../Libraries/iLLD/TC4xx/CpuGeneric/Clock/Std/IfxClock.h ****  *
2281:../Libraries/iLLD/TC4xx/CpuGeneric/Clock/Std/IfxClock.h ****  * \retval uint32 Returns the calculated APLLCON2 register value. Range: 10000000 Hz to 500000000 H
2282:../Libraries/iLLD/TC4xx/CpuGeneric/Clock/Std/IfxClock.h ****  */
2283:../Libraries/iLLD/TC4xx/CpuGeneric/Clock/Std/IfxClock.h **** IFX_EXTERN uint32 IfxClock_computeApllNDivRegVal(float32 targetFrequency);
2284:../Libraries/iLLD/TC4xx/CpuGeneric/Clock/Std/IfxClock.h **** #endif /* #if defined(IFX_CFG_CLOCK_APLL_FREQUENCY) */
2285:../Libraries/iLLD/TC4xx/CpuGeneric/Clock/Std/IfxClock.h **** 
2286:../Libraries/iLLD/TC4xx/CpuGeneric/Clock/Std/IfxClock.h **** #if IFXCLOCK_IS_EXTCLK_AUDIO_AVAILABLE
2287:../Libraries/iLLD/TC4xx/CpuGeneric/Clock/Std/IfxClock.h **** /** \brief This function will compare the target NDIV value with current NDIV value and performs th
2288:../Libraries/iLLD/TC4xx/CpuGeneric/Clock/Std/IfxClock.h ****  *
2289:../Libraries/iLLD/TC4xx/CpuGeneric/Clock/Std/IfxClock.h ****  * \param[in] nDiv contains the APLLCON2 register value for target frequency. Range: 0 to 0xFFFFFFF
2290:../Libraries/iLLD/TC4xx/CpuGeneric/Clock/Std/IfxClock.h ****  *
2291:../Libraries/iLLD/TC4xx/CpuGeneric/Clock/Std/IfxClock.h ****  * \retval uint8 Returns timeout error if the operation is not successful. Range: 0 or 1.
2292:../Libraries/iLLD/TC4xx/CpuGeneric/Clock/Std/IfxClock.h ****  */
2293:../Libraries/iLLD/TC4xx/CpuGeneric/Clock/Std/IfxClock.h **** IFX_EXTERN uint8 IfxClock_audioFreqTuning(uint32 nDiv);
2294:../Libraries/iLLD/TC4xx/CpuGeneric/Clock/Std/IfxClock.h **** 
2295:../Libraries/iLLD/TC4xx/CpuGeneric/Clock/Std/IfxClock.h **** /** \brief This function calculates the current APLL frequency value by reading APLLCON2 register v
2296:../Libraries/iLLD/TC4xx/CpuGeneric/Clock/Std/IfxClock.h **** 
2297:../Libraries/iLLD/TC4xx/CpuGeneric/Clock/Std/IfxClock.h ****  * \param[in] nDivRegValue nDivRegValue. Range: 0 to 0xFFFFFFFF.
2298:../Libraries/iLLD/TC4xx/CpuGeneric/Clock/Std/IfxClock.h ****  
2299:../Libraries/iLLD/TC4xx/CpuGeneric/Clock/Std/IfxClock.h ****  * \retval returns the calculated current APLL output frequency value.
2300:../Libraries/iLLD/TC4xx/CpuGeneric/Clock/Std/IfxClock.h ****  */
2301:../Libraries/iLLD/TC4xx/CpuGeneric/Clock/Std/IfxClock.h **** IFX_EXTERN float32 IfxClock_computeApllFreqFromNDivRegVal(uint32 nDivRegValue);
2302:../Libraries/iLLD/TC4xx/CpuGeneric/Clock/Std/IfxClock.h **** 
2303:../Libraries/iLLD/TC4xx/CpuGeneric/Clock/Std/IfxClock.h **** /** \brief API to disable the APLL.
2304:../Libraries/iLLD/TC4xx/CpuGeneric/Clock/Std/IfxClock.h ****  * This API will power off the Audio PLL.
2305:../Libraries/iLLD/TC4xx/CpuGeneric/Clock/Std/IfxClock.h ****  *
2306:../Libraries/iLLD/TC4xx/CpuGeneric/Clock/Std/IfxClock.h ****  * \retval TRUE: Operation successful, FALSE: Operation Failure.
2307:../Libraries/iLLD/TC4xx/CpuGeneric/Clock/Std/IfxClock.h ****  */
2308:../Libraries/iLLD/TC4xx/CpuGeneric/Clock/Std/IfxClock.h **** IFX_EXTERN boolean IfxClock_disableAudioPll(void);
2309:../Libraries/iLLD/TC4xx/CpuGeneric/Clock/Std/IfxClock.h **** 
2310:../Libraries/iLLD/TC4xx/CpuGeneric/Clock/Std/IfxClock.h **** /** \brief This function configures the Ccu APLL's initial step.
2311:../Libraries/iLLD/TC4xx/CpuGeneric/Clock/Std/IfxClock.h ****  *
2312:../Libraries/iLLD/TC4xx/CpuGeneric/Clock/Std/IfxClock.h ****  * \param[in] pllCfg APLL configuration.
2313:../Libraries/iLLD/TC4xx/CpuGeneric/Clock/Std/IfxClock.h ****  */
2314:../Libraries/iLLD/TC4xx/CpuGeneric/Clock/Std/IfxClock.h **** IFX_EXTERN boolean IfxClock_enableAudioPll(IfxClock_AudioConfig *pllCfg);
2315:../Libraries/iLLD/TC4xx/CpuGeneric/Clock/Std/IfxClock.h **** 
2316:../Libraries/iLLD/TC4xx/CpuGeneric/Clock/Std/IfxClock.h **** /** \brief Initializes the audio clock configuration with default values.
2317:../Libraries/iLLD/TC4xx/CpuGeneric/Clock/Std/IfxClock.h ****  *
2318:../Libraries/iLLD/TC4xx/CpuGeneric/Clock/Std/IfxClock.h ****  * \param[in] audioCfg AudioCfg pointer to the configuration structure of the Clock.
2319:../Libraries/iLLD/TC4xx/CpuGeneric/Clock/Std/IfxClock.h ****  *
2320:../Libraries/iLLD/TC4xx/CpuGeneric/Clock/Std/IfxClock.h ****  * \retval None
2321:../Libraries/iLLD/TC4xx/CpuGeneric/Clock/Std/IfxClock.h ****  */
2322:../Libraries/iLLD/TC4xx/CpuGeneric/Clock/Std/IfxClock.h **** IFX_EXTERN void IfxClock_audioInitConfig(IfxClock_AudioConfig *audioCfg);
2323:../Libraries/iLLD/TC4xx/CpuGeneric/Clock/Std/IfxClock.h **** 
2324:../Libraries/iLLD/TC4xx/CpuGeneric/Clock/Std/IfxClock.h **** /** \brief get audio source frequency fAudio.
2325:../Libraries/iLLD/TC4xx/CpuGeneric/Clock/Std/IfxClock.h ****  * This API returns the audio source frequency based on the configurations with CCUCON register con
2326:../Libraries/iLLD/TC4xx/CpuGeneric/Clock/Std/IfxClock.h ****  *
2327:../Libraries/iLLD/TC4xx/CpuGeneric/Clock/Std/IfxClock.h ****  * \retval uint32 Effective fAudio in Hz. Range: 10000000 Hz to 500000000 Hz.
2328:../Libraries/iLLD/TC4xx/CpuGeneric/Clock/Std/IfxClock.h ****  */
2329:../Libraries/iLLD/TC4xx/CpuGeneric/Clock/Std/IfxClock.h **** IFX_EXTERN uint32 IfxClock_getAudioSourceFrequency(void);
2330:../Libraries/iLLD/TC4xx/CpuGeneric/Clock/Std/IfxClock.h **** 
2331:../Libraries/iLLD/TC4xx/CpuGeneric/Clock/Std/IfxClock.h **** /** \brief API to get actual Audio PLL output frequency.
2332:../Libraries/iLLD/TC4xx/CpuGeneric/Clock/Std/IfxClock.h ****  * This API returns the based on the divider values in CCUCON, PLLCON registers and the input oscil
2333:../Libraries/iLLD/TC4xx/CpuGeneric/Clock/Std/IfxClock.h ****  *
2334:../Libraries/iLLD/TC4xx/CpuGeneric/Clock/Std/IfxClock.h ****  * \retval uint32 Audio Pll (fAudioPLL) frequency in Hz. Range: 10000000 Hz to 500000000 Hz.
2335:../Libraries/iLLD/TC4xx/CpuGeneric/Clock/Std/IfxClock.h ****  */
2336:../Libraries/iLLD/TC4xx/CpuGeneric/Clock/Std/IfxClock.h **** IFX_EXTERN uint32 IfxClock_getAudioPllFrequency(void);
2337:../Libraries/iLLD/TC4xx/CpuGeneric/Clock/Std/IfxClock.h **** #endif /* #if IFXCLOCK_IS_EXTCLK_AUDIO_AVAILABLE */
2338:../Libraries/iLLD/TC4xx/CpuGeneric/Clock/Std/IfxClock.h **** 
2339:../Libraries/iLLD/TC4xx/CpuGeneric/Clock/Std/IfxClock.h **** #if defined(IFX_CFG_CLOCK_PPUPLL_FREQUENCY)	
2340:../Libraries/iLLD/TC4xx/CpuGeneric/Clock/Std/IfxClock.h **** /** \brief API to set the PPU frequency.
2341:../Libraries/iLLD/TC4xx/CpuGeneric/Clock/Std/IfxClock.h ****  *
2342:../Libraries/iLLD/TC4xx/CpuGeneric/Clock/Std/IfxClock.h ****  * \param[in] ppuFreq PPU frequency (fPPU) in Hz. Range: 10000000 Hz to 500000000 Hz.
2343:../Libraries/iLLD/TC4xx/CpuGeneric/Clock/Std/IfxClock.h ****  *
2344:../Libraries/iLLD/TC4xx/CpuGeneric/Clock/Std/IfxClock.h ****  * \retval uint32 Actual PPU frequency (fPPU) in Hz. Range: 10000000 Hz to 500000000 Hz.
2345:../Libraries/iLLD/TC4xx/CpuGeneric/Clock/Std/IfxClock.h ****  */
2346:../Libraries/iLLD/TC4xx/CpuGeneric/Clock/Std/IfxClock.h **** IFX_EXTERN uint32 IfxClock_setPpuFrequency(uint32 ppuFreq);
2347:../Libraries/iLLD/TC4xx/CpuGeneric/Clock/Std/IfxClock.h **** #endif
2348:../Libraries/iLLD/TC4xx/CpuGeneric/Clock/Std/IfxClock.h **** 
2349:../Libraries/iLLD/TC4xx/CpuGeneric/Clock/Std/IfxClock.h **** /******************************************************************************/
2350:../Libraries/iLLD/TC4xx/CpuGeneric/Clock/Std/IfxClock.h **** /*-------------------Global Exported Variables/Constants----------------------*/
2351:../Libraries/iLLD/TC4xx/CpuGeneric/Clock/Std/IfxClock.h **** /******************************************************************************/
2352:../Libraries/iLLD/TC4xx/CpuGeneric/Clock/Std/IfxClock.h **** IFX_EXTERN IFX_CONST float32 IfxClock_MA_PerPll_percent[IfxClock_PerPllModulationAmplitude_count];
2353:../Libraries/iLLD/TC4xx/CpuGeneric/Clock/Std/IfxClock.h **** 
2354:../Libraries/iLLD/TC4xx/CpuGeneric/Clock/Std/IfxClock.h **** /** \brief maps to the IfxClock_ModulationAmplitude enum
2355:../Libraries/iLLD/TC4xx/CpuGeneric/Clock/Std/IfxClock.h ****  */
2356:../Libraries/iLLD/TC4xx/CpuGeneric/Clock/Std/IfxClock.h **** IFX_EXTERN IFX_CONST float32 IfxClock_MA_percent[IfxClock_ModulationAmplitude_count];
2357:../Libraries/iLLD/TC4xx/CpuGeneric/Clock/Std/IfxClock.h **** 
2358:../Libraries/iLLD/TC4xx/CpuGeneric/Clock/Std/IfxClock.h **** IFX_EXTERN IFX_CONST float32 IfxClock_X_Gain_Value[IfxClock_XGain_count];
2359:../Libraries/iLLD/TC4xx/CpuGeneric/Clock/Std/IfxClock.h **** 
2360:../Libraries/iLLD/TC4xx/CpuGeneric/Clock/Std/IfxClock.h **** #if IFXCLOCK_IS_EXTCLK_AUDIO_AVAILABLE
2361:../Libraries/iLLD/TC4xx/CpuGeneric/Clock/Std/IfxClock.h **** /** \brief Configuration structure for APLL.
2362:../Libraries/iLLD/TC4xx/CpuGeneric/Clock/Std/IfxClock.h ****  * The values of this structure are defined as # defined macros in the implementation of Clock
2363:../Libraries/iLLD/TC4xx/CpuGeneric/Clock/Std/IfxClock.h ****  */
2364:../Libraries/iLLD/TC4xx/CpuGeneric/Clock/Std/IfxClock.h **** IFX_EXTERN IFX_CONST IfxClock_AudioConfig IfxClock_defaultAudioClockConfig;
2365:../Libraries/iLLD/TC4xx/CpuGeneric/Clock/Std/IfxClock.h **** #endif /* #if IFXCLOCK_IS_EXTCLK_AUDIO_AVAILABLE */
2366:../Libraries/iLLD/TC4xx/CpuGeneric/Clock/Std/IfxClock.h **** 
2367:../Libraries/iLLD/TC4xx/CpuGeneric/Clock/Std/IfxClock.h **** /** \brief Configuration structure for CLOCK driver.
2368:../Libraries/iLLD/TC4xx/CpuGeneric/Clock/Std/IfxClock.h ****  * The values of this structure are defined as # defined macros in the implementation of Clock
2369:../Libraries/iLLD/TC4xx/CpuGeneric/Clock/Std/IfxClock.h ****  */
2370:../Libraries/iLLD/TC4xx/CpuGeneric/Clock/Std/IfxClock.h **** IFX_EXTERN IFX_CONST IfxClock_Config           IfxClock_defaultClockConfig;
2371:../Libraries/iLLD/TC4xx/CpuGeneric/Clock/Std/IfxClock.h **** 
2372:../Libraries/iLLD/TC4xx/CpuGeneric/Clock/Std/IfxClock.h **** /** \brief deault system pll modulation config
2373:../Libraries/iLLD/TC4xx/CpuGeneric/Clock/Std/IfxClock.h ****  */
2374:../Libraries/iLLD/TC4xx/CpuGeneric/Clock/Std/IfxClock.h **** IFX_EXTERN IFX_CONST IfxClock_Mod_Config       IfxClock_defaultModConfig;
2375:../Libraries/iLLD/TC4xx/CpuGeneric/Clock/Std/IfxClock.h **** 
2376:../Libraries/iLLD/TC4xx/CpuGeneric/Clock/Std/IfxClock.h **** /** \brief default peripheral pll modulation config
2377:../Libraries/iLLD/TC4xx/CpuGeneric/Clock/Std/IfxClock.h ****  */
2378:../Libraries/iLLD/TC4xx/CpuGeneric/Clock/Std/IfxClock.h **** IFX_EXTERN IFX_CONST IfxClock_perPllMod_Config IfxClock_defaultPerPllModConfig;
2379:../Libraries/iLLD/TC4xx/CpuGeneric/Clock/Std/IfxClock.h **** 
2380:../Libraries/iLLD/TC4xx/CpuGeneric/Clock/Std/IfxClock.h **** IFX_EXTERN uint32                              IfxClock_xtalFrequency;
2381:../Libraries/iLLD/TC4xx/CpuGeneric/Clock/Std/IfxClock.h **** 
2382:../Libraries/iLLD/TC4xx/CpuGeneric/Clock/Std/IfxClock.h **** /******************************************************************************/
2383:../Libraries/iLLD/TC4xx/CpuGeneric/Clock/Std/IfxClock.h **** /*---------------------Inline Function Implementations------------------------*/
2384:../Libraries/iLLD/TC4xx/CpuGeneric/Clock/Std/IfxClock.h **** /******************************************************************************/
2385:../Libraries/iLLD/TC4xx/CpuGeneric/Clock/Std/IfxClock.h **** 
2386:../Libraries/iLLD/TC4xx/CpuGeneric/Clock/Std/IfxClock.h **** IFX_INLINE boolean IfxClock_distributeClockInline(const IfxClock_ClockDistributionConfig *clockDist
2387:../Libraries/iLLD/TC4xx/CpuGeneric/Clock/Std/IfxClock.h **** {
2388:../Libraries/iLLD/TC4xx/CpuGeneric/Clock/Std/IfxClock.h ****     uint32 timeoutCycleCount;
2389:../Libraries/iLLD/TC4xx/CpuGeneric/Clock/Std/IfxClock.h ****     uint32 initError = 0;
2390:../Libraries/iLLD/TC4xx/CpuGeneric/Clock/Std/IfxClock.h **** #if (IFX_PROT_ENABLED == 1U)
2391:../Libraries/iLLD/TC4xx/CpuGeneric/Clock/Std/IfxClock.h ****     IfxApProt_setState((Ifx_PROT_PROT *)&CLOCK_PROTE, IfxApProt_State_config);
2392:../Libraries/iLLD/TC4xx/CpuGeneric/Clock/Std/IfxClock.h **** #endif
2393:../Libraries/iLLD/TC4xx/CpuGeneric/Clock/Std/IfxClock.h **** 
2394:../Libraries/iLLD/TC4xx/CpuGeneric/Clock/Std/IfxClock.h ****     /*Configure the clock distribution */
2395:../Libraries/iLLD/TC4xx/CpuGeneric/Clock/Std/IfxClock.h ****     {                                                    /*Write CCUCON0 configuration */
2396:../Libraries/iLLD/TC4xx/CpuGeneric/Clock/Std/IfxClock.h ****         Ifx_CLOCK_SYSCCUCON0 sysccucon0;
2397:../Libraries/iLLD/TC4xx/CpuGeneric/Clock/Std/IfxClock.h ****         sysccucon0.U      = CLOCK_SYSCCUCON0.U & ~clockDistributionConfig->sysccucon0.mask;
2398:../Libraries/iLLD/TC4xx/CpuGeneric/Clock/Std/IfxClock.h ****         /*update with configured value */
2399:../Libraries/iLLD/TC4xx/CpuGeneric/Clock/Std/IfxClock.h ****         sysccucon0.U     |= (clockDistributionConfig->sysccucon0.mask & clockDistributionConfig->sy
2400:../Libraries/iLLD/TC4xx/CpuGeneric/Clock/Std/IfxClock.h ****         sysccucon0.B.UP   = 1;
2401:../Libraries/iLLD/TC4xx/CpuGeneric/Clock/Std/IfxClock.h ****         timeoutCycleCount = IFXCLOCK_CCUCON_LCK_BIT_TIMEOUT_COUNT;
2402:../Libraries/iLLD/TC4xx/CpuGeneric/Clock/Std/IfxClock.h **** 
2403:../Libraries/iLLD/TC4xx/CpuGeneric/Clock/Std/IfxClock.h ****         while (CLOCK_CCUSTAT.B.LCK != 0U)
2404:../Libraries/iLLD/TC4xx/CpuGeneric/Clock/Std/IfxClock.h ****         {
2405:../Libraries/iLLD/TC4xx/CpuGeneric/Clock/Std/IfxClock.h ****             IFXCLOCK_LOOP_TIMEOUT_CHECK(timeoutCycleCount, initError);
2406:../Libraries/iLLD/TC4xx/CpuGeneric/Clock/Std/IfxClock.h ****         }
2407:../Libraries/iLLD/TC4xx/CpuGeneric/Clock/Std/IfxClock.h **** 
2408:../Libraries/iLLD/TC4xx/CpuGeneric/Clock/Std/IfxClock.h ****         CLOCK_SYSCCUCON0.U = sysccucon0.U;          /*Set update bit explicitly to make above confi
2409:../Libraries/iLLD/TC4xx/CpuGeneric/Clock/Std/IfxClock.h ****     }
2410:../Libraries/iLLD/TC4xx/CpuGeneric/Clock/Std/IfxClock.h ****     {
2411:../Libraries/iLLD/TC4xx/CpuGeneric/Clock/Std/IfxClock.h ****         /*Write CCUCON1 configuration */
2412:../Libraries/iLLD/TC4xx/CpuGeneric/Clock/Std/IfxClock.h ****         Ifx_CLOCK_SYSCCUCON1 sysccucon1;
2413:../Libraries/iLLD/TC4xx/CpuGeneric/Clock/Std/IfxClock.h ****         sysccucon1.U      = CLOCK_SYSCCUCON1.U;
2414:../Libraries/iLLD/TC4xx/CpuGeneric/Clock/Std/IfxClock.h **** 
2415:../Libraries/iLLD/TC4xx/CpuGeneric/Clock/Std/IfxClock.h ****         sysccucon1.U      = CLOCK_SYSCCUCON1.U & ~clockDistributionConfig->sysccucon1.mask;
2416:../Libraries/iLLD/TC4xx/CpuGeneric/Clock/Std/IfxClock.h ****         /*update with configured value */
2417:../Libraries/iLLD/TC4xx/CpuGeneric/Clock/Std/IfxClock.h ****         sysccucon1.U     |= (clockDistributionConfig->sysccucon1.mask & clockDistributionConfig->sy
2418:../Libraries/iLLD/TC4xx/CpuGeneric/Clock/Std/IfxClock.h ****         sysccucon1.B.UP   = 1;
2419:../Libraries/iLLD/TC4xx/CpuGeneric/Clock/Std/IfxClock.h ****         timeoutCycleCount = IFXCLOCK_CCUCON_LCK_BIT_TIMEOUT_COUNT;
2420:../Libraries/iLLD/TC4xx/CpuGeneric/Clock/Std/IfxClock.h **** 
2421:../Libraries/iLLD/TC4xx/CpuGeneric/Clock/Std/IfxClock.h ****         while (CLOCK_CCUSTAT.B.LCK != 0U)
2422:../Libraries/iLLD/TC4xx/CpuGeneric/Clock/Std/IfxClock.h ****         {
2423:../Libraries/iLLD/TC4xx/CpuGeneric/Clock/Std/IfxClock.h ****             IFXCLOCK_LOOP_TIMEOUT_CHECK(timeoutCycleCount, initError);
2424:../Libraries/iLLD/TC4xx/CpuGeneric/Clock/Std/IfxClock.h ****         }
2425:../Libraries/iLLD/TC4xx/CpuGeneric/Clock/Std/IfxClock.h **** 
2426:../Libraries/iLLD/TC4xx/CpuGeneric/Clock/Std/IfxClock.h ****         CLOCK_SYSCCUCON1.U = sysccucon1.U;
2427:../Libraries/iLLD/TC4xx/CpuGeneric/Clock/Std/IfxClock.h ****     }
2428:../Libraries/iLLD/TC4xx/CpuGeneric/Clock/Std/IfxClock.h **** 
2429:../Libraries/iLLD/TC4xx/CpuGeneric/Clock/Std/IfxClock.h ****     {
2430:../Libraries/iLLD/TC4xx/CpuGeneric/Clock/Std/IfxClock.h ****         /*Write PERCCUCON0 configuration */
2431:../Libraries/iLLD/TC4xx/CpuGeneric/Clock/Std/IfxClock.h ****         Ifx_CLOCK_PERCCUCON0 perccucon0;
2432:../Libraries/iLLD/TC4xx/CpuGeneric/Clock/Std/IfxClock.h ****         perccucon0.U      = CLOCK_PERCCUCON0.U & ~clockDistributionConfig->perccucon0.mask;
2433:../Libraries/iLLD/TC4xx/CpuGeneric/Clock/Std/IfxClock.h ****         /*update with configured value */
2434:../Libraries/iLLD/TC4xx/CpuGeneric/Clock/Std/IfxClock.h ****         perccucon0.U     |= (clockDistributionConfig->perccucon0.mask & clockDistributionConfig->pe
2435:../Libraries/iLLD/TC4xx/CpuGeneric/Clock/Std/IfxClock.h ****         timeoutCycleCount = IFXCLOCK_CCUCON_LCK_BIT_TIMEOUT_COUNT;
2436:../Libraries/iLLD/TC4xx/CpuGeneric/Clock/Std/IfxClock.h **** 
2437:../Libraries/iLLD/TC4xx/CpuGeneric/Clock/Std/IfxClock.h ****         while (CLOCK_CCUSTAT.B.LCK != 0U)
2438:../Libraries/iLLD/TC4xx/CpuGeneric/Clock/Std/IfxClock.h ****         {
2439:../Libraries/iLLD/TC4xx/CpuGeneric/Clock/Std/IfxClock.h ****             IFXCLOCK_LOOP_TIMEOUT_CHECK(timeoutCycleCount, initError);
2440:../Libraries/iLLD/TC4xx/CpuGeneric/Clock/Std/IfxClock.h ****         }
2441:../Libraries/iLLD/TC4xx/CpuGeneric/Clock/Std/IfxClock.h **** 
2442:../Libraries/iLLD/TC4xx/CpuGeneric/Clock/Std/IfxClock.h ****         CLOCK_PERCCUCON0.U = perccucon0.U;
2443:../Libraries/iLLD/TC4xx/CpuGeneric/Clock/Std/IfxClock.h ****     }
2444:../Libraries/iLLD/TC4xx/CpuGeneric/Clock/Std/IfxClock.h **** 
2445:../Libraries/iLLD/TC4xx/CpuGeneric/Clock/Std/IfxClock.h ****     {
2446:../Libraries/iLLD/TC4xx/CpuGeneric/Clock/Std/IfxClock.h ****         /*Write PERCCUCON1 configuration */
2447:../Libraries/iLLD/TC4xx/CpuGeneric/Clock/Std/IfxClock.h ****         Ifx_CLOCK_PERCCUCON1 perccucon1;
2448:../Libraries/iLLD/TC4xx/CpuGeneric/Clock/Std/IfxClock.h ****         perccucon1.U      = CLOCK_PERCCUCON1.U & ~clockDistributionConfig->perccucon1.mask;
2449:../Libraries/iLLD/TC4xx/CpuGeneric/Clock/Std/IfxClock.h ****         /*update with configured value */
2450:../Libraries/iLLD/TC4xx/CpuGeneric/Clock/Std/IfxClock.h ****         perccucon1.U     |= (clockDistributionConfig->perccucon1.mask & clockDistributionConfig->pe
2451:../Libraries/iLLD/TC4xx/CpuGeneric/Clock/Std/IfxClock.h ****         timeoutCycleCount = IFXCLOCK_CCUCON_LCK_BIT_TIMEOUT_COUNT;
2452:../Libraries/iLLD/TC4xx/CpuGeneric/Clock/Std/IfxClock.h **** 
2453:../Libraries/iLLD/TC4xx/CpuGeneric/Clock/Std/IfxClock.h ****         while (CLOCK_CCUSTAT.B.LCK != 0U)
2454:../Libraries/iLLD/TC4xx/CpuGeneric/Clock/Std/IfxClock.h ****         {
2455:../Libraries/iLLD/TC4xx/CpuGeneric/Clock/Std/IfxClock.h ****             IFXCLOCK_LOOP_TIMEOUT_CHECK(timeoutCycleCount, initError);
2456:../Libraries/iLLD/TC4xx/CpuGeneric/Clock/Std/IfxClock.h ****         }
2457:../Libraries/iLLD/TC4xx/CpuGeneric/Clock/Std/IfxClock.h **** 
2458:../Libraries/iLLD/TC4xx/CpuGeneric/Clock/Std/IfxClock.h ****         CLOCK_PERCCUCON1.U = perccucon1.U;
2459:../Libraries/iLLD/TC4xx/CpuGeneric/Clock/Std/IfxClock.h ****     }
2460:../Libraries/iLLD/TC4xx/CpuGeneric/Clock/Std/IfxClock.h **** #if (IFX_PROT_ENABLED == 1U)
2461:../Libraries/iLLD/TC4xx/CpuGeneric/Clock/Std/IfxClock.h ****     IfxApProt_setState((Ifx_PROT_PROT *)&CLOCK_PROTE, IfxApProt_State_run);
2462:../Libraries/iLLD/TC4xx/CpuGeneric/Clock/Std/IfxClock.h **** #endif
2463:../Libraries/iLLD/TC4xx/CpuGeneric/Clock/Std/IfxClock.h **** 
2464:../Libraries/iLLD/TC4xx/CpuGeneric/Clock/Std/IfxClock.h ****     return (boolean)initError;
2465:../Libraries/iLLD/TC4xx/CpuGeneric/Clock/Std/IfxClock.h **** }
2466:../Libraries/iLLD/TC4xx/CpuGeneric/Clock/Std/IfxClock.h **** 
2467:../Libraries/iLLD/TC4xx/CpuGeneric/Clock/Std/IfxClock.h **** 
2468:../Libraries/iLLD/TC4xx/CpuGeneric/Clock/Std/IfxClock.h **** IFX_INLINE uint32 IfxClock_getAdcFrequency(void)
2469:../Libraries/iLLD/TC4xx/CpuGeneric/Clock/Std/IfxClock.h **** {
2470:../Libraries/iLLD/TC4xx/CpuGeneric/Clock/Std/IfxClock.h ****     uint32 freq     = 0U;
2471:../Libraries/iLLD/TC4xx/CpuGeneric/Clock/Std/IfxClock.h ****     uint8  acdPerOn = CLOCK_PERCCUCON1.B.ADCPERON;
2472:../Libraries/iLLD/TC4xx/CpuGeneric/Clock/Std/IfxClock.h **** 
2473:../Libraries/iLLD/TC4xx/CpuGeneric/Clock/Std/IfxClock.h ****     if (acdPerOn)
2474:../Libraries/iLLD/TC4xx/CpuGeneric/Clock/Std/IfxClock.h ****     {
2475:../Libraries/iLLD/TC4xx/CpuGeneric/Clock/Std/IfxClock.h ****         freq = IfxClock_getPerSourceFrequency(IfxClock_Fsource_1);
2476:../Libraries/iLLD/TC4xx/CpuGeneric/Clock/Std/IfxClock.h ****     }
2477:../Libraries/iLLD/TC4xx/CpuGeneric/Clock/Std/IfxClock.h **** 
2478:../Libraries/iLLD/TC4xx/CpuGeneric/Clock/Std/IfxClock.h ****     return freq;
2479:../Libraries/iLLD/TC4xx/CpuGeneric/Clock/Std/IfxClock.h **** }
2480:../Libraries/iLLD/TC4xx/CpuGeneric/Clock/Std/IfxClock.h **** 
2481:../Libraries/iLLD/TC4xx/CpuGeneric/Clock/Std/IfxClock.h **** 
2482:../Libraries/iLLD/TC4xx/CpuGeneric/Clock/Std/IfxClock.h **** IFX_INLINE uint32 IfxClock_getAsclinFFrequency(void)
2483:../Libraries/iLLD/TC4xx/CpuGeneric/Clock/Std/IfxClock.h **** {
2484:../Libraries/iLLD/TC4xx/CpuGeneric/Clock/Std/IfxClock.h ****     uint32 freq          = 0;
2485:../Libraries/iLLD/TC4xx/CpuGeneric/Clock/Std/IfxClock.h ****     uint8  asclindiv[16] = {1, 1, 2, 3, 4, 5, 6, 6, 8, 8, 10, 10, 12, 12, 12, 15};
2486:../Libraries/iLLD/TC4xx/CpuGeneric/Clock/Std/IfxClock.h ****     uint8  actualDiv     = CLOCK_PERCCUCON1.B.ASCLINFDIV;
2487:../Libraries/iLLD/TC4xx/CpuGeneric/Clock/Std/IfxClock.h **** 
2488:../Libraries/iLLD/TC4xx/CpuGeneric/Clock/Std/IfxClock.h ****     if (actualDiv != 0)
2489:../Libraries/iLLD/TC4xx/CpuGeneric/Clock/Std/IfxClock.h ****     {
2490:../Libraries/iLLD/TC4xx/CpuGeneric/Clock/Std/IfxClock.h ****         freq = IfxClock_getPerSourceFrequency(IfxClock_Fsource_2) / asclindiv[actualDiv];
2491:../Libraries/iLLD/TC4xx/CpuGeneric/Clock/Std/IfxClock.h ****     }
2492:../Libraries/iLLD/TC4xx/CpuGeneric/Clock/Std/IfxClock.h **** 
2493:../Libraries/iLLD/TC4xx/CpuGeneric/Clock/Std/IfxClock.h ****     return freq;
2494:../Libraries/iLLD/TC4xx/CpuGeneric/Clock/Std/IfxClock.h **** }
2495:../Libraries/iLLD/TC4xx/CpuGeneric/Clock/Std/IfxClock.h **** 
2496:../Libraries/iLLD/TC4xx/CpuGeneric/Clock/Std/IfxClock.h **** 
2497:../Libraries/iLLD/TC4xx/CpuGeneric/Clock/Std/IfxClock.h **** IFX_INLINE uint32 IfxClock_getEvrFrequency(void)
2498:../Libraries/iLLD/TC4xx/CpuGeneric/Clock/Std/IfxClock.h **** {
2499:../Libraries/iLLD/TC4xx/CpuGeneric/Clock/Std/IfxClock.h ****     return IFXCLOCK_EVR_OSC_FREQUENCY;
2500:../Libraries/iLLD/TC4xx/CpuGeneric/Clock/Std/IfxClock.h **** }
2501:../Libraries/iLLD/TC4xx/CpuGeneric/Clock/Std/IfxClock.h **** 
2502:../Libraries/iLLD/TC4xx/CpuGeneric/Clock/Std/IfxClock.h **** 
2503:../Libraries/iLLD/TC4xx/CpuGeneric/Clock/Std/IfxClock.h **** #if IFXCLOCK_IS_EXTCLK_GTM_AVAILABLE
2504:../Libraries/iLLD/TC4xx/CpuGeneric/Clock/Std/IfxClock.h **** IFX_INLINE uint32 IfxClock_getGtmFrequency(void)
2505:../Libraries/iLLD/TC4xx/CpuGeneric/Clock/Std/IfxClock.h **** {
2506:../Libraries/iLLD/TC4xx/CpuGeneric/Clock/Std/IfxClock.h ****     uint8  gtmDiv     = CLOCK_SYSCCUCON1.B.GTMDIV;
2507:../Libraries/iLLD/TC4xx/CpuGeneric/Clock/Std/IfxClock.h ****     uint8  clkdiv[16] = {1, 1, 2, 3, 4, 5, 6, 6, 8, 8, 10, 10, 12, 12, 12, 15};
2508:../Libraries/iLLD/TC4xx/CpuGeneric/Clock/Std/IfxClock.h ****     uint32 gtmFreq    = 0;
2509:../Libraries/iLLD/TC4xx/CpuGeneric/Clock/Std/IfxClock.h **** 
2510:../Libraries/iLLD/TC4xx/CpuGeneric/Clock/Std/IfxClock.h ****     if (CLOCK_SYSCCUCON0.B.LPDIV == 0)
2511:../Libraries/iLLD/TC4xx/CpuGeneric/Clock/Std/IfxClock.h ****     {
2512:../Libraries/iLLD/TC4xx/CpuGeneric/Clock/Std/IfxClock.h ****         /*Not in low power mode */
2513:../Libraries/iLLD/TC4xx/CpuGeneric/Clock/Std/IfxClock.h ****         if (gtmDiv != 0)
2514:../Libraries/iLLD/TC4xx/CpuGeneric/Clock/Std/IfxClock.h ****         {
2515:../Libraries/iLLD/TC4xx/CpuGeneric/Clock/Std/IfxClock.h ****             gtmFreq = IfxClock_getSysSourceFrequency() / clkdiv[gtmDiv];
2516:../Libraries/iLLD/TC4xx/CpuGeneric/Clock/Std/IfxClock.h ****         }
2517:../Libraries/iLLD/TC4xx/CpuGeneric/Clock/Std/IfxClock.h ****     }
2518:../Libraries/iLLD/TC4xx/CpuGeneric/Clock/Std/IfxClock.h ****     else
2519:../Libraries/iLLD/TC4xx/CpuGeneric/Clock/Std/IfxClock.h ****     {
2520:../Libraries/iLLD/TC4xx/CpuGeneric/Clock/Std/IfxClock.h ****         gtmFreq = IfxClock_getSysSourceFrequency() / 120;
2521:../Libraries/iLLD/TC4xx/CpuGeneric/Clock/Std/IfxClock.h ****     }
2522:../Libraries/iLLD/TC4xx/CpuGeneric/Clock/Std/IfxClock.h **** 
2523:../Libraries/iLLD/TC4xx/CpuGeneric/Clock/Std/IfxClock.h ****     return gtmFreq;
2524:../Libraries/iLLD/TC4xx/CpuGeneric/Clock/Std/IfxClock.h **** }
2525:../Libraries/iLLD/TC4xx/CpuGeneric/Clock/Std/IfxClock.h **** #endif /* #if IFXCLOCK_IS_EXTCLK_GTM_AVAILABLE */
2526:../Libraries/iLLD/TC4xx/CpuGeneric/Clock/Std/IfxClock.h **** 
2527:../Libraries/iLLD/TC4xx/CpuGeneric/Clock/Std/IfxClock.h **** 
2528:../Libraries/iLLD/TC4xx/CpuGeneric/Clock/Std/IfxClock.h **** IFX_INLINE uint32 IfxClock_getI2cFrequency(void)
2529:../Libraries/iLLD/TC4xx/CpuGeneric/Clock/Std/IfxClock.h **** {
2530:../Libraries/iLLD/TC4xx/CpuGeneric/Clock/Std/IfxClock.h ****     uint8  clkdiv[16] = {1, 1, 2, 3, 4, 5, 6, 6, 8, 8, 10, 10, 12, 12, 12, 15};
2531:../Libraries/iLLD/TC4xx/CpuGeneric/Clock/Std/IfxClock.h ****     uint32 freq       = 0;
2532:../Libraries/iLLD/TC4xx/CpuGeneric/Clock/Std/IfxClock.h ****     uint8  actualDiv  = CLOCK_PERCCUCON0.B.I2CDIV;
2533:../Libraries/iLLD/TC4xx/CpuGeneric/Clock/Std/IfxClock.h **** 
2534:../Libraries/iLLD/TC4xx/CpuGeneric/Clock/Std/IfxClock.h ****     if (actualDiv)
2535:../Libraries/iLLD/TC4xx/CpuGeneric/Clock/Std/IfxClock.h ****     {
2536:../Libraries/iLLD/TC4xx/CpuGeneric/Clock/Std/IfxClock.h ****         freq = IfxClock_getPerSourceFrequency(IfxClock_Fsource_2) / clkdiv[actualDiv];
2537:../Libraries/iLLD/TC4xx/CpuGeneric/Clock/Std/IfxClock.h ****     }
2538:../Libraries/iLLD/TC4xx/CpuGeneric/Clock/Std/IfxClock.h **** 
2539:../Libraries/iLLD/TC4xx/CpuGeneric/Clock/Std/IfxClock.h ****     return freq;
2540:../Libraries/iLLD/TC4xx/CpuGeneric/Clock/Std/IfxClock.h **** }
2541:../Libraries/iLLD/TC4xx/CpuGeneric/Clock/Std/IfxClock.h **** 
2542:../Libraries/iLLD/TC4xx/CpuGeneric/Clock/Std/IfxClock.h **** 
2543:../Libraries/iLLD/TC4xx/CpuGeneric/Clock/Std/IfxClock.h **** IFX_INLINE uint32 IfxClock_getMcanhFrequency(void)
2544:../Libraries/iLLD/TC4xx/CpuGeneric/Clock/Std/IfxClock.h **** {
2545:../Libraries/iLLD/TC4xx/CpuGeneric/Clock/Std/IfxClock.h ****     uint8  clkdiv[16] = {1, 1, 2, 3, 4, 5, 6, 6, 8, 8, 10, 10, 12, 12, 12, 15};
2546:../Libraries/iLLD/TC4xx/CpuGeneric/Clock/Std/IfxClock.h ****     uint32 freq       = 0;
2547:../Libraries/iLLD/TC4xx/CpuGeneric/Clock/Std/IfxClock.h ****     uint8  actualDiv  = CLOCK_SYSCCUCON1.B.MCANHDIV;
2548:../Libraries/iLLD/TC4xx/CpuGeneric/Clock/Std/IfxClock.h **** 
2549:../Libraries/iLLD/TC4xx/CpuGeneric/Clock/Std/IfxClock.h ****     if (actualDiv)
2550:../Libraries/iLLD/TC4xx/CpuGeneric/Clock/Std/IfxClock.h ****     {
2551:../Libraries/iLLD/TC4xx/CpuGeneric/Clock/Std/IfxClock.h ****         freq = IfxClock_getSysSourceFrequency() / clkdiv[actualDiv];
2552:../Libraries/iLLD/TC4xx/CpuGeneric/Clock/Std/IfxClock.h ****     }
2553:../Libraries/iLLD/TC4xx/CpuGeneric/Clock/Std/IfxClock.h **** 
2554:../Libraries/iLLD/TC4xx/CpuGeneric/Clock/Std/IfxClock.h ****     return freq;
2555:../Libraries/iLLD/TC4xx/CpuGeneric/Clock/Std/IfxClock.h **** }
2556:../Libraries/iLLD/TC4xx/CpuGeneric/Clock/Std/IfxClock.h **** 
2557:../Libraries/iLLD/TC4xx/CpuGeneric/Clock/Std/IfxClock.h **** 
2558:../Libraries/iLLD/TC4xx/CpuGeneric/Clock/Std/IfxClock.h **** IFX_INLINE uint32 IfxClock_getOsc0Frequency(void)
2559:../Libraries/iLLD/TC4xx/CpuGeneric/Clock/Std/IfxClock.h **** {
2560:../Libraries/iLLD/TC4xx/CpuGeneric/Clock/Std/IfxClock.h **** #if defined(DEVICE_TC4DX) || defined(DEVICE_TC49XN) || defined(DEVICE_TC49XNAA) 
2561:../Libraries/iLLD/TC4xx/CpuGeneric/Clock/Std/IfxClock.h ****     return IFX_CFG_CLOCK_XTAL_FREQUENCY;
2562:../Libraries/iLLD/TC4xx/CpuGeneric/Clock/Std/IfxClock.h **** #else
2563:../Libraries/iLLD/TC4xx/CpuGeneric/Clock/Std/IfxClock.h ****     return (uint32)IfxClock_xtalFrequency;
2564:../Libraries/iLLD/TC4xx/CpuGeneric/Clock/Std/IfxClock.h **** #endif /* #if defined(DEVICE_TC4DX) || defined(DEVICE_TC49XN) || defined(DEVICE_TC49XNAA) */
2565:../Libraries/iLLD/TC4xx/CpuGeneric/Clock/Std/IfxClock.h **** }
2566:../Libraries/iLLD/TC4xx/CpuGeneric/Clock/Std/IfxClock.h **** 
2567:../Libraries/iLLD/TC4xx/CpuGeneric/Clock/Std/IfxClock.h **** 
2568:../Libraries/iLLD/TC4xx/CpuGeneric/Clock/Std/IfxClock.h **** IFX_INLINE uint32 IfxClock_getOscFrequency(void)
2569:../Libraries/iLLD/TC4xx/CpuGeneric/Clock/Std/IfxClock.h **** {
2570:../Libraries/iLLD/TC4xx/CpuGeneric/Clock/Std/IfxClock.h ****     uint32 freq;
2571:../Libraries/iLLD/TC4xx/CpuGeneric/Clock/Std/IfxClock.h **** 
2572:../Libraries/iLLD/TC4xx/CpuGeneric/Clock/Std/IfxClock.h ****     if (CLOCK_OSCCON.B.INSEL == IfxClock_PllInputClockSelection_back)
2573:../Libraries/iLLD/TC4xx/CpuGeneric/Clock/Std/IfxClock.h ****     {
2574:../Libraries/iLLD/TC4xx/CpuGeneric/Clock/Std/IfxClock.h ****         freq = IFXCLOCK_EVR_OSC_FREQUENCY;
2575:../Libraries/iLLD/TC4xx/CpuGeneric/Clock/Std/IfxClock.h ****     }
2576:../Libraries/iLLD/TC4xx/CpuGeneric/Clock/Std/IfxClock.h ****     else if (CLOCK_OSCCON.B.INSEL == IfxClock_PllInputClockSelection_fOsc0)
2577:../Libraries/iLLD/TC4xx/CpuGeneric/Clock/Std/IfxClock.h ****     {
2578:../Libraries/iLLD/TC4xx/CpuGeneric/Clock/Std/IfxClock.h ****         freq = (uint32)IfxClock_xtalFrequency;
2579:../Libraries/iLLD/TC4xx/CpuGeneric/Clock/Std/IfxClock.h ****     }
2580:../Libraries/iLLD/TC4xx/CpuGeneric/Clock/Std/IfxClock.h ****     else if (CLOCK_OSCCON.B.INSEL == IfxClock_PllInputClockSelection_fSysclk)
2581:../Libraries/iLLD/TC4xx/CpuGeneric/Clock/Std/IfxClock.h ****     {
2582:../Libraries/iLLD/TC4xx/CpuGeneric/Clock/Std/IfxClock.h ****         freq = IFX_CFG_CLOCK_SYSCLK_FREQUENCY;
2583:../Libraries/iLLD/TC4xx/CpuGeneric/Clock/Std/IfxClock.h ****     }
2584:../Libraries/iLLD/TC4xx/CpuGeneric/Clock/Std/IfxClock.h **** 
2585:../Libraries/iLLD/TC4xx/CpuGeneric/Clock/Std/IfxClock.h ****     else if (CLOCK_OSCCON.B.INSEL == IfxClock_PllInputClockSelection_fOsc_f)
2586:../Libraries/iLLD/TC4xx/CpuGeneric/Clock/Std/IfxClock.h ****     {
2587:../Libraries/iLLD/TC4xx/CpuGeneric/Clock/Std/IfxClock.h ****         freq = IFXCLOCK_CFG_OSC_F_FREQ;
2588:../Libraries/iLLD/TC4xx/CpuGeneric/Clock/Std/IfxClock.h ****     }
2589:../Libraries/iLLD/TC4xx/CpuGeneric/Clock/Std/IfxClock.h ****     else
2590:../Libraries/iLLD/TC4xx/CpuGeneric/Clock/Std/IfxClock.h ****     {
2591:../Libraries/iLLD/TC4xx/CpuGeneric/Clock/Std/IfxClock.h ****         /* Reserved values, this */
2592:../Libraries/iLLD/TC4xx/CpuGeneric/Clock/Std/IfxClock.h ****         freq = IFXCLOCK_EVR_OSC_FREQUENCY;
2593:../Libraries/iLLD/TC4xx/CpuGeneric/Clock/Std/IfxClock.h ****     }
2594:../Libraries/iLLD/TC4xx/CpuGeneric/Clock/Std/IfxClock.h **** 
2595:../Libraries/iLLD/TC4xx/CpuGeneric/Clock/Std/IfxClock.h ****     return freq;
2596:../Libraries/iLLD/TC4xx/CpuGeneric/Clock/Std/IfxClock.h **** }
2597:../Libraries/iLLD/TC4xx/CpuGeneric/Clock/Std/IfxClock.h **** 
2598:../Libraries/iLLD/TC4xx/CpuGeneric/Clock/Std/IfxClock.h **** 
2599:../Libraries/iLLD/TC4xx/CpuGeneric/Clock/Std/IfxClock.h **** IFX_INLINE IfxClock_PerClockSourceSelect IfxClock_getPerClockSourceSelection(void)
2600:../Libraries/iLLD/TC4xx/CpuGeneric/Clock/Std/IfxClock.h **** {
2601:../Libraries/iLLD/TC4xx/CpuGeneric/Clock/Std/IfxClock.h ****     return (IfxClock_PerClockSourceSelect)CLOCK_CCUSTAT.B.CLKSELP;
2602:../Libraries/iLLD/TC4xx/CpuGeneric/Clock/Std/IfxClock.h **** }
2603:../Libraries/iLLD/TC4xx/CpuGeneric/Clock/Std/IfxClock.h **** 
2604:../Libraries/iLLD/TC4xx/CpuGeneric/Clock/Std/IfxClock.h **** 
2605:../Libraries/iLLD/TC4xx/CpuGeneric/Clock/Std/IfxClock.h **** IFX_INLINE IfxClock_RampFreqStatus IfxClock_getRampFreqStatus(void)
2606:../Libraries/iLLD/TC4xx/CpuGeneric/Clock/Std/IfxClock.h **** {
2607:../Libraries/iLLD/TC4xx/CpuGeneric/Clock/Std/IfxClock.h ****     return (IfxClock_RampFreqStatus)CLOCK_RAMPSTAT.B.FSTAT;
2608:../Libraries/iLLD/TC4xx/CpuGeneric/Clock/Std/IfxClock.h **** }
2609:../Libraries/iLLD/TC4xx/CpuGeneric/Clock/Std/IfxClock.h **** 
2610:../Libraries/iLLD/TC4xx/CpuGeneric/Clock/Std/IfxClock.h **** 
2611:../Libraries/iLLD/TC4xx/CpuGeneric/Clock/Std/IfxClock.h **** IFX_INLINE IfxClock_RampSeqStatus IfxClock_getRampSeqStatus(void)
2612:../Libraries/iLLD/TC4xx/CpuGeneric/Clock/Std/IfxClock.h **** {
2613:../Libraries/iLLD/TC4xx/CpuGeneric/Clock/Std/IfxClock.h ****     return (IfxClock_RampSeqStatus)CLOCK_RAMPSTAT.B.SSTAT;
2614:../Libraries/iLLD/TC4xx/CpuGeneric/Clock/Std/IfxClock.h **** }
2615:../Libraries/iLLD/TC4xx/CpuGeneric/Clock/Std/IfxClock.h **** 
2616:../Libraries/iLLD/TC4xx/CpuGeneric/Clock/Std/IfxClock.h **** 
2617:../Libraries/iLLD/TC4xx/CpuGeneric/Clock/Std/IfxClock.h **** IFX_INLINE uint32 IfxClock_getStmFrequency(void)
2618:../Libraries/iLLD/TC4xx/CpuGeneric/Clock/Std/IfxClock.h **** {
2619:../Libraries/iLLD/TC4xx/CpuGeneric/Clock/Std/IfxClock.h ****     uint8  clkdiv[16] = {1, 1, 2, 3, 4, 5, 6, 6, 8, 8, 10, 10, 12, 12, 12, 15};
2620:../Libraries/iLLD/TC4xx/CpuGeneric/Clock/Std/IfxClock.h ****     uint32 freq       = 0;
2621:../Libraries/iLLD/TC4xx/CpuGeneric/Clock/Std/IfxClock.h ****     uint32  actualDiv  = CLOCK_SYSCCUCON0.B.STMDIV;
2622:../Libraries/iLLD/TC4xx/CpuGeneric/Clock/Std/IfxClock.h **** 
2623:../Libraries/iLLD/TC4xx/CpuGeneric/Clock/Std/IfxClock.h ****     if (CLOCK_SYSCCUCON0.B.LPDIV == 0)
2624:../Libraries/iLLD/TC4xx/CpuGeneric/Clock/Std/IfxClock.h ****     {
2625:../Libraries/iLLD/TC4xx/CpuGeneric/Clock/Std/IfxClock.h ****         /*Not in low power mode */
2626:../Libraries/iLLD/TC4xx/CpuGeneric/Clock/Std/IfxClock.h ****         if (actualDiv)
2627:../Libraries/iLLD/TC4xx/CpuGeneric/Clock/Std/IfxClock.h ****         {
2628:../Libraries/iLLD/TC4xx/CpuGeneric/Clock/Std/IfxClock.h ****             freq = IfxClock_getSysSourceFrequency() / clkdiv[actualDiv];
2629:../Libraries/iLLD/TC4xx/CpuGeneric/Clock/Std/IfxClock.h ****         }
2630:../Libraries/iLLD/TC4xx/CpuGeneric/Clock/Std/IfxClock.h ****     }
2631:../Libraries/iLLD/TC4xx/CpuGeneric/Clock/Std/IfxClock.h ****     else
2632:../Libraries/iLLD/TC4xx/CpuGeneric/Clock/Std/IfxClock.h ****     {
2633:../Libraries/iLLD/TC4xx/CpuGeneric/Clock/Std/IfxClock.h ****         freq = IfxClock_getSysSourceFrequency() / 120;
2634:../Libraries/iLLD/TC4xx/CpuGeneric/Clock/Std/IfxClock.h ****     }
2635:../Libraries/iLLD/TC4xx/CpuGeneric/Clock/Std/IfxClock.h **** 
2636:../Libraries/iLLD/TC4xx/CpuGeneric/Clock/Std/IfxClock.h ****     return freq;
2637:../Libraries/iLLD/TC4xx/CpuGeneric/Clock/Std/IfxClock.h **** }
2638:../Libraries/iLLD/TC4xx/CpuGeneric/Clock/Std/IfxClock.h **** 
2639:../Libraries/iLLD/TC4xx/CpuGeneric/Clock/Std/IfxClock.h **** 
2640:../Libraries/iLLD/TC4xx/CpuGeneric/Clock/Std/IfxClock.h **** IFX_INLINE IfxClock_PllInputClockSelection IfxClock_getSysClockSourceSelection(void)
2641:../Libraries/iLLD/TC4xx/CpuGeneric/Clock/Std/IfxClock.h **** {
2642:../Libraries/iLLD/TC4xx/CpuGeneric/Clock/Std/IfxClock.h ****     return (IfxClock_PllInputClockSelection)CLOCK_CCUSTAT.B.CLKSELS;
2643:../Libraries/iLLD/TC4xx/CpuGeneric/Clock/Std/IfxClock.h **** }
2644:../Libraries/iLLD/TC4xx/CpuGeneric/Clock/Std/IfxClock.h **** 
2645:../Libraries/iLLD/TC4xx/CpuGeneric/Clock/Std/IfxClock.h **** 
2646:../Libraries/iLLD/TC4xx/CpuGeneric/Clock/Std/IfxClock.h **** #if IFXCLOCK_IS_EXTCLK_GETH_AVAILABLE
2647:../Libraries/iLLD/TC4xx/CpuGeneric/Clock/Std/IfxClock.h **** IFX_INLINE uint32 IfxClock_getXGeth0Frequency(void)
2648:../Libraries/iLLD/TC4xx/CpuGeneric/Clock/Std/IfxClock.h **** {
2649:../Libraries/iLLD/TC4xx/CpuGeneric/Clock/Std/IfxClock.h ****     uint8  clkdiv[16] = {1, 1, 2, 3, 4, 5, 6, 6, 8, 8, 10, 10, 12, 12, 12, 15};
2650:../Libraries/iLLD/TC4xx/CpuGeneric/Clock/Std/IfxClock.h ****     uint32 freq       = 0;
2651:../Libraries/iLLD/TC4xx/CpuGeneric/Clock/Std/IfxClock.h ****     uint8  actualDiv  = CLOCK_SYSCCUCON1.B.GETHDIV;
2652:../Libraries/iLLD/TC4xx/CpuGeneric/Clock/Std/IfxClock.h **** 
2653:../Libraries/iLLD/TC4xx/CpuGeneric/Clock/Std/IfxClock.h ****     if (CLOCK_SYSCCUCON0.B.LPDIV == 0)
2654:../Libraries/iLLD/TC4xx/CpuGeneric/Clock/Std/IfxClock.h ****     {
2655:../Libraries/iLLD/TC4xx/CpuGeneric/Clock/Std/IfxClock.h ****         /*Not in low power mode */
2656:../Libraries/iLLD/TC4xx/CpuGeneric/Clock/Std/IfxClock.h ****         if (actualDiv)
2657:../Libraries/iLLD/TC4xx/CpuGeneric/Clock/Std/IfxClock.h ****         {
2658:../Libraries/iLLD/TC4xx/CpuGeneric/Clock/Std/IfxClock.h ****             freq = IfxClock_getSysSourceFrequency() / clkdiv[actualDiv];
2659:../Libraries/iLLD/TC4xx/CpuGeneric/Clock/Std/IfxClock.h ****         }
2660:../Libraries/iLLD/TC4xx/CpuGeneric/Clock/Std/IfxClock.h ****     }
2661:../Libraries/iLLD/TC4xx/CpuGeneric/Clock/Std/IfxClock.h ****     else
2662:../Libraries/iLLD/TC4xx/CpuGeneric/Clock/Std/IfxClock.h ****     {
2663:../Libraries/iLLD/TC4xx/CpuGeneric/Clock/Std/IfxClock.h ****         freq = IfxClock_getSysSourceFrequency() / 120;
2664:../Libraries/iLLD/TC4xx/CpuGeneric/Clock/Std/IfxClock.h ****     }
2665:../Libraries/iLLD/TC4xx/CpuGeneric/Clock/Std/IfxClock.h **** 
2666:../Libraries/iLLD/TC4xx/CpuGeneric/Clock/Std/IfxClock.h ****     return freq;
2667:../Libraries/iLLD/TC4xx/CpuGeneric/Clock/Std/IfxClock.h **** }
2668:../Libraries/iLLD/TC4xx/CpuGeneric/Clock/Std/IfxClock.h **** #endif /* #if IFXCLOCK_IS_EXTCLK_GETH_AVAILABLE */
2669:../Libraries/iLLD/TC4xx/CpuGeneric/Clock/Std/IfxClock.h **** 
2670:../Libraries/iLLD/TC4xx/CpuGeneric/Clock/Std/IfxClock.h **** 
2671:../Libraries/iLLD/TC4xx/CpuGeneric/Clock/Std/IfxClock.h **** IFX_INLINE uint32 IfxClock_geteGtmFrequency(void)
2672:../Libraries/iLLD/TC4xx/CpuGeneric/Clock/Std/IfxClock.h **** {
2673:../Libraries/iLLD/TC4xx/CpuGeneric/Clock/Std/IfxClock.h ****     uint8  eGtmDiv    = CLOCK_SYSCCUCON1.B.EGTMDIV;
 121              	 .loc 4 2673 5
 122              	 .loc 4 2673 43 is_stmt 0
 123 0078 9160002F 	 movh.a %a2,61446
 124 007c D9225404 	 lea %a2,[%a2]17428
 125 0080 542A     	 ld.w %d10,[%a2]0
 126 0082 370A64A6 	 extr.u %d10,%d10,12,4
 127              	.LVL11:
2674:../Libraries/iLLD/TC4xx/CpuGeneric/Clock/Std/IfxClock.h ****     uint8  clkdiv[16] = {1, 1, 2, 3, 4, 5, 6, 6, 8, 8, 10, 10, 12, 12, 12, 15};
 128              	 .loc 4 2674 5 is_stmt 1
 129              	 .loc 4 2674 12 is_stmt 0
 130 0086 91000020 	 movh.a %a2,hi:.LC0
 131 008a D9220000 	 lea %a2,[%a2]lo:.LC0
 132 008e D9E3F0FF 	 lea %a3,[%a14]-16
 133              	 
 134 0092 0422     	 ld.bu %d2,[%a2+]1
 135 0094 2432     	 st.b [%a3+]1,%d2
 136 0096 0422     	 ld.bu %d2,[%a2+]1
 137 0098 2432     	 st.b [%a3+]1,%d2
 138 009a 0422     	 ld.bu %d2,[%a2+]1
 139 009c 2432     	 st.b [%a3+]1,%d2
 140 009e 0422     	 ld.bu %d2,[%a2+]1
 141 00a0 2432     	 st.b [%a3+]1,%d2
 142 00a2 0422     	 ld.bu %d2,[%a2+]1
 143 00a4 2432     	 st.b [%a3+]1,%d2
 144 00a6 0422     	 ld.bu %d2,[%a2+]1
 145 00a8 2432     	 st.b [%a3+]1,%d2
 146 00aa 0422     	 ld.bu %d2,[%a2+]1
 147 00ac 2432     	 st.b [%a3+]1,%d2
 148 00ae 0422     	 ld.bu %d2,[%a2+]1
 149 00b0 2432     	 st.b [%a3+]1,%d2
 150 00b2 0422     	 ld.bu %d2,[%a2+]1
 151 00b4 2432     	 st.b [%a3+]1,%d2
 152 00b6 0422     	 ld.bu %d2,[%a2+]1
 153 00b8 2432     	 st.b [%a3+]1,%d2
 154 00ba 0422     	 ld.bu %d2,[%a2+]1
 155 00bc 2432     	 st.b [%a3+]1,%d2
 156 00be 0422     	 ld.bu %d2,[%a2+]1
 157 00c0 2432     	 st.b [%a3+]1,%d2
 158 00c2 0422     	 ld.bu %d2,[%a2+]1
 159 00c4 2432     	 st.b [%a3+]1,%d2
 160 00c6 0422     	 ld.bu %d2,[%a2+]1
 161 00c8 2432     	 st.b [%a3+]1,%d2
 162 00ca 0422     	 ld.bu %d2,[%a2+]1
 163 00cc 2432     	 st.b [%a3+]1,%d2
 164 00ce 0422     	 ld.bu %d2,[%a2+]1
 165 00d0 2432     	 st.b [%a3+]1,%d2
 166              	.LVL12:
2675:../Libraries/iLLD/TC4xx/CpuGeneric/Clock/Std/IfxClock.h ****     uint32 gtmFreq    = 0;
 167              	 .loc 4 2675 5 is_stmt 1
2676:../Libraries/iLLD/TC4xx/CpuGeneric/Clock/Std/IfxClock.h **** 
2677:../Libraries/iLLD/TC4xx/CpuGeneric/Clock/Std/IfxClock.h ****     if (CLOCK_SYSCCUCON0.B.LPDIV == 0)
 168              	 .loc 4 2677 5
 169              	 .loc 4 2677 27 is_stmt 0
 170 00d2 9160002F 	 movh.a %a2,61446
 171 00d6 D9225004 	 lea %a2,[%a2]17424
 172 00da 5422     	 ld.w %d2,[%a2]0
 173              	 .loc 4 2677 8
 174 00dc EFC20080 	 jnz.t %d2,28,.L14
2678:../Libraries/iLLD/TC4xx/CpuGeneric/Clock/Std/IfxClock.h ****     {
2679:../Libraries/iLLD/TC4xx/CpuGeneric/Clock/Std/IfxClock.h ****         /*Not in low power mode */
2680:../Libraries/iLLD/TC4xx/CpuGeneric/Clock/Std/IfxClock.h ****         if (eGtmDiv != 0)
 175              	 .loc 4 2680 9 is_stmt 1
 176              	 .loc 4 2680 12 is_stmt 0
 177 00e0 DF0A0080 	 jnz %d10,.L55
 178              	.LVL13:
 179              	.L15:
2681:../Libraries/iLLD/TC4xx/CpuGeneric/Clock/Std/IfxClock.h ****         {
2682:../Libraries/iLLD/TC4xx/CpuGeneric/Clock/Std/IfxClock.h ****             gtmFreq = IfxClock_getSysSourceFrequency() / clkdiv[eGtmDiv];
2683:../Libraries/iLLD/TC4xx/CpuGeneric/Clock/Std/IfxClock.h ****         }
2684:../Libraries/iLLD/TC4xx/CpuGeneric/Clock/Std/IfxClock.h ****     }
2685:../Libraries/iLLD/TC4xx/CpuGeneric/Clock/Std/IfxClock.h ****     else
2686:../Libraries/iLLD/TC4xx/CpuGeneric/Clock/Std/IfxClock.h ****     {
2687:../Libraries/iLLD/TC4xx/CpuGeneric/Clock/Std/IfxClock.h ****         gtmFreq = IfxClock_getSysSourceFrequency() / 120;
2688:../Libraries/iLLD/TC4xx/CpuGeneric/Clock/Std/IfxClock.h ****     }
2689:../Libraries/iLLD/TC4xx/CpuGeneric/Clock/Std/IfxClock.h **** 
2690:../Libraries/iLLD/TC4xx/CpuGeneric/Clock/Std/IfxClock.h ****     return gtmFreq;
 180              	 .loc 4 2690 5 is_stmt 1
 181              	.LBE165:
 182              	.LBE164:
 183              	.LBE163:
 184              	 .loc 3 521 14 is_stmt 0
 185 00e4 4B841142 	 div.u %e4,%d4,%d8
 186              	.LVL14:
 187              	.L13:
 522:../Libraries/iLLD/TC4xx/CpuGeneric/Egtm/Std/IfxEgtm.h ****     }
 523:../Libraries/iLLD/TC4xx/CpuGeneric/Egtm/Std/IfxEgtm.h **** 
 524:../Libraries/iLLD/TC4xx/CpuGeneric/Egtm/Std/IfxEgtm.h ****     return Freq;
 188              	 .loc 3 524 5 is_stmt 1
 189              	.LBE162:
 190              	.LBE161:
 377:../Libraries/iLLD/TC4xx/CpuGeneric/Egtm/Std/IfxEgtm_Cmu.h **** }
 191              	 .loc 2 377 12 is_stmt 0
 192 00e8 4B046141 	 utof %d4,%d4
 193              	.LVL15:
 194              	.LBE160:
 195              	.LBE159:
 371:../Libraries/iLLD/TC4xx/CpuGeneric/Egtm/Std/IfxEgtm_Cmu.h **** }
 196              	 .loc 2 371 49
 197 00ec 4B494190 	 mul.f %d9,%d9,%d4
 198              	.LVL16:
 199              	.LBE158:
 200              	.LBE157:
 201              	 .loc 1 58 108
 202 00f0 19C20C20 	 ld.w %d2,[%a12]140
 203 00f4 37027820 	 extr.u %d2,%d2,0,24
 204              	 .loc 1 58 73
 205 00f8 4B026121 	 utof %d2,%d2
 206              	 .loc 1 58 117
 207 00fc 7B00F843 	 movh %d4,16256
 208 0100 6B042122 	 add.f %d2,%d2,%d4
 209              	 .loc 1 58 23
 210 0104 4B295120 	 div.f %d2,%d9,%d2
 211              	.LVL17:
  59:../Libraries/iLLD/TC4xx/CpuGeneric/Egtm/Std/IfxEgtm_Cmu.c ****             break;
 212              	 .loc 1 59 13 is_stmt 1
 213 0108 0090     	 ret 
 214              	.LVL18:
 215              	.L55:
 216              	.LBB174:
 217              	.LBB173:
 218              	.LBB172:
 219              	.LBB171:
 220              	.LBB170:
 221              	.LBB169:
 222              	.LBB168:
 223              	.LBB167:
 224              	.LBB166:
2682:../Libraries/iLLD/TC4xx/CpuGeneric/Clock/Std/IfxClock.h ****         }
 225              	 .loc 4 2682 13
2682:../Libraries/iLLD/TC4xx/CpuGeneric/Clock/Std/IfxClock.h ****         }
 226              	 .loc 4 2682 23 is_stmt 0
 227 010a 6D000000 	 call IfxClock_getSysSourceFrequency
 228              	.LVL19:
2682:../Libraries/iLLD/TC4xx/CpuGeneric/Clock/Std/IfxClock.h ****         }
 229              	 .loc 4 2682 64
 230 010e D9E2F0FF 	 lea %a2,[%a14]-16
 231 0112 012A0026 	 addsc.a %a2,%a2,%d10,0
 232 0116 1424     	 ld.bu %d4,[%a2]0
2682:../Libraries/iLLD/TC4xx/CpuGeneric/Clock/Std/IfxClock.h ****         }
 233              	 .loc 4 2682 21
 234 0118 4B421142 	 div.u %e4,%d2,%d4
 235              	.LVL20:
 236 011c 1D000000 	 j .L15
 237              	.LVL21:
 238              	.L14:
2687:../Libraries/iLLD/TC4xx/CpuGeneric/Clock/Std/IfxClock.h ****     }
 239              	 .loc 4 2687 9 is_stmt 1
2687:../Libraries/iLLD/TC4xx/CpuGeneric/Clock/Std/IfxClock.h ****     }
 240              	 .loc 4 2687 19 is_stmt 0
 241 0120 6D000000 	 call IfxClock_getSysSourceFrequency
 242              	.LVL22:
2687:../Libraries/iLLD/TC4xx/CpuGeneric/Clock/Std/IfxClock.h ****     }
 243              	 .loc 4 2687 17
 244 0124 7B908838 	 movh %d3,34953
 245 0128 1B938838 	 addi %d3,%d3,-30583
 246 012c 73326820 	 mul.u %e2,%d2,%d3
 247 0130 8FA31F40 	 sh %d4,%d3,-6
 248              	.LVL23:
 249 0134 1D000000 	 j .L15
 250              	.LVL24:
 251              	.L11:
 252              	.LBE166:
 253              	.LBE167:
 254              	.LBE168:
 255              	.LBE169:
 256              	.LBE170:
 257              	.LBE171:
 258              	.LBE172:
 259              	.LBE173:
 260              	.LBE174:
  60:../Libraries/iLLD/TC4xx/CpuGeneric/Egtm/Std/IfxEgtm_Cmu.c ****         case IfxEgtm_Cmu_Clk_1:
  61:../Libraries/iLLD/TC4xx/CpuGeneric/Egtm/Std/IfxEgtm_Cmu.c ****             frequency = (float32)(IfxEgtm_Cmu_getGclkFrequency(egtm) / ((float32)egtm->CLS->CMU.CLK
 261              	 .loc 1 61 13 is_stmt 1
 262              	.LBB175:
 263              	.LBB176:
 367:../Libraries/iLLD/TC4xx/CpuGeneric/Egtm/Std/IfxEgtm_Cmu.h ****     uint32  Z          = (uint32)egtm->CLS->CMU.GCLK_NUM.B.GCLK_NUM;
 264              	 .loc 2 367 5
 367:../Libraries/iLLD/TC4xx/CpuGeneric/Egtm/Std/IfxEgtm_Cmu.h ****     uint32  Z          = (uint32)egtm->CLS->CMU.GCLK_NUM.B.GCLK_NUM;
 265              	 .loc 2 367 59 is_stmt 0
 266 0138 19C30820 	 ld.w %d3,[%a12]136
 267 013c 37037830 	 extr.u %d3,%d3,0,24
 268              	.LVL25:
 368:../Libraries/iLLD/TC4xx/CpuGeneric/Egtm/Std/IfxEgtm_Cmu.h ****     float32 multiplier = (float32)((float32)N / (float32)Z);
 269              	 .loc 2 368 5 is_stmt 1
 368:../Libraries/iLLD/TC4xx/CpuGeneric/Egtm/Std/IfxEgtm_Cmu.h ****     float32 multiplier = (float32)((float32)N / (float32)Z);
 270              	 .loc 2 368 59 is_stmt 0
 271 0140 19C20420 	 ld.w %d2,[%a12]132
 272 0144 37027820 	 extr.u %d2,%d2,0,24
 273              	.LVL26:
 369:../Libraries/iLLD/TC4xx/CpuGeneric/Egtm/Std/IfxEgtm_Cmu.h **** 
 274              	 .loc 2 369 5 is_stmt 1
 369:../Libraries/iLLD/TC4xx/CpuGeneric/Egtm/Std/IfxEgtm_Cmu.h **** 
 275              	 .loc 2 369 36 is_stmt 0
 276 0148 4B036131 	 utof %d3,%d3
 277              	.LVL27:
 369:../Libraries/iLLD/TC4xx/CpuGeneric/Egtm/Std/IfxEgtm_Cmu.h **** 
 278              	 .loc 2 369 49
 279 014c 4B026121 	 utof %d2,%d2
 280              	.LVL28:
 369:../Libraries/iLLD/TC4xx/CpuGeneric/Egtm/Std/IfxEgtm_Cmu.h **** 
 281              	 .loc 2 369 13
 282 0150 4B235190 	 div.f %d9,%d3,%d2
 283              	.LVL29:
 371:../Libraries/iLLD/TC4xx/CpuGeneric/Egtm/Std/IfxEgtm_Cmu.h **** }
 284              	 .loc 2 371 5 is_stmt 1
 285              	.LBB177:
 286              	.LBB178:
 377:../Libraries/iLLD/TC4xx/CpuGeneric/Egtm/Std/IfxEgtm_Cmu.h **** }
 287              	 .loc 2 377 5
 288              	.LBB179:
 289              	.LBB180:
 511:../Libraries/iLLD/TC4xx/CpuGeneric/Egtm/Std/IfxEgtm.h ****     uint8  clsDiv = 0u;
 290              	 .loc 3 511 5
 512:../Libraries/iLLD/TC4xx/CpuGeneric/Egtm/Std/IfxEgtm.h ****     clsDiv = (uint8)(((egtm->CLS->ARCH.CLK_CFG.U) >> ((uint8)cluster << 1u)) & 0x3U);
 291              	 .loc 3 512 5
 513:../Libraries/iLLD/TC4xx/CpuGeneric/Egtm/Std/IfxEgtm.h **** 
 292              	 .loc 3 513 5
 513:../Libraries/iLLD/TC4xx/CpuGeneric/Egtm/Std/IfxEgtm.h **** 
 293              	 .loc 3 513 47 is_stmt 0
 294 0154 19C82C00 	 ld.w %d8,[%a12]44
 513:../Libraries/iLLD/TC4xx/CpuGeneric/Egtm/Std/IfxEgtm.h **** 
 295              	 .loc 3 513 12
 296 0158 8F380081 	 and %d8,%d8,3
 297              	.LVL30:
 515:../Libraries/iLLD/TC4xx/CpuGeneric/Egtm/Std/IfxEgtm.h ****     {
 298              	 .loc 3 515 5 is_stmt 1
 515:../Libraries/iLLD/TC4xx/CpuGeneric/Egtm/Std/IfxEgtm.h ****     {
 299              	 .loc 3 515 8 is_stmt 0
 300 015c DF080000 	 jz %d8,.L39
 521:../Libraries/iLLD/TC4xx/CpuGeneric/Egtm/Std/IfxEgtm.h ****     }
 301              	 .loc 3 521 9 is_stmt 1
 302              	.LBB181:
 505:../Libraries/iLLD/TC4xx/CpuGeneric/Egtm/Std/IfxEgtm.h **** }
 303              	 .loc 3 505 5
 304              	.LBB182:
 305              	.LBB183:
2673:../Libraries/iLLD/TC4xx/CpuGeneric/Clock/Std/IfxClock.h ****     uint8  clkdiv[16] = {1, 1, 2, 3, 4, 5, 6, 6, 8, 8, 10, 10, 12, 12, 12, 15};
 306              	 .loc 4 2673 5
2673:../Libraries/iLLD/TC4xx/CpuGeneric/Clock/Std/IfxClock.h ****     uint8  clkdiv[16] = {1, 1, 2, 3, 4, 5, 6, 6, 8, 8, 10, 10, 12, 12, 12, 15};
 307              	 .loc 4 2673 43 is_stmt 0
 308 0160 9160002F 	 movh.a %a2,61446
 309 0164 D9225404 	 lea %a2,[%a2]17428
 310 0168 542A     	 ld.w %d10,[%a2]0
 311 016a 370A64A6 	 extr.u %d10,%d10,12,4
 312              	.LVL31:
2674:../Libraries/iLLD/TC4xx/CpuGeneric/Clock/Std/IfxClock.h ****     uint32 gtmFreq    = 0;
 313              	 .loc 4 2674 5 is_stmt 1
2674:../Libraries/iLLD/TC4xx/CpuGeneric/Clock/Std/IfxClock.h ****     uint32 gtmFreq    = 0;
 314              	 .loc 4 2674 12 is_stmt 0
 315 016e 91000020 	 movh.a %a2,hi:.LC0
 316 0172 D9220000 	 lea %a2,[%a2]lo:.LC0
 317 0176 D9E3F0FF 	 lea %a3,[%a14]-16
 318              	 
 319 017a 0422     	 ld.bu %d2,[%a2+]1
 320 017c 2432     	 st.b [%a3+]1,%d2
 321 017e 0422     	 ld.bu %d2,[%a2+]1
 322 0180 2432     	 st.b [%a3+]1,%d2
 323 0182 0422     	 ld.bu %d2,[%a2+]1
 324 0184 2432     	 st.b [%a3+]1,%d2
 325 0186 0422     	 ld.bu %d2,[%a2+]1
 326 0188 2432     	 st.b [%a3+]1,%d2
 327 018a 0422     	 ld.bu %d2,[%a2+]1
 328 018c 2432     	 st.b [%a3+]1,%d2
 329 018e 0422     	 ld.bu %d2,[%a2+]1
 330 0190 2432     	 st.b [%a3+]1,%d2
 331 0192 0422     	 ld.bu %d2,[%a2+]1
 332 0194 2432     	 st.b [%a3+]1,%d2
 333 0196 0422     	 ld.bu %d2,[%a2+]1
 334 0198 2432     	 st.b [%a3+]1,%d2
 335 019a 0422     	 ld.bu %d2,[%a2+]1
 336 019c 2432     	 st.b [%a3+]1,%d2
 337 019e 0422     	 ld.bu %d2,[%a2+]1
 338 01a0 2432     	 st.b [%a3+]1,%d2
 339 01a2 0422     	 ld.bu %d2,[%a2+]1
 340 01a4 2432     	 st.b [%a3+]1,%d2
 341 01a6 0422     	 ld.bu %d2,[%a2+]1
 342 01a8 2432     	 st.b [%a3+]1,%d2
 343 01aa 0422     	 ld.bu %d2,[%a2+]1
 344 01ac 2432     	 st.b [%a3+]1,%d2
 345 01ae 0422     	 ld.bu %d2,[%a2+]1
 346 01b0 2432     	 st.b [%a3+]1,%d2
 347 01b2 0422     	 ld.bu %d2,[%a2+]1
 348 01b4 2432     	 st.b [%a3+]1,%d2
 349 01b6 0422     	 ld.bu %d2,[%a2+]1
 350 01b8 2432     	 st.b [%a3+]1,%d2
 351              	.LVL32:
2675:../Libraries/iLLD/TC4xx/CpuGeneric/Clock/Std/IfxClock.h **** 
 352              	 .loc 4 2675 5 is_stmt 1
2677:../Libraries/iLLD/TC4xx/CpuGeneric/Clock/Std/IfxClock.h ****     {
 353              	 .loc 4 2677 5
2677:../Libraries/iLLD/TC4xx/CpuGeneric/Clock/Std/IfxClock.h ****     {
 354              	 .loc 4 2677 27 is_stmt 0
 355 01ba 9160002F 	 movh.a %a2,61446
 356 01be D9225004 	 lea %a2,[%a2]17424
 357 01c2 5422     	 ld.w %d2,[%a2]0
2677:../Libraries/iLLD/TC4xx/CpuGeneric/Clock/Std/IfxClock.h ****     {
 358              	 .loc 4 2677 8
 359 01c4 EFC20080 	 jnz.t %d2,28,.L17
2680:../Libraries/iLLD/TC4xx/CpuGeneric/Clock/Std/IfxClock.h ****         {
 360              	 .loc 4 2680 9 is_stmt 1
2680:../Libraries/iLLD/TC4xx/CpuGeneric/Clock/Std/IfxClock.h ****         {
 361              	 .loc 4 2680 12 is_stmt 0
 362 01c8 DF0A0080 	 jnz %d10,.L56
2675:../Libraries/iLLD/TC4xx/CpuGeneric/Clock/Std/IfxClock.h **** 
 363              	 .loc 4 2675 12
 364 01cc 8202     	 mov %d2,0
 365              	.LVL33:
 366              	.L18:
 367              	 .loc 4 2690 5 is_stmt 1
 368              	.LBE183:
 369              	.LBE182:
 370              	.LBE181:
 521:../Libraries/iLLD/TC4xx/CpuGeneric/Egtm/Std/IfxEgtm.h ****     }
 371              	 .loc 3 521 14 is_stmt 0
 372 01ce 4B821122 	 div.u %e2,%d2,%d8
 373              	.LVL34:
 374              	.L16:
 375              	 .loc 3 524 5 is_stmt 1
 376              	.LBE180:
 377              	.LBE179:
 377:../Libraries/iLLD/TC4xx/CpuGeneric/Egtm/Std/IfxEgtm_Cmu.h **** }
 378              	 .loc 2 377 12 is_stmt 0
 379 01d2 4B026121 	 utof %d2,%d2
 380              	.LVL35:
 381              	.LBE178:
 382              	.LBE177:
 371:../Libraries/iLLD/TC4xx/CpuGeneric/Egtm/Std/IfxEgtm_Cmu.h **** }
 383              	 .loc 2 371 49
 384 01d6 4B294190 	 mul.f %d9,%d9,%d2
 385              	.LVL36:
 386              	.LBE176:
 387              	.LBE175:
 388              	 .loc 1 61 108
 389 01da 19C21020 	 ld.w %d2,[%a12]144
 390 01de 37027820 	 extr.u %d2,%d2,0,24
 391              	 .loc 1 61 73
 392 01e2 4B026121 	 utof %d2,%d2
 393              	 .loc 1 61 117
 394 01e6 7B00F843 	 movh %d4,16256
 395 01ea 6B042122 	 add.f %d2,%d2,%d4
 396              	 .loc 1 61 23
 397 01ee 4B295120 	 div.f %d2,%d9,%d2
 398              	.LVL37:
  62:../Libraries/iLLD/TC4xx/CpuGeneric/Egtm/Std/IfxEgtm_Cmu.c ****             break;
 399              	 .loc 1 62 13 is_stmt 1
 400 01f2 0090     	 ret 
 401              	.LVL38:
 402              	.L56:
 403              	.LBB192:
 404              	.LBB191:
 405              	.LBB190:
 406              	.LBB189:
 407              	.LBB188:
 408              	.LBB187:
 409              	.LBB186:
 410              	.LBB185:
 411              	.LBB184:
2682:../Libraries/iLLD/TC4xx/CpuGeneric/Clock/Std/IfxClock.h ****         }
 412              	 .loc 4 2682 13
2682:../Libraries/iLLD/TC4xx/CpuGeneric/Clock/Std/IfxClock.h ****         }
 413              	 .loc 4 2682 23 is_stmt 0
 414 01f4 6D000000 	 call IfxClock_getSysSourceFrequency
 415              	.LVL39:
2682:../Libraries/iLLD/TC4xx/CpuGeneric/Clock/Std/IfxClock.h ****         }
 416              	 .loc 4 2682 64
 417 01f8 D9E2F0FF 	 lea %a2,[%a14]-16
 418 01fc 012A0026 	 addsc.a %a2,%a2,%d10,0
 419 0200 1423     	 ld.bu %d3,[%a2]0
2682:../Libraries/iLLD/TC4xx/CpuGeneric/Clock/Std/IfxClock.h ****         }
 420              	 .loc 4 2682 21
 421 0202 4B321122 	 div.u %e2,%d2,%d3
 422              	.LVL40:
 423 0206 1D000000 	 j .L18
 424              	.LVL41:
 425              	.L17:
2687:../Libraries/iLLD/TC4xx/CpuGeneric/Clock/Std/IfxClock.h ****     }
 426              	 .loc 4 2687 9 is_stmt 1
2687:../Libraries/iLLD/TC4xx/CpuGeneric/Clock/Std/IfxClock.h ****     }
 427              	 .loc 4 2687 19 is_stmt 0
 428 020a 6D000000 	 call IfxClock_getSysSourceFrequency
 429              	.LVL42:
2687:../Libraries/iLLD/TC4xx/CpuGeneric/Clock/Std/IfxClock.h ****     }
 430              	 .loc 4 2687 17
 431 020e 7B908838 	 movh %d3,34953
 432 0212 1B938838 	 addi %d3,%d3,-30583
 433 0216 73326820 	 mul.u %e2,%d2,%d3
 434 021a 8FA31F20 	 sh %d2,%d3,-6
 435              	.LVL43:
 436 021e 1D000000 	 j .L18
 437              	.LVL44:
 438              	.L39:
 439              	.LBE184:
 440              	.LBE185:
 441              	.LBE186:
 517:../Libraries/iLLD/TC4xx/CpuGeneric/Egtm/Std/IfxEgtm.h ****     }
 442              	 .loc 3 517 14
 443 0222 8202     	 mov %d2,0
 444 0224 1D000000 	 j .L16
 445              	.LVL45:
 446              	.L10:
 447              	.LBE187:
 448              	.LBE188:
 449              	.LBE189:
 450              	.LBE190:
 451              	.LBE191:
 452              	.LBE192:
  63:../Libraries/iLLD/TC4xx/CpuGeneric/Egtm/Std/IfxEgtm_Cmu.c ****         case IfxEgtm_Cmu_Clk_2:
  64:../Libraries/iLLD/TC4xx/CpuGeneric/Egtm/Std/IfxEgtm_Cmu.c ****             frequency = (float32)(IfxEgtm_Cmu_getGclkFrequency(egtm) / ((float32)egtm->CLS->CMU.CLK
 453              	 .loc 1 64 13 is_stmt 1
 454              	.LBB193:
 455              	.LBB194:
 367:../Libraries/iLLD/TC4xx/CpuGeneric/Egtm/Std/IfxEgtm_Cmu.h ****     uint32  Z          = (uint32)egtm->CLS->CMU.GCLK_NUM.B.GCLK_NUM;
 456              	 .loc 2 367 5
 367:../Libraries/iLLD/TC4xx/CpuGeneric/Egtm/Std/IfxEgtm_Cmu.h ****     uint32  Z          = (uint32)egtm->CLS->CMU.GCLK_NUM.B.GCLK_NUM;
 457              	 .loc 2 367 59 is_stmt 0
 458 0228 19C30820 	 ld.w %d3,[%a12]136
 459 022c 37037830 	 extr.u %d3,%d3,0,24
 460              	.LVL46:
 368:../Libraries/iLLD/TC4xx/CpuGeneric/Egtm/Std/IfxEgtm_Cmu.h ****     float32 multiplier = (float32)((float32)N / (float32)Z);
 461              	 .loc 2 368 5 is_stmt 1
 368:../Libraries/iLLD/TC4xx/CpuGeneric/Egtm/Std/IfxEgtm_Cmu.h ****     float32 multiplier = (float32)((float32)N / (float32)Z);
 462              	 .loc 2 368 59 is_stmt 0
 463 0230 19C20420 	 ld.w %d2,[%a12]132
 464 0234 37027820 	 extr.u %d2,%d2,0,24
 465              	.LVL47:
 369:../Libraries/iLLD/TC4xx/CpuGeneric/Egtm/Std/IfxEgtm_Cmu.h **** 
 466              	 .loc 2 369 5 is_stmt 1
 369:../Libraries/iLLD/TC4xx/CpuGeneric/Egtm/Std/IfxEgtm_Cmu.h **** 
 467              	 .loc 2 369 36 is_stmt 0
 468 0238 4B036131 	 utof %d3,%d3
 469              	.LVL48:
 369:../Libraries/iLLD/TC4xx/CpuGeneric/Egtm/Std/IfxEgtm_Cmu.h **** 
 470              	 .loc 2 369 49
 471 023c 4B026121 	 utof %d2,%d2
 472              	.LVL49:
 369:../Libraries/iLLD/TC4xx/CpuGeneric/Egtm/Std/IfxEgtm_Cmu.h **** 
 473              	 .loc 2 369 13
 474 0240 4B235190 	 div.f %d9,%d3,%d2
 475              	.LVL50:
 371:../Libraries/iLLD/TC4xx/CpuGeneric/Egtm/Std/IfxEgtm_Cmu.h **** }
 476              	 .loc 2 371 5 is_stmt 1
 477              	.LBB195:
 478              	.LBB196:
 377:../Libraries/iLLD/TC4xx/CpuGeneric/Egtm/Std/IfxEgtm_Cmu.h **** }
 479              	 .loc 2 377 5
 480              	.LBB197:
 481              	.LBB198:
 511:../Libraries/iLLD/TC4xx/CpuGeneric/Egtm/Std/IfxEgtm.h ****     uint8  clsDiv = 0u;
 482              	 .loc 3 511 5
 512:../Libraries/iLLD/TC4xx/CpuGeneric/Egtm/Std/IfxEgtm.h ****     clsDiv = (uint8)(((egtm->CLS->ARCH.CLK_CFG.U) >> ((uint8)cluster << 1u)) & 0x3U);
 483              	 .loc 3 512 5
 513:../Libraries/iLLD/TC4xx/CpuGeneric/Egtm/Std/IfxEgtm.h **** 
 484              	 .loc 3 513 5
 513:../Libraries/iLLD/TC4xx/CpuGeneric/Egtm/Std/IfxEgtm.h **** 
 485              	 .loc 3 513 47 is_stmt 0
 486 0244 19C82C00 	 ld.w %d8,[%a12]44
 513:../Libraries/iLLD/TC4xx/CpuGeneric/Egtm/Std/IfxEgtm.h **** 
 487              	 .loc 3 513 12
 488 0248 8F380081 	 and %d8,%d8,3
 489              	.LVL51:
 515:../Libraries/iLLD/TC4xx/CpuGeneric/Egtm/Std/IfxEgtm.h ****     {
 490              	 .loc 3 515 5 is_stmt 1
 515:../Libraries/iLLD/TC4xx/CpuGeneric/Egtm/Std/IfxEgtm.h ****     {
 491              	 .loc 3 515 8 is_stmt 0
 492 024c DF080000 	 jz %d8,.L41
 521:../Libraries/iLLD/TC4xx/CpuGeneric/Egtm/Std/IfxEgtm.h ****     }
 493              	 .loc 3 521 9 is_stmt 1
 494              	.LBB199:
 505:../Libraries/iLLD/TC4xx/CpuGeneric/Egtm/Std/IfxEgtm.h **** }
 495              	 .loc 3 505 5
 496              	.LBB200:
 497              	.LBB201:
2673:../Libraries/iLLD/TC4xx/CpuGeneric/Clock/Std/IfxClock.h ****     uint8  clkdiv[16] = {1, 1, 2, 3, 4, 5, 6, 6, 8, 8, 10, 10, 12, 12, 12, 15};
 498              	 .loc 4 2673 5
2673:../Libraries/iLLD/TC4xx/CpuGeneric/Clock/Std/IfxClock.h ****     uint8  clkdiv[16] = {1, 1, 2, 3, 4, 5, 6, 6, 8, 8, 10, 10, 12, 12, 12, 15};
 499              	 .loc 4 2673 43 is_stmt 0
 500 0250 9160002F 	 movh.a %a2,61446
 501 0254 D9225404 	 lea %a2,[%a2]17428
 502 0258 542A     	 ld.w %d10,[%a2]0
 503 025a 370A64A6 	 extr.u %d10,%d10,12,4
 504              	.LVL52:
2674:../Libraries/iLLD/TC4xx/CpuGeneric/Clock/Std/IfxClock.h ****     uint32 gtmFreq    = 0;
 505              	 .loc 4 2674 5 is_stmt 1
2674:../Libraries/iLLD/TC4xx/CpuGeneric/Clock/Std/IfxClock.h ****     uint32 gtmFreq    = 0;
 506              	 .loc 4 2674 12 is_stmt 0
 507 025e 91000020 	 movh.a %a2,hi:.LC0
 508 0262 D9220000 	 lea %a2,[%a2]lo:.LC0
 509 0266 D9E3F0FF 	 lea %a3,[%a14]-16
 510              	 
 511 026a 0422     	 ld.bu %d2,[%a2+]1
 512 026c 2432     	 st.b [%a3+]1,%d2
 513 026e 0422     	 ld.bu %d2,[%a2+]1
 514 0270 2432     	 st.b [%a3+]1,%d2
 515 0272 0422     	 ld.bu %d2,[%a2+]1
 516 0274 2432     	 st.b [%a3+]1,%d2
 517 0276 0422     	 ld.bu %d2,[%a2+]1
 518 0278 2432     	 st.b [%a3+]1,%d2
 519 027a 0422     	 ld.bu %d2,[%a2+]1
 520 027c 2432     	 st.b [%a3+]1,%d2
 521 027e 0422     	 ld.bu %d2,[%a2+]1
 522 0280 2432     	 st.b [%a3+]1,%d2
 523 0282 0422     	 ld.bu %d2,[%a2+]1
 524 0284 2432     	 st.b [%a3+]1,%d2
 525 0286 0422     	 ld.bu %d2,[%a2+]1
 526 0288 2432     	 st.b [%a3+]1,%d2
 527 028a 0422     	 ld.bu %d2,[%a2+]1
 528 028c 2432     	 st.b [%a3+]1,%d2
 529 028e 0422     	 ld.bu %d2,[%a2+]1
 530 0290 2432     	 st.b [%a3+]1,%d2
 531 0292 0422     	 ld.bu %d2,[%a2+]1
 532 0294 2432     	 st.b [%a3+]1,%d2
 533 0296 0422     	 ld.bu %d2,[%a2+]1
 534 0298 2432     	 st.b [%a3+]1,%d2
 535 029a 0422     	 ld.bu %d2,[%a2+]1
 536 029c 2432     	 st.b [%a3+]1,%d2
 537 029e 0422     	 ld.bu %d2,[%a2+]1
 538 02a0 2432     	 st.b [%a3+]1,%d2
 539 02a2 0422     	 ld.bu %d2,[%a2+]1
 540 02a4 2432     	 st.b [%a3+]1,%d2
 541 02a6 0422     	 ld.bu %d2,[%a2+]1
 542 02a8 2432     	 st.b [%a3+]1,%d2
 543              	.LVL53:
2675:../Libraries/iLLD/TC4xx/CpuGeneric/Clock/Std/IfxClock.h **** 
 544              	 .loc 4 2675 5 is_stmt 1
2677:../Libraries/iLLD/TC4xx/CpuGeneric/Clock/Std/IfxClock.h ****     {
 545              	 .loc 4 2677 5
2677:../Libraries/iLLD/TC4xx/CpuGeneric/Clock/Std/IfxClock.h ****     {
 546              	 .loc 4 2677 27 is_stmt 0
 547 02aa 9160002F 	 movh.a %a2,61446
 548 02ae D9225004 	 lea %a2,[%a2]17424
 549 02b2 5422     	 ld.w %d2,[%a2]0
2677:../Libraries/iLLD/TC4xx/CpuGeneric/Clock/Std/IfxClock.h ****     {
 550              	 .loc 4 2677 8
 551 02b4 EFC20080 	 jnz.t %d2,28,.L20
2680:../Libraries/iLLD/TC4xx/CpuGeneric/Clock/Std/IfxClock.h ****         {
 552              	 .loc 4 2680 9 is_stmt 1
2680:../Libraries/iLLD/TC4xx/CpuGeneric/Clock/Std/IfxClock.h ****         {
 553              	 .loc 4 2680 12 is_stmt 0
 554 02b8 DF0A0080 	 jnz %d10,.L57
2675:../Libraries/iLLD/TC4xx/CpuGeneric/Clock/Std/IfxClock.h **** 
 555              	 .loc 4 2675 12
 556 02bc 8202     	 mov %d2,0
 557              	.LVL54:
 558              	.L21:
 559              	 .loc 4 2690 5 is_stmt 1
 560              	.LBE201:
 561              	.LBE200:
 562              	.LBE199:
 521:../Libraries/iLLD/TC4xx/CpuGeneric/Egtm/Std/IfxEgtm.h ****     }
 563              	 .loc 3 521 14 is_stmt 0
 564 02be 4B821122 	 div.u %e2,%d2,%d8
 565              	.LVL55:
 566              	.L19:
 567              	 .loc 3 524 5 is_stmt 1
 568              	.LBE198:
 569              	.LBE197:
 377:../Libraries/iLLD/TC4xx/CpuGeneric/Egtm/Std/IfxEgtm_Cmu.h **** }
 570              	 .loc 2 377 12 is_stmt 0
 571 02c2 4B026121 	 utof %d2,%d2
 572              	.LVL56:
 573              	.LBE196:
 574              	.LBE195:
 371:../Libraries/iLLD/TC4xx/CpuGeneric/Egtm/Std/IfxEgtm_Cmu.h **** }
 575              	 .loc 2 371 49
 576 02c6 4B294190 	 mul.f %d9,%d9,%d2
 577              	.LVL57:
 578              	.LBE194:
 579              	.LBE193:
 580              	 .loc 1 64 108
 581 02ca 19C21420 	 ld.w %d2,[%a12]148
 582 02ce 37027820 	 extr.u %d2,%d2,0,24
 583              	 .loc 1 64 73
 584 02d2 4B026121 	 utof %d2,%d2
 585              	 .loc 1 64 117
 586 02d6 7B00F843 	 movh %d4,16256
 587 02da 6B042122 	 add.f %d2,%d2,%d4
 588              	 .loc 1 64 23
 589 02de 4B295120 	 div.f %d2,%d9,%d2
 590              	.LVL58:
  65:../Libraries/iLLD/TC4xx/CpuGeneric/Egtm/Std/IfxEgtm_Cmu.c ****             break;
 591              	 .loc 1 65 13 is_stmt 1
 592 02e2 0090     	 ret 
 593              	.LVL59:
 594              	.L57:
 595              	.LBB210:
 596              	.LBB209:
 597              	.LBB208:
 598              	.LBB207:
 599              	.LBB206:
 600              	.LBB205:
 601              	.LBB204:
 602              	.LBB203:
 603              	.LBB202:
2682:../Libraries/iLLD/TC4xx/CpuGeneric/Clock/Std/IfxClock.h ****         }
 604              	 .loc 4 2682 13
2682:../Libraries/iLLD/TC4xx/CpuGeneric/Clock/Std/IfxClock.h ****         }
 605              	 .loc 4 2682 23 is_stmt 0
 606 02e4 6D000000 	 call IfxClock_getSysSourceFrequency
 607              	.LVL60:
2682:../Libraries/iLLD/TC4xx/CpuGeneric/Clock/Std/IfxClock.h ****         }
 608              	 .loc 4 2682 64
 609 02e8 D9E2F0FF 	 lea %a2,[%a14]-16
 610 02ec 012A0026 	 addsc.a %a2,%a2,%d10,0
 611 02f0 1423     	 ld.bu %d3,[%a2]0
2682:../Libraries/iLLD/TC4xx/CpuGeneric/Clock/Std/IfxClock.h ****         }
 612              	 .loc 4 2682 21
 613 02f2 4B321122 	 div.u %e2,%d2,%d3
 614              	.LVL61:
 615 02f6 1D000000 	 j .L21
 616              	.LVL62:
 617              	.L20:
2687:../Libraries/iLLD/TC4xx/CpuGeneric/Clock/Std/IfxClock.h ****     }
 618              	 .loc 4 2687 9 is_stmt 1
2687:../Libraries/iLLD/TC4xx/CpuGeneric/Clock/Std/IfxClock.h ****     }
 619              	 .loc 4 2687 19 is_stmt 0
 620 02fa 6D000000 	 call IfxClock_getSysSourceFrequency
 621              	.LVL63:
2687:../Libraries/iLLD/TC4xx/CpuGeneric/Clock/Std/IfxClock.h ****     }
 622              	 .loc 4 2687 17
 623 02fe 7B908838 	 movh %d3,34953
 624 0302 1B938838 	 addi %d3,%d3,-30583
 625 0306 73326820 	 mul.u %e2,%d2,%d3
 626 030a 8FA31F20 	 sh %d2,%d3,-6
 627              	.LVL64:
 628 030e 1D000000 	 j .L21
 629              	.LVL65:
 630              	.L41:
 631              	.LBE202:
 632              	.LBE203:
 633              	.LBE204:
 517:../Libraries/iLLD/TC4xx/CpuGeneric/Egtm/Std/IfxEgtm.h ****     }
 634              	 .loc 3 517 14
 635 0312 8202     	 mov %d2,0
 636 0314 1D000000 	 j .L19
 637              	.LVL66:
 638              	.L9:
 639              	.LBE205:
 640              	.LBE206:
 641              	.LBE207:
 642              	.LBE208:
 643              	.LBE209:
 644              	.LBE210:
  66:../Libraries/iLLD/TC4xx/CpuGeneric/Egtm/Std/IfxEgtm_Cmu.c ****         case IfxEgtm_Cmu_Clk_3:
  67:../Libraries/iLLD/TC4xx/CpuGeneric/Egtm/Std/IfxEgtm_Cmu.c ****             frequency = (float32)(IfxEgtm_Cmu_getGclkFrequency(egtm) / ((float32)egtm->CLS->CMU.CLK
 645              	 .loc 1 67 13 is_stmt 1
 646              	.LBB211:
 647              	.LBB212:
 367:../Libraries/iLLD/TC4xx/CpuGeneric/Egtm/Std/IfxEgtm_Cmu.h ****     uint32  Z          = (uint32)egtm->CLS->CMU.GCLK_NUM.B.GCLK_NUM;
 648              	 .loc 2 367 5
 367:../Libraries/iLLD/TC4xx/CpuGeneric/Egtm/Std/IfxEgtm_Cmu.h ****     uint32  Z          = (uint32)egtm->CLS->CMU.GCLK_NUM.B.GCLK_NUM;
 649              	 .loc 2 367 59 is_stmt 0
 650 0318 19C30820 	 ld.w %d3,[%a12]136
 651 031c 37037830 	 extr.u %d3,%d3,0,24
 652              	.LVL67:
 368:../Libraries/iLLD/TC4xx/CpuGeneric/Egtm/Std/IfxEgtm_Cmu.h ****     float32 multiplier = (float32)((float32)N / (float32)Z);
 653              	 .loc 2 368 5 is_stmt 1
 368:../Libraries/iLLD/TC4xx/CpuGeneric/Egtm/Std/IfxEgtm_Cmu.h ****     float32 multiplier = (float32)((float32)N / (float32)Z);
 654              	 .loc 2 368 59 is_stmt 0
 655 0320 19C20420 	 ld.w %d2,[%a12]132
 656 0324 37027820 	 extr.u %d2,%d2,0,24
 657              	.LVL68:
 369:../Libraries/iLLD/TC4xx/CpuGeneric/Egtm/Std/IfxEgtm_Cmu.h **** 
 658              	 .loc 2 369 5 is_stmt 1
 369:../Libraries/iLLD/TC4xx/CpuGeneric/Egtm/Std/IfxEgtm_Cmu.h **** 
 659              	 .loc 2 369 36 is_stmt 0
 660 0328 4B036131 	 utof %d3,%d3
 661              	.LVL69:
 369:../Libraries/iLLD/TC4xx/CpuGeneric/Egtm/Std/IfxEgtm_Cmu.h **** 
 662              	 .loc 2 369 49
 663 032c 4B026121 	 utof %d2,%d2
 664              	.LVL70:
 369:../Libraries/iLLD/TC4xx/CpuGeneric/Egtm/Std/IfxEgtm_Cmu.h **** 
 665              	 .loc 2 369 13
 666 0330 4B235190 	 div.f %d9,%d3,%d2
 667              	.LVL71:
 371:../Libraries/iLLD/TC4xx/CpuGeneric/Egtm/Std/IfxEgtm_Cmu.h **** }
 668              	 .loc 2 371 5 is_stmt 1
 669              	.LBB213:
 670              	.LBB214:
 377:../Libraries/iLLD/TC4xx/CpuGeneric/Egtm/Std/IfxEgtm_Cmu.h **** }
 671              	 .loc 2 377 5
 672              	.LBB215:
 673              	.LBB216:
 511:../Libraries/iLLD/TC4xx/CpuGeneric/Egtm/Std/IfxEgtm.h ****     uint8  clsDiv = 0u;
 674              	 .loc 3 511 5
 512:../Libraries/iLLD/TC4xx/CpuGeneric/Egtm/Std/IfxEgtm.h ****     clsDiv = (uint8)(((egtm->CLS->ARCH.CLK_CFG.U) >> ((uint8)cluster << 1u)) & 0x3U);
 675              	 .loc 3 512 5
 513:../Libraries/iLLD/TC4xx/CpuGeneric/Egtm/Std/IfxEgtm.h **** 
 676              	 .loc 3 513 5
 513:../Libraries/iLLD/TC4xx/CpuGeneric/Egtm/Std/IfxEgtm.h **** 
 677              	 .loc 3 513 47 is_stmt 0
 678 0334 19C82C00 	 ld.w %d8,[%a12]44
 513:../Libraries/iLLD/TC4xx/CpuGeneric/Egtm/Std/IfxEgtm.h **** 
 679              	 .loc 3 513 12
 680 0338 8F380081 	 and %d8,%d8,3
 681              	.LVL72:
 515:../Libraries/iLLD/TC4xx/CpuGeneric/Egtm/Std/IfxEgtm.h ****     {
 682              	 .loc 3 515 5 is_stmt 1
 515:../Libraries/iLLD/TC4xx/CpuGeneric/Egtm/Std/IfxEgtm.h ****     {
 683              	 .loc 3 515 8 is_stmt 0
 684 033c DF080000 	 jz %d8,.L43
 521:../Libraries/iLLD/TC4xx/CpuGeneric/Egtm/Std/IfxEgtm.h ****     }
 685              	 .loc 3 521 9 is_stmt 1
 686              	.LBB217:
 505:../Libraries/iLLD/TC4xx/CpuGeneric/Egtm/Std/IfxEgtm.h **** }
 687              	 .loc 3 505 5
 688              	.LBB218:
 689              	.LBB219:
2673:../Libraries/iLLD/TC4xx/CpuGeneric/Clock/Std/IfxClock.h ****     uint8  clkdiv[16] = {1, 1, 2, 3, 4, 5, 6, 6, 8, 8, 10, 10, 12, 12, 12, 15};
 690              	 .loc 4 2673 5
2673:../Libraries/iLLD/TC4xx/CpuGeneric/Clock/Std/IfxClock.h ****     uint8  clkdiv[16] = {1, 1, 2, 3, 4, 5, 6, 6, 8, 8, 10, 10, 12, 12, 12, 15};
 691              	 .loc 4 2673 43 is_stmt 0
 692 0340 9160002F 	 movh.a %a2,61446
 693 0344 D9225404 	 lea %a2,[%a2]17428
 694 0348 542A     	 ld.w %d10,[%a2]0
 695 034a 370A64A6 	 extr.u %d10,%d10,12,4
 696              	.LVL73:
2674:../Libraries/iLLD/TC4xx/CpuGeneric/Clock/Std/IfxClock.h ****     uint32 gtmFreq    = 0;
 697              	 .loc 4 2674 5 is_stmt 1
2674:../Libraries/iLLD/TC4xx/CpuGeneric/Clock/Std/IfxClock.h ****     uint32 gtmFreq    = 0;
 698              	 .loc 4 2674 12 is_stmt 0
 699 034e 91000020 	 movh.a %a2,hi:.LC0
 700 0352 D9220000 	 lea %a2,[%a2]lo:.LC0
 701 0356 D9E3F0FF 	 lea %a3,[%a14]-16
 702              	 
 703 035a 0422     	 ld.bu %d2,[%a2+]1
 704 035c 2432     	 st.b [%a3+]1,%d2
 705 035e 0422     	 ld.bu %d2,[%a2+]1
 706 0360 2432     	 st.b [%a3+]1,%d2
 707 0362 0422     	 ld.bu %d2,[%a2+]1
 708 0364 2432     	 st.b [%a3+]1,%d2
 709 0366 0422     	 ld.bu %d2,[%a2+]1
 710 0368 2432     	 st.b [%a3+]1,%d2
 711 036a 0422     	 ld.bu %d2,[%a2+]1
 712 036c 2432     	 st.b [%a3+]1,%d2
 713 036e 0422     	 ld.bu %d2,[%a2+]1
 714 0370 2432     	 st.b [%a3+]1,%d2
 715 0372 0422     	 ld.bu %d2,[%a2+]1
 716 0374 2432     	 st.b [%a3+]1,%d2
 717 0376 0422     	 ld.bu %d2,[%a2+]1
 718 0378 2432     	 st.b [%a3+]1,%d2
 719 037a 0422     	 ld.bu %d2,[%a2+]1
 720 037c 2432     	 st.b [%a3+]1,%d2
 721 037e 0422     	 ld.bu %d2,[%a2+]1
 722 0380 2432     	 st.b [%a3+]1,%d2
 723 0382 0422     	 ld.bu %d2,[%a2+]1
 724 0384 2432     	 st.b [%a3+]1,%d2
 725 0386 0422     	 ld.bu %d2,[%a2+]1
 726 0388 2432     	 st.b [%a3+]1,%d2
 727 038a 0422     	 ld.bu %d2,[%a2+]1
 728 038c 2432     	 st.b [%a3+]1,%d2
 729 038e 0422     	 ld.bu %d2,[%a2+]1
 730 0390 2432     	 st.b [%a3+]1,%d2
 731 0392 0422     	 ld.bu %d2,[%a2+]1
 732 0394 2432     	 st.b [%a3+]1,%d2
 733 0396 0422     	 ld.bu %d2,[%a2+]1
 734 0398 2432     	 st.b [%a3+]1,%d2
 735              	.LVL74:
2675:../Libraries/iLLD/TC4xx/CpuGeneric/Clock/Std/IfxClock.h **** 
 736              	 .loc 4 2675 5 is_stmt 1
2677:../Libraries/iLLD/TC4xx/CpuGeneric/Clock/Std/IfxClock.h ****     {
 737              	 .loc 4 2677 5
2677:../Libraries/iLLD/TC4xx/CpuGeneric/Clock/Std/IfxClock.h ****     {
 738              	 .loc 4 2677 27 is_stmt 0
 739 039a 9160002F 	 movh.a %a2,61446
 740 039e D9225004 	 lea %a2,[%a2]17424
 741 03a2 5422     	 ld.w %d2,[%a2]0
2677:../Libraries/iLLD/TC4xx/CpuGeneric/Clock/Std/IfxClock.h ****     {
 742              	 .loc 4 2677 8
 743 03a4 EFC20080 	 jnz.t %d2,28,.L23
2680:../Libraries/iLLD/TC4xx/CpuGeneric/Clock/Std/IfxClock.h ****         {
 744              	 .loc 4 2680 9 is_stmt 1
2680:../Libraries/iLLD/TC4xx/CpuGeneric/Clock/Std/IfxClock.h ****         {
 745              	 .loc 4 2680 12 is_stmt 0
 746 03a8 DF0A0080 	 jnz %d10,.L58
2675:../Libraries/iLLD/TC4xx/CpuGeneric/Clock/Std/IfxClock.h **** 
 747              	 .loc 4 2675 12
 748 03ac 8202     	 mov %d2,0
 749              	.LVL75:
 750              	.L24:
 751              	 .loc 4 2690 5 is_stmt 1
 752              	.LBE219:
 753              	.LBE218:
 754              	.LBE217:
 521:../Libraries/iLLD/TC4xx/CpuGeneric/Egtm/Std/IfxEgtm.h ****     }
 755              	 .loc 3 521 14 is_stmt 0
 756 03ae 4B821122 	 div.u %e2,%d2,%d8
 757              	.LVL76:
 758              	.L22:
 759              	 .loc 3 524 5 is_stmt 1
 760              	.LBE216:
 761              	.LBE215:
 377:../Libraries/iLLD/TC4xx/CpuGeneric/Egtm/Std/IfxEgtm_Cmu.h **** }
 762              	 .loc 2 377 12 is_stmt 0
 763 03b2 4B026121 	 utof %d2,%d2
 764              	.LVL77:
 765              	.LBE214:
 766              	.LBE213:
 371:../Libraries/iLLD/TC4xx/CpuGeneric/Egtm/Std/IfxEgtm_Cmu.h **** }
 767              	 .loc 2 371 49
 768 03b6 4B294190 	 mul.f %d9,%d9,%d2
 769              	.LVL78:
 770              	.LBE212:
 771              	.LBE211:
 772              	 .loc 1 67 108
 773 03ba 19C21820 	 ld.w %d2,[%a12]152
 774 03be 37027820 	 extr.u %d2,%d2,0,24
 775              	 .loc 1 67 73
 776 03c2 4B026121 	 utof %d2,%d2
 777              	 .loc 1 67 117
 778 03c6 7B00F843 	 movh %d4,16256
 779 03ca 6B042122 	 add.f %d2,%d2,%d4
 780              	 .loc 1 67 23
 781 03ce 4B295120 	 div.f %d2,%d9,%d2
 782              	.LVL79:
  68:../Libraries/iLLD/TC4xx/CpuGeneric/Egtm/Std/IfxEgtm_Cmu.c ****             break;
 783              	 .loc 1 68 13 is_stmt 1
 784 03d2 0090     	 ret 
 785              	.LVL80:
 786              	.L58:
 787              	.LBB228:
 788              	.LBB227:
 789              	.LBB226:
 790              	.LBB225:
 791              	.LBB224:
 792              	.LBB223:
 793              	.LBB222:
 794              	.LBB221:
 795              	.LBB220:
2682:../Libraries/iLLD/TC4xx/CpuGeneric/Clock/Std/IfxClock.h ****         }
 796              	 .loc 4 2682 13
2682:../Libraries/iLLD/TC4xx/CpuGeneric/Clock/Std/IfxClock.h ****         }
 797              	 .loc 4 2682 23 is_stmt 0
 798 03d4 6D000000 	 call IfxClock_getSysSourceFrequency
 799              	.LVL81:
2682:../Libraries/iLLD/TC4xx/CpuGeneric/Clock/Std/IfxClock.h ****         }
 800              	 .loc 4 2682 64
 801 03d8 D9E2F0FF 	 lea %a2,[%a14]-16
 802 03dc 012A0026 	 addsc.a %a2,%a2,%d10,0
 803 03e0 1423     	 ld.bu %d3,[%a2]0
2682:../Libraries/iLLD/TC4xx/CpuGeneric/Clock/Std/IfxClock.h ****         }
 804              	 .loc 4 2682 21
 805 03e2 4B321122 	 div.u %e2,%d2,%d3
 806              	.LVL82:
 807 03e6 1D000000 	 j .L24
 808              	.LVL83:
 809              	.L23:
2687:../Libraries/iLLD/TC4xx/CpuGeneric/Clock/Std/IfxClock.h ****     }
 810              	 .loc 4 2687 9 is_stmt 1
2687:../Libraries/iLLD/TC4xx/CpuGeneric/Clock/Std/IfxClock.h ****     }
 811              	 .loc 4 2687 19 is_stmt 0
 812 03ea 6D000000 	 call IfxClock_getSysSourceFrequency
 813              	.LVL84:
2687:../Libraries/iLLD/TC4xx/CpuGeneric/Clock/Std/IfxClock.h ****     }
 814              	 .loc 4 2687 17
 815 03ee 7B908838 	 movh %d3,34953
 816 03f2 1B938838 	 addi %d3,%d3,-30583
 817 03f6 73326820 	 mul.u %e2,%d2,%d3
 818 03fa 8FA31F20 	 sh %d2,%d3,-6
 819              	.LVL85:
 820 03fe 1D000000 	 j .L24
 821              	.LVL86:
 822              	.L43:
 823              	.LBE220:
 824              	.LBE221:
 825              	.LBE222:
 517:../Libraries/iLLD/TC4xx/CpuGeneric/Egtm/Std/IfxEgtm.h ****     }
 826              	 .loc 3 517 14
 827 0402 8202     	 mov %d2,0
 828 0404 1D000000 	 j .L22
 829              	.LVL87:
 830              	.L8:
 831              	.LBE223:
 832              	.LBE224:
 833              	.LBE225:
 834              	.LBE226:
 835              	.LBE227:
 836              	.LBE228:
  69:../Libraries/iLLD/TC4xx/CpuGeneric/Egtm/Std/IfxEgtm_Cmu.c ****         case IfxEgtm_Cmu_Clk_4:
  70:../Libraries/iLLD/TC4xx/CpuGeneric/Egtm/Std/IfxEgtm_Cmu.c ****             frequency = (float32)(IfxEgtm_Cmu_getGclkFrequency(egtm) / ((float32)egtm->CLS->CMU.CLK
 837              	 .loc 1 70 13 is_stmt 1
 838              	.LBB229:
 839              	.LBB230:
 367:../Libraries/iLLD/TC4xx/CpuGeneric/Egtm/Std/IfxEgtm_Cmu.h ****     uint32  Z          = (uint32)egtm->CLS->CMU.GCLK_NUM.B.GCLK_NUM;
 840              	 .loc 2 367 5
 367:../Libraries/iLLD/TC4xx/CpuGeneric/Egtm/Std/IfxEgtm_Cmu.h ****     uint32  Z          = (uint32)egtm->CLS->CMU.GCLK_NUM.B.GCLK_NUM;
 841              	 .loc 2 367 59 is_stmt 0
 842 0408 19C30820 	 ld.w %d3,[%a12]136
 843 040c 37037830 	 extr.u %d3,%d3,0,24
 844              	.LVL88:
 368:../Libraries/iLLD/TC4xx/CpuGeneric/Egtm/Std/IfxEgtm_Cmu.h ****     float32 multiplier = (float32)((float32)N / (float32)Z);
 845              	 .loc 2 368 5 is_stmt 1
 368:../Libraries/iLLD/TC4xx/CpuGeneric/Egtm/Std/IfxEgtm_Cmu.h ****     float32 multiplier = (float32)((float32)N / (float32)Z);
 846              	 .loc 2 368 59 is_stmt 0
 847 0410 19C20420 	 ld.w %d2,[%a12]132
 848 0414 37027820 	 extr.u %d2,%d2,0,24
 849              	.LVL89:
 369:../Libraries/iLLD/TC4xx/CpuGeneric/Egtm/Std/IfxEgtm_Cmu.h **** 
 850              	 .loc 2 369 5 is_stmt 1
 369:../Libraries/iLLD/TC4xx/CpuGeneric/Egtm/Std/IfxEgtm_Cmu.h **** 
 851              	 .loc 2 369 36 is_stmt 0
 852 0418 4B036131 	 utof %d3,%d3
 853              	.LVL90:
 369:../Libraries/iLLD/TC4xx/CpuGeneric/Egtm/Std/IfxEgtm_Cmu.h **** 
 854              	 .loc 2 369 49
 855 041c 4B026121 	 utof %d2,%d2
 856              	.LVL91:
 369:../Libraries/iLLD/TC4xx/CpuGeneric/Egtm/Std/IfxEgtm_Cmu.h **** 
 857              	 .loc 2 369 13
 858 0420 4B235190 	 div.f %d9,%d3,%d2
 859              	.LVL92:
 371:../Libraries/iLLD/TC4xx/CpuGeneric/Egtm/Std/IfxEgtm_Cmu.h **** }
 860              	 .loc 2 371 5 is_stmt 1
 861              	.LBB231:
 862              	.LBB232:
 377:../Libraries/iLLD/TC4xx/CpuGeneric/Egtm/Std/IfxEgtm_Cmu.h **** }
 863              	 .loc 2 377 5
 864              	.LBB233:
 865              	.LBB234:
 511:../Libraries/iLLD/TC4xx/CpuGeneric/Egtm/Std/IfxEgtm.h ****     uint8  clsDiv = 0u;
 866              	 .loc 3 511 5
 512:../Libraries/iLLD/TC4xx/CpuGeneric/Egtm/Std/IfxEgtm.h ****     clsDiv = (uint8)(((egtm->CLS->ARCH.CLK_CFG.U) >> ((uint8)cluster << 1u)) & 0x3U);
 867              	 .loc 3 512 5
 513:../Libraries/iLLD/TC4xx/CpuGeneric/Egtm/Std/IfxEgtm.h **** 
 868              	 .loc 3 513 5
 513:../Libraries/iLLD/TC4xx/CpuGeneric/Egtm/Std/IfxEgtm.h **** 
 869              	 .loc 3 513 47 is_stmt 0
 870 0424 19C82C00 	 ld.w %d8,[%a12]44
 513:../Libraries/iLLD/TC4xx/CpuGeneric/Egtm/Std/IfxEgtm.h **** 
 871              	 .loc 3 513 12
 872 0428 8F380081 	 and %d8,%d8,3
 873              	.LVL93:
 515:../Libraries/iLLD/TC4xx/CpuGeneric/Egtm/Std/IfxEgtm.h ****     {
 874              	 .loc 3 515 5 is_stmt 1
 515:../Libraries/iLLD/TC4xx/CpuGeneric/Egtm/Std/IfxEgtm.h ****     {
 875              	 .loc 3 515 8 is_stmt 0
 876 042c DF080000 	 jz %d8,.L45
 521:../Libraries/iLLD/TC4xx/CpuGeneric/Egtm/Std/IfxEgtm.h ****     }
 877              	 .loc 3 521 9 is_stmt 1
 878              	.LBB235:
 505:../Libraries/iLLD/TC4xx/CpuGeneric/Egtm/Std/IfxEgtm.h **** }
 879              	 .loc 3 505 5
 880              	.LBB236:
 881              	.LBB237:
2673:../Libraries/iLLD/TC4xx/CpuGeneric/Clock/Std/IfxClock.h ****     uint8  clkdiv[16] = {1, 1, 2, 3, 4, 5, 6, 6, 8, 8, 10, 10, 12, 12, 12, 15};
 882              	 .loc 4 2673 5
2673:../Libraries/iLLD/TC4xx/CpuGeneric/Clock/Std/IfxClock.h ****     uint8  clkdiv[16] = {1, 1, 2, 3, 4, 5, 6, 6, 8, 8, 10, 10, 12, 12, 12, 15};
 883              	 .loc 4 2673 43 is_stmt 0
 884 0430 9160002F 	 movh.a %a2,61446
 885 0434 D9225404 	 lea %a2,[%a2]17428
 886 0438 542A     	 ld.w %d10,[%a2]0
 887 043a 370A64A6 	 extr.u %d10,%d10,12,4
 888              	.LVL94:
2674:../Libraries/iLLD/TC4xx/CpuGeneric/Clock/Std/IfxClock.h ****     uint32 gtmFreq    = 0;
 889              	 .loc 4 2674 5 is_stmt 1
2674:../Libraries/iLLD/TC4xx/CpuGeneric/Clock/Std/IfxClock.h ****     uint32 gtmFreq    = 0;
 890              	 .loc 4 2674 12 is_stmt 0
 891 043e 91000020 	 movh.a %a2,hi:.LC0
 892 0442 D9220000 	 lea %a2,[%a2]lo:.LC0
 893 0446 D9E3F0FF 	 lea %a3,[%a14]-16
 894              	 
 895 044a 0422     	 ld.bu %d2,[%a2+]1
 896 044c 2432     	 st.b [%a3+]1,%d2
 897 044e 0422     	 ld.bu %d2,[%a2+]1
 898 0450 2432     	 st.b [%a3+]1,%d2
 899 0452 0422     	 ld.bu %d2,[%a2+]1
 900 0454 2432     	 st.b [%a3+]1,%d2
 901 0456 0422     	 ld.bu %d2,[%a2+]1
 902 0458 2432     	 st.b [%a3+]1,%d2
 903 045a 0422     	 ld.bu %d2,[%a2+]1
 904 045c 2432     	 st.b [%a3+]1,%d2
 905 045e 0422     	 ld.bu %d2,[%a2+]1
 906 0460 2432     	 st.b [%a3+]1,%d2
 907 0462 0422     	 ld.bu %d2,[%a2+]1
 908 0464 2432     	 st.b [%a3+]1,%d2
 909 0466 0422     	 ld.bu %d2,[%a2+]1
 910 0468 2432     	 st.b [%a3+]1,%d2
 911 046a 0422     	 ld.bu %d2,[%a2+]1
 912 046c 2432     	 st.b [%a3+]1,%d2
 913 046e 0422     	 ld.bu %d2,[%a2+]1
 914 0470 2432     	 st.b [%a3+]1,%d2
 915 0472 0422     	 ld.bu %d2,[%a2+]1
 916 0474 2432     	 st.b [%a3+]1,%d2
 917 0476 0422     	 ld.bu %d2,[%a2+]1
 918 0478 2432     	 st.b [%a3+]1,%d2
 919 047a 0422     	 ld.bu %d2,[%a2+]1
 920 047c 2432     	 st.b [%a3+]1,%d2
 921 047e 0422     	 ld.bu %d2,[%a2+]1
 922 0480 2432     	 st.b [%a3+]1,%d2
 923 0482 0422     	 ld.bu %d2,[%a2+]1
 924 0484 2432     	 st.b [%a3+]1,%d2
 925 0486 0422     	 ld.bu %d2,[%a2+]1
 926 0488 2432     	 st.b [%a3+]1,%d2
 927              	.LVL95:
2675:../Libraries/iLLD/TC4xx/CpuGeneric/Clock/Std/IfxClock.h **** 
 928              	 .loc 4 2675 5 is_stmt 1
2677:../Libraries/iLLD/TC4xx/CpuGeneric/Clock/Std/IfxClock.h ****     {
 929              	 .loc 4 2677 5
2677:../Libraries/iLLD/TC4xx/CpuGeneric/Clock/Std/IfxClock.h ****     {
 930              	 .loc 4 2677 27 is_stmt 0
 931 048a 9160002F 	 movh.a %a2,61446
 932 048e D9225004 	 lea %a2,[%a2]17424
 933 0492 5422     	 ld.w %d2,[%a2]0
2677:../Libraries/iLLD/TC4xx/CpuGeneric/Clock/Std/IfxClock.h ****     {
 934              	 .loc 4 2677 8
 935 0494 EFC20080 	 jnz.t %d2,28,.L26
2680:../Libraries/iLLD/TC4xx/CpuGeneric/Clock/Std/IfxClock.h ****         {
 936              	 .loc 4 2680 9 is_stmt 1
2680:../Libraries/iLLD/TC4xx/CpuGeneric/Clock/Std/IfxClock.h ****         {
 937              	 .loc 4 2680 12 is_stmt 0
 938 0498 DF0A0080 	 jnz %d10,.L59
2675:../Libraries/iLLD/TC4xx/CpuGeneric/Clock/Std/IfxClock.h **** 
 939              	 .loc 4 2675 12
 940 049c 8202     	 mov %d2,0
 941              	.LVL96:
 942              	.L27:
 943              	 .loc 4 2690 5 is_stmt 1
 944              	.LBE237:
 945              	.LBE236:
 946              	.LBE235:
 521:../Libraries/iLLD/TC4xx/CpuGeneric/Egtm/Std/IfxEgtm.h ****     }
 947              	 .loc 3 521 14 is_stmt 0
 948 049e 4B821122 	 div.u %e2,%d2,%d8
 949              	.LVL97:
 950              	.L25:
 951              	 .loc 3 524 5 is_stmt 1
 952              	.LBE234:
 953              	.LBE233:
 377:../Libraries/iLLD/TC4xx/CpuGeneric/Egtm/Std/IfxEgtm_Cmu.h **** }
 954              	 .loc 2 377 12 is_stmt 0
 955 04a2 4B026121 	 utof %d2,%d2
 956              	.LVL98:
 957              	.LBE232:
 958              	.LBE231:
 371:../Libraries/iLLD/TC4xx/CpuGeneric/Egtm/Std/IfxEgtm_Cmu.h **** }
 959              	 .loc 2 371 49
 960 04a6 4B294190 	 mul.f %d9,%d9,%d2
 961              	.LVL99:
 962              	.LBE230:
 963              	.LBE229:
 964              	 .loc 1 70 108
 965 04aa 19C21C20 	 ld.w %d2,[%a12]156
 966 04ae 37027820 	 extr.u %d2,%d2,0,24
 967              	 .loc 1 70 73
 968 04b2 4B026121 	 utof %d2,%d2
 969              	 .loc 1 70 117
 970 04b6 7B00F843 	 movh %d4,16256
 971 04ba 6B042122 	 add.f %d2,%d2,%d4
 972              	 .loc 1 70 23
 973 04be 4B295120 	 div.f %d2,%d9,%d2
 974              	.LVL100:
  71:../Libraries/iLLD/TC4xx/CpuGeneric/Egtm/Std/IfxEgtm_Cmu.c ****             break;
 975              	 .loc 1 71 13 is_stmt 1
 976 04c2 0090     	 ret 
 977              	.LVL101:
 978              	.L59:
 979              	.LBB246:
 980              	.LBB245:
 981              	.LBB244:
 982              	.LBB243:
 983              	.LBB242:
 984              	.LBB241:
 985              	.LBB240:
 986              	.LBB239:
 987              	.LBB238:
2682:../Libraries/iLLD/TC4xx/CpuGeneric/Clock/Std/IfxClock.h ****         }
 988              	 .loc 4 2682 13
2682:../Libraries/iLLD/TC4xx/CpuGeneric/Clock/Std/IfxClock.h ****         }
 989              	 .loc 4 2682 23 is_stmt 0
 990 04c4 6D000000 	 call IfxClock_getSysSourceFrequency
 991              	.LVL102:
2682:../Libraries/iLLD/TC4xx/CpuGeneric/Clock/Std/IfxClock.h ****         }
 992              	 .loc 4 2682 64
 993 04c8 D9E2F0FF 	 lea %a2,[%a14]-16
 994 04cc 012A0026 	 addsc.a %a2,%a2,%d10,0
 995 04d0 1423     	 ld.bu %d3,[%a2]0
2682:../Libraries/iLLD/TC4xx/CpuGeneric/Clock/Std/IfxClock.h ****         }
 996              	 .loc 4 2682 21
 997 04d2 4B321122 	 div.u %e2,%d2,%d3
 998              	.LVL103:
 999 04d6 1D000000 	 j .L27
 1000              	.LVL104:
 1001              	.L26:
2687:../Libraries/iLLD/TC4xx/CpuGeneric/Clock/Std/IfxClock.h ****     }
 1002              	 .loc 4 2687 9 is_stmt 1
2687:../Libraries/iLLD/TC4xx/CpuGeneric/Clock/Std/IfxClock.h ****     }
 1003              	 .loc 4 2687 19 is_stmt 0
 1004 04da 6D000000 	 call IfxClock_getSysSourceFrequency
 1005              	.LVL105:
2687:../Libraries/iLLD/TC4xx/CpuGeneric/Clock/Std/IfxClock.h ****     }
 1006              	 .loc 4 2687 17
 1007 04de 7B908838 	 movh %d3,34953
 1008 04e2 1B938838 	 addi %d3,%d3,-30583
 1009 04e6 73326820 	 mul.u %e2,%d2,%d3
 1010 04ea 8FA31F20 	 sh %d2,%d3,-6
 1011              	.LVL106:
 1012 04ee 1D000000 	 j .L27
 1013              	.LVL107:
 1014              	.L45:
 1015              	.LBE238:
 1016              	.LBE239:
 1017              	.LBE240:
 517:../Libraries/iLLD/TC4xx/CpuGeneric/Egtm/Std/IfxEgtm.h ****     }
 1018              	 .loc 3 517 14
 1019 04f2 8202     	 mov %d2,0
 1020 04f4 1D000000 	 j .L25
 1021              	.LVL108:
 1022              	.L7:
 1023              	.LBE241:
 1024              	.LBE242:
 1025              	.LBE243:
 1026              	.LBE244:
 1027              	.LBE245:
 1028              	.LBE246:
  72:../Libraries/iLLD/TC4xx/CpuGeneric/Egtm/Std/IfxEgtm_Cmu.c ****         case IfxEgtm_Cmu_Clk_5:
  73:../Libraries/iLLD/TC4xx/CpuGeneric/Egtm/Std/IfxEgtm_Cmu.c ****             frequency = (float32)(IfxEgtm_Cmu_getGclkFrequency(egtm) / ((float32)egtm->CLS->CMU.CLK
 1029              	 .loc 1 73 13 is_stmt 1
 1030              	.LBB247:
 1031              	.LBB248:
 367:../Libraries/iLLD/TC4xx/CpuGeneric/Egtm/Std/IfxEgtm_Cmu.h ****     uint32  Z          = (uint32)egtm->CLS->CMU.GCLK_NUM.B.GCLK_NUM;
 1032              	 .loc 2 367 5
 367:../Libraries/iLLD/TC4xx/CpuGeneric/Egtm/Std/IfxEgtm_Cmu.h ****     uint32  Z          = (uint32)egtm->CLS->CMU.GCLK_NUM.B.GCLK_NUM;
 1033              	 .loc 2 367 59 is_stmt 0
 1034 04f8 19C30820 	 ld.w %d3,[%a12]136
 1035 04fc 37037830 	 extr.u %d3,%d3,0,24
 1036              	.LVL109:
 368:../Libraries/iLLD/TC4xx/CpuGeneric/Egtm/Std/IfxEgtm_Cmu.h ****     float32 multiplier = (float32)((float32)N / (float32)Z);
 1037              	 .loc 2 368 5 is_stmt 1
 368:../Libraries/iLLD/TC4xx/CpuGeneric/Egtm/Std/IfxEgtm_Cmu.h ****     float32 multiplier = (float32)((float32)N / (float32)Z);
 1038              	 .loc 2 368 59 is_stmt 0
 1039 0500 19C20420 	 ld.w %d2,[%a12]132
 1040 0504 37027820 	 extr.u %d2,%d2,0,24
 1041              	.LVL110:
 369:../Libraries/iLLD/TC4xx/CpuGeneric/Egtm/Std/IfxEgtm_Cmu.h **** 
 1042              	 .loc 2 369 5 is_stmt 1
 369:../Libraries/iLLD/TC4xx/CpuGeneric/Egtm/Std/IfxEgtm_Cmu.h **** 
 1043              	 .loc 2 369 36 is_stmt 0
 1044 0508 4B036131 	 utof %d3,%d3
 1045              	.LVL111:
 369:../Libraries/iLLD/TC4xx/CpuGeneric/Egtm/Std/IfxEgtm_Cmu.h **** 
 1046              	 .loc 2 369 49
 1047 050c 4B026121 	 utof %d2,%d2
 1048              	.LVL112:
 369:../Libraries/iLLD/TC4xx/CpuGeneric/Egtm/Std/IfxEgtm_Cmu.h **** 
 1049              	 .loc 2 369 13
 1050 0510 4B235190 	 div.f %d9,%d3,%d2
 1051              	.LVL113:
 371:../Libraries/iLLD/TC4xx/CpuGeneric/Egtm/Std/IfxEgtm_Cmu.h **** }
 1052              	 .loc 2 371 5 is_stmt 1
 1053              	.LBB249:
 1054              	.LBB250:
 377:../Libraries/iLLD/TC4xx/CpuGeneric/Egtm/Std/IfxEgtm_Cmu.h **** }
 1055              	 .loc 2 377 5
 1056              	.LBB251:
 1057              	.LBB252:
 511:../Libraries/iLLD/TC4xx/CpuGeneric/Egtm/Std/IfxEgtm.h ****     uint8  clsDiv = 0u;
 1058              	 .loc 3 511 5
 512:../Libraries/iLLD/TC4xx/CpuGeneric/Egtm/Std/IfxEgtm.h ****     clsDiv = (uint8)(((egtm->CLS->ARCH.CLK_CFG.U) >> ((uint8)cluster << 1u)) & 0x3U);
 1059              	 .loc 3 512 5
 513:../Libraries/iLLD/TC4xx/CpuGeneric/Egtm/Std/IfxEgtm.h **** 
 1060              	 .loc 3 513 5
 513:../Libraries/iLLD/TC4xx/CpuGeneric/Egtm/Std/IfxEgtm.h **** 
 1061              	 .loc 3 513 47 is_stmt 0
 1062 0514 19C82C00 	 ld.w %d8,[%a12]44
 513:../Libraries/iLLD/TC4xx/CpuGeneric/Egtm/Std/IfxEgtm.h **** 
 1063              	 .loc 3 513 12
 1064 0518 8F380081 	 and %d8,%d8,3
 1065              	.LVL114:
 515:../Libraries/iLLD/TC4xx/CpuGeneric/Egtm/Std/IfxEgtm.h ****     {
 1066              	 .loc 3 515 5 is_stmt 1
 515:../Libraries/iLLD/TC4xx/CpuGeneric/Egtm/Std/IfxEgtm.h ****     {
 1067              	 .loc 3 515 8 is_stmt 0
 1068 051c DF080000 	 jz %d8,.L47
 521:../Libraries/iLLD/TC4xx/CpuGeneric/Egtm/Std/IfxEgtm.h ****     }
 1069              	 .loc 3 521 9 is_stmt 1
 1070              	.LBB253:
 505:../Libraries/iLLD/TC4xx/CpuGeneric/Egtm/Std/IfxEgtm.h **** }
 1071              	 .loc 3 505 5
 1072              	.LBB254:
 1073              	.LBB255:
2673:../Libraries/iLLD/TC4xx/CpuGeneric/Clock/Std/IfxClock.h ****     uint8  clkdiv[16] = {1, 1, 2, 3, 4, 5, 6, 6, 8, 8, 10, 10, 12, 12, 12, 15};
 1074              	 .loc 4 2673 5
2673:../Libraries/iLLD/TC4xx/CpuGeneric/Clock/Std/IfxClock.h ****     uint8  clkdiv[16] = {1, 1, 2, 3, 4, 5, 6, 6, 8, 8, 10, 10, 12, 12, 12, 15};
 1075              	 .loc 4 2673 43 is_stmt 0
 1076 0520 9160002F 	 movh.a %a2,61446
 1077 0524 D9225404 	 lea %a2,[%a2]17428
 1078 0528 542A     	 ld.w %d10,[%a2]0
 1079 052a 370A64A6 	 extr.u %d10,%d10,12,4
 1080              	.LVL115:
2674:../Libraries/iLLD/TC4xx/CpuGeneric/Clock/Std/IfxClock.h ****     uint32 gtmFreq    = 0;
 1081              	 .loc 4 2674 5 is_stmt 1
2674:../Libraries/iLLD/TC4xx/CpuGeneric/Clock/Std/IfxClock.h ****     uint32 gtmFreq    = 0;
 1082              	 .loc 4 2674 12 is_stmt 0
 1083 052e 91000020 	 movh.a %a2,hi:.LC0
 1084 0532 D9220000 	 lea %a2,[%a2]lo:.LC0
 1085 0536 D9E3F0FF 	 lea %a3,[%a14]-16
 1086              	 
 1087 053a 0422     	 ld.bu %d2,[%a2+]1
 1088 053c 2432     	 st.b [%a3+]1,%d2
 1089 053e 0422     	 ld.bu %d2,[%a2+]1
 1090 0540 2432     	 st.b [%a3+]1,%d2
 1091 0542 0422     	 ld.bu %d2,[%a2+]1
 1092 0544 2432     	 st.b [%a3+]1,%d2
 1093 0546 0422     	 ld.bu %d2,[%a2+]1
 1094 0548 2432     	 st.b [%a3+]1,%d2
 1095 054a 0422     	 ld.bu %d2,[%a2+]1
 1096 054c 2432     	 st.b [%a3+]1,%d2
 1097 054e 0422     	 ld.bu %d2,[%a2+]1
 1098 0550 2432     	 st.b [%a3+]1,%d2
 1099 0552 0422     	 ld.bu %d2,[%a2+]1
 1100 0554 2432     	 st.b [%a3+]1,%d2
 1101 0556 0422     	 ld.bu %d2,[%a2+]1
 1102 0558 2432     	 st.b [%a3+]1,%d2
 1103 055a 0422     	 ld.bu %d2,[%a2+]1
 1104 055c 2432     	 st.b [%a3+]1,%d2
 1105 055e 0422     	 ld.bu %d2,[%a2+]1
 1106 0560 2432     	 st.b [%a3+]1,%d2
 1107 0562 0422     	 ld.bu %d2,[%a2+]1
 1108 0564 2432     	 st.b [%a3+]1,%d2
 1109 0566 0422     	 ld.bu %d2,[%a2+]1
 1110 0568 2432     	 st.b [%a3+]1,%d2
 1111 056a 0422     	 ld.bu %d2,[%a2+]1
 1112 056c 2432     	 st.b [%a3+]1,%d2
 1113 056e 0422     	 ld.bu %d2,[%a2+]1
 1114 0570 2432     	 st.b [%a3+]1,%d2
 1115 0572 0422     	 ld.bu %d2,[%a2+]1
 1116 0574 2432     	 st.b [%a3+]1,%d2
 1117 0576 0422     	 ld.bu %d2,[%a2+]1
 1118 0578 2432     	 st.b [%a3+]1,%d2
 1119              	.LVL116:
2675:../Libraries/iLLD/TC4xx/CpuGeneric/Clock/Std/IfxClock.h **** 
 1120              	 .loc 4 2675 5 is_stmt 1
2677:../Libraries/iLLD/TC4xx/CpuGeneric/Clock/Std/IfxClock.h ****     {
 1121              	 .loc 4 2677 5
2677:../Libraries/iLLD/TC4xx/CpuGeneric/Clock/Std/IfxClock.h ****     {
 1122              	 .loc 4 2677 27 is_stmt 0
 1123 057a 9160002F 	 movh.a %a2,61446
 1124 057e D9225004 	 lea %a2,[%a2]17424
 1125 0582 5422     	 ld.w %d2,[%a2]0
2677:../Libraries/iLLD/TC4xx/CpuGeneric/Clock/Std/IfxClock.h ****     {
 1126              	 .loc 4 2677 8
 1127 0584 EFC20080 	 jnz.t %d2,28,.L29
2680:../Libraries/iLLD/TC4xx/CpuGeneric/Clock/Std/IfxClock.h ****         {
 1128              	 .loc 4 2680 9 is_stmt 1
2680:../Libraries/iLLD/TC4xx/CpuGeneric/Clock/Std/IfxClock.h ****         {
 1129              	 .loc 4 2680 12 is_stmt 0
 1130 0588 DF0A0080 	 jnz %d10,.L60
2675:../Libraries/iLLD/TC4xx/CpuGeneric/Clock/Std/IfxClock.h **** 
 1131              	 .loc 4 2675 12
 1132 058c 8202     	 mov %d2,0
 1133              	.LVL117:
 1134              	.L30:
 1135              	 .loc 4 2690 5 is_stmt 1
 1136              	.LBE255:
 1137              	.LBE254:
 1138              	.LBE253:
 521:../Libraries/iLLD/TC4xx/CpuGeneric/Egtm/Std/IfxEgtm.h ****     }
 1139              	 .loc 3 521 14 is_stmt 0
 1140 058e 4B821122 	 div.u %e2,%d2,%d8
 1141              	.LVL118:
 1142              	.L28:
 1143              	 .loc 3 524 5 is_stmt 1
 1144              	.LBE252:
 1145              	.LBE251:
 377:../Libraries/iLLD/TC4xx/CpuGeneric/Egtm/Std/IfxEgtm_Cmu.h **** }
 1146              	 .loc 2 377 12 is_stmt 0
 1147 0592 4B026121 	 utof %d2,%d2
 1148              	.LVL119:
 1149              	.LBE250:
 1150              	.LBE249:
 371:../Libraries/iLLD/TC4xx/CpuGeneric/Egtm/Std/IfxEgtm_Cmu.h **** }
 1151              	 .loc 2 371 49
 1152 0596 4B294190 	 mul.f %d9,%d9,%d2
 1153              	.LVL120:
 1154              	.LBE248:
 1155              	.LBE247:
 1156              	 .loc 1 73 108
 1157 059a 19C22020 	 ld.w %d2,[%a12]160
 1158 059e 37027820 	 extr.u %d2,%d2,0,24
 1159              	 .loc 1 73 73
 1160 05a2 4B026121 	 utof %d2,%d2
 1161              	 .loc 1 73 117
 1162 05a6 7B00F843 	 movh %d4,16256
 1163 05aa 6B042122 	 add.f %d2,%d2,%d4
 1164              	 .loc 1 73 23
 1165 05ae 4B295120 	 div.f %d2,%d9,%d2
 1166              	.LVL121:
  74:../Libraries/iLLD/TC4xx/CpuGeneric/Egtm/Std/IfxEgtm_Cmu.c ****             break;
 1167              	 .loc 1 74 13 is_stmt 1
 1168 05b2 0090     	 ret 
 1169              	.LVL122:
 1170              	.L60:
 1171              	.LBB264:
 1172              	.LBB263:
 1173              	.LBB262:
 1174              	.LBB261:
 1175              	.LBB260:
 1176              	.LBB259:
 1177              	.LBB258:
 1178              	.LBB257:
 1179              	.LBB256:
2682:../Libraries/iLLD/TC4xx/CpuGeneric/Clock/Std/IfxClock.h ****         }
 1180              	 .loc 4 2682 13
2682:../Libraries/iLLD/TC4xx/CpuGeneric/Clock/Std/IfxClock.h ****         }
 1181              	 .loc 4 2682 23 is_stmt 0
 1182 05b4 6D000000 	 call IfxClock_getSysSourceFrequency
 1183              	.LVL123:
2682:../Libraries/iLLD/TC4xx/CpuGeneric/Clock/Std/IfxClock.h ****         }
 1184              	 .loc 4 2682 64
 1185 05b8 D9E2F0FF 	 lea %a2,[%a14]-16
 1186 05bc 012A0026 	 addsc.a %a2,%a2,%d10,0
 1187 05c0 1423     	 ld.bu %d3,[%a2]0
2682:../Libraries/iLLD/TC4xx/CpuGeneric/Clock/Std/IfxClock.h ****         }
 1188              	 .loc 4 2682 21
 1189 05c2 4B321122 	 div.u %e2,%d2,%d3
 1190              	.LVL124:
 1191 05c6 1D000000 	 j .L30
 1192              	.LVL125:
 1193              	.L29:
2687:../Libraries/iLLD/TC4xx/CpuGeneric/Clock/Std/IfxClock.h ****     }
 1194              	 .loc 4 2687 9 is_stmt 1
2687:../Libraries/iLLD/TC4xx/CpuGeneric/Clock/Std/IfxClock.h ****     }
 1195              	 .loc 4 2687 19 is_stmt 0
 1196 05ca 6D000000 	 call IfxClock_getSysSourceFrequency
 1197              	.LVL126:
2687:../Libraries/iLLD/TC4xx/CpuGeneric/Clock/Std/IfxClock.h ****     }
 1198              	 .loc 4 2687 17
 1199 05ce 7B908838 	 movh %d3,34953
 1200 05d2 1B938838 	 addi %d3,%d3,-30583
 1201 05d6 73326820 	 mul.u %e2,%d2,%d3
 1202 05da 8FA31F20 	 sh %d2,%d3,-6
 1203              	.LVL127:
 1204 05de 1D000000 	 j .L30
 1205              	.LVL128:
 1206              	.L47:
 1207              	.LBE256:
 1208              	.LBE257:
 1209              	.LBE258:
 517:../Libraries/iLLD/TC4xx/CpuGeneric/Egtm/Std/IfxEgtm.h ****     }
 1210              	 .loc 3 517 14
 1211 05e2 8202     	 mov %d2,0
 1212 05e4 1D000000 	 j .L28
 1213              	.LVL129:
 1214              	.L6:
 1215              	.LBE259:
 1216              	.LBE260:
 1217              	.LBE261:
 1218              	.LBE262:
 1219              	.LBE263:
 1220              	.LBE264:
  75:../Libraries/iLLD/TC4xx/CpuGeneric/Egtm/Std/IfxEgtm_Cmu.c ****         case IfxEgtm_Cmu_Clk_6:
  76:../Libraries/iLLD/TC4xx/CpuGeneric/Egtm/Std/IfxEgtm_Cmu.c **** 
  77:../Libraries/iLLD/TC4xx/CpuGeneric/Egtm/Std/IfxEgtm_Cmu.c ****             if (egtm->CLS->CMU.CLK_6_CTRL.B.CLK_SEL == 0u)
 1221              	 .loc 1 77 13 is_stmt 1
 1222              	 .loc 1 77 44 is_stmt 0
 1223 05e8 19C22420 	 ld.w %d2,[%a12]164
 1224 05ec 3702622C 	 extr.u %d2,%d2,24,2
 1225              	 .loc 1 77 16
 1226 05f0 DF020080 	 jnz %d2,.L49
  78:../Libraries/iLLD/TC4xx/CpuGeneric/Egtm/Std/IfxEgtm_Cmu.c ****             {
  79:../Libraries/iLLD/TC4xx/CpuGeneric/Egtm/Std/IfxEgtm_Cmu.c ****                 frequency = (float32)(IfxEgtm_Cmu_getGclkFrequency(egtm) / ((float32)egtm->CLS->CMU
 1227              	 .loc 1 79 17 is_stmt 1
 1228              	.LVL130:
 1229              	.LBB265:
 1230              	.LBB266:
 367:../Libraries/iLLD/TC4xx/CpuGeneric/Egtm/Std/IfxEgtm_Cmu.h ****     uint32  Z          = (uint32)egtm->CLS->CMU.GCLK_NUM.B.GCLK_NUM;
 1231              	 .loc 2 367 5
 367:../Libraries/iLLD/TC4xx/CpuGeneric/Egtm/Std/IfxEgtm_Cmu.h ****     uint32  Z          = (uint32)egtm->CLS->CMU.GCLK_NUM.B.GCLK_NUM;
 1232              	 .loc 2 367 59 is_stmt 0
 1233 05f4 19C30820 	 ld.w %d3,[%a12]136
 1234 05f8 37037830 	 extr.u %d3,%d3,0,24
 1235              	.LVL131:
 368:../Libraries/iLLD/TC4xx/CpuGeneric/Egtm/Std/IfxEgtm_Cmu.h ****     float32 multiplier = (float32)((float32)N / (float32)Z);
 1236              	 .loc 2 368 5 is_stmt 1
 368:../Libraries/iLLD/TC4xx/CpuGeneric/Egtm/Std/IfxEgtm_Cmu.h ****     float32 multiplier = (float32)((float32)N / (float32)Z);
 1237              	 .loc 2 368 59 is_stmt 0
 1238 05fc 19C20420 	 ld.w %d2,[%a12]132
 1239 0600 37027820 	 extr.u %d2,%d2,0,24
 1240              	.LVL132:
 369:../Libraries/iLLD/TC4xx/CpuGeneric/Egtm/Std/IfxEgtm_Cmu.h **** 
 1241              	 .loc 2 369 5 is_stmt 1
 369:../Libraries/iLLD/TC4xx/CpuGeneric/Egtm/Std/IfxEgtm_Cmu.h **** 
 1242              	 .loc 2 369 36 is_stmt 0
 1243 0604 4B036131 	 utof %d3,%d3
 1244              	.LVL133:
 369:../Libraries/iLLD/TC4xx/CpuGeneric/Egtm/Std/IfxEgtm_Cmu.h **** 
 1245              	 .loc 2 369 49
 1246 0608 4B026121 	 utof %d2,%d2
 1247              	.LVL134:
 369:../Libraries/iLLD/TC4xx/CpuGeneric/Egtm/Std/IfxEgtm_Cmu.h **** 
 1248              	 .loc 2 369 13
 1249 060c 4B235190 	 div.f %d9,%d3,%d2
 1250              	.LVL135:
 371:../Libraries/iLLD/TC4xx/CpuGeneric/Egtm/Std/IfxEgtm_Cmu.h **** }
 1251              	 .loc 2 371 5 is_stmt 1
 1252              	.LBB267:
 1253              	.LBB268:
 377:../Libraries/iLLD/TC4xx/CpuGeneric/Egtm/Std/IfxEgtm_Cmu.h **** }
 1254              	 .loc 2 377 5
 1255              	.LBB269:
 1256              	.LBB270:
 511:../Libraries/iLLD/TC4xx/CpuGeneric/Egtm/Std/IfxEgtm.h ****     uint8  clsDiv = 0u;
 1257              	 .loc 3 511 5
 512:../Libraries/iLLD/TC4xx/CpuGeneric/Egtm/Std/IfxEgtm.h ****     clsDiv = (uint8)(((egtm->CLS->ARCH.CLK_CFG.U) >> ((uint8)cluster << 1u)) & 0x3U);
 1258              	 .loc 3 512 5
 513:../Libraries/iLLD/TC4xx/CpuGeneric/Egtm/Std/IfxEgtm.h **** 
 1259              	 .loc 3 513 5
 513:../Libraries/iLLD/TC4xx/CpuGeneric/Egtm/Std/IfxEgtm.h **** 
 1260              	 .loc 3 513 47 is_stmt 0
 1261 0610 19C82C00 	 ld.w %d8,[%a12]44
 513:../Libraries/iLLD/TC4xx/CpuGeneric/Egtm/Std/IfxEgtm.h **** 
 1262              	 .loc 3 513 12
 1263 0614 8F380081 	 and %d8,%d8,3
 1264              	.LVL136:
 515:../Libraries/iLLD/TC4xx/CpuGeneric/Egtm/Std/IfxEgtm.h ****     {
 1265              	 .loc 3 515 5 is_stmt 1
 515:../Libraries/iLLD/TC4xx/CpuGeneric/Egtm/Std/IfxEgtm.h ****     {
 1266              	 .loc 3 515 8 is_stmt 0
 1267 0618 DF080000 	 jz %d8,.L50
 521:../Libraries/iLLD/TC4xx/CpuGeneric/Egtm/Std/IfxEgtm.h ****     }
 1268              	 .loc 3 521 9 is_stmt 1
 1269              	.LBB271:
 505:../Libraries/iLLD/TC4xx/CpuGeneric/Egtm/Std/IfxEgtm.h **** }
 1270              	 .loc 3 505 5
 1271              	.LBB272:
 1272              	.LBB273:
2673:../Libraries/iLLD/TC4xx/CpuGeneric/Clock/Std/IfxClock.h ****     uint8  clkdiv[16] = {1, 1, 2, 3, 4, 5, 6, 6, 8, 8, 10, 10, 12, 12, 12, 15};
 1273              	 .loc 4 2673 5
2673:../Libraries/iLLD/TC4xx/CpuGeneric/Clock/Std/IfxClock.h ****     uint8  clkdiv[16] = {1, 1, 2, 3, 4, 5, 6, 6, 8, 8, 10, 10, 12, 12, 12, 15};
 1274              	 .loc 4 2673 43 is_stmt 0
 1275 061c 9160002F 	 movh.a %a2,61446
 1276 0620 D9225404 	 lea %a2,[%a2]17428
 1277 0624 542A     	 ld.w %d10,[%a2]0
 1278 0626 370A64A6 	 extr.u %d10,%d10,12,4
 1279              	.LVL137:
2674:../Libraries/iLLD/TC4xx/CpuGeneric/Clock/Std/IfxClock.h ****     uint32 gtmFreq    = 0;
 1280              	 .loc 4 2674 5 is_stmt 1
2674:../Libraries/iLLD/TC4xx/CpuGeneric/Clock/Std/IfxClock.h ****     uint32 gtmFreq    = 0;
 1281              	 .loc 4 2674 12 is_stmt 0
 1282 062a 91000020 	 movh.a %a2,hi:.LC0
 1283 062e D9220000 	 lea %a2,[%a2]lo:.LC0
 1284 0632 D9E3F0FF 	 lea %a3,[%a14]-16
 1285              	 
 1286 0636 0422     	 ld.bu %d2,[%a2+]1
 1287 0638 2432     	 st.b [%a3+]1,%d2
 1288 063a 0422     	 ld.bu %d2,[%a2+]1
 1289 063c 2432     	 st.b [%a3+]1,%d2
 1290 063e 0422     	 ld.bu %d2,[%a2+]1
 1291 0640 2432     	 st.b [%a3+]1,%d2
 1292 0642 0422     	 ld.bu %d2,[%a2+]1
 1293 0644 2432     	 st.b [%a3+]1,%d2
 1294 0646 0422     	 ld.bu %d2,[%a2+]1
 1295 0648 2432     	 st.b [%a3+]1,%d2
 1296 064a 0422     	 ld.bu %d2,[%a2+]1
 1297 064c 2432     	 st.b [%a3+]1,%d2
 1298 064e 0422     	 ld.bu %d2,[%a2+]1
 1299 0650 2432     	 st.b [%a3+]1,%d2
 1300 0652 0422     	 ld.bu %d2,[%a2+]1
 1301 0654 2432     	 st.b [%a3+]1,%d2
 1302 0656 0422     	 ld.bu %d2,[%a2+]1
 1303 0658 2432     	 st.b [%a3+]1,%d2
 1304 065a 0422     	 ld.bu %d2,[%a2+]1
 1305 065c 2432     	 st.b [%a3+]1,%d2
 1306 065e 0422     	 ld.bu %d2,[%a2+]1
 1307 0660 2432     	 st.b [%a3+]1,%d2
 1308 0662 0422     	 ld.bu %d2,[%a2+]1
 1309 0664 2432     	 st.b [%a3+]1,%d2
 1310 0666 0422     	 ld.bu %d2,[%a2+]1
 1311 0668 2432     	 st.b [%a3+]1,%d2
 1312 066a 0422     	 ld.bu %d2,[%a2+]1
 1313 066c 2432     	 st.b [%a3+]1,%d2
 1314 066e 0422     	 ld.bu %d2,[%a2+]1
 1315 0670 2432     	 st.b [%a3+]1,%d2
 1316 0672 0422     	 ld.bu %d2,[%a2+]1
 1317 0674 2432     	 st.b [%a3+]1,%d2
 1318              	.LVL138:
2675:../Libraries/iLLD/TC4xx/CpuGeneric/Clock/Std/IfxClock.h **** 
 1319              	 .loc 4 2675 5 is_stmt 1
2677:../Libraries/iLLD/TC4xx/CpuGeneric/Clock/Std/IfxClock.h ****     {
 1320              	 .loc 4 2677 5
2677:../Libraries/iLLD/TC4xx/CpuGeneric/Clock/Std/IfxClock.h ****     {
 1321              	 .loc 4 2677 27 is_stmt 0
 1322 0676 9160002F 	 movh.a %a2,61446
 1323 067a D9225004 	 lea %a2,[%a2]17424
 1324 067e 5422     	 ld.w %d2,[%a2]0
2677:../Libraries/iLLD/TC4xx/CpuGeneric/Clock/Std/IfxClock.h ****     {
 1325              	 .loc 4 2677 8
 1326 0680 EFC20080 	 jnz.t %d2,28,.L32
2680:../Libraries/iLLD/TC4xx/CpuGeneric/Clock/Std/IfxClock.h ****         {
 1327              	 .loc 4 2680 9 is_stmt 1
2680:../Libraries/iLLD/TC4xx/CpuGeneric/Clock/Std/IfxClock.h ****         {
 1328              	 .loc 4 2680 12 is_stmt 0
 1329 0684 DF0A0080 	 jnz %d10,.L61
2675:../Libraries/iLLD/TC4xx/CpuGeneric/Clock/Std/IfxClock.h **** 
 1330              	 .loc 4 2675 12
 1331 0688 8202     	 mov %d2,0
 1332              	.LVL139:
 1333              	.L33:
 1334              	 .loc 4 2690 5 is_stmt 1
 1335              	.LBE273:
 1336              	.LBE272:
 1337              	.LBE271:
 521:../Libraries/iLLD/TC4xx/CpuGeneric/Egtm/Std/IfxEgtm.h ****     }
 1338              	 .loc 3 521 14 is_stmt 0
 1339 068a 4B821122 	 div.u %e2,%d2,%d8
 1340              	.LVL140:
 1341              	.L31:
 1342              	 .loc 3 524 5 is_stmt 1
 1343              	.LBE270:
 1344              	.LBE269:
 377:../Libraries/iLLD/TC4xx/CpuGeneric/Egtm/Std/IfxEgtm_Cmu.h **** }
 1345              	 .loc 2 377 12 is_stmt 0
 1346 068e 4B026121 	 utof %d2,%d2
 1347              	.LVL141:
 1348              	.LBE268:
 1349              	.LBE267:
 371:../Libraries/iLLD/TC4xx/CpuGeneric/Egtm/Std/IfxEgtm_Cmu.h **** }
 1350              	 .loc 2 371 49
 1351 0692 4B294190 	 mul.f %d9,%d9,%d2
 1352              	.LVL142:
 1353              	.LBE266:
 1354              	.LBE265:
 1355              	 .loc 1 79 113
 1356 0696 19C22420 	 ld.w %d2,[%a12]164
 1357 069a 37027820 	 extr.u %d2,%d2,0,24
 1358              	 .loc 1 79 77
 1359 069e 4B026121 	 utof %d2,%d2
 1360              	 .loc 1 79 122
 1361 06a2 7B00F843 	 movh %d4,16256
 1362 06a6 6B042122 	 add.f %d2,%d2,%d4
 1363              	 .loc 1 79 27
 1364 06aa 4B295120 	 div.f %d2,%d9,%d2
 1365              	.LVL143:
 1366 06ae 0090     	 ret 
 1367              	.LVL144:
 1368              	.L61:
 1369              	.LBB282:
 1370              	.LBB281:
 1371              	.LBB280:
 1372              	.LBB279:
 1373              	.LBB278:
 1374              	.LBB277:
 1375              	.LBB276:
 1376              	.LBB275:
 1377              	.LBB274:
2682:../Libraries/iLLD/TC4xx/CpuGeneric/Clock/Std/IfxClock.h ****         }
 1378              	 .loc 4 2682 13 is_stmt 1
2682:../Libraries/iLLD/TC4xx/CpuGeneric/Clock/Std/IfxClock.h ****         }
 1379              	 .loc 4 2682 23 is_stmt 0
 1380 06b0 6D000000 	 call IfxClock_getSysSourceFrequency
 1381              	.LVL145:
2682:../Libraries/iLLD/TC4xx/CpuGeneric/Clock/Std/IfxClock.h ****         }
 1382              	 .loc 4 2682 64
 1383 06b4 D9E2F0FF 	 lea %a2,[%a14]-16
 1384 06b8 012A0026 	 addsc.a %a2,%a2,%d10,0
 1385 06bc 1423     	 ld.bu %d3,[%a2]0
2682:../Libraries/iLLD/TC4xx/CpuGeneric/Clock/Std/IfxClock.h ****         }
 1386              	 .loc 4 2682 21
 1387 06be 4B321122 	 div.u %e2,%d2,%d3
 1388              	.LVL146:
 1389 06c2 1D000000 	 j .L33
 1390              	.LVL147:
 1391              	.L32:
2687:../Libraries/iLLD/TC4xx/CpuGeneric/Clock/Std/IfxClock.h ****     }
 1392              	 .loc 4 2687 9 is_stmt 1
2687:../Libraries/iLLD/TC4xx/CpuGeneric/Clock/Std/IfxClock.h ****     }
 1393              	 .loc 4 2687 19 is_stmt 0
 1394 06c6 6D000000 	 call IfxClock_getSysSourceFrequency
 1395              	.LVL148:
2687:../Libraries/iLLD/TC4xx/CpuGeneric/Clock/Std/IfxClock.h ****     }
 1396              	 .loc 4 2687 17
 1397 06ca 7B908838 	 movh %d3,34953
 1398 06ce 1B938838 	 addi %d3,%d3,-30583
 1399 06d2 73326820 	 mul.u %e2,%d2,%d3
 1400 06d6 8FA31F20 	 sh %d2,%d3,-6
 1401              	.LVL149:
 1402 06da 1D000000 	 j .L33
 1403              	.LVL150:
 1404              	.L50:
 1405              	.LBE274:
 1406              	.LBE275:
 1407              	.LBE276:
 517:../Libraries/iLLD/TC4xx/CpuGeneric/Egtm/Std/IfxEgtm.h ****     }
 1408              	 .loc 3 517 14
 1409 06de 8202     	 mov %d2,0
 1410 06e0 1D000000 	 j .L31
 1411              	.LVL151:
 1412              	.L4:
 1413              	.LBE277:
 1414              	.LBE278:
 1415              	.LBE279:
 1416              	.LBE280:
 1417              	.LBE281:
 1418              	.LBE282:
  80:../Libraries/iLLD/TC4xx/CpuGeneric/Egtm/Std/IfxEgtm_Cmu.c ****             }
  81:../Libraries/iLLD/TC4xx/CpuGeneric/Egtm/Std/IfxEgtm_Cmu.c **** 
  82:../Libraries/iLLD/TC4xx/CpuGeneric/Egtm/Std/IfxEgtm_Cmu.c ****             else    /* input tied to low, no dpll present */
  83:../Libraries/iLLD/TC4xx/CpuGeneric/Egtm/Std/IfxEgtm_Cmu.c ****             {
  84:../Libraries/iLLD/TC4xx/CpuGeneric/Egtm/Std/IfxEgtm_Cmu.c ****                 frequency = 0.0f;
  85:../Libraries/iLLD/TC4xx/CpuGeneric/Egtm/Std/IfxEgtm_Cmu.c ****                 /* TODO: Use signal of sub-module CCM0 for 11B (CCM0_CMU_CLK6) */
  86:../Libraries/iLLD/TC4xx/CpuGeneric/Egtm/Std/IfxEgtm_Cmu.c ****             }
  87:../Libraries/iLLD/TC4xx/CpuGeneric/Egtm/Std/IfxEgtm_Cmu.c **** 
  88:../Libraries/iLLD/TC4xx/CpuGeneric/Egtm/Std/IfxEgtm_Cmu.c ****             break;
  89:../Libraries/iLLD/TC4xx/CpuGeneric/Egtm/Std/IfxEgtm_Cmu.c ****         case IfxEgtm_Cmu_Clk_7:
  90:../Libraries/iLLD/TC4xx/CpuGeneric/Egtm/Std/IfxEgtm_Cmu.c **** 
  91:../Libraries/iLLD/TC4xx/CpuGeneric/Egtm/Std/IfxEgtm_Cmu.c ****             if (egtm->CLS->CMU.CLK_7_CTRL.B.CLK_SEL == 0u)
 1419              	 .loc 1 91 13 is_stmt 1
 1420              	 .loc 1 91 44 is_stmt 0
 1421 06e4 19C22820 	 ld.w %d2,[%a12]168
 1422 06e8 3702622C 	 extr.u %d2,%d2,24,2
 1423              	 .loc 1 91 16
 1424 06ec DF020080 	 jnz %d2,.L52
  92:../Libraries/iLLD/TC4xx/CpuGeneric/Egtm/Std/IfxEgtm_Cmu.c ****             {
  93:../Libraries/iLLD/TC4xx/CpuGeneric/Egtm/Std/IfxEgtm_Cmu.c ****                 frequency = (float32)(IfxEgtm_Cmu_getGclkFrequency(egtm) / ((float32)egtm->CLS->CMU
 1425              	 .loc 1 93 17 is_stmt 1
 1426              	.LVL152:
 1427              	.LBB283:
 1428              	.LBB284:
 367:../Libraries/iLLD/TC4xx/CpuGeneric/Egtm/Std/IfxEgtm_Cmu.h ****     uint32  Z          = (uint32)egtm->CLS->CMU.GCLK_NUM.B.GCLK_NUM;
 1429              	 .loc 2 367 5
 367:../Libraries/iLLD/TC4xx/CpuGeneric/Egtm/Std/IfxEgtm_Cmu.h ****     uint32  Z          = (uint32)egtm->CLS->CMU.GCLK_NUM.B.GCLK_NUM;
 1430              	 .loc 2 367 59 is_stmt 0
 1431 06f0 19C30820 	 ld.w %d3,[%a12]136
 1432 06f4 37037830 	 extr.u %d3,%d3,0,24
 1433              	.LVL153:
 368:../Libraries/iLLD/TC4xx/CpuGeneric/Egtm/Std/IfxEgtm_Cmu.h ****     float32 multiplier = (float32)((float32)N / (float32)Z);
 1434              	 .loc 2 368 5 is_stmt 1
 368:../Libraries/iLLD/TC4xx/CpuGeneric/Egtm/Std/IfxEgtm_Cmu.h ****     float32 multiplier = (float32)((float32)N / (float32)Z);
 1435              	 .loc 2 368 59 is_stmt 0
 1436 06f8 19C20420 	 ld.w %d2,[%a12]132
 1437 06fc 37027820 	 extr.u %d2,%d2,0,24
 1438              	.LVL154:
 369:../Libraries/iLLD/TC4xx/CpuGeneric/Egtm/Std/IfxEgtm_Cmu.h **** 
 1439              	 .loc 2 369 5 is_stmt 1
 369:../Libraries/iLLD/TC4xx/CpuGeneric/Egtm/Std/IfxEgtm_Cmu.h **** 
 1440              	 .loc 2 369 36 is_stmt 0
 1441 0700 4B036131 	 utof %d3,%d3
 1442              	.LVL155:
 369:../Libraries/iLLD/TC4xx/CpuGeneric/Egtm/Std/IfxEgtm_Cmu.h **** 
 1443              	 .loc 2 369 49
 1444 0704 4B026121 	 utof %d2,%d2
 1445              	.LVL156:
 369:../Libraries/iLLD/TC4xx/CpuGeneric/Egtm/Std/IfxEgtm_Cmu.h **** 
 1446              	 .loc 2 369 13
 1447 0708 4B235190 	 div.f %d9,%d3,%d2
 1448              	.LVL157:
 371:../Libraries/iLLD/TC4xx/CpuGeneric/Egtm/Std/IfxEgtm_Cmu.h **** }
 1449              	 .loc 2 371 5 is_stmt 1
 1450              	.LBB285:
 1451              	.LBB286:
 377:../Libraries/iLLD/TC4xx/CpuGeneric/Egtm/Std/IfxEgtm_Cmu.h **** }
 1452              	 .loc 2 377 5
 1453              	.LBB287:
 1454              	.LBB288:
 511:../Libraries/iLLD/TC4xx/CpuGeneric/Egtm/Std/IfxEgtm.h ****     uint8  clsDiv = 0u;
 1455              	 .loc 3 511 5
 512:../Libraries/iLLD/TC4xx/CpuGeneric/Egtm/Std/IfxEgtm.h ****     clsDiv = (uint8)(((egtm->CLS->ARCH.CLK_CFG.U) >> ((uint8)cluster << 1u)) & 0x3U);
 1456              	 .loc 3 512 5
 513:../Libraries/iLLD/TC4xx/CpuGeneric/Egtm/Std/IfxEgtm.h **** 
 1457              	 .loc 3 513 5
 513:../Libraries/iLLD/TC4xx/CpuGeneric/Egtm/Std/IfxEgtm.h **** 
 1458              	 .loc 3 513 47 is_stmt 0
 1459 070c 19C82C00 	 ld.w %d8,[%a12]44
 513:../Libraries/iLLD/TC4xx/CpuGeneric/Egtm/Std/IfxEgtm.h **** 
 1460              	 .loc 3 513 12
 1461 0710 8F380081 	 and %d8,%d8,3
 1462              	.LVL158:
 515:../Libraries/iLLD/TC4xx/CpuGeneric/Egtm/Std/IfxEgtm.h ****     {
 1463              	 .loc 3 515 5 is_stmt 1
 515:../Libraries/iLLD/TC4xx/CpuGeneric/Egtm/Std/IfxEgtm.h ****     {
 1464              	 .loc 3 515 8 is_stmt 0
 1465 0714 DF080000 	 jz %d8,.L53
 521:../Libraries/iLLD/TC4xx/CpuGeneric/Egtm/Std/IfxEgtm.h ****     }
 1466              	 .loc 3 521 9 is_stmt 1
 1467              	.LBB289:
 505:../Libraries/iLLD/TC4xx/CpuGeneric/Egtm/Std/IfxEgtm.h **** }
 1468              	 .loc 3 505 5
 1469              	.LBB290:
 1470              	.LBB291:
2673:../Libraries/iLLD/TC4xx/CpuGeneric/Clock/Std/IfxClock.h ****     uint8  clkdiv[16] = {1, 1, 2, 3, 4, 5, 6, 6, 8, 8, 10, 10, 12, 12, 12, 15};
 1471              	 .loc 4 2673 5
2673:../Libraries/iLLD/TC4xx/CpuGeneric/Clock/Std/IfxClock.h ****     uint8  clkdiv[16] = {1, 1, 2, 3, 4, 5, 6, 6, 8, 8, 10, 10, 12, 12, 12, 15};
 1472              	 .loc 4 2673 43 is_stmt 0
 1473 0718 9160002F 	 movh.a %a2,61446
 1474 071c D9225404 	 lea %a2,[%a2]17428
 1475 0720 542A     	 ld.w %d10,[%a2]0
 1476 0722 370A64A6 	 extr.u %d10,%d10,12,4
 1477              	.LVL159:
2674:../Libraries/iLLD/TC4xx/CpuGeneric/Clock/Std/IfxClock.h ****     uint32 gtmFreq    = 0;
 1478              	 .loc 4 2674 5 is_stmt 1
2674:../Libraries/iLLD/TC4xx/CpuGeneric/Clock/Std/IfxClock.h ****     uint32 gtmFreq    = 0;
 1479              	 .loc 4 2674 12 is_stmt 0
 1480 0726 91000020 	 movh.a %a2,hi:.LC0
 1481 072a D9220000 	 lea %a2,[%a2]lo:.LC0
 1482 072e D9E3F0FF 	 lea %a3,[%a14]-16
 1483              	 
 1484 0732 0422     	 ld.bu %d2,[%a2+]1
 1485 0734 2432     	 st.b [%a3+]1,%d2
 1486 0736 0422     	 ld.bu %d2,[%a2+]1
 1487 0738 2432     	 st.b [%a3+]1,%d2
 1488 073a 0422     	 ld.bu %d2,[%a2+]1
 1489 073c 2432     	 st.b [%a3+]1,%d2
 1490 073e 0422     	 ld.bu %d2,[%a2+]1
 1491 0740 2432     	 st.b [%a3+]1,%d2
 1492 0742 0422     	 ld.bu %d2,[%a2+]1
 1493 0744 2432     	 st.b [%a3+]1,%d2
 1494 0746 0422     	 ld.bu %d2,[%a2+]1
 1495 0748 2432     	 st.b [%a3+]1,%d2
 1496 074a 0422     	 ld.bu %d2,[%a2+]1
 1497 074c 2432     	 st.b [%a3+]1,%d2
 1498 074e 0422     	 ld.bu %d2,[%a2+]1
 1499 0750 2432     	 st.b [%a3+]1,%d2
 1500 0752 0422     	 ld.bu %d2,[%a2+]1
 1501 0754 2432     	 st.b [%a3+]1,%d2
 1502 0756 0422     	 ld.bu %d2,[%a2+]1
 1503 0758 2432     	 st.b [%a3+]1,%d2
 1504 075a 0422     	 ld.bu %d2,[%a2+]1
 1505 075c 2432     	 st.b [%a3+]1,%d2
 1506 075e 0422     	 ld.bu %d2,[%a2+]1
 1507 0760 2432     	 st.b [%a3+]1,%d2
 1508 0762 0422     	 ld.bu %d2,[%a2+]1
 1509 0764 2432     	 st.b [%a3+]1,%d2
 1510 0766 0422     	 ld.bu %d2,[%a2+]1
 1511 0768 2432     	 st.b [%a3+]1,%d2
 1512 076a 0422     	 ld.bu %d2,[%a2+]1
 1513 076c 2432     	 st.b [%a3+]1,%d2
 1514 076e 0422     	 ld.bu %d2,[%a2+]1
 1515 0770 2432     	 st.b [%a3+]1,%d2
 1516              	.LVL160:
2675:../Libraries/iLLD/TC4xx/CpuGeneric/Clock/Std/IfxClock.h **** 
 1517              	 .loc 4 2675 5 is_stmt 1
2677:../Libraries/iLLD/TC4xx/CpuGeneric/Clock/Std/IfxClock.h ****     {
 1518              	 .loc 4 2677 5
2677:../Libraries/iLLD/TC4xx/CpuGeneric/Clock/Std/IfxClock.h ****     {
 1519              	 .loc 4 2677 27 is_stmt 0
 1520 0772 9160002F 	 movh.a %a2,61446
 1521 0776 D9225004 	 lea %a2,[%a2]17424
 1522 077a 5422     	 ld.w %d2,[%a2]0
2677:../Libraries/iLLD/TC4xx/CpuGeneric/Clock/Std/IfxClock.h ****     {
 1523              	 .loc 4 2677 8
 1524 077c EFC20080 	 jnz.t %d2,28,.L35
2680:../Libraries/iLLD/TC4xx/CpuGeneric/Clock/Std/IfxClock.h ****         {
 1525              	 .loc 4 2680 9 is_stmt 1
2680:../Libraries/iLLD/TC4xx/CpuGeneric/Clock/Std/IfxClock.h ****         {
 1526              	 .loc 4 2680 12 is_stmt 0
 1527 0780 DF0A0080 	 jnz %d10,.L62
2675:../Libraries/iLLD/TC4xx/CpuGeneric/Clock/Std/IfxClock.h **** 
 1528              	 .loc 4 2675 12
 1529 0784 8202     	 mov %d2,0
 1530              	.LVL161:
 1531              	.L36:
 1532              	 .loc 4 2690 5 is_stmt 1
 1533              	.LBE291:
 1534              	.LBE290:
 1535              	.LBE289:
 521:../Libraries/iLLD/TC4xx/CpuGeneric/Egtm/Std/IfxEgtm.h ****     }
 1536              	 .loc 3 521 14 is_stmt 0
 1537 0786 4B821122 	 div.u %e2,%d2,%d8
 1538              	.LVL162:
 1539              	.L34:
 1540              	 .loc 3 524 5 is_stmt 1
 1541              	.LBE288:
 1542              	.LBE287:
 377:../Libraries/iLLD/TC4xx/CpuGeneric/Egtm/Std/IfxEgtm_Cmu.h **** }
 1543              	 .loc 2 377 12 is_stmt 0
 1544 078a 4B026121 	 utof %d2,%d2
 1545              	.LVL163:
 1546              	.LBE286:
 1547              	.LBE285:
 371:../Libraries/iLLD/TC4xx/CpuGeneric/Egtm/Std/IfxEgtm_Cmu.h **** }
 1548              	 .loc 2 371 49
 1549 078e 4B294190 	 mul.f %d9,%d9,%d2
 1550              	.LVL164:
 1551              	.LBE284:
 1552              	.LBE283:
 1553              	 .loc 1 93 113
 1554 0792 19C22820 	 ld.w %d2,[%a12]168
 1555 0796 37027820 	 extr.u %d2,%d2,0,24
 1556              	 .loc 1 93 77
 1557 079a 4B026121 	 utof %d2,%d2
 1558              	 .loc 1 93 122
 1559 079e 7B00F843 	 movh %d4,16256
 1560 07a2 6B042122 	 add.f %d2,%d2,%d4
 1561              	 .loc 1 93 27
 1562 07a6 4B295120 	 div.f %d2,%d9,%d2
 1563              	.LVL165:
 1564 07aa 0090     	 ret 
 1565              	.LVL166:
 1566              	.L62:
 1567              	.LBB300:
 1568              	.LBB299:
 1569              	.LBB298:
 1570              	.LBB297:
 1571              	.LBB296:
 1572              	.LBB295:
 1573              	.LBB294:
 1574              	.LBB293:
 1575              	.LBB292:
2682:../Libraries/iLLD/TC4xx/CpuGeneric/Clock/Std/IfxClock.h ****         }
 1576              	 .loc 4 2682 13 is_stmt 1
2682:../Libraries/iLLD/TC4xx/CpuGeneric/Clock/Std/IfxClock.h ****         }
 1577              	 .loc 4 2682 23 is_stmt 0
 1578 07ac 6D000000 	 call IfxClock_getSysSourceFrequency
 1579              	.LVL167:
2682:../Libraries/iLLD/TC4xx/CpuGeneric/Clock/Std/IfxClock.h ****         }
 1580              	 .loc 4 2682 64
 1581 07b0 D9E2F0FF 	 lea %a2,[%a14]-16
 1582 07b4 012A0026 	 addsc.a %a2,%a2,%d10,0
 1583 07b8 1423     	 ld.bu %d3,[%a2]0
2682:../Libraries/iLLD/TC4xx/CpuGeneric/Clock/Std/IfxClock.h ****         }
 1584              	 .loc 4 2682 21
 1585 07ba 4B321122 	 div.u %e2,%d2,%d3
 1586              	.LVL168:
 1587 07be 1D000000 	 j .L36
 1588              	.LVL169:
 1589              	.L35:
2687:../Libraries/iLLD/TC4xx/CpuGeneric/Clock/Std/IfxClock.h ****     }
 1590              	 .loc 4 2687 9 is_stmt 1
2687:../Libraries/iLLD/TC4xx/CpuGeneric/Clock/Std/IfxClock.h ****     }
 1591              	 .loc 4 2687 19 is_stmt 0
 1592 07c2 6D000000 	 call IfxClock_getSysSourceFrequency
 1593              	.LVL170:
2687:../Libraries/iLLD/TC4xx/CpuGeneric/Clock/Std/IfxClock.h ****     }
 1594              	 .loc 4 2687 17
 1595 07c6 7B908838 	 movh %d3,34953
 1596 07ca 1B938838 	 addi %d3,%d3,-30583
 1597 07ce 73326820 	 mul.u %e2,%d2,%d3
 1598 07d2 8FA31F20 	 sh %d2,%d3,-6
 1599              	.LVL171:
 1600 07d6 1D000000 	 j .L36
 1601              	.LVL172:
 1602              	.L53:
 1603              	.LBE292:
 1604              	.LBE293:
 1605              	.LBE294:
 517:../Libraries/iLLD/TC4xx/CpuGeneric/Egtm/Std/IfxEgtm.h ****     }
 1606              	 .loc 3 517 14
 1607 07da 8202     	 mov %d2,0
 1608 07dc 1D000000 	 j .L34
 1609              	.LVL173:
 1610              	.L37:
 1611              	.LBE295:
 1612              	.LBE296:
 1613              	.LBE297:
 1614              	.LBE298:
 1615              	.LBE299:
 1616              	.LBE300:
  94:../Libraries/iLLD/TC4xx/CpuGeneric/Egtm/Std/IfxEgtm_Cmu.c ****             }
  95:../Libraries/iLLD/TC4xx/CpuGeneric/Egtm/Std/IfxEgtm_Cmu.c **** 
  96:../Libraries/iLLD/TC4xx/CpuGeneric/Egtm/Std/IfxEgtm_Cmu.c ****             else    /* input tied to low, no dpll present */
  97:../Libraries/iLLD/TC4xx/CpuGeneric/Egtm/Std/IfxEgtm_Cmu.c ****             {
  98:../Libraries/iLLD/TC4xx/CpuGeneric/Egtm/Std/IfxEgtm_Cmu.c ****                 frequency = 0.0f;
  99:../Libraries/iLLD/TC4xx/CpuGeneric/Egtm/Std/IfxEgtm_Cmu.c ****             }
 100:../Libraries/iLLD/TC4xx/CpuGeneric/Egtm/Std/IfxEgtm_Cmu.c **** 
 101:../Libraries/iLLD/TC4xx/CpuGeneric/Egtm/Std/IfxEgtm_Cmu.c ****             break;
 102:../Libraries/iLLD/TC4xx/CpuGeneric/Egtm/Std/IfxEgtm_Cmu.c ****         default:
 103:../Libraries/iLLD/TC4xx/CpuGeneric/Egtm/Std/IfxEgtm_Cmu.c ****             frequency = (float32)0.0f;
 104:../Libraries/iLLD/TC4xx/CpuGeneric/Egtm/Std/IfxEgtm_Cmu.c ****             break;
 105:../Libraries/iLLD/TC4xx/CpuGeneric/Egtm/Std/IfxEgtm_Cmu.c ****         }
 106:../Libraries/iLLD/TC4xx/CpuGeneric/Egtm/Std/IfxEgtm_Cmu.c ****     }
 107:../Libraries/iLLD/TC4xx/CpuGeneric/Egtm/Std/IfxEgtm_Cmu.c ****     else
 108:../Libraries/iLLD/TC4xx/CpuGeneric/Egtm/Std/IfxEgtm_Cmu.c ****     {
 109:../Libraries/iLLD/TC4xx/CpuGeneric/Egtm/Std/IfxEgtm_Cmu.c ****         frequency = (float32)0.0f;
 1617              	 .loc 1 109 19
 1618 07e0 8202     	 mov %d2,0
 1619 07e2 0090     	 ret 
 1620              	.LVL174:
 1621              	.L38:
  55:../Libraries/iLLD/TC4xx/CpuGeneric/Egtm/Std/IfxEgtm_Cmu.c ****         {
 1622              	 .loc 1 55 9
 1623 07e4 8202     	 mov %d2,0
 1624 07e6 0090     	 ret 
 1625              	.L49:
  84:../Libraries/iLLD/TC4xx/CpuGeneric/Egtm/Std/IfxEgtm_Cmu.c ****                 /* TODO: Use signal of sub-module CCM0 for 11B (CCM0_CMU_CLK6) */
 1626              	 .loc 1 84 27
 1627 07e8 8202     	 mov %d2,0
 1628 07ea 0090     	 ret 
 1629              	.L52:
  98:../Libraries/iLLD/TC4xx/CpuGeneric/Egtm/Std/IfxEgtm_Cmu.c ****             }
 1630              	 .loc 1 98 27
 1631 07ec 8202     	 mov %d2,0
 1632              	.LVL175:
 110:../Libraries/iLLD/TC4xx/CpuGeneric/Egtm/Std/IfxEgtm_Cmu.c ****     }
 111:../Libraries/iLLD/TC4xx/CpuGeneric/Egtm/Std/IfxEgtm_Cmu.c **** 
 112:../Libraries/iLLD/TC4xx/CpuGeneric/Egtm/Std/IfxEgtm_Cmu.c ****     return frequency;
 1633              	 .loc 1 112 5 is_stmt 1
 113:../Libraries/iLLD/TC4xx/CpuGeneric/Egtm/Std/IfxEgtm_Cmu.c **** }
 1634              	 .loc 1 113 1 is_stmt 0
 1635 07ee 0090     	 ret 
 1636              	.LFE279:
 1638              	 .global IfxEgtm_Cmu_getClkFrequency_end
 1639              	IfxEgtm_Cmu_getClkFrequency_end:
 1640              	 .section .text.IfxEgtm_Cmu_getEclkFrequency,"ax",@progbits
 1641              	 .align 1
 1642              	 .global IfxEgtm_Cmu_getEclkFrequency
 1644              	IfxEgtm_Cmu_getEclkFrequency:
 1645              	.LFB280:
 114:../Libraries/iLLD/TC4xx/CpuGeneric/Egtm/Std/IfxEgtm_Cmu.c **** 
 115:../Libraries/iLLD/TC4xx/CpuGeneric/Egtm/Std/IfxEgtm_Cmu.c **** 
 116:../Libraries/iLLD/TC4xx/CpuGeneric/Egtm/Std/IfxEgtm_Cmu.c **** float32 IfxEgtm_Cmu_getEclkFrequency(Ifx_EGTM *egtm, IfxEgtm_Cmu_Eclk clkIndex, boolean assumeEnabl
 117:../Libraries/iLLD/TC4xx/CpuGeneric/Egtm/Std/IfxEgtm_Cmu.c **** {
 1646              	 .loc 1 117 1 is_stmt 1
 1647              	.LVL176:
 1648 0000 40AE     	 mov.aa %a14,%SP
 1649              	.LCFI1:
 1650 0002 2010     	 sub.a %SP,16
 118:../Libraries/iLLD/TC4xx/CpuGeneric/Egtm/Std/IfxEgtm_Cmu.c ****     float32 frequency;
 1651              	 .loc 1 118 5
 119:../Libraries/iLLD/TC4xx/CpuGeneric/Egtm/Std/IfxEgtm_Cmu.c **** 
 120:../Libraries/iLLD/TC4xx/CpuGeneric/Egtm/Std/IfxEgtm_Cmu.c ****     if ((IfxEgtm_Cmu_isEclkClockEnabled(egtm, clkIndex) == TRUE) || (assumeEnabled != FALSE))
 1652              	 .loc 1 120 5
 1653              	.LVL177:
 1654              	.LBB301:
 1655              	.LBB302:
 386:../Libraries/iLLD/TC4xx/CpuGeneric/Egtm/Std/IfxEgtm_Cmu.h **** }
 387:../Libraries/iLLD/TC4xx/CpuGeneric/Egtm/Std/IfxEgtm_Cmu.h **** 
 388:../Libraries/iLLD/TC4xx/CpuGeneric/Egtm/Std/IfxEgtm_Cmu.h **** 
 389:../Libraries/iLLD/TC4xx/CpuGeneric/Egtm/Std/IfxEgtm_Cmu.h **** IFX_INLINE boolean IfxEgtm_Cmu_isEclkClockEnabled(Ifx_EGTM *egtm, IfxEgtm_Cmu_Eclk clkIndex)
 390:../Libraries/iLLD/TC4xx/CpuGeneric/Egtm/Std/IfxEgtm_Cmu.h **** {
 391:../Libraries/iLLD/TC4xx/CpuGeneric/Egtm/Std/IfxEgtm_Cmu.h ****     boolean enabled;
 1656              	 .loc 2 391 5
 392:../Libraries/iLLD/TC4xx/CpuGeneric/Egtm/Std/IfxEgtm_Cmu.h ****     enabled = (((egtm->CLS->CMU.CLK_EN.U >> (2u * (uint8)clkIndex + 16u)) & IFX_EGTM_CLS_CMU_CLK_EN
 1657              	 .loc 2 392 5
 1658              	 .loc 2 392 39 is_stmt 0
 1659 0004 19430020 	 ld.w %d3,[%a4]128
 1660              	 .loc 2 392 67
 1661 0008 8FF40F21 	 and %d2,%d4,255
 1662 000c 1B820020 	 addi %d2,%d2,8
 1663 0010 0612     	 sh %d2,1
 1664              	 .loc 2 392 75
 1665 0012 57036222 	 extr.u %d2,%d3,%d2,2
 1666              	 .loc 2 392 13
 1667 0016 DF320000 	 jeq %d2,3,.L64
 1668              	.LVL178:
 393:../Libraries/iLLD/TC4xx/CpuGeneric/Egtm/Std/IfxEgtm_Cmu.h ****     return enabled;
 1669              	 .loc 2 393 5 is_stmt 1
 1670              	.LBE302:
 1671              	.LBE301:
 1672              	 .loc 1 120 66 is_stmt 0
 1673 001a DF050000 	 jz %d5,.L69
 1674              	.LVL179:
 1675              	.L64:
 1676              	.LBB303:
 121:../Libraries/iLLD/TC4xx/CpuGeneric/Egtm/Std/IfxEgtm_Cmu.c ****     {
 122:../Libraries/iLLD/TC4xx/CpuGeneric/Egtm/Std/IfxEgtm_Cmu.c ****         float32 Z = 0.0f;
 1677              	 .loc 1 122 9 is_stmt 1
 123:../Libraries/iLLD/TC4xx/CpuGeneric/Egtm/Std/IfxEgtm_Cmu.c ****         float32 N = 0.0f;
 1678              	 .loc 1 123 9
 124:../Libraries/iLLD/TC4xx/CpuGeneric/Egtm/Std/IfxEgtm_Cmu.c ****         Z = (float32)egtm->CLS->CMU.ECLK[clkIndex].NUM.B.ECLK_NUM;
 1679              	 .loc 1 124 9
 1680              	 .loc 1 124 57 is_stmt 0
 1681 001e 8F340020 	 sh %d2,%d4,3
 1682 0022 01420026 	 addsc.a %a2,%a4,%d2,0
 1683 0026 19222C20 	 ld.w %d2,[%a2]172
 1684 002a 37027820 	 extr.u %d2,%d2,0,24
 1685              	 .loc 1 124 11
 1686 002e 4B026121 	 utof %d2,%d2
 1687              	.LVL180:
 125:../Libraries/iLLD/TC4xx/CpuGeneric/Egtm/Std/IfxEgtm_Cmu.c ****         N = (float32)egtm->CLS->CMU.ECLK[clkIndex].DEN.B.ECLK_DEN;
 1688              	 .loc 1 125 9 is_stmt 1
 1689              	 .loc 1 125 57 is_stmt 0
 1690 0032 1B640130 	 addi %d3,%d4,22
 1691 0036 0633     	 sh %d3,3
 1692 0038 01430026 	 addsc.a %a2,%a4,%d3,0
 1693 003c 5423     	 ld.w %d3,[%a2]0
 1694 003e 37037830 	 extr.u %d3,%d3,0,24
 1695              	 .loc 1 125 11
 1696 0042 4B036131 	 utof %d3,%d3
 1697              	.LVL181:
 126:../Libraries/iLLD/TC4xx/CpuGeneric/Egtm/Std/IfxEgtm_Cmu.c **** 
 127:../Libraries/iLLD/TC4xx/CpuGeneric/Egtm/Std/IfxEgtm_Cmu.c ****         float32 multiplier = N / Z / 2.0f;
 1698              	 .loc 1 127 9 is_stmt 1
 1699              	 .loc 1 127 32 is_stmt 0
 1700 0046 4B235120 	 div.f %d2,%d3,%d2
 1701              	.LVL182:
 1702              	 .loc 1 127 17
 1703 004a 7B00F093 	 movh %d9,16128
 1704 004e 4B924190 	 mul.f %d9,%d2,%d9
 1705              	.LVL183:
 128:../Libraries/iLLD/TC4xx/CpuGeneric/Egtm/Std/IfxEgtm_Cmu.c ****         frequency = IfxEgtm_Cmu_getGclkFrequency(egtm) * multiplier;
 1706              	 .loc 1 128 9 is_stmt 1
 1707              	.LBB304:
 1708              	.LBB305:
 367:../Libraries/iLLD/TC4xx/CpuGeneric/Egtm/Std/IfxEgtm_Cmu.h ****     uint32  Z          = (uint32)egtm->CLS->CMU.GCLK_NUM.B.GCLK_NUM;
 1709              	 .loc 2 367 5
 367:../Libraries/iLLD/TC4xx/CpuGeneric/Egtm/Std/IfxEgtm_Cmu.h ****     uint32  Z          = (uint32)egtm->CLS->CMU.GCLK_NUM.B.GCLK_NUM;
 1710              	 .loc 2 367 59 is_stmt 0
 1711 0052 19430820 	 ld.w %d3,[%a4]136
 1712              	.LVL184:
 1713 0056 37037830 	 extr.u %d3,%d3,0,24
 1714              	.LVL185:
 368:../Libraries/iLLD/TC4xx/CpuGeneric/Egtm/Std/IfxEgtm_Cmu.h ****     float32 multiplier = (float32)((float32)N / (float32)Z);
 1715              	 .loc 2 368 5 is_stmt 1
 368:../Libraries/iLLD/TC4xx/CpuGeneric/Egtm/Std/IfxEgtm_Cmu.h ****     float32 multiplier = (float32)((float32)N / (float32)Z);
 1716              	 .loc 2 368 59 is_stmt 0
 1717 005a 19420420 	 ld.w %d2,[%a4]132
 1718 005e 37027820 	 extr.u %d2,%d2,0,24
 1719              	.LVL186:
 369:../Libraries/iLLD/TC4xx/CpuGeneric/Egtm/Std/IfxEgtm_Cmu.h **** 
 1720              	 .loc 2 369 5 is_stmt 1
 369:../Libraries/iLLD/TC4xx/CpuGeneric/Egtm/Std/IfxEgtm_Cmu.h **** 
 1721              	 .loc 2 369 36 is_stmt 0
 1722 0062 4B036131 	 utof %d3,%d3
 1723              	.LVL187:
 369:../Libraries/iLLD/TC4xx/CpuGeneric/Egtm/Std/IfxEgtm_Cmu.h **** 
 1724              	 .loc 2 369 49
 1725 0066 4B026121 	 utof %d2,%d2
 1726              	.LVL188:
 369:../Libraries/iLLD/TC4xx/CpuGeneric/Egtm/Std/IfxEgtm_Cmu.h **** 
 1727              	 .loc 2 369 13
 1728 006a 4B2351A0 	 div.f %d10,%d3,%d2
 1729              	.LVL189:
 371:../Libraries/iLLD/TC4xx/CpuGeneric/Egtm/Std/IfxEgtm_Cmu.h **** }
 1730              	 .loc 2 371 5 is_stmt 1
 1731              	.LBB306:
 1732              	.LBB307:
 377:../Libraries/iLLD/TC4xx/CpuGeneric/Egtm/Std/IfxEgtm_Cmu.h **** }
 1733              	 .loc 2 377 5
 1734              	.LBB308:
 1735              	.LBB309:
 511:../Libraries/iLLD/TC4xx/CpuGeneric/Egtm/Std/IfxEgtm.h ****     uint8  clsDiv = 0u;
 1736              	 .loc 3 511 5
 512:../Libraries/iLLD/TC4xx/CpuGeneric/Egtm/Std/IfxEgtm.h ****     clsDiv = (uint8)(((egtm->CLS->ARCH.CLK_CFG.U) >> ((uint8)cluster << 1u)) & 0x3U);
 1737              	 .loc 3 512 5
 513:../Libraries/iLLD/TC4xx/CpuGeneric/Egtm/Std/IfxEgtm.h **** 
 1738              	 .loc 3 513 5
 513:../Libraries/iLLD/TC4xx/CpuGeneric/Egtm/Std/IfxEgtm.h **** 
 1739              	 .loc 3 513 47 is_stmt 0
 1740 006e 19482C00 	 ld.w %d8,[%a4]44
 513:../Libraries/iLLD/TC4xx/CpuGeneric/Egtm/Std/IfxEgtm.h **** 
 1741              	 .loc 3 513 12
 1742 0072 8F380081 	 and %d8,%d8,3
 1743              	.LVL190:
 515:../Libraries/iLLD/TC4xx/CpuGeneric/Egtm/Std/IfxEgtm.h ****     {
 1744              	 .loc 3 515 5 is_stmt 1
 515:../Libraries/iLLD/TC4xx/CpuGeneric/Egtm/Std/IfxEgtm.h ****     {
 1745              	 .loc 3 515 8 is_stmt 0
 1746 0076 DF080000 	 jz %d8,.L70
 521:../Libraries/iLLD/TC4xx/CpuGeneric/Egtm/Std/IfxEgtm.h ****     }
 1747              	 .loc 3 521 9 is_stmt 1
 1748              	.LBB310:
 505:../Libraries/iLLD/TC4xx/CpuGeneric/Egtm/Std/IfxEgtm.h **** }
 1749              	 .loc 3 505 5
 1750              	.LBB311:
 1751              	.LBB312:
2673:../Libraries/iLLD/TC4xx/CpuGeneric/Clock/Std/IfxClock.h ****     uint8  clkdiv[16] = {1, 1, 2, 3, 4, 5, 6, 6, 8, 8, 10, 10, 12, 12, 12, 15};
 1752              	 .loc 4 2673 5
2673:../Libraries/iLLD/TC4xx/CpuGeneric/Clock/Std/IfxClock.h ****     uint8  clkdiv[16] = {1, 1, 2, 3, 4, 5, 6, 6, 8, 8, 10, 10, 12, 12, 12, 15};
 1753              	 .loc 4 2673 43 is_stmt 0
 1754 007a 9160002F 	 movh.a %a2,61446
 1755 007e D9225404 	 lea %a2,[%a2]17428
 1756 0082 542B     	 ld.w %d11,[%a2]0
 1757 0084 370B64B6 	 extr.u %d11,%d11,12,4
 1758              	.LVL191:
2674:../Libraries/iLLD/TC4xx/CpuGeneric/Clock/Std/IfxClock.h ****     uint32 gtmFreq    = 0;
 1759              	 .loc 4 2674 5 is_stmt 1
2674:../Libraries/iLLD/TC4xx/CpuGeneric/Clock/Std/IfxClock.h ****     uint32 gtmFreq    = 0;
 1760              	 .loc 4 2674 12 is_stmt 0
 1761 0088 91000020 	 movh.a %a2,hi:.LC0
 1762 008c D9220000 	 lea %a2,[%a2]lo:.LC0
 1763 0090 D9E3F0FF 	 lea %a3,[%a14]-16
 1764              	 
 1765 0094 0422     	 ld.bu %d2,[%a2+]1
 1766 0096 2432     	 st.b [%a3+]1,%d2
 1767 0098 0422     	 ld.bu %d2,[%a2+]1
 1768 009a 2432     	 st.b [%a3+]1,%d2
 1769 009c 0422     	 ld.bu %d2,[%a2+]1
 1770 009e 2432     	 st.b [%a3+]1,%d2
 1771 00a0 0422     	 ld.bu %d2,[%a2+]1
 1772 00a2 2432     	 st.b [%a3+]1,%d2
 1773 00a4 0422     	 ld.bu %d2,[%a2+]1
 1774 00a6 2432     	 st.b [%a3+]1,%d2
 1775 00a8 0422     	 ld.bu %d2,[%a2+]1
 1776 00aa 2432     	 st.b [%a3+]1,%d2
 1777 00ac 0422     	 ld.bu %d2,[%a2+]1
 1778 00ae 2432     	 st.b [%a3+]1,%d2
 1779 00b0 0422     	 ld.bu %d2,[%a2+]1
 1780 00b2 2432     	 st.b [%a3+]1,%d2
 1781 00b4 0422     	 ld.bu %d2,[%a2+]1
 1782 00b6 2432     	 st.b [%a3+]1,%d2
 1783 00b8 0422     	 ld.bu %d2,[%a2+]1
 1784 00ba 2432     	 st.b [%a3+]1,%d2
 1785 00bc 0422     	 ld.bu %d2,[%a2+]1
 1786 00be 2432     	 st.b [%a3+]1,%d2
 1787 00c0 0422     	 ld.bu %d2,[%a2+]1
 1788 00c2 2432     	 st.b [%a3+]1,%d2
 1789 00c4 0422     	 ld.bu %d2,[%a2+]1
 1790 00c6 2432     	 st.b [%a3+]1,%d2
 1791 00c8 0422     	 ld.bu %d2,[%a2+]1
 1792 00ca 2432     	 st.b [%a3+]1,%d2
 1793 00cc 0422     	 ld.bu %d2,[%a2+]1
 1794 00ce 2432     	 st.b [%a3+]1,%d2
 1795 00d0 0422     	 ld.bu %d2,[%a2+]1
 1796 00d2 2432     	 st.b [%a3+]1,%d2
 1797              	.LVL192:
2675:../Libraries/iLLD/TC4xx/CpuGeneric/Clock/Std/IfxClock.h **** 
 1798              	 .loc 4 2675 5 is_stmt 1
2677:../Libraries/iLLD/TC4xx/CpuGeneric/Clock/Std/IfxClock.h ****     {
 1799              	 .loc 4 2677 5
2677:../Libraries/iLLD/TC4xx/CpuGeneric/Clock/Std/IfxClock.h ****     {
 1800              	 .loc 4 2677 27 is_stmt 0
 1801 00d4 9160002F 	 movh.a %a2,61446
 1802 00d8 D9225004 	 lea %a2,[%a2]17424
 1803 00dc 5422     	 ld.w %d2,[%a2]0
2677:../Libraries/iLLD/TC4xx/CpuGeneric/Clock/Std/IfxClock.h ****     {
 1804              	 .loc 4 2677 8
 1805 00de EFC20080 	 jnz.t %d2,28,.L67
2680:../Libraries/iLLD/TC4xx/CpuGeneric/Clock/Std/IfxClock.h ****         {
 1806              	 .loc 4 2680 9 is_stmt 1
2680:../Libraries/iLLD/TC4xx/CpuGeneric/Clock/Std/IfxClock.h ****         {
 1807              	 .loc 4 2680 12 is_stmt 0
 1808 00e2 DF0B0080 	 jnz %d11,.L72
2675:../Libraries/iLLD/TC4xx/CpuGeneric/Clock/Std/IfxClock.h **** 
 1809              	 .loc 4 2675 12
 1810 00e6 8202     	 mov %d2,0
 1811              	.LVL193:
 1812              	.L68:
 1813              	 .loc 4 2690 5 is_stmt 1
 1814              	.LBE312:
 1815              	.LBE311:
 1816              	.LBE310:
 521:../Libraries/iLLD/TC4xx/CpuGeneric/Egtm/Std/IfxEgtm.h ****     }
 1817              	 .loc 3 521 14 is_stmt 0
 1818 00e8 4B821122 	 div.u %e2,%d2,%d8
 1819              	.LVL194:
 1820              	.L66:
 1821              	 .loc 3 524 5 is_stmt 1
 1822              	.LBE309:
 1823              	.LBE308:
 377:../Libraries/iLLD/TC4xx/CpuGeneric/Egtm/Std/IfxEgtm_Cmu.h **** }
 1824              	 .loc 2 377 12 is_stmt 0
 1825 00ec 4B026121 	 utof %d2,%d2
 1826              	.LVL195:
 1827              	.LBE307:
 1828              	.LBE306:
 371:../Libraries/iLLD/TC4xx/CpuGeneric/Egtm/Std/IfxEgtm_Cmu.h **** }
 1829              	 .loc 2 371 49
 1830 00f0 4B2A4120 	 mul.f %d2,%d10,%d2
 1831              	.LVL196:
 1832              	.LBE305:
 1833              	.LBE304:
 1834              	 .loc 1 128 19
 1835 00f4 4B294120 	 mul.f %d2,%d9,%d2
 1836              	.LVL197:
 1837              	.LBE303:
 121:../Libraries/iLLD/TC4xx/CpuGeneric/Egtm/Std/IfxEgtm_Cmu.c ****         float32 Z = 0.0f;
 1838              	 .loc 1 121 5
 1839 00f8 0090     	 ret 
 1840              	.LVL198:
 1841              	.L72:
 1842              	.LBB322:
 1843              	.LBB321:
 1844              	.LBB320:
 1845              	.LBB319:
 1846              	.LBB318:
 1847              	.LBB317:
 1848              	.LBB316:
 1849              	.LBB315:
 1850              	.LBB314:
 1851              	.LBB313:
2682:../Libraries/iLLD/TC4xx/CpuGeneric/Clock/Std/IfxClock.h ****         }
 1852              	 .loc 4 2682 13 is_stmt 1
2682:../Libraries/iLLD/TC4xx/CpuGeneric/Clock/Std/IfxClock.h ****         }
 1853              	 .loc 4 2682 23 is_stmt 0
 1854 00fa 6D000000 	 call IfxClock_getSysSourceFrequency
 1855              	.LVL199:
2682:../Libraries/iLLD/TC4xx/CpuGeneric/Clock/Std/IfxClock.h ****         }
 1856              	 .loc 4 2682 64
 1857 00fe D9E2F0FF 	 lea %a2,[%a14]-16
 1858 0102 012B0026 	 addsc.a %a2,%a2,%d11,0
 1859 0106 1423     	 ld.bu %d3,[%a2]0
2682:../Libraries/iLLD/TC4xx/CpuGeneric/Clock/Std/IfxClock.h ****         }
 1860              	 .loc 4 2682 21
 1861 0108 4B321122 	 div.u %e2,%d2,%d3
 1862              	.LVL200:
 1863 010c 1D000000 	 j .L68
 1864              	.LVL201:
 1865              	.L67:
2687:../Libraries/iLLD/TC4xx/CpuGeneric/Clock/Std/IfxClock.h ****     }
 1866              	 .loc 4 2687 9 is_stmt 1
2687:../Libraries/iLLD/TC4xx/CpuGeneric/Clock/Std/IfxClock.h ****     }
 1867              	 .loc 4 2687 19 is_stmt 0
 1868 0110 6D000000 	 call IfxClock_getSysSourceFrequency
 1869              	.LVL202:
2687:../Libraries/iLLD/TC4xx/CpuGeneric/Clock/Std/IfxClock.h ****     }
 1870              	 .loc 4 2687 17
 1871 0114 7B908838 	 movh %d3,34953
 1872 0118 1B938838 	 addi %d3,%d3,-30583
 1873 011c 73326820 	 mul.u %e2,%d2,%d3
 1874 0120 8FA31F20 	 sh %d2,%d3,-6
 1875              	.LVL203:
 1876 0124 1D000000 	 j .L68
 1877              	.LVL204:
 1878              	.L70:
 1879              	.LBE313:
 1880              	.LBE314:
 1881              	.LBE315:
 517:../Libraries/iLLD/TC4xx/CpuGeneric/Egtm/Std/IfxEgtm.h ****     }
 1882              	 .loc 3 517 14
 1883 0128 8202     	 mov %d2,0
 1884 012a 1D000000 	 j .L66
 1885              	.LVL205:
 1886              	.L69:
 1887              	.LBE316:
 1888              	.LBE317:
 1889              	.LBE318:
 1890              	.LBE319:
 1891              	.LBE320:
 1892              	.LBE321:
 1893              	.LBE322:
 129:../Libraries/iLLD/TC4xx/CpuGeneric/Egtm/Std/IfxEgtm_Cmu.c ****     }
 130:../Libraries/iLLD/TC4xx/CpuGeneric/Egtm/Std/IfxEgtm_Cmu.c ****     else
 131:../Libraries/iLLD/TC4xx/CpuGeneric/Egtm/Std/IfxEgtm_Cmu.c ****     {
 132:../Libraries/iLLD/TC4xx/CpuGeneric/Egtm/Std/IfxEgtm_Cmu.c ****         frequency = (float32)0.0f;
 1894              	 .loc 1 132 19
 1895 012e 8202     	 mov %d2,0
 1896              	.LVL206:
 133:../Libraries/iLLD/TC4xx/CpuGeneric/Egtm/Std/IfxEgtm_Cmu.c ****     }
 134:../Libraries/iLLD/TC4xx/CpuGeneric/Egtm/Std/IfxEgtm_Cmu.c **** 
 135:../Libraries/iLLD/TC4xx/CpuGeneric/Egtm/Std/IfxEgtm_Cmu.c ****     return frequency;
 1897              	 .loc 1 135 5 is_stmt 1
 136:../Libraries/iLLD/TC4xx/CpuGeneric/Egtm/Std/IfxEgtm_Cmu.c **** }
 1898              	 .loc 1 136 1 is_stmt 0
 1899 0130 0090     	 ret 
 1900              	.LFE280:
 1902              	 .global IfxEgtm_Cmu_getEclkFrequency_end
 1903              	IfxEgtm_Cmu_getEclkFrequency_end:
 1904              	 .section .text.IfxEgtm_Cmu_getFxClkFrequency,"ax",@progbits
 1905              	 .align 1
 1906              	 .global IfxEgtm_Cmu_getFxClkFrequency
 1908              	IfxEgtm_Cmu_getFxClkFrequency:
 1909              	.LFB281:
 137:../Libraries/iLLD/TC4xx/CpuGeneric/Egtm/Std/IfxEgtm_Cmu.c **** 
 138:../Libraries/iLLD/TC4xx/CpuGeneric/Egtm/Std/IfxEgtm_Cmu.c **** 
 139:../Libraries/iLLD/TC4xx/CpuGeneric/Egtm/Std/IfxEgtm_Cmu.c **** float32 IfxEgtm_Cmu_getFxClkFrequency(Ifx_EGTM *egtm, IfxEgtm_Cmu_Fxclk clkIndex, boolean assumeEna
 140:../Libraries/iLLD/TC4xx/CpuGeneric/Egtm/Std/IfxEgtm_Cmu.c **** {
 1910              	 .loc 1 140 1 is_stmt 1
 1911              	.LVL207:
 1912 0000 40AE     	 mov.aa %a14,%SP
 1913              	.LCFI2:
 1914 0002 2010     	 sub.a %SP,16
 1915 0004 024B     	 mov %d11,%d4
 141:../Libraries/iLLD/TC4xx/CpuGeneric/Egtm/Std/IfxEgtm_Cmu.c ****     float32 frequency;
 1916              	 .loc 1 141 5
 142:../Libraries/iLLD/TC4xx/CpuGeneric/Egtm/Std/IfxEgtm_Cmu.c ****     uint8   fxSelect;
 1917              	 .loc 1 142 5
 143:../Libraries/iLLD/TC4xx/CpuGeneric/Egtm/Std/IfxEgtm_Cmu.c **** 
 144:../Libraries/iLLD/TC4xx/CpuGeneric/Egtm/Std/IfxEgtm_Cmu.c ****     if ((IfxEgtm_Cmu_isFxClockEnabled(egtm) == TRUE) || (assumeEnabled != FALSE))
 1918              	 .loc 1 144 5
 1919              	.LVL208:
 1920              	.LBB323:
 1921              	.LBB324:
 394:../Libraries/iLLD/TC4xx/CpuGeneric/Egtm/Std/IfxEgtm_Cmu.h **** }
 395:../Libraries/iLLD/TC4xx/CpuGeneric/Egtm/Std/IfxEgtm_Cmu.h **** 
 396:../Libraries/iLLD/TC4xx/CpuGeneric/Egtm/Std/IfxEgtm_Cmu.h **** 
 397:../Libraries/iLLD/TC4xx/CpuGeneric/Egtm/Std/IfxEgtm_Cmu.h **** IFX_INLINE boolean IfxEgtm_Cmu_isFxClockEnabled(Ifx_EGTM *egtm)
 398:../Libraries/iLLD/TC4xx/CpuGeneric/Egtm/Std/IfxEgtm_Cmu.h **** {
 399:../Libraries/iLLD/TC4xx/CpuGeneric/Egtm/Std/IfxEgtm_Cmu.h ****     boolean enabled;
 1922              	 .loc 2 399 5
 400:../Libraries/iLLD/TC4xx/CpuGeneric/Egtm/Std/IfxEgtm_Cmu.h ****     enabled = (egtm->CLS->CMU.CLK_EN.B.EN_FXCLK == (uint8)0x3u) ? TRUE : FALSE;
 1923              	 .loc 2 400 5
 1924              	 .loc 2 400 39 is_stmt 0
 1925 0006 19420020 	 ld.w %d2,[%a4]128
 1926 000a 3702622B 	 extr.u %d2,%d2,22,2
 1927              	 .loc 2 400 13
 1928 000e DF320000 	 jeq %d2,3,.L74
 1929              	.LVL209:
 401:../Libraries/iLLD/TC4xx/CpuGeneric/Egtm/Std/IfxEgtm_Cmu.h ****     return enabled;
 1930              	 .loc 2 401 5 is_stmt 1
 1931              	.LBE324:
 1932              	.LBE323:
 1933              	 .loc 1 144 54 is_stmt 0
 1934 0012 DF050000 	 jz %d5,.L91
 1935              	.LVL210:
 1936              	.L74:
 145:../Libraries/iLLD/TC4xx/CpuGeneric/Egtm/Std/IfxEgtm_Cmu.c ****     {
 146:../Libraries/iLLD/TC4xx/CpuGeneric/Egtm/Std/IfxEgtm_Cmu.c ****     	/* Gets the current Fx clock selection */
 147:../Libraries/iLLD/TC4xx/CpuGeneric/Egtm/Std/IfxEgtm_Cmu.c ****         fxSelect = egtm->CLS->CMU.FXCLK_CTRL.B.FXCLK_SEL;
 1937              	 .loc 1 147 9 is_stmt 1
 1938              	 .loc 1 147 47 is_stmt 0
 1939 0016 19420430 	 ld.w %d2,[%a4]196
 1940 001a 8FF20021 	 and %d2,%d2,15
 1941              	.LVL211:
 148:../Libraries/iLLD/TC4xx/CpuGeneric/Egtm/Std/IfxEgtm_Cmu.c **** 
 149:../Libraries/iLLD/TC4xx/CpuGeneric/Egtm/Std/IfxEgtm_Cmu.c ****         if (fxSelect == 0u)
 1942              	 .loc 1 149 9 is_stmt 1
 1943              	 .loc 1 149 12 is_stmt 0
 1944 001e DF020080 	 jnz %d2,.L76
 150:../Libraries/iLLD/TC4xx/CpuGeneric/Egtm/Std/IfxEgtm_Cmu.c ****         {
 151:../Libraries/iLLD/TC4xx/CpuGeneric/Egtm/Std/IfxEgtm_Cmu.c ****         	/* Get the EGTM global clock frequency */
 152:../Libraries/iLLD/TC4xx/CpuGeneric/Egtm/Std/IfxEgtm_Cmu.c ****             frequency = IfxEgtm_Cmu_getGclkFrequency(egtm);
 1945              	 .loc 1 152 13 is_stmt 1
 1946              	.LVL212:
 1947              	.LBB325:
 1948              	.LBB326:
 367:../Libraries/iLLD/TC4xx/CpuGeneric/Egtm/Std/IfxEgtm_Cmu.h ****     uint32  Z          = (uint32)egtm->CLS->CMU.GCLK_NUM.B.GCLK_NUM;
 1949              	 .loc 2 367 5
 367:../Libraries/iLLD/TC4xx/CpuGeneric/Egtm/Std/IfxEgtm_Cmu.h ****     uint32  Z          = (uint32)egtm->CLS->CMU.GCLK_NUM.B.GCLK_NUM;
 1950              	 .loc 2 367 59 is_stmt 0
 1951 0022 19430820 	 ld.w %d3,[%a4]136
 1952 0026 37037830 	 extr.u %d3,%d3,0,24
 1953              	.LVL213:
 368:../Libraries/iLLD/TC4xx/CpuGeneric/Egtm/Std/IfxEgtm_Cmu.h ****     float32 multiplier = (float32)((float32)N / (float32)Z);
 1954              	 .loc 2 368 5 is_stmt 1
 368:../Libraries/iLLD/TC4xx/CpuGeneric/Egtm/Std/IfxEgtm_Cmu.h ****     float32 multiplier = (float32)((float32)N / (float32)Z);
 1955              	 .loc 2 368 59 is_stmt 0
 1956 002a 19420420 	 ld.w %d2,[%a4]132
 1957 002e 37027820 	 extr.u %d2,%d2,0,24
 1958              	.LVL214:
 369:../Libraries/iLLD/TC4xx/CpuGeneric/Egtm/Std/IfxEgtm_Cmu.h **** 
 1959              	 .loc 2 369 5 is_stmt 1
 369:../Libraries/iLLD/TC4xx/CpuGeneric/Egtm/Std/IfxEgtm_Cmu.h **** 
 1960              	 .loc 2 369 36 is_stmt 0
 1961 0032 4B036131 	 utof %d3,%d3
 1962              	.LVL215:
 369:../Libraries/iLLD/TC4xx/CpuGeneric/Egtm/Std/IfxEgtm_Cmu.h **** 
 1963              	 .loc 2 369 49
 1964 0036 4B026121 	 utof %d2,%d2
 1965              	.LVL216:
 369:../Libraries/iLLD/TC4xx/CpuGeneric/Egtm/Std/IfxEgtm_Cmu.h **** 
 1966              	 .loc 2 369 13
 1967 003a 4B235190 	 div.f %d9,%d3,%d2
 1968              	.LVL217:
 371:../Libraries/iLLD/TC4xx/CpuGeneric/Egtm/Std/IfxEgtm_Cmu.h **** }
 1969              	 .loc 2 371 5 is_stmt 1
 1970              	.LBB327:
 1971              	.LBB328:
 377:../Libraries/iLLD/TC4xx/CpuGeneric/Egtm/Std/IfxEgtm_Cmu.h **** }
 1972              	 .loc 2 377 5
 1973              	.LBB329:
 1974              	.LBB330:
 511:../Libraries/iLLD/TC4xx/CpuGeneric/Egtm/Std/IfxEgtm.h ****     uint8  clsDiv = 0u;
 1975              	 .loc 3 511 5
 512:../Libraries/iLLD/TC4xx/CpuGeneric/Egtm/Std/IfxEgtm.h ****     clsDiv = (uint8)(((egtm->CLS->ARCH.CLK_CFG.U) >> ((uint8)cluster << 1u)) & 0x3U);
 1976              	 .loc 3 512 5
 513:../Libraries/iLLD/TC4xx/CpuGeneric/Egtm/Std/IfxEgtm.h **** 
 1977              	 .loc 3 513 5
 513:../Libraries/iLLD/TC4xx/CpuGeneric/Egtm/Std/IfxEgtm.h **** 
 1978              	 .loc 3 513 47 is_stmt 0
 1979 003e 19482C00 	 ld.w %d8,[%a4]44
 513:../Libraries/iLLD/TC4xx/CpuGeneric/Egtm/Std/IfxEgtm.h **** 
 1980              	 .loc 3 513 12
 1981 0042 8F380081 	 and %d8,%d8,3
 1982              	.LVL218:
 515:../Libraries/iLLD/TC4xx/CpuGeneric/Egtm/Std/IfxEgtm.h ****     {
 1983              	 .loc 3 515 5 is_stmt 1
 515:../Libraries/iLLD/TC4xx/CpuGeneric/Egtm/Std/IfxEgtm.h ****     {
 1984              	 .loc 3 515 8 is_stmt 0
 1985 0046 DF080000 	 jz %d8,.L92
 521:../Libraries/iLLD/TC4xx/CpuGeneric/Egtm/Std/IfxEgtm.h ****     }
 1986              	 .loc 3 521 9 is_stmt 1
 1987              	.LBB331:
 505:../Libraries/iLLD/TC4xx/CpuGeneric/Egtm/Std/IfxEgtm.h **** }
 1988              	 .loc 3 505 5
 1989              	.LBB332:
 1990              	.LBB333:
2673:../Libraries/iLLD/TC4xx/CpuGeneric/Clock/Std/IfxClock.h ****     uint8  clkdiv[16] = {1, 1, 2, 3, 4, 5, 6, 6, 8, 8, 10, 10, 12, 12, 12, 15};
 1991              	 .loc 4 2673 5
2673:../Libraries/iLLD/TC4xx/CpuGeneric/Clock/Std/IfxClock.h ****     uint8  clkdiv[16] = {1, 1, 2, 3, 4, 5, 6, 6, 8, 8, 10, 10, 12, 12, 12, 15};
 1992              	 .loc 4 2673 43 is_stmt 0
 1993 004a 9160002F 	 movh.a %a2,61446
 1994 004e D9225404 	 lea %a2,[%a2]17428
 1995 0052 542A     	 ld.w %d10,[%a2]0
 1996 0054 370A64A6 	 extr.u %d10,%d10,12,4
 1997              	.LVL219:
2674:../Libraries/iLLD/TC4xx/CpuGeneric/Clock/Std/IfxClock.h ****     uint32 gtmFreq    = 0;
 1998              	 .loc 4 2674 5 is_stmt 1
2674:../Libraries/iLLD/TC4xx/CpuGeneric/Clock/Std/IfxClock.h ****     uint32 gtmFreq    = 0;
 1999              	 .loc 4 2674 12 is_stmt 0
 2000 0058 91000020 	 movh.a %a2,hi:.LC0
 2001 005c D9220000 	 lea %a2,[%a2]lo:.LC0
 2002 0060 D9E3F0FF 	 lea %a3,[%a14]-16
 2003              	 
 2004 0064 0422     	 ld.bu %d2,[%a2+]1
 2005 0066 2432     	 st.b [%a3+]1,%d2
 2006 0068 0422     	 ld.bu %d2,[%a2+]1
 2007 006a 2432     	 st.b [%a3+]1,%d2
 2008 006c 0422     	 ld.bu %d2,[%a2+]1
 2009 006e 2432     	 st.b [%a3+]1,%d2
 2010 0070 0422     	 ld.bu %d2,[%a2+]1
 2011 0072 2432     	 st.b [%a3+]1,%d2
 2012 0074 0422     	 ld.bu %d2,[%a2+]1
 2013 0076 2432     	 st.b [%a3+]1,%d2
 2014 0078 0422     	 ld.bu %d2,[%a2+]1
 2015 007a 2432     	 st.b [%a3+]1,%d2
 2016 007c 0422     	 ld.bu %d2,[%a2+]1
 2017 007e 2432     	 st.b [%a3+]1,%d2
 2018 0080 0422     	 ld.bu %d2,[%a2+]1
 2019 0082 2432     	 st.b [%a3+]1,%d2
 2020 0084 0422     	 ld.bu %d2,[%a2+]1
 2021 0086 2432     	 st.b [%a3+]1,%d2
 2022 0088 0422     	 ld.bu %d2,[%a2+]1
 2023 008a 2432     	 st.b [%a3+]1,%d2
 2024 008c 0422     	 ld.bu %d2,[%a2+]1
 2025 008e 2432     	 st.b [%a3+]1,%d2
 2026 0090 0422     	 ld.bu %d2,[%a2+]1
 2027 0092 2432     	 st.b [%a3+]1,%d2
 2028 0094 0422     	 ld.bu %d2,[%a2+]1
 2029 0096 2432     	 st.b [%a3+]1,%d2
 2030 0098 0422     	 ld.bu %d2,[%a2+]1
 2031 009a 2432     	 st.b [%a3+]1,%d2
 2032 009c 0422     	 ld.bu %d2,[%a2+]1
 2033 009e 2432     	 st.b [%a3+]1,%d2
 2034 00a0 0422     	 ld.bu %d2,[%a2+]1
 2035 00a2 2432     	 st.b [%a3+]1,%d2
 2036              	.LVL220:
2675:../Libraries/iLLD/TC4xx/CpuGeneric/Clock/Std/IfxClock.h **** 
 2037              	 .loc 4 2675 5 is_stmt 1
2677:../Libraries/iLLD/TC4xx/CpuGeneric/Clock/Std/IfxClock.h ****     {
 2038              	 .loc 4 2677 5
2677:../Libraries/iLLD/TC4xx/CpuGeneric/Clock/Std/IfxClock.h ****     {
 2039              	 .loc 4 2677 27 is_stmt 0
 2040 00a4 9160002F 	 movh.a %a2,61446
 2041 00a8 D9225004 	 lea %a2,[%a2]17424
 2042 00ac 5422     	 ld.w %d2,[%a2]0
2677:../Libraries/iLLD/TC4xx/CpuGeneric/Clock/Std/IfxClock.h ****     {
 2043              	 .loc 4 2677 8
 2044 00ae EFC20080 	 jnz.t %d2,28,.L78
2680:../Libraries/iLLD/TC4xx/CpuGeneric/Clock/Std/IfxClock.h ****         {
 2045              	 .loc 4 2680 9 is_stmt 1
2680:../Libraries/iLLD/TC4xx/CpuGeneric/Clock/Std/IfxClock.h ****         {
 2046              	 .loc 4 2680 12 is_stmt 0
 2047 00b2 DF0A0080 	 jnz %d10,.L97
2675:../Libraries/iLLD/TC4xx/CpuGeneric/Clock/Std/IfxClock.h **** 
 2048              	 .loc 4 2675 12
 2049 00b6 8202     	 mov %d2,0
 2050              	.LVL221:
 2051              	.L79:
 2052              	 .loc 4 2690 5 is_stmt 1
 2053              	.LBE333:
 2054              	.LBE332:
 2055              	.LBE331:
 521:../Libraries/iLLD/TC4xx/CpuGeneric/Egtm/Std/IfxEgtm.h ****     }
 2056              	 .loc 3 521 14 is_stmt 0
 2057 00b8 4B821122 	 div.u %e2,%d2,%d8
 2058              	.LVL222:
 2059              	.L77:
 2060              	 .loc 3 524 5 is_stmt 1
 2061              	.LBE330:
 2062              	.LBE329:
 377:../Libraries/iLLD/TC4xx/CpuGeneric/Egtm/Std/IfxEgtm_Cmu.h **** }
 2063              	 .loc 2 377 12 is_stmt 0
 2064 00bc 4B026121 	 utof %d2,%d2
 2065              	.LVL223:
 2066              	.LBE328:
 2067              	.LBE327:
 371:../Libraries/iLLD/TC4xx/CpuGeneric/Egtm/Std/IfxEgtm_Cmu.h **** }
 2068              	 .loc 2 371 49
 2069 00c0 4B294120 	 mul.f %d2,%d9,%d2
 2070              	.LVL224:
 2071              	.L80:
 2072              	.LBE326:
 2073              	.LBE325:
 153:../Libraries/iLLD/TC4xx/CpuGeneric/Egtm/Std/IfxEgtm_Cmu.c ****         }
 154:../Libraries/iLLD/TC4xx/CpuGeneric/Egtm/Std/IfxEgtm_Cmu.c ****         else if (fxSelect <= 8u)
 155:../Libraries/iLLD/TC4xx/CpuGeneric/Egtm/Std/IfxEgtm_Cmu.c ****         {
 156:../Libraries/iLLD/TC4xx/CpuGeneric/Egtm/Std/IfxEgtm_Cmu.c ****             frequency = IfxEgtm_Cmu_getClkFrequency(egtm, (IfxEgtm_Cmu_Clk)(fxSelect - 1u), assumeE
 157:../Libraries/iLLD/TC4xx/CpuGeneric/Egtm/Std/IfxEgtm_Cmu.c ****         }
 158:../Libraries/iLLD/TC4xx/CpuGeneric/Egtm/Std/IfxEgtm_Cmu.c ****         else
 159:../Libraries/iLLD/TC4xx/CpuGeneric/Egtm/Std/IfxEgtm_Cmu.c ****         {
 160:../Libraries/iLLD/TC4xx/CpuGeneric/Egtm/Std/IfxEgtm_Cmu.c ****             frequency = IfxEgtm_Cmu_getGclkFrequency(egtm);
 161:../Libraries/iLLD/TC4xx/CpuGeneric/Egtm/Std/IfxEgtm_Cmu.c ****         }
 162:../Libraries/iLLD/TC4xx/CpuGeneric/Egtm/Std/IfxEgtm_Cmu.c **** 
 163:../Libraries/iLLD/TC4xx/CpuGeneric/Egtm/Std/IfxEgtm_Cmu.c ****         switch (clkIndex)
 2074              	 .loc 1 163 9 is_stmt 1
 2075 00c4 FF5B0080 	 jge.u %d11,5,.L96
 2076 00c8 91000020 	 movh.a %a2,hi:.L86
 2077 00cc D9220000 	 lea %a2,[%a2]lo:.L86
 2078 00d0 012B0226 	 addsc.a %a2,%a2,%d11,2
 2079 00d4 DC02     	 ji %a2
 2080 00d6 0000     	 .align 2
 2081              	 .align 2
 2082              	.L86:
 2083              	 .code32
 2084 00d8 1D000000 	 j .L73
 2085              	 .code32
 2086 00dc 1D000000 	 j .L89
 2087              	 .code32
 2088 00e0 1D000000 	 j .L88
 2089              	 .code32
 2090 00e4 1D000000 	 j .L87
 2091              	 .code32
 2092 00e8 1D000000 	 j .L85
 2093              	.LVL225:
 2094              	.L97:
 2095              	.LBB342:
 2096              	.LBB341:
 2097              	.LBB340:
 2098              	.LBB339:
 2099              	.LBB338:
 2100              	.LBB337:
 2101              	.LBB336:
 2102              	.LBB335:
 2103              	.LBB334:
2682:../Libraries/iLLD/TC4xx/CpuGeneric/Clock/Std/IfxClock.h ****         }
 2104              	 .loc 4 2682 13
2682:../Libraries/iLLD/TC4xx/CpuGeneric/Clock/Std/IfxClock.h ****         }
 2105              	 .loc 4 2682 23 is_stmt 0
 2106 00ec 6D000000 	 call IfxClock_getSysSourceFrequency
 2107              	.LVL226:
2682:../Libraries/iLLD/TC4xx/CpuGeneric/Clock/Std/IfxClock.h ****         }
 2108              	 .loc 4 2682 64
 2109 00f0 D9E2F0FF 	 lea %a2,[%a14]-16
 2110 00f4 012A0026 	 addsc.a %a2,%a2,%d10,0
 2111 00f8 1423     	 ld.bu %d3,[%a2]0
2682:../Libraries/iLLD/TC4xx/CpuGeneric/Clock/Std/IfxClock.h ****         }
 2112              	 .loc 4 2682 21
 2113 00fa 4B321122 	 div.u %e2,%d2,%d3
 2114              	.LVL227:
 2115 00fe 1D000000 	 j .L79
 2116              	.LVL228:
 2117              	.L78:
2687:../Libraries/iLLD/TC4xx/CpuGeneric/Clock/Std/IfxClock.h ****     }
 2118              	 .loc 4 2687 9 is_stmt 1
2687:../Libraries/iLLD/TC4xx/CpuGeneric/Clock/Std/IfxClock.h ****     }
 2119              	 .loc 4 2687 19 is_stmt 0
 2120 0102 6D000000 	 call IfxClock_getSysSourceFrequency
 2121              	.LVL229:
2687:../Libraries/iLLD/TC4xx/CpuGeneric/Clock/Std/IfxClock.h ****     }
 2122              	 .loc 4 2687 17
 2123 0106 7B908838 	 movh %d3,34953
 2124 010a 1B938838 	 addi %d3,%d3,-30583
 2125 010e 73326820 	 mul.u %e2,%d2,%d3
 2126 0112 8FA31F20 	 sh %d2,%d3,-6
 2127              	.LVL230:
 2128 0116 1D000000 	 j .L79
 2129              	.LVL231:
 2130              	.L92:
 2131              	.LBE334:
 2132              	.LBE335:
 2133              	.LBE336:
 517:../Libraries/iLLD/TC4xx/CpuGeneric/Egtm/Std/IfxEgtm.h ****     }
 2134              	 .loc 3 517 14
 2135 011a 8202     	 mov %d2,0
 2136 011c 1D000000 	 j .L77
 2137              	.LVL232:
 2138              	.L76:
 2139              	.LBE337:
 2140              	.LBE338:
 2141              	.LBE339:
 2142              	.LBE340:
 2143              	.LBE341:
 2144              	.LBE342:
 154:../Libraries/iLLD/TC4xx/CpuGeneric/Egtm/Std/IfxEgtm_Cmu.c ****         {
 2145              	 .loc 1 154 14 is_stmt 1
 154:../Libraries/iLLD/TC4xx/CpuGeneric/Egtm/Std/IfxEgtm_Cmu.c ****         {
 2146              	 .loc 1 154 17 is_stmt 0
 2147 0120 BF920080 	 jlt.u %d2,9,.L98
 160:../Libraries/iLLD/TC4xx/CpuGeneric/Egtm/Std/IfxEgtm_Cmu.c ****         }
 2148              	 .loc 1 160 13 is_stmt 1
 2149              	.LVL233:
 2150              	.LBB343:
 2151              	.LBB344:
 367:../Libraries/iLLD/TC4xx/CpuGeneric/Egtm/Std/IfxEgtm_Cmu.h ****     uint32  Z          = (uint32)egtm->CLS->CMU.GCLK_NUM.B.GCLK_NUM;
 2152              	 .loc 2 367 5
 367:../Libraries/iLLD/TC4xx/CpuGeneric/Egtm/Std/IfxEgtm_Cmu.h ****     uint32  Z          = (uint32)egtm->CLS->CMU.GCLK_NUM.B.GCLK_NUM;
 2153              	 .loc 2 367 59 is_stmt 0
 2154 0124 19430820 	 ld.w %d3,[%a4]136
 2155 0128 37037830 	 extr.u %d3,%d3,0,24
 2156              	.LVL234:
 368:../Libraries/iLLD/TC4xx/CpuGeneric/Egtm/Std/IfxEgtm_Cmu.h ****     float32 multiplier = (float32)((float32)N / (float32)Z);
 2157              	 .loc 2 368 5 is_stmt 1
 368:../Libraries/iLLD/TC4xx/CpuGeneric/Egtm/Std/IfxEgtm_Cmu.h ****     float32 multiplier = (float32)((float32)N / (float32)Z);
 2158              	 .loc 2 368 59 is_stmt 0
 2159 012c 19420420 	 ld.w %d2,[%a4]132
 2160 0130 37027820 	 extr.u %d2,%d2,0,24
 2161              	.LVL235:
 369:../Libraries/iLLD/TC4xx/CpuGeneric/Egtm/Std/IfxEgtm_Cmu.h **** 
 2162              	 .loc 2 369 5 is_stmt 1
 369:../Libraries/iLLD/TC4xx/CpuGeneric/Egtm/Std/IfxEgtm_Cmu.h **** 
 2163              	 .loc 2 369 36 is_stmt 0
 2164 0134 4B036131 	 utof %d3,%d3
 2165              	.LVL236:
 369:../Libraries/iLLD/TC4xx/CpuGeneric/Egtm/Std/IfxEgtm_Cmu.h **** 
 2166              	 .loc 2 369 49
 2167 0138 4B026121 	 utof %d2,%d2
 2168              	.LVL237:
 369:../Libraries/iLLD/TC4xx/CpuGeneric/Egtm/Std/IfxEgtm_Cmu.h **** 
 2169              	 .loc 2 369 13
 2170 013c 4B235190 	 div.f %d9,%d3,%d2
 2171              	.LVL238:
 371:../Libraries/iLLD/TC4xx/CpuGeneric/Egtm/Std/IfxEgtm_Cmu.h **** }
 2172              	 .loc 2 371 5 is_stmt 1
 2173              	.LBB345:
 2174              	.LBB346:
 377:../Libraries/iLLD/TC4xx/CpuGeneric/Egtm/Std/IfxEgtm_Cmu.h **** }
 2175              	 .loc 2 377 5
 2176              	.LBB347:
 2177              	.LBB348:
 511:../Libraries/iLLD/TC4xx/CpuGeneric/Egtm/Std/IfxEgtm.h ****     uint8  clsDiv = 0u;
 2178              	 .loc 3 511 5
 512:../Libraries/iLLD/TC4xx/CpuGeneric/Egtm/Std/IfxEgtm.h ****     clsDiv = (uint8)(((egtm->CLS->ARCH.CLK_CFG.U) >> ((uint8)cluster << 1u)) & 0x3U);
 2179              	 .loc 3 512 5
 513:../Libraries/iLLD/TC4xx/CpuGeneric/Egtm/Std/IfxEgtm.h **** 
 2180              	 .loc 3 513 5
 513:../Libraries/iLLD/TC4xx/CpuGeneric/Egtm/Std/IfxEgtm.h **** 
 2181              	 .loc 3 513 47 is_stmt 0
 2182 0140 19482C00 	 ld.w %d8,[%a4]44
 513:../Libraries/iLLD/TC4xx/CpuGeneric/Egtm/Std/IfxEgtm.h **** 
 2183              	 .loc 3 513 12
 2184 0144 8F380081 	 and %d8,%d8,3
 2185              	.LVL239:
 515:../Libraries/iLLD/TC4xx/CpuGeneric/Egtm/Std/IfxEgtm.h ****     {
 2186              	 .loc 3 515 5 is_stmt 1
 515:../Libraries/iLLD/TC4xx/CpuGeneric/Egtm/Std/IfxEgtm.h ****     {
 2187              	 .loc 3 515 8 is_stmt 0
 2188 0148 DF080000 	 jz %d8,.L94
 521:../Libraries/iLLD/TC4xx/CpuGeneric/Egtm/Std/IfxEgtm.h ****     }
 2189              	 .loc 3 521 9 is_stmt 1
 2190              	.LBB349:
 505:../Libraries/iLLD/TC4xx/CpuGeneric/Egtm/Std/IfxEgtm.h **** }
 2191              	 .loc 3 505 5
 2192              	.LBB350:
 2193              	.LBB351:
2673:../Libraries/iLLD/TC4xx/CpuGeneric/Clock/Std/IfxClock.h ****     uint8  clkdiv[16] = {1, 1, 2, 3, 4, 5, 6, 6, 8, 8, 10, 10, 12, 12, 12, 15};
 2194              	 .loc 4 2673 5
2673:../Libraries/iLLD/TC4xx/CpuGeneric/Clock/Std/IfxClock.h ****     uint8  clkdiv[16] = {1, 1, 2, 3, 4, 5, 6, 6, 8, 8, 10, 10, 12, 12, 12, 15};
 2195              	 .loc 4 2673 43 is_stmt 0
 2196 014c 9160002F 	 movh.a %a2,61446
 2197 0150 D9225404 	 lea %a2,[%a2]17428
 2198 0154 542A     	 ld.w %d10,[%a2]0
 2199 0156 370A64A6 	 extr.u %d10,%d10,12,4
 2200              	.LVL240:
2674:../Libraries/iLLD/TC4xx/CpuGeneric/Clock/Std/IfxClock.h ****     uint32 gtmFreq    = 0;
 2201              	 .loc 4 2674 5 is_stmt 1
2674:../Libraries/iLLD/TC4xx/CpuGeneric/Clock/Std/IfxClock.h ****     uint32 gtmFreq    = 0;
 2202              	 .loc 4 2674 12 is_stmt 0
 2203 015a 91000020 	 movh.a %a2,hi:.LC0
 2204 015e D9220000 	 lea %a2,[%a2]lo:.LC0
 2205 0162 D9E3F0FF 	 lea %a3,[%a14]-16
 2206              	 
 2207 0166 0422     	 ld.bu %d2,[%a2+]1
 2208 0168 2432     	 st.b [%a3+]1,%d2
 2209 016a 0422     	 ld.bu %d2,[%a2+]1
 2210 016c 2432     	 st.b [%a3+]1,%d2
 2211 016e 0422     	 ld.bu %d2,[%a2+]1
 2212 0170 2432     	 st.b [%a3+]1,%d2
 2213 0172 0422     	 ld.bu %d2,[%a2+]1
 2214 0174 2432     	 st.b [%a3+]1,%d2
 2215 0176 0422     	 ld.bu %d2,[%a2+]1
 2216 0178 2432     	 st.b [%a3+]1,%d2
 2217 017a 0422     	 ld.bu %d2,[%a2+]1
 2218 017c 2432     	 st.b [%a3+]1,%d2
 2219 017e 0422     	 ld.bu %d2,[%a2+]1
 2220 0180 2432     	 st.b [%a3+]1,%d2
 2221 0182 0422     	 ld.bu %d2,[%a2+]1
 2222 0184 2432     	 st.b [%a3+]1,%d2
 2223 0186 0422     	 ld.bu %d2,[%a2+]1
 2224 0188 2432     	 st.b [%a3+]1,%d2
 2225 018a 0422     	 ld.bu %d2,[%a2+]1
 2226 018c 2432     	 st.b [%a3+]1,%d2
 2227 018e 0422     	 ld.bu %d2,[%a2+]1
 2228 0190 2432     	 st.b [%a3+]1,%d2
 2229 0192 0422     	 ld.bu %d2,[%a2+]1
 2230 0194 2432     	 st.b [%a3+]1,%d2
 2231 0196 0422     	 ld.bu %d2,[%a2+]1
 2232 0198 2432     	 st.b [%a3+]1,%d2
 2233 019a 0422     	 ld.bu %d2,[%a2+]1
 2234 019c 2432     	 st.b [%a3+]1,%d2
 2235 019e 0422     	 ld.bu %d2,[%a2+]1
 2236 01a0 2432     	 st.b [%a3+]1,%d2
 2237 01a2 0422     	 ld.bu %d2,[%a2+]1
 2238 01a4 2432     	 st.b [%a3+]1,%d2
 2239              	.LVL241:
2675:../Libraries/iLLD/TC4xx/CpuGeneric/Clock/Std/IfxClock.h **** 
 2240              	 .loc 4 2675 5 is_stmt 1
2677:../Libraries/iLLD/TC4xx/CpuGeneric/Clock/Std/IfxClock.h ****     {
 2241              	 .loc 4 2677 5
2677:../Libraries/iLLD/TC4xx/CpuGeneric/Clock/Std/IfxClock.h ****     {
 2242              	 .loc 4 2677 27 is_stmt 0
 2243 01a6 9160002F 	 movh.a %a2,61446
 2244 01aa D9225004 	 lea %a2,[%a2]17424
 2245 01ae 5422     	 ld.w %d2,[%a2]0
2677:../Libraries/iLLD/TC4xx/CpuGeneric/Clock/Std/IfxClock.h ****     {
 2246              	 .loc 4 2677 8
 2247 01b0 EFC20080 	 jnz.t %d2,28,.L83
2680:../Libraries/iLLD/TC4xx/CpuGeneric/Clock/Std/IfxClock.h ****         {
 2248              	 .loc 4 2680 9 is_stmt 1
2680:../Libraries/iLLD/TC4xx/CpuGeneric/Clock/Std/IfxClock.h ****         {
 2249              	 .loc 4 2680 12 is_stmt 0
 2250 01b4 DF0A0080 	 jnz %d10,.L99
2675:../Libraries/iLLD/TC4xx/CpuGeneric/Clock/Std/IfxClock.h **** 
 2251              	 .loc 4 2675 12
 2252 01b8 8202     	 mov %d2,0
 2253              	.LVL242:
 2254              	.L84:
 2255              	 .loc 4 2690 5 is_stmt 1
 2256              	.LBE351:
 2257              	.LBE350:
 2258              	.LBE349:
 521:../Libraries/iLLD/TC4xx/CpuGeneric/Egtm/Std/IfxEgtm.h ****     }
 2259              	 .loc 3 521 14 is_stmt 0
 2260 01ba 4B821122 	 div.u %e2,%d2,%d8
 2261              	.LVL243:
 2262              	.L82:
 2263              	 .loc 3 524 5 is_stmt 1
 2264              	.LBE348:
 2265              	.LBE347:
 377:../Libraries/iLLD/TC4xx/CpuGeneric/Egtm/Std/IfxEgtm_Cmu.h **** }
 2266              	 .loc 2 377 12 is_stmt 0
 2267 01be 4B026121 	 utof %d2,%d2
 2268              	.LVL244:
 2269              	.LBE346:
 2270              	.LBE345:
 371:../Libraries/iLLD/TC4xx/CpuGeneric/Egtm/Std/IfxEgtm_Cmu.h **** }
 2271              	 .loc 2 371 49
 2272 01c2 4B294120 	 mul.f %d2,%d9,%d2
 2273              	.LVL245:
 2274 01c6 1D000000 	 j .L80
 2275              	.LVL246:
 2276              	.L98:
 2277              	.LBE344:
 2278              	.LBE343:
 156:../Libraries/iLLD/TC4xx/CpuGeneric/Egtm/Std/IfxEgtm_Cmu.c ****         }
 2279              	 .loc 1 156 13 is_stmt 1
 156:../Libraries/iLLD/TC4xx/CpuGeneric/Egtm/Std/IfxEgtm_Cmu.c ****         }
 2280              	 .loc 1 156 25 is_stmt 0
 2281 01ca 1BF2FF4F 	 addi %d4,%d2,-1
 2282              	.LVL247:
 2283 01ce 6D000000 	 call IfxEgtm_Cmu_getClkFrequency
 2284              	.LVL248:
 2285 01d2 1D000000 	 j .L80
 2286              	.LVL249:
 2287              	.L99:
 2288              	.LBB360:
 2289              	.LBB359:
 2290              	.LBB358:
 2291              	.LBB357:
 2292              	.LBB356:
 2293              	.LBB355:
 2294              	.LBB354:
 2295              	.LBB353:
 2296              	.LBB352:
2682:../Libraries/iLLD/TC4xx/CpuGeneric/Clock/Std/IfxClock.h ****         }
 2297              	 .loc 4 2682 13 is_stmt 1
2682:../Libraries/iLLD/TC4xx/CpuGeneric/Clock/Std/IfxClock.h ****         }
 2298              	 .loc 4 2682 23 is_stmt 0
 2299 01d6 6D000000 	 call IfxClock_getSysSourceFrequency
 2300              	.LVL250:
2682:../Libraries/iLLD/TC4xx/CpuGeneric/Clock/Std/IfxClock.h ****         }
 2301              	 .loc 4 2682 64
 2302 01da D9E2F0FF 	 lea %a2,[%a14]-16
 2303 01de 012A0026 	 addsc.a %a2,%a2,%d10,0
 2304 01e2 1423     	 ld.bu %d3,[%a2]0
2682:../Libraries/iLLD/TC4xx/CpuGeneric/Clock/Std/IfxClock.h ****         }
 2305              	 .loc 4 2682 21
 2306 01e4 4B321122 	 div.u %e2,%d2,%d3
 2307              	.LVL251:
 2308 01e8 1D000000 	 j .L84
 2309              	.LVL252:
 2310              	.L83:
2687:../Libraries/iLLD/TC4xx/CpuGeneric/Clock/Std/IfxClock.h ****     }
 2311              	 .loc 4 2687 9 is_stmt 1
2687:../Libraries/iLLD/TC4xx/CpuGeneric/Clock/Std/IfxClock.h ****     }
 2312              	 .loc 4 2687 19 is_stmt 0
 2313 01ec 6D000000 	 call IfxClock_getSysSourceFrequency
 2314              	.LVL253:
2687:../Libraries/iLLD/TC4xx/CpuGeneric/Clock/Std/IfxClock.h ****     }
 2315              	 .loc 4 2687 17
 2316 01f0 7B908838 	 movh %d3,34953
 2317 01f4 1B938838 	 addi %d3,%d3,-30583
 2318 01f8 73326820 	 mul.u %e2,%d2,%d3
 2319 01fc 8FA31F20 	 sh %d2,%d3,-6
 2320              	.LVL254:
 2321 0200 1D000000 	 j .L84
 2322              	.LVL255:
 2323              	.L94:
 2324              	.LBE352:
 2325              	.LBE353:
 2326              	.LBE354:
 517:../Libraries/iLLD/TC4xx/CpuGeneric/Egtm/Std/IfxEgtm.h ****     }
 2327              	 .loc 3 517 14
 2328 0204 8202     	 mov %d2,0
 2329 0206 1D000000 	 j .L82
 2330              	.LVL256:
 2331              	.L89:
 2332              	.LBE355:
 2333              	.LBE356:
 2334              	.LBE357:
 2335              	.LBE358:
 2336              	.LBE359:
 2337              	.LBE360:
 164:../Libraries/iLLD/TC4xx/CpuGeneric/Egtm/Std/IfxEgtm_Cmu.c ****         {
 165:../Libraries/iLLD/TC4xx/CpuGeneric/Egtm/Std/IfxEgtm_Cmu.c ****         case IfxEgtm_Cmu_Fxclk_0:
 166:../Libraries/iLLD/TC4xx/CpuGeneric/Egtm/Std/IfxEgtm_Cmu.c ****         	/* Fx clock 0: no divider */
 167:../Libraries/iLLD/TC4xx/CpuGeneric/Egtm/Std/IfxEgtm_Cmu.c ****             frequency = frequency / (float32)1.0f;
 168:../Libraries/iLLD/TC4xx/CpuGeneric/Egtm/Std/IfxEgtm_Cmu.c ****             break;
 169:../Libraries/iLLD/TC4xx/CpuGeneric/Egtm/Std/IfxEgtm_Cmu.c ****         case IfxEgtm_Cmu_Fxclk_1:
 170:../Libraries/iLLD/TC4xx/CpuGeneric/Egtm/Std/IfxEgtm_Cmu.c ****         	/* Fx clock 1: divide by 16 */
 171:../Libraries/iLLD/TC4xx/CpuGeneric/Egtm/Std/IfxEgtm_Cmu.c ****             frequency = frequency / (float32)16.0f;
 2338              	 .loc 1 171 13 is_stmt 1
 2339              	 .loc 1 171 23 is_stmt 0
 2340 020a 7B00D833 	 movh %d3,15744
 2341 020e 4B324120 	 mul.f %d2,%d2,%d3
 2342              	.LVL257:
 172:../Libraries/iLLD/TC4xx/CpuGeneric/Egtm/Std/IfxEgtm_Cmu.c ****             break;
 2343              	 .loc 1 172 13 is_stmt 1
 2344 0212 0090     	 ret 
 2345              	.L88:
 173:../Libraries/iLLD/TC4xx/CpuGeneric/Egtm/Std/IfxEgtm_Cmu.c ****         case IfxEgtm_Cmu_Fxclk_2:
 174:../Libraries/iLLD/TC4xx/CpuGeneric/Egtm/Std/IfxEgtm_Cmu.c ****         	/* Fx clock 1: divide by 256 */
 175:../Libraries/iLLD/TC4xx/CpuGeneric/Egtm/Std/IfxEgtm_Cmu.c ****             frequency = frequency / (float32)256.0f;
 2346              	 .loc 1 175 13
 2347              	 .loc 1 175 23 is_stmt 0
 2348 0214 7B00B833 	 movh %d3,15232
 2349 0218 4B324120 	 mul.f %d2,%d2,%d3
 2350              	.LVL258:
 176:../Libraries/iLLD/TC4xx/CpuGeneric/Egtm/Std/IfxEgtm_Cmu.c ****             break;
 2351              	 .loc 1 176 13 is_stmt 1
 2352 021c 0090     	 ret 
 2353              	.L87:
 177:../Libraries/iLLD/TC4xx/CpuGeneric/Egtm/Std/IfxEgtm_Cmu.c ****         case IfxEgtm_Cmu_Fxclk_3:
 178:../Libraries/iLLD/TC4xx/CpuGeneric/Egtm/Std/IfxEgtm_Cmu.c ****         	/* Fx clock 1: divide by 4096 */
 179:../Libraries/iLLD/TC4xx/CpuGeneric/Egtm/Std/IfxEgtm_Cmu.c ****             frequency = frequency / (float32)4096.0f;
 2354              	 .loc 1 179 13
 2355              	 .loc 1 179 23 is_stmt 0
 2356 021e 7B009833 	 movh %d3,14720
 2357 0222 4B324120 	 mul.f %d2,%d2,%d3
 2358              	.LVL259:
 180:../Libraries/iLLD/TC4xx/CpuGeneric/Egtm/Std/IfxEgtm_Cmu.c ****             break;
 2359              	 .loc 1 180 13 is_stmt 1
 2360 0226 0090     	 ret 
 2361              	.L85:
 181:../Libraries/iLLD/TC4xx/CpuGeneric/Egtm/Std/IfxEgtm_Cmu.c ****         case IfxEgtm_Cmu_Fxclk_4:
 182:../Libraries/iLLD/TC4xx/CpuGeneric/Egtm/Std/IfxEgtm_Cmu.c ****         	/* Fx clock 1: divide by 65536 */
 183:../Libraries/iLLD/TC4xx/CpuGeneric/Egtm/Std/IfxEgtm_Cmu.c ****             frequency = frequency / (float32)65536.0f;
 2362              	 .loc 1 183 13
 2363              	 .loc 1 183 23 is_stmt 0
 2364 0228 7B007833 	 movh %d3,14208
 2365 022c 4B324120 	 mul.f %d2,%d2,%d3
 2366              	.LVL260:
 184:../Libraries/iLLD/TC4xx/CpuGeneric/Egtm/Std/IfxEgtm_Cmu.c ****             break;
 2367              	 .loc 1 184 13 is_stmt 1
 2368 0230 0090     	 ret 
 2369              	.LVL261:
 2370              	.L91:
 185:../Libraries/iLLD/TC4xx/CpuGeneric/Egtm/Std/IfxEgtm_Cmu.c ****         default:
 186:../Libraries/iLLD/TC4xx/CpuGeneric/Egtm/Std/IfxEgtm_Cmu.c ****         	/* Invalid clkIndex: return 0 */
 187:../Libraries/iLLD/TC4xx/CpuGeneric/Egtm/Std/IfxEgtm_Cmu.c ****             frequency = (float32)0.0f;
 188:../Libraries/iLLD/TC4xx/CpuGeneric/Egtm/Std/IfxEgtm_Cmu.c ****             break;
 189:../Libraries/iLLD/TC4xx/CpuGeneric/Egtm/Std/IfxEgtm_Cmu.c ****         }
 190:../Libraries/iLLD/TC4xx/CpuGeneric/Egtm/Std/IfxEgtm_Cmu.c ****     }
 191:../Libraries/iLLD/TC4xx/CpuGeneric/Egtm/Std/IfxEgtm_Cmu.c ****     else
 192:../Libraries/iLLD/TC4xx/CpuGeneric/Egtm/Std/IfxEgtm_Cmu.c ****     {
 193:../Libraries/iLLD/TC4xx/CpuGeneric/Egtm/Std/IfxEgtm_Cmu.c ****         frequency = (float32)0.0f;
 2371              	 .loc 1 193 19 is_stmt 0
 2372 0232 8202     	 mov %d2,0
 2373 0234 0090     	 ret 
 2374              	.LVL262:
 2375              	.L96:
 187:../Libraries/iLLD/TC4xx/CpuGeneric/Egtm/Std/IfxEgtm_Cmu.c ****             break;
 2376              	 .loc 1 187 23
 2377 0236 8202     	 mov %d2,0
 2378              	.LVL263:
 194:../Libraries/iLLD/TC4xx/CpuGeneric/Egtm/Std/IfxEgtm_Cmu.c ****     }
 195:../Libraries/iLLD/TC4xx/CpuGeneric/Egtm/Std/IfxEgtm_Cmu.c **** 
 196:../Libraries/iLLD/TC4xx/CpuGeneric/Egtm/Std/IfxEgtm_Cmu.c ****     /* Returns the calculated frequency */
 197:../Libraries/iLLD/TC4xx/CpuGeneric/Egtm/Std/IfxEgtm_Cmu.c ****     return frequency;
 2379              	 .loc 1 197 5 is_stmt 1
 2380              	.L73:
 198:../Libraries/iLLD/TC4xx/CpuGeneric/Egtm/Std/IfxEgtm_Cmu.c **** }
 2381              	 .loc 1 198 1 is_stmt 0
 2382 0238 0090     	 ret 
 2383              	.LFE281:
 2385              	 .global IfxEgtm_Cmu_getFxClkFrequency_end
 2386              	IfxEgtm_Cmu_getFxClkFrequency_end:
 2387 023a 0000     	 .section .text.IfxEgtm_Cmu_setClkFrequency,"ax",@progbits
 2388              	 .align 1
 2389              	 .global IfxEgtm_Cmu_setClkFrequency
 2391              	IfxEgtm_Cmu_setClkFrequency:
 2392              	.LFB282:
 199:../Libraries/iLLD/TC4xx/CpuGeneric/Egtm/Std/IfxEgtm_Cmu.c **** 
 200:../Libraries/iLLD/TC4xx/CpuGeneric/Egtm/Std/IfxEgtm_Cmu.c **** 
 201:../Libraries/iLLD/TC4xx/CpuGeneric/Egtm/Std/IfxEgtm_Cmu.c **** void IfxEgtm_Cmu_setClkFrequency(Ifx_EGTM *egtm, IfxEgtm_Cmu_Clk clkIndex, float32 frequency)
 202:../Libraries/iLLD/TC4xx/CpuGeneric/Egtm/Std/IfxEgtm_Cmu.c **** {
 2393              	 .loc 1 202 1 is_stmt 1
 2394              	.LVL264:
 2395 0000 40AE     	 mov.aa %a14,%SP
 2396              	.LCFI3:
 2397 0002 2010     	 sub.a %SP,16
 2398 0004 404C     	 mov.aa %a12,%a4
 2399 0006 024C     	 mov %d12,%d4
 2400 0008 025A     	 mov %d10,%d5
 203:../Libraries/iLLD/TC4xx/CpuGeneric/Egtm/Std/IfxEgtm_Cmu.c ****     float32 t   = (IfxEgtm_Cmu_getGclkFrequency(egtm) / frequency) - (float32)1.0f;
 2401              	 .loc 1 203 5
 2402              	.LVL265:
 2403              	.LBB361:
 2404              	.LBB362:
 367:../Libraries/iLLD/TC4xx/CpuGeneric/Egtm/Std/IfxEgtm_Cmu.h ****     uint32  Z          = (uint32)egtm->CLS->CMU.GCLK_NUM.B.GCLK_NUM;
 2405              	 .loc 2 367 5
 367:../Libraries/iLLD/TC4xx/CpuGeneric/Egtm/Std/IfxEgtm_Cmu.h ****     uint32  Z          = (uint32)egtm->CLS->CMU.GCLK_NUM.B.GCLK_NUM;
 2406              	 .loc 2 367 59 is_stmt 0
 2407 000a 19430820 	 ld.w %d3,[%a4]136
 2408 000e 37037830 	 extr.u %d3,%d3,0,24
 2409              	.LVL266:
 368:../Libraries/iLLD/TC4xx/CpuGeneric/Egtm/Std/IfxEgtm_Cmu.h ****     float32 multiplier = (float32)((float32)N / (float32)Z);
 2410              	 .loc 2 368 5 is_stmt 1
 368:../Libraries/iLLD/TC4xx/CpuGeneric/Egtm/Std/IfxEgtm_Cmu.h ****     float32 multiplier = (float32)((float32)N / (float32)Z);
 2411              	 .loc 2 368 59 is_stmt 0
 2412 0012 19420420 	 ld.w %d2,[%a4]132
 2413 0016 37027820 	 extr.u %d2,%d2,0,24
 2414              	.LVL267:
 369:../Libraries/iLLD/TC4xx/CpuGeneric/Egtm/Std/IfxEgtm_Cmu.h **** 
 2415              	 .loc 2 369 5 is_stmt 1
 369:../Libraries/iLLD/TC4xx/CpuGeneric/Egtm/Std/IfxEgtm_Cmu.h **** 
 2416              	 .loc 2 369 36 is_stmt 0
 2417 001a 4B036131 	 utof %d3,%d3
 2418              	.LVL268:
 369:../Libraries/iLLD/TC4xx/CpuGeneric/Egtm/Std/IfxEgtm_Cmu.h **** 
 2419              	 .loc 2 369 49
 2420 001e 4B026121 	 utof %d2,%d2
 2421              	.LVL269:
 369:../Libraries/iLLD/TC4xx/CpuGeneric/Egtm/Std/IfxEgtm_Cmu.h **** 
 2422              	 .loc 2 369 13
 2423 0022 4B235190 	 div.f %d9,%d3,%d2
 2424              	.LVL270:
 371:../Libraries/iLLD/TC4xx/CpuGeneric/Egtm/Std/IfxEgtm_Cmu.h **** }
 2425              	 .loc 2 371 5 is_stmt 1
 2426              	.LBB363:
 2427              	.LBB364:
 377:../Libraries/iLLD/TC4xx/CpuGeneric/Egtm/Std/IfxEgtm_Cmu.h **** }
 2428              	 .loc 2 377 5
 2429              	.LBB365:
 2430              	.LBB366:
 511:../Libraries/iLLD/TC4xx/CpuGeneric/Egtm/Std/IfxEgtm.h ****     uint8  clsDiv = 0u;
 2431              	 .loc 3 511 5
 512:../Libraries/iLLD/TC4xx/CpuGeneric/Egtm/Std/IfxEgtm.h ****     clsDiv = (uint8)(((egtm->CLS->ARCH.CLK_CFG.U) >> ((uint8)cluster << 1u)) & 0x3U);
 2432              	 .loc 3 512 5
 513:../Libraries/iLLD/TC4xx/CpuGeneric/Egtm/Std/IfxEgtm.h **** 
 2433              	 .loc 3 513 5
 513:../Libraries/iLLD/TC4xx/CpuGeneric/Egtm/Std/IfxEgtm.h **** 
 2434              	 .loc 3 513 47 is_stmt 0
 2435 0026 19482C00 	 ld.w %d8,[%a4]44
 513:../Libraries/iLLD/TC4xx/CpuGeneric/Egtm/Std/IfxEgtm.h **** 
 2436              	 .loc 3 513 12
 2437 002a 8F380081 	 and %d8,%d8,3
 2438              	.LVL271:
 515:../Libraries/iLLD/TC4xx/CpuGeneric/Egtm/Std/IfxEgtm.h ****     {
 2439              	 .loc 3 515 5 is_stmt 1
 515:../Libraries/iLLD/TC4xx/CpuGeneric/Egtm/Std/IfxEgtm.h ****     {
 2440              	 .loc 3 515 8 is_stmt 0
 2441 002e DF080000 	 jz %d8,.L116
 521:../Libraries/iLLD/TC4xx/CpuGeneric/Egtm/Std/IfxEgtm.h ****     }
 2442              	 .loc 3 521 9 is_stmt 1
 2443              	.LBB367:
 505:../Libraries/iLLD/TC4xx/CpuGeneric/Egtm/Std/IfxEgtm.h **** }
 2444              	 .loc 3 505 5
 2445              	.LBB368:
 2446              	.LBB369:
2673:../Libraries/iLLD/TC4xx/CpuGeneric/Clock/Std/IfxClock.h ****     uint8  clkdiv[16] = {1, 1, 2, 3, 4, 5, 6, 6, 8, 8, 10, 10, 12, 12, 12, 15};
 2447              	 .loc 4 2673 5
2673:../Libraries/iLLD/TC4xx/CpuGeneric/Clock/Std/IfxClock.h ****     uint8  clkdiv[16] = {1, 1, 2, 3, 4, 5, 6, 6, 8, 8, 10, 10, 12, 12, 12, 15};
 2448              	 .loc 4 2673 43 is_stmt 0
 2449 0032 9160002F 	 movh.a %a2,61446
 2450 0036 D9225404 	 lea %a2,[%a2]17428
 2451 003a 542B     	 ld.w %d11,[%a2]0
 2452 003c 370B64B6 	 extr.u %d11,%d11,12,4
 2453              	.LVL272:
2674:../Libraries/iLLD/TC4xx/CpuGeneric/Clock/Std/IfxClock.h ****     uint32 gtmFreq    = 0;
 2454              	 .loc 4 2674 5 is_stmt 1
2674:../Libraries/iLLD/TC4xx/CpuGeneric/Clock/Std/IfxClock.h ****     uint32 gtmFreq    = 0;
 2455              	 .loc 4 2674 12 is_stmt 0
 2456 0040 91000020 	 movh.a %a2,hi:.LC0
 2457 0044 D9220000 	 lea %a2,[%a2]lo:.LC0
 2458 0048 D9E3F0FF 	 lea %a3,[%a14]-16
 2459              	 
 2460 004c 0422     	 ld.bu %d2,[%a2+]1
 2461 004e 2432     	 st.b [%a3+]1,%d2
 2462 0050 0422     	 ld.bu %d2,[%a2+]1
 2463 0052 2432     	 st.b [%a3+]1,%d2
 2464 0054 0422     	 ld.bu %d2,[%a2+]1
 2465 0056 2432     	 st.b [%a3+]1,%d2
 2466 0058 0422     	 ld.bu %d2,[%a2+]1
 2467 005a 2432     	 st.b [%a3+]1,%d2
 2468 005c 0422     	 ld.bu %d2,[%a2+]1
 2469 005e 2432     	 st.b [%a3+]1,%d2
 2470 0060 0422     	 ld.bu %d2,[%a2+]1
 2471 0062 2432     	 st.b [%a3+]1,%d2
 2472 0064 0422     	 ld.bu %d2,[%a2+]1
 2473 0066 2432     	 st.b [%a3+]1,%d2
 2474 0068 0422     	 ld.bu %d2,[%a2+]1
 2475 006a 2432     	 st.b [%a3+]1,%d2
 2476 006c 0422     	 ld.bu %d2,[%a2+]1
 2477 006e 2432     	 st.b [%a3+]1,%d2
 2478 0070 0422     	 ld.bu %d2,[%a2+]1
 2479 0072 2432     	 st.b [%a3+]1,%d2
 2480 0074 0422     	 ld.bu %d2,[%a2+]1
 2481 0076 2432     	 st.b [%a3+]1,%d2
 2482 0078 0422     	 ld.bu %d2,[%a2+]1
 2483 007a 2432     	 st.b [%a3+]1,%d2
 2484 007c 0422     	 ld.bu %d2,[%a2+]1
 2485 007e 2432     	 st.b [%a3+]1,%d2
 2486 0080 0422     	 ld.bu %d2,[%a2+]1
 2487 0082 2432     	 st.b [%a3+]1,%d2
 2488 0084 0422     	 ld.bu %d2,[%a2+]1
 2489 0086 2432     	 st.b [%a3+]1,%d2
 2490 0088 0422     	 ld.bu %d2,[%a2+]1
 2491 008a 2432     	 st.b [%a3+]1,%d2
 2492              	.LVL273:
2675:../Libraries/iLLD/TC4xx/CpuGeneric/Clock/Std/IfxClock.h **** 
 2493              	 .loc 4 2675 5 is_stmt 1
2677:../Libraries/iLLD/TC4xx/CpuGeneric/Clock/Std/IfxClock.h ****     {
 2494              	 .loc 4 2677 5
2677:../Libraries/iLLD/TC4xx/CpuGeneric/Clock/Std/IfxClock.h ****     {
 2495              	 .loc 4 2677 27 is_stmt 0
 2496 008c 9160002F 	 movh.a %a2,61446
 2497 0090 D9225004 	 lea %a2,[%a2]17424
 2498 0094 5422     	 ld.w %d2,[%a2]0
2677:../Libraries/iLLD/TC4xx/CpuGeneric/Clock/Std/IfxClock.h ****     {
 2499              	 .loc 4 2677 8
 2500 0096 EFC20080 	 jnz.t %d2,28,.L102
2680:../Libraries/iLLD/TC4xx/CpuGeneric/Clock/Std/IfxClock.h ****         {
 2501              	 .loc 4 2680 9 is_stmt 1
2680:../Libraries/iLLD/TC4xx/CpuGeneric/Clock/Std/IfxClock.h ****         {
 2502              	 .loc 4 2680 12 is_stmt 0
 2503 009a DF0B0080 	 jnz %d11,.L119
2675:../Libraries/iLLD/TC4xx/CpuGeneric/Clock/Std/IfxClock.h **** 
 2504              	 .loc 4 2675 12
 2505 009e 8202     	 mov %d2,0
 2506              	.LVL274:
 2507              	.L103:
 2508              	 .loc 4 2690 5 is_stmt 1
 2509              	.LBE369:
 2510              	.LBE368:
 2511              	.LBE367:
 521:../Libraries/iLLD/TC4xx/CpuGeneric/Egtm/Std/IfxEgtm.h ****     }
 2512              	 .loc 3 521 14 is_stmt 0
 2513 00a0 4B821122 	 div.u %e2,%d2,%d8
 2514              	.LVL275:
 2515              	.L101:
 2516              	 .loc 3 524 5 is_stmt 1
 2517              	.LBE366:
 2518              	.LBE365:
 377:../Libraries/iLLD/TC4xx/CpuGeneric/Egtm/Std/IfxEgtm_Cmu.h **** }
 2519              	 .loc 2 377 12 is_stmt 0
 2520 00a4 4B026121 	 utof %d2,%d2
 2521              	.LVL276:
 2522              	.LBE364:
 2523              	.LBE363:
 371:../Libraries/iLLD/TC4xx/CpuGeneric/Egtm/Std/IfxEgtm_Cmu.h **** }
 2524              	 .loc 2 371 49
 2525 00a8 4B294120 	 mul.f %d2,%d9,%d2
 2526              	.LVL277:
 2527              	.LBE362:
 2528              	.LBE361:
 2529              	 .loc 1 203 55
 2530 00ac 4BA25150 	 div.f %d5,%d2,%d10
 2531              	 .loc 1 203 13
 2532 00b0 7B00F823 	 movh %d2,16256
 2533 00b4 6B023155 	 sub.f %d5,%d5,%d2
 2534              	.LVL278:
 204:../Libraries/iLLD/TC4xx/CpuGeneric/Egtm/Std/IfxEgtm_Cmu.c ****     uint32  cnt = (uint32)t;
 2535              	 .loc 1 204 5 is_stmt 1
 2536              	 .loc 1 204 13 is_stmt 0
 2537 00b8 4B057121 	 ftouz %d2,%d5
 2538              	.LVL279:
 205:../Libraries/iLLD/TC4xx/CpuGeneric/Egtm/Std/IfxEgtm_Cmu.c **** 
 206:../Libraries/iLLD/TC4xx/CpuGeneric/Egtm/Std/IfxEgtm_Cmu.c ****     if ((t - (float32)cnt) > (float32)0.5f)
 2539              	 .loc 1 206 5 is_stmt 1
 2540              	 .loc 1 206 14 is_stmt 0
 2541 00bc 4B026131 	 utof %d3,%d2
 2542              	 .loc 1 206 12
 2543 00c0 6B033135 	 sub.f %d3,%d5,%d3
 2544              	 .loc 1 206 8
 2545 00c4 7B00F053 	 movh %d5,16128
 2546              	.LVL280:
 2547 00c8 4B530130 	 cmp.f %d3,%d3,%d5
 2548 00cc 6F230000 	 jz.t %d3,2,.L104
 207:../Libraries/iLLD/TC4xx/CpuGeneric/Egtm/Std/IfxEgtm_Cmu.c ****     {
 208:../Libraries/iLLD/TC4xx/CpuGeneric/Egtm/Std/IfxEgtm_Cmu.c ****     	/* Round to nearest */
 209:../Libraries/iLLD/TC4xx/CpuGeneric/Egtm/Std/IfxEgtm_Cmu.c ****         cnt++;
 2549              	 .loc 1 209 9 is_stmt 1
 2550              	 .loc 1 209 12 is_stmt 0
 2551 00d0 C212     	 add %d2,1
 2552              	.LVL281:
 2553              	.L104:
 210:../Libraries/iLLD/TC4xx/CpuGeneric/Egtm/Std/IfxEgtm_Cmu.c ****     }
 211:../Libraries/iLLD/TC4xx/CpuGeneric/Egtm/Std/IfxEgtm_Cmu.c **** 
 212:../Libraries/iLLD/TC4xx/CpuGeneric/Egtm/Std/IfxEgtm_Cmu.c ****     /* Updates the clock control register based on the clock index */
 213:../Libraries/iLLD/TC4xx/CpuGeneric/Egtm/Std/IfxEgtm_Cmu.c ****     switch (clkIndex)
 2554              	 .loc 1 213 5 is_stmt 1
 2555 00d2 FF8C0080 	 jge.u %d12,8,.L100
 2556 00d6 91000020 	 movh.a %a2,hi:.L108
 2557 00da D9220000 	 lea %a2,[%a2]lo:.L108
 2558 00de 012C0226 	 addsc.a %a2,%a2,%d12,2
 2559 00e2 DC02     	 ji %a2
 2560              	 .align 2
 2561              	 .align 2
 2562              	.L108:
 2563              	 .code32
 2564 00e4 1D000000 	 j .L115
 2565              	 .code32
 2566 00e8 1D000000 	 j .L114
 2567              	 .code32
 2568 00ec 1D000000 	 j .L113
 2569              	 .code32
 2570 00f0 1D000000 	 j .L112
 2571              	 .code32
 2572 00f4 1D000000 	 j .L111
 2573              	 .code32
 2574 00f8 1D000000 	 j .L110
 2575              	 .code32
 2576 00fc 1D000000 	 j .L109
 2577              	 .code32
 2578 0100 1D000000 	 j .L107
 2579              	.LVL282:
 2580              	.L119:
 2581              	.LBB378:
 2582              	.LBB377:
 2583              	.LBB376:
 2584              	.LBB375:
 2585              	.LBB374:
 2586              	.LBB373:
 2587              	.LBB372:
 2588              	.LBB371:
 2589              	.LBB370:
2682:../Libraries/iLLD/TC4xx/CpuGeneric/Clock/Std/IfxClock.h ****         }
 2590              	 .loc 4 2682 13
2682:../Libraries/iLLD/TC4xx/CpuGeneric/Clock/Std/IfxClock.h ****         }
 2591              	 .loc 4 2682 23 is_stmt 0
 2592 0104 6D000000 	 call IfxClock_getSysSourceFrequency
 2593              	.LVL283:
2682:../Libraries/iLLD/TC4xx/CpuGeneric/Clock/Std/IfxClock.h ****         }
 2594              	 .loc 4 2682 64
 2595 0108 D9E2F0FF 	 lea %a2,[%a14]-16
 2596 010c 012B0026 	 addsc.a %a2,%a2,%d11,0
 2597 0110 1423     	 ld.bu %d3,[%a2]0
2682:../Libraries/iLLD/TC4xx/CpuGeneric/Clock/Std/IfxClock.h ****         }
 2598              	 .loc 4 2682 21
 2599 0112 4B321122 	 div.u %e2,%d2,%d3
 2600              	.LVL284:
 2601 0116 1D000000 	 j .L103
 2602              	.LVL285:
 2603              	.L102:
2687:../Libraries/iLLD/TC4xx/CpuGeneric/Clock/Std/IfxClock.h ****     }
 2604              	 .loc 4 2687 9 is_stmt 1
2687:../Libraries/iLLD/TC4xx/CpuGeneric/Clock/Std/IfxClock.h ****     }
 2605              	 .loc 4 2687 19 is_stmt 0
 2606 011a 6D000000 	 call IfxClock_getSysSourceFrequency
 2607              	.LVL286:
2687:../Libraries/iLLD/TC4xx/CpuGeneric/Clock/Std/IfxClock.h ****     }
 2608              	 .loc 4 2687 17
 2609 011e 7B908838 	 movh %d3,34953
 2610 0122 1B938838 	 addi %d3,%d3,-30583
 2611 0126 73326820 	 mul.u %e2,%d2,%d3
 2612 012a 8FA31F20 	 sh %d2,%d3,-6
 2613              	.LVL287:
 2614 012e 1D000000 	 j .L103
 2615              	.LVL288:
 2616              	.L116:
 2617              	.LBE370:
 2618              	.LBE371:
 2619              	.LBE372:
 517:../Libraries/iLLD/TC4xx/CpuGeneric/Egtm/Std/IfxEgtm.h ****     }
 2620              	 .loc 3 517 14
 2621 0132 8202     	 mov %d2,0
 2622 0134 1D000000 	 j .L101
 2623              	.LVL289:
 2624              	.L115:
 2625              	.LBE373:
 2626              	.LBE374:
 2627              	.LBE375:
 2628              	.LBE376:
 2629              	.LBE377:
 2630              	.LBE378:
 214:../Libraries/iLLD/TC4xx/CpuGeneric/Egtm/Std/IfxEgtm_Cmu.c ****     {
 215:../Libraries/iLLD/TC4xx/CpuGeneric/Egtm/Std/IfxEgtm_Cmu.c ****     case IfxEgtm_Cmu_Clk_0:
 216:../Libraries/iLLD/TC4xx/CpuGeneric/Egtm/Std/IfxEgtm_Cmu.c ****     	/* Updates the clock control register for clock 0 */
 217:../Libraries/iLLD/TC4xx/CpuGeneric/Egtm/Std/IfxEgtm_Cmu.c ****         egtm->CLS->CMU.CLK0.CTRL.B.CLK_CNT = cnt;
 2631              	 .loc 1 217 9 is_stmt 1
 2632              	 .loc 1 217 44 is_stmt 0
 2633 0138 D9C20C20 	 lea %a2,[%a12]140
 2634 013c 19C30C20 	 ld.w %d3,[%a12]140
 2635 0140 37231830 	 insert %d3,%d3,%d2,0,24
 2636 0144 7423     	 st.w [%a2]0,%d3
 218:../Libraries/iLLD/TC4xx/CpuGeneric/Egtm/Std/IfxEgtm_Cmu.c ****         break;
 2637              	 .loc 1 218 9 is_stmt 1
 2638 0146 0090     	 ret 
 2639              	.L114:
 219:../Libraries/iLLD/TC4xx/CpuGeneric/Egtm/Std/IfxEgtm_Cmu.c ****     case IfxEgtm_Cmu_Clk_1:
 220:../Libraries/iLLD/TC4xx/CpuGeneric/Egtm/Std/IfxEgtm_Cmu.c ****     	/* Updates the clock control register for clock 1 */
 221:../Libraries/iLLD/TC4xx/CpuGeneric/Egtm/Std/IfxEgtm_Cmu.c ****         egtm->CLS->CMU.CLK1.CTRL.B.CLK_CNT = cnt;
 2640              	 .loc 1 221 9
 2641              	 .loc 1 221 44 is_stmt 0
 2642 0148 D9C21020 	 lea %a2,[%a12]144
 2643 014c 19C31020 	 ld.w %d3,[%a12]144
 2644 0150 37231830 	 insert %d3,%d3,%d2,0,24
 2645 0154 7423     	 st.w [%a2]0,%d3
 222:../Libraries/iLLD/TC4xx/CpuGeneric/Egtm/Std/IfxEgtm_Cmu.c ****         break;
 2646              	 .loc 1 222 9 is_stmt 1
 2647 0156 0090     	 ret 
 2648              	.L113:
 223:../Libraries/iLLD/TC4xx/CpuGeneric/Egtm/Std/IfxEgtm_Cmu.c ****     case IfxEgtm_Cmu_Clk_2:
 224:../Libraries/iLLD/TC4xx/CpuGeneric/Egtm/Std/IfxEgtm_Cmu.c ****     	/* Updates the clock control register for clock 2 */
 225:../Libraries/iLLD/TC4xx/CpuGeneric/Egtm/Std/IfxEgtm_Cmu.c ****         egtm->CLS->CMU.CLK2.CTRL.B.CLK_CNT = cnt;
 2649              	 .loc 1 225 9
 2650              	 .loc 1 225 44 is_stmt 0
 2651 0158 D9C21420 	 lea %a2,[%a12]148
 2652 015c 19C31420 	 ld.w %d3,[%a12]148
 2653 0160 37231830 	 insert %d3,%d3,%d2,0,24
 2654 0164 7423     	 st.w [%a2]0,%d3
 226:../Libraries/iLLD/TC4xx/CpuGeneric/Egtm/Std/IfxEgtm_Cmu.c ****         break;
 2655              	 .loc 1 226 9 is_stmt 1
 2656 0166 0090     	 ret 
 2657              	.L112:
 227:../Libraries/iLLD/TC4xx/CpuGeneric/Egtm/Std/IfxEgtm_Cmu.c ****     case IfxEgtm_Cmu_Clk_3:
 228:../Libraries/iLLD/TC4xx/CpuGeneric/Egtm/Std/IfxEgtm_Cmu.c ****     	/* Updates the clock control register for clock 3 */
 229:../Libraries/iLLD/TC4xx/CpuGeneric/Egtm/Std/IfxEgtm_Cmu.c ****         egtm->CLS->CMU.CLK3.CTRL.B.CLK_CNT = cnt;
 2658              	 .loc 1 229 9
 2659              	 .loc 1 229 44 is_stmt 0
 2660 0168 D9C21820 	 lea %a2,[%a12]152
 2661 016c 19C31820 	 ld.w %d3,[%a12]152
 2662 0170 37231830 	 insert %d3,%d3,%d2,0,24
 2663 0174 7423     	 st.w [%a2]0,%d3
 230:../Libraries/iLLD/TC4xx/CpuGeneric/Egtm/Std/IfxEgtm_Cmu.c ****         break;
 2664              	 .loc 1 230 9 is_stmt 1
 2665 0176 0090     	 ret 
 2666              	.L111:
 231:../Libraries/iLLD/TC4xx/CpuGeneric/Egtm/Std/IfxEgtm_Cmu.c ****     case IfxEgtm_Cmu_Clk_4:
 232:../Libraries/iLLD/TC4xx/CpuGeneric/Egtm/Std/IfxEgtm_Cmu.c ****     	/* Updates the clock control register for clock 4 */
 233:../Libraries/iLLD/TC4xx/CpuGeneric/Egtm/Std/IfxEgtm_Cmu.c ****         egtm->CLS->CMU.CLK4.CTRL.B.CLK_CNT = cnt;
 2667              	 .loc 1 233 9
 2668              	 .loc 1 233 44 is_stmt 0
 2669 0178 D9C21C20 	 lea %a2,[%a12]156
 2670 017c 19C31C20 	 ld.w %d3,[%a12]156
 2671 0180 37231830 	 insert %d3,%d3,%d2,0,24
 2672 0184 7423     	 st.w [%a2]0,%d3
 234:../Libraries/iLLD/TC4xx/CpuGeneric/Egtm/Std/IfxEgtm_Cmu.c ****         break;
 2673              	 .loc 1 234 9 is_stmt 1
 2674 0186 0090     	 ret 
 2675              	.L110:
 235:../Libraries/iLLD/TC4xx/CpuGeneric/Egtm/Std/IfxEgtm_Cmu.c ****     case IfxEgtm_Cmu_Clk_5:
 236:../Libraries/iLLD/TC4xx/CpuGeneric/Egtm/Std/IfxEgtm_Cmu.c ****     	/* Update the clock control register for clock 5 */
 237:../Libraries/iLLD/TC4xx/CpuGeneric/Egtm/Std/IfxEgtm_Cmu.c ****         egtm->CLS->CMU.CLK5.CTRL.B.CLK_CNT = cnt;
 2676              	 .loc 1 237 9
 2677              	 .loc 1 237 44 is_stmt 0
 2678 0188 D9C22020 	 lea %a2,[%a12]160
 2679 018c 19C32020 	 ld.w %d3,[%a12]160
 2680 0190 37231830 	 insert %d3,%d3,%d2,0,24
 2681 0194 7423     	 st.w [%a2]0,%d3
 238:../Libraries/iLLD/TC4xx/CpuGeneric/Egtm/Std/IfxEgtm_Cmu.c ****         break;
 2682              	 .loc 1 238 9 is_stmt 1
 2683 0196 0090     	 ret 
 2684              	.L109:
 239:../Libraries/iLLD/TC4xx/CpuGeneric/Egtm/Std/IfxEgtm_Cmu.c ****     case IfxEgtm_Cmu_Clk_6:
 240:../Libraries/iLLD/TC4xx/CpuGeneric/Egtm/Std/IfxEgtm_Cmu.c ****     	/* Updates the clock control register for clock 6 */
 241:../Libraries/iLLD/TC4xx/CpuGeneric/Egtm/Std/IfxEgtm_Cmu.c ****         egtm->CLS->CMU.CLK_6_CTRL.B.CLK_CNT = cnt;
 2685              	 .loc 1 241 9
 2686              	 .loc 1 241 45 is_stmt 0
 2687 0198 D9C22420 	 lea %a2,[%a12]164
 2688 019c 19C32420 	 ld.w %d3,[%a12]164
 2689 01a0 37231830 	 insert %d3,%d3,%d2,0,24
 2690 01a4 7423     	 st.w [%a2]0,%d3
 242:../Libraries/iLLD/TC4xx/CpuGeneric/Egtm/Std/IfxEgtm_Cmu.c ****         break;
 2691              	 .loc 1 242 9 is_stmt 1
 2692 01a6 0090     	 ret 
 2693              	.L107:
 243:../Libraries/iLLD/TC4xx/CpuGeneric/Egtm/Std/IfxEgtm_Cmu.c ****     case IfxEgtm_Cmu_Clk_7:
 244:../Libraries/iLLD/TC4xx/CpuGeneric/Egtm/Std/IfxEgtm_Cmu.c ****     	/* Updates the clock control register for clock 7 */
 245:../Libraries/iLLD/TC4xx/CpuGeneric/Egtm/Std/IfxEgtm_Cmu.c ****         egtm->CLS->CMU.CLK_7_CTRL.B.CLK_CNT = cnt;
 2694              	 .loc 1 245 9
 2695              	 .loc 1 245 45 is_stmt 0
 2696 01a8 D9C22820 	 lea %a2,[%a12]168
 2697 01ac 19C32820 	 ld.w %d3,[%a12]168
 2698 01b0 37231830 	 insert %d3,%d3,%d2,0,24
 2699 01b4 7423     	 st.w [%a2]0,%d3
 246:../Libraries/iLLD/TC4xx/CpuGeneric/Egtm/Std/IfxEgtm_Cmu.c ****         break;
 2700              	 .loc 1 246 9 is_stmt 1
 2701              	.L100:
 247:../Libraries/iLLD/TC4xx/CpuGeneric/Egtm/Std/IfxEgtm_Cmu.c ****     default:
 248:../Libraries/iLLD/TC4xx/CpuGeneric/Egtm/Std/IfxEgtm_Cmu.c ****         /* do nothing */
 249:../Libraries/iLLD/TC4xx/CpuGeneric/Egtm/Std/IfxEgtm_Cmu.c ****         break;
 250:../Libraries/iLLD/TC4xx/CpuGeneric/Egtm/Std/IfxEgtm_Cmu.c ****     }
 251:../Libraries/iLLD/TC4xx/CpuGeneric/Egtm/Std/IfxEgtm_Cmu.c **** }
 2702              	 .loc 1 251 1 is_stmt 0
 2703 01b6 0090     	 ret 
 2704              	.LFE282:
 2706              	 .global IfxEgtm_Cmu_setClkFrequency_end
 2707              	IfxEgtm_Cmu_setClkFrequency_end:
 2708              	 .section .text.IfxEgtm_Cmu_setEclkFrequency,"ax",@progbits
 2709              	 .align 1
 2710              	 .global IfxEgtm_Cmu_setEclkFrequency
 2712              	IfxEgtm_Cmu_setEclkFrequency:
 2713              	.LFB283:
 252:../Libraries/iLLD/TC4xx/CpuGeneric/Egtm/Std/IfxEgtm_Cmu.c **** 
 253:../Libraries/iLLD/TC4xx/CpuGeneric/Egtm/Std/IfxEgtm_Cmu.c **** 
 254:../Libraries/iLLD/TC4xx/CpuGeneric/Egtm/Std/IfxEgtm_Cmu.c **** void IfxEgtm_Cmu_setEclkFrequency(Ifx_EGTM *egtm, IfxEgtm_Cmu_Eclk clkIndex, float32 frequency)
 255:../Libraries/iLLD/TC4xx/CpuGeneric/Egtm/Std/IfxEgtm_Cmu.c **** {
 2714              	 .loc 1 255 1 is_stmt 1
 2715              	.LVL290:
 2716 0000 40AE     	 mov.aa %a14,%SP
 2717              	.LCFI4:
 2718 0002 2010     	 sub.a %SP,16
 2719 0004 404C     	 mov.aa %a12,%a4
 2720 0006 024B     	 mov %d11,%d4
 2721 0008 0258     	 mov %d8,%d5
 256:../Libraries/iLLD/TC4xx/CpuGeneric/Egtm/Std/IfxEgtm_Cmu.c ****     float32 f;
 2722              	 .loc 1 256 5
 257:../Libraries/iLLD/TC4xx/CpuGeneric/Egtm/Std/IfxEgtm_Cmu.c ****     float32 bestDistance = frequency;
 2723              	 .loc 1 257 5
 2724              	.LVL291:
 258:../Libraries/iLLD/TC4xx/CpuGeneric/Egtm/Std/IfxEgtm_Cmu.c ****     float32 fIn          = IfxEgtm_Cmu_getGclkFrequency(egtm);
 2725              	 .loc 1 258 5
 2726              	.LBB379:
 2727              	.LBB380:
 367:../Libraries/iLLD/TC4xx/CpuGeneric/Egtm/Std/IfxEgtm_Cmu.h ****     uint32  Z          = (uint32)egtm->CLS->CMU.GCLK_NUM.B.GCLK_NUM;
 2728              	 .loc 2 367 5
 367:../Libraries/iLLD/TC4xx/CpuGeneric/Egtm/Std/IfxEgtm_Cmu.h ****     uint32  Z          = (uint32)egtm->CLS->CMU.GCLK_NUM.B.GCLK_NUM;
 2729              	 .loc 2 367 59 is_stmt 0
 2730 000a 19430820 	 ld.w %d3,[%a4]136
 2731 000e 37037830 	 extr.u %d3,%d3,0,24
 2732              	.LVL292:
 368:../Libraries/iLLD/TC4xx/CpuGeneric/Egtm/Std/IfxEgtm_Cmu.h ****     float32 multiplier = (float32)((float32)N / (float32)Z);
 2733              	 .loc 2 368 5 is_stmt 1
 368:../Libraries/iLLD/TC4xx/CpuGeneric/Egtm/Std/IfxEgtm_Cmu.h ****     float32 multiplier = (float32)((float32)N / (float32)Z);
 2734              	 .loc 2 368 59 is_stmt 0
 2735 0012 19420420 	 ld.w %d2,[%a4]132
 2736 0016 37027820 	 extr.u %d2,%d2,0,24
 2737              	.LVL293:
 369:../Libraries/iLLD/TC4xx/CpuGeneric/Egtm/Std/IfxEgtm_Cmu.h **** 
 2738              	 .loc 2 369 5 is_stmt 1
 369:../Libraries/iLLD/TC4xx/CpuGeneric/Egtm/Std/IfxEgtm_Cmu.h **** 
 2739              	 .loc 2 369 36 is_stmt 0
 2740 001a 4B036131 	 utof %d3,%d3
 2741              	.LVL294:
 369:../Libraries/iLLD/TC4xx/CpuGeneric/Egtm/Std/IfxEgtm_Cmu.h **** 
 2742              	 .loc 2 369 49
 2743 001e 4B026121 	 utof %d2,%d2
 2744              	.LVL295:
 369:../Libraries/iLLD/TC4xx/CpuGeneric/Egtm/Std/IfxEgtm_Cmu.h **** 
 2745              	 .loc 2 369 13
 2746 0022 4B2351A0 	 div.f %d10,%d3,%d2
 2747              	.LVL296:
 371:../Libraries/iLLD/TC4xx/CpuGeneric/Egtm/Std/IfxEgtm_Cmu.h **** }
 2748              	 .loc 2 371 5 is_stmt 1
 2749              	.LBB381:
 2750              	.LBB382:
 377:../Libraries/iLLD/TC4xx/CpuGeneric/Egtm/Std/IfxEgtm_Cmu.h **** }
 2751              	 .loc 2 377 5
 2752              	.LBB383:
 2753              	.LBB384:
 511:../Libraries/iLLD/TC4xx/CpuGeneric/Egtm/Std/IfxEgtm.h ****     uint8  clsDiv = 0u;
 2754              	 .loc 3 511 5
 512:../Libraries/iLLD/TC4xx/CpuGeneric/Egtm/Std/IfxEgtm.h ****     clsDiv = (uint8)(((egtm->CLS->ARCH.CLK_CFG.U) >> ((uint8)cluster << 1u)) & 0x3U);
 2755              	 .loc 3 512 5
 513:../Libraries/iLLD/TC4xx/CpuGeneric/Egtm/Std/IfxEgtm.h **** 
 2756              	 .loc 3 513 5
 513:../Libraries/iLLD/TC4xx/CpuGeneric/Egtm/Std/IfxEgtm.h **** 
 2757              	 .loc 3 513 47 is_stmt 0
 2758 0026 19492C00 	 ld.w %d9,[%a4]44
 513:../Libraries/iLLD/TC4xx/CpuGeneric/Egtm/Std/IfxEgtm.h **** 
 2759              	 .loc 3 513 12
 2760 002a 8F390091 	 and %d9,%d9,3
 2761              	.LVL297:
 515:../Libraries/iLLD/TC4xx/CpuGeneric/Egtm/Std/IfxEgtm.h ****     {
 2762              	 .loc 3 515 5 is_stmt 1
 515:../Libraries/iLLD/TC4xx/CpuGeneric/Egtm/Std/IfxEgtm.h ****     {
 2763              	 .loc 3 515 8 is_stmt 0
 2764 002e DF090000 	 jz %d9,.L131
 521:../Libraries/iLLD/TC4xx/CpuGeneric/Egtm/Std/IfxEgtm.h ****     }
 2765              	 .loc 3 521 9 is_stmt 1
 2766              	.LBB385:
 505:../Libraries/iLLD/TC4xx/CpuGeneric/Egtm/Std/IfxEgtm.h **** }
 2767              	 .loc 3 505 5
 2768              	.LBB386:
 2769              	.LBB387:
2673:../Libraries/iLLD/TC4xx/CpuGeneric/Clock/Std/IfxClock.h ****     uint8  clkdiv[16] = {1, 1, 2, 3, 4, 5, 6, 6, 8, 8, 10, 10, 12, 12, 12, 15};
 2770              	 .loc 4 2673 5
2673:../Libraries/iLLD/TC4xx/CpuGeneric/Clock/Std/IfxClock.h ****     uint8  clkdiv[16] = {1, 1, 2, 3, 4, 5, 6, 6, 8, 8, 10, 10, 12, 12, 12, 15};
 2771              	 .loc 4 2673 43 is_stmt 0
 2772 0032 9160002F 	 movh.a %a2,61446
 2773 0036 D9225404 	 lea %a2,[%a2]17428
 2774 003a 542C     	 ld.w %d12,[%a2]0
 2775 003c 370C64C6 	 extr.u %d12,%d12,12,4
 2776              	.LVL298:
2674:../Libraries/iLLD/TC4xx/CpuGeneric/Clock/Std/IfxClock.h ****     uint32 gtmFreq    = 0;
 2777              	 .loc 4 2674 5 is_stmt 1
2674:../Libraries/iLLD/TC4xx/CpuGeneric/Clock/Std/IfxClock.h ****     uint32 gtmFreq    = 0;
 2778              	 .loc 4 2674 12 is_stmt 0
 2779 0040 91000020 	 movh.a %a2,hi:.LC0
 2780 0044 D9220000 	 lea %a2,[%a2]lo:.LC0
 2781 0048 D9E3F0FF 	 lea %a3,[%a14]-16
 2782              	 
 2783 004c 0422     	 ld.bu %d2,[%a2+]1
 2784 004e 2432     	 st.b [%a3+]1,%d2
 2785 0050 0422     	 ld.bu %d2,[%a2+]1
 2786 0052 2432     	 st.b [%a3+]1,%d2
 2787 0054 0422     	 ld.bu %d2,[%a2+]1
 2788 0056 2432     	 st.b [%a3+]1,%d2
 2789 0058 0422     	 ld.bu %d2,[%a2+]1
 2790 005a 2432     	 st.b [%a3+]1,%d2
 2791 005c 0422     	 ld.bu %d2,[%a2+]1
 2792 005e 2432     	 st.b [%a3+]1,%d2
 2793 0060 0422     	 ld.bu %d2,[%a2+]1
 2794 0062 2432     	 st.b [%a3+]1,%d2
 2795 0064 0422     	 ld.bu %d2,[%a2+]1
 2796 0066 2432     	 st.b [%a3+]1,%d2
 2797 0068 0422     	 ld.bu %d2,[%a2+]1
 2798 006a 2432     	 st.b [%a3+]1,%d2
 2799 006c 0422     	 ld.bu %d2,[%a2+]1
 2800 006e 2432     	 st.b [%a3+]1,%d2
 2801 0070 0422     	 ld.bu %d2,[%a2+]1
 2802 0072 2432     	 st.b [%a3+]1,%d2
 2803 0074 0422     	 ld.bu %d2,[%a2+]1
 2804 0076 2432     	 st.b [%a3+]1,%d2
 2805 0078 0422     	 ld.bu %d2,[%a2+]1
 2806 007a 2432     	 st.b [%a3+]1,%d2
 2807 007c 0422     	 ld.bu %d2,[%a2+]1
 2808 007e 2432     	 st.b [%a3+]1,%d2
 2809 0080 0422     	 ld.bu %d2,[%a2+]1
 2810 0082 2432     	 st.b [%a3+]1,%d2
 2811 0084 0422     	 ld.bu %d2,[%a2+]1
 2812 0086 2432     	 st.b [%a3+]1,%d2
 2813 0088 0422     	 ld.bu %d2,[%a2+]1
 2814 008a 2432     	 st.b [%a3+]1,%d2
 2815              	.LVL299:
2675:../Libraries/iLLD/TC4xx/CpuGeneric/Clock/Std/IfxClock.h **** 
 2816              	 .loc 4 2675 5 is_stmt 1
2677:../Libraries/iLLD/TC4xx/CpuGeneric/Clock/Std/IfxClock.h ****     {
 2817              	 .loc 4 2677 5
2677:../Libraries/iLLD/TC4xx/CpuGeneric/Clock/Std/IfxClock.h ****     {
 2818              	 .loc 4 2677 27 is_stmt 0
 2819 008c 9160002F 	 movh.a %a2,61446
 2820 0090 D9225004 	 lea %a2,[%a2]17424
 2821 0094 5422     	 ld.w %d2,[%a2]0
2677:../Libraries/iLLD/TC4xx/CpuGeneric/Clock/Std/IfxClock.h ****     {
 2822              	 .loc 4 2677 8
 2823 0096 EFC20080 	 jnz.t %d2,28,.L122
2680:../Libraries/iLLD/TC4xx/CpuGeneric/Clock/Std/IfxClock.h ****         {
 2824              	 .loc 4 2680 9 is_stmt 1
2680:../Libraries/iLLD/TC4xx/CpuGeneric/Clock/Std/IfxClock.h ****         {
 2825              	 .loc 4 2680 12 is_stmt 0
 2826 009a DF0C0080 	 jnz %d12,.L135
2675:../Libraries/iLLD/TC4xx/CpuGeneric/Clock/Std/IfxClock.h **** 
 2827              	 .loc 4 2675 12
 2828 009e 8202     	 mov %d2,0
 2829              	.LVL300:
 2830              	.L123:
 2831              	 .loc 4 2690 5 is_stmt 1
 2832              	.LBE387:
 2833              	.LBE386:
 2834              	.LBE385:
 521:../Libraries/iLLD/TC4xx/CpuGeneric/Egtm/Std/IfxEgtm.h ****     }
 2835              	 .loc 3 521 14 is_stmt 0
 2836 00a0 4B921122 	 div.u %e2,%d2,%d9
 2837              	.LVL301:
 2838              	.L121:
 2839              	 .loc 3 524 5 is_stmt 1
 2840              	.LBE384:
 2841              	.LBE383:
 377:../Libraries/iLLD/TC4xx/CpuGeneric/Egtm/Std/IfxEgtm_Cmu.h **** }
 2842              	 .loc 2 377 12 is_stmt 0
 2843 00a4 4B026121 	 utof %d2,%d2
 2844              	.LVL302:
 2845              	.LBE382:
 2846              	.LBE381:
 371:../Libraries/iLLD/TC4xx/CpuGeneric/Egtm/Std/IfxEgtm_Cmu.h **** }
 2847              	 .loc 2 371 49
 2848 00a8 4B2A4110 	 mul.f %d1,%d10,%d2
 2849              	.LVL303:
 2850              	.LBE380:
 2851              	.LBE379:
 259:../Libraries/iLLD/TC4xx/CpuGeneric/Egtm/Std/IfxEgtm_Cmu.c ****     uint32  z, n, nBest = 1u, zBest = 1u;
 2852              	 .loc 1 259 5 is_stmt 1
 260:../Libraries/iLLD/TC4xx/CpuGeneric/Egtm/Std/IfxEgtm_Cmu.c ****     float32 t;
 2853              	 .loc 1 260 5
 261:../Libraries/iLLD/TC4xx/CpuGeneric/Egtm/Std/IfxEgtm_Cmu.c **** 
 262:../Libraries/iLLD/TC4xx/CpuGeneric/Egtm/Std/IfxEgtm_Cmu.c ****     for (z = 1u; z < 0xFFFFFFu; z++)
 2854              	 .loc 1 262 5
 257:../Libraries/iLLD/TC4xx/CpuGeneric/Egtm/Std/IfxEgtm_Cmu.c ****     float32 fIn          = IfxEgtm_Cmu_getGclkFrequency(egtm);
 2855              	 .loc 1 257 13 is_stmt 0
 2856 00ac 0283     	 mov %d3,%d8
 259:../Libraries/iLLD/TC4xx/CpuGeneric/Egtm/Std/IfxEgtm_Cmu.c ****     float32 t;
 2857              	 .loc 1 259 31
 2858 00ae 8219     	 mov %d9,1
 259:../Libraries/iLLD/TC4xx/CpuGeneric/Egtm/Std/IfxEgtm_Cmu.c ****     float32 t;
 2859              	 .loc 1 259 19
 2860 00b0 029A     	 mov %d10,%d9
 2861              	 .loc 1 262 12
 2862 00b2 0295     	 mov %d5,%d9
 2863              	 .loc 1 262 5
 2864 00b4 1D000000 	 j .L124
 2865              	.LVL304:
 2866              	.L135:
 2867              	.LBB396:
 2868              	.LBB395:
 2869              	.LBB394:
 2870              	.LBB393:
 2871              	.LBB392:
 2872              	.LBB391:
 2873              	.LBB390:
 2874              	.LBB389:
 2875              	.LBB388:
2682:../Libraries/iLLD/TC4xx/CpuGeneric/Clock/Std/IfxClock.h ****         }
 2876              	 .loc 4 2682 13 is_stmt 1
2682:../Libraries/iLLD/TC4xx/CpuGeneric/Clock/Std/IfxClock.h ****         }
 2877              	 .loc 4 2682 23 is_stmt 0
 2878 00b8 6D000000 	 call IfxClock_getSysSourceFrequency
 2879              	.LVL305:
2682:../Libraries/iLLD/TC4xx/CpuGeneric/Clock/Std/IfxClock.h ****         }
 2880              	 .loc 4 2682 64
 2881 00bc D9E2F0FF 	 lea %a2,[%a14]-16
 2882 00c0 012C0026 	 addsc.a %a2,%a2,%d12,0
 2883 00c4 1423     	 ld.bu %d3,[%a2]0
2682:../Libraries/iLLD/TC4xx/CpuGeneric/Clock/Std/IfxClock.h ****         }
 2884              	 .loc 4 2682 21
 2885 00c6 4B321122 	 div.u %e2,%d2,%d3
 2886              	.LVL306:
 2887 00ca 1D000000 	 j .L123
 2888              	.LVL307:
 2889              	.L122:
2687:../Libraries/iLLD/TC4xx/CpuGeneric/Clock/Std/IfxClock.h ****     }
 2890              	 .loc 4 2687 9 is_stmt 1
2687:../Libraries/iLLD/TC4xx/CpuGeneric/Clock/Std/IfxClock.h ****     }
 2891              	 .loc 4 2687 19 is_stmt 0
 2892 00ce 6D000000 	 call IfxClock_getSysSourceFrequency
 2893              	.LVL308:
2687:../Libraries/iLLD/TC4xx/CpuGeneric/Clock/Std/IfxClock.h ****     }
 2894              	 .loc 4 2687 17
 2895 00d2 7B908838 	 movh %d3,34953
 2896 00d6 1B938838 	 addi %d3,%d3,-30583
 2897 00da 73326820 	 mul.u %e2,%d2,%d3
 2898 00de 8FA31F20 	 sh %d2,%d3,-6
 2899              	.LVL309:
 2900 00e2 1D000000 	 j .L123
 2901              	.LVL310:
 2902              	.L131:
 2903              	.LBE388:
 2904              	.LBE389:
 2905              	.LBE390:
 517:../Libraries/iLLD/TC4xx/CpuGeneric/Egtm/Std/IfxEgtm.h ****     }
 2906              	 .loc 3 517 14
 2907 00e6 8202     	 mov %d2,0
 2908 00e8 1D000000 	 j .L121
 2909              	.LVL311:
 2910              	.L126:
 2911              	.LBE391:
 2912              	.LBE392:
 2913              	.LBE393:
 2914              	.LBE394:
 2915              	.LBE395:
 2916              	.LBE396:
 2917              	.LBB397:
 2918              	.LBB398:
 263:../Libraries/iLLD/TC4xx/CpuGeneric/Egtm/Std/IfxEgtm_Cmu.c ****     {
 264:../Libraries/iLLD/TC4xx/CpuGeneric/Egtm/Std/IfxEgtm_Cmu.c ****         boolean endLoop = FALSE;
 265:../Libraries/iLLD/TC4xx/CpuGeneric/Egtm/Std/IfxEgtm_Cmu.c ****         t = fIn / z;
 266:../Libraries/iLLD/TC4xx/CpuGeneric/Egtm/Std/IfxEgtm_Cmu.c **** 
 267:../Libraries/iLLD/TC4xx/CpuGeneric/Egtm/Std/IfxEgtm_Cmu.c ****         for (n = z; n > 0u; n--)
 268:../Libraries/iLLD/TC4xx/CpuGeneric/Egtm/Std/IfxEgtm_Cmu.c ****         {
 269:../Libraries/iLLD/TC4xx/CpuGeneric/Egtm/Std/IfxEgtm_Cmu.c ****             float32 distance;
 270:../Libraries/iLLD/TC4xx/CpuGeneric/Egtm/Std/IfxEgtm_Cmu.c ****             f        = t * n / 2.0f;
 271:../Libraries/iLLD/TC4xx/CpuGeneric/Egtm/Std/IfxEgtm_Cmu.c ****             distance = fabsf(frequency - f);
 272:../Libraries/iLLD/TC4xx/CpuGeneric/Egtm/Std/IfxEgtm_Cmu.c **** 
 273:../Libraries/iLLD/TC4xx/CpuGeneric/Egtm/Std/IfxEgtm_Cmu.c ****             if (distance < bestDistance)
 274:../Libraries/iLLD/TC4xx/CpuGeneric/Egtm/Std/IfxEgtm_Cmu.c ****             {
 275:../Libraries/iLLD/TC4xx/CpuGeneric/Egtm/Std/IfxEgtm_Cmu.c ****                 bestDistance = distance;
 276:../Libraries/iLLD/TC4xx/CpuGeneric/Egtm/Std/IfxEgtm_Cmu.c ****                 nBest        = n;
 277:../Libraries/iLLD/TC4xx/CpuGeneric/Egtm/Std/IfxEgtm_Cmu.c ****                 zBest        = z;
 278:../Libraries/iLLD/TC4xx/CpuGeneric/Egtm/Std/IfxEgtm_Cmu.c ****             }
 279:../Libraries/iLLD/TC4xx/CpuGeneric/Egtm/Std/IfxEgtm_Cmu.c **** 
 280:../Libraries/iLLD/TC4xx/CpuGeneric/Egtm/Std/IfxEgtm_Cmu.c ****             if (bestDistance < 0.1f)
 2919              	 .loc 1 280 13 is_stmt 1
 2920              	 .loc 1 280 16 is_stmt 0
 2921 00ec 7BD0DC63 	 movh %d6,15821
 2922              	.LVL312:
 2923 00f0 1BD6CC6C 	 addi %d6,%d6,-13107
 2924 00f4 4B630160 	 cmp.f %d6,%d3,%d6
 2925 00f8 6F060080 	 jnz.t %d6,0,.L134
 2926              	.LBE398:
 267:../Libraries/iLLD/TC4xx/CpuGeneric/Egtm/Std/IfxEgtm_Cmu.c ****         {
 2927              	 .loc 1 267 30 is_stmt 1 discriminator 2
 2928 00fc C2F2     	 add %d2,-1
 2929              	.LVL313:
 2930              	.L125:
 267:../Libraries/iLLD/TC4xx/CpuGeneric/Egtm/Std/IfxEgtm_Cmu.c ****         {
 2931              	 .loc 1 267 23 discriminator 1
 2932 00fe DF020000 	 jz %d2,.L127
 2933              	.LBB399:
 269:../Libraries/iLLD/TC4xx/CpuGeneric/Egtm/Std/IfxEgtm_Cmu.c ****             f        = t * n / 2.0f;
 2934              	 .loc 1 269 13
 270:../Libraries/iLLD/TC4xx/CpuGeneric/Egtm/Std/IfxEgtm_Cmu.c ****             distance = fabsf(frequency - f);
 2935              	 .loc 1 270 13
 270:../Libraries/iLLD/TC4xx/CpuGeneric/Egtm/Std/IfxEgtm_Cmu.c ****             distance = fabsf(frequency - f);
 2936              	 .loc 1 270 26 is_stmt 0
 2937 0102 4B026161 	 utof %d6,%d2
 2938 0106 4B064160 	 mul.f %d6,%d6,%d0
 270:../Libraries/iLLD/TC4xx/CpuGeneric/Egtm/Std/IfxEgtm_Cmu.c ****             distance = fabsf(frequency - f);
 2939              	 .loc 1 270 22
 2940 010a 7B00F073 	 movh %d7,16128
 2941 010e 4B764160 	 mul.f %d6,%d6,%d7
 2942              	.LVL314:
 271:../Libraries/iLLD/TC4xx/CpuGeneric/Egtm/Std/IfxEgtm_Cmu.c **** 
 2943              	 .loc 1 271 13 is_stmt 1
 271:../Libraries/iLLD/TC4xx/CpuGeneric/Egtm/Std/IfxEgtm_Cmu.c **** 
 2944              	 .loc 1 271 40 is_stmt 0
 2945 0112 6B063168 	 sub.f %d6,%d8,%d6
 2946              	.LVL315:
 271:../Libraries/iLLD/TC4xx/CpuGeneric/Egtm/Std/IfxEgtm_Cmu.c **** 
 2947              	 .loc 1 271 22
 2948 0116 4B060163 	 abs.f %d6,%d6
 2949              	.LVL316:
 273:../Libraries/iLLD/TC4xx/CpuGeneric/Egtm/Std/IfxEgtm_Cmu.c ****             {
 2950              	 .loc 1 273 13 is_stmt 1
 273:../Libraries/iLLD/TC4xx/CpuGeneric/Egtm/Std/IfxEgtm_Cmu.c ****             {
 2951              	 .loc 1 273 16 is_stmt 0
 2952 011a 4B630170 	 cmp.f %d7,%d3,%d6
 2953              	.LVL317:
 2954 011e 6F270000 	 jz.t %d7,2,.L126
 277:../Libraries/iLLD/TC4xx/CpuGeneric/Egtm/Std/IfxEgtm_Cmu.c ****             }
 2955              	 .loc 1 277 30
 2956 0122 0259     	 mov %d9,%d5
 2957              	.LVL318:
 276:../Libraries/iLLD/TC4xx/CpuGeneric/Egtm/Std/IfxEgtm_Cmu.c ****                 zBest        = z;
 2958              	 .loc 1 276 30
 2959 0124 022A     	 mov %d10,%d2
 2960              	.LVL319:
 275:../Libraries/iLLD/TC4xx/CpuGeneric/Egtm/Std/IfxEgtm_Cmu.c ****                 nBest        = n;
 2961              	 .loc 1 275 30
 2962 0126 0263     	 mov %d3,%d6
 2963              	.LVL320:
 2964 0128 1D000000 	 j .L126
 2965              	.LVL321:
 2966              	.L134:
 281:../Libraries/iLLD/TC4xx/CpuGeneric/Egtm/Std/IfxEgtm_Cmu.c ****             {
 282:../Libraries/iLLD/TC4xx/CpuGeneric/Egtm/Std/IfxEgtm_Cmu.c ****                 endLoop = TRUE;
 2967              	 .loc 1 282 25
 2968 012c 8212     	 mov %d2,1
 2969              	.LVL322:
 2970              	.L127:
 2971              	.LBE399:
 283:../Libraries/iLLD/TC4xx/CpuGeneric/Egtm/Std/IfxEgtm_Cmu.c ****                 break;
 284:../Libraries/iLLD/TC4xx/CpuGeneric/Egtm/Std/IfxEgtm_Cmu.c ****             }
 285:../Libraries/iLLD/TC4xx/CpuGeneric/Egtm/Std/IfxEgtm_Cmu.c ****         }
 286:../Libraries/iLLD/TC4xx/CpuGeneric/Egtm/Std/IfxEgtm_Cmu.c **** 
 287:../Libraries/iLLD/TC4xx/CpuGeneric/Egtm/Std/IfxEgtm_Cmu.c ****         if (endLoop)
 2972              	 .loc 1 287 9 is_stmt 1
 2973              	 .loc 1 287 12 is_stmt 0
 2974 012e DF020080 	 jnz %d2,.L129
 2975              	.LBE397:
 262:../Libraries/iLLD/TC4xx/CpuGeneric/Egtm/Std/IfxEgtm_Cmu.c ****     {
 2976              	 .loc 1 262 34 is_stmt 1 discriminator 2
 2977 0132 C215     	 add %d5,1
 2978              	.LVL323:
 2979              	.L124:
 262:../Libraries/iLLD/TC4xx/CpuGeneric/Egtm/Std/IfxEgtm_Cmu.c ****     {
 2980              	 .loc 1 262 20 discriminator 1
 2981 0134 7B001020 	 movh %d2,256
 2982 0138 C2E2     	 add %d2,-2
 2983 013a 3F520080 	 jlt.u %d2,%d5,.L129
 2984              	.LBB400:
 264:../Libraries/iLLD/TC4xx/CpuGeneric/Egtm/Std/IfxEgtm_Cmu.c ****         t = fIn / z;
 2985              	 .loc 1 264 9
 2986              	.LVL324:
 265:../Libraries/iLLD/TC4xx/CpuGeneric/Egtm/Std/IfxEgtm_Cmu.c **** 
 2987              	 .loc 1 265 9
 265:../Libraries/iLLD/TC4xx/CpuGeneric/Egtm/Std/IfxEgtm_Cmu.c **** 
 2988              	 .loc 1 265 17 is_stmt 0
 2989 013e 4B056101 	 utof %d0,%d5
 265:../Libraries/iLLD/TC4xx/CpuGeneric/Egtm/Std/IfxEgtm_Cmu.c **** 
 2990              	 .loc 1 265 11
 2991 0142 4B015100 	 div.f %d0,%d1,%d0
 2992              	.LVL325:
 267:../Libraries/iLLD/TC4xx/CpuGeneric/Egtm/Std/IfxEgtm_Cmu.c ****         {
 2993              	 .loc 1 267 9 is_stmt 1
 267:../Libraries/iLLD/TC4xx/CpuGeneric/Egtm/Std/IfxEgtm_Cmu.c ****         {
 2994              	 .loc 1 267 16 is_stmt 0
 2995 0146 0252     	 mov %d2,%d5
 267:../Libraries/iLLD/TC4xx/CpuGeneric/Egtm/Std/IfxEgtm_Cmu.c ****         {
 2996              	 .loc 1 267 9
 2997 0148 1D000000 	 j .L125
 2998              	.LVL326:
 2999              	.L129:
 3000              	.LBE400:
 288:../Libraries/iLLD/TC4xx/CpuGeneric/Egtm/Std/IfxEgtm_Cmu.c ****         {
 289:../Libraries/iLLD/TC4xx/CpuGeneric/Egtm/Std/IfxEgtm_Cmu.c ****             break;
 290:../Libraries/iLLD/TC4xx/CpuGeneric/Egtm/Std/IfxEgtm_Cmu.c ****         }
 291:../Libraries/iLLD/TC4xx/CpuGeneric/Egtm/Std/IfxEgtm_Cmu.c ****     }
 292:../Libraries/iLLD/TC4xx/CpuGeneric/Egtm/Std/IfxEgtm_Cmu.c **** 
 293:../Libraries/iLLD/TC4xx/CpuGeneric/Egtm/Std/IfxEgtm_Cmu.c ****     egtm->CLS->CMU.ECLK[clkIndex].NUM.B.ECLK_NUM = zBest;
 3001              	 .loc 1 293 5 is_stmt 1
 3002              	 .loc 1 293 50 is_stmt 0
 3003 014c B709089C 	 insert %d9,%d9,0,24,8
 3004              	.LVL327:
 3005 0150 8F3B0020 	 sh %d2,%d11,3
 3006 0154 01C20026 	 addsc.a %a2,%a12,%d2,0
 3007 0158 D9232C20 	 lea %a3,[%a2]172
 3008 015c 19222C20 	 ld.w %d2,[%a2]172
 3009 0160 37921820 	 insert %d2,%d2,%d9,0,24
 3010 0164 7432     	 st.w [%a3]0,%d2
 294:../Libraries/iLLD/TC4xx/CpuGeneric/Egtm/Std/IfxEgtm_Cmu.c ****     egtm->CLS->CMU.ECLK[clkIndex].NUM.B.ECLK_NUM = zBest; /* Write twice to be sure */
 3011              	 .loc 1 294 5 is_stmt 1
 3012              	 .loc 1 294 50 is_stmt 0
 3013 0166 5432     	 ld.w %d2,[%a3]0
 3014 0168 37921820 	 insert %d2,%d2,%d9,0,24
 3015 016c 7432     	 st.w [%a3]0,%d2
 295:../Libraries/iLLD/TC4xx/CpuGeneric/Egtm/Std/IfxEgtm_Cmu.c ****     egtm->CLS->CMU.ECLK[clkIndex].DEN.B.ECLK_DEN = nBest;
 3016              	 .loc 1 295 5 is_stmt 1
 3017              	 .loc 1 295 50 is_stmt 0
 3018 016e 1B6B0120 	 addi %d2,%d11,22
 3019 0172 0632     	 sh %d2,3
 3020 0174 01C200C6 	 addsc.a %a12,%a12,%d2,0
 3021              	.LVL328:
 3022 0178 54C2     	 ld.w %d2,[%a12]0
 3023 017a 37A21820 	 insert %d2,%d2,%d10,0,24
 3024 017e 74C2     	 st.w [%a12]0,%d2
 296:../Libraries/iLLD/TC4xx/CpuGeneric/Egtm/Std/IfxEgtm_Cmu.c **** }
 3025              	 .loc 1 296 1
 3026 0180 0090     	 ret 
 3027              	.LFE283:
 3029              	 .global IfxEgtm_Cmu_setEclkFrequency_end
 3030              	IfxEgtm_Cmu_setEclkFrequency_end:
 3031              	 .section .text.IfxEgtm_Cmu_setGclkFrequency,"ax",@progbits
 3032              	 .align 1
 3033              	 .global IfxEgtm_Cmu_setGclkFrequency
 3035              	IfxEgtm_Cmu_setGclkFrequency:
 3036              	.LFB284:
 297:../Libraries/iLLD/TC4xx/CpuGeneric/Egtm/Std/IfxEgtm_Cmu.c **** 
 298:../Libraries/iLLD/TC4xx/CpuGeneric/Egtm/Std/IfxEgtm_Cmu.c **** 
 299:../Libraries/iLLD/TC4xx/CpuGeneric/Egtm/Std/IfxEgtm_Cmu.c **** void IfxEgtm_Cmu_setGclkFrequency(Ifx_EGTM *egtm, float32 frequency)
 300:../Libraries/iLLD/TC4xx/CpuGeneric/Egtm/Std/IfxEgtm_Cmu.c **** {
 3037              	 .loc 1 300 1 is_stmt 1
 3038              	.LVL329:
 3039 0000 40AE     	 mov.aa %a14,%SP
 3040              	.LCFI5:
 3041 0002 2010     	 sub.a %SP,16
 3042 0004 404C     	 mov.aa %a12,%a4
 3043 0006 0248     	 mov %d8,%d4
 301:../Libraries/iLLD/TC4xx/CpuGeneric/Egtm/Std/IfxEgtm_Cmu.c ****     float32 f;
 3044              	 .loc 1 301 5
 302:../Libraries/iLLD/TC4xx/CpuGeneric/Egtm/Std/IfxEgtm_Cmu.c ****     float32 bestDistance = frequency;
 3045              	 .loc 1 302 5
 3046              	.LVL330:
 303:../Libraries/iLLD/TC4xx/CpuGeneric/Egtm/Std/IfxEgtm_Cmu.c **** 
 304:../Libraries/iLLD/TC4xx/CpuGeneric/Egtm/Std/IfxEgtm_Cmu.c ****     float32 fIn          = IfxEgtm_Cmu_getModuleFrequency(egtm);
 3047              	 .loc 1 304 5
 3048              	.LBB401:
 3049              	.LBB402:
 377:../Libraries/iLLD/TC4xx/CpuGeneric/Egtm/Std/IfxEgtm_Cmu.h **** }
 3050              	 .loc 2 377 5
 3051              	.LBB403:
 3052              	.LBB404:
 511:../Libraries/iLLD/TC4xx/CpuGeneric/Egtm/Std/IfxEgtm.h ****     uint8  clsDiv = 0u;
 3053              	 .loc 3 511 5
 512:../Libraries/iLLD/TC4xx/CpuGeneric/Egtm/Std/IfxEgtm.h ****     clsDiv = (uint8)(((egtm->CLS->ARCH.CLK_CFG.U) >> ((uint8)cluster << 1u)) & 0x3U);
 3054              	 .loc 3 512 5
 513:../Libraries/iLLD/TC4xx/CpuGeneric/Egtm/Std/IfxEgtm.h **** 
 3055              	 .loc 3 513 5
 513:../Libraries/iLLD/TC4xx/CpuGeneric/Egtm/Std/IfxEgtm.h **** 
 3056              	 .loc 3 513 47 is_stmt 0
 3057 0008 19492C00 	 ld.w %d9,[%a4]44
 513:../Libraries/iLLD/TC4xx/CpuGeneric/Egtm/Std/IfxEgtm.h **** 
 3058              	 .loc 3 513 12
 3059 000c 8F390091 	 and %d9,%d9,3
 3060              	.LVL331:
 515:../Libraries/iLLD/TC4xx/CpuGeneric/Egtm/Std/IfxEgtm.h ****     {
 3061              	 .loc 3 515 5 is_stmt 1
 515:../Libraries/iLLD/TC4xx/CpuGeneric/Egtm/Std/IfxEgtm.h ****     {
 3062              	 .loc 3 515 8 is_stmt 0
 3063 0010 DF090000 	 jz %d9,.L147
 521:../Libraries/iLLD/TC4xx/CpuGeneric/Egtm/Std/IfxEgtm.h ****     }
 3064              	 .loc 3 521 9 is_stmt 1
 3065              	.LBB405:
 505:../Libraries/iLLD/TC4xx/CpuGeneric/Egtm/Std/IfxEgtm.h **** }
 3066              	 .loc 3 505 5
 3067              	.LBB406:
 3068              	.LBB407:
2673:../Libraries/iLLD/TC4xx/CpuGeneric/Clock/Std/IfxClock.h ****     uint8  clkdiv[16] = {1, 1, 2, 3, 4, 5, 6, 6, 8, 8, 10, 10, 12, 12, 12, 15};
 3069              	 .loc 4 2673 5
2673:../Libraries/iLLD/TC4xx/CpuGeneric/Clock/Std/IfxClock.h ****     uint8  clkdiv[16] = {1, 1, 2, 3, 4, 5, 6, 6, 8, 8, 10, 10, 12, 12, 12, 15};
 3070              	 .loc 4 2673 43 is_stmt 0
 3071 0014 9160002F 	 movh.a %a2,61446
 3072 0018 D9225404 	 lea %a2,[%a2]17428
 3073 001c 542A     	 ld.w %d10,[%a2]0
 3074 001e 370A64A6 	 extr.u %d10,%d10,12,4
 3075              	.LVL332:
2674:../Libraries/iLLD/TC4xx/CpuGeneric/Clock/Std/IfxClock.h ****     uint32 gtmFreq    = 0;
 3076              	 .loc 4 2674 5 is_stmt 1
2674:../Libraries/iLLD/TC4xx/CpuGeneric/Clock/Std/IfxClock.h ****     uint32 gtmFreq    = 0;
 3077              	 .loc 4 2674 12 is_stmt 0
 3078 0022 91000020 	 movh.a %a2,hi:.LC0
 3079 0026 D9220000 	 lea %a2,[%a2]lo:.LC0
 3080 002a D9E3F0FF 	 lea %a3,[%a14]-16
 3081              	 
 3082 002e 0422     	 ld.bu %d2,[%a2+]1
 3083 0030 2432     	 st.b [%a3+]1,%d2
 3084 0032 0422     	 ld.bu %d2,[%a2+]1
 3085 0034 2432     	 st.b [%a3+]1,%d2
 3086 0036 0422     	 ld.bu %d2,[%a2+]1
 3087 0038 2432     	 st.b [%a3+]1,%d2
 3088 003a 0422     	 ld.bu %d2,[%a2+]1
 3089 003c 2432     	 st.b [%a3+]1,%d2
 3090 003e 0422     	 ld.bu %d2,[%a2+]1
 3091 0040 2432     	 st.b [%a3+]1,%d2
 3092 0042 0422     	 ld.bu %d2,[%a2+]1
 3093 0044 2432     	 st.b [%a3+]1,%d2
 3094 0046 0422     	 ld.bu %d2,[%a2+]1
 3095 0048 2432     	 st.b [%a3+]1,%d2
 3096 004a 0422     	 ld.bu %d2,[%a2+]1
 3097 004c 2432     	 st.b [%a3+]1,%d2
 3098 004e 0422     	 ld.bu %d2,[%a2+]1
 3099 0050 2432     	 st.b [%a3+]1,%d2
 3100 0052 0422     	 ld.bu %d2,[%a2+]1
 3101 0054 2432     	 st.b [%a3+]1,%d2
 3102 0056 0422     	 ld.bu %d2,[%a2+]1
 3103 0058 2432     	 st.b [%a3+]1,%d2
 3104 005a 0422     	 ld.bu %d2,[%a2+]1
 3105 005c 2432     	 st.b [%a3+]1,%d2
 3106 005e 0422     	 ld.bu %d2,[%a2+]1
 3107 0060 2432     	 st.b [%a3+]1,%d2
 3108 0062 0422     	 ld.bu %d2,[%a2+]1
 3109 0064 2432     	 st.b [%a3+]1,%d2
 3110 0066 0422     	 ld.bu %d2,[%a2+]1
 3111 0068 2432     	 st.b [%a3+]1,%d2
 3112 006a 0422     	 ld.bu %d2,[%a2+]1
 3113 006c 2432     	 st.b [%a3+]1,%d2
 3114              	.LVL333:
2675:../Libraries/iLLD/TC4xx/CpuGeneric/Clock/Std/IfxClock.h **** 
 3115              	 .loc 4 2675 5 is_stmt 1
2677:../Libraries/iLLD/TC4xx/CpuGeneric/Clock/Std/IfxClock.h ****     {
 3116              	 .loc 4 2677 5
2677:../Libraries/iLLD/TC4xx/CpuGeneric/Clock/Std/IfxClock.h ****     {
 3117              	 .loc 4 2677 27 is_stmt 0
 3118 006e 9160002F 	 movh.a %a2,61446
 3119 0072 D9225004 	 lea %a2,[%a2]17424
 3120 0076 5422     	 ld.w %d2,[%a2]0
2677:../Libraries/iLLD/TC4xx/CpuGeneric/Clock/Std/IfxClock.h ****     {
 3121              	 .loc 4 2677 8
 3122 0078 EFC20080 	 jnz.t %d2,28,.L138
2680:../Libraries/iLLD/TC4xx/CpuGeneric/Clock/Std/IfxClock.h ****         {
 3123              	 .loc 4 2680 9 is_stmt 1
2680:../Libraries/iLLD/TC4xx/CpuGeneric/Clock/Std/IfxClock.h ****         {
 3124              	 .loc 4 2680 12 is_stmt 0
 3125 007c DF0A0080 	 jnz %d10,.L151
2675:../Libraries/iLLD/TC4xx/CpuGeneric/Clock/Std/IfxClock.h **** 
 3126              	 .loc 4 2675 12
 3127 0080 8202     	 mov %d2,0
 3128              	.LVL334:
 3129              	.L139:
 3130              	 .loc 4 2690 5 is_stmt 1
 3131              	.LBE407:
 3132              	.LBE406:
 3133              	.LBE405:
 521:../Libraries/iLLD/TC4xx/CpuGeneric/Egtm/Std/IfxEgtm.h ****     }
 3134              	 .loc 3 521 14 is_stmt 0
 3135 0082 4B921122 	 div.u %e2,%d2,%d9
 3136              	.LVL335:
 3137              	.L137:
 3138              	 .loc 3 524 5 is_stmt 1
 3139              	.LBE404:
 3140              	.LBE403:
 377:../Libraries/iLLD/TC4xx/CpuGeneric/Egtm/Std/IfxEgtm_Cmu.h **** }
 3141              	 .loc 2 377 12 is_stmt 0
 3142 0086 4B026101 	 utof %d0,%d2
 3143              	.LVL336:
 3144              	.LBE402:
 3145              	.LBE401:
 305:../Libraries/iLLD/TC4xx/CpuGeneric/Egtm/Std/IfxEgtm_Cmu.c ****     uint32  z, n, nBest = 1u, zBest = 1u;
 3146              	 .loc 1 305 5 is_stmt 1
 306:../Libraries/iLLD/TC4xx/CpuGeneric/Egtm/Std/IfxEgtm_Cmu.c ****     float32 t;
 3147              	 .loc 1 306 5
 307:../Libraries/iLLD/TC4xx/CpuGeneric/Egtm/Std/IfxEgtm_Cmu.c **** 
 308:../Libraries/iLLD/TC4xx/CpuGeneric/Egtm/Std/IfxEgtm_Cmu.c ****     for (z = 1u; z < 0xFFFFFFu; z++)
 3148              	 .loc 1 308 5
 302:../Libraries/iLLD/TC4xx/CpuGeneric/Egtm/Std/IfxEgtm_Cmu.c **** 
 3149              	 .loc 1 302 13 is_stmt 0
 3150 008a 0283     	 mov %d3,%d8
 305:../Libraries/iLLD/TC4xx/CpuGeneric/Egtm/Std/IfxEgtm_Cmu.c ****     float32 t;
 3151              	 .loc 1 305 31
 3152 008c 8211     	 mov %d1,1
 305:../Libraries/iLLD/TC4xx/CpuGeneric/Egtm/Std/IfxEgtm_Cmu.c ****     float32 t;
 3153              	 .loc 1 305 19
 3154 008e 0219     	 mov %d9,%d1
 3155              	 .loc 1 308 12
 3156 0090 0214     	 mov %d4,%d1
 3157              	 .loc 1 308 5
 3158 0092 1D000000 	 j .L140
 3159              	.LVL337:
 3160              	.L151:
 3161              	.LBB414:
 3162              	.LBB413:
 3163              	.LBB412:
 3164              	.LBB411:
 3165              	.LBB410:
 3166              	.LBB409:
 3167              	.LBB408:
2682:../Libraries/iLLD/TC4xx/CpuGeneric/Clock/Std/IfxClock.h ****         }
 3168              	 .loc 4 2682 13 is_stmt 1
2682:../Libraries/iLLD/TC4xx/CpuGeneric/Clock/Std/IfxClock.h ****         }
 3169              	 .loc 4 2682 23 is_stmt 0
 3170 0096 6D000000 	 call IfxClock_getSysSourceFrequency
 3171              	.LVL338:
2682:../Libraries/iLLD/TC4xx/CpuGeneric/Clock/Std/IfxClock.h ****         }
 3172              	 .loc 4 2682 64
 3173 009a D9E2F0FF 	 lea %a2,[%a14]-16
 3174 009e 012A0026 	 addsc.a %a2,%a2,%d10,0
 3175 00a2 1423     	 ld.bu %d3,[%a2]0
2682:../Libraries/iLLD/TC4xx/CpuGeneric/Clock/Std/IfxClock.h ****         }
 3176              	 .loc 4 2682 21
 3177 00a4 4B321122 	 div.u %e2,%d2,%d3
 3178              	.LVL339:
 3179 00a8 1D000000 	 j .L139
 3180              	.LVL340:
 3181              	.L138:
2687:../Libraries/iLLD/TC4xx/CpuGeneric/Clock/Std/IfxClock.h ****     }
 3182              	 .loc 4 2687 9 is_stmt 1
2687:../Libraries/iLLD/TC4xx/CpuGeneric/Clock/Std/IfxClock.h ****     }
 3183              	 .loc 4 2687 19 is_stmt 0
 3184 00ac 6D000000 	 call IfxClock_getSysSourceFrequency
 3185              	.LVL341:
2687:../Libraries/iLLD/TC4xx/CpuGeneric/Clock/Std/IfxClock.h ****     }
 3186              	 .loc 4 2687 17
 3187 00b0 7B908838 	 movh %d3,34953
 3188 00b4 1B938838 	 addi %d3,%d3,-30583
 3189 00b8 73326820 	 mul.u %e2,%d2,%d3
 3190 00bc 8FA31F20 	 sh %d2,%d3,-6
 3191              	.LVL342:
 3192 00c0 1D000000 	 j .L139
 3193              	.LVL343:
 3194              	.L147:
 3195              	.LBE408:
 3196              	.LBE409:
 3197              	.LBE410:
 517:../Libraries/iLLD/TC4xx/CpuGeneric/Egtm/Std/IfxEgtm.h ****     }
 3198              	 .loc 3 517 14
 3199 00c4 8202     	 mov %d2,0
 3200 00c6 1D000000 	 j .L137
 3201              	.LVL344:
 3202              	.L142:
 3203              	.LBE411:
 3204              	.LBE412:
 3205              	.LBE413:
 3206              	.LBE414:
 3207              	.LBB415:
 3208              	.LBB416:
 309:../Libraries/iLLD/TC4xx/CpuGeneric/Egtm/Std/IfxEgtm_Cmu.c ****     {
 310:../Libraries/iLLD/TC4xx/CpuGeneric/Egtm/Std/IfxEgtm_Cmu.c ****         boolean endLoop = FALSE;
 311:../Libraries/iLLD/TC4xx/CpuGeneric/Egtm/Std/IfxEgtm_Cmu.c ****         t = fIn / z;
 312:../Libraries/iLLD/TC4xx/CpuGeneric/Egtm/Std/IfxEgtm_Cmu.c **** 
 313:../Libraries/iLLD/TC4xx/CpuGeneric/Egtm/Std/IfxEgtm_Cmu.c ****         for (n = z; n > 0u; n--)
 314:../Libraries/iLLD/TC4xx/CpuGeneric/Egtm/Std/IfxEgtm_Cmu.c ****         {
 315:../Libraries/iLLD/TC4xx/CpuGeneric/Egtm/Std/IfxEgtm_Cmu.c ****             float32 distance;
 316:../Libraries/iLLD/TC4xx/CpuGeneric/Egtm/Std/IfxEgtm_Cmu.c ****             f        = t * n;
 317:../Libraries/iLLD/TC4xx/CpuGeneric/Egtm/Std/IfxEgtm_Cmu.c ****             distance = fabsf(frequency - f);
 318:../Libraries/iLLD/TC4xx/CpuGeneric/Egtm/Std/IfxEgtm_Cmu.c **** 
 319:../Libraries/iLLD/TC4xx/CpuGeneric/Egtm/Std/IfxEgtm_Cmu.c ****             if (distance < bestDistance)
 320:../Libraries/iLLD/TC4xx/CpuGeneric/Egtm/Std/IfxEgtm_Cmu.c ****             {
 321:../Libraries/iLLD/TC4xx/CpuGeneric/Egtm/Std/IfxEgtm_Cmu.c ****                 bestDistance = distance;
 322:../Libraries/iLLD/TC4xx/CpuGeneric/Egtm/Std/IfxEgtm_Cmu.c ****                 nBest        = n;
 323:../Libraries/iLLD/TC4xx/CpuGeneric/Egtm/Std/IfxEgtm_Cmu.c ****                 zBest        = z;
 324:../Libraries/iLLD/TC4xx/CpuGeneric/Egtm/Std/IfxEgtm_Cmu.c ****             }
 325:../Libraries/iLLD/TC4xx/CpuGeneric/Egtm/Std/IfxEgtm_Cmu.c **** 
 326:../Libraries/iLLD/TC4xx/CpuGeneric/Egtm/Std/IfxEgtm_Cmu.c ****             if (bestDistance < 0.1f)
 3209              	 .loc 1 326 13 is_stmt 1
 3210              	 .loc 1 326 16 is_stmt 0
 3211 00ca 7BD0DC53 	 movh %d5,15821
 3212              	.LVL345:
 3213 00ce 1BD5CC5C 	 addi %d5,%d5,-13107
 3214 00d2 4B530150 	 cmp.f %d5,%d3,%d5
 3215 00d6 6F050080 	 jnz.t %d5,0,.L150
 3216              	.LBE416:
 313:../Libraries/iLLD/TC4xx/CpuGeneric/Egtm/Std/IfxEgtm_Cmu.c ****         {
 3217              	 .loc 1 313 30 is_stmt 1 discriminator 2
 3218 00da C2F2     	 add %d2,-1
 3219              	.LVL346:
 3220              	.L141:
 313:../Libraries/iLLD/TC4xx/CpuGeneric/Egtm/Std/IfxEgtm_Cmu.c ****         {
 3221              	 .loc 1 313 23 discriminator 1
 3222 00dc DF020000 	 jz %d2,.L143
 3223              	.LBB417:
 315:../Libraries/iLLD/TC4xx/CpuGeneric/Egtm/Std/IfxEgtm_Cmu.c ****             f        = t * n;
 3224              	 .loc 1 315 13
 316:../Libraries/iLLD/TC4xx/CpuGeneric/Egtm/Std/IfxEgtm_Cmu.c ****             distance = fabsf(frequency - f);
 3225              	 .loc 1 316 13
 316:../Libraries/iLLD/TC4xx/CpuGeneric/Egtm/Std/IfxEgtm_Cmu.c ****             distance = fabsf(frequency - f);
 3226              	 .loc 1 316 26 is_stmt 0
 3227 00e0 4B026151 	 utof %d5,%d2
 316:../Libraries/iLLD/TC4xx/CpuGeneric/Egtm/Std/IfxEgtm_Cmu.c ****             distance = fabsf(frequency - f);
 3228              	 .loc 1 316 22
 3229 00e4 4B754150 	 mul.f %d5,%d5,%d7
 3230              	.LVL347:
 317:../Libraries/iLLD/TC4xx/CpuGeneric/Egtm/Std/IfxEgtm_Cmu.c **** 
 3231              	 .loc 1 317 13 is_stmt 1
 317:../Libraries/iLLD/TC4xx/CpuGeneric/Egtm/Std/IfxEgtm_Cmu.c **** 
 3232              	 .loc 1 317 40 is_stmt 0
 3233 00e8 6B053158 	 sub.f %d5,%d8,%d5
 3234              	.LVL348:
 317:../Libraries/iLLD/TC4xx/CpuGeneric/Egtm/Std/IfxEgtm_Cmu.c **** 
 3235              	 .loc 1 317 22
 3236 00ec 4B050153 	 abs.f %d5,%d5
 3237              	.LVL349:
 319:../Libraries/iLLD/TC4xx/CpuGeneric/Egtm/Std/IfxEgtm_Cmu.c ****             {
 3238              	 .loc 1 319 13 is_stmt 1
 319:../Libraries/iLLD/TC4xx/CpuGeneric/Egtm/Std/IfxEgtm_Cmu.c ****             {
 3239              	 .loc 1 319 16 is_stmt 0
 3240 00f0 4B530160 	 cmp.f %d6,%d3,%d5
 3241 00f4 6F260000 	 jz.t %d6,2,.L142
 323:../Libraries/iLLD/TC4xx/CpuGeneric/Egtm/Std/IfxEgtm_Cmu.c ****             }
 3242              	 .loc 1 323 30
 3243 00f8 0241     	 mov %d1,%d4
 3244              	.LVL350:
 322:../Libraries/iLLD/TC4xx/CpuGeneric/Egtm/Std/IfxEgtm_Cmu.c ****                 zBest        = z;
 3245              	 .loc 1 322 30
 3246 00fa 0229     	 mov %d9,%d2
 3247              	.LVL351:
 321:../Libraries/iLLD/TC4xx/CpuGeneric/Egtm/Std/IfxEgtm_Cmu.c ****                 nBest        = n;
 3248              	 .loc 1 321 30
 3249 00fc 0253     	 mov %d3,%d5
 3250              	.LVL352:
 3251 00fe 1D000000 	 j .L142
 3252              	.LVL353:
 3253              	.L150:
 327:../Libraries/iLLD/TC4xx/CpuGeneric/Egtm/Std/IfxEgtm_Cmu.c ****             {
 328:../Libraries/iLLD/TC4xx/CpuGeneric/Egtm/Std/IfxEgtm_Cmu.c ****                 endLoop = TRUE;
 3254              	 .loc 1 328 25
 3255 0102 8212     	 mov %d2,1
 3256              	.LVL354:
 3257              	.L143:
 3258              	.LBE417:
 329:../Libraries/iLLD/TC4xx/CpuGeneric/Egtm/Std/IfxEgtm_Cmu.c ****                 break;
 330:../Libraries/iLLD/TC4xx/CpuGeneric/Egtm/Std/IfxEgtm_Cmu.c ****             }
 331:../Libraries/iLLD/TC4xx/CpuGeneric/Egtm/Std/IfxEgtm_Cmu.c ****         }
 332:../Libraries/iLLD/TC4xx/CpuGeneric/Egtm/Std/IfxEgtm_Cmu.c **** 
 333:../Libraries/iLLD/TC4xx/CpuGeneric/Egtm/Std/IfxEgtm_Cmu.c ****         if (endLoop)
 3259              	 .loc 1 333 9 is_stmt 1
 3260              	 .loc 1 333 12 is_stmt 0
 3261 0104 DF020080 	 jnz %d2,.L145
 3262              	.LBE415:
 308:../Libraries/iLLD/TC4xx/CpuGeneric/Egtm/Std/IfxEgtm_Cmu.c ****     {
 3263              	 .loc 1 308 34 is_stmt 1 discriminator 2
 3264 0108 C214     	 add %d4,1
 3265              	.LVL355:
 3266              	.L140:
 308:../Libraries/iLLD/TC4xx/CpuGeneric/Egtm/Std/IfxEgtm_Cmu.c ****     {
 3267              	 .loc 1 308 20 discriminator 1
 3268 010a 7B001020 	 movh %d2,256
 3269 010e C2E2     	 add %d2,-2
 3270 0110 3F420080 	 jlt.u %d2,%d4,.L145
 3271              	.LBB418:
 310:../Libraries/iLLD/TC4xx/CpuGeneric/Egtm/Std/IfxEgtm_Cmu.c ****         t = fIn / z;
 3272              	 .loc 1 310 9
 3273              	.LVL356:
 311:../Libraries/iLLD/TC4xx/CpuGeneric/Egtm/Std/IfxEgtm_Cmu.c **** 
 3274              	 .loc 1 311 9
 311:../Libraries/iLLD/TC4xx/CpuGeneric/Egtm/Std/IfxEgtm_Cmu.c **** 
 3275              	 .loc 1 311 17 is_stmt 0
 3276 0114 4B046171 	 utof %d7,%d4
 311:../Libraries/iLLD/TC4xx/CpuGeneric/Egtm/Std/IfxEgtm_Cmu.c **** 
 3277              	 .loc 1 311 11
 3278 0118 4B705170 	 div.f %d7,%d0,%d7
 3279              	.LVL357:
 313:../Libraries/iLLD/TC4xx/CpuGeneric/Egtm/Std/IfxEgtm_Cmu.c ****         {
 3280              	 .loc 1 313 9 is_stmt 1
 313:../Libraries/iLLD/TC4xx/CpuGeneric/Egtm/Std/IfxEgtm_Cmu.c ****         {
 3281              	 .loc 1 313 16 is_stmt 0
 3282 011c 0242     	 mov %d2,%d4
 313:../Libraries/iLLD/TC4xx/CpuGeneric/Egtm/Std/IfxEgtm_Cmu.c ****         {
 3283              	 .loc 1 313 9
 3284 011e 1D000000 	 j .L141
 3285              	.LVL358:
 3286              	.L145:
 3287              	.LBE418:
 334:../Libraries/iLLD/TC4xx/CpuGeneric/Egtm/Std/IfxEgtm_Cmu.c ****         {
 335:../Libraries/iLLD/TC4xx/CpuGeneric/Egtm/Std/IfxEgtm_Cmu.c ****             break;
 336:../Libraries/iLLD/TC4xx/CpuGeneric/Egtm/Std/IfxEgtm_Cmu.c ****         }
 337:../Libraries/iLLD/TC4xx/CpuGeneric/Egtm/Std/IfxEgtm_Cmu.c ****     }
 338:../Libraries/iLLD/TC4xx/CpuGeneric/Egtm/Std/IfxEgtm_Cmu.c **** 
 339:../Libraries/iLLD/TC4xx/CpuGeneric/Egtm/Std/IfxEgtm_Cmu.c ****     egtm->CLS->CMU.GCLK_NUM.B.GCLK_NUM = zBest;
 3288              	 .loc 1 339 5 is_stmt 1
 3289              	 .loc 1 339 40 is_stmt 0
 3290 0122 B701081C 	 insert %d1,%d1,0,24,8
 3291              	.LVL359:
 3292 0126 D9C20420 	 lea %a2,[%a12]132
 3293 012a 19C20420 	 ld.w %d2,[%a12]132
 3294 012e 37121820 	 insert %d2,%d2,%d1,0,24
 3295 0132 7422     	 st.w [%a2]0,%d2
 340:../Libraries/iLLD/TC4xx/CpuGeneric/Egtm/Std/IfxEgtm_Cmu.c ****     egtm->CLS->CMU.GCLK_NUM.B.GCLK_NUM = zBest;   /* Write twice to be sure */
 3296              	 .loc 1 340 5 is_stmt 1
 3297              	 .loc 1 340 40 is_stmt 0
 3298 0134 5422     	 ld.w %d2,[%a2]0
 3299 0136 37121820 	 insert %d2,%d2,%d1,0,24
 3300 013a 7422     	 st.w [%a2]0,%d2
 341:../Libraries/iLLD/TC4xx/CpuGeneric/Egtm/Std/IfxEgtm_Cmu.c ****     egtm->CLS->CMU.GCLK_DEN.B.GCLK_DEN = nBest;
 3301              	 .loc 1 341 5 is_stmt 1
 3302              	 .loc 1 341 40 is_stmt 0
 3303 013c D9C20820 	 lea %a2,[%a12]136
 3304 0140 19C20820 	 ld.w %d2,[%a12]136
 3305 0144 37921820 	 insert %d2,%d2,%d9,0,24
 3306 0148 7422     	 st.w [%a2]0,%d2
 342:../Libraries/iLLD/TC4xx/CpuGeneric/Egtm/Std/IfxEgtm_Cmu.c **** }
 3307              	 .loc 1 342 1
 3308 014a 0090     	 ret 
 3309              	.LFE284:
 3311              	 .global IfxEgtm_Cmu_setGclkFrequency_end
 3312              	IfxEgtm_Cmu_setGclkFrequency_end:
 3401              	.Letext0:
 3402              	 .file 5 "../Libraries/Infra/Platform/Compilers/Platform_Types.h"
 3403              	 .file 6 "../Libraries/Infra/Sfr/TC4Dx/Ifx_TypesReg.h"
 3404              	 .file 7 "../Libraries/Infra/Sfr/TC4Dx/IfxEgtm_regdef.h"
 3405              	 .file 8 "../Libraries/iLLD/TC4xx/CpuGeneric/_Impl/TC4Dx/IfxEgtm_cfg_TC4Dx.h"
 3406              	 .file 9 "../Libraries/Infra/Sfr/TC4Dx/IfxClock_regdef.h"
 42087 0000 00000000 	 .word IfxEgtm_Cmu_getClkFrequency
 42088 0004 00000000 	 .word IfxEgtm_Cmu_getClkFrequency_end
 42089 0008 3C071C54 	 .word 0x541c073c
 42090 000c 30001000 	 .word 0x00100030
 42091 0010 04000000 	 .word 0x00000004
 42092 0014 40800200 	 .word 0x00028040
 42093 0018 00000000 	 .word IfxEgtm_Cmu_getEclkFrequency
 42094 001c 00000000 	 .word IfxEgtm_Cmu_getEclkFrequency_end
 42095 0020 3C0F1C44 	 .word 0x441c0f3c
 42096 0024 30001000 	 .word 0x00100030
 42097 0028 04000000 	 .word 0x00000004
 42098 002c 40800200 	 .word 0x00028040
 42099 0030 00000000 	 .word IfxEgtm_Cmu_getFxClkFrequency
 42100 0034 00000000 	 .word IfxEgtm_Cmu_getFxClkFrequency_end
 42101 0038 3C0F1C44 	 .word 0x441c0f3c
 42102 003c 30001000 	 .word 0x00100030
 42103 0040 04000000 	 .word 0x00000004
 42104 0044 40800200 	 .word 0x00028040
 42105 0048 00000000 	 .word IfxEgtm_Cmu_setClkFrequency
 42106 004c 00000000 	 .word IfxEgtm_Cmu_setClkFrequency_end
 42107 0050 3C1F1C54 	 .word 0x541c1f3c
 42108 0054 30001000 	 .word 0x00100030
 42109 0058 00000000 	 .word 0x00000000
 42110 005c 40800200 	 .word 0x00028040
 42111 0060 00000000 	 .word IfxEgtm_Cmu_setEclkFrequency
 42112 0064 00000000 	 .word IfxEgtm_Cmu_setEclkFrequency_end
 42113 0068 FF1F1C54 	 .word 0x541c1fff
 42114 006c 30001000 	 .word 0x00100030
 42115 0070 00000000 	 .word 0x00000000
 42116 0074 40800200 	 .word 0x00028040
 42117 0078 00000000 	 .word IfxEgtm_Cmu_setGclkFrequency
 42118 007c 00000000 	 .word IfxEgtm_Cmu_setGclkFrequency_end
 42119 0080 FF071C54 	 .word 0x541c07ff
 42120 0084 10001000 	 .word 0x00100010
 42121 0088 00000000 	 .word 0x00000000
 42122 008c 40800200 	 .word 0x00028040
DEFINED SYMBOLS
                            *ABS*:00000000 IfxEgtm_Cmu.c
                            *ABS*:00000000 IfxEgtm_Cmu.c
    {standard input}:13     .text.IfxEgtm_Cmu_getClkFrequency:00000000 IfxEgtm_Cmu_getClkFrequency
    {standard input}:1639   .text.IfxEgtm_Cmu_getClkFrequency:000007f0 IfxEgtm_Cmu_getClkFrequency_end
    {standard input}:1644   .text.IfxEgtm_Cmu_getEclkFrequency:00000000 IfxEgtm_Cmu_getEclkFrequency
    {standard input}:1903   .text.IfxEgtm_Cmu_getEclkFrequency:00000132 IfxEgtm_Cmu_getEclkFrequency_end
    {standard input}:1908   .text.IfxEgtm_Cmu_getFxClkFrequency:00000000 IfxEgtm_Cmu_getFxClkFrequency
    {standard input}:2386   .text.IfxEgtm_Cmu_getFxClkFrequency:0000023a IfxEgtm_Cmu_getFxClkFrequency_end
    {standard input}:2391   .text.IfxEgtm_Cmu_setClkFrequency:00000000 IfxEgtm_Cmu_setClkFrequency
    {standard input}:2707   .text.IfxEgtm_Cmu_setClkFrequency:000001b8 IfxEgtm_Cmu_setClkFrequency_end
    {standard input}:2712   .text.IfxEgtm_Cmu_setEclkFrequency:00000000 IfxEgtm_Cmu_setEclkFrequency
    {standard input}:3030   .text.IfxEgtm_Cmu_setEclkFrequency:00000182 IfxEgtm_Cmu_setEclkFrequency_end
    {standard input}:3035   .text.IfxEgtm_Cmu_setGclkFrequency:00000000 IfxEgtm_Cmu_setGclkFrequency
    {standard input}:3312   .text.IfxEgtm_Cmu_setGclkFrequency:0000014c IfxEgtm_Cmu_setGclkFrequency_end

UNDEFINED SYMBOLS
IfxClock_getSysSourceFrequency
