   1              	
   2              	 .file "IfxAsclin_PinMap_TC4Dx_BGA436_COM.c"
   3              	 .file "IfxAsclin_PinMap_TC4Dx_BGA436_COM.c"
   4              	.section .text,"ax",@progbits
   5              	.Ltext0:
   6              	 .global IfxAsclin_Tx_Out_pinTable
   7              	 .section .data.IfxAsclin_Tx_Out_pinTable,"aw"
   8              	 .align 2
  11              	IfxAsclin_Tx_Out_pinTable:
  12 0000 00000000 	 .word IfxAsclin0_TX_P01_13_OUT
  13 0004 00000000 	 .word IfxAsclin0_TX_P10_0_OUT
  14 0008 00000000 	 .word IfxAsclin0_TX_P10_1_OUT
  15 000c 00000000 	 .word IfxAsclin0_TX_P13_10_OUT
  16 0010 00000000 	 .word IfxAsclin0_TX_F_P14_0_OUT
  17 0014 00000000 	 .word IfxAsclin0_TX_F_P14_1_OUT
  18 0018 00000000 	 .word IfxAsclin0_TX_F_P14_5_OUT
  19 001c 00000000 	 .word IfxAsclin0_TX_P15_2_OUT
  20 0020 00000000 	 .word IfxAsclin0_TX_P15_3_OUT
  21 0024 00000000 	 .word IfxAsclin0_TX_F_P16_1_OUT
  22 0028 00000000 	 .word IfxAsclin0_TX_P33_9_OUT
  23 002c 00000000 	 .word 0
  24 0030 00000000 	 .word 0
  25 0034 00000000 	 .word 0
  26 0038 00000000 	 .word 0
  27 003c 00000000 	 .word IfxAsclin1_TX_P02_2_OUT
  28 0040 00000000 	 .word IfxAsclin1_TX_P03_2_OUT
  29 0044 00000000 	 .word IfxAsclin1_TX_P10_10_OUT
  30 0048 00000000 	 .word IfxAsclin1_TX_P10_15_OUT
  31 004c 00000000 	 .word IfxAsclin1_TX_P14_10_OUT
  32 0050 00000000 	 .word IfxAsclin1_TX_P14_15_OUT
  33 0054 00000000 	 .word IfxAsclin1_TX_F_P15_0_OUT
  34 0058 00000000 	 .word IfxAsclin1_TX_F_P15_1_OUT
  35 005c 00000000 	 .word IfxAsclin1_TX_F_P15_2_OUT
  36 0060 00000000 	 .word IfxAsclin1_TX_F_P15_4_OUT
  37 0064 00000000 	 .word IfxAsclin1_TX_F_P15_5_OUT
  38 0068 00000000 	 .word IfxAsclin1_TX_P16_14_OUT
  39 006c 00000000 	 .word IfxAsclin1_TX_P20_10_OUT
  40 0070 00000000 	 .word IfxAsclin1_TX_P33_12_OUT
  41 0074 00000000 	 .word IfxAsclin1_TX_P33_13_OUT
  42 0078 00000000 	 .word IfxAsclin2_TX_P02_0_OUT
  43 007c 00000000 	 .word IfxAsclin2_TX_P02_9_OUT
  44 0080 00000000 	 .word IfxAsclin2_TX_P02_12_OUT
  45 0084 00000000 	 .word IfxAsclin2_TX_P03_8_OUT
  46 0088 00000000 	 .word IfxAsclin2_TX_F_P10_2_OUT
  47 008c 00000000 	 .word IfxAsclin2_TX_F_P10_3_OUT
  48 0090 00000000 	 .word IfxAsclin2_TX_F_P10_5_OUT
  49 0094 00000000 	 .word IfxAsclin2_TX_P14_2_OUT
  50 0098 00000000 	 .word IfxAsclin2_TX_P14_3_OUT
  51 009c 00000000 	 .word IfxAsclin2_TX_P32_5_OUT
  52 00a0 00000000 	 .word IfxAsclin2_TX_P33_8_OUT
  53 00a4 00000000 	 .word IfxAsclin2_TX_P33_9_OUT
  54 00a8 00000000 	 .word 0
  55 00ac 00000000 	 .word 0
  56 00b0 00000000 	 .word 0
  57 00b4 00000000 	 .word IfxAsclin3_TX_P00_0_OUT
  58 00b8 00000000 	 .word IfxAsclin3_TX_P00_1_OUT
  59 00bc 00000000 	 .word IfxAsclin3_TX_P13_7_OUT
  60 00c0 00000000 	 .word IfxAsclin3_TX_P13_9_OUT
  61 00c4 00000000 	 .word IfxAsclin3_TX_P15_6_OUT
  62 00c8 00000000 	 .word IfxAsclin3_TX_P15_7_OUT
  63 00cc 00000000 	 .word IfxAsclin3_TX_F_P20_0_OUT
  64 00d0 00000000 	 .word IfxAsclin3_TX_F_P20_3_OUT
  65 00d4 00000000 	 .word IfxAsclin3_TX_P21_7_OUT
  66 00d8 00000000 	 .word IfxAsclin3_TX_P22_0_OUT
  67 00dc 00000000 	 .word IfxAsclin3_TX_P22_1_OUT
  68 00e0 00000000 	 .word IfxAsclin3_TX_P32_2_OUT
  69 00e4 00000000 	 .word 0
  70 00e8 00000000 	 .word 0
  71 00ec 00000000 	 .word 0
  72 00f0 00000000 	 .word IfxAsclin4_TX_P00_9_OUT
  73 00f4 00000000 	 .word IfxAsclin4_TX_P00_10_OUT
  74 00f8 00000000 	 .word IfxAsclin4_TX_F_P22_5_OUT
  75 00fc 00000000 	 .word IfxAsclin4_TX_F_P22_10_OUT
  76 0100 00000000 	 .word IfxAsclin4_TX_P34_1_OUT
  77 0104 00000000 	 .word IfxAsclin4_TX_P34_3_OUT
  78 0108 00000000 	 .word IfxAsclin4_TX_P35_0_OUT
  79 010c 00000000 	 .word 0
  80 0110 00000000 	 .word 0
  81 0114 00000000 	 .word 0
  82 0118 00000000 	 .word 0
  83 011c 00000000 	 .word 0
  84 0120 00000000 	 .word 0
  85 0124 00000000 	 .word 0
  86 0128 00000000 	 .word 0
  87 012c 00000000 	 .word IfxAsclin5_TX_P00_7_OUT
  88 0130 00000000 	 .word IfxAsclin5_TX_P03_0_OUT
  89 0134 00000000 	 .word IfxAsclin5_TX_P10_14_OUT
  90 0138 00000000 	 .word IfxAsclin5_TX_P14_14_OUT
  91 013c 00000000 	 .word IfxAsclin5_TX_P16_3_OUT
  92 0140 00000000 	 .word IfxAsclin5_TX_P16_5_OUT
  93 0144 00000000 	 .word IfxAsclin5_TX_P22_2_OUT
  94 0148 00000000 	 .word IfxAsclin5_TX_F_P33_0_OUT
  95 014c 00000000 	 .word IfxAsclin5_TX_P35_5_OUT
  96 0150 00000000 	 .word 0
  97 0154 00000000 	 .word 0
  98 0158 00000000 	 .word 0
  99 015c 00000000 	 .word 0
 100 0160 00000000 	 .word 0
 101 0164 00000000 	 .word 0
 102 0168 00000000 	 .word IfxAsclin6_TX_P00_14_OUT
 103 016c 00000000 	 .word IfxAsclin6_TX_P01_1_OUT
 104 0170 00000000 	 .word IfxAsclin6_TX_P02_15_OUT
 105 0174 00000000 	 .word IfxAsclin6_TX_P04_2_OUT
 106 0178 00000000 	 .word IfxAsclin6_TX_P04_4_OUT
 107 017c 00000000 	 .word IfxAsclin6_TX_P10_10_OUT
 108 0180 00000000 	 .word IfxAsclin6_TX_P22_0_OUT
 109 0184 00000000 	 .word IfxAsclin6_TX_F_P23_5_OUT
 110 0188 00000000 	 .word IfxAsclin6_TX_P30_5_OUT
 111 018c 00000000 	 .word IfxAsclin6_TX_P32_4_OUT
 112 0190 00000000 	 .word IfxAsclin6_TX_P32_7_OUT
 113 0194 00000000 	 .word 0
 114 0198 00000000 	 .word 0
 115 019c 00000000 	 .word 0
 116 01a0 00000000 	 .word 0
 117 01a4 00000000 	 .word IfxAsclin7_TX_P01_9_OUT
 118 01a8 00000000 	 .word IfxAsclin7_TX_P01_12_OUT
 119 01ac 00000000 	 .word IfxAsclin7_TX_P02_14_OUT
 120 01b0 00000000 	 .word IfxAsclin7_TX_P03_15_OUT
 121 01b4 00000000 	 .word IfxAsclin7_TX_P10_14_OUT
 122 01b8 00000000 	 .word IfxAsclin7_TX_F_P13_12_OUT
 123 01bc 00000000 	 .word IfxAsclin7_TX_F_P14_14_OUT
 124 01c0 00000000 	 .word IfxAsclin7_TX_P22_1_OUT
 125 01c4 00000000 	 .word IfxAsclin7_TX_P22_3_OUT
 126 01c8 00000000 	 .word IfxAsclin7_TX_P23_3_OUT
 127 01cc 00000000 	 .word 0
 128 01d0 00000000 	 .word 0
 129 01d4 00000000 	 .word 0
 130 01d8 00000000 	 .word 0
 131 01dc 00000000 	 .word 0
 132 01e0 00000000 	 .word IfxAsclin8_TX_F_P02_9_OUT
 133 01e4 00000000 	 .word IfxAsclin8_TX_P03_4_OUT
 134 01e8 00000000 	 .word IfxAsclin8_TX_P03_8_OUT
 135 01ec 00000000 	 .word IfxAsclin8_TX_P30_3_OUT
 136 01f0 00000000 	 .word IfxAsclin8_TX_P33_3_OUT
 137 01f4 00000000 	 .word IfxAsclin8_TX_P33_7_OUT
 138 01f8 00000000 	 .word IfxAsclin8_TX_P34_5_OUT
 139 01fc 00000000 	 .word 0
 140 0200 00000000 	 .word 0
 141 0204 00000000 	 .word 0
 142 0208 00000000 	 .word 0
 143 020c 00000000 	 .word 0
 144 0210 00000000 	 .word 0
 145 0214 00000000 	 .word 0
 146 0218 00000000 	 .word 0
 147 021c 00000000 	 .word IfxAsclin9_TX_F_P01_6_OUT
 148 0220 00000000 	 .word IfxAsclin9_TX_F_P01_7_OUT
 149 0224 00000000 	 .word IfxAsclin9_TX_P10_7_OUT
 150 0228 00000000 	 .word IfxAsclin9_TX_P14_7_OUT
 151 022c 00000000 	 .word IfxAsclin9_TX_P20_7_OUT
 152 0230 00000000 	 .word 0
 153 0234 00000000 	 .word 0
 154 0238 00000000 	 .word 0
 155 023c 00000000 	 .word 0
 156 0240 00000000 	 .word 0
 157 0244 00000000 	 .word 0
 158 0248 00000000 	 .word 0
 159 024c 00000000 	 .word 0
 160 0250 00000000 	 .word 0
 161 0254 00000000 	 .word 0
 162 0258 00000000 	 .word IfxAsclin10_TX_P00_8_OUT
 163 025c 00000000 	 .word IfxAsclin10_TX_P02_11_OUT
 164 0260 00000000 	 .word IfxAsclin10_TX_P04_7_OUT
 165 0264 00000000 	 .word IfxAsclin10_TX_F_P13_0_OUT
 166 0268 00000000 	 .word IfxAsclin10_TX_F_P13_15_OUT
 167 026c 00000000 	 .word 0
 168 0270 00000000 	 .word 0
 169 0274 00000000 	 .word 0
 170 0278 00000000 	 .word 0
 171 027c 00000000 	 .word 0
 172 0280 00000000 	 .word 0
 173 0284 00000000 	 .word 0
 174 0288 00000000 	 .word 0
 175 028c 00000000 	 .word 0
 176 0290 00000000 	 .word 0
 177 0294 00000000 	 .word IfxAsclin11_TX_P03_14_OUT
 178 0298 00000000 	 .word IfxAsclin11_TX_P10_0_OUT
 179 029c 00000000 	 .word IfxAsclin11_TX_F_P21_0_OUT
 180 02a0 00000000 	 .word IfxAsclin11_TX_F_P21_5_OUT
 181 02a4 00000000 	 .word 0
 182 02a8 00000000 	 .word 0
 183 02ac 00000000 	 .word 0
 184 02b0 00000000 	 .word 0
 185 02b4 00000000 	 .word 0
 186 02b8 00000000 	 .word 0
 187 02bc 00000000 	 .word 0
 188 02c0 00000000 	 .word 0
 189 02c4 00000000 	 .word 0
 190 02c8 00000000 	 .word 0
 191 02cc 00000000 	 .word 0
 192 02d0 00000000 	 .word IfxAsclin12_TX_F_P00_3_OUT
 193 02d4 00000000 	 .word IfxAsclin12_TX_P00_15_OUT
 194 02d8 00000000 	 .word IfxAsclin12_TX_P01_6_OUT
 195 02dc 00000000 	 .word IfxAsclin12_TX_P03_9_OUT
 196 02e0 00000000 	 .word IfxAsclin12_TX_P03_14_OUT
 197 02e4 00000000 	 .word 0
 198 02e8 00000000 	 .word 0
 199 02ec 00000000 	 .word 0
 200 02f0 00000000 	 .word 0
 201 02f4 00000000 	 .word 0
 202 02f8 00000000 	 .word 0
 203 02fc 00000000 	 .word 0
 204 0300 00000000 	 .word 0
 205 0304 00000000 	 .word 0
 206 0308 00000000 	 .word 0
 207 030c 00000000 	 .word IfxAsclin13_TX_F_P00_10_OUT
 208 0310 00000000 	 .word IfxAsclin13_TX_F_P00_11_OUT
 209 0314 00000000 	 .word IfxAsclin13_TX_P01_15_OUT
 210 0318 00000000 	 .word 0
 211 031c 00000000 	 .word 0
 212 0320 00000000 	 .word 0
 213 0324 00000000 	 .word 0
 214 0328 00000000 	 .word 0
 215 032c 00000000 	 .word 0
 216 0330 00000000 	 .word 0
 217 0334 00000000 	 .word 0
 218 0338 00000000 	 .word 0
 219 033c 00000000 	 .word 0
 220 0340 00000000 	 .word 0
 221 0344 00000000 	 .word 0
 222 0348 00000000 	 .word IfxAsclin14_TX_F_P33_2_OUT
 223 034c 00000000 	 .word IfxAsclin14_TX_F_P33_3_OUT
 224 0350 00000000 	 .word 0
 225 0354 00000000 	 .word 0
 226 0358 00000000 	 .word 0
 227 035c 00000000 	 .word 0
 228 0360 00000000 	 .word 0
 229 0364 00000000 	 .word 0
 230 0368 00000000 	 .word 0
 231 036c 00000000 	 .word 0
 232 0370 00000000 	 .word 0
 233 0374 00000000 	 .word 0
 234 0378 00000000 	 .word 0
 235 037c 00000000 	 .word 0
 236 0380 00000000 	 .word 0
 237 0384 00000000 	 .word IfxAsclin15_TX_F_P32_7_OUT
 238 0388 00000000 	 .word IfxAsclin15_TX_F_P33_0_OUT
 239 038c 00000000 	 .word 0
 240 0390 00000000 	 .word 0
 241 0394 00000000 	 .word 0
 242 0398 00000000 	 .word 0
 243 039c 00000000 	 .word 0
 244 03a0 00000000 	 .word 0
 245 03a4 00000000 	 .word 0
 246 03a8 00000000 	 .word 0
 247 03ac 00000000 	 .word 0
 248 03b0 00000000 	 .word 0
 249 03b4 00000000 	 .word 0
 250 03b8 00000000 	 .word 0
 251 03bc 00000000 	 .word 0
 252 03c0 00000000 	 .word IfxAsclin16_TX_F_P23_1_OUT
 253 03c4 00000000 	 .word IfxAsclin16_TX_F_P23_6_OUT
 254 03c8 00000000 	 .word IfxAsclin16_TX_F_P23_7_OUT
 255 03cc 00000000 	 .word IfxAsclin16_TX_P30_6_OUT
 256 03d0 00000000 	 .word IfxAsclin16_TX_P34_2_OUT
 257 03d4 00000000 	 .word 0
 258 03d8 00000000 	 .word 0
 259 03dc 00000000 	 .word 0
 260 03e0 00000000 	 .word 0
 261 03e4 00000000 	 .word 0
 262 03e8 00000000 	 .word 0
 263 03ec 00000000 	 .word 0
 264 03f0 00000000 	 .word 0
 265 03f4 00000000 	 .word 0
 266 03f8 00000000 	 .word 0
 267 03fc 00000000 	 .word IfxAsclin17_TX_F_P22_7_OUT
 268 0400 00000000 	 .word IfxAsclin17_TX_F_P22_11_OUT
 269 0404 00000000 	 .word IfxAsclin17_TX_P31_6_OUT
 270 0408 00000000 	 .word IfxAsclin17_TX_P32_6_OUT
 271 040c 00000000 	 .word 0
 272 0410 00000000 	 .word 0
 273 0414 00000000 	 .word 0
 274 0418 00000000 	 .word 0
 275 041c 00000000 	 .word 0
 276 0420 00000000 	 .word 0
 277 0424 00000000 	 .word 0
 278 0428 00000000 	 .word 0
 279 042c 00000000 	 .word 0
 280 0430 00000000 	 .word 0
 281 0434 00000000 	 .word 0
 282 0438 00000000 	 .word IfxAsclin18_TX_F_P21_3_OUT
 283 043c 00000000 	 .word IfxAsclin18_TX_F_P21_4_OUT
 284 0440 00000000 	 .word 0
 285 0444 00000000 	 .word 0
 286 0448 00000000 	 .word 0
 287 044c 00000000 	 .word 0
 288 0450 00000000 	 .word 0
 289 0454 00000000 	 .word 0
 290 0458 00000000 	 .word 0
 291 045c 00000000 	 .word 0
 292 0460 00000000 	 .word 0
 293 0464 00000000 	 .word 0
 294 0468 00000000 	 .word 0
 295 046c 00000000 	 .word 0
 296 0470 00000000 	 .word 0
 297 0474 00000000 	 .word IfxAsclin19_TX_P03_4_OUT
 298 0478 00000000 	 .word IfxAsclin19_TX_P03_6_OUT
 299 047c 00000000 	 .word IfxAsclin19_TX_P13_4_OUT
 300 0480 00000000 	 .word IfxAsclin19_TX_F_P15_4_OUT
 301 0484 00000000 	 .word IfxAsclin19_TX_F_P15_7_OUT
 302 0488 00000000 	 .word IfxAsclin19_TX_F_P15_12_OUT
 303 048c 00000000 	 .word 0
 304 0490 00000000 	 .word 0
 305 0494 00000000 	 .word 0
 306 0498 00000000 	 .word 0
 307 049c 00000000 	 .word 0
 308 04a0 00000000 	 .word 0
 309 04a4 00000000 	 .word 0
 310 04a8 00000000 	 .word 0
 311 04ac 00000000 	 .word 0
 312 04b0 00000000 	 .word IfxAsclin20_TX_P04_0_OUT
 313 04b4 00000000 	 .word IfxAsclin20_TX_F_P10_7_OUT
 314 04b8 00000000 	 .word IfxAsclin20_TX_F_P10_8_OUT
 315 04bc 00000000 	 .word IfxAsclin20_TX_P14_7_OUT
 316 04c0 00000000 	 .word IfxAsclin20_TX_P14_8_OUT
 317 04c4 00000000 	 .word 0
 318 04c8 00000000 	 .word 0
 319 04cc 00000000 	 .word 0
 320 04d0 00000000 	 .word 0
 321 04d4 00000000 	 .word 0
 322 04d8 00000000 	 .word 0
 323 04dc 00000000 	 .word 0
 324 04e0 00000000 	 .word 0
 325 04e4 00000000 	 .word 0
 326 04e8 00000000 	 .word 0
 327 04ec 00000000 	 .word IfxAsclin21_TX_F_P13_2_OUT
 328 04f0 00000000 	 .word IfxAsclin21_TX_F_P13_3_OUT
 329 04f4 00000000 	 .word 0
 330 04f8 00000000 	 .word 0
 331 04fc 00000000 	 .word 0
 332 0500 00000000 	 .word 0
 333 0504 00000000 	 .word 0
 334 0508 00000000 	 .word 0
 335 050c 00000000 	 .word 0
 336 0510 00000000 	 .word 0
 337 0514 00000000 	 .word 0
 338 0518 00000000 	 .word 0
 339 051c 00000000 	 .word 0
 340 0520 00000000 	 .word 0
 341 0524 00000000 	 .word 0
 342 0528 00000000 	 .word IfxAsclin22_TX_F_P10_0_OUT
 343 052c 00000000 	 .word IfxAsclin22_TX_F_P10_4_OUT
 344 0530 00000000 	 .word IfxAsclin22_TX_P10_5_OUT
 345 0534 00000000 	 .word 0
 346 0538 00000000 	 .word 0
 347 053c 00000000 	 .word 0
 348 0540 00000000 	 .word 0
 349 0544 00000000 	 .word 0
 350 0548 00000000 	 .word 0
 351 054c 00000000 	 .word 0
 352 0550 00000000 	 .word 0
 353 0554 00000000 	 .word 0
 354 0558 00000000 	 .word 0
 355 055c 00000000 	 .word 0
 356 0560 00000000 	 .word 0
 357 0564 00000000 	 .word IfxAsclin23_TX_P03_12_OUT
 358 0568 00000000 	 .word IfxAsclin23_TX_F_P10_7_OUT
 359 056c 00000000 	 .word IfxAsclin23_TX_F_P10_8_OUT
 360 0570 00000000 	 .word 0
 361 0574 00000000 	 .word 0
 362 0578 00000000 	 .word 0
 363 057c 00000000 	 .word 0
 364 0580 00000000 	 .word 0
 365 0584 00000000 	 .word 0
 366 0588 00000000 	 .word 0
 367 058c 00000000 	 .word 0
 368 0590 00000000 	 .word 0
 369 0594 00000000 	 .word 0
 370 0598 00000000 	 .word 0
 371 059c 00000000 	 .word 0
 372 05a0 00000000 	 .word IfxAsclin24_TX_F_P00_11_OUT
 373 05a4 00000000 	 .word IfxAsclin24_TX_F_P00_12_OUT
 374 05a8 00000000 	 .word 0
 375 05ac 00000000 	 .word 0
 376 05b0 00000000 	 .word 0
 377 05b4 00000000 	 .word 0
 378 05b8 00000000 	 .word 0
 379 05bc 00000000 	 .word 0
 380 05c0 00000000 	 .word 0
 381 05c4 00000000 	 .word 0
 382 05c8 00000000 	 .word 0
 383 05cc 00000000 	 .word 0
 384 05d0 00000000 	 .word 0
 385 05d4 00000000 	 .word 0
 386 05d8 00000000 	 .word 0
 387 05dc 00000000 	 .word IfxAsclin25_TX_F_P32_4_OUT
 388 05e0 00000000 	 .word IfxAsclin25_TX_F_P33_4_OUT
 389 05e4 00000000 	 .word 0
 390 05e8 00000000 	 .word 0
 391 05ec 00000000 	 .word 0
 392 05f0 00000000 	 .word 0
 393 05f4 00000000 	 .word 0
 394 05f8 00000000 	 .word 0
 395 05fc 00000000 	 .word 0
 396 0600 00000000 	 .word 0
 397 0604 00000000 	 .word 0
 398 0608 00000000 	 .word 0
 399 060c 00000000 	 .word 0
 400 0610 00000000 	 .word 0
 401 0614 00000000 	 .word 0
 402 0618 00000000 	 .word IfxAsclin26_TX_F_P01_7_OUT
 403 061c 00000000 	 .word IfxAsclin26_TX_F_P02_11_OUT
 404 0620 00000000 	 .word IfxAsclin26_TX_P03_11_OUT
 405 0624 00000000 	 .word 0
 406 0628 00000000 	 .word 0
 407 062c 00000000 	 .word 0
 408 0630 00000000 	 .word 0
 409 0634 00000000 	 .word 0
 410 0638 00000000 	 .word 0
 411 063c 00000000 	 .word 0
 412 0640 00000000 	 .word 0
 413 0644 00000000 	 .word 0
 414 0648 00000000 	 .word 0
 415 064c 00000000 	 .word 0
 416 0650 00000000 	 .word 0
 417 0654 00000000 	 .word IfxAsclin27_TX_F_P22_7_OUT
 418 0658 00000000 	 .word IfxAsclin27_TX_F_P23_4_OUT
 419 065c 00000000 	 .word IfxAsclin27_TX_P30_4_OUT
 420 0660 00000000 	 .word 0
 421 0664 00000000 	 .word 0
 422 0668 00000000 	 .word 0
 423 066c 00000000 	 .word 0
 424 0670 00000000 	 .word 0
 425 0674 00000000 	 .word 0
 426 0678 00000000 	 .word 0
 427 067c 00000000 	 .word 0
 428 0680 00000000 	 .word 0
 429 0684 00000000 	 .word 0
 430 0688 00000000 	 .word 0
 431 068c 00000000 	 .word 0
 432              	 .global IfxAsclin_Slso_Out_pinTable
 433              	 .section .data.IfxAsclin_Slso_Out_pinTable,"aw"
 434              	 .align 2
 437              	IfxAsclin_Slso_Out_pinTable:
 438 0000 00000000 	 .word IfxAsclin0_SLSO_P14_6_OUT
 439 0004 00000000 	 .word IfxAsclin0_SLSO_P16_11_OUT
 440 0008 00000000 	 .word IfxAsclin0_SLSO_P16_12_OUT
 441 000c 00000000 	 .word 0
 442 0010 00000000 	 .word 0
 443 0014 00000000 	 .word 0
 444 0018 00000000 	 .word 0
 445 001c 00000000 	 .word IfxAsclin1_SLSO_P10_3_OUT
 446 0020 00000000 	 .word IfxAsclin1_SLSO_P14_3_OUT
 447 0024 00000000 	 .word IfxAsclin1_SLSO_P20_8_OUT
 448 0028 00000000 	 .word IfxAsclin1_SLSO_P33_10_OUT
 449 002c 00000000 	 .word 0
 450 0030 00000000 	 .word 0
 451 0034 00000000 	 .word 0
 452 0038 00000000 	 .word IfxAsclin2_SLSO_P02_3_OUT
 453 003c 00000000 	 .word IfxAsclin2_SLSO_P33_6_OUT
 454 0040 00000000 	 .word 0
 455 0044 00000000 	 .word 0
 456 0048 00000000 	 .word 0
 457 004c 00000000 	 .word 0
 458 0050 00000000 	 .word 0
 459 0054 00000000 	 .word IfxAsclin3_SLSO_P00_3_OUT
 460 0058 00000000 	 .word IfxAsclin3_SLSO_P10_3_OUT
 461 005c 00000000 	 .word IfxAsclin3_SLSO_P14_3_OUT
 462 0060 00000000 	 .word IfxAsclin3_SLSO_F_P20_1_OUT
 463 0064 00000000 	 .word IfxAsclin3_SLSO_P21_2_OUT
 464 0068 00000000 	 .word IfxAsclin3_SLSO_P21_6_OUT
 465 006c 00000000 	 .word IfxAsclin3_SLSO_P33_1_OUT
 466 0070 00000000 	 .word IfxAsclin4_SLSO_P00_11_OUT
 467 0074 00000000 	 .word IfxAsclin4_SLSO_F_P22_4_OUT
 468 0078 00000000 	 .word IfxAsclin4_SLSO_F_P22_11_OUT
 469 007c 00000000 	 .word IfxAsclin4_SLSO_P34_4_OUT
 470 0080 00000000 	 .word 0
 471 0084 00000000 	 .word 0
 472 0088 00000000 	 .word 0
 473 008c 00000000 	 .word IfxAsclin5_SLSO_P03_3_OUT
 474 0090 00000000 	 .word IfxAsclin5_SLSO_P10_8_OUT
 475 0094 00000000 	 .word IfxAsclin5_SLSO_P14_8_OUT
 476 0098 00000000 	 .word IfxAsclin5_SLSO_P16_10_OUT
 477 009c 00000000 	 .word IfxAsclin5_SLSO_F_P33_5_OUT
 478 00a0 00000000 	 .word 0
 479 00a4 00000000 	 .word 0
 480 00a8 00000000 	 .word IfxAsclin6_SLSO_P02_12_OUT
 481 00ac 00000000 	 .word IfxAsclin6_SLSO_P10_13_OUT
 482 00b0 00000000 	 .word IfxAsclin6_SLSO_F_P23_4_OUT
 483 00b4 00000000 	 .word 0
 484 00b8 00000000 	 .word 0
 485 00bc 00000000 	 .word 0
 486 00c0 00000000 	 .word 0
 487 00c4 00000000 	 .word IfxAsclin7_SLSO_P01_11_OUT
 488 00c8 00000000 	 .word IfxAsclin7_SLSO_P10_8_OUT
 489 00cc 00000000 	 .word IfxAsclin7_SLSO_F_P13_15_OUT
 490 00d0 00000000 	 .word IfxAsclin7_SLSO_F_P14_8_OUT
 491 00d4 00000000 	 .word 0
 492 00d8 00000000 	 .word 0
 493 00dc 00000000 	 .word 0
 494 00e0 00000000 	 .word IfxAsclin8_SLSO_F_P02_11_OUT
 495 00e4 00000000 	 .word IfxAsclin8_SLSO_P03_11_OUT
 496 00e8 00000000 	 .word 0
 497 00ec 00000000 	 .word 0
 498 00f0 00000000 	 .word 0
 499 00f4 00000000 	 .word 0
 500 00f8 00000000 	 .word 0
 501 00fc 00000000 	 .word IfxAsclin9_SLSO_F_P01_4_OUT
 502 0100 00000000 	 .word 0
 503 0104 00000000 	 .word 0
 504 0108 00000000 	 .word 0
 505 010c 00000000 	 .word 0
 506 0110 00000000 	 .word 0
 507 0114 00000000 	 .word 0
 508 0118 00000000 	 .word IfxAsclin10_SLSO_P04_8_OUT
 509 011c 00000000 	 .word IfxAsclin10_SLSO_F_P13_3_OUT
 510 0120 00000000 	 .word 0
 511 0124 00000000 	 .word 0
 512 0128 00000000 	 .word 0
 513 012c 00000000 	 .word 0
 514 0130 00000000 	 .word 0
 515 0134 00000000 	 .word IfxAsclin11_SLSO_F_P21_4_OUT
 516 0138 00000000 	 .word 0
 517 013c 00000000 	 .word 0
 518 0140 00000000 	 .word 0
 519 0144 00000000 	 .word 0
 520 0148 00000000 	 .word 0
 521 014c 00000000 	 .word 0
 522 0150 00000000 	 .word 0
 523 0154 00000000 	 .word 0
 524 0158 00000000 	 .word 0
 525 015c 00000000 	 .word 0
 526 0160 00000000 	 .word 0
 527 0164 00000000 	 .word 0
 528 0168 00000000 	 .word 0
 529 016c 00000000 	 .word 0
 530 0170 00000000 	 .word 0
 531 0174 00000000 	 .word 0
 532 0178 00000000 	 .word 0
 533 017c 00000000 	 .word 0
 534 0180 00000000 	 .word 0
 535 0184 00000000 	 .word 0
 536 0188 00000000 	 .word 0
 537 018c 00000000 	 .word 0
 538 0190 00000000 	 .word 0
 539 0194 00000000 	 .word 0
 540 0198 00000000 	 .word 0
 541 019c 00000000 	 .word 0
 542 01a0 00000000 	 .word 0
 543 01a4 00000000 	 .word 0
 544 01a8 00000000 	 .word 0
 545 01ac 00000000 	 .word 0
 546 01b0 00000000 	 .word 0
 547 01b4 00000000 	 .word 0
 548 01b8 00000000 	 .word 0
 549 01bc 00000000 	 .word 0
 550 01c0 00000000 	 .word 0
 551 01c4 00000000 	 .word 0
 552 01c8 00000000 	 .word 0
 553 01cc 00000000 	 .word 0
 554 01d0 00000000 	 .word 0
 555 01d4 00000000 	 .word 0
 556 01d8 00000000 	 .word 0
 557 01dc 00000000 	 .word 0
 558 01e0 00000000 	 .word 0
 559 01e4 00000000 	 .word 0
 560 01e8 00000000 	 .word 0
 561 01ec 00000000 	 .word 0
 562 01f0 00000000 	 .word 0
 563 01f4 00000000 	 .word 0
 564 01f8 00000000 	 .word 0
 565 01fc 00000000 	 .word 0
 566 0200 00000000 	 .word 0
 567 0204 00000000 	 .word 0
 568 0208 00000000 	 .word 0
 569 020c 00000000 	 .word 0
 570 0210 00000000 	 .word 0
 571 0214 00000000 	 .word 0
 572 0218 00000000 	 .word 0
 573 021c 00000000 	 .word 0
 574 0220 00000000 	 .word 0
 575 0224 00000000 	 .word 0
 576 0228 00000000 	 .word 0
 577 022c 00000000 	 .word 0
 578 0230 00000000 	 .word 0
 579 0234 00000000 	 .word 0
 580 0238 00000000 	 .word 0
 581 023c 00000000 	 .word 0
 582 0240 00000000 	 .word 0
 583 0244 00000000 	 .word 0
 584 0248 00000000 	 .word 0
 585 024c 00000000 	 .word 0
 586 0250 00000000 	 .word 0
 587 0254 00000000 	 .word 0
 588 0258 00000000 	 .word 0
 589 025c 00000000 	 .word 0
 590 0260 00000000 	 .word 0
 591 0264 00000000 	 .word 0
 592 0268 00000000 	 .word 0
 593 026c 00000000 	 .word 0
 594 0270 00000000 	 .word 0
 595 0274 00000000 	 .word 0
 596 0278 00000000 	 .word 0
 597 027c 00000000 	 .word 0
 598 0280 00000000 	 .word 0
 599 0284 00000000 	 .word 0
 600 0288 00000000 	 .word 0
 601 028c 00000000 	 .word 0
 602 0290 00000000 	 .word 0
 603 0294 00000000 	 .word 0
 604 0298 00000000 	 .word 0
 605 029c 00000000 	 .word 0
 606 02a0 00000000 	 .word 0
 607 02a4 00000000 	 .word 0
 608 02a8 00000000 	 .word 0
 609 02ac 00000000 	 .word 0
 610 02b0 00000000 	 .word 0
 611 02b4 00000000 	 .word 0
 612 02b8 00000000 	 .word 0
 613 02bc 00000000 	 .word 0
 614 02c0 00000000 	 .word 0
 615 02c4 00000000 	 .word 0
 616 02c8 00000000 	 .word 0
 617 02cc 00000000 	 .word 0
 618 02d0 00000000 	 .word 0
 619 02d4 00000000 	 .word 0
 620 02d8 00000000 	 .word 0
 621 02dc 00000000 	 .word 0
 622 02e0 00000000 	 .word 0
 623 02e4 00000000 	 .word 0
 624 02e8 00000000 	 .word 0
 625 02ec 00000000 	 .word 0
 626 02f0 00000000 	 .word 0
 627 02f4 00000000 	 .word 0
 628 02f8 00000000 	 .word 0
 629 02fc 00000000 	 .word 0
 630 0300 00000000 	 .word 0
 631 0304 00000000 	 .word 0
 632 0308 00000000 	 .word 0
 633 030c 00000000 	 .word 0
 634              	 .global IfxAsclin_Sclk_Out_pinTable
 635              	 .section .data.IfxAsclin_Sclk_Out_pinTable,"aw"
 636              	 .align 2
 639              	IfxAsclin_Sclk_Out_pinTable:
 640 0000 00000000 	 .word IfxAsclin0_SCLK_P10_0_OUT
 641 0004 00000000 	 .word IfxAsclin0_SCLK_F_P14_0_OUT
 642 0008 00000000 	 .word IfxAsclin0_SCLK_P15_2_OUT
 643 000c 00000000 	 .word IfxAsclin0_SCLK_F_P16_0_OUT
 644 0010 00000000 	 .word 0
 645 0014 00000000 	 .word 0
 646 0018 00000000 	 .word 0
 647 001c 00000000 	 .word 0
 648 0020 00000000 	 .word IfxAsclin1_SCLK_F_P15_0_OUT
 649 0024 00000000 	 .word IfxAsclin1_SCLK_P20_10_OUT
 650 0028 00000000 	 .word IfxAsclin1_SCLK_P33_11_OUT
 651 002c 00000000 	 .word IfxAsclin1_SCLK_P33_12_OUT
 652 0030 00000000 	 .word 0
 653 0034 00000000 	 .word 0
 654 0038 00000000 	 .word 0
 655 003c 00000000 	 .word 0
 656 0040 00000000 	 .word IfxAsclin2_SCLK_P02_4_OUT
 657 0044 00000000 	 .word IfxAsclin2_SCLK_F_P10_2_OUT
 658 0048 00000000 	 .word IfxAsclin2_SCLK_F_P10_6_OUT
 659 004c 00000000 	 .word IfxAsclin2_SCLK_P14_2_OUT
 660 0050 00000000 	 .word IfxAsclin2_SCLK_P33_7_OUT
 661 0054 00000000 	 .word IfxAsclin2_SCLK_P33_9_OUT
 662 0058 00000000 	 .word 0
 663 005c 00000000 	 .word 0
 664 0060 00000000 	 .word IfxAsclin3_SCLK_P00_0_OUT
 665 0064 00000000 	 .word IfxAsclin3_SCLK_P00_2_OUT
 666 0068 00000000 	 .word IfxAsclin3_SCLK_P15_6_OUT
 667 006c 00000000 	 .word IfxAsclin3_SCLK_P15_8_OUT
 668 0070 00000000 	 .word IfxAsclin3_SCLK_F_P20_0_OUT
 669 0074 00000000 	 .word IfxAsclin3_SCLK_P21_5_OUT
 670 0078 00000000 	 .word IfxAsclin3_SCLK_P21_7_OUT
 671 007c 00000000 	 .word IfxAsclin3_SCLK_P33_2_OUT
 672 0080 00000000 	 .word IfxAsclin4_SCLK_P00_10_OUT
 673 0084 00000000 	 .word IfxAsclin4_SCLK_F_P22_7_OUT
 674 0088 00000000 	 .word IfxAsclin4_SCLK_P34_3_OUT
 675 008c 00000000 	 .word 0
 676 0090 00000000 	 .word 0
 677 0094 00000000 	 .word 0
 678 0098 00000000 	 .word 0
 679 009c 00000000 	 .word 0
 680 00a0 00000000 	 .word IfxAsclin5_SCLK_P03_4_OUT
 681 00a4 00000000 	 .word IfxAsclin5_SCLK_P14_12_OUT
 682 00a8 00000000 	 .word IfxAsclin5_SCLK_P16_0_OUT
 683 00ac 00000000 	 .word IfxAsclin5_SCLK_P16_4_OUT
 684 00b0 00000000 	 .word IfxAsclin5_SCLK_P22_8_OUT
 685 00b4 00000000 	 .word IfxAsclin5_SCLK_F_P33_3_OUT
 686 00b8 00000000 	 .word 0
 687 00bc 00000000 	 .word 0
 688 00c0 00000000 	 .word IfxAsclin6_SCLK_P02_14_OUT
 689 00c4 00000000 	 .word IfxAsclin6_SCLK_P04_1_OUT
 690 00c8 00000000 	 .word IfxAsclin6_SCLK_P10_11_OUT
 691 00cc 00000000 	 .word IfxAsclin6_SCLK_F_P23_1_OUT
 692 00d0 00000000 	 .word 0
 693 00d4 00000000 	 .word 0
 694 00d8 00000000 	 .word 0
 695 00dc 00000000 	 .word 0
 696 00e0 00000000 	 .word IfxAsclin7_SCLK_P01_10_OUT
 697 00e4 00000000 	 .word IfxAsclin7_SCLK_F_P13_13_OUT
 698 00e8 00000000 	 .word IfxAsclin7_SCLK_F_P14_12_OUT
 699 00ec 00000000 	 .word 0
 700 00f0 00000000 	 .word 0
 701 00f4 00000000 	 .word 0
 702 00f8 00000000 	 .word 0
 703 00fc 00000000 	 .word 0
 704 0100 00000000 	 .word IfxAsclin8_SCLK_F_P02_0_OUT
 705 0104 00000000 	 .word IfxAsclin8_SCLK_F_P02_8_OUT
 706 0108 00000000 	 .word IfxAsclin8_SCLK_P03_9_OUT
 707 010c 00000000 	 .word 0
 708 0110 00000000 	 .word 0
 709 0114 00000000 	 .word 0
 710 0118 00000000 	 .word 0
 711 011c 00000000 	 .word 0
 712 0120 00000000 	 .word IfxAsclin9_SCLK_F_P01_6_OUT
 713 0124 00000000 	 .word IfxAsclin9_SCLK_P03_14_OUT
 714 0128 00000000 	 .word 0
 715 012c 00000000 	 .word 0
 716 0130 00000000 	 .word 0
 717 0134 00000000 	 .word 0
 718 0138 00000000 	 .word 0
 719 013c 00000000 	 .word 0
 720 0140 00000000 	 .word IfxAsclin10_SCLK_P04_9_OUT
 721 0144 00000000 	 .word IfxAsclin10_SCLK_F_P13_2_OUT
 722 0148 00000000 	 .word 0
 723 014c 00000000 	 .word 0
 724 0150 00000000 	 .word 0
 725 0154 00000000 	 .word 0
 726 0158 00000000 	 .word 0
 727 015c 00000000 	 .word 0
 728 0160 00000000 	 .word IfxAsclin11_SCLK_F_P21_3_OUT
 729 0164 00000000 	 .word 0
 730 0168 00000000 	 .word 0
 731 016c 00000000 	 .word 0
 732 0170 00000000 	 .word 0
 733 0174 00000000 	 .word 0
 734 0178 00000000 	 .word 0
 735 017c 00000000 	 .word 0
 736 0180 00000000 	 .word 0
 737 0184 00000000 	 .word 0
 738 0188 00000000 	 .word 0
 739 018c 00000000 	 .word 0
 740 0190 00000000 	 .word 0
 741 0194 00000000 	 .word 0
 742 0198 00000000 	 .word 0
 743 019c 00000000 	 .word 0
 744 01a0 00000000 	 .word 0
 745 01a4 00000000 	 .word 0
 746 01a8 00000000 	 .word 0
 747 01ac 00000000 	 .word 0
 748 01b0 00000000 	 .word 0
 749 01b4 00000000 	 .word 0
 750 01b8 00000000 	 .word 0
 751 01bc 00000000 	 .word 0
 752 01c0 00000000 	 .word 0
 753 01c4 00000000 	 .word 0
 754 01c8 00000000 	 .word 0
 755 01cc 00000000 	 .word 0
 756 01d0 00000000 	 .word 0
 757 01d4 00000000 	 .word 0
 758 01d8 00000000 	 .word 0
 759 01dc 00000000 	 .word 0
 760 01e0 00000000 	 .word 0
 761 01e4 00000000 	 .word 0
 762 01e8 00000000 	 .word 0
 763 01ec 00000000 	 .word 0
 764 01f0 00000000 	 .word 0
 765 01f4 00000000 	 .word 0
 766 01f8 00000000 	 .word 0
 767 01fc 00000000 	 .word 0
 768 0200 00000000 	 .word 0
 769 0204 00000000 	 .word 0
 770 0208 00000000 	 .word 0
 771 020c 00000000 	 .word 0
 772 0210 00000000 	 .word 0
 773 0214 00000000 	 .word 0
 774 0218 00000000 	 .word 0
 775 021c 00000000 	 .word 0
 776 0220 00000000 	 .word 0
 777 0224 00000000 	 .word 0
 778 0228 00000000 	 .word 0
 779 022c 00000000 	 .word 0
 780 0230 00000000 	 .word 0
 781 0234 00000000 	 .word 0
 782 0238 00000000 	 .word 0
 783 023c 00000000 	 .word 0
 784 0240 00000000 	 .word 0
 785 0244 00000000 	 .word 0
 786 0248 00000000 	 .word 0
 787 024c 00000000 	 .word 0
 788 0250 00000000 	 .word 0
 789 0254 00000000 	 .word 0
 790 0258 00000000 	 .word 0
 791 025c 00000000 	 .word 0
 792 0260 00000000 	 .word 0
 793 0264 00000000 	 .word 0
 794 0268 00000000 	 .word 0
 795 026c 00000000 	 .word 0
 796 0270 00000000 	 .word 0
 797 0274 00000000 	 .word 0
 798 0278 00000000 	 .word 0
 799 027c 00000000 	 .word 0
 800 0280 00000000 	 .word 0
 801 0284 00000000 	 .word 0
 802 0288 00000000 	 .word 0
 803 028c 00000000 	 .word 0
 804 0290 00000000 	 .word 0
 805 0294 00000000 	 .word 0
 806 0298 00000000 	 .word 0
 807 029c 00000000 	 .word 0
 808 02a0 00000000 	 .word 0
 809 02a4 00000000 	 .word 0
 810 02a8 00000000 	 .word 0
 811 02ac 00000000 	 .word 0
 812 02b0 00000000 	 .word 0
 813 02b4 00000000 	 .word 0
 814 02b8 00000000 	 .word 0
 815 02bc 00000000 	 .word 0
 816 02c0 00000000 	 .word 0
 817 02c4 00000000 	 .word 0
 818 02c8 00000000 	 .word 0
 819 02cc 00000000 	 .word 0
 820 02d0 00000000 	 .word 0
 821 02d4 00000000 	 .word 0
 822 02d8 00000000 	 .word 0
 823 02dc 00000000 	 .word 0
 824 02e0 00000000 	 .word 0
 825 02e4 00000000 	 .word 0
 826 02e8 00000000 	 .word 0
 827 02ec 00000000 	 .word 0
 828 02f0 00000000 	 .word 0
 829 02f4 00000000 	 .word 0
 830 02f8 00000000 	 .word 0
 831 02fc 00000000 	 .word 0
 832 0300 00000000 	 .word 0
 833 0304 00000000 	 .word 0
 834 0308 00000000 	 .word 0
 835 030c 00000000 	 .word 0
 836 0310 00000000 	 .word 0
 837 0314 00000000 	 .word 0
 838 0318 00000000 	 .word 0
 839 031c 00000000 	 .word 0
 840 0320 00000000 	 .word 0
 841 0324 00000000 	 .word 0
 842 0328 00000000 	 .word 0
 843 032c 00000000 	 .word 0
 844 0330 00000000 	 .word 0
 845 0334 00000000 	 .word 0
 846 0338 00000000 	 .word 0
 847 033c 00000000 	 .word 0
 848 0340 00000000 	 .word 0
 849 0344 00000000 	 .word 0
 850 0348 00000000 	 .word 0
 851 034c 00000000 	 .word 0
 852 0350 00000000 	 .word 0
 853 0354 00000000 	 .word 0
 854 0358 00000000 	 .word 0
 855 035c 00000000 	 .word 0
 856 0360 00000000 	 .word 0
 857 0364 00000000 	 .word 0
 858 0368 00000000 	 .word 0
 859 036c 00000000 	 .word 0
 860 0370 00000000 	 .word 0
 861 0374 00000000 	 .word 0
 862 0378 00000000 	 .word 0
 863 037c 00000000 	 .word 0
 864              	 .global IfxAsclin_Rx_In_pinTable
 865              	 .section .data.IfxAsclin_Rx_In_pinTable,"aw"
 866              	 .align 2
 869              	IfxAsclin_Rx_In_pinTable:
 870 0000 00000000 	 .word IfxAsclin0_RXA_F_P14_1_IN
 871 0004 00000000 	 .word IfxAsclin0_RXB_P15_3_IN
 872 0008 00000000 	 .word IfxAsclin0_RXC_P01_8_IN
 873 000c 00000000 	 .word IfxAsclin0_RXD_P33_10_IN
 874 0010 00000000 	 .word IfxAsclin0_RXE_P13_11_IN
 875 0014 00000000 	 .word IfxAsclin0_RXF_P10_1_IN
 876 0018 00000000 	 .word IfxAsclin0_RXG_F_P16_2_IN
 877 001c 00000000 	 .word IfxAsclin0_RXH_P04_6_IN
 878 0020 00000000 	 .word 0
 879 0024 00000000 	 .word IfxAsclin1_RXA_F_P15_1_IN
 880 0028 00000000 	 .word IfxAsclin1_RXB_F_P15_5_IN
 881 002c 00000000 	 .word IfxAsclin1_RXC_P20_9_IN
 882 0030 00000000 	 .word IfxAsclin1_RXD_P14_8_IN
 883 0034 00000000 	 .word 0
 884 0038 00000000 	 .word IfxAsclin1_RXF_P33_13_IN
 885 003c 00000000 	 .word IfxAsclin1_RXG_P02_3_IN
 886 0040 00000000 	 .word IfxAsclin1_RXH_P16_6_IN
 887 0044 00000000 	 .word 0
 888 0048 00000000 	 .word IfxAsclin2_RXA_P14_3_IN
 889 004c 00000000 	 .word IfxAsclin2_RXB_P02_1_IN
 890 0050 00000000 	 .word IfxAsclin2_RXC_P02_10_IN
 891 0054 00000000 	 .word IfxAsclin2_RXD_F_P10_6_IN
 892 0058 00000000 	 .word IfxAsclin2_RXE_P33_8_IN
 893 005c 00000000 	 .word IfxAsclin2_RXF_P32_6_IN
 894 0060 00000000 	 .word IfxAsclin2_RXG_P02_0_IN
 895 0064 00000000 	 .word IfxAsclin2_RXH_F_P10_3_IN
 896 0068 00000000 	 .word 0
 897 006c 00000000 	 .word IfxAsclin3_RXA_P15_7_IN
 898 0070 00000000 	 .word 0
 899 0074 00000000 	 .word IfxAsclin3_RXC_F_P20_3_IN
 900 0078 00000000 	 .word IfxAsclin3_RXD_P32_2_IN
 901 007c 00000000 	 .word IfxAsclin3_RXE_P00_1_IN
 902 0080 00000000 	 .word IfxAsclin3_RXF_F_P21_6_IN
 903 0084 00000000 	 .word IfxAsclin3_RXG_P21_2_IN
 904 0088 00000000 	 .word IfxAsclin3_RXG_P21_3_IN
 905 008c 00000000 	 .word IfxAsclin3_RXH_P13_12_IN
 906 0090 00000000 	 .word IfxAsclin4_RXA_P00_12_IN
 907 0094 00000000 	 .word IfxAsclin4_RXB_P34_2_IN
 908 0098 00000000 	 .word IfxAsclin4_RXC_F_P22_6_IN
 909 009c 00000000 	 .word IfxAsclin4_RXD_F_P22_9_IN
 910 00a0 00000000 	 .word IfxAsclin4_RXE_P34_3_IN
 911 00a4 00000000 	 .word IfxAsclin4_RXF_P35_1_IN
 912 00a8 00000000 	 .word IfxAsclin4_RXG_P00_9_IN
 913 00ac 00000000 	 .word 0
 914 00b0 00000000 	 .word 0
 915 00b4 00000000 	 .word IfxAsclin5_RXA_P00_6_IN
 916 00b8 00000000 	 .word IfxAsclin5_RXB_F_P33_4_IN
 917 00bc 00000000 	 .word IfxAsclin5_RXC_P22_3_IN
 918 00c0 00000000 	 .word IfxAsclin5_RXD_P14_15_IN
 919 00c4 00000000 	 .word IfxAsclin5_RXE_P16_5_IN
 920 00c8 00000000 	 .word IfxAsclin5_RXF_P10_15_IN
 921 00cc 00000000 	 .word IfxAsclin5_RXG_P03_1_IN
 922 00d0 00000000 	 .word IfxAsclin5_RXH_P35_4_IN
 923 00d4 00000000 	 .word 0
 924 00d8 00000000 	 .word IfxAsclin6_RXA_F_P23_3_IN
 925 00dc 00000000 	 .word IfxAsclin6_RXB_P01_0_IN
 926 00e0 00000000 	 .word IfxAsclin6_RXC_P32_6_IN
 927 00e4 00000000 	 .word IfxAsclin6_RXD_P10_9_IN
 928 00e8 00000000 	 .word IfxAsclin6_RXE_P22_0_IN
 929 00ec 00000000 	 .word IfxAsclin6_RXF_F_P23_1_IN
 930 00f0 00000000 	 .word IfxAsclin6_RXG_P30_3_IN
 931 00f4 00000000 	 .word IfxAsclin6_RXH_P04_3_IN
 932 00f8 00000000 	 .word 0
 933 00fc 00000000 	 .word IfxAsclin7_RXA_F_P14_15_IN
 934 0100 00000000 	 .word IfxAsclin7_RXB_P01_8_IN
 935 0104 00000000 	 .word IfxAsclin7_RXC_P23_2_IN
 936 0108 00000000 	 .word IfxAsclin7_RXD_F_P13_11_IN
 937 010c 00000000 	 .word IfxAsclin7_RXE_P22_1_IN
 938 0110 00000000 	 .word IfxAsclin7_RXF_P22_4_IN
 939 0114 00000000 	 .word IfxAsclin7_RXG_P10_15_IN
 940 0118 00000000 	 .word IfxAsclin7_RXH_P10_6_IN
 941 011c 00000000 	 .word 0
 942 0120 00000000 	 .word IfxAsclin8_RXA_P02_9_IN
 943 0124 00000000 	 .word IfxAsclin8_RXB_F_P02_10_IN
 944 0128 00000000 	 .word IfxAsclin8_RXC_P33_1_IN
 945 012c 00000000 	 .word IfxAsclin8_RXD_P33_6_IN
 946 0130 00000000 	 .word IfxAsclin8_RXE_P34_5_IN
 947 0134 00000000 	 .word IfxAsclin8_RXF_P03_4_IN
 948 0138 00000000 	 .word IfxAsclin8_RXG_P03_10_IN
 949 013c 00000000 	 .word IfxAsclin8_RXH_P30_2_IN
 950 0140 00000000 	 .word 0
 951 0144 00000000 	 .word IfxAsclin9_RXA_F_P01_5_IN
 952 0148 00000000 	 .word IfxAsclin9_RXB_F_P01_7_IN
 953 014c 00000000 	 .word IfxAsclin9_RXC_P14_7_IN
 954 0150 00000000 	 .word IfxAsclin9_RXD_P14_9_IN
 955 0154 00000000 	 .word IfxAsclin9_RXE_P20_6_IN
 956 0158 00000000 	 .word IfxAsclin9_RXF_P20_7_IN
 957 015c 00000000 	 .word IfxAsclin9_RXG_P10_7_IN
 958 0160 00000000 	 .word IfxAsclin9_RXH_P20_13_IN
 959 0164 00000000 	 .word 0
 960 0168 00000000 	 .word IfxAsclin10_RXA_P00_4_IN
 961 016c 00000000 	 .word IfxAsclin10_RXB_P00_8_IN
 962 0170 00000000 	 .word IfxAsclin10_RXC_F_P13_0_IN
 963 0174 00000000 	 .word IfxAsclin10_RXD_F_P13_1_IN
 964 0178 00000000 	 .word IfxAsclin10_RXE_P00_10_IN
 965 017c 00000000 	 .word IfxAsclin10_RXF_P04_6_IN
 966 0180 00000000 	 .word IfxAsclin10_RXG_P13_14_IN
 967 0184 00000000 	 .word IfxAsclin10_RXH_P02_6_IN
 968 0188 00000000 	 .word 0
 969 018c 00000000 	 .word IfxAsclin11_RXA_P10_0_IN
 970 0190 00000000 	 .word IfxAsclin11_RXB_P10_4_IN
 971 0194 00000000 	 .word IfxAsclin11_RXC_F_P21_0_IN
 972 0198 00000000 	 .word IfxAsclin11_RXD_F_P21_1_IN
 973 019c 00000000 	 .word IfxAsclin11_RXE_F_P21_2_IN
 974 01a0 00000000 	 .word IfxAsclin11_RXF_F_P21_5_IN
 975 01a4 00000000 	 .word IfxAsclin11_RXG_P03_15_IN
 976 01a8 00000000 	 .word IfxAsclin11_RXH_P03_0_IN
 977 01ac 00000000 	 .word 0
 978 01b0 00000000 	 .word IfxAsclin12_RXA_F_P00_3_IN
 979 01b4 00000000 	 .word IfxAsclin12_RXB_F_P00_5_IN
 980 01b8 00000000 	 .word IfxAsclin12_RXC_P03_10_IN
 981 01bc 00000000 	 .word IfxAsclin12_RXD_P00_13_IN
 982 01c0 00000000 	 .word IfxAsclin12_RXE_P01_0_IN
 983 01c4 00000000 	 .word 0
 984 01c8 00000000 	 .word 0
 985 01cc 00000000 	 .word 0
 986 01d0 00000000 	 .word 0
 987 01d4 00000000 	 .word IfxAsclin13_RXA_F_P00_9_IN
 988 01d8 00000000 	 .word IfxAsclin13_RXB_F_P00_11_IN
 989 01dc 00000000 	 .word 0
 990 01e0 00000000 	 .word IfxAsclin13_RXD_P01_14_IN
 991 01e4 00000000 	 .word IfxAsclin13_RXE_P01_11_IN
 992 01e8 00000000 	 .word 0
 993 01ec 00000000 	 .word 0
 994 01f0 00000000 	 .word 0
 995 01f4 00000000 	 .word 0
 996 01f8 00000000 	 .word IfxAsclin14_RXA_F_P33_3_IN
 997 01fc 00000000 	 .word IfxAsclin14_RXB_F_P33_4_IN
 998 0200 00000000 	 .word IfxAsclin14_RXC_F_P33_2_IN
 999 0204 00000000 	 .word 0
 1000 0208 00000000 	 .word 0
 1001 020c 00000000 	 .word 0
 1002 0210 00000000 	 .word 0
 1003 0214 00000000 	 .word 0
 1004 0218 00000000 	 .word 0
 1005 021c 00000000 	 .word IfxAsclin15_RXA_F_P32_4_IN
 1006 0220 00000000 	 .word IfxAsclin15_RXB_F_P32_7_IN
 1007 0224 00000000 	 .word IfxAsclin15_RXC_P33_15_IN
 1008 0228 00000000 	 .word 0
 1009 022c 00000000 	 .word 0
 1010 0230 00000000 	 .word 0
 1011 0234 00000000 	 .word 0
 1012 0238 00000000 	 .word 0
 1013 023c 00000000 	 .word 0
 1014 0240 00000000 	 .word IfxAsclin16_RXA_F_P23_5_IN
 1015 0244 00000000 	 .word IfxAsclin16_RXB_F_P23_7_IN
 1016 0248 00000000 	 .word IfxAsclin16_RXC_P30_5_IN
 1017 024c 00000000 	 .word IfxAsclin16_RXD_P30_7_IN
 1018 0250 00000000 	 .word IfxAsclin16_RXE_P34_4_IN
 1019 0254 00000000 	 .word IfxAsclin16_RXF_P33_13_IN
 1020 0258 00000000 	 .word 0
 1021 025c 00000000 	 .word 0
 1022 0260 00000000 	 .word 0
 1023 0264 00000000 	 .word IfxAsclin17_RXA_F_P22_11_IN
 1024 0268 00000000 	 .word IfxAsclin17_RXB_P21_0_IN
 1025 026c 00000000 	 .word IfxAsclin17_RXC_P23_0_IN
 1026 0270 00000000 	 .word IfxAsclin17_RXD_P31_7_IN
 1027 0274 00000000 	 .word IfxAsclin17_RXE_P30_0_IN
 1028 0278 00000000 	 .word IfxAsclin17_RXF_P32_5_IN
 1029 027c 00000000 	 .word 0
 1030 0280 00000000 	 .word 0
 1031 0284 00000000 	 .word 0
 1032 0288 00000000 	 .word IfxAsclin18_RXA_F_P21_1_IN
 1033 028c 00000000 	 .word IfxAsclin18_RXB_F_P21_4_IN
 1034 0290 00000000 	 .word IfxAsclin18_RXC_F_P21_5_IN
 1035 0294 00000000 	 .word IfxAsclin18_RXD_P20_11_IN
 1036 0298 00000000 	 .word IfxAsclin18_RXE_P20_13_IN
 1037 029c 00000000 	 .word IfxAsclin18_RXF_P21_0_IN
 1038 02a0 00000000 	 .word IfxAsclin18_RXG_P21_2_IN
 1039 02a4 00000000 	 .word 0
 1040 02a8 00000000 	 .word 0
 1041 02ac 00000000 	 .word IfxAsclin19_RXA_F_P15_6_IN
 1042 02b0 00000000 	 .word IfxAsclin19_RXB_F_P15_7_IN
 1043 02b4 00000000 	 .word IfxAsclin19_RXC_P03_3_IN
 1044 02b8 00000000 	 .word IfxAsclin19_RXD_F_P15_10_IN
 1045 02bc 00000000 	 .word IfxAsclin19_RXE_P13_7_IN
 1046 02c0 00000000 	 .word IfxAsclin19_RXF_P13_4_IN
 1047 02c4 00000000 	 .word 0
 1048 02c8 00000000 	 .word 0
 1049 02cc 00000000 	 .word 0
 1050 02d0 00000000 	 .word IfxAsclin20_RXA_P14_7_IN
 1051 02d4 00000000 	 .word IfxAsclin20_RXB_P14_9_IN
 1052 02d8 00000000 	 .word IfxAsclin20_RXC_F_P10_7_IN
 1053 02dc 00000000 	 .word IfxAsclin20_RXD_P04_1_IN
 1054 02e0 00000000 	 .word IfxAsclin20_RXE_P14_13_IN
 1055 02e4 00000000 	 .word 0
 1056 02e8 00000000 	 .word 0
 1057 02ec 00000000 	 .word 0
 1058 02f0 00000000 	 .word 0
 1059 02f4 00000000 	 .word IfxAsclin21_RXA_F_P13_0_IN
 1060 02f8 00000000 	 .word IfxAsclin21_RXB_P13_3_IN
 1061 02fc 00000000 	 .word 0
 1062 0300 00000000 	 .word 0
 1063 0304 00000000 	 .word 0
 1064 0308 00000000 	 .word IfxAsclin21_RXF_F_P13_15_IN
 1065 030c 00000000 	 .word 0
 1066 0310 00000000 	 .word 0
 1067 0314 00000000 	 .word 0
 1068 0318 00000000 	 .word IfxAsclin22_RXA_F_P10_4_IN
 1069 031c 00000000 	 .word IfxAsclin22_RXB_F_P10_5_IN
 1070 0320 00000000 	 .word IfxAsclin22_RXC_F_P10_2_IN
 1071 0324 00000000 	 .word 0
 1072 0328 00000000 	 .word 0
 1073 032c 00000000 	 .word 0
 1074 0330 00000000 	 .word 0
 1075 0334 00000000 	 .word 0
 1076 0338 00000000 	 .word 0
 1077 033c 00000000 	 .word IfxAsclin23_RXA_F_P10_6_IN
 1078 0340 00000000 	 .word IfxAsclin23_RXB_P10_7_IN
 1079 0344 00000000 	 .word IfxAsclin23_RXC_P03_6_IN
 1080 0348 00000000 	 .word IfxAsclin23_RXD_P03_11_IN
 1081 034c 00000000 	 .word 0
 1082 0350 00000000 	 .word 0
 1083 0354 00000000 	 .word 0
 1084 0358 00000000 	 .word 0
 1085 035c 00000000 	 .word 0
 1086 0360 00000000 	 .word IfxAsclin24_RXA_F_P00_12_IN
 1087 0364 00000000 	 .word IfxAsclin24_RXB_F_P00_2_IN
 1088 0368 00000000 	 .word 0
 1089 036c 00000000 	 .word 0
 1090 0370 00000000 	 .word 0
 1091 0374 00000000 	 .word 0
 1092 0378 00000000 	 .word 0
 1093 037c 00000000 	 .word 0
 1094 0380 00000000 	 .word 0
 1095 0384 00000000 	 .word IfxAsclin25_RXA_F_P33_4_IN
 1096 0388 00000000 	 .word IfxAsclin25_RXB_F_P34_1_IN
 1097 038c 00000000 	 .word 0
 1098 0390 00000000 	 .word 0
 1099 0394 00000000 	 .word 0
 1100 0398 00000000 	 .word 0
 1101 039c 00000000 	 .word 0
 1102 03a0 00000000 	 .word 0
 1103 03a4 00000000 	 .word 0
 1104 03a8 00000000 	 .word IfxAsclin26_RXA_F_P02_11_IN
 1105 03ac 00000000 	 .word IfxAsclin26_RXB_F_P02_13_IN
 1106 03b0 00000000 	 .word 0
 1107 03b4 00000000 	 .word IfxAsclin26_RXD_P03_13_IN
 1108 03b8 00000000 	 .word 0
 1109 03bc 00000000 	 .word 0
 1110 03c0 00000000 	 .word 0
 1111 03c4 00000000 	 .word 0
 1112 03c8 00000000 	 .word 0
 1113 03cc 00000000 	 .word IfxAsclin27_RXA_F_P23_4_IN
 1114 03d0 00000000 	 .word IfxAsclin27_RXB_F_P20_14_IN
 1115 03d4 00000000 	 .word IfxAsclin27_RXC_P30_4_IN
 1116 03d8 00000000 	 .word 0
 1117 03dc 00000000 	 .word 0
 1118 03e0 00000000 	 .word 0
 1119 03e4 00000000 	 .word 0
 1120 03e8 00000000 	 .word 0
 1121 03ec 00000000 	 .word 0
 1122              	 .global IfxAsclin_Rts_Out_pinTable
 1123              	 .section .data.IfxAsclin_Rts_Out_pinTable,"aw"
 1124              	 .align 2
 1127              	IfxAsclin_Rts_Out_pinTable:
 1128 0000 00000000 	 .word IfxAsclin0_RTS_P10_7_OUT
 1129 0004 00000000 	 .word IfxAsclin0_RTS_F_P14_4_OUT
 1130 0008 00000000 	 .word IfxAsclin0_RTS_F_P14_7_OUT
 1131 000c 00000000 	 .word IfxAsclin1_RTS_P20_6_OUT
 1132 0010 00000000 	 .word IfxAsclin1_RTS_P23_1_OUT
 1133 0014 00000000 	 .word 0
 1134 0018 00000000 	 .word IfxAsclin2_RTS_F_P10_8_OUT
 1135 001c 00000000 	 .word IfxAsclin2_RTS_P33_4_OUT
 1136 0020 00000000 	 .word 0
 1137 0024 00000000 	 .word IfxAsclin3_RTS_P00_9_OUT
 1138 0028 00000000 	 .word 0
 1139 002c 00000000 	 .word 0
 1140 0030 00000000 	 .word 0
 1141 0034 00000000 	 .word 0
 1142 0038 00000000 	 .word 0
 1143 003c 00000000 	 .word 0
 1144 0040 00000000 	 .word 0
 1145 0044 00000000 	 .word 0
 1146 0048 00000000 	 .word 0
 1147 004c 00000000 	 .word 0
 1148 0050 00000000 	 .word 0
 1149 0054 00000000 	 .word 0
 1150 0058 00000000 	 .word 0
 1151 005c 00000000 	 .word 0
 1152 0060 00000000 	 .word 0
 1153 0064 00000000 	 .word 0
 1154 0068 00000000 	 .word 0
 1155 006c 00000000 	 .word 0
 1156 0070 00000000 	 .word 0
 1157 0074 00000000 	 .word 0
 1158 0078 00000000 	 .word 0
 1159 007c 00000000 	 .word 0
 1160 0080 00000000 	 .word 0
 1161 0084 00000000 	 .word 0
 1162 0088 00000000 	 .word 0
 1163 008c 00000000 	 .word 0
 1164 0090 00000000 	 .word 0
 1165 0094 00000000 	 .word 0
 1166 0098 00000000 	 .word 0
 1167 009c 00000000 	 .word 0
 1168 00a0 00000000 	 .word 0
 1169 00a4 00000000 	 .word 0
 1170 00a8 00000000 	 .word 0
 1171 00ac 00000000 	 .word 0
 1172 00b0 00000000 	 .word 0
 1173 00b4 00000000 	 .word 0
 1174 00b8 00000000 	 .word 0
 1175 00bc 00000000 	 .word 0
 1176 00c0 00000000 	 .word 0
 1177 00c4 00000000 	 .word 0
 1178 00c8 00000000 	 .word 0
 1179 00cc 00000000 	 .word 0
 1180 00d0 00000000 	 .word 0
 1181 00d4 00000000 	 .word 0
 1182 00d8 00000000 	 .word 0
 1183 00dc 00000000 	 .word 0
 1184 00e0 00000000 	 .word 0
 1185 00e4 00000000 	 .word 0
 1186 00e8 00000000 	 .word 0
 1187 00ec 00000000 	 .word 0
 1188 00f0 00000000 	 .word 0
 1189 00f4 00000000 	 .word 0
 1190 00f8 00000000 	 .word 0
 1191 00fc 00000000 	 .word 0
 1192 0100 00000000 	 .word 0
 1193 0104 00000000 	 .word 0
 1194 0108 00000000 	 .word 0
 1195 010c 00000000 	 .word 0
 1196 0110 00000000 	 .word 0
 1197 0114 00000000 	 .word 0
 1198 0118 00000000 	 .word 0
 1199 011c 00000000 	 .word 0
 1200 0120 00000000 	 .word 0
 1201 0124 00000000 	 .word 0
 1202 0128 00000000 	 .word 0
 1203 012c 00000000 	 .word 0
 1204 0130 00000000 	 .word 0
 1205 0134 00000000 	 .word 0
 1206 0138 00000000 	 .word 0
 1207 013c 00000000 	 .word 0
 1208 0140 00000000 	 .word 0
 1209 0144 00000000 	 .word 0
 1210 0148 00000000 	 .word 0
 1211 014c 00000000 	 .word 0
 1212              	 .global IfxAsclin_Cts_In_pinTable
 1213              	 .section .data.IfxAsclin_Cts_In_pinTable,"aw"
 1214              	 .align 2
 1217              	IfxAsclin_Cts_In_pinTable:
 1218 0000 00000000 	 .word IfxAsclin0_CTSA_P14_9_IN
 1219 0004 00000000 	 .word 0
 1220 0008 00000000 	 .word IfxAsclin1_CTSA_P20_7_IN
 1221 000c 00000000 	 .word IfxAsclin1_CTSB_P32_4_IN
 1222 0010 00000000 	 .word IfxAsclin2_CTSA_P10_7_IN
 1223 0014 00000000 	 .word IfxAsclin2_CTSB_P33_5_IN
 1224 0018 00000000 	 .word IfxAsclin3_CTSA_P00_12_IN
 1225 001c 00000000 	 .word 0
 1226 0020 00000000 	 .word 0
 1227 0024 00000000 	 .word 0
 1228 0028 00000000 	 .word 0
 1229 002c 00000000 	 .word 0
 1230 0030 00000000 	 .word 0
 1231 0034 00000000 	 .word 0
 1232 0038 00000000 	 .word 0
 1233 003c 00000000 	 .word 0
 1234 0040 00000000 	 .word 0
 1235 0044 00000000 	 .word 0
 1236 0048 00000000 	 .word 0
 1237 004c 00000000 	 .word 0
 1238 0050 00000000 	 .word 0
 1239 0054 00000000 	 .word 0
 1240 0058 00000000 	 .word 0
 1241 005c 00000000 	 .word 0
 1242 0060 00000000 	 .word 0
 1243 0064 00000000 	 .word 0
 1244 0068 00000000 	 .word 0
 1245 006c 00000000 	 .word 0
 1246 0070 00000000 	 .word 0
 1247 0074 00000000 	 .word 0
 1248 0078 00000000 	 .word 0
 1249 007c 00000000 	 .word 0
 1250 0080 00000000 	 .word 0
 1251 0084 00000000 	 .word 0
 1252 0088 00000000 	 .word 0
 1253 008c 00000000 	 .word 0
 1254 0090 00000000 	 .word 0
 1255 0094 00000000 	 .word 0
 1256 0098 00000000 	 .word 0
 1257 009c 00000000 	 .word 0
 1258 00a0 00000000 	 .word 0
 1259 00a4 00000000 	 .word 0
 1260 00a8 00000000 	 .word 0
 1261 00ac 00000000 	 .word 0
 1262 00b0 00000000 	 .word 0
 1263 00b4 00000000 	 .word 0
 1264 00b8 00000000 	 .word 0
 1265 00bc 00000000 	 .word 0
 1266 00c0 00000000 	 .word 0
 1267 00c4 00000000 	 .word 0
 1268 00c8 00000000 	 .word 0
 1269 00cc 00000000 	 .word 0
 1270 00d0 00000000 	 .word 0
 1271 00d4 00000000 	 .word 0
 1272 00d8 00000000 	 .word 0
 1273 00dc 00000000 	 .word 0
 1274              	 .global IfxAsclin9_TX_P20_7_OUT
 1275              	 .section .rodata.IfxAsclin9_TX_P20_7_OUT,"a"
 1276              	 .align 2
 1279              	IfxAsclin9_TX_P20_7_OUT:
 1280 0000 00126CF4 	 .word -194244096
 1281 0004 00F003F0 	 .word -268177408
 1282 0008 07       	 .byte 7
 1283 0009 000000   	 .zero 3
 1284 000c 21000000 	 .word 33
 1285              	 .global IfxAsclin9_TX_P14_7_OUT
 1286              	 .section .rodata.IfxAsclin9_TX_P14_7_OUT,"a"
 1287              	 .align 2
 1290              	IfxAsclin9_TX_P14_7_OUT:
 1291 0000 00126CF4 	 .word -194244096
 1292 0004 00D803F0 	 .word -268183552
 1293 0008 07       	 .byte 7
 1294 0009 000000   	 .zero 3
 1295 000c 41000000 	 .word 65
 1296              	 .global IfxAsclin9_TX_P10_7_OUT
 1297              	 .section .rodata.IfxAsclin9_TX_P10_7_OUT,"a"
 1298              	 .align 2
 1301              	IfxAsclin9_TX_P10_7_OUT:
 1302 0000 00126CF4 	 .word -194244096
 1303 0004 00C803F0 	 .word -268187648
 1304 0008 07       	 .byte 7
 1305 0009 000000   	 .zero 3
 1306 000c 41000000 	 .word 65
 1307              	 .global IfxAsclin9_TX_F_P01_7_OUT
 1308              	 .section .rodata.IfxAsclin9_TX_F_P01_7_OUT,"a"
 1309              	 .align 2
 1312              	IfxAsclin9_TX_F_P01_7_OUT:
 1313 0000 00126CF4 	 .word -194244096
 1314 0004 00A403F0 	 .word -268196864
 1315 0008 07       	 .byte 7
 1316 0009 000000   	 .zero 3
 1317 000c 31000000 	 .word 49
 1318              	 .global IfxAsclin9_TX_F_P01_6_OUT
 1319              	 .section .rodata.IfxAsclin9_TX_F_P01_6_OUT,"a"
 1320              	 .align 2
 1323              	IfxAsclin9_TX_F_P01_6_OUT:
 1324 0000 00126CF4 	 .word -194244096
 1325 0004 00A403F0 	 .word -268196864
 1326 0008 06       	 .byte 6
 1327 0009 000000   	 .zero 3
 1328 000c 51000000 	 .word 81
 1329              	 .global IfxAsclin9_SLSO_F_P01_4_OUT
 1330              	 .section .rodata.IfxAsclin9_SLSO_F_P01_4_OUT,"a"
 1331              	 .align 2
 1334              	IfxAsclin9_SLSO_F_P01_4_OUT:
 1335 0000 00126CF4 	 .word -194244096
 1336 0004 00A403F0 	 .word -268196864
 1337 0008 04       	 .byte 4
 1338 0009 000000   	 .zero 3
 1339 000c 31000000 	 .word 49
 1340              	 .global IfxAsclin9_SCLK_P03_14_OUT
 1341              	 .section .rodata.IfxAsclin9_SCLK_P03_14_OUT,"a"
 1342              	 .align 2
 1345              	IfxAsclin9_SCLK_P03_14_OUT:
 1346 0000 00126CF4 	 .word -194244096
 1347 0004 00AC03F0 	 .word -268194816
 1348 0008 0E       	 .byte 14
 1349 0009 000000   	 .zero 3
 1350 000c 41000000 	 .word 65
 1351              	 .global IfxAsclin9_SCLK_F_P01_6_OUT
 1352              	 .section .rodata.IfxAsclin9_SCLK_F_P01_6_OUT,"a"
 1353              	 .align 2
 1356              	IfxAsclin9_SCLK_F_P01_6_OUT:
 1357 0000 00126CF4 	 .word -194244096
 1358 0004 00A403F0 	 .word -268196864
 1359 0008 06       	 .byte 6
 1360 0009 000000   	 .zero 3
 1361 000c 31000000 	 .word 49
 1362              	 .global IfxAsclin9_RXH_P20_13_IN
 1363              	 .section .rodata.IfxAsclin9_RXH_P20_13_IN,"a"
 1364              	 .align 2
 1367              	IfxAsclin9_RXH_P20_13_IN:
 1368 0000 00126CF4 	 .word -194244096
 1369 0004 00F003F0 	 .word -268177408
 1370 0008 0D       	 .byte 13
 1371 0009 000000   	 .zero 3
 1372 000c 07000000 	 .word 7
 1373              	 .global IfxAsclin9_RXG_P10_7_IN
 1374              	 .section .rodata.IfxAsclin9_RXG_P10_7_IN,"a"
 1375              	 .align 2
 1378              	IfxAsclin9_RXG_P10_7_IN:
 1379 0000 00126CF4 	 .word -194244096
 1380 0004 00C803F0 	 .word -268187648
 1381 0008 07       	 .byte 7
 1382 0009 000000   	 .zero 3
 1383 000c 06000000 	 .word 6
 1384              	 .global IfxAsclin9_RXF_P20_7_IN
 1385              	 .section .rodata.IfxAsclin9_RXF_P20_7_IN,"a"
 1386              	 .align 2
 1389              	IfxAsclin9_RXF_P20_7_IN:
 1390 0000 00126CF4 	 .word -194244096
 1391 0004 00F003F0 	 .word -268177408
 1392 0008 07       	 .byte 7
 1393 0009 000000   	 .zero 3
 1394 000c 05000000 	 .word 5
 1395              	 .global IfxAsclin9_RXE_P20_6_IN
 1396              	 .section .rodata.IfxAsclin9_RXE_P20_6_IN,"a"
 1397              	 .align 2
 1400              	IfxAsclin9_RXE_P20_6_IN:
 1401 0000 00126CF4 	 .word -194244096
 1402 0004 00F003F0 	 .word -268177408
 1403 0008 06       	 .byte 6
 1404 0009 000000   	 .zero 3
 1405 000c 04000000 	 .word 4
 1406              	 .global IfxAsclin9_RXD_P14_9_IN
 1407              	 .section .rodata.IfxAsclin9_RXD_P14_9_IN,"a"
 1408              	 .align 2
 1411              	IfxAsclin9_RXD_P14_9_IN:
 1412 0000 00126CF4 	 .word -194244096
 1413 0004 00D803F0 	 .word -268183552
 1414 0008 09       	 .byte 9
 1415 0009 000000   	 .zero 3
 1416 000c 03000000 	 .word 3
 1417              	 .global IfxAsclin9_RXC_P14_7_IN
 1418              	 .section .rodata.IfxAsclin9_RXC_P14_7_IN,"a"
 1419              	 .align 2
 1422              	IfxAsclin9_RXC_P14_7_IN:
 1423 0000 00126CF4 	 .word -194244096
 1424 0004 00D803F0 	 .word -268183552
 1425 0008 07       	 .byte 7
 1426 0009 000000   	 .zero 3
 1427 000c 02000000 	 .word 2
 1428              	 .global IfxAsclin9_RXB_F_P01_7_IN
 1429              	 .section .rodata.IfxAsclin9_RXB_F_P01_7_IN,"a"
 1430              	 .align 2
 1433              	IfxAsclin9_RXB_F_P01_7_IN:
 1434 0000 00126CF4 	 .word -194244096
 1435 0004 00A403F0 	 .word -268196864
 1436 0008 07       	 .byte 7
 1437 0009 000000   	 .zero 3
 1438 000c 01000000 	 .word 1
 1439              	 .global IfxAsclin9_RXA_F_P01_5_IN
 1440              	 .section .rodata.IfxAsclin9_RXA_F_P01_5_IN,"a"
 1441              	 .align 2
 1444              	IfxAsclin9_RXA_F_P01_5_IN:
 1445 0000 00126CF4 	 .word -194244096
 1446 0004 00A403F0 	 .word -268196864
 1447 0008 05       	 .byte 5
 1448 0009 000000   	 .zero 3
 1449 000c 00000000 	 .word 0
 1450              	 .global IfxAsclin8_TX_P34_5_OUT
 1451              	 .section .rodata.IfxAsclin8_TX_P34_5_OUT,"a"
 1452              	 .align 2
 1455              	IfxAsclin8_TX_P34_5_OUT:
 1456 0000 00106CF4 	 .word -194244608
 1457 0004 002804F0 	 .word -268163072
 1458 0008 05       	 .byte 5
 1459 0009 000000   	 .zero 3
 1460 000c 21000000 	 .word 33
 1461              	 .global IfxAsclin8_TX_P33_7_OUT
 1462              	 .section .rodata.IfxAsclin8_TX_P33_7_OUT,"a"
 1463              	 .align 2
 1466              	IfxAsclin8_TX_P33_7_OUT:
 1467 0000 00106CF4 	 .word -194244608
 1468 0004 002404F0 	 .word -268164096
 1469 0008 07       	 .byte 7
 1470 0009 000000   	 .zero 3
 1471 000c 41000000 	 .word 65
 1472              	 .global IfxAsclin8_TX_P33_3_OUT
 1473              	 .section .rodata.IfxAsclin8_TX_P33_3_OUT,"a"
 1474              	 .align 2
 1477              	IfxAsclin8_TX_P33_3_OUT:
 1478 0000 00106CF4 	 .word -194244608
 1479 0004 002404F0 	 .word -268164096
 1480 0008 03       	 .byte 3
 1481 0009 000000   	 .zero 3
 1482 000c A1000000 	 .word 161
 1483              	 .global IfxAsclin8_TX_P30_3_OUT
 1484              	 .section .rodata.IfxAsclin8_TX_P30_3_OUT,"a"
 1485              	 .align 2
 1488              	IfxAsclin8_TX_P30_3_OUT:
 1489 0000 00106CF4 	 .word -194244608
 1490 0004 001804F0 	 .word -268167168
 1491 0008 03       	 .byte 3
 1492 0009 000000   	 .zero 3
 1493 000c 21000000 	 .word 33
 1494              	 .global IfxAsclin8_TX_P03_8_OUT
 1495              	 .section .rodata.IfxAsclin8_TX_P03_8_OUT,"a"
 1496              	 .align 2
 1499              	IfxAsclin8_TX_P03_8_OUT:
 1500 0000 00106CF4 	 .word -194244608
 1501 0004 00AC03F0 	 .word -268194816
 1502 0008 08       	 .byte 8
 1503 0009 000000   	 .zero 3
 1504 000c 41000000 	 .word 65
 1505              	 .global IfxAsclin8_TX_P03_4_OUT
 1506              	 .section .rodata.IfxAsclin8_TX_P03_4_OUT,"a"
 1507              	 .align 2
 1510              	IfxAsclin8_TX_P03_4_OUT:
 1511 0000 00106CF4 	 .word -194244608
 1512 0004 00AC03F0 	 .word -268194816
 1513 0008 04       	 .byte 4
 1514 0009 000000   	 .zero 3
 1515 000c 41000000 	 .word 65
 1516              	 .global IfxAsclin8_TX_F_P02_9_OUT
 1517              	 .section .rodata.IfxAsclin8_TX_F_P02_9_OUT,"a"
 1518              	 .align 2
 1521              	IfxAsclin8_TX_F_P02_9_OUT:
 1522 0000 00106CF4 	 .word -194244608
 1523 0004 00A803F0 	 .word -268195840
 1524 0008 09       	 .byte 9
 1525 0009 000000   	 .zero 3
 1526 000c 31000000 	 .word 49
 1527              	 .global IfxAsclin8_SLSO_P03_11_OUT
 1528              	 .section .rodata.IfxAsclin8_SLSO_P03_11_OUT,"a"
 1529              	 .align 2
 1532              	IfxAsclin8_SLSO_P03_11_OUT:
 1533 0000 00106CF4 	 .word -194244608
 1534 0004 00AC03F0 	 .word -268194816
 1535 0008 0B       	 .byte 11
 1536 0009 000000   	 .zero 3
 1537 000c 31000000 	 .word 49
 1538              	 .global IfxAsclin8_SLSO_F_P02_11_OUT
 1539              	 .section .rodata.IfxAsclin8_SLSO_F_P02_11_OUT,"a"
 1540              	 .align 2
 1543              	IfxAsclin8_SLSO_F_P02_11_OUT:
 1544 0000 00106CF4 	 .word -194244608
 1545 0004 00A803F0 	 .word -268195840
 1546 0008 0B       	 .byte 11
 1547 0009 000000   	 .zero 3
 1548 000c 31000000 	 .word 49
 1549              	 .global IfxAsclin8_SCLK_P03_9_OUT
 1550              	 .section .rodata.IfxAsclin8_SCLK_P03_9_OUT,"a"
 1551              	 .align 2
 1554              	IfxAsclin8_SCLK_P03_9_OUT:
 1555 0000 00106CF4 	 .word -194244608
 1556 0004 00AC03F0 	 .word -268194816
 1557 0008 09       	 .byte 9
 1558 0009 000000   	 .zero 3
 1559 000c 31000000 	 .word 49
 1560              	 .global IfxAsclin8_SCLK_F_P02_8_OUT
 1561              	 .section .rodata.IfxAsclin8_SCLK_F_P02_8_OUT,"a"
 1562              	 .align 2
 1565              	IfxAsclin8_SCLK_F_P02_8_OUT:
 1566 0000 00106CF4 	 .word -194244608
 1567 0004 00A803F0 	 .word -268195840
 1568 0008 08       	 .byte 8
 1569 0009 000000   	 .zero 3
 1570 000c 31000000 	 .word 49
 1571              	 .global IfxAsclin8_SCLK_F_P02_0_OUT
 1572              	 .section .rodata.IfxAsclin8_SCLK_F_P02_0_OUT,"a"
 1573              	 .align 2
 1576              	IfxAsclin8_SCLK_F_P02_0_OUT:
 1577 0000 00106CF4 	 .word -194244608
 1578 0004 00A803F0 	 .word -268195840
 1579 0008 00       	 .byte 0
 1580 0009 000000   	 .zero 3
 1581 000c C1000000 	 .word 193
 1582              	 .global IfxAsclin8_RXH_P30_2_IN
 1583              	 .section .rodata.IfxAsclin8_RXH_P30_2_IN,"a"
 1584              	 .align 2
 1587              	IfxAsclin8_RXH_P30_2_IN:
 1588 0000 00106CF4 	 .word -194244608
 1589 0004 001804F0 	 .word -268167168
 1590 0008 02       	 .byte 2
 1591 0009 000000   	 .zero 3
 1592 000c 07000000 	 .word 7
 1593              	 .global IfxAsclin8_RXG_P03_10_IN
 1594              	 .section .rodata.IfxAsclin8_RXG_P03_10_IN,"a"
 1595              	 .align 2
 1598              	IfxAsclin8_RXG_P03_10_IN:
 1599 0000 00106CF4 	 .word -194244608
 1600 0004 00AC03F0 	 .word -268194816
 1601 0008 0A       	 .byte 10
 1602 0009 000000   	 .zero 3
 1603 000c 06000000 	 .word 6
 1604              	 .global IfxAsclin8_RXF_P03_4_IN
 1605              	 .section .rodata.IfxAsclin8_RXF_P03_4_IN,"a"
 1606              	 .align 2
 1609              	IfxAsclin8_RXF_P03_4_IN:
 1610 0000 00106CF4 	 .word -194244608
 1611 0004 00AC03F0 	 .word -268194816
 1612 0008 04       	 .byte 4
 1613 0009 000000   	 .zero 3
 1614 000c 05000000 	 .word 5
 1615              	 .global IfxAsclin8_RXE_P34_5_IN
 1616              	 .section .rodata.IfxAsclin8_RXE_P34_5_IN,"a"
 1617              	 .align 2
 1620              	IfxAsclin8_RXE_P34_5_IN:
 1621 0000 00106CF4 	 .word -194244608
 1622 0004 002804F0 	 .word -268163072
 1623 0008 05       	 .byte 5
 1624 0009 000000   	 .zero 3
 1625 000c 04000000 	 .word 4
 1626              	 .global IfxAsclin8_RXD_P33_6_IN
 1627              	 .section .rodata.IfxAsclin8_RXD_P33_6_IN,"a"
 1628              	 .align 2
 1631              	IfxAsclin8_RXD_P33_6_IN:
 1632 0000 00106CF4 	 .word -194244608
 1633 0004 002404F0 	 .word -268164096
 1634 0008 06       	 .byte 6
 1635 0009 000000   	 .zero 3
 1636 000c 03000000 	 .word 3
 1637              	 .global IfxAsclin8_RXC_P33_1_IN
 1638              	 .section .rodata.IfxAsclin8_RXC_P33_1_IN,"a"
 1639              	 .align 2
 1642              	IfxAsclin8_RXC_P33_1_IN:
 1643 0000 00106CF4 	 .word -194244608
 1644 0004 002404F0 	 .word -268164096
 1645 0008 01       	 .byte 1
 1646 0009 000000   	 .zero 3
 1647 000c 02000000 	 .word 2
 1648              	 .global IfxAsclin8_RXB_F_P02_10_IN
 1649              	 .section .rodata.IfxAsclin8_RXB_F_P02_10_IN,"a"
 1650              	 .align 2
 1653              	IfxAsclin8_RXB_F_P02_10_IN:
 1654 0000 00106CF4 	 .word -194244608
 1655 0004 00A803F0 	 .word -268195840
 1656 0008 0A       	 .byte 10
 1657 0009 000000   	 .zero 3
 1658 000c 01000000 	 .word 1
 1659              	 .global IfxAsclin8_RXA_P02_9_IN
 1660              	 .section .rodata.IfxAsclin8_RXA_P02_9_IN,"a"
 1661              	 .align 2
 1664              	IfxAsclin8_RXA_P02_9_IN:
 1665 0000 00106CF4 	 .word -194244608
 1666 0004 00A803F0 	 .word -268195840
 1667 0008 09       	 .byte 9
 1668 0009 000000   	 .zero 3
 1669 000c 00000000 	 .word 0
 1670              	 .global IfxAsclin7_TX_P23_3_OUT
 1671              	 .section .rodata.IfxAsclin7_TX_P23_3_OUT,"a"
 1672              	 .align 2
 1675              	IfxAsclin7_TX_P23_3_OUT:
 1676 0000 000E6CF4 	 .word -194245120
 1677 0004 00FC03F0 	 .word -268174336
 1678 0008 03       	 .byte 3
 1679 0009 000000   	 .zero 3
 1680 000c 21000000 	 .word 33
 1681              	 .global IfxAsclin7_TX_P22_3_OUT
 1682              	 .section .rodata.IfxAsclin7_TX_P22_3_OUT,"a"
 1683              	 .align 2
 1686              	IfxAsclin7_TX_P22_3_OUT:
 1687 0000 000E6CF4 	 .word -194245120
 1688 0004 00F803F0 	 .word -268175360
 1689 0008 03       	 .byte 3
 1690 0009 000000   	 .zero 3
 1691 000c 71000000 	 .word 113
 1692              	 .global IfxAsclin7_TX_P22_1_OUT
 1693              	 .section .rodata.IfxAsclin7_TX_P22_1_OUT,"a"
 1694              	 .align 2
 1697              	IfxAsclin7_TX_P22_1_OUT:
 1698 0000 000E6CF4 	 .word -194245120
 1699 0004 00F803F0 	 .word -268175360
 1700 0008 01       	 .byte 1
 1701 0009 000000   	 .zero 3
 1702 000c 71000000 	 .word 113
 1703              	 .global IfxAsclin7_TX_P10_14_OUT
 1704              	 .section .rodata.IfxAsclin7_TX_P10_14_OUT,"a"
 1705              	 .align 2
 1708              	IfxAsclin7_TX_P10_14_OUT:
 1709 0000 000E6CF4 	 .word -194245120
 1710 0004 00C803F0 	 .word -268187648
 1711 0008 0E       	 .byte 14
 1712 0009 000000   	 .zero 3
 1713 000c 31000000 	 .word 49
 1714              	 .global IfxAsclin7_TX_P03_15_OUT
 1715              	 .section .rodata.IfxAsclin7_TX_P03_15_OUT,"a"
 1716              	 .align 2
 1719              	IfxAsclin7_TX_P03_15_OUT:
 1720 0000 000E6CF4 	 .word -194245120
 1721 0004 00AC03F0 	 .word -268194816
 1722 0008 0F       	 .byte 15
 1723 0009 000000   	 .zero 3
 1724 000c 21000000 	 .word 33
 1725              	 .global IfxAsclin7_TX_P02_14_OUT
 1726              	 .section .rodata.IfxAsclin7_TX_P02_14_OUT,"a"
 1727              	 .align 2
 1730              	IfxAsclin7_TX_P02_14_OUT:
 1731 0000 000E6CF4 	 .word -194245120
 1732 0004 00A803F0 	 .word -268195840
 1733 0008 0E       	 .byte 14
 1734 0009 000000   	 .zero 3
 1735 000c 31000000 	 .word 49
 1736              	 .global IfxAsclin7_TX_P01_9_OUT
 1737              	 .section .rodata.IfxAsclin7_TX_P01_9_OUT,"a"
 1738              	 .align 2
 1741              	IfxAsclin7_TX_P01_9_OUT:
 1742 0000 000E6CF4 	 .word -194245120
 1743 0004 00A403F0 	 .word -268196864
 1744 0008 09       	 .byte 9
 1745 0009 000000   	 .zero 3
 1746 000c 21000000 	 .word 33
 1747              	 .global IfxAsclin7_TX_P01_12_OUT
 1748              	 .section .rodata.IfxAsclin7_TX_P01_12_OUT,"a"
 1749              	 .align 2
 1752              	IfxAsclin7_TX_P01_12_OUT:
 1753 0000 000E6CF4 	 .word -194245120
 1754 0004 00A403F0 	 .word -268196864
 1755 0008 0C       	 .byte 12
 1756 0009 000000   	 .zero 3
 1757 000c 21000000 	 .word 33
 1758              	 .global IfxAsclin7_TX_F_P14_14_OUT
 1759              	 .section .rodata.IfxAsclin7_TX_F_P14_14_OUT,"a"
 1760              	 .align 2
 1763              	IfxAsclin7_TX_F_P14_14_OUT:
 1764 0000 000E6CF4 	 .word -194245120
 1765 0004 00D803F0 	 .word -268183552
 1766 0008 0E       	 .byte 14
 1767 0009 000000   	 .zero 3
 1768 000c 31000000 	 .word 49
 1769              	 .global IfxAsclin7_TX_F_P13_12_OUT
 1770              	 .section .rodata.IfxAsclin7_TX_F_P13_12_OUT,"a"
 1771              	 .align 2
 1774              	IfxAsclin7_TX_F_P13_12_OUT:
 1775 0000 000E6CF4 	 .word -194245120
 1776 0004 00D403F0 	 .word -268184576
 1777 0008 0C       	 .byte 12
 1778 0009 000000   	 .zero 3
 1779 000c 21000000 	 .word 33
 1780              	 .global IfxAsclin7_SLSO_P10_8_OUT
 1781              	 .section .rodata.IfxAsclin7_SLSO_P10_8_OUT,"a"
 1782              	 .align 2
 1785              	IfxAsclin7_SLSO_P10_8_OUT:
 1786 0000 000E6CF4 	 .word -194245120
 1787 0004 00C803F0 	 .word -268187648
 1788 0008 08       	 .byte 8
 1789 0009 000000   	 .zero 3
 1790 000c 61000000 	 .word 97
 1791              	 .global IfxAsclin7_SLSO_P01_11_OUT
 1792              	 .section .rodata.IfxAsclin7_SLSO_P01_11_OUT,"a"
 1793              	 .align 2
 1796              	IfxAsclin7_SLSO_P01_11_OUT:
 1797 0000 000E6CF4 	 .word -194245120
 1798 0004 00A403F0 	 .word -268196864
 1799 0008 0B       	 .byte 11
 1800 0009 000000   	 .zero 3
 1801 000c 21000000 	 .word 33
 1802              	 .global IfxAsclin7_SLSO_F_P14_8_OUT
 1803              	 .section .rodata.IfxAsclin7_SLSO_F_P14_8_OUT,"a"
 1804              	 .align 2
 1807              	IfxAsclin7_SLSO_F_P14_8_OUT:
 1808 0000 000E6CF4 	 .word -194245120
 1809 0004 00D803F0 	 .word -268183552
 1810 0008 08       	 .byte 8
 1811 0009 000000   	 .zero 3
 1812 000c 31000000 	 .word 49
 1813              	 .global IfxAsclin7_SLSO_F_P13_15_OUT
 1814              	 .section .rodata.IfxAsclin7_SLSO_F_P13_15_OUT,"a"
 1815              	 .align 2
 1818              	IfxAsclin7_SLSO_F_P13_15_OUT:
 1819 0000 000E6CF4 	 .word -194245120
 1820 0004 00D403F0 	 .word -268184576
 1821 0008 0F       	 .byte 15
 1822 0009 000000   	 .zero 3
 1823 000c 21000000 	 .word 33
 1824              	 .global IfxAsclin7_SCLK_P01_10_OUT
 1825              	 .section .rodata.IfxAsclin7_SCLK_P01_10_OUT,"a"
 1826              	 .align 2
 1829              	IfxAsclin7_SCLK_P01_10_OUT:
 1830 0000 000E6CF4 	 .word -194245120
 1831 0004 00A403F0 	 .word -268196864
 1832 0008 0A       	 .byte 10
 1833 0009 000000   	 .zero 3
 1834 000c 21000000 	 .word 33
 1835              	 .global IfxAsclin7_SCLK_F_P14_12_OUT
 1836              	 .section .rodata.IfxAsclin7_SCLK_F_P14_12_OUT,"a"
 1837              	 .align 2
 1840              	IfxAsclin7_SCLK_F_P14_12_OUT:
 1841 0000 000E6CF4 	 .word -194245120
 1842 0004 00D803F0 	 .word -268183552
 1843 0008 0C       	 .byte 12
 1844 0009 000000   	 .zero 3
 1845 000c 31000000 	 .word 49
 1846              	 .global IfxAsclin7_SCLK_F_P13_13_OUT
 1847              	 .section .rodata.IfxAsclin7_SCLK_F_P13_13_OUT,"a"
 1848              	 .align 2
 1851              	IfxAsclin7_SCLK_F_P13_13_OUT:
 1852 0000 000E6CF4 	 .word -194245120
 1853 0004 00D403F0 	 .word -268184576
 1854 0008 0D       	 .byte 13
 1855 0009 000000   	 .zero 3
 1856 000c 21000000 	 .word 33
 1857              	 .global IfxAsclin7_RXH_P10_6_IN
 1858              	 .section .rodata.IfxAsclin7_RXH_P10_6_IN,"a"
 1859              	 .align 2
 1862              	IfxAsclin7_RXH_P10_6_IN:
 1863 0000 000E6CF4 	 .word -194245120
 1864 0004 00C803F0 	 .word -268187648
 1865 0008 06       	 .byte 6
 1866 0009 000000   	 .zero 3
 1867 000c 07000000 	 .word 7
 1868              	 .global IfxAsclin7_RXG_P10_15_IN
 1869              	 .section .rodata.IfxAsclin7_RXG_P10_15_IN,"a"
 1870              	 .align 2
 1873              	IfxAsclin7_RXG_P10_15_IN:
 1874 0000 000E6CF4 	 .word -194245120
 1875 0004 00C803F0 	 .word -268187648
 1876 0008 0F       	 .byte 15
 1877 0009 000000   	 .zero 3
 1878 000c 06000000 	 .word 6
 1879              	 .global IfxAsclin7_RXF_P22_4_IN
 1880              	 .section .rodata.IfxAsclin7_RXF_P22_4_IN,"a"
 1881              	 .align 2
 1884              	IfxAsclin7_RXF_P22_4_IN:
 1885 0000 000E6CF4 	 .word -194245120
 1886 0004 00F803F0 	 .word -268175360
 1887 0008 04       	 .byte 4
 1888 0009 000000   	 .zero 3
 1889 000c 05000000 	 .word 5
 1890              	 .global IfxAsclin7_RXE_P22_1_IN
 1891              	 .section .rodata.IfxAsclin7_RXE_P22_1_IN,"a"
 1892              	 .align 2
 1895              	IfxAsclin7_RXE_P22_1_IN:
 1896 0000 000E6CF4 	 .word -194245120
 1897 0004 00F803F0 	 .word -268175360
 1898 0008 01       	 .byte 1
 1899 0009 000000   	 .zero 3
 1900 000c 04000000 	 .word 4
 1901              	 .global IfxAsclin7_RXD_F_P13_11_IN
 1902              	 .section .rodata.IfxAsclin7_RXD_F_P13_11_IN,"a"
 1903              	 .align 2
 1906              	IfxAsclin7_RXD_F_P13_11_IN:
 1907 0000 000E6CF4 	 .word -194245120
 1908 0004 00D403F0 	 .word -268184576
 1909 0008 0B       	 .byte 11
 1910 0009 000000   	 .zero 3
 1911 000c 03000000 	 .word 3
 1912              	 .global IfxAsclin7_RXC_P23_2_IN
 1913              	 .section .rodata.IfxAsclin7_RXC_P23_2_IN,"a"
 1914              	 .align 2
 1917              	IfxAsclin7_RXC_P23_2_IN:
 1918 0000 000E6CF4 	 .word -194245120
 1919 0004 00FC03F0 	 .word -268174336
 1920 0008 02       	 .byte 2
 1921 0009 000000   	 .zero 3
 1922 000c 02000000 	 .word 2
 1923              	 .global IfxAsclin7_RXB_P01_8_IN
 1924              	 .section .rodata.IfxAsclin7_RXB_P01_8_IN,"a"
 1925              	 .align 2
 1928              	IfxAsclin7_RXB_P01_8_IN:
 1929 0000 000E6CF4 	 .word -194245120
 1930 0004 00A403F0 	 .word -268196864
 1931 0008 08       	 .byte 8
 1932 0009 000000   	 .zero 3
 1933 000c 01000000 	 .word 1
 1934              	 .global IfxAsclin7_RXA_F_P14_15_IN
 1935              	 .section .rodata.IfxAsclin7_RXA_F_P14_15_IN,"a"
 1936              	 .align 2
 1939              	IfxAsclin7_RXA_F_P14_15_IN:
 1940 0000 000E6CF4 	 .word -194245120
 1941 0004 00D803F0 	 .word -268183552
 1942 0008 0F       	 .byte 15
 1943 0009 000000   	 .zero 3
 1944 000c 00000000 	 .word 0
 1945              	 .global IfxAsclin6_TX_P32_7_OUT
 1946              	 .section .rodata.IfxAsclin6_TX_P32_7_OUT,"a"
 1947              	 .align 2
 1950              	IfxAsclin6_TX_P32_7_OUT:
 1951 0000 000C6CF4 	 .word -194245632
 1952 0004 002004F0 	 .word -268165120
 1953 0008 07       	 .byte 7
 1954 0009 000000   	 .zero 3
 1955 000c 21000000 	 .word 33
 1956              	 .global IfxAsclin6_TX_P32_4_OUT
 1957              	 .section .rodata.IfxAsclin6_TX_P32_4_OUT,"a"
 1958              	 .align 2
 1961              	IfxAsclin6_TX_P32_4_OUT:
 1962 0000 000C6CF4 	 .word -194245632
 1963 0004 002004F0 	 .word -268165120
 1964 0008 04       	 .byte 4
 1965 0009 000000   	 .zero 3
 1966 000c 21000000 	 .word 33
 1967              	 .global IfxAsclin6_TX_P30_5_OUT
 1968              	 .section .rodata.IfxAsclin6_TX_P30_5_OUT,"a"
 1969              	 .align 2
 1972              	IfxAsclin6_TX_P30_5_OUT:
 1973 0000 000C6CF4 	 .word -194245632
 1974 0004 001804F0 	 .word -268167168
 1975 0008 05       	 .byte 5
 1976 0009 000000   	 .zero 3
 1977 000c 21000000 	 .word 33
 1978              	 .global IfxAsclin6_TX_P22_0_OUT
 1979              	 .section .rodata.IfxAsclin6_TX_P22_0_OUT,"a"
 1980              	 .align 2
 1983              	IfxAsclin6_TX_P22_0_OUT:
 1984 0000 000C6CF4 	 .word -194245632
 1985 0004 00F803F0 	 .word -268175360
 1986 0008 00       	 .byte 0
 1987 0009 000000   	 .zero 3
 1988 000c 71000000 	 .word 113
 1989              	 .global IfxAsclin6_TX_P10_10_OUT
 1990              	 .section .rodata.IfxAsclin6_TX_P10_10_OUT,"a"
 1991              	 .align 2
 1994              	IfxAsclin6_TX_P10_10_OUT:
 1995 0000 000C6CF4 	 .word -194245632
 1996 0004 00C803F0 	 .word -268187648
 1997 0008 0A       	 .byte 10
 1998 0009 000000   	 .zero 3
 1999 000c 21000000 	 .word 33
 2000              	 .global IfxAsclin6_TX_P04_4_OUT
 2001              	 .section .rodata.IfxAsclin6_TX_P04_4_OUT,"a"
 2002              	 .align 2
 2005              	IfxAsclin6_TX_P04_4_OUT:
 2006 0000 000C6CF4 	 .word -194245632
 2007 0004 00B003F0 	 .word -268193792
 2008 0008 04       	 .byte 4
 2009 0009 000000   	 .zero 3
 2010 000c 41000000 	 .word 65
 2011              	 .global IfxAsclin6_TX_P04_2_OUT
 2012              	 .section .rodata.IfxAsclin6_TX_P04_2_OUT,"a"
 2013              	 .align 2
 2016              	IfxAsclin6_TX_P04_2_OUT:
 2017 0000 000C6CF4 	 .word -194245632
 2018 0004 00B003F0 	 .word -268193792
 2019 0008 02       	 .byte 2
 2020 0009 000000   	 .zero 3
 2021 000c 41000000 	 .word 65
 2022              	 .global IfxAsclin6_TX_P02_15_OUT
 2023              	 .section .rodata.IfxAsclin6_TX_P02_15_OUT,"a"
 2024              	 .align 2
 2027              	IfxAsclin6_TX_P02_15_OUT:
 2028 0000 000C6CF4 	 .word -194245632
 2029 0004 00A803F0 	 .word -268195840
 2030 0008 0F       	 .byte 15
 2031 0009 000000   	 .zero 3
 2032 000c 41000000 	 .word 65
 2033              	 .global IfxAsclin6_TX_P01_1_OUT
 2034              	 .section .rodata.IfxAsclin6_TX_P01_1_OUT,"a"
 2035              	 .align 2
 2038              	IfxAsclin6_TX_P01_1_OUT:
 2039 0000 000C6CF4 	 .word -194245632
 2040 0004 00A403F0 	 .word -268196864
 2041 0008 01       	 .byte 1
 2042 0009 000000   	 .zero 3
 2043 000c 41000000 	 .word 65
 2044              	 .global IfxAsclin6_TX_P00_14_OUT
 2045              	 .section .rodata.IfxAsclin6_TX_P00_14_OUT,"a"
 2046              	 .align 2
 2049              	IfxAsclin6_TX_P00_14_OUT:
 2050 0000 000C6CF4 	 .word -194245632
 2051 0004 00A003F0 	 .word -268197888
 2052 0008 0E       	 .byte 14
 2053 0009 000000   	 .zero 3
 2054 000c 41000000 	 .word 65
 2055              	 .global IfxAsclin6_TX_F_P23_5_OUT
 2056              	 .section .rodata.IfxAsclin6_TX_F_P23_5_OUT,"a"
 2057              	 .align 2
 2060              	IfxAsclin6_TX_F_P23_5_OUT:
 2061 0000 000C6CF4 	 .word -194245632
 2062 0004 00FC03F0 	 .word -268174336
 2063 0008 05       	 .byte 5
 2064 0009 000000   	 .zero 3
 2065 000c 21000000 	 .word 33
 2066              	 .global IfxAsclin6_SLSO_P10_13_OUT
 2067              	 .section .rodata.IfxAsclin6_SLSO_P10_13_OUT,"a"
 2068              	 .align 2
 2071              	IfxAsclin6_SLSO_P10_13_OUT:
 2072 0000 000C6CF4 	 .word -194245632
 2073 0004 00C803F0 	 .word -268187648
 2074 0008 0D       	 .byte 13
 2075 0009 000000   	 .zero 3
 2076 000c 21000000 	 .word 33
 2077              	 .global IfxAsclin6_SLSO_P02_12_OUT
 2078              	 .section .rodata.IfxAsclin6_SLSO_P02_12_OUT,"a"
 2079              	 .align 2
 2082              	IfxAsclin6_SLSO_P02_12_OUT:
 2083 0000 000C6CF4 	 .word -194245632
 2084 0004 00A803F0 	 .word -268195840
 2085 0008 0C       	 .byte 12
 2086 0009 000000   	 .zero 3
 2087 000c 41000000 	 .word 65
 2088              	 .global IfxAsclin6_SLSO_F_P23_4_OUT
 2089              	 .section .rodata.IfxAsclin6_SLSO_F_P23_4_OUT,"a"
 2090              	 .align 2
 2093              	IfxAsclin6_SLSO_F_P23_4_OUT:
 2094 0000 000C6CF4 	 .word -194245632
 2095 0004 00FC03F0 	 .word -268174336
 2096 0008 04       	 .byte 4
 2097 0009 000000   	 .zero 3
 2098 000c 21000000 	 .word 33
 2099              	 .global IfxAsclin6_SCLK_P10_11_OUT
 2100              	 .section .rodata.IfxAsclin6_SCLK_P10_11_OUT,"a"
 2101              	 .align 2
 2104              	IfxAsclin6_SCLK_P10_11_OUT:
 2105 0000 000C6CF4 	 .word -194245632
 2106 0004 00C803F0 	 .word -268187648
 2107 0008 0B       	 .byte 11
 2108 0009 000000   	 .zero 3
 2109 000c 21000000 	 .word 33
 2110              	 .global IfxAsclin6_SCLK_P04_1_OUT
 2111              	 .section .rodata.IfxAsclin6_SCLK_P04_1_OUT,"a"
 2112              	 .align 2
 2115              	IfxAsclin6_SCLK_P04_1_OUT:
 2116 0000 000C6CF4 	 .word -194245632
 2117 0004 00B003F0 	 .word -268193792
 2118 0008 01       	 .byte 1
 2119 0009 000000   	 .zero 3
 2120 000c 21000000 	 .word 33
 2121              	 .global IfxAsclin6_SCLK_P02_14_OUT
 2122              	 .section .rodata.IfxAsclin6_SCLK_P02_14_OUT,"a"
 2123              	 .align 2
 2126              	IfxAsclin6_SCLK_P02_14_OUT:
 2127 0000 000C6CF4 	 .word -194245632
 2128 0004 00A803F0 	 .word -268195840
 2129 0008 0E       	 .byte 14
 2130 0009 000000   	 .zero 3
 2131 000c 21000000 	 .word 33
 2132              	 .global IfxAsclin6_SCLK_F_P23_1_OUT
 2133              	 .section .rodata.IfxAsclin6_SCLK_F_P23_1_OUT,"a"
 2134              	 .align 2
 2137              	IfxAsclin6_SCLK_F_P23_1_OUT:
 2138 0000 000C6CF4 	 .word -194245632
 2139 0004 00FC03F0 	 .word -268174336
 2140 0008 01       	 .byte 1
 2141 0009 000000   	 .zero 3
 2142 000c 71000000 	 .word 113
 2143              	 .global IfxAsclin6_RXH_P04_3_IN
 2144              	 .section .rodata.IfxAsclin6_RXH_P04_3_IN,"a"
 2145              	 .align 2
 2148              	IfxAsclin6_RXH_P04_3_IN:
 2149 0000 000C6CF4 	 .word -194245632
 2150 0004 00B003F0 	 .word -268193792
 2151 0008 03       	 .byte 3
 2152 0009 000000   	 .zero 3
 2153 000c 07000000 	 .word 7
 2154              	 .global IfxAsclin6_RXG_P30_3_IN
 2155              	 .section .rodata.IfxAsclin6_RXG_P30_3_IN,"a"
 2156              	 .align 2
 2159              	IfxAsclin6_RXG_P30_3_IN:
 2160 0000 000C6CF4 	 .word -194245632
 2161 0004 001804F0 	 .word -268167168
 2162 0008 03       	 .byte 3
 2163 0009 000000   	 .zero 3
 2164 000c 06000000 	 .word 6
 2165              	 .global IfxAsclin6_RXF_F_P23_1_IN
 2166              	 .section .rodata.IfxAsclin6_RXF_F_P23_1_IN,"a"
 2167              	 .align 2
 2170              	IfxAsclin6_RXF_F_P23_1_IN:
 2171 0000 000C6CF4 	 .word -194245632
 2172 0004 00FC03F0 	 .word -268174336
 2173 0008 01       	 .byte 1
 2174 0009 000000   	 .zero 3
 2175 000c 05000000 	 .word 5
 2176              	 .global IfxAsclin6_RXE_P22_0_IN
 2177              	 .section .rodata.IfxAsclin6_RXE_P22_0_IN,"a"
 2178              	 .align 2
 2181              	IfxAsclin6_RXE_P22_0_IN:
 2182 0000 000C6CF4 	 .word -194245632
 2183 0004 00F803F0 	 .word -268175360
 2184 0008 00       	 .byte 0
 2185 0009 000000   	 .zero 3
 2186 000c 04000000 	 .word 4
 2187              	 .global IfxAsclin6_RXD_P10_9_IN
 2188              	 .section .rodata.IfxAsclin6_RXD_P10_9_IN,"a"
 2189              	 .align 2
 2192              	IfxAsclin6_RXD_P10_9_IN:
 2193 0000 000C6CF4 	 .word -194245632
 2194 0004 00C803F0 	 .word -268187648
 2195 0008 09       	 .byte 9
 2196 0009 000000   	 .zero 3
 2197 000c 03000000 	 .word 3
 2198              	 .global IfxAsclin6_RXC_P32_6_IN
 2199              	 .section .rodata.IfxAsclin6_RXC_P32_6_IN,"a"
 2200              	 .align 2
 2203              	IfxAsclin6_RXC_P32_6_IN:
 2204 0000 000C6CF4 	 .word -194245632
 2205 0004 002004F0 	 .word -268165120
 2206 0008 06       	 .byte 6
 2207 0009 000000   	 .zero 3
 2208 000c 02000000 	 .word 2
 2209              	 .global IfxAsclin6_RXB_P01_0_IN
 2210              	 .section .rodata.IfxAsclin6_RXB_P01_0_IN,"a"
 2211              	 .align 2
 2214              	IfxAsclin6_RXB_P01_0_IN:
 2215 0000 000C6CF4 	 .word -194245632
 2216 0004 00A403F0 	 .word -268196864
 2217 0008 00       	 .byte 0
 2218 0009 000000   	 .zero 3
 2219 000c 01000000 	 .word 1
 2220              	 .global IfxAsclin6_RXA_F_P23_3_IN
 2221              	 .section .rodata.IfxAsclin6_RXA_F_P23_3_IN,"a"
 2222              	 .align 2
 2225              	IfxAsclin6_RXA_F_P23_3_IN:
 2226 0000 000C6CF4 	 .word -194245632
 2227 0004 00FC03F0 	 .word -268174336
 2228 0008 03       	 .byte 3
 2229 0009 000000   	 .zero 3
 2230 000c 00000000 	 .word 0
 2231              	 .global IfxAsclin5_TX_P35_5_OUT
 2232              	 .section .rodata.IfxAsclin5_TX_P35_5_OUT,"a"
 2233              	 .align 2
 2236              	IfxAsclin5_TX_P35_5_OUT:
 2237 0000 000A6CF4 	 .word -194246144
 2238 0004 002C04F0 	 .word -268162048
 2239 0008 05       	 .byte 5
 2240 0009 000000   	 .zero 3
 2241 000c 21000000 	 .word 33
 2242              	 .global IfxAsclin5_TX_P22_2_OUT
 2243              	 .section .rodata.IfxAsclin5_TX_P22_2_OUT,"a"
 2244              	 .align 2
 2247              	IfxAsclin5_TX_P22_2_OUT:
 2248 0000 000A6CF4 	 .word -194246144
 2249 0004 00F803F0 	 .word -268175360
 2250 0008 02       	 .byte 2
 2251 0009 000000   	 .zero 3
 2252 000c 21000000 	 .word 33
 2253              	 .global IfxAsclin5_TX_P16_5_OUT
 2254              	 .section .rodata.IfxAsclin5_TX_P16_5_OUT,"a"
 2255              	 .align 2
 2258              	IfxAsclin5_TX_P16_5_OUT:
 2259 0000 000A6CF4 	 .word -194246144
 2260 0004 00E003F0 	 .word -268181504
 2261 0008 05       	 .byte 5
 2262 0009 000000   	 .zero 3
 2263 000c 21000000 	 .word 33
 2264              	 .global IfxAsclin5_TX_P16_3_OUT
 2265              	 .section .rodata.IfxAsclin5_TX_P16_3_OUT,"a"
 2266              	 .align 2
 2269              	IfxAsclin5_TX_P16_3_OUT:
 2270 0000 000A6CF4 	 .word -194246144
 2271 0004 00E003F0 	 .word -268181504
 2272 0008 03       	 .byte 3
 2273 0009 000000   	 .zero 3
 2274 000c 31000000 	 .word 49
 2275              	 .global IfxAsclin5_TX_P14_14_OUT
 2276              	 .section .rodata.IfxAsclin5_TX_P14_14_OUT,"a"
 2277              	 .align 2
 2280              	IfxAsclin5_TX_P14_14_OUT:
 2281 0000 000A6CF4 	 .word -194246144
 2282 0004 00D803F0 	 .word -268183552
 2283 0008 0E       	 .byte 14
 2284 0009 000000   	 .zero 3
 2285 000c 21000000 	 .word 33
 2286              	 .global IfxAsclin5_TX_P10_14_OUT
 2287              	 .section .rodata.IfxAsclin5_TX_P10_14_OUT,"a"
 2288              	 .align 2
 2291              	IfxAsclin5_TX_P10_14_OUT:
 2292 0000 000A6CF4 	 .word -194246144
 2293 0004 00C803F0 	 .word -268187648
 2294 0008 0E       	 .byte 14
 2295 0009 000000   	 .zero 3
 2296 000c 21000000 	 .word 33
 2297              	 .global IfxAsclin5_TX_P03_0_OUT
 2298              	 .section .rodata.IfxAsclin5_TX_P03_0_OUT,"a"
 2299              	 .align 2
 2302              	IfxAsclin5_TX_P03_0_OUT:
 2303 0000 000A6CF4 	 .word -194246144
 2304 0004 00AC03F0 	 .word -268194816
 2305 0008 00       	 .byte 0
 2306 0009 000000   	 .zero 3
 2307 000c 21000000 	 .word 33
 2308              	 .global IfxAsclin5_TX_P00_7_OUT
 2309              	 .section .rodata.IfxAsclin5_TX_P00_7_OUT,"a"
 2310              	 .align 2
 2313              	IfxAsclin5_TX_P00_7_OUT:
 2314 0000 000A6CF4 	 .word -194246144
 2315 0004 00A003F0 	 .word -268197888
 2316 0008 07       	 .byte 7
 2317 0009 000000   	 .zero 3
 2318 000c 21000000 	 .word 33
 2319              	 .global IfxAsclin5_TX_F_P33_0_OUT
 2320              	 .section .rodata.IfxAsclin5_TX_F_P33_0_OUT,"a"
 2321              	 .align 2
 2324              	IfxAsclin5_TX_F_P33_0_OUT:
 2325 0000 000A6CF4 	 .word -194246144
 2326 0004 002404F0 	 .word -268164096
 2327 0008 00       	 .byte 0
 2328 0009 000000   	 .zero 3
 2329 000c 21000000 	 .word 33
 2330              	 .global IfxAsclin5_SLSO_P16_10_OUT
 2331              	 .section .rodata.IfxAsclin5_SLSO_P16_10_OUT,"a"
 2332              	 .align 2
 2335              	IfxAsclin5_SLSO_P16_10_OUT:
 2336 0000 000A6CF4 	 .word -194246144
 2337 0004 00E003F0 	 .word -268181504
 2338 0008 0A       	 .byte 10
 2339 0009 000000   	 .zero 3
 2340 000c 21000000 	 .word 33
 2341              	 .global IfxAsclin5_SLSO_P14_8_OUT
 2342              	 .section .rodata.IfxAsclin5_SLSO_P14_8_OUT,"a"
 2343              	 .align 2
 2346              	IfxAsclin5_SLSO_P14_8_OUT:
 2347 0000 000A6CF4 	 .word -194246144
 2348 0004 00D803F0 	 .word -268183552
 2349 0008 08       	 .byte 8
 2350 0009 000000   	 .zero 3
 2351 000c 21000000 	 .word 33
 2352              	 .global IfxAsclin5_SLSO_P10_8_OUT
 2353              	 .section .rodata.IfxAsclin5_SLSO_P10_8_OUT,"a"
 2354              	 .align 2
 2357              	IfxAsclin5_SLSO_P10_8_OUT:
 2358 0000 000A6CF4 	 .word -194246144
 2359 0004 00C803F0 	 .word -268187648
 2360 0008 08       	 .byte 8
 2361 0009 000000   	 .zero 3
 2362 000c 51000000 	 .word 81
 2363              	 .global IfxAsclin5_SLSO_P03_3_OUT
 2364              	 .section .rodata.IfxAsclin5_SLSO_P03_3_OUT,"a"
 2365              	 .align 2
 2368              	IfxAsclin5_SLSO_P03_3_OUT:
 2369 0000 000A6CF4 	 .word -194246144
 2370 0004 00AC03F0 	 .word -268194816
 2371 0008 03       	 .byte 3
 2372 0009 000000   	 .zero 3
 2373 000c 21000000 	 .word 33
 2374              	 .global IfxAsclin5_SLSO_F_P33_5_OUT
 2375              	 .section .rodata.IfxAsclin5_SLSO_F_P33_5_OUT,"a"
 2376              	 .align 2
 2379              	IfxAsclin5_SLSO_F_P33_5_OUT:
 2380 0000 000A6CF4 	 .word -194246144
 2381 0004 002404F0 	 .word -268164096
 2382 0008 05       	 .byte 5
 2383 0009 000000   	 .zero 3
 2384 000c 71000000 	 .word 113
 2385              	 .global IfxAsclin5_SCLK_P22_8_OUT
 2386              	 .section .rodata.IfxAsclin5_SCLK_P22_8_OUT,"a"
 2387              	 .align 2
 2390              	IfxAsclin5_SCLK_P22_8_OUT:
 2391 0000 000A6CF4 	 .word -194246144
 2392 0004 00F803F0 	 .word -268175360
 2393 0008 08       	 .byte 8
 2394 0009 000000   	 .zero 3
 2395 000c 21000000 	 .word 33
 2396              	 .global IfxAsclin5_SCLK_P16_4_OUT
 2397              	 .section .rodata.IfxAsclin5_SCLK_P16_4_OUT,"a"
 2398              	 .align 2
 2401              	IfxAsclin5_SCLK_P16_4_OUT:
 2402 0000 000A6CF4 	 .word -194246144
 2403 0004 00E003F0 	 .word -268181504
 2404 0008 04       	 .byte 4
 2405 0009 000000   	 .zero 3
 2406 000c 21000000 	 .word 33
 2407              	 .global IfxAsclin5_SCLK_P16_0_OUT
 2408              	 .section .rodata.IfxAsclin5_SCLK_P16_0_OUT,"a"
 2409              	 .align 2
 2412              	IfxAsclin5_SCLK_P16_0_OUT:
 2413 0000 000A6CF4 	 .word -194246144
 2414 0004 00E003F0 	 .word -268181504
 2415 0008 00       	 .byte 0
 2416 0009 000000   	 .zero 3
 2417 000c 21000000 	 .word 33
 2418              	 .global IfxAsclin5_SCLK_P14_12_OUT
 2419              	 .section .rodata.IfxAsclin5_SCLK_P14_12_OUT,"a"
 2420              	 .align 2
 2423              	IfxAsclin5_SCLK_P14_12_OUT:
 2424 0000 000A6CF4 	 .word -194246144
 2425 0004 00D803F0 	 .word -268183552
 2426 0008 0C       	 .byte 12
 2427 0009 000000   	 .zero 3
 2428 000c 21000000 	 .word 33
 2429              	 .global IfxAsclin5_SCLK_P03_4_OUT
 2430              	 .section .rodata.IfxAsclin5_SCLK_P03_4_OUT,"a"
 2431              	 .align 2
 2434              	IfxAsclin5_SCLK_P03_4_OUT:
 2435 0000 000A6CF4 	 .word -194246144
 2436 0004 00AC03F0 	 .word -268194816
 2437 0008 04       	 .byte 4
 2438 0009 000000   	 .zero 3
 2439 000c 21000000 	 .word 33
 2440              	 .global IfxAsclin5_SCLK_F_P33_3_OUT
 2441              	 .section .rodata.IfxAsclin5_SCLK_F_P33_3_OUT,"a"
 2442              	 .align 2
 2445              	IfxAsclin5_SCLK_F_P33_3_OUT:
 2446 0000 000A6CF4 	 .word -194246144
 2447 0004 002404F0 	 .word -268164096
 2448 0008 03       	 .byte 3
 2449 0009 000000   	 .zero 3
 2450 000c 21000000 	 .word 33
 2451              	 .global IfxAsclin5_RXH_P35_4_IN
 2452              	 .section .rodata.IfxAsclin5_RXH_P35_4_IN,"a"
 2453              	 .align 2
 2456              	IfxAsclin5_RXH_P35_4_IN:
 2457 0000 000A6CF4 	 .word -194246144
 2458 0004 002C04F0 	 .word -268162048
 2459 0008 04       	 .byte 4
 2460 0009 000000   	 .zero 3
 2461 000c 07000000 	 .word 7
 2462              	 .global IfxAsclin5_RXG_P03_1_IN
 2463              	 .section .rodata.IfxAsclin5_RXG_P03_1_IN,"a"
 2464              	 .align 2
 2467              	IfxAsclin5_RXG_P03_1_IN:
 2468 0000 000A6CF4 	 .word -194246144
 2469 0004 00AC03F0 	 .word -268194816
 2470 0008 01       	 .byte 1
 2471 0009 000000   	 .zero 3
 2472 000c 06000000 	 .word 6
 2473              	 .global IfxAsclin5_RXF_P10_15_IN
 2474              	 .section .rodata.IfxAsclin5_RXF_P10_15_IN,"a"
 2475              	 .align 2
 2478              	IfxAsclin5_RXF_P10_15_IN:
 2479 0000 000A6CF4 	 .word -194246144
 2480 0004 00C803F0 	 .word -268187648
 2481 0008 0F       	 .byte 15
 2482 0009 000000   	 .zero 3
 2483 000c 05000000 	 .word 5
 2484              	 .global IfxAsclin5_RXE_P16_5_IN
 2485              	 .section .rodata.IfxAsclin5_RXE_P16_5_IN,"a"
 2486              	 .align 2
 2489              	IfxAsclin5_RXE_P16_5_IN:
 2490 0000 000A6CF4 	 .word -194246144
 2491 0004 00E003F0 	 .word -268181504
 2492 0008 05       	 .byte 5
 2493 0009 000000   	 .zero 3
 2494 000c 04000000 	 .word 4
 2495              	 .global IfxAsclin5_RXD_P14_15_IN
 2496              	 .section .rodata.IfxAsclin5_RXD_P14_15_IN,"a"
 2497              	 .align 2
 2500              	IfxAsclin5_RXD_P14_15_IN:
 2501 0000 000A6CF4 	 .word -194246144
 2502 0004 00D803F0 	 .word -268183552
 2503 0008 0F       	 .byte 15
 2504 0009 000000   	 .zero 3
 2505 000c 03000000 	 .word 3
 2506              	 .global IfxAsclin5_RXC_P22_3_IN
 2507              	 .section .rodata.IfxAsclin5_RXC_P22_3_IN,"a"
 2508              	 .align 2
 2511              	IfxAsclin5_RXC_P22_3_IN:
 2512 0000 000A6CF4 	 .word -194246144
 2513 0004 00F803F0 	 .word -268175360
 2514 0008 03       	 .byte 3
 2515 0009 000000   	 .zero 3
 2516 000c 02000000 	 .word 2
 2517              	 .global IfxAsclin5_RXB_F_P33_4_IN
 2518              	 .section .rodata.IfxAsclin5_RXB_F_P33_4_IN,"a"
 2519              	 .align 2
 2522              	IfxAsclin5_RXB_F_P33_4_IN:
 2523 0000 000A6CF4 	 .word -194246144
 2524 0004 002404F0 	 .word -268164096
 2525 0008 04       	 .byte 4
 2526 0009 000000   	 .zero 3
 2527 000c 01000000 	 .word 1
 2528              	 .global IfxAsclin5_RXA_P00_6_IN
 2529              	 .section .rodata.IfxAsclin5_RXA_P00_6_IN,"a"
 2530              	 .align 2
 2533              	IfxAsclin5_RXA_P00_6_IN:
 2534 0000 000A6CF4 	 .word -194246144
 2535 0004 00A003F0 	 .word -268197888
 2536 0008 06       	 .byte 6
 2537 0009 000000   	 .zero 3
 2538 000c 00000000 	 .word 0
 2539              	 .global IfxAsclin4_TX_P35_0_OUT
 2540              	 .section .rodata.IfxAsclin4_TX_P35_0_OUT,"a"
 2541              	 .align 2
 2544              	IfxAsclin4_TX_P35_0_OUT:
 2545 0000 00086CF4 	 .word -194246656
 2546 0004 002C04F0 	 .word -268162048
 2547 0008 00       	 .byte 0
 2548 0009 000000   	 .zero 3
 2549 000c 41000000 	 .word 65
 2550              	 .global IfxAsclin4_TX_P34_3_OUT
 2551              	 .section .rodata.IfxAsclin4_TX_P34_3_OUT,"a"
 2552              	 .align 2
 2555              	IfxAsclin4_TX_P34_3_OUT:
 2556 0000 00086CF4 	 .word -194246656
 2557 0004 002804F0 	 .word -268163072
 2558 0008 03       	 .byte 3
 2559 0009 000000   	 .zero 3
 2560 000c 31000000 	 .word 49
 2561              	 .global IfxAsclin4_TX_P34_1_OUT
 2562              	 .section .rodata.IfxAsclin4_TX_P34_1_OUT,"a"
 2563              	 .align 2
 2566              	IfxAsclin4_TX_P34_1_OUT:
 2567 0000 00086CF4 	 .word -194246656
 2568 0004 002804F0 	 .word -268163072
 2569 0008 01       	 .byte 1
 2570 0009 000000   	 .zero 3
 2571 000c 21000000 	 .word 33
 2572              	 .global IfxAsclin4_TX_P00_9_OUT
 2573              	 .section .rodata.IfxAsclin4_TX_P00_9_OUT,"a"
 2574              	 .align 2
 2577              	IfxAsclin4_TX_P00_9_OUT:
 2578 0000 00086CF4 	 .word -194246656
 2579 0004 00A003F0 	 .word -268197888
 2580 0008 09       	 .byte 9
 2581 0009 000000   	 .zero 3
 2582 000c 51000000 	 .word 81
 2583              	 .global IfxAsclin4_TX_P00_10_OUT
 2584              	 .section .rodata.IfxAsclin4_TX_P00_10_OUT,"a"
 2585              	 .align 2
 2588              	IfxAsclin4_TX_P00_10_OUT:
 2589 0000 00086CF4 	 .word -194246656
 2590 0004 00A003F0 	 .word -268197888
 2591 0008 0A       	 .byte 10
 2592 0009 000000   	 .zero 3
 2593 000c 41000000 	 .word 65
 2594              	 .global IfxAsclin4_TX_F_P22_5_OUT
 2595              	 .section .rodata.IfxAsclin4_TX_F_P22_5_OUT,"a"
 2596              	 .align 2
 2599              	IfxAsclin4_TX_F_P22_5_OUT:
 2600 0000 00086CF4 	 .word -194246656
 2601 0004 00F803F0 	 .word -268175360
 2602 0008 05       	 .byte 5
 2603 0009 000000   	 .zero 3
 2604 000c 21000000 	 .word 33
 2605              	 .global IfxAsclin4_TX_F_P22_10_OUT
 2606              	 .section .rodata.IfxAsclin4_TX_F_P22_10_OUT,"a"
 2607              	 .align 2
 2610              	IfxAsclin4_TX_F_P22_10_OUT:
 2611 0000 00086CF4 	 .word -194246656
 2612 0004 00F803F0 	 .word -268175360
 2613 0008 0A       	 .byte 10
 2614 0009 000000   	 .zero 3
 2615 000c 21000000 	 .word 33
 2616              	 .global IfxAsclin4_SLSO_P34_4_OUT
 2617              	 .section .rodata.IfxAsclin4_SLSO_P34_4_OUT,"a"
 2618              	 .align 2
 2621              	IfxAsclin4_SLSO_P34_4_OUT:
 2622 0000 00086CF4 	 .word -194246656
 2623 0004 002804F0 	 .word -268163072
 2624 0008 04       	 .byte 4
 2625 0009 000000   	 .zero 3
 2626 000c 21000000 	 .word 33
 2627              	 .global IfxAsclin4_SLSO_P00_11_OUT
 2628              	 .section .rodata.IfxAsclin4_SLSO_P00_11_OUT,"a"
 2629              	 .align 2
 2632              	IfxAsclin4_SLSO_P00_11_OUT:
 2633 0000 00086CF4 	 .word -194246656
 2634 0004 00A003F0 	 .word -268197888
 2635 0008 0B       	 .byte 11
 2636 0009 000000   	 .zero 3
 2637 000c 21000000 	 .word 33
 2638              	 .global IfxAsclin4_SLSO_F_P22_4_OUT
 2639              	 .section .rodata.IfxAsclin4_SLSO_F_P22_4_OUT,"a"
 2640              	 .align 2
 2643              	IfxAsclin4_SLSO_F_P22_4_OUT:
 2644 0000 00086CF4 	 .word -194246656
 2645 0004 00F803F0 	 .word -268175360
 2646 0008 04       	 .byte 4
 2647 0009 000000   	 .zero 3
 2648 000c 21000000 	 .word 33
 2649              	 .global IfxAsclin4_SLSO_F_P22_11_OUT
 2650              	 .section .rodata.IfxAsclin4_SLSO_F_P22_11_OUT,"a"
 2651              	 .align 2
 2654              	IfxAsclin4_SLSO_F_P22_11_OUT:
 2655 0000 00086CF4 	 .word -194246656
 2656 0004 00F803F0 	 .word -268175360
 2657 0008 0B       	 .byte 11
 2658 0009 000000   	 .zero 3
 2659 000c 21000000 	 .word 33
 2660              	 .global IfxAsclin4_SCLK_P34_3_OUT
 2661              	 .section .rodata.IfxAsclin4_SCLK_P34_3_OUT,"a"
 2662              	 .align 2
 2665              	IfxAsclin4_SCLK_P34_3_OUT:
 2666 0000 00086CF4 	 .word -194246656
 2667 0004 002804F0 	 .word -268163072
 2668 0008 03       	 .byte 3
 2669 0009 000000   	 .zero 3
 2670 000c 21000000 	 .word 33
 2671              	 .global IfxAsclin4_SCLK_P00_10_OUT
 2672              	 .section .rodata.IfxAsclin4_SCLK_P00_10_OUT,"a"
 2673              	 .align 2
 2676              	IfxAsclin4_SCLK_P00_10_OUT:
 2677 0000 00086CF4 	 .word -194246656
 2678 0004 00A003F0 	 .word -268197888
 2679 0008 0A       	 .byte 10
 2680 0009 000000   	 .zero 3
 2681 000c 21000000 	 .word 33
 2682              	 .global IfxAsclin4_SCLK_F_P22_7_OUT
 2683              	 .section .rodata.IfxAsclin4_SCLK_F_P22_7_OUT,"a"
 2684              	 .align 2
 2687              	IfxAsclin4_SCLK_F_P22_7_OUT:
 2688 0000 00086CF4 	 .word -194246656
 2689 0004 00F803F0 	 .word -268175360
 2690 0008 07       	 .byte 7
 2691 0009 000000   	 .zero 3
 2692 000c 21000000 	 .word 33
 2693              	 .global IfxAsclin4_RXG_P00_9_IN
 2694              	 .section .rodata.IfxAsclin4_RXG_P00_9_IN,"a"
 2695              	 .align 2
 2698              	IfxAsclin4_RXG_P00_9_IN:
 2699 0000 00086CF4 	 .word -194246656
 2700 0004 00A003F0 	 .word -268197888
 2701 0008 09       	 .byte 9
 2702 0009 000000   	 .zero 3
 2703 000c 06000000 	 .word 6
 2704              	 .global IfxAsclin4_RXF_P35_1_IN
 2705              	 .section .rodata.IfxAsclin4_RXF_P35_1_IN,"a"
 2706              	 .align 2
 2709              	IfxAsclin4_RXF_P35_1_IN:
 2710 0000 00086CF4 	 .word -194246656
 2711 0004 002C04F0 	 .word -268162048
 2712 0008 01       	 .byte 1
 2713 0009 000000   	 .zero 3
 2714 000c 05000000 	 .word 5
 2715              	 .global IfxAsclin4_RXE_P34_3_IN
 2716              	 .section .rodata.IfxAsclin4_RXE_P34_3_IN,"a"
 2717              	 .align 2
 2720              	IfxAsclin4_RXE_P34_3_IN:
 2721 0000 00086CF4 	 .word -194246656
 2722 0004 002804F0 	 .word -268163072
 2723 0008 03       	 .byte 3
 2724 0009 000000   	 .zero 3
 2725 000c 04000000 	 .word 4
 2726              	 .global IfxAsclin4_RXD_F_P22_9_IN
 2727              	 .section .rodata.IfxAsclin4_RXD_F_P22_9_IN,"a"
 2728              	 .align 2
 2731              	IfxAsclin4_RXD_F_P22_9_IN:
 2732 0000 00086CF4 	 .word -194246656
 2733 0004 00F803F0 	 .word -268175360
 2734 0008 09       	 .byte 9
 2735 0009 000000   	 .zero 3
 2736 000c 03000000 	 .word 3
 2737              	 .global IfxAsclin4_RXC_F_P22_6_IN
 2738              	 .section .rodata.IfxAsclin4_RXC_F_P22_6_IN,"a"
 2739              	 .align 2
 2742              	IfxAsclin4_RXC_F_P22_6_IN:
 2743 0000 00086CF4 	 .word -194246656
 2744 0004 00F803F0 	 .word -268175360
 2745 0008 06       	 .byte 6
 2746 0009 000000   	 .zero 3
 2747 000c 02000000 	 .word 2
 2748              	 .global IfxAsclin4_RXB_P34_2_IN
 2749              	 .section .rodata.IfxAsclin4_RXB_P34_2_IN,"a"
 2750              	 .align 2
 2753              	IfxAsclin4_RXB_P34_2_IN:
 2754 0000 00086CF4 	 .word -194246656
 2755 0004 002804F0 	 .word -268163072
 2756 0008 02       	 .byte 2
 2757 0009 000000   	 .zero 3
 2758 000c 01000000 	 .word 1
 2759              	 .global IfxAsclin4_RXA_P00_12_IN
 2760              	 .section .rodata.IfxAsclin4_RXA_P00_12_IN,"a"
 2761              	 .align 2
 2764              	IfxAsclin4_RXA_P00_12_IN:
 2765 0000 00086CF4 	 .word -194246656
 2766 0004 00A003F0 	 .word -268197888
 2767 0008 0C       	 .byte 12
 2768 0009 000000   	 .zero 3
 2769 000c 00000000 	 .word 0
 2770              	 .global IfxAsclin3_TX_P32_2_OUT
 2771              	 .section .rodata.IfxAsclin3_TX_P32_2_OUT,"a"
 2772              	 .align 2
 2775              	IfxAsclin3_TX_P32_2_OUT:
 2776 0000 00066CF4 	 .word -194247168
 2777 0004 002004F0 	 .word -268165120
 2778 0008 02       	 .byte 2
 2779 0009 000000   	 .zero 3
 2780 000c 21000000 	 .word 33
 2781              	 .global IfxAsclin3_TX_P22_1_OUT
 2782              	 .section .rodata.IfxAsclin3_TX_P22_1_OUT,"a"
 2783              	 .align 2
 2786              	IfxAsclin3_TX_P22_1_OUT:
 2787 0000 00066CF4 	 .word -194247168
 2788 0004 00F803F0 	 .word -268175360
 2789 0008 01       	 .byte 1
 2790 0009 000000   	 .zero 3
 2791 000c 21000000 	 .word 33
 2792              	 .global IfxAsclin3_TX_P22_0_OUT
 2793              	 .section .rodata.IfxAsclin3_TX_P22_0_OUT,"a"
 2794              	 .align 2
 2797              	IfxAsclin3_TX_P22_0_OUT:
 2798 0000 00066CF4 	 .word -194247168
 2799 0004 00F803F0 	 .word -268175360
 2800 0008 00       	 .byte 0
 2801 0009 000000   	 .zero 3
 2802 000c 21000000 	 .word 33
 2803              	 .global IfxAsclin3_TX_P21_7_OUT
 2804              	 .section .rodata.IfxAsclin3_TX_P21_7_OUT,"a"
 2805              	 .align 2
 2808              	IfxAsclin3_TX_P21_7_OUT:
 2809 0000 00066CF4 	 .word -194247168
 2810 0004 00F403F0 	 .word -268176384
 2811 0008 07       	 .byte 7
 2812 0009 000000   	 .zero 3
 2813 000c 21000000 	 .word 33
 2814              	 .global IfxAsclin3_TX_P15_7_OUT
 2815              	 .section .rodata.IfxAsclin3_TX_P15_7_OUT,"a"
 2816              	 .align 2
 2819              	IfxAsclin3_TX_P15_7_OUT:
 2820 0000 00066CF4 	 .word -194247168
 2821 0004 00DC03F0 	 .word -268182528
 2822 0008 07       	 .byte 7
 2823 0009 000000   	 .zero 3
 2824 000c 21000000 	 .word 33
 2825              	 .global IfxAsclin3_TX_P15_6_OUT
 2826              	 .section .rodata.IfxAsclin3_TX_P15_6_OUT,"a"
 2827              	 .align 2
 2830              	IfxAsclin3_TX_P15_6_OUT:
 2831 0000 00066CF4 	 .word -194247168
 2832 0004 00DC03F0 	 .word -268182528
 2833 0008 06       	 .byte 6
 2834 0009 000000   	 .zero 3
 2835 000c 21000000 	 .word 33
 2836              	 .global IfxAsclin3_TX_P13_9_OUT
 2837              	 .section .rodata.IfxAsclin3_TX_P13_9_OUT,"a"
 2838              	 .align 2
 2841              	IfxAsclin3_TX_P13_9_OUT:
 2842 0000 00066CF4 	 .word -194247168
 2843 0004 00D403F0 	 .word -268184576
 2844 0008 09       	 .byte 9
 2845 0009 000000   	 .zero 3
 2846 000c 21000000 	 .word 33
 2847              	 .global IfxAsclin3_TX_P13_7_OUT
 2848              	 .section .rodata.IfxAsclin3_TX_P13_7_OUT,"a"
 2849              	 .align 2
 2852              	IfxAsclin3_TX_P13_7_OUT:
 2853 0000 00066CF4 	 .word -194247168
 2854 0004 00D403F0 	 .word -268184576
 2855 0008 07       	 .byte 7
 2856 0009 000000   	 .zero 3
 2857 000c 21000000 	 .word 33
 2858              	 .global IfxAsclin3_TX_P00_1_OUT
 2859              	 .section .rodata.IfxAsclin3_TX_P00_1_OUT,"a"
 2860              	 .align 2
 2863              	IfxAsclin3_TX_P00_1_OUT:
 2864 0000 00066CF4 	 .word -194247168
 2865 0004 00A003F0 	 .word -268197888
 2866 0008 01       	 .byte 1
 2867 0009 000000   	 .zero 3
 2868 000c 21000000 	 .word 33
 2869              	 .global IfxAsclin3_TX_P00_0_OUT
 2870              	 .section .rodata.IfxAsclin3_TX_P00_0_OUT,"a"
 2871              	 .align 2
 2874              	IfxAsclin3_TX_P00_0_OUT:
 2875 0000 00066CF4 	 .word -194247168
 2876 0004 00A003F0 	 .word -268197888
 2877 0008 00       	 .byte 0
 2878 0009 000000   	 .zero 3
 2879 000c 31000000 	 .word 49
 2880              	 .global IfxAsclin3_TX_F_P20_3_OUT
 2881              	 .section .rodata.IfxAsclin3_TX_F_P20_3_OUT,"a"
 2882              	 .align 2
 2885              	IfxAsclin3_TX_F_P20_3_OUT:
 2886 0000 00066CF4 	 .word -194247168
 2887 0004 00F003F0 	 .word -268177408
 2888 0008 03       	 .byte 3
 2889 0009 000000   	 .zero 3
 2890 000c 21000000 	 .word 33
 2891              	 .global IfxAsclin3_TX_F_P20_0_OUT
 2892              	 .section .rodata.IfxAsclin3_TX_F_P20_0_OUT,"a"
 2893              	 .align 2
 2896              	IfxAsclin3_TX_F_P20_0_OUT:
 2897 0000 00066CF4 	 .word -194247168
 2898 0004 00F003F0 	 .word -268177408
 2899 0008 00       	 .byte 0
 2900 0009 000000   	 .zero 3
 2901 000c 21000000 	 .word 33
 2902              	 .global IfxAsclin3_SLSO_P33_1_OUT
 2903              	 .section .rodata.IfxAsclin3_SLSO_P33_1_OUT,"a"
 2904              	 .align 2
 2907              	IfxAsclin3_SLSO_P33_1_OUT:
 2908 0000 00066CF4 	 .word -194247168
 2909 0004 002404F0 	 .word -268164096
 2910 0008 01       	 .byte 1
 2911 0009 000000   	 .zero 3
 2912 000c 21000000 	 .word 33
 2913              	 .global IfxAsclin3_SLSO_P21_6_OUT
 2914              	 .section .rodata.IfxAsclin3_SLSO_P21_6_OUT,"a"
 2915              	 .align 2
 2918              	IfxAsclin3_SLSO_P21_6_OUT:
 2919 0000 00066CF4 	 .word -194247168
 2920 0004 00F403F0 	 .word -268176384
 2921 0008 06       	 .byte 6
 2922 0009 000000   	 .zero 3
 2923 000c 21000000 	 .word 33
 2924              	 .global IfxAsclin3_SLSO_P21_2_OUT
 2925              	 .section .rodata.IfxAsclin3_SLSO_P21_2_OUT,"a"
 2926              	 .align 2
 2929              	IfxAsclin3_SLSO_P21_2_OUT:
 2930 0000 00066CF4 	 .word -194247168
 2931 0004 00F403F0 	 .word -268176384
 2932 0008 02       	 .byte 2
 2933 0009 000000   	 .zero 3
 2934 000c 21000000 	 .word 33
 2935              	 .global IfxAsclin3_SLSO_P14_3_OUT
 2936              	 .section .rodata.IfxAsclin3_SLSO_P14_3_OUT,"a"
 2937              	 .align 2
 2940              	IfxAsclin3_SLSO_P14_3_OUT:
 2941 0000 00066CF4 	 .word -194247168
 2942 0004 00D803F0 	 .word -268183552
 2943 0008 03       	 .byte 3
 2944 0009 000000   	 .zero 3
 2945 000c 51000000 	 .word 81
 2946              	 .global IfxAsclin3_SLSO_P10_3_OUT
 2947              	 .section .rodata.IfxAsclin3_SLSO_P10_3_OUT,"a"
 2948              	 .align 2
 2951              	IfxAsclin3_SLSO_P10_3_OUT:
 2952 0000 00066CF4 	 .word -194247168
 2953 0004 00C803F0 	 .word -268187648
 2954 0008 03       	 .byte 3
 2955 0009 000000   	 .zero 3
 2956 000c E1000000 	 .word 225
 2957              	 .global IfxAsclin3_SLSO_P00_3_OUT
 2958              	 .section .rodata.IfxAsclin3_SLSO_P00_3_OUT,"a"
 2959              	 .align 2
 2962              	IfxAsclin3_SLSO_P00_3_OUT:
 2963 0000 00066CF4 	 .word -194247168
 2964 0004 00A003F0 	 .word -268197888
 2965 0008 03       	 .byte 3
 2966 0009 000000   	 .zero 3
 2967 000c 21000000 	 .word 33
 2968              	 .global IfxAsclin3_SLSO_F_P20_1_OUT
 2969              	 .section .rodata.IfxAsclin3_SLSO_F_P20_1_OUT,"a"
 2970              	 .align 2
 2973              	IfxAsclin3_SLSO_F_P20_1_OUT:
 2974 0000 00066CF4 	 .word -194247168
 2975 0004 00F003F0 	 .word -268177408
 2976 0008 01       	 .byte 1
 2977 0009 000000   	 .zero 3
 2978 000c 21000000 	 .word 33
 2979              	 .global IfxAsclin3_SCLK_P33_2_OUT
 2980              	 .section .rodata.IfxAsclin3_SCLK_P33_2_OUT,"a"
 2981              	 .align 2
 2984              	IfxAsclin3_SCLK_P33_2_OUT:
 2985 0000 00066CF4 	 .word -194247168
 2986 0004 002404F0 	 .word -268164096
 2987 0008 02       	 .byte 2
 2988 0009 000000   	 .zero 3
 2989 000c 21000000 	 .word 33
 2990              	 .global IfxAsclin3_SCLK_P21_7_OUT
 2991              	 .section .rodata.IfxAsclin3_SCLK_P21_7_OUT,"a"
 2992              	 .align 2
 2995              	IfxAsclin3_SCLK_P21_7_OUT:
 2996 0000 00066CF4 	 .word -194247168
 2997 0004 00F403F0 	 .word -268176384
 2998 0008 07       	 .byte 7
 2999 0009 000000   	 .zero 3
 3000 000c 31000000 	 .word 49
 3001              	 .global IfxAsclin3_SCLK_P21_5_OUT
 3002              	 .section .rodata.IfxAsclin3_SCLK_P21_5_OUT,"a"
 3003              	 .align 2
 3006              	IfxAsclin3_SCLK_P21_5_OUT:
 3007 0000 00066CF4 	 .word -194247168
 3008 0004 00F403F0 	 .word -268176384
 3009 0008 05       	 .byte 5
 3010 0009 000000   	 .zero 3
 3011 000c 21000000 	 .word 33
 3012              	 .global IfxAsclin3_SCLK_P15_8_OUT
 3013              	 .section .rodata.IfxAsclin3_SCLK_P15_8_OUT,"a"
 3014              	 .align 2
 3017              	IfxAsclin3_SCLK_P15_8_OUT:
 3018 0000 00066CF4 	 .word -194247168
 3019 0004 00DC03F0 	 .word -268182528
 3020 0008 08       	 .byte 8
 3021 0009 000000   	 .zero 3
 3022 000c 61000000 	 .word 97
 3023              	 .global IfxAsclin3_SCLK_P15_6_OUT
 3024              	 .section .rodata.IfxAsclin3_SCLK_P15_6_OUT,"a"
 3025              	 .align 2
 3028              	IfxAsclin3_SCLK_P15_6_OUT:
 3029 0000 00066CF4 	 .word -194247168
 3030 0004 00DC03F0 	 .word -268182528
 3031 0008 06       	 .byte 6
 3032 0009 000000   	 .zero 3
 3033 000c 61000000 	 .word 97
 3034              	 .global IfxAsclin3_SCLK_P00_2_OUT
 3035              	 .section .rodata.IfxAsclin3_SCLK_P00_2_OUT,"a"
 3036              	 .align 2
 3039              	IfxAsclin3_SCLK_P00_2_OUT:
 3040 0000 00066CF4 	 .word -194247168
 3041 0004 00A003F0 	 .word -268197888
 3042 0008 02       	 .byte 2
 3043 0009 000000   	 .zero 3
 3044 000c 21000000 	 .word 33
 3045              	 .global IfxAsclin3_SCLK_P00_0_OUT
 3046              	 .section .rodata.IfxAsclin3_SCLK_P00_0_OUT,"a"
 3047              	 .align 2
 3050              	IfxAsclin3_SCLK_P00_0_OUT:
 3051 0000 00066CF4 	 .word -194247168
 3052 0004 00A003F0 	 .word -268197888
 3053 0008 00       	 .byte 0
 3054 0009 000000   	 .zero 3
 3055 000c 21000000 	 .word 33
 3056              	 .global IfxAsclin3_SCLK_F_P20_0_OUT
 3057              	 .section .rodata.IfxAsclin3_SCLK_F_P20_0_OUT,"a"
 3058              	 .align 2
 3061              	IfxAsclin3_SCLK_F_P20_0_OUT:
 3062 0000 00066CF4 	 .word -194247168
 3063 0004 00F003F0 	 .word -268177408
 3064 0008 00       	 .byte 0
 3065 0009 000000   	 .zero 3
 3066 000c 31000000 	 .word 49
 3067              	 .global IfxAsclin3_RXH_P13_12_IN
 3068              	 .section .rodata.IfxAsclin3_RXH_P13_12_IN,"a"
 3069              	 .align 2
 3072              	IfxAsclin3_RXH_P13_12_IN:
 3073 0000 00066CF4 	 .word -194247168
 3074 0004 00D403F0 	 .word -268184576
 3075 0008 0C       	 .byte 12
 3076 0009 000000   	 .zero 3
 3077 000c 07000000 	 .word 7
 3078              	 .global IfxAsclin3_RXG_P21_3_IN
 3079              	 .section .rodata.IfxAsclin3_RXG_P21_3_IN,"a"
 3080              	 .align 2
 3083              	IfxAsclin3_RXG_P21_3_IN:
 3084 0000 00066CF4 	 .word -194247168
 3085 0004 00F403F0 	 .word -268176384
 3086 0008 03       	 .byte 3
 3087 0009 000000   	 .zero 3
 3088 000c 06000000 	 .word 6
 3089              	 .global IfxAsclin3_RXG_P21_2_IN
 3090              	 .section .rodata.IfxAsclin3_RXG_P21_2_IN,"a"
 3091              	 .align 2
 3094              	IfxAsclin3_RXG_P21_2_IN:
 3095 0000 00066CF4 	 .word -194247168
 3096 0004 00F403F0 	 .word -268176384
 3097 0008 02       	 .byte 2
 3098 0009 000000   	 .zero 3
 3099 000c 06000000 	 .word 6
 3100              	 .global IfxAsclin3_RXF_F_P21_6_IN
 3101              	 .section .rodata.IfxAsclin3_RXF_F_P21_6_IN,"a"
 3102              	 .align 2
 3105              	IfxAsclin3_RXF_F_P21_6_IN:
 3106 0000 00066CF4 	 .word -194247168
 3107 0004 00F403F0 	 .word -268176384
 3108 0008 06       	 .byte 6
 3109 0009 000000   	 .zero 3
 3110 000c 05000000 	 .word 5
 3111              	 .global IfxAsclin3_RXE_P00_1_IN
 3112              	 .section .rodata.IfxAsclin3_RXE_P00_1_IN,"a"
 3113              	 .align 2
 3116              	IfxAsclin3_RXE_P00_1_IN:
 3117 0000 00066CF4 	 .word -194247168
 3118 0004 00A003F0 	 .word -268197888
 3119 0008 01       	 .byte 1
 3120 0009 000000   	 .zero 3
 3121 000c 04000000 	 .word 4
 3122              	 .global IfxAsclin3_RXD_P32_2_IN
 3123              	 .section .rodata.IfxAsclin3_RXD_P32_2_IN,"a"
 3124              	 .align 2
 3127              	IfxAsclin3_RXD_P32_2_IN:
 3128 0000 00066CF4 	 .word -194247168
 3129 0004 002004F0 	 .word -268165120
 3130 0008 02       	 .byte 2
 3131 0009 000000   	 .zero 3
 3132 000c 03000000 	 .word 3
 3133              	 .global IfxAsclin3_RXC_F_P20_3_IN
 3134              	 .section .rodata.IfxAsclin3_RXC_F_P20_3_IN,"a"
 3135              	 .align 2
 3138              	IfxAsclin3_RXC_F_P20_3_IN:
 3139 0000 00066CF4 	 .word -194247168
 3140 0004 00F003F0 	 .word -268177408
 3141 0008 03       	 .byte 3
 3142 0009 000000   	 .zero 3
 3143 000c 02000000 	 .word 2
 3144              	 .global IfxAsclin3_RXA_P15_7_IN
 3145              	 .section .rodata.IfxAsclin3_RXA_P15_7_IN,"a"
 3146              	 .align 2
 3149              	IfxAsclin3_RXA_P15_7_IN:
 3150 0000 00066CF4 	 .word -194247168
 3151 0004 00DC03F0 	 .word -268182528
 3152 0008 07       	 .byte 7
 3153 0009 000000   	 .zero 3
 3154 000c 00000000 	 .word 0
 3155              	 .global IfxAsclin3_RTS_P00_9_OUT
 3156              	 .section .rodata.IfxAsclin3_RTS_P00_9_OUT,"a"
 3157              	 .align 2
 3160              	IfxAsclin3_RTS_P00_9_OUT:
 3161 0000 00066CF4 	 .word -194247168
 3162 0004 00A003F0 	 .word -268197888
 3163 0008 09       	 .byte 9
 3164 0009 000000   	 .zero 3
 3165 000c 31000000 	 .word 49
 3166              	 .global IfxAsclin3_CTSA_P00_12_IN
 3167              	 .section .rodata.IfxAsclin3_CTSA_P00_12_IN,"a"
 3168              	 .align 2
 3171              	IfxAsclin3_CTSA_P00_12_IN:
 3172 0000 00066CF4 	 .word -194247168
 3173 0004 00A003F0 	 .word -268197888
 3174 0008 0C       	 .byte 12
 3175 0009 000000   	 .zero 3
 3176 000c 00000000 	 .word 0
 3177              	 .global IfxAsclin2_TX_P33_9_OUT
 3178              	 .section .rodata.IfxAsclin2_TX_P33_9_OUT,"a"
 3179              	 .align 2
 3182              	IfxAsclin2_TX_P33_9_OUT:
 3183 0000 00046CF4 	 .word -194247680
 3184 0004 002404F0 	 .word -268164096
 3185 0008 09       	 .byte 9
 3186 0009 000000   	 .zero 3
 3187 000c 21000000 	 .word 33
 3188              	 .global IfxAsclin2_TX_P33_8_OUT
 3189              	 .section .rodata.IfxAsclin2_TX_P33_8_OUT,"a"
 3190              	 .align 2
 3193              	IfxAsclin2_TX_P33_8_OUT:
 3194 0000 00046CF4 	 .word -194247680
 3195 0004 002404F0 	 .word -268164096
 3196 0008 08       	 .byte 8
 3197 0009 000000   	 .zero 3
 3198 000c 21000000 	 .word 33
 3199              	 .global IfxAsclin2_TX_P32_5_OUT
 3200              	 .section .rodata.IfxAsclin2_TX_P32_5_OUT,"a"
 3201              	 .align 2
 3204              	IfxAsclin2_TX_P32_5_OUT:
 3205 0000 00046CF4 	 .word -194247680
 3206 0004 002004F0 	 .word -268165120
 3207 0008 05       	 .byte 5
 3208 0009 000000   	 .zero 3
 3209 000c 21000000 	 .word 33
 3210              	 .global IfxAsclin2_TX_P14_3_OUT
 3211              	 .section .rodata.IfxAsclin2_TX_P14_3_OUT,"a"
 3212              	 .align 2
 3215              	IfxAsclin2_TX_P14_3_OUT:
 3216 0000 00046CF4 	 .word -194247680
 3217 0004 00D803F0 	 .word -268183552
 3218 0008 03       	 .byte 3
 3219 0009 000000   	 .zero 3
 3220 000c 21000000 	 .word 33
 3221              	 .global IfxAsclin2_TX_P14_2_OUT
 3222              	 .section .rodata.IfxAsclin2_TX_P14_2_OUT,"a"
 3223              	 .align 2
 3226              	IfxAsclin2_TX_P14_2_OUT:
 3227 0000 00046CF4 	 .word -194247680
 3228 0004 00D803F0 	 .word -268183552
 3229 0008 02       	 .byte 2
 3230 0009 000000   	 .zero 3
 3231 000c 21000000 	 .word 33
 3232              	 .global IfxAsclin2_TX_P03_8_OUT
 3233              	 .section .rodata.IfxAsclin2_TX_P03_8_OUT,"a"
 3234              	 .align 2
 3237              	IfxAsclin2_TX_P03_8_OUT:
 3238 0000 00046CF4 	 .word -194247680
 3239 0004 00AC03F0 	 .word -268194816
 3240 0008 08       	 .byte 8
 3241 0009 000000   	 .zero 3
 3242 000c 31000000 	 .word 49
 3243              	 .global IfxAsclin2_TX_P02_9_OUT
 3244              	 .section .rodata.IfxAsclin2_TX_P02_9_OUT,"a"
 3245              	 .align 2
 3248              	IfxAsclin2_TX_P02_9_OUT:
 3249 0000 00046CF4 	 .word -194247680
 3250 0004 00A803F0 	 .word -268195840
 3251 0008 09       	 .byte 9
 3252 0009 000000   	 .zero 3
 3253 000c 21000000 	 .word 33
 3254              	 .global IfxAsclin2_TX_P02_12_OUT
 3255              	 .section .rodata.IfxAsclin2_TX_P02_12_OUT,"a"
 3256              	 .align 2
 3259              	IfxAsclin2_TX_P02_12_OUT:
 3260 0000 00046CF4 	 .word -194247680
 3261 0004 00A803F0 	 .word -268195840
 3262 0008 0C       	 .byte 12
 3263 0009 000000   	 .zero 3
 3264 000c 71000000 	 .word 113
 3265              	 .global IfxAsclin2_TX_P02_0_OUT
 3266              	 .section .rodata.IfxAsclin2_TX_P02_0_OUT,"a"
 3267              	 .align 2
 3270              	IfxAsclin2_TX_P02_0_OUT:
 3271 0000 00046CF4 	 .word -194247680
 3272 0004 00A803F0 	 .word -268195840
 3273 0008 00       	 .byte 0
 3274 0009 000000   	 .zero 3
 3275 000c 21000000 	 .word 33
 3276              	 .global IfxAsclin2_TX_F_P10_5_OUT
 3277              	 .section .rodata.IfxAsclin2_TX_F_P10_5_OUT,"a"
 3278              	 .align 2
 3281              	IfxAsclin2_TX_F_P10_5_OUT:
 3282 0000 00046CF4 	 .word -194247680
 3283 0004 00C803F0 	 .word -268187648
 3284 0008 05       	 .byte 5
 3285 0009 000000   	 .zero 3
 3286 000c 21000000 	 .word 33
 3287              	 .global IfxAsclin2_TX_F_P10_3_OUT
 3288              	 .section .rodata.IfxAsclin2_TX_F_P10_3_OUT,"a"
 3289              	 .align 2
 3292              	IfxAsclin2_TX_F_P10_3_OUT:
 3293 0000 00046CF4 	 .word -194247680
 3294 0004 00C803F0 	 .word -268187648
 3295 0008 03       	 .byte 3
 3296 0009 000000   	 .zero 3
 3297 000c A1000000 	 .word 161
 3298              	 .global IfxAsclin2_TX_F_P10_2_OUT
 3299              	 .section .rodata.IfxAsclin2_TX_F_P10_2_OUT,"a"
 3300              	 .align 2
 3303              	IfxAsclin2_TX_F_P10_2_OUT:
 3304 0000 00046CF4 	 .word -194247680
 3305 0004 00C803F0 	 .word -268187648
 3306 0008 02       	 .byte 2
 3307 0009 000000   	 .zero 3
 3308 000c A1000000 	 .word 161
 3309              	 .global IfxAsclin2_SLSO_P33_6_OUT
 3310              	 .section .rodata.IfxAsclin2_SLSO_P33_6_OUT,"a"
 3311              	 .align 2
 3314              	IfxAsclin2_SLSO_P33_6_OUT:
 3315 0000 00046CF4 	 .word -194247680
 3316 0004 002404F0 	 .word -268164096
 3317 0008 06       	 .byte 6
 3318 0009 000000   	 .zero 3
 3319 000c 21000000 	 .word 33
 3320              	 .global IfxAsclin2_SLSO_P02_3_OUT
 3321              	 .section .rodata.IfxAsclin2_SLSO_P02_3_OUT,"a"
 3322              	 .align 2
 3325              	IfxAsclin2_SLSO_P02_3_OUT:
 3326 0000 00046CF4 	 .word -194247680
 3327 0004 00A803F0 	 .word -268195840
 3328 0008 03       	 .byte 3
 3329 0009 000000   	 .zero 3
 3330 000c 21000000 	 .word 33
 3331              	 .global IfxAsclin2_SCLK_P33_9_OUT
 3332              	 .section .rodata.IfxAsclin2_SCLK_P33_9_OUT,"a"
 3333              	 .align 2
 3336              	IfxAsclin2_SCLK_P33_9_OUT:
 3337 0000 00046CF4 	 .word -194247680
 3338 0004 002404F0 	 .word -268164096
 3339 0008 09       	 .byte 9
 3340 0009 000000   	 .zero 3
 3341 000c 41000000 	 .word 65
 3342              	 .global IfxAsclin2_SCLK_P33_7_OUT
 3343              	 .section .rodata.IfxAsclin2_SCLK_P33_7_OUT,"a"
 3344              	 .align 2
 3347              	IfxAsclin2_SCLK_P33_7_OUT:
 3348 0000 00046CF4 	 .word -194247680
 3349 0004 002404F0 	 .word -268164096
 3350 0008 07       	 .byte 7
 3351 0009 000000   	 .zero 3
 3352 000c 21000000 	 .word 33
 3353              	 .global IfxAsclin2_SCLK_P14_2_OUT
 3354              	 .section .rodata.IfxAsclin2_SCLK_P14_2_OUT,"a"
 3355              	 .align 2
 3358              	IfxAsclin2_SCLK_P14_2_OUT:
 3359 0000 00046CF4 	 .word -194247680
 3360 0004 00D803F0 	 .word -268183552
 3361 0008 02       	 .byte 2
 3362 0009 000000   	 .zero 3
 3363 000c 61000000 	 .word 97
 3364              	 .global IfxAsclin2_SCLK_P02_4_OUT
 3365              	 .section .rodata.IfxAsclin2_SCLK_P02_4_OUT,"a"
 3366              	 .align 2
 3369              	IfxAsclin2_SCLK_P02_4_OUT:
 3370 0000 00046CF4 	 .word -194247680
 3371 0004 00A803F0 	 .word -268195840
 3372 0008 04       	 .byte 4
 3373 0009 000000   	 .zero 3
 3374 000c 21000000 	 .word 33
 3375              	 .global IfxAsclin2_SCLK_F_P10_6_OUT
 3376              	 .section .rodata.IfxAsclin2_SCLK_F_P10_6_OUT,"a"
 3377              	 .align 2
 3380              	IfxAsclin2_SCLK_F_P10_6_OUT:
 3381 0000 00046CF4 	 .word -194247680
 3382 0004 00C803F0 	 .word -268187648
 3383 0008 06       	 .byte 6
 3384 0009 000000   	 .zero 3
 3385 000c 21000000 	 .word 33
 3386              	 .global IfxAsclin2_SCLK_F_P10_2_OUT
 3387              	 .section .rodata.IfxAsclin2_SCLK_F_P10_2_OUT,"a"
 3388              	 .align 2
 3391              	IfxAsclin2_SCLK_F_P10_2_OUT:
 3392 0000 00046CF4 	 .word -194247680
 3393 0004 00C803F0 	 .word -268187648
 3394 0008 02       	 .byte 2
 3395 0009 000000   	 .zero 3
 3396 000c 61000000 	 .word 97
 3397              	 .global IfxAsclin2_RXH_F_P10_3_IN
 3398              	 .section .rodata.IfxAsclin2_RXH_F_P10_3_IN,"a"
 3399              	 .align 2
 3402              	IfxAsclin2_RXH_F_P10_3_IN:
 3403 0000 00046CF4 	 .word -194247680
 3404 0004 00C803F0 	 .word -268187648
 3405 0008 03       	 .byte 3
 3406 0009 000000   	 .zero 3
 3407 000c 07000000 	 .word 7
 3408              	 .global IfxAsclin2_RXG_P02_0_IN
 3409              	 .section .rodata.IfxAsclin2_RXG_P02_0_IN,"a"
 3410              	 .align 2
 3413              	IfxAsclin2_RXG_P02_0_IN:
 3414 0000 00046CF4 	 .word -194247680
 3415 0004 00A803F0 	 .word -268195840
 3416 0008 00       	 .byte 0
 3417 0009 000000   	 .zero 3
 3418 000c 06000000 	 .word 6
 3419              	 .global IfxAsclin2_RXF_P32_6_IN
 3420              	 .section .rodata.IfxAsclin2_RXF_P32_6_IN,"a"
 3421              	 .align 2
 3424              	IfxAsclin2_RXF_P32_6_IN:
 3425 0000 00046CF4 	 .word -194247680
 3426 0004 002004F0 	 .word -268165120
 3427 0008 06       	 .byte 6
 3428 0009 000000   	 .zero 3
 3429 000c 05000000 	 .word 5
 3430              	 .global IfxAsclin2_RXE_P33_8_IN
 3431              	 .section .rodata.IfxAsclin2_RXE_P33_8_IN,"a"
 3432              	 .align 2
 3435              	IfxAsclin2_RXE_P33_8_IN:
 3436 0000 00046CF4 	 .word -194247680
 3437 0004 002404F0 	 .word -268164096
 3438 0008 08       	 .byte 8
 3439 0009 000000   	 .zero 3
 3440 000c 04000000 	 .word 4
 3441              	 .global IfxAsclin2_RXD_F_P10_6_IN
 3442              	 .section .rodata.IfxAsclin2_RXD_F_P10_6_IN,"a"
 3443              	 .align 2
 3446              	IfxAsclin2_RXD_F_P10_6_IN:
 3447 0000 00046CF4 	 .word -194247680
 3448 0004 00C803F0 	 .word -268187648
 3449 0008 06       	 .byte 6
 3450 0009 000000   	 .zero 3
 3451 000c 03000000 	 .word 3
 3452              	 .global IfxAsclin2_RXC_P02_10_IN
 3453              	 .section .rodata.IfxAsclin2_RXC_P02_10_IN,"a"
 3454              	 .align 2
 3457              	IfxAsclin2_RXC_P02_10_IN:
 3458 0000 00046CF4 	 .word -194247680
 3459 0004 00A803F0 	 .word -268195840
 3460 0008 0A       	 .byte 10
 3461 0009 000000   	 .zero 3
 3462 000c 02000000 	 .word 2
 3463              	 .global IfxAsclin2_RXB_P02_1_IN
 3464              	 .section .rodata.IfxAsclin2_RXB_P02_1_IN,"a"
 3465              	 .align 2
 3468              	IfxAsclin2_RXB_P02_1_IN:
 3469 0000 00046CF4 	 .word -194247680
 3470 0004 00A803F0 	 .word -268195840
 3471 0008 01       	 .byte 1
 3472 0009 000000   	 .zero 3
 3473 000c 01000000 	 .word 1
 3474              	 .global IfxAsclin2_RXA_P14_3_IN
 3475              	 .section .rodata.IfxAsclin2_RXA_P14_3_IN,"a"
 3476              	 .align 2
 3479              	IfxAsclin2_RXA_P14_3_IN:
 3480 0000 00046CF4 	 .word -194247680
 3481 0004 00D803F0 	 .word -268183552
 3482 0008 03       	 .byte 3
 3483 0009 000000   	 .zero 3
 3484 000c 00000000 	 .word 0
 3485              	 .global IfxAsclin2_RTS_P33_4_OUT
 3486              	 .section .rodata.IfxAsclin2_RTS_P33_4_OUT,"a"
 3487              	 .align 2
 3490              	IfxAsclin2_RTS_P33_4_OUT:
 3491 0000 00046CF4 	 .word -194247680
 3492 0004 002404F0 	 .word -268164096
 3493 0008 04       	 .byte 4
 3494 0009 000000   	 .zero 3
 3495 000c 21000000 	 .word 33
 3496              	 .global IfxAsclin2_RTS_F_P10_8_OUT
 3497              	 .section .rodata.IfxAsclin2_RTS_F_P10_8_OUT,"a"
 3498              	 .align 2
 3501              	IfxAsclin2_RTS_F_P10_8_OUT:
 3502 0000 00046CF4 	 .word -194247680
 3503 0004 00C803F0 	 .word -268187648
 3504 0008 08       	 .byte 8
 3505 0009 000000   	 .zero 3
 3506 000c 21000000 	 .word 33
 3507              	 .global IfxAsclin2_CTSB_P33_5_IN
 3508              	 .section .rodata.IfxAsclin2_CTSB_P33_5_IN,"a"
 3509              	 .align 2
 3512              	IfxAsclin2_CTSB_P33_5_IN:
 3513 0000 00046CF4 	 .word -194247680
 3514 0004 002404F0 	 .word -268164096
 3515 0008 05       	 .byte 5
 3516 0009 000000   	 .zero 3
 3517 000c 01000000 	 .word 1
 3518              	 .global IfxAsclin2_CTSA_P10_7_IN
 3519              	 .section .rodata.IfxAsclin2_CTSA_P10_7_IN,"a"
 3520              	 .align 2
 3523              	IfxAsclin2_CTSA_P10_7_IN:
 3524 0000 00046CF4 	 .word -194247680
 3525 0004 00C803F0 	 .word -268187648
 3526 0008 07       	 .byte 7
 3527 0009 000000   	 .zero 3
 3528 000c 00000000 	 .word 0
 3529              	 .global IfxAsclin27_TX_P30_4_OUT
 3530              	 .section .rodata.IfxAsclin27_TX_P30_4_OUT,"a"
 3531              	 .align 2
 3534              	IfxAsclin27_TX_P30_4_OUT:
 3535 0000 00366CF4 	 .word -194234880
 3536 0004 001804F0 	 .word -268167168
 3537 0008 04       	 .byte 4
 3538 0009 000000   	 .zero 3
 3539 000c 61000000 	 .word 97
 3540              	 .global IfxAsclin27_TX_F_P23_4_OUT
 3541              	 .section .rodata.IfxAsclin27_TX_F_P23_4_OUT,"a"
 3542              	 .align 2
 3545              	IfxAsclin27_TX_F_P23_4_OUT:
 3546 0000 00366CF4 	 .word -194234880
 3547 0004 00FC03F0 	 .word -268174336
 3548 0008 04       	 .byte 4
 3549 0009 000000   	 .zero 3
 3550 000c 61000000 	 .word 97
 3551              	 .global IfxAsclin27_TX_F_P22_7_OUT
 3552              	 .section .rodata.IfxAsclin27_TX_F_P22_7_OUT,"a"
 3553              	 .align 2
 3556              	IfxAsclin27_TX_F_P22_7_OUT:
 3557 0000 00366CF4 	 .word -194234880
 3558 0004 00F803F0 	 .word -268175360
 3559 0008 07       	 .byte 7
 3560 0009 000000   	 .zero 3
 3561 000c 51000000 	 .word 81
 3562              	 .global IfxAsclin27_RXC_P30_4_IN
 3563              	 .section .rodata.IfxAsclin27_RXC_P30_4_IN,"a"
 3564              	 .align 2
 3567              	IfxAsclin27_RXC_P30_4_IN:
 3568 0000 00366CF4 	 .word -194234880
 3569 0004 001804F0 	 .word -268167168
 3570 0008 04       	 .byte 4
 3571 0009 000000   	 .zero 3
 3572 000c 02000000 	 .word 2
 3573              	 .global IfxAsclin27_RXB_F_P20_14_IN
 3574              	 .section .rodata.IfxAsclin27_RXB_F_P20_14_IN,"a"
 3575              	 .align 2
 3578              	IfxAsclin27_RXB_F_P20_14_IN:
 3579 0000 00366CF4 	 .word -194234880
 3580 0004 00F003F0 	 .word -268177408
 3581 0008 0E       	 .byte 14
 3582 0009 000000   	 .zero 3
 3583 000c 01000000 	 .word 1
 3584              	 .global IfxAsclin27_RXA_F_P23_4_IN
 3585              	 .section .rodata.IfxAsclin27_RXA_F_P23_4_IN,"a"
 3586              	 .align 2
 3589              	IfxAsclin27_RXA_F_P23_4_IN:
 3590 0000 00366CF4 	 .word -194234880
 3591 0004 00FC03F0 	 .word -268174336
 3592 0008 04       	 .byte 4
 3593 0009 000000   	 .zero 3
 3594 000c 00000000 	 .word 0
 3595              	 .global IfxAsclin26_TX_P03_11_OUT
 3596              	 .section .rodata.IfxAsclin26_TX_P03_11_OUT,"a"
 3597              	 .align 2
 3600              	IfxAsclin26_TX_P03_11_OUT:
 3601 0000 00346CF4 	 .word -194235392
 3602 0004 00AC03F0 	 .word -268194816
 3603 0008 0B       	 .byte 11
 3604 0009 000000   	 .zero 3
 3605 000c 61000000 	 .word 97
 3606              	 .global IfxAsclin26_TX_F_P02_11_OUT
 3607              	 .section .rodata.IfxAsclin26_TX_F_P02_11_OUT,"a"
 3608              	 .align 2
 3611              	IfxAsclin26_TX_F_P02_11_OUT:
 3612 0000 00346CF4 	 .word -194235392
 3613 0004 00A803F0 	 .word -268195840
 3614 0008 0B       	 .byte 11
 3615 0009 000000   	 .zero 3
 3616 000c 71000000 	 .word 113
 3617              	 .global IfxAsclin26_TX_F_P01_7_OUT
 3618              	 .section .rodata.IfxAsclin26_TX_F_P01_7_OUT,"a"
 3619              	 .align 2
 3622              	IfxAsclin26_TX_F_P01_7_OUT:
 3623 0000 00346CF4 	 .word -194235392
 3624 0004 00A403F0 	 .word -268196864
 3625 0008 07       	 .byte 7
 3626 0009 000000   	 .zero 3
 3627 000c 51000000 	 .word 81
 3628              	 .global IfxAsclin26_RXD_P03_13_IN
 3629              	 .section .rodata.IfxAsclin26_RXD_P03_13_IN,"a"
 3630              	 .align 2
 3633              	IfxAsclin26_RXD_P03_13_IN:
 3634 0000 00346CF4 	 .word -194235392
 3635 0004 00AC03F0 	 .word -268194816
 3636 0008 0D       	 .byte 13
 3637 0009 000000   	 .zero 3
 3638 000c 03000000 	 .word 3
 3639              	 .global IfxAsclin26_RXB_F_P02_13_IN
 3640              	 .section .rodata.IfxAsclin26_RXB_F_P02_13_IN,"a"
 3641              	 .align 2
 3644              	IfxAsclin26_RXB_F_P02_13_IN:
 3645 0000 00346CF4 	 .word -194235392
 3646 0004 00A803F0 	 .word -268195840
 3647 0008 0D       	 .byte 13
 3648 0009 000000   	 .zero 3
 3649 000c 01000000 	 .word 1
 3650              	 .global IfxAsclin26_RXA_F_P02_11_IN
 3651              	 .section .rodata.IfxAsclin26_RXA_F_P02_11_IN,"a"
 3652              	 .align 2
 3655              	IfxAsclin26_RXA_F_P02_11_IN:
 3656 0000 00346CF4 	 .word -194235392
 3657 0004 00A803F0 	 .word -268195840
 3658 0008 0B       	 .byte 11
 3659 0009 000000   	 .zero 3
 3660 000c 00000000 	 .word 0
 3661              	 .global IfxAsclin25_TX_F_P33_4_OUT
 3662              	 .section .rodata.IfxAsclin25_TX_F_P33_4_OUT,"a"
 3663              	 .align 2
 3666              	IfxAsclin25_TX_F_P33_4_OUT:
 3667 0000 00326CF4 	 .word -194235904
 3668 0004 002404F0 	 .word -268164096
 3669 0008 04       	 .byte 4
 3670 0009 000000   	 .zero 3
 3671 000c C1000000 	 .word 193
 3672              	 .global IfxAsclin25_TX_F_P32_4_OUT
 3673              	 .section .rodata.IfxAsclin25_TX_F_P32_4_OUT,"a"
 3674              	 .align 2
 3677              	IfxAsclin25_TX_F_P32_4_OUT:
 3678 0000 00326CF4 	 .word -194235904
 3679 0004 002004F0 	 .word -268165120
 3680 0008 04       	 .byte 4
 3681 0009 000000   	 .zero 3
 3682 000c C1000000 	 .word 193
 3683              	 .global IfxAsclin25_RXB_F_P34_1_IN
 3684              	 .section .rodata.IfxAsclin25_RXB_F_P34_1_IN,"a"
 3685              	 .align 2
 3688              	IfxAsclin25_RXB_F_P34_1_IN:
 3689 0000 00326CF4 	 .word -194235904
 3690 0004 002804F0 	 .word -268163072
 3691 0008 01       	 .byte 1
 3692 0009 000000   	 .zero 3
 3693 000c 01000000 	 .word 1
 3694              	 .global IfxAsclin25_RXA_F_P33_4_IN
 3695              	 .section .rodata.IfxAsclin25_RXA_F_P33_4_IN,"a"
 3696              	 .align 2
 3699              	IfxAsclin25_RXA_F_P33_4_IN:
 3700 0000 00326CF4 	 .word -194235904
 3701 0004 002404F0 	 .word -268164096
 3702 0008 04       	 .byte 4
 3703 0009 000000   	 .zero 3
 3704 000c 00000000 	 .word 0
 3705              	 .global IfxAsclin24_TX_F_P00_12_OUT
 3706              	 .section .rodata.IfxAsclin24_TX_F_P00_12_OUT,"a"
 3707              	 .align 2
 3710              	IfxAsclin24_TX_F_P00_12_OUT:
 3711 0000 00306CF4 	 .word -194236416
 3712 0004 00A003F0 	 .word -268197888
 3713 0008 0C       	 .byte 12
 3714 0009 000000   	 .zero 3
 3715 000c 51000000 	 .word 81
 3716              	 .global IfxAsclin24_TX_F_P00_11_OUT
 3717              	 .section .rodata.IfxAsclin24_TX_F_P00_11_OUT,"a"
 3718              	 .align 2
 3721              	IfxAsclin24_TX_F_P00_11_OUT:
 3722 0000 00306CF4 	 .word -194236416
 3723 0004 00A003F0 	 .word -268197888
 3724 0008 0B       	 .byte 11
 3725 0009 000000   	 .zero 3
 3726 000c 51000000 	 .word 81
 3727              	 .global IfxAsclin24_RXB_F_P00_2_IN
 3728              	 .section .rodata.IfxAsclin24_RXB_F_P00_2_IN,"a"
 3729              	 .align 2
 3732              	IfxAsclin24_RXB_F_P00_2_IN:
 3733 0000 00306CF4 	 .word -194236416
 3734 0004 00A003F0 	 .word -268197888
 3735 0008 02       	 .byte 2
 3736 0009 000000   	 .zero 3
 3737 000c 01000000 	 .word 1
 3738              	 .global IfxAsclin24_RXA_F_P00_12_IN
 3739              	 .section .rodata.IfxAsclin24_RXA_F_P00_12_IN,"a"
 3740              	 .align 2
 3743              	IfxAsclin24_RXA_F_P00_12_IN:
 3744 0000 00306CF4 	 .word -194236416
 3745 0004 00A003F0 	 .word -268197888
 3746 0008 0C       	 .byte 12
 3747 0009 000000   	 .zero 3
 3748 000c 00000000 	 .word 0
 3749              	 .global IfxAsclin23_TX_P03_12_OUT
 3750              	 .section .rodata.IfxAsclin23_TX_P03_12_OUT,"a"
 3751              	 .align 2
 3754              	IfxAsclin23_TX_P03_12_OUT:
 3755 0000 002E6CF4 	 .word -194236928
 3756 0004 00AC03F0 	 .word -268194816
 3757 0008 0C       	 .byte 12
 3758 0009 000000   	 .zero 3
 3759 000c 31000000 	 .word 49
 3760              	 .global IfxAsclin23_TX_F_P10_8_OUT
 3761              	 .section .rodata.IfxAsclin23_TX_F_P10_8_OUT,"a"
 3762              	 .align 2
 3765              	IfxAsclin23_TX_F_P10_8_OUT:
 3766 0000 002E6CF4 	 .word -194236928
 3767 0004 00C803F0 	 .word -268187648
 3768 0008 08       	 .byte 8
 3769 0009 000000   	 .zero 3
 3770 000c 41000000 	 .word 65
 3771              	 .global IfxAsclin23_TX_F_P10_7_OUT
 3772              	 .section .rodata.IfxAsclin23_TX_F_P10_7_OUT,"a"
 3773              	 .align 2
 3776              	IfxAsclin23_TX_F_P10_7_OUT:
 3777 0000 002E6CF4 	 .word -194236928
 3778 0004 00C803F0 	 .word -268187648
 3779 0008 07       	 .byte 7
 3780 0009 000000   	 .zero 3
 3781 000c 21000000 	 .word 33
 3782              	 .global IfxAsclin23_RXD_P03_11_IN
 3783              	 .section .rodata.IfxAsclin23_RXD_P03_11_IN,"a"
 3784              	 .align 2
 3787              	IfxAsclin23_RXD_P03_11_IN:
 3788 0000 002E6CF4 	 .word -194236928
 3789 0004 00AC03F0 	 .word -268194816
 3790 0008 0B       	 .byte 11
 3791 0009 000000   	 .zero 3
 3792 000c 03000000 	 .word 3
 3793              	 .global IfxAsclin23_RXC_P03_6_IN
 3794              	 .section .rodata.IfxAsclin23_RXC_P03_6_IN,"a"
 3795              	 .align 2
 3798              	IfxAsclin23_RXC_P03_6_IN:
 3799 0000 002E6CF4 	 .word -194236928
 3800 0004 00AC03F0 	 .word -268194816
 3801 0008 06       	 .byte 6
 3802 0009 000000   	 .zero 3
 3803 000c 02000000 	 .word 2
 3804              	 .global IfxAsclin23_RXB_P10_7_IN
 3805              	 .section .rodata.IfxAsclin23_RXB_P10_7_IN,"a"
 3806              	 .align 2
 3809              	IfxAsclin23_RXB_P10_7_IN:
 3810 0000 002E6CF4 	 .word -194236928
 3811 0004 00C803F0 	 .word -268187648
 3812 0008 07       	 .byte 7
 3813 0009 000000   	 .zero 3
 3814 000c 01000000 	 .word 1
 3815              	 .global IfxAsclin23_RXA_F_P10_6_IN
 3816              	 .section .rodata.IfxAsclin23_RXA_F_P10_6_IN,"a"
 3817              	 .align 2
 3820              	IfxAsclin23_RXA_F_P10_6_IN:
 3821 0000 002E6CF4 	 .word -194236928
 3822 0004 00C803F0 	 .word -268187648
 3823 0008 06       	 .byte 6
 3824 0009 000000   	 .zero 3
 3825 000c 00000000 	 .word 0
 3826              	 .global IfxAsclin22_TX_P10_5_OUT
 3827              	 .section .rodata.IfxAsclin22_TX_P10_5_OUT,"a"
 3828              	 .align 2
 3831              	IfxAsclin22_TX_P10_5_OUT:
 3832 0000 002C6CF4 	 .word -194237440
 3833 0004 00C803F0 	 .word -268187648
 3834 0008 05       	 .byte 5
 3835 0009 000000   	 .zero 3
 3836 000c 61000000 	 .word 97
 3837              	 .global IfxAsclin22_TX_F_P10_4_OUT
 3838              	 .section .rodata.IfxAsclin22_TX_F_P10_4_OUT,"a"
 3839              	 .align 2
 3842              	IfxAsclin22_TX_F_P10_4_OUT:
 3843 0000 002C6CF4 	 .word -194237440
 3844 0004 00C803F0 	 .word -268187648
 3845 0008 04       	 .byte 4
 3846 0009 000000   	 .zero 3
 3847 000c 21000000 	 .word 33
 3848              	 .global IfxAsclin22_TX_F_P10_0_OUT
 3849              	 .section .rodata.IfxAsclin22_TX_F_P10_0_OUT,"a"
 3850              	 .align 2
 3853              	IfxAsclin22_TX_F_P10_0_OUT:
 3854 0000 002C6CF4 	 .word -194237440
 3855 0004 00C803F0 	 .word -268187648
 3856 0008 00       	 .byte 0
 3857 0009 000000   	 .zero 3
 3858 000c 61000000 	 .word 97
 3859              	 .global IfxAsclin22_RXC_F_P10_2_IN
 3860              	 .section .rodata.IfxAsclin22_RXC_F_P10_2_IN,"a"
 3861              	 .align 2
 3864              	IfxAsclin22_RXC_F_P10_2_IN:
 3865 0000 002C6CF4 	 .word -194237440
 3866 0004 00C803F0 	 .word -268187648
 3867 0008 02       	 .byte 2
 3868 0009 000000   	 .zero 3
 3869 000c 02000000 	 .word 2
 3870              	 .global IfxAsclin22_RXB_F_P10_5_IN
 3871              	 .section .rodata.IfxAsclin22_RXB_F_P10_5_IN,"a"
 3872              	 .align 2
 3875              	IfxAsclin22_RXB_F_P10_5_IN:
 3876 0000 002C6CF4 	 .word -194237440
 3877 0004 00C803F0 	 .word -268187648
 3878 0008 05       	 .byte 5
 3879 0009 000000   	 .zero 3
 3880 000c 01000000 	 .word 1
 3881              	 .global IfxAsclin22_RXA_F_P10_4_IN
 3882              	 .section .rodata.IfxAsclin22_RXA_F_P10_4_IN,"a"
 3883              	 .align 2
 3886              	IfxAsclin22_RXA_F_P10_4_IN:
 3887 0000 002C6CF4 	 .word -194237440
 3888 0004 00C803F0 	 .word -268187648
 3889 0008 04       	 .byte 4
 3890 0009 000000   	 .zero 3
 3891 000c 00000000 	 .word 0
 3892              	 .global IfxAsclin21_TX_F_P13_3_OUT
 3893              	 .section .rodata.IfxAsclin21_TX_F_P13_3_OUT,"a"
 3894              	 .align 2
 3897              	IfxAsclin21_TX_F_P13_3_OUT:
 3898 0000 002A6CF4 	 .word -194237952
 3899 0004 00D403F0 	 .word -268184576
 3900 0008 03       	 .byte 3
 3901 0009 000000   	 .zero 3
 3902 000c 61000000 	 .word 97
 3903              	 .global IfxAsclin21_TX_F_P13_2_OUT
 3904              	 .section .rodata.IfxAsclin21_TX_F_P13_2_OUT,"a"
 3905              	 .align 2
 3908              	IfxAsclin21_TX_F_P13_2_OUT:
 3909 0000 002A6CF4 	 .word -194237952
 3910 0004 00D403F0 	 .word -268184576
 3911 0008 02       	 .byte 2
 3912 0009 000000   	 .zero 3
 3913 000c 71000000 	 .word 113
 3914              	 .global IfxAsclin21_RXF_F_P13_15_IN
 3915              	 .section .rodata.IfxAsclin21_RXF_F_P13_15_IN,"a"
 3916              	 .align 2
 3919              	IfxAsclin21_RXF_F_P13_15_IN:
 3920 0000 002A6CF4 	 .word -194237952
 3921 0004 00D403F0 	 .word -268184576
 3922 0008 0F       	 .byte 15
 3923 0009 000000   	 .zero 3
 3924 000c 05000000 	 .word 5
 3925              	 .global IfxAsclin21_RXB_P13_3_IN
 3926              	 .section .rodata.IfxAsclin21_RXB_P13_3_IN,"a"
 3927              	 .align 2
 3930              	IfxAsclin21_RXB_P13_3_IN:
 3931 0000 002A6CF4 	 .word -194237952
 3932 0004 00D403F0 	 .word -268184576
 3933 0008 03       	 .byte 3
 3934 0009 000000   	 .zero 3
 3935 000c 01000000 	 .word 1
 3936              	 .global IfxAsclin21_RXA_F_P13_0_IN
 3937              	 .section .rodata.IfxAsclin21_RXA_F_P13_0_IN,"a"
 3938              	 .align 2
 3941              	IfxAsclin21_RXA_F_P13_0_IN:
 3942 0000 002A6CF4 	 .word -194237952
 3943 0004 00D403F0 	 .word -268184576
 3944 0008 00       	 .byte 0
 3945 0009 000000   	 .zero 3
 3946 000c 00000000 	 .word 0
 3947              	 .global IfxAsclin20_TX_P14_8_OUT
 3948              	 .section .rodata.IfxAsclin20_TX_P14_8_OUT,"a"
 3949              	 .align 2
 3952              	IfxAsclin20_TX_P14_8_OUT:
 3953 0000 00286CF4 	 .word -194238464
 3954 0004 00D803F0 	 .word -268183552
 3955 0008 08       	 .byte 8
 3956 0009 000000   	 .zero 3
 3957 000c 71000000 	 .word 113
 3958              	 .global IfxAsclin20_TX_P14_7_OUT
 3959              	 .section .rodata.IfxAsclin20_TX_P14_7_OUT,"a"
 3960              	 .align 2
 3963              	IfxAsclin20_TX_P14_7_OUT:
 3964 0000 00286CF4 	 .word -194238464
 3965 0004 00D803F0 	 .word -268183552
 3966 0008 07       	 .byte 7
 3967 0009 000000   	 .zero 3
 3968 000c 71000000 	 .word 113
 3969              	 .global IfxAsclin20_TX_P04_0_OUT
 3970              	 .section .rodata.IfxAsclin20_TX_P04_0_OUT,"a"
 3971              	 .align 2
 3974              	IfxAsclin20_TX_P04_0_OUT:
 3975 0000 00286CF4 	 .word -194238464
 3976 0004 00B003F0 	 .word -268193792
 3977 0008 00       	 .byte 0
 3978 0009 000000   	 .zero 3
 3979 000c 21000000 	 .word 33
 3980              	 .global IfxAsclin20_TX_F_P10_8_OUT
 3981              	 .section .rodata.IfxAsclin20_TX_F_P10_8_OUT,"a"
 3982              	 .align 2
 3985              	IfxAsclin20_TX_F_P10_8_OUT:
 3986 0000 00286CF4 	 .word -194238464
 3987 0004 00C803F0 	 .word -268187648
 3988 0008 08       	 .byte 8
 3989 0009 000000   	 .zero 3
 3990 000c 71000000 	 .word 113
 3991              	 .global IfxAsclin20_TX_F_P10_7_OUT
 3992              	 .section .rodata.IfxAsclin20_TX_F_P10_7_OUT,"a"
 3993              	 .align 2
 3996              	IfxAsclin20_TX_F_P10_7_OUT:
 3997 0000 00286CF4 	 .word -194238464
 3998 0004 00C803F0 	 .word -268187648
 3999 0008 07       	 .byte 7
 4000 0009 000000   	 .zero 3
 4001 000c F1000000 	 .word 241
 4002              	 .global IfxAsclin20_RXE_P14_13_IN
 4003              	 .section .rodata.IfxAsclin20_RXE_P14_13_IN,"a"
 4004              	 .align 2
 4007              	IfxAsclin20_RXE_P14_13_IN:
 4008 0000 00286CF4 	 .word -194238464
 4009 0004 00D803F0 	 .word -268183552
 4010 0008 0D       	 .byte 13
 4011 0009 000000   	 .zero 3
 4012 000c 04000000 	 .word 4
 4013              	 .global IfxAsclin20_RXD_P04_1_IN
 4014              	 .section .rodata.IfxAsclin20_RXD_P04_1_IN,"a"
 4015              	 .align 2
 4018              	IfxAsclin20_RXD_P04_1_IN:
 4019 0000 00286CF4 	 .word -194238464
 4020 0004 00B003F0 	 .word -268193792
 4021 0008 01       	 .byte 1
 4022 0009 000000   	 .zero 3
 4023 000c 03000000 	 .word 3
 4024              	 .global IfxAsclin20_RXC_F_P10_7_IN
 4025              	 .section .rodata.IfxAsclin20_RXC_F_P10_7_IN,"a"
 4026              	 .align 2
 4029              	IfxAsclin20_RXC_F_P10_7_IN:
 4030 0000 00286CF4 	 .word -194238464
 4031 0004 00C803F0 	 .word -268187648
 4032 0008 07       	 .byte 7
 4033 0009 000000   	 .zero 3
 4034 000c 02000000 	 .word 2
 4035              	 .global IfxAsclin20_RXB_P14_9_IN
 4036              	 .section .rodata.IfxAsclin20_RXB_P14_9_IN,"a"
 4037              	 .align 2
 4040              	IfxAsclin20_RXB_P14_9_IN:
 4041 0000 00286CF4 	 .word -194238464
 4042 0004 00D803F0 	 .word -268183552
 4043 0008 09       	 .byte 9
 4044 0009 000000   	 .zero 3
 4045 000c 01000000 	 .word 1
 4046              	 .global IfxAsclin20_RXA_P14_7_IN
 4047              	 .section .rodata.IfxAsclin20_RXA_P14_7_IN,"a"
 4048              	 .align 2
 4051              	IfxAsclin20_RXA_P14_7_IN:
 4052 0000 00286CF4 	 .word -194238464
 4053 0004 00D803F0 	 .word -268183552
 4054 0008 07       	 .byte 7
 4055 0009 000000   	 .zero 3
 4056 000c 00000000 	 .word 0
 4057              	 .global IfxAsclin1_TX_P33_13_OUT
 4058              	 .section .rodata.IfxAsclin1_TX_P33_13_OUT,"a"
 4059              	 .align 2
 4062              	IfxAsclin1_TX_P33_13_OUT:
 4063 0000 00026CF4 	 .word -194248192
 4064 0004 002404F0 	 .word -268164096
 4065 0008 0D       	 .byte 13
 4066 0009 000000   	 .zero 3
 4067 000c 21000000 	 .word 33
 4068              	 .global IfxAsclin1_TX_P33_12_OUT
 4069              	 .section .rodata.IfxAsclin1_TX_P33_12_OUT,"a"
 4070              	 .align 2
 4073              	IfxAsclin1_TX_P33_12_OUT:
 4074 0000 00026CF4 	 .word -194248192
 4075 0004 002404F0 	 .word -268164096
 4076 0008 0C       	 .byte 12
 4077 0009 000000   	 .zero 3
 4078 000c 21000000 	 .word 33
 4079              	 .global IfxAsclin1_TX_P20_10_OUT
 4080              	 .section .rodata.IfxAsclin1_TX_P20_10_OUT,"a"
 4081              	 .align 2
 4084              	IfxAsclin1_TX_P20_10_OUT:
 4085 0000 00026CF4 	 .word -194248192
 4086 0004 00F003F0 	 .word -268177408
 4087 0008 0A       	 .byte 10
 4088 0009 000000   	 .zero 3
 4089 000c 21000000 	 .word 33
 4090              	 .global IfxAsclin1_TX_P16_14_OUT
 4091              	 .section .rodata.IfxAsclin1_TX_P16_14_OUT,"a"
 4092              	 .align 2
 4095              	IfxAsclin1_TX_P16_14_OUT:
 4096 0000 00026CF4 	 .word -194248192
 4097 0004 00E003F0 	 .word -268181504
 4098 0008 0E       	 .byte 14
 4099 0009 000000   	 .zero 3
 4100 000c 21000000 	 .word 33
 4101              	 .global IfxAsclin1_TX_P14_15_OUT
 4102              	 .section .rodata.IfxAsclin1_TX_P14_15_OUT,"a"
 4103              	 .align 2
 4106              	IfxAsclin1_TX_P14_15_OUT:
 4107 0000 00026CF4 	 .word -194248192
 4108 0004 00D803F0 	 .word -268183552
 4109 0008 0F       	 .byte 15
 4110 0009 000000   	 .zero 3
 4111 000c 21000000 	 .word 33
 4112              	 .global IfxAsclin1_TX_P14_10_OUT
 4113              	 .section .rodata.IfxAsclin1_TX_P14_10_OUT,"a"
 4114              	 .align 2
 4117              	IfxAsclin1_TX_P14_10_OUT:
 4118 0000 00026CF4 	 .word -194248192
 4119 0004 00D803F0 	 .word -268183552
 4120 0008 0A       	 .byte 10
 4121 0009 000000   	 .zero 3
 4122 000c 41000000 	 .word 65
 4123              	 .global IfxAsclin1_TX_P10_15_OUT
 4124              	 .section .rodata.IfxAsclin1_TX_P10_15_OUT,"a"
 4125              	 .align 2
 4128              	IfxAsclin1_TX_P10_15_OUT:
 4129 0000 00026CF4 	 .word -194248192
 4130 0004 00C803F0 	 .word -268187648
 4131 0008 0F       	 .byte 15
 4132 0009 000000   	 .zero 3
 4133 000c 21000000 	 .word 33
 4134              	 .global IfxAsclin1_TX_P10_10_OUT
 4135              	 .section .rodata.IfxAsclin1_TX_P10_10_OUT,"a"
 4136              	 .align 2
 4139              	IfxAsclin1_TX_P10_10_OUT:
 4140 0000 00026CF4 	 .word -194248192
 4141 0004 00C803F0 	 .word -268187648
 4142 0008 0A       	 .byte 10
 4143 0009 000000   	 .zero 3
 4144 000c 41000000 	 .word 65
 4145              	 .global IfxAsclin1_TX_P03_2_OUT
 4146              	 .section .rodata.IfxAsclin1_TX_P03_2_OUT,"a"
 4147              	 .align 2
 4150              	IfxAsclin1_TX_P03_2_OUT:
 4151 0000 00026CF4 	 .word -194248192
 4152 0004 00AC03F0 	 .word -268194816
 4153 0008 02       	 .byte 2
 4154 0009 000000   	 .zero 3
 4155 000c 21000000 	 .word 33
 4156              	 .global IfxAsclin1_TX_P02_2_OUT
 4157              	 .section .rodata.IfxAsclin1_TX_P02_2_OUT,"a"
 4158              	 .align 2
 4161              	IfxAsclin1_TX_P02_2_OUT:
 4162 0000 00026CF4 	 .word -194248192
 4163 0004 00A803F0 	 .word -268195840
 4164 0008 02       	 .byte 2
 4165 0009 000000   	 .zero 3
 4166 000c 21000000 	 .word 33
 4167              	 .global IfxAsclin1_TX_F_P15_5_OUT
 4168              	 .section .rodata.IfxAsclin1_TX_F_P15_5_OUT,"a"
 4169              	 .align 2
 4172              	IfxAsclin1_TX_F_P15_5_OUT:
 4173 0000 00026CF4 	 .word -194248192
 4174 0004 00DC03F0 	 .word -268182528
 4175 0008 05       	 .byte 5
 4176 0009 000000   	 .zero 3
 4177 000c 21000000 	 .word 33
 4178              	 .global IfxAsclin1_TX_F_P15_4_OUT
 4179              	 .section .rodata.IfxAsclin1_TX_F_P15_4_OUT,"a"
 4180              	 .align 2
 4183              	IfxAsclin1_TX_F_P15_4_OUT:
 4184 0000 00026CF4 	 .word -194248192
 4185 0004 00DC03F0 	 .word -268182528
 4186 0008 04       	 .byte 4
 4187 0009 000000   	 .zero 3
 4188 000c 21000000 	 .word 33
 4189              	 .global IfxAsclin1_TX_F_P15_2_OUT
 4190              	 .section .rodata.IfxAsclin1_TX_F_P15_2_OUT,"a"
 4191              	 .align 2
 4194              	IfxAsclin1_TX_F_P15_2_OUT:
 4195 0000 00026CF4 	 .word -194248192
 4196 0004 00DC03F0 	 .word -268182528
 4197 0008 02       	 .byte 2
 4198 0009 000000   	 .zero 3
 4199 000c 41000000 	 .word 65
 4200              	 .global IfxAsclin1_TX_F_P15_1_OUT
 4201              	 .section .rodata.IfxAsclin1_TX_F_P15_1_OUT,"a"
 4202              	 .align 2
 4205              	IfxAsclin1_TX_F_P15_1_OUT:
 4206 0000 00026CF4 	 .word -194248192
 4207 0004 00DC03F0 	 .word -268182528
 4208 0008 01       	 .byte 1
 4209 0009 000000   	 .zero 3
 4210 000c 21000000 	 .word 33
 4211              	 .global IfxAsclin1_TX_F_P15_0_OUT
 4212              	 .section .rodata.IfxAsclin1_TX_F_P15_0_OUT,"a"
 4213              	 .align 2
 4216              	IfxAsclin1_TX_F_P15_0_OUT:
 4217 0000 00026CF4 	 .word -194248192
 4218 0004 00DC03F0 	 .word -268182528
 4219 0008 00       	 .byte 0
 4220 0009 000000   	 .zero 3
 4221 000c 21000000 	 .word 33
 4222              	 .global IfxAsclin1_SLSO_P33_10_OUT
 4223              	 .section .rodata.IfxAsclin1_SLSO_P33_10_OUT,"a"
 4224              	 .align 2
 4227              	IfxAsclin1_SLSO_P33_10_OUT:
 4228 0000 00026CF4 	 .word -194248192
 4229 0004 002404F0 	 .word -268164096
 4230 0008 0A       	 .byte 10
 4231 0009 000000   	 .zero 3
 4232 000c 41000000 	 .word 65
 4233              	 .global IfxAsclin1_SLSO_P20_8_OUT
 4234              	 .section .rodata.IfxAsclin1_SLSO_P20_8_OUT,"a"
 4235              	 .align 2
 4238              	IfxAsclin1_SLSO_P20_8_OUT:
 4239 0000 00026CF4 	 .word -194248192
 4240 0004 00F003F0 	 .word -268177408
 4241 0008 08       	 .byte 8
 4242 0009 000000   	 .zero 3
 4243 000c 21000000 	 .word 33
 4244              	 .global IfxAsclin1_SLSO_P14_3_OUT
 4245              	 .section .rodata.IfxAsclin1_SLSO_P14_3_OUT,"a"
 4246              	 .align 2
 4249              	IfxAsclin1_SLSO_P14_3_OUT:
 4250 0000 00026CF4 	 .word -194248192
 4251 0004 00D803F0 	 .word -268183552
 4252 0008 03       	 .byte 3
 4253 0009 000000   	 .zero 3
 4254 000c 41000000 	 .word 65
 4255              	 .global IfxAsclin1_SLSO_P10_3_OUT
 4256              	 .section .rodata.IfxAsclin1_SLSO_P10_3_OUT,"a"
 4257              	 .align 2
 4260              	IfxAsclin1_SLSO_P10_3_OUT:
 4261 0000 00026CF4 	 .word -194248192
 4262 0004 00C803F0 	 .word -268187648
 4263 0008 03       	 .byte 3
 4264 0009 000000   	 .zero 3
 4265 000c D1000000 	 .word 209
 4266              	 .global IfxAsclin1_SCLK_P33_12_OUT
 4267              	 .section .rodata.IfxAsclin1_SCLK_P33_12_OUT,"a"
 4268              	 .align 2
 4271              	IfxAsclin1_SCLK_P33_12_OUT:
 4272 0000 00026CF4 	 .word -194248192
 4273 0004 002404F0 	 .word -268164096
 4274 0008 0C       	 .byte 12
 4275 0009 000000   	 .zero 3
 4276 000c 41000000 	 .word 65
 4277              	 .global IfxAsclin1_SCLK_P33_11_OUT
 4278              	 .section .rodata.IfxAsclin1_SCLK_P33_11_OUT,"a"
 4279              	 .align 2
 4282              	IfxAsclin1_SCLK_P33_11_OUT:
 4283 0000 00026CF4 	 .word -194248192
 4284 0004 002404F0 	 .word -268164096
 4285 0008 0B       	 .byte 11
 4286 0009 000000   	 .zero 3
 4287 000c 21000000 	 .word 33
 4288              	 .global IfxAsclin1_SCLK_P20_10_OUT
 4289              	 .section .rodata.IfxAsclin1_SCLK_P20_10_OUT,"a"
 4290              	 .align 2
 4293              	IfxAsclin1_SCLK_P20_10_OUT:
 4294 0000 00026CF4 	 .word -194248192
 4295 0004 00F003F0 	 .word -268177408
 4296 0008 0A       	 .byte 10
 4297 0009 000000   	 .zero 3
 4298 000c 61000000 	 .word 97
 4299              	 .global IfxAsclin1_SCLK_F_P15_0_OUT
 4300              	 .section .rodata.IfxAsclin1_SCLK_F_P15_0_OUT,"a"
 4301              	 .align 2
 4304              	IfxAsclin1_SCLK_F_P15_0_OUT:
 4305 0000 00026CF4 	 .word -194248192
 4306 0004 00DC03F0 	 .word -268182528
 4307 0008 00       	 .byte 0
 4308 0009 000000   	 .zero 3
 4309 000c 61000000 	 .word 97
 4310              	 .global IfxAsclin1_RXH_P16_6_IN
 4311              	 .section .rodata.IfxAsclin1_RXH_P16_6_IN,"a"
 4312              	 .align 2
 4315              	IfxAsclin1_RXH_P16_6_IN:
 4316 0000 00026CF4 	 .word -194248192
 4317 0004 00E003F0 	 .word -268181504
 4318 0008 06       	 .byte 6
 4319 0009 000000   	 .zero 3
 4320 000c 07000000 	 .word 7
 4321              	 .global IfxAsclin1_RXG_P02_3_IN
 4322              	 .section .rodata.IfxAsclin1_RXG_P02_3_IN,"a"
 4323              	 .align 2
 4326              	IfxAsclin1_RXG_P02_3_IN:
 4327 0000 00026CF4 	 .word -194248192
 4328 0004 00A803F0 	 .word -268195840
 4329 0008 03       	 .byte 3
 4330 0009 000000   	 .zero 3
 4331 000c 06000000 	 .word 6
 4332              	 .global IfxAsclin1_RXF_P33_13_IN
 4333              	 .section .rodata.IfxAsclin1_RXF_P33_13_IN,"a"
 4334              	 .align 2
 4337              	IfxAsclin1_RXF_P33_13_IN:
 4338 0000 00026CF4 	 .word -194248192
 4339 0004 002404F0 	 .word -268164096
 4340 0008 0D       	 .byte 13
 4341 0009 000000   	 .zero 3
 4342 000c 05000000 	 .word 5
 4343              	 .global IfxAsclin1_RXD_P14_8_IN
 4344              	 .section .rodata.IfxAsclin1_RXD_P14_8_IN,"a"
 4345              	 .align 2
 4348              	IfxAsclin1_RXD_P14_8_IN:
 4349 0000 00026CF4 	 .word -194248192
 4350 0004 00D803F0 	 .word -268183552
 4351 0008 08       	 .byte 8
 4352 0009 000000   	 .zero 3
 4353 000c 03000000 	 .word 3
 4354              	 .global IfxAsclin1_RXC_P20_9_IN
 4355              	 .section .rodata.IfxAsclin1_RXC_P20_9_IN,"a"
 4356              	 .align 2
 4359              	IfxAsclin1_RXC_P20_9_IN:
 4360 0000 00026CF4 	 .word -194248192
 4361 0004 00F003F0 	 .word -268177408
 4362 0008 09       	 .byte 9
 4363 0009 000000   	 .zero 3
 4364 000c 02000000 	 .word 2
 4365              	 .global IfxAsclin1_RXB_F_P15_5_IN
 4366              	 .section .rodata.IfxAsclin1_RXB_F_P15_5_IN,"a"
 4367              	 .align 2
 4370              	IfxAsclin1_RXB_F_P15_5_IN:
 4371 0000 00026CF4 	 .word -194248192
 4372 0004 00DC03F0 	 .word -268182528
 4373 0008 05       	 .byte 5
 4374 0009 000000   	 .zero 3
 4375 000c 01000000 	 .word 1
 4376              	 .global IfxAsclin1_RXA_F_P15_1_IN
 4377              	 .section .rodata.IfxAsclin1_RXA_F_P15_1_IN,"a"
 4378              	 .align 2
 4381              	IfxAsclin1_RXA_F_P15_1_IN:
 4382 0000 00026CF4 	 .word -194248192
 4383 0004 00DC03F0 	 .word -268182528
 4384 0008 01       	 .byte 1
 4385 0009 000000   	 .zero 3
 4386 000c 00000000 	 .word 0
 4387              	 .global IfxAsclin1_RTS_P23_1_OUT
 4388              	 .section .rodata.IfxAsclin1_RTS_P23_1_OUT,"a"
 4389              	 .align 2
 4392              	IfxAsclin1_RTS_P23_1_OUT:
 4393 0000 00026CF4 	 .word -194248192
 4394 0004 00FC03F0 	 .word -268174336
 4395 0008 01       	 .byte 1
 4396 0009 000000   	 .zero 3
 4397 000c 21000000 	 .word 33
 4398              	 .global IfxAsclin1_RTS_P20_6_OUT
 4399              	 .section .rodata.IfxAsclin1_RTS_P20_6_OUT,"a"
 4400              	 .align 2
 4403              	IfxAsclin1_RTS_P20_6_OUT:
 4404 0000 00026CF4 	 .word -194248192
 4405 0004 00F003F0 	 .word -268177408
 4406 0008 06       	 .byte 6
 4407 0009 000000   	 .zero 3
 4408 000c 21000000 	 .word 33
 4409              	 .global IfxAsclin1_CTSB_P32_4_IN
 4410              	 .section .rodata.IfxAsclin1_CTSB_P32_4_IN,"a"
 4411              	 .align 2
 4414              	IfxAsclin1_CTSB_P32_4_IN:
 4415 0000 00026CF4 	 .word -194248192
 4416 0004 002004F0 	 .word -268165120
 4417 0008 04       	 .byte 4
 4418 0009 000000   	 .zero 3
 4419 000c 01000000 	 .word 1
 4420              	 .global IfxAsclin1_CTSA_P20_7_IN
 4421              	 .section .rodata.IfxAsclin1_CTSA_P20_7_IN,"a"
 4422              	 .align 2
 4425              	IfxAsclin1_CTSA_P20_7_IN:
 4426 0000 00026CF4 	 .word -194248192
 4427 0004 00F003F0 	 .word -268177408
 4428 0008 07       	 .byte 7
 4429 0009 000000   	 .zero 3
 4430 000c 00000000 	 .word 0
 4431              	 .global IfxAsclin19_TX_P13_4_OUT
 4432              	 .section .rodata.IfxAsclin19_TX_P13_4_OUT,"a"
 4433              	 .align 2
 4436              	IfxAsclin19_TX_P13_4_OUT:
 4437 0000 00266CF4 	 .word -194238976
 4438 0004 00D403F0 	 .word -268184576
 4439 0008 04       	 .byte 4
 4440 0009 000000   	 .zero 3
 4441 000c 31000000 	 .word 49
 4442              	 .global IfxAsclin19_TX_P03_6_OUT
 4443              	 .section .rodata.IfxAsclin19_TX_P03_6_OUT,"a"
 4444              	 .align 2
 4447              	IfxAsclin19_TX_P03_6_OUT:
 4448 0000 00266CF4 	 .word -194238976
 4449 0004 00AC03F0 	 .word -268194816
 4450 0008 06       	 .byte 6
 4451 0009 000000   	 .zero 3
 4452 000c 21000000 	 .word 33
 4453              	 .global IfxAsclin19_TX_P03_4_OUT
 4454              	 .section .rodata.IfxAsclin19_TX_P03_4_OUT,"a"
 4455              	 .align 2
 4458              	IfxAsclin19_TX_P03_4_OUT:
 4459 0000 00266CF4 	 .word -194238976
 4460 0004 00AC03F0 	 .word -268194816
 4461 0008 04       	 .byte 4
 4462 0009 000000   	 .zero 3
 4463 000c 51000000 	 .word 81
 4464              	 .global IfxAsclin19_TX_F_P15_7_OUT
 4465              	 .section .rodata.IfxAsclin19_TX_F_P15_7_OUT,"a"
 4466              	 .align 2
 4469              	IfxAsclin19_TX_F_P15_7_OUT:
 4470 0000 00266CF4 	 .word -194238976
 4471 0004 00DC03F0 	 .word -268182528
 4472 0008 07       	 .byte 7
 4473 0009 000000   	 .zero 3
 4474 000c 41000000 	 .word 65
 4475              	 .global IfxAsclin19_TX_F_P15_4_OUT
 4476              	 .section .rodata.IfxAsclin19_TX_F_P15_4_OUT,"a"
 4477              	 .align 2
 4480              	IfxAsclin19_TX_F_P15_4_OUT:
 4481 0000 00266CF4 	 .word -194238976
 4482 0004 00DC03F0 	 .word -268182528
 4483 0008 04       	 .byte 4
 4484 0009 000000   	 .zero 3
 4485 000c 41000000 	 .word 65
 4486              	 .global IfxAsclin19_TX_F_P15_12_OUT
 4487              	 .section .rodata.IfxAsclin19_TX_F_P15_12_OUT,"a"
 4488              	 .align 2
 4491              	IfxAsclin19_TX_F_P15_12_OUT:
 4492 0000 00266CF4 	 .word -194238976
 4493 0004 00DC03F0 	 .word -268182528
 4494 0008 0C       	 .byte 12
 4495 0009 000000   	 .zero 3
 4496 000c 21000000 	 .word 33
 4497              	 .global IfxAsclin19_RXF_P13_4_IN
 4498              	 .section .rodata.IfxAsclin19_RXF_P13_4_IN,"a"
 4499              	 .align 2
 4502              	IfxAsclin19_RXF_P13_4_IN:
 4503 0000 00266CF4 	 .word -194238976
 4504 0004 00D403F0 	 .word -268184576
 4505 0008 04       	 .byte 4
 4506 0009 000000   	 .zero 3
 4507 000c 05000000 	 .word 5
 4508              	 .global IfxAsclin19_RXE_P13_7_IN
 4509              	 .section .rodata.IfxAsclin19_RXE_P13_7_IN,"a"
 4510              	 .align 2
 4513              	IfxAsclin19_RXE_P13_7_IN:
 4514 0000 00266CF4 	 .word -194238976
 4515 0004 00D403F0 	 .word -268184576
 4516 0008 07       	 .byte 7
 4517 0009 000000   	 .zero 3
 4518 000c 04000000 	 .word 4
 4519              	 .global IfxAsclin19_RXD_F_P15_10_IN
 4520              	 .section .rodata.IfxAsclin19_RXD_F_P15_10_IN,"a"
 4521              	 .align 2
 4524              	IfxAsclin19_RXD_F_P15_10_IN:
 4525 0000 00266CF4 	 .word -194238976
 4526 0004 00DC03F0 	 .word -268182528
 4527 0008 0A       	 .byte 10
 4528 0009 000000   	 .zero 3
 4529 000c 03000000 	 .word 3
 4530              	 .global IfxAsclin19_RXC_P03_3_IN
 4531              	 .section .rodata.IfxAsclin19_RXC_P03_3_IN,"a"
 4532              	 .align 2
 4535              	IfxAsclin19_RXC_P03_3_IN:
 4536 0000 00266CF4 	 .word -194238976
 4537 0004 00AC03F0 	 .word -268194816
 4538 0008 03       	 .byte 3
 4539 0009 000000   	 .zero 3
 4540 000c 02000000 	 .word 2
 4541              	 .global IfxAsclin19_RXB_F_P15_7_IN
 4542              	 .section .rodata.IfxAsclin19_RXB_F_P15_7_IN,"a"
 4543              	 .align 2
 4546              	IfxAsclin19_RXB_F_P15_7_IN:
 4547 0000 00266CF4 	 .word -194238976
 4548 0004 00DC03F0 	 .word -268182528
 4549 0008 07       	 .byte 7
 4550 0009 000000   	 .zero 3
 4551 000c 01000000 	 .word 1
 4552              	 .global IfxAsclin19_RXA_F_P15_6_IN
 4553              	 .section .rodata.IfxAsclin19_RXA_F_P15_6_IN,"a"
 4554              	 .align 2
 4557              	IfxAsclin19_RXA_F_P15_6_IN:
 4558 0000 00266CF4 	 .word -194238976
 4559 0004 00DC03F0 	 .word -268182528
 4560 0008 06       	 .byte 6
 4561 0009 000000   	 .zero 3
 4562 000c 00000000 	 .word 0
 4563              	 .global IfxAsclin18_TX_F_P21_4_OUT
 4564              	 .section .rodata.IfxAsclin18_TX_F_P21_4_OUT,"a"
 4565              	 .align 2
 4568              	IfxAsclin18_TX_F_P21_4_OUT:
 4569 0000 00246CF4 	 .word -194239488
 4570 0004 00F403F0 	 .word -268176384
 4571 0008 04       	 .byte 4
 4572 0009 000000   	 .zero 3
 4573 000c 31000000 	 .word 49
 4574              	 .global IfxAsclin18_TX_F_P21_3_OUT
 4575              	 .section .rodata.IfxAsclin18_TX_F_P21_3_OUT,"a"
 4576              	 .align 2
 4579              	IfxAsclin18_TX_F_P21_3_OUT:
 4580 0000 00246CF4 	 .word -194239488
 4581 0004 00F403F0 	 .word -268176384
 4582 0008 03       	 .byte 3
 4583 0009 000000   	 .zero 3
 4584 000c 31000000 	 .word 49
 4585              	 .global IfxAsclin18_RXG_P21_2_IN
 4586              	 .section .rodata.IfxAsclin18_RXG_P21_2_IN,"a"
 4587              	 .align 2
 4590              	IfxAsclin18_RXG_P21_2_IN:
 4591 0000 00246CF4 	 .word -194239488
 4592 0004 00F403F0 	 .word -268176384
 4593 0008 02       	 .byte 2
 4594 0009 000000   	 .zero 3
 4595 000c 06000000 	 .word 6
 4596              	 .global IfxAsclin18_RXF_P21_0_IN
 4597              	 .section .rodata.IfxAsclin18_RXF_P21_0_IN,"a"
 4598              	 .align 2
 4601              	IfxAsclin18_RXF_P21_0_IN:
 4602 0000 00246CF4 	 .word -194239488
 4603 0004 00F403F0 	 .word -268176384
 4604 0008 00       	 .byte 0
 4605 0009 000000   	 .zero 3
 4606 000c 05000000 	 .word 5
 4607              	 .global IfxAsclin18_RXE_P20_13_IN
 4608              	 .section .rodata.IfxAsclin18_RXE_P20_13_IN,"a"
 4609              	 .align 2
 4612              	IfxAsclin18_RXE_P20_13_IN:
 4613 0000 00246CF4 	 .word -194239488
 4614 0004 00F003F0 	 .word -268177408
 4615 0008 0D       	 .byte 13
 4616 0009 000000   	 .zero 3
 4617 000c 04000000 	 .word 4
 4618              	 .global IfxAsclin18_RXD_P20_11_IN
 4619              	 .section .rodata.IfxAsclin18_RXD_P20_11_IN,"a"
 4620              	 .align 2
 4623              	IfxAsclin18_RXD_P20_11_IN:
 4624 0000 00246CF4 	 .word -194239488
 4625 0004 00F003F0 	 .word -268177408
 4626 0008 0B       	 .byte 11
 4627 0009 000000   	 .zero 3
 4628 000c 03000000 	 .word 3
 4629              	 .global IfxAsclin18_RXC_F_P21_5_IN
 4630              	 .section .rodata.IfxAsclin18_RXC_F_P21_5_IN,"a"
 4631              	 .align 2
 4634              	IfxAsclin18_RXC_F_P21_5_IN:
 4635 0000 00246CF4 	 .word -194239488
 4636 0004 00F403F0 	 .word -268176384
 4637 0008 05       	 .byte 5
 4638 0009 000000   	 .zero 3
 4639 000c 02000000 	 .word 2
 4640              	 .global IfxAsclin18_RXB_F_P21_4_IN
 4641              	 .section .rodata.IfxAsclin18_RXB_F_P21_4_IN,"a"
 4642              	 .align 2
 4645              	IfxAsclin18_RXB_F_P21_4_IN:
 4646 0000 00246CF4 	 .word -194239488
 4647 0004 00F403F0 	 .word -268176384
 4648 0008 04       	 .byte 4
 4649 0009 000000   	 .zero 3
 4650 000c 01000000 	 .word 1
 4651              	 .global IfxAsclin18_RXA_F_P21_1_IN
 4652              	 .section .rodata.IfxAsclin18_RXA_F_P21_1_IN,"a"
 4653              	 .align 2
 4656              	IfxAsclin18_RXA_F_P21_1_IN:
 4657 0000 00246CF4 	 .word -194239488
 4658 0004 00F403F0 	 .word -268176384
 4659 0008 01       	 .byte 1
 4660 0009 000000   	 .zero 3
 4661 000c 00000000 	 .word 0
 4662              	 .global IfxAsclin17_TX_P32_6_OUT
 4663              	 .section .rodata.IfxAsclin17_TX_P32_6_OUT,"a"
 4664              	 .align 2
 4667              	IfxAsclin17_TX_P32_6_OUT:
 4668 0000 00226CF4 	 .word -194240000
 4669 0004 002004F0 	 .word -268165120
 4670 0008 06       	 .byte 6
 4671 0009 000000   	 .zero 3
 4672 000c 41000000 	 .word 65
 4673              	 .global IfxAsclin17_TX_P31_6_OUT
 4674              	 .section .rodata.IfxAsclin17_TX_P31_6_OUT,"a"
 4675              	 .align 2
 4678              	IfxAsclin17_TX_P31_6_OUT:
 4679 0000 00226CF4 	 .word -194240000
 4680 0004 001C04F0 	 .word -268166144
 4681 0008 06       	 .byte 6
 4682 0009 000000   	 .zero 3
 4683 000c 31000000 	 .word 49
 4684              	 .global IfxAsclin17_TX_F_P22_7_OUT
 4685              	 .section .rodata.IfxAsclin17_TX_F_P22_7_OUT,"a"
 4686              	 .align 2
 4689              	IfxAsclin17_TX_F_P22_7_OUT:
 4690 0000 00226CF4 	 .word -194240000
 4691 0004 00F803F0 	 .word -268175360
 4692 0008 07       	 .byte 7
 4693 0009 000000   	 .zero 3
 4694 000c 31000000 	 .word 49
 4695              	 .global IfxAsclin17_TX_F_P22_11_OUT
 4696              	 .section .rodata.IfxAsclin17_TX_F_P22_11_OUT,"a"
 4697              	 .align 2
 4700              	IfxAsclin17_TX_F_P22_11_OUT:
 4701 0000 00226CF4 	 .word -194240000
 4702 0004 00F803F0 	 .word -268175360
 4703 0008 0B       	 .byte 11
 4704 0009 000000   	 .zero 3
 4705 000c 31000000 	 .word 49
 4706              	 .global IfxAsclin17_RXF_P32_5_IN
 4707              	 .section .rodata.IfxAsclin17_RXF_P32_5_IN,"a"
 4708              	 .align 2
 4711              	IfxAsclin17_RXF_P32_5_IN:
 4712 0000 00226CF4 	 .word -194240000
 4713 0004 002004F0 	 .word -268165120
 4714 0008 05       	 .byte 5
 4715 0009 000000   	 .zero 3
 4716 000c 05000000 	 .word 5
 4717              	 .global IfxAsclin17_RXE_P30_0_IN
 4718              	 .section .rodata.IfxAsclin17_RXE_P30_0_IN,"a"
 4719              	 .align 2
 4722              	IfxAsclin17_RXE_P30_0_IN:
 4723 0000 00226CF4 	 .word -194240000
 4724 0004 001804F0 	 .word -268167168
 4725 0008 00       	 .byte 0
 4726 0009 000000   	 .zero 3
 4727 000c 04000000 	 .word 4
 4728              	 .global IfxAsclin17_RXD_P31_7_IN
 4729              	 .section .rodata.IfxAsclin17_RXD_P31_7_IN,"a"
 4730              	 .align 2
 4733              	IfxAsclin17_RXD_P31_7_IN:
 4734 0000 00226CF4 	 .word -194240000
 4735 0004 001C04F0 	 .word -268166144
 4736 0008 07       	 .byte 7
 4737 0009 000000   	 .zero 3
 4738 000c 03000000 	 .word 3
 4739              	 .global IfxAsclin17_RXC_P23_0_IN
 4740              	 .section .rodata.IfxAsclin17_RXC_P23_0_IN,"a"
 4741              	 .align 2
 4744              	IfxAsclin17_RXC_P23_0_IN:
 4745 0000 00226CF4 	 .word -194240000
 4746 0004 00FC03F0 	 .word -268174336
 4747 0008 00       	 .byte 0
 4748 0009 000000   	 .zero 3
 4749 000c 02000000 	 .word 2
 4750              	 .global IfxAsclin17_RXB_P21_0_IN
 4751              	 .section .rodata.IfxAsclin17_RXB_P21_0_IN,"a"
 4752              	 .align 2
 4755              	IfxAsclin17_RXB_P21_0_IN:
 4756 0000 00226CF4 	 .word -194240000
 4757 0004 00F403F0 	 .word -268176384
 4758 0008 00       	 .byte 0
 4759 0009 000000   	 .zero 3
 4760 000c 01000000 	 .word 1
 4761              	 .global IfxAsclin17_RXA_F_P22_11_IN
 4762              	 .section .rodata.IfxAsclin17_RXA_F_P22_11_IN,"a"
 4763              	 .align 2
 4766              	IfxAsclin17_RXA_F_P22_11_IN:
 4767 0000 00226CF4 	 .word -194240000
 4768 0004 00F803F0 	 .word -268175360
 4769 0008 0B       	 .byte 11
 4770 0009 000000   	 .zero 3
 4771 000c 00000000 	 .word 0
 4772              	 .global IfxAsclin16_TX_P34_2_OUT
 4773              	 .section .rodata.IfxAsclin16_TX_P34_2_OUT,"a"
 4774              	 .align 2
 4777              	IfxAsclin16_TX_P34_2_OUT:
 4778 0000 00206CF4 	 .word -194240512
 4779 0004 002804F0 	 .word -268163072
 4780 0008 02       	 .byte 2
 4781 0009 000000   	 .zero 3
 4782 000c 21000000 	 .word 33
 4783              	 .global IfxAsclin16_TX_P30_6_OUT
 4784              	 .section .rodata.IfxAsclin16_TX_P30_6_OUT,"a"
 4785              	 .align 2
 4788              	IfxAsclin16_TX_P30_6_OUT:
 4789 0000 00206CF4 	 .word -194240512
 4790 0004 001804F0 	 .word -268167168
 4791 0008 06       	 .byte 6
 4792 0009 000000   	 .zero 3
 4793 000c 21000000 	 .word 33
 4794              	 .global IfxAsclin16_TX_F_P23_7_OUT
 4795              	 .section .rodata.IfxAsclin16_TX_F_P23_7_OUT,"a"
 4796              	 .align 2
 4799              	IfxAsclin16_TX_F_P23_7_OUT:
 4800 0000 00206CF4 	 .word -194240512
 4801 0004 00FC03F0 	 .word -268174336
 4802 0008 07       	 .byte 7
 4803 0009 000000   	 .zero 3
 4804 000c 21000000 	 .word 33
 4805              	 .global IfxAsclin16_TX_F_P23_6_OUT
 4806              	 .section .rodata.IfxAsclin16_TX_F_P23_6_OUT,"a"
 4807              	 .align 2
 4810              	IfxAsclin16_TX_F_P23_6_OUT:
 4811 0000 00206CF4 	 .word -194240512
 4812 0004 00FC03F0 	 .word -268174336
 4813 0008 06       	 .byte 6
 4814 0009 000000   	 .zero 3
 4815 000c 21000000 	 .word 33
 4816              	 .global IfxAsclin16_TX_F_P23_1_OUT
 4817              	 .section .rodata.IfxAsclin16_TX_F_P23_1_OUT,"a"
 4818              	 .align 2
 4821              	IfxAsclin16_TX_F_P23_1_OUT:
 4822 0000 00206CF4 	 .word -194240512
 4823 0004 00FC03F0 	 .word -268174336
 4824 0008 01       	 .byte 1
 4825 0009 000000   	 .zero 3
 4826 000c B1000000 	 .word 177
 4827              	 .global IfxAsclin16_RXF_P33_13_IN
 4828              	 .section .rodata.IfxAsclin16_RXF_P33_13_IN,"a"
 4829              	 .align 2
 4832              	IfxAsclin16_RXF_P33_13_IN:
 4833 0000 00206CF4 	 .word -194240512
 4834 0004 002404F0 	 .word -268164096
 4835 0008 0D       	 .byte 13
 4836 0009 000000   	 .zero 3
 4837 000c 05000000 	 .word 5
 4838              	 .global IfxAsclin16_RXE_P34_4_IN
 4839              	 .section .rodata.IfxAsclin16_RXE_P34_4_IN,"a"
 4840              	 .align 2
 4843              	IfxAsclin16_RXE_P34_4_IN:
 4844 0000 00206CF4 	 .word -194240512
 4845 0004 002804F0 	 .word -268163072
 4846 0008 04       	 .byte 4
 4847 0009 000000   	 .zero 3
 4848 000c 04000000 	 .word 4
 4849              	 .global IfxAsclin16_RXD_P30_7_IN
 4850              	 .section .rodata.IfxAsclin16_RXD_P30_7_IN,"a"
 4851              	 .align 2
 4854              	IfxAsclin16_RXD_P30_7_IN:
 4855 0000 00206CF4 	 .word -194240512
 4856 0004 001804F0 	 .word -268167168
 4857 0008 07       	 .byte 7
 4858 0009 000000   	 .zero 3
 4859 000c 03000000 	 .word 3
 4860              	 .global IfxAsclin16_RXC_P30_5_IN
 4861              	 .section .rodata.IfxAsclin16_RXC_P30_5_IN,"a"
 4862              	 .align 2
 4865              	IfxAsclin16_RXC_P30_5_IN:
 4866 0000 00206CF4 	 .word -194240512
 4867 0004 001804F0 	 .word -268167168
 4868 0008 05       	 .byte 5
 4869 0009 000000   	 .zero 3
 4870 000c 02000000 	 .word 2
 4871              	 .global IfxAsclin16_RXB_F_P23_7_IN
 4872              	 .section .rodata.IfxAsclin16_RXB_F_P23_7_IN,"a"
 4873              	 .align 2
 4876              	IfxAsclin16_RXB_F_P23_7_IN:
 4877 0000 00206CF4 	 .word -194240512
 4878 0004 00FC03F0 	 .word -268174336
 4879 0008 07       	 .byte 7
 4880 0009 000000   	 .zero 3
 4881 000c 01000000 	 .word 1
 4882              	 .global IfxAsclin16_RXA_F_P23_5_IN
 4883              	 .section .rodata.IfxAsclin16_RXA_F_P23_5_IN,"a"
 4884              	 .align 2
 4887              	IfxAsclin16_RXA_F_P23_5_IN:
 4888 0000 00206CF4 	 .word -194240512
 4889 0004 00FC03F0 	 .word -268174336
 4890 0008 05       	 .byte 5
 4891 0009 000000   	 .zero 3
 4892 000c 00000000 	 .word 0
 4893              	 .global IfxAsclin15_TX_F_P33_0_OUT
 4894              	 .section .rodata.IfxAsclin15_TX_F_P33_0_OUT,"a"
 4895              	 .align 2
 4898              	IfxAsclin15_TX_F_P33_0_OUT:
 4899 0000 001E6CF4 	 .word -194241024
 4900 0004 002404F0 	 .word -268164096
 4901 0008 00       	 .byte 0
 4902 0009 000000   	 .zero 3
 4903 000c 41000000 	 .word 65
 4904              	 .global IfxAsclin15_TX_F_P32_7_OUT
 4905              	 .section .rodata.IfxAsclin15_TX_F_P32_7_OUT,"a"
 4906              	 .align 2
 4909              	IfxAsclin15_TX_F_P32_7_OUT:
 4910 0000 001E6CF4 	 .word -194241024
 4911 0004 002004F0 	 .word -268165120
 4912 0008 07       	 .byte 7
 4913 0009 000000   	 .zero 3
 4914 000c 41000000 	 .word 65
 4915              	 .global IfxAsclin15_RXC_P33_15_IN
 4916              	 .section .rodata.IfxAsclin15_RXC_P33_15_IN,"a"
 4917              	 .align 2
 4920              	IfxAsclin15_RXC_P33_15_IN:
 4921 0000 001E6CF4 	 .word -194241024
 4922 0004 002404F0 	 .word -268164096
 4923 0008 0F       	 .byte 15
 4924 0009 000000   	 .zero 3
 4925 000c 02000000 	 .word 2
 4926              	 .global IfxAsclin15_RXB_F_P32_7_IN
 4927              	 .section .rodata.IfxAsclin15_RXB_F_P32_7_IN,"a"
 4928              	 .align 2
 4931              	IfxAsclin15_RXB_F_P32_7_IN:
 4932 0000 001E6CF4 	 .word -194241024
 4933 0004 002004F0 	 .word -268165120
 4934 0008 07       	 .byte 7
 4935 0009 000000   	 .zero 3
 4936 000c 01000000 	 .word 1
 4937              	 .global IfxAsclin15_RXA_F_P32_4_IN
 4938              	 .section .rodata.IfxAsclin15_RXA_F_P32_4_IN,"a"
 4939              	 .align 2
 4942              	IfxAsclin15_RXA_F_P32_4_IN:
 4943 0000 001E6CF4 	 .word -194241024
 4944 0004 002004F0 	 .word -268165120
 4945 0008 04       	 .byte 4
 4946 0009 000000   	 .zero 3
 4947 000c 00000000 	 .word 0
 4948              	 .global IfxAsclin14_TX_F_P33_3_OUT
 4949              	 .section .rodata.IfxAsclin14_TX_F_P33_3_OUT,"a"
 4950              	 .align 2
 4953              	IfxAsclin14_TX_F_P33_3_OUT:
 4954 0000 001C6CF4 	 .word -194241536
 4955 0004 002404F0 	 .word -268164096
 4956 0008 03       	 .byte 3
 4957 0009 000000   	 .zero 3
 4958 000c 71000000 	 .word 113
 4959              	 .global IfxAsclin14_TX_F_P33_2_OUT
 4960              	 .section .rodata.IfxAsclin14_TX_F_P33_2_OUT,"a"
 4961              	 .align 2
 4964              	IfxAsclin14_TX_F_P33_2_OUT:
 4965 0000 001C6CF4 	 .word -194241536
 4966 0004 002404F0 	 .word -268164096
 4967 0008 02       	 .byte 2
 4968 0009 000000   	 .zero 3
 4969 000c 71000000 	 .word 113
 4970              	 .global IfxAsclin14_RXC_F_P33_2_IN
 4971              	 .section .rodata.IfxAsclin14_RXC_F_P33_2_IN,"a"
 4972              	 .align 2
 4975              	IfxAsclin14_RXC_F_P33_2_IN:
 4976 0000 001C6CF4 	 .word -194241536
 4977 0004 002404F0 	 .word -268164096
 4978 0008 02       	 .byte 2
 4979 0009 000000   	 .zero 3
 4980 000c 02000000 	 .word 2
 4981              	 .global IfxAsclin14_RXB_F_P33_4_IN
 4982              	 .section .rodata.IfxAsclin14_RXB_F_P33_4_IN,"a"
 4983              	 .align 2
 4986              	IfxAsclin14_RXB_F_P33_4_IN:
 4987 0000 001C6CF4 	 .word -194241536
 4988 0004 002404F0 	 .word -268164096
 4989 0008 04       	 .byte 4
 4990 0009 000000   	 .zero 3
 4991 000c 01000000 	 .word 1
 4992              	 .global IfxAsclin14_RXA_F_P33_3_IN
 4993              	 .section .rodata.IfxAsclin14_RXA_F_P33_3_IN,"a"
 4994              	 .align 2
 4997              	IfxAsclin14_RXA_F_P33_3_IN:
 4998 0000 001C6CF4 	 .word -194241536
 4999 0004 002404F0 	 .word -268164096
 5000 0008 03       	 .byte 3
 5001 0009 000000   	 .zero 3
 5002 000c 00000000 	 .word 0
 5003              	 .global IfxAsclin13_TX_P01_15_OUT
 5004              	 .section .rodata.IfxAsclin13_TX_P01_15_OUT,"a"
 5005              	 .align 2
 5008              	IfxAsclin13_TX_P01_15_OUT:
 5009 0000 001A6CF4 	 .word -194242048
 5010 0004 00A403F0 	 .word -268196864
 5011 0008 0F       	 .byte 15
 5012 0009 000000   	 .zero 3
 5013 000c 21000000 	 .word 33
 5014              	 .global IfxAsclin13_TX_F_P00_11_OUT
 5015              	 .section .rodata.IfxAsclin13_TX_F_P00_11_OUT,"a"
 5016              	 .align 2
 5019              	IfxAsclin13_TX_F_P00_11_OUT:
 5020 0000 001A6CF4 	 .word -194242048
 5021 0004 00A003F0 	 .word -268197888
 5022 0008 0B       	 .byte 11
 5023 0009 000000   	 .zero 3
 5024 000c 31000000 	 .word 49
 5025              	 .global IfxAsclin13_TX_F_P00_10_OUT
 5026              	 .section .rodata.IfxAsclin13_TX_F_P00_10_OUT,"a"
 5027              	 .align 2
 5030              	IfxAsclin13_TX_F_P00_10_OUT:
 5031 0000 001A6CF4 	 .word -194242048
 5032 0004 00A003F0 	 .word -268197888
 5033 0008 0A       	 .byte 10
 5034 0009 000000   	 .zero 3
 5035 000c 31000000 	 .word 49
 5036              	 .global IfxAsclin13_RXE_P01_11_IN
 5037              	 .section .rodata.IfxAsclin13_RXE_P01_11_IN,"a"
 5038              	 .align 2
 5041              	IfxAsclin13_RXE_P01_11_IN:
 5042 0000 001A6CF4 	 .word -194242048
 5043 0004 00A403F0 	 .word -268196864
 5044 0008 0B       	 .byte 11
 5045 0009 000000   	 .zero 3
 5046 000c 04000000 	 .word 4
 5047              	 .global IfxAsclin13_RXD_P01_14_IN
 5048              	 .section .rodata.IfxAsclin13_RXD_P01_14_IN,"a"
 5049              	 .align 2
 5052              	IfxAsclin13_RXD_P01_14_IN:
 5053 0000 001A6CF4 	 .word -194242048
 5054 0004 00A403F0 	 .word -268196864
 5055 0008 0E       	 .byte 14
 5056 0009 000000   	 .zero 3
 5057 000c 03000000 	 .word 3
 5058              	 .global IfxAsclin13_RXB_F_P00_11_IN
 5059              	 .section .rodata.IfxAsclin13_RXB_F_P00_11_IN,"a"
 5060              	 .align 2
 5063              	IfxAsclin13_RXB_F_P00_11_IN:
 5064 0000 001A6CF4 	 .word -194242048
 5065 0004 00A003F0 	 .word -268197888
 5066 0008 0B       	 .byte 11
 5067 0009 000000   	 .zero 3
 5068 000c 01000000 	 .word 1
 5069              	 .global IfxAsclin13_RXA_F_P00_9_IN
 5070              	 .section .rodata.IfxAsclin13_RXA_F_P00_9_IN,"a"
 5071              	 .align 2
 5074              	IfxAsclin13_RXA_F_P00_9_IN:
 5075 0000 001A6CF4 	 .word -194242048
 5076 0004 00A003F0 	 .word -268197888
 5077 0008 09       	 .byte 9
 5078 0009 000000   	 .zero 3
 5079 000c 00000000 	 .word 0
 5080              	 .global IfxAsclin12_TX_P03_9_OUT
 5081              	 .section .rodata.IfxAsclin12_TX_P03_9_OUT,"a"
 5082              	 .align 2
 5085              	IfxAsclin12_TX_P03_9_OUT:
 5086 0000 00186CF4 	 .word -194242560
 5087 0004 00AC03F0 	 .word -268194816
 5088 0008 09       	 .byte 9
 5089 0009 000000   	 .zero 3
 5090 000c 41000000 	 .word 65
 5091              	 .global IfxAsclin12_TX_P03_14_OUT
 5092              	 .section .rodata.IfxAsclin12_TX_P03_14_OUT,"a"
 5093              	 .align 2
 5096              	IfxAsclin12_TX_P03_14_OUT:
 5097 0000 00186CF4 	 .word -194242560
 5098 0004 00AC03F0 	 .word -268194816
 5099 0008 0E       	 .byte 14
 5100 0009 000000   	 .zero 3
 5101 000c 31000000 	 .word 49
 5102              	 .global IfxAsclin12_TX_P01_6_OUT
 5103              	 .section .rodata.IfxAsclin12_TX_P01_6_OUT,"a"
 5104              	 .align 2
 5107              	IfxAsclin12_TX_P01_6_OUT:
 5108 0000 00186CF4 	 .word -194242560
 5109 0004 00A403F0 	 .word -268196864
 5110 0008 06       	 .byte 6
 5111 0009 000000   	 .zero 3
 5112 000c 21000000 	 .word 33
 5113              	 .global IfxAsclin12_TX_P00_15_OUT
 5114              	 .section .rodata.IfxAsclin12_TX_P00_15_OUT,"a"
 5115              	 .align 2
 5118              	IfxAsclin12_TX_P00_15_OUT:
 5119 0000 00186CF4 	 .word -194242560
 5120 0004 00A003F0 	 .word -268197888
 5121 0008 0F       	 .byte 15
 5122 0009 000000   	 .zero 3
 5123 000c 31000000 	 .word 49
 5124              	 .global IfxAsclin12_TX_F_P00_3_OUT
 5125              	 .section .rodata.IfxAsclin12_TX_F_P00_3_OUT,"a"
 5126              	 .align 2
 5129              	IfxAsclin12_TX_F_P00_3_OUT:
 5130 0000 00186CF4 	 .word -194242560
 5131 0004 00A003F0 	 .word -268197888
 5132 0008 03       	 .byte 3
 5133 0009 000000   	 .zero 3
 5134 000c 31000000 	 .word 49
 5135              	 .global IfxAsclin12_RXE_P01_0_IN
 5136              	 .section .rodata.IfxAsclin12_RXE_P01_0_IN,"a"
 5137              	 .align 2
 5140              	IfxAsclin12_RXE_P01_0_IN:
 5141 0000 00186CF4 	 .word -194242560
 5142 0004 00A403F0 	 .word -268196864
 5143 0008 00       	 .byte 0
 5144 0009 000000   	 .zero 3
 5145 000c 04000000 	 .word 4
 5146              	 .global IfxAsclin12_RXD_P00_13_IN
 5147              	 .section .rodata.IfxAsclin12_RXD_P00_13_IN,"a"
 5148              	 .align 2
 5151              	IfxAsclin12_RXD_P00_13_IN:
 5152 0000 00186CF4 	 .word -194242560
 5153 0004 00A003F0 	 .word -268197888
 5154 0008 0D       	 .byte 13
 5155 0009 000000   	 .zero 3
 5156 000c 03000000 	 .word 3
 5157              	 .global IfxAsclin12_RXC_P03_10_IN
 5158              	 .section .rodata.IfxAsclin12_RXC_P03_10_IN,"a"
 5159              	 .align 2
 5162              	IfxAsclin12_RXC_P03_10_IN:
 5163 0000 00186CF4 	 .word -194242560
 5164 0004 00AC03F0 	 .word -268194816
 5165 0008 0A       	 .byte 10
 5166 0009 000000   	 .zero 3
 5167 000c 02000000 	 .word 2
 5168              	 .global IfxAsclin12_RXB_F_P00_5_IN
 5169              	 .section .rodata.IfxAsclin12_RXB_F_P00_5_IN,"a"
 5170              	 .align 2
 5173              	IfxAsclin12_RXB_F_P00_5_IN:
 5174 0000 00186CF4 	 .word -194242560
 5175 0004 00A003F0 	 .word -268197888
 5176 0008 05       	 .byte 5
 5177 0009 000000   	 .zero 3
 5178 000c 01000000 	 .word 1
 5179              	 .global IfxAsclin12_RXA_F_P00_3_IN
 5180              	 .section .rodata.IfxAsclin12_RXA_F_P00_3_IN,"a"
 5181              	 .align 2
 5184              	IfxAsclin12_RXA_F_P00_3_IN:
 5185 0000 00186CF4 	 .word -194242560
 5186 0004 00A003F0 	 .word -268197888
 5187 0008 03       	 .byte 3
 5188 0009 000000   	 .zero 3
 5189 000c 00000000 	 .word 0
 5190              	 .global IfxAsclin11_TX_P10_0_OUT
 5191              	 .section .rodata.IfxAsclin11_TX_P10_0_OUT,"a"
 5192              	 .align 2
 5195              	IfxAsclin11_TX_P10_0_OUT:
 5196 0000 00166CF4 	 .word -194243072
 5197 0004 00C803F0 	 .word -268187648
 5198 0008 00       	 .byte 0
 5199 0009 000000   	 .zero 3
 5200 000c 21000000 	 .word 33
 5201              	 .global IfxAsclin11_TX_P03_14_OUT
 5202              	 .section .rodata.IfxAsclin11_TX_P03_14_OUT,"a"
 5203              	 .align 2
 5206              	IfxAsclin11_TX_P03_14_OUT:
 5207 0000 00166CF4 	 .word -194243072
 5208 0004 00AC03F0 	 .word -268194816
 5209 0008 0E       	 .byte 14
 5210 0009 000000   	 .zero 3
 5211 000c 21000000 	 .word 33
 5212              	 .global IfxAsclin11_TX_F_P21_5_OUT
 5213              	 .section .rodata.IfxAsclin11_TX_F_P21_5_OUT,"a"
 5214              	 .align 2
 5217              	IfxAsclin11_TX_F_P21_5_OUT:
 5218 0000 00166CF4 	 .word -194243072
 5219 0004 00F403F0 	 .word -268176384
 5220 0008 05       	 .byte 5
 5221 0009 000000   	 .zero 3
 5222 000c 31000000 	 .word 49
 5223              	 .global IfxAsclin11_TX_F_P21_0_OUT
 5224              	 .section .rodata.IfxAsclin11_TX_F_P21_0_OUT,"a"
 5225              	 .align 2
 5228              	IfxAsclin11_TX_F_P21_0_OUT:
 5229 0000 00166CF4 	 .word -194243072
 5230 0004 00F403F0 	 .word -268176384
 5231 0008 00       	 .byte 0
 5232 0009 000000   	 .zero 3
 5233 000c 21000000 	 .word 33
 5234              	 .global IfxAsclin11_SLSO_F_P21_4_OUT
 5235              	 .section .rodata.IfxAsclin11_SLSO_F_P21_4_OUT,"a"
 5236              	 .align 2
 5239              	IfxAsclin11_SLSO_F_P21_4_OUT:
 5240 0000 00166CF4 	 .word -194243072
 5241 0004 00F403F0 	 .word -268176384
 5242 0008 04       	 .byte 4
 5243 0009 000000   	 .zero 3
 5244 000c 21000000 	 .word 33
 5245              	 .global IfxAsclin11_SCLK_F_P21_3_OUT
 5246              	 .section .rodata.IfxAsclin11_SCLK_F_P21_3_OUT,"a"
 5247              	 .align 2
 5250              	IfxAsclin11_SCLK_F_P21_3_OUT:
 5251 0000 00166CF4 	 .word -194243072
 5252 0004 00F403F0 	 .word -268176384
 5253 0008 03       	 .byte 3
 5254 0009 000000   	 .zero 3
 5255 000c 21000000 	 .word 33
 5256              	 .global IfxAsclin11_RXH_P03_0_IN
 5257              	 .section .rodata.IfxAsclin11_RXH_P03_0_IN,"a"
 5258              	 .align 2
 5261              	IfxAsclin11_RXH_P03_0_IN:
 5262 0000 00166CF4 	 .word -194243072
 5263 0004 00AC03F0 	 .word -268194816
 5264 0008 00       	 .byte 0
 5265 0009 000000   	 .zero 3
 5266 000c 07000000 	 .word 7
 5267              	 .global IfxAsclin11_RXG_P03_15_IN
 5268              	 .section .rodata.IfxAsclin11_RXG_P03_15_IN,"a"
 5269              	 .align 2
 5272              	IfxAsclin11_RXG_P03_15_IN:
 5273 0000 00166CF4 	 .word -194243072
 5274 0004 00AC03F0 	 .word -268194816
 5275 0008 0F       	 .byte 15
 5276 0009 000000   	 .zero 3
 5277 000c 06000000 	 .word 6
 5278              	 .global IfxAsclin11_RXF_F_P21_5_IN
 5279              	 .section .rodata.IfxAsclin11_RXF_F_P21_5_IN,"a"
 5280              	 .align 2
 5283              	IfxAsclin11_RXF_F_P21_5_IN:
 5284 0000 00166CF4 	 .word -194243072
 5285 0004 00F403F0 	 .word -268176384
 5286 0008 05       	 .byte 5
 5287 0009 000000   	 .zero 3
 5288 000c 05000000 	 .word 5
 5289              	 .global IfxAsclin11_RXE_F_P21_2_IN
 5290              	 .section .rodata.IfxAsclin11_RXE_F_P21_2_IN,"a"
 5291              	 .align 2
 5294              	IfxAsclin11_RXE_F_P21_2_IN:
 5295 0000 00166CF4 	 .word -194243072
 5296 0004 00F403F0 	 .word -268176384
 5297 0008 02       	 .byte 2
 5298 0009 000000   	 .zero 3
 5299 000c 04000000 	 .word 4
 5300              	 .global IfxAsclin11_RXD_F_P21_1_IN
 5301              	 .section .rodata.IfxAsclin11_RXD_F_P21_1_IN,"a"
 5302              	 .align 2
 5305              	IfxAsclin11_RXD_F_P21_1_IN:
 5306 0000 00166CF4 	 .word -194243072
 5307 0004 00F403F0 	 .word -268176384
 5308 0008 01       	 .byte 1
 5309 0009 000000   	 .zero 3
 5310 000c 03000000 	 .word 3
 5311              	 .global IfxAsclin11_RXC_F_P21_0_IN
 5312              	 .section .rodata.IfxAsclin11_RXC_F_P21_0_IN,"a"
 5313              	 .align 2
 5316              	IfxAsclin11_RXC_F_P21_0_IN:
 5317 0000 00166CF4 	 .word -194243072
 5318 0004 00F403F0 	 .word -268176384
 5319 0008 00       	 .byte 0
 5320 0009 000000   	 .zero 3
 5321 000c 02000000 	 .word 2
 5322              	 .global IfxAsclin11_RXB_P10_4_IN
 5323              	 .section .rodata.IfxAsclin11_RXB_P10_4_IN,"a"
 5324              	 .align 2
 5327              	IfxAsclin11_RXB_P10_4_IN:
 5328 0000 00166CF4 	 .word -194243072
 5329 0004 00C803F0 	 .word -268187648
 5330 0008 04       	 .byte 4
 5331 0009 000000   	 .zero 3
 5332 000c 01000000 	 .word 1
 5333              	 .global IfxAsclin11_RXA_P10_0_IN
 5334              	 .section .rodata.IfxAsclin11_RXA_P10_0_IN,"a"
 5335              	 .align 2
 5338              	IfxAsclin11_RXA_P10_0_IN:
 5339 0000 00166CF4 	 .word -194243072
 5340 0004 00C803F0 	 .word -268187648
 5341 0008 00       	 .byte 0
 5342 0009 000000   	 .zero 3
 5343 000c 00000000 	 .word 0
 5344              	 .global IfxAsclin10_TX_P04_7_OUT
 5345              	 .section .rodata.IfxAsclin10_TX_P04_7_OUT,"a"
 5346              	 .align 2
 5349              	IfxAsclin10_TX_P04_7_OUT:
 5350 0000 00146CF4 	 .word -194243584
 5351 0004 00B003F0 	 .word -268193792
 5352 0008 07       	 .byte 7
 5353 0009 000000   	 .zero 3
 5354 000c 21000000 	 .word 33
 5355              	 .global IfxAsclin10_TX_P02_11_OUT
 5356              	 .section .rodata.IfxAsclin10_TX_P02_11_OUT,"a"
 5357              	 .align 2
 5360              	IfxAsclin10_TX_P02_11_OUT:
 5361 0000 00146CF4 	 .word -194243584
 5362 0004 00A803F0 	 .word -268195840
 5363 0008 0B       	 .byte 11
 5364 0009 000000   	 .zero 3
 5365 000c 41000000 	 .word 65
 5366              	 .global IfxAsclin10_TX_P00_8_OUT
 5367              	 .section .rodata.IfxAsclin10_TX_P00_8_OUT,"a"
 5368              	 .align 2
 5371              	IfxAsclin10_TX_P00_8_OUT:
 5372 0000 00146CF4 	 .word -194243584
 5373 0004 00A003F0 	 .word -268197888
 5374 0008 08       	 .byte 8
 5375 0009 000000   	 .zero 3
 5376 000c 31000000 	 .word 49
 5377              	 .global IfxAsclin10_TX_F_P13_15_OUT
 5378              	 .section .rodata.IfxAsclin10_TX_F_P13_15_OUT,"a"
 5379              	 .align 2
 5382              	IfxAsclin10_TX_F_P13_15_OUT:
 5383 0000 00146CF4 	 .word -194243584
 5384 0004 00D403F0 	 .word -268184576
 5385 0008 0F       	 .byte 15
 5386 0009 000000   	 .zero 3
 5387 000c 51000000 	 .word 81
 5388              	 .global IfxAsclin10_TX_F_P13_0_OUT
 5389              	 .section .rodata.IfxAsclin10_TX_F_P13_0_OUT,"a"
 5390              	 .align 2
 5393              	IfxAsclin10_TX_F_P13_0_OUT:
 5394 0000 00146CF4 	 .word -194243584
 5395 0004 00D403F0 	 .word -268184576
 5396 0008 00       	 .byte 0
 5397 0009 000000   	 .zero 3
 5398 000c 21000000 	 .word 33
 5399              	 .global IfxAsclin10_SLSO_P04_8_OUT
 5400              	 .section .rodata.IfxAsclin10_SLSO_P04_8_OUT,"a"
 5401              	 .align 2
 5404              	IfxAsclin10_SLSO_P04_8_OUT:
 5405 0000 00146CF4 	 .word -194243584
 5406 0004 00B003F0 	 .word -268193792
 5407 0008 08       	 .byte 8
 5408 0009 000000   	 .zero 3
 5409 000c 21000000 	 .word 33
 5410              	 .global IfxAsclin10_SLSO_F_P13_3_OUT
 5411              	 .section .rodata.IfxAsclin10_SLSO_F_P13_3_OUT,"a"
 5412              	 .align 2
 5415              	IfxAsclin10_SLSO_F_P13_3_OUT:
 5416 0000 00146CF4 	 .word -194243584
 5417 0004 00D403F0 	 .word -268184576
 5418 0008 03       	 .byte 3
 5419 0009 000000   	 .zero 3
 5420 000c 21000000 	 .word 33
 5421              	 .global IfxAsclin10_SCLK_P04_9_OUT
 5422              	 .section .rodata.IfxAsclin10_SCLK_P04_9_OUT,"a"
 5423              	 .align 2
 5426              	IfxAsclin10_SCLK_P04_9_OUT:
 5427 0000 00146CF4 	 .word -194243584
 5428 0004 00B003F0 	 .word -268193792
 5429 0008 09       	 .byte 9
 5430 0009 000000   	 .zero 3
 5431 000c 21000000 	 .word 33
 5432              	 .global IfxAsclin10_SCLK_F_P13_2_OUT
 5433              	 .section .rodata.IfxAsclin10_SCLK_F_P13_2_OUT,"a"
 5434              	 .align 2
 5437              	IfxAsclin10_SCLK_F_P13_2_OUT:
 5438 0000 00146CF4 	 .word -194243584
 5439 0004 00D403F0 	 .word -268184576
 5440 0008 02       	 .byte 2
 5441 0009 000000   	 .zero 3
 5442 000c 21000000 	 .word 33
 5443              	 .global IfxAsclin10_RXH_P02_6_IN
 5444              	 .section .rodata.IfxAsclin10_RXH_P02_6_IN,"a"
 5445              	 .align 2
 5448              	IfxAsclin10_RXH_P02_6_IN:
 5449 0000 00146CF4 	 .word -194243584
 5450 0004 00A803F0 	 .word -268195840
 5451 0008 06       	 .byte 6
 5452 0009 000000   	 .zero 3
 5453 000c 07000000 	 .word 7
 5454              	 .global IfxAsclin10_RXG_P13_14_IN
 5455              	 .section .rodata.IfxAsclin10_RXG_P13_14_IN,"a"
 5456              	 .align 2
 5459              	IfxAsclin10_RXG_P13_14_IN:
 5460 0000 00146CF4 	 .word -194243584
 5461 0004 00D403F0 	 .word -268184576
 5462 0008 0E       	 .byte 14
 5463 0009 000000   	 .zero 3
 5464 000c 06000000 	 .word 6
 5465              	 .global IfxAsclin10_RXF_P04_6_IN
 5466              	 .section .rodata.IfxAsclin10_RXF_P04_6_IN,"a"
 5467              	 .align 2
 5470              	IfxAsclin10_RXF_P04_6_IN:
 5471 0000 00146CF4 	 .word -194243584
 5472 0004 00B003F0 	 .word -268193792
 5473 0008 06       	 .byte 6
 5474 0009 000000   	 .zero 3
 5475 000c 05000000 	 .word 5
 5476              	 .global IfxAsclin10_RXE_P00_10_IN
 5477              	 .section .rodata.IfxAsclin10_RXE_P00_10_IN,"a"
 5478              	 .align 2
 5481              	IfxAsclin10_RXE_P00_10_IN:
 5482 0000 00146CF4 	 .word -194243584
 5483 0004 00A003F0 	 .word -268197888
 5484 0008 0A       	 .byte 10
 5485 0009 000000   	 .zero 3
 5486 000c 04000000 	 .word 4
 5487              	 .global IfxAsclin10_RXD_F_P13_1_IN
 5488              	 .section .rodata.IfxAsclin10_RXD_F_P13_1_IN,"a"
 5489              	 .align 2
 5492              	IfxAsclin10_RXD_F_P13_1_IN:
 5493 0000 00146CF4 	 .word -194243584
 5494 0004 00D403F0 	 .word -268184576
 5495 0008 01       	 .byte 1
 5496 0009 000000   	 .zero 3
 5497 000c 03000000 	 .word 3
 5498              	 .global IfxAsclin10_RXC_F_P13_0_IN
 5499              	 .section .rodata.IfxAsclin10_RXC_F_P13_0_IN,"a"
 5500              	 .align 2
 5503              	IfxAsclin10_RXC_F_P13_0_IN:
 5504 0000 00146CF4 	 .word -194243584
 5505 0004 00D403F0 	 .word -268184576
 5506 0008 00       	 .byte 0
 5507 0009 000000   	 .zero 3
 5508 000c 02000000 	 .word 2
 5509              	 .global IfxAsclin10_RXB_P00_8_IN
 5510              	 .section .rodata.IfxAsclin10_RXB_P00_8_IN,"a"
 5511              	 .align 2
 5514              	IfxAsclin10_RXB_P00_8_IN:
 5515 0000 00146CF4 	 .word -194243584
 5516 0004 00A003F0 	 .word -268197888
 5517 0008 08       	 .byte 8
 5518 0009 000000   	 .zero 3
 5519 000c 01000000 	 .word 1
 5520              	 .global IfxAsclin10_RXA_P00_4_IN
 5521              	 .section .rodata.IfxAsclin10_RXA_P00_4_IN,"a"
 5522              	 .align 2
 5525              	IfxAsclin10_RXA_P00_4_IN:
 5526 0000 00146CF4 	 .word -194243584
 5527 0004 00A003F0 	 .word -268197888
 5528 0008 04       	 .byte 4
 5529 0009 000000   	 .zero 3
 5530 000c 00000000 	 .word 0
 5531              	 .global IfxAsclin0_TX_P33_9_OUT
 5532              	 .section .rodata.IfxAsclin0_TX_P33_9_OUT,"a"
 5533              	 .align 2
 5536              	IfxAsclin0_TX_P33_9_OUT:
 5537 0000 00006CF4 	 .word -194248704
 5538 0004 002404F0 	 .word -268164096
 5539 0008 09       	 .byte 9
 5540 0009 000000   	 .zero 3
 5541 000c 61000000 	 .word 97
 5542              	 .global IfxAsclin0_TX_P15_3_OUT
 5543              	 .section .rodata.IfxAsclin0_TX_P15_3_OUT,"a"
 5544              	 .align 2
 5547              	IfxAsclin0_TX_P15_3_OUT:
 5548 0000 00006CF4 	 .word -194248704
 5549 0004 00DC03F0 	 .word -268182528
 5550 0008 03       	 .byte 3
 5551 0009 000000   	 .zero 3
 5552 000c 21000000 	 .word 33
 5553              	 .global IfxAsclin0_TX_P15_2_OUT
 5554              	 .section .rodata.IfxAsclin0_TX_P15_2_OUT,"a"
 5555              	 .align 2
 5558              	IfxAsclin0_TX_P15_2_OUT:
 5559 0000 00006CF4 	 .word -194248704
 5560 0004 00DC03F0 	 .word -268182528
 5561 0008 02       	 .byte 2
 5562 0009 000000   	 .zero 3
 5563 000c 21000000 	 .word 33
 5564              	 .global IfxAsclin0_TX_P13_10_OUT
 5565              	 .section .rodata.IfxAsclin0_TX_P13_10_OUT,"a"
 5566              	 .align 2
 5569              	IfxAsclin0_TX_P13_10_OUT:
 5570 0000 00006CF4 	 .word -194248704
 5571 0004 00D403F0 	 .word -268184576
 5572 0008 0A       	 .byte 10
 5573 0009 000000   	 .zero 3
 5574 000c 21000000 	 .word 33
 5575              	 .global IfxAsclin0_TX_P10_1_OUT
 5576              	 .section .rodata.IfxAsclin0_TX_P10_1_OUT,"a"
 5577              	 .align 2
 5580              	IfxAsclin0_TX_P10_1_OUT:
 5581 0000 00006CF4 	 .word -194248704
 5582 0004 00C803F0 	 .word -268187648
 5583 0008 01       	 .byte 1
 5584 0009 000000   	 .zero 3
 5585 000c 61000000 	 .word 97
 5586              	 .global IfxAsclin0_TX_P10_0_OUT
 5587              	 .section .rodata.IfxAsclin0_TX_P10_0_OUT,"a"
 5588              	 .align 2
 5591              	IfxAsclin0_TX_P10_0_OUT:
 5592 0000 00006CF4 	 .word -194248704
 5593 0004 00C803F0 	 .word -268187648
 5594 0008 00       	 .byte 0
 5595 0009 000000   	 .zero 3
 5596 000c A1000000 	 .word 161
 5597              	 .global IfxAsclin0_TX_P01_13_OUT
 5598              	 .section .rodata.IfxAsclin0_TX_P01_13_OUT,"a"
 5599              	 .align 2
 5602              	IfxAsclin0_TX_P01_13_OUT:
 5603 0000 00006CF4 	 .word -194248704
 5604 0004 00A403F0 	 .word -268196864
 5605 0008 0D       	 .byte 13
 5606 0009 000000   	 .zero 3
 5607 000c 21000000 	 .word 33
 5608              	 .global IfxAsclin0_TX_F_P16_1_OUT
 5609              	 .section .rodata.IfxAsclin0_TX_F_P16_1_OUT,"a"
 5610              	 .align 2
 5613              	IfxAsclin0_TX_F_P16_1_OUT:
 5614 0000 00006CF4 	 .word -194248704
 5615 0004 00E003F0 	 .word -268181504
 5616 0008 01       	 .byte 1
 5617 0009 000000   	 .zero 3
 5618 000c 61000000 	 .word 97
 5619              	 .global IfxAsclin0_TX_F_P14_5_OUT
 5620              	 .section .rodata.IfxAsclin0_TX_F_P14_5_OUT,"a"
 5621              	 .align 2
 5624              	IfxAsclin0_TX_F_P14_5_OUT:
 5625 0000 00006CF4 	 .word -194248704
 5626 0004 00D803F0 	 .word -268183552
 5627 0008 05       	 .byte 5
 5628 0009 000000   	 .zero 3
 5629 000c 21000000 	 .word 33
 5630              	 .global IfxAsclin0_TX_F_P14_1_OUT
 5631              	 .section .rodata.IfxAsclin0_TX_F_P14_1_OUT,"a"
 5632              	 .align 2
 5635              	IfxAsclin0_TX_F_P14_1_OUT:
 5636 0000 00006CF4 	 .word -194248704
 5637 0004 00D803F0 	 .word -268183552
 5638 0008 01       	 .byte 1
 5639 0009 000000   	 .zero 3
 5640 000c 21000000 	 .word 33
 5641              	 .global IfxAsclin0_TX_F_P14_0_OUT
 5642              	 .section .rodata.IfxAsclin0_TX_F_P14_0_OUT,"a"
 5643              	 .align 2
 5646              	IfxAsclin0_TX_F_P14_0_OUT:
 5647 0000 00006CF4 	 .word -194248704
 5648 0004 00D803F0 	 .word -268183552
 5649 0008 00       	 .byte 0
 5650 0009 000000   	 .zero 3
 5651 000c 21000000 	 .word 33
 5652              	 .global IfxAsclin0_SLSO_P16_12_OUT
 5653              	 .section .rodata.IfxAsclin0_SLSO_P16_12_OUT,"a"
 5654              	 .align 2
 5657              	IfxAsclin0_SLSO_P16_12_OUT:
 5658 0000 00006CF4 	 .word -194248704
 5659 0004 00E003F0 	 .word -268181504
 5660 0008 0C       	 .byte 12
 5661 0009 000000   	 .zero 3
 5662 000c 61000000 	 .word 97
 5663              	 .global IfxAsclin0_SLSO_P16_11_OUT
 5664              	 .section .rodata.IfxAsclin0_SLSO_P16_11_OUT,"a"
 5665              	 .align 2
 5668              	IfxAsclin0_SLSO_P16_11_OUT:
 5669 0000 00006CF4 	 .word -194248704
 5670 0004 00E003F0 	 .word -268181504
 5671 0008 0B       	 .byte 11
 5672 0009 000000   	 .zero 3
 5673 000c 61000000 	 .word 97
 5674              	 .global IfxAsclin0_SLSO_P14_6_OUT
 5675              	 .section .rodata.IfxAsclin0_SLSO_P14_6_OUT,"a"
 5676              	 .align 2
 5679              	IfxAsclin0_SLSO_P14_6_OUT:
 5680 0000 00006CF4 	 .word -194248704
 5681 0004 00D803F0 	 .word -268183552
 5682 0008 06       	 .byte 6
 5683 0009 000000   	 .zero 3
 5684 000c 51000000 	 .word 81
 5685              	 .global IfxAsclin0_SCLK_P15_2_OUT
 5686              	 .section .rodata.IfxAsclin0_SCLK_P15_2_OUT,"a"
 5687              	 .align 2
 5690              	IfxAsclin0_SCLK_P15_2_OUT:
 5691 0000 00006CF4 	 .word -194248704
 5692 0004 00DC03F0 	 .word -268182528
 5693 0008 02       	 .byte 2
 5694 0009 000000   	 .zero 3
 5695 000c 61000000 	 .word 97
 5696              	 .global IfxAsclin0_SCLK_P10_0_OUT
 5697              	 .section .rodata.IfxAsclin0_SCLK_P10_0_OUT,"a"
 5698              	 .align 2
 5701              	IfxAsclin0_SCLK_P10_0_OUT:
 5702 0000 00006CF4 	 .word -194248704
 5703 0004 00C803F0 	 .word -268187648
 5704 0008 00       	 .byte 0
 5705 0009 000000   	 .zero 3
 5706 000c F1000000 	 .word 241
 5707              	 .global IfxAsclin0_SCLK_F_P16_0_OUT
 5708              	 .section .rodata.IfxAsclin0_SCLK_F_P16_0_OUT,"a"
 5709              	 .align 2
 5712              	IfxAsclin0_SCLK_F_P16_0_OUT:
 5713 0000 00006CF4 	 .word -194248704
 5714 0004 00E003F0 	 .word -268181504
 5715 0008 00       	 .byte 0
 5716 0009 000000   	 .zero 3
 5717 000c 61000000 	 .word 97
 5718              	 .global IfxAsclin0_SCLK_F_P14_0_OUT
 5719              	 .section .rodata.IfxAsclin0_SCLK_F_P14_0_OUT,"a"
 5720              	 .align 2
 5723              	IfxAsclin0_SCLK_F_P14_0_OUT:
 5724 0000 00006CF4 	 .word -194248704
 5725 0004 00D803F0 	 .word -268183552
 5726 0008 00       	 .byte 0
 5727 0009 000000   	 .zero 3
 5728 000c 61000000 	 .word 97
 5729              	 .global IfxAsclin0_RXH_P04_6_IN
 5730              	 .section .rodata.IfxAsclin0_RXH_P04_6_IN,"a"
 5731              	 .align 2
 5734              	IfxAsclin0_RXH_P04_6_IN:
 5735 0000 00006CF4 	 .word -194248704
 5736 0004 00B003F0 	 .word -268193792
 5737 0008 06       	 .byte 6
 5738 0009 000000   	 .zero 3
 5739 000c 07000000 	 .word 7
 5740              	 .global IfxAsclin0_RXG_F_P16_2_IN
 5741              	 .section .rodata.IfxAsclin0_RXG_F_P16_2_IN,"a"
 5742              	 .align 2
 5745              	IfxAsclin0_RXG_F_P16_2_IN:
 5746 0000 00006CF4 	 .word -194248704
 5747 0004 00E003F0 	 .word -268181504
 5748 0008 02       	 .byte 2
 5749 0009 000000   	 .zero 3
 5750 000c 06000000 	 .word 6
 5751              	 .global IfxAsclin0_RXF_P10_1_IN
 5752              	 .section .rodata.IfxAsclin0_RXF_P10_1_IN,"a"
 5753              	 .align 2
 5756              	IfxAsclin0_RXF_P10_1_IN:
 5757 0000 00006CF4 	 .word -194248704
 5758 0004 00C803F0 	 .word -268187648
 5759 0008 01       	 .byte 1
 5760 0009 000000   	 .zero 3
 5761 000c 05000000 	 .word 5
 5762              	 .global IfxAsclin0_RXE_P13_11_IN
 5763              	 .section .rodata.IfxAsclin0_RXE_P13_11_IN,"a"
 5764              	 .align 2
 5767              	IfxAsclin0_RXE_P13_11_IN:
 5768 0000 00006CF4 	 .word -194248704
 5769 0004 00D403F0 	 .word -268184576
 5770 0008 0B       	 .byte 11
 5771 0009 000000   	 .zero 3
 5772 000c 04000000 	 .word 4
 5773              	 .global IfxAsclin0_RXD_P33_10_IN
 5774              	 .section .rodata.IfxAsclin0_RXD_P33_10_IN,"a"
 5775              	 .align 2
 5778              	IfxAsclin0_RXD_P33_10_IN:
 5779 0000 00006CF4 	 .word -194248704
 5780 0004 002404F0 	 .word -268164096
 5781 0008 0A       	 .byte 10
 5782 0009 000000   	 .zero 3
 5783 000c 03000000 	 .word 3
 5784              	 .global IfxAsclin0_RXC_P01_8_IN
 5785              	 .section .rodata.IfxAsclin0_RXC_P01_8_IN,"a"
 5786              	 .align 2
 5789              	IfxAsclin0_RXC_P01_8_IN:
 5790 0000 00006CF4 	 .word -194248704
 5791 0004 00A403F0 	 .word -268196864
 5792 0008 08       	 .byte 8
 5793 0009 000000   	 .zero 3
 5794 000c 02000000 	 .word 2
 5795              	 .global IfxAsclin0_RXB_P15_3_IN
 5796              	 .section .rodata.IfxAsclin0_RXB_P15_3_IN,"a"
 5797              	 .align 2
 5800              	IfxAsclin0_RXB_P15_3_IN:
 5801 0000 00006CF4 	 .word -194248704
 5802 0004 00DC03F0 	 .word -268182528
 5803 0008 03       	 .byte 3
 5804 0009 000000   	 .zero 3
 5805 000c 01000000 	 .word 1
 5806              	 .global IfxAsclin0_RXA_F_P14_1_IN
 5807              	 .section .rodata.IfxAsclin0_RXA_F_P14_1_IN,"a"
 5808              	 .align 2
 5811              	IfxAsclin0_RXA_F_P14_1_IN:
 5812 0000 00006CF4 	 .word -194248704
 5813 0004 00D803F0 	 .word -268183552
 5814 0008 01       	 .byte 1
 5815 0009 000000   	 .zero 3
 5816 000c 00000000 	 .word 0
 5817              	 .global IfxAsclin0_RTS_P10_7_OUT
 5818              	 .section .rodata.IfxAsclin0_RTS_P10_7_OUT,"a"
 5819              	 .align 2
 5822              	IfxAsclin0_RTS_P10_7_OUT:
 5823 0000 00006CF4 	 .word -194248704
 5824 0004 00C803F0 	 .word -268187648
 5825 0008 07       	 .byte 7
 5826 0009 000000   	 .zero 3
 5827 000c C1000000 	 .word 193
 5828              	 .global IfxAsclin0_RTS_F_P14_7_OUT
 5829              	 .section .rodata.IfxAsclin0_RTS_F_P14_7_OUT,"a"
 5830              	 .align 2
 5833              	IfxAsclin0_RTS_F_P14_7_OUT:
 5834 0000 00006CF4 	 .word -194248704
 5835 0004 00D803F0 	 .word -268183552
 5836 0008 07       	 .byte 7
 5837 0009 000000   	 .zero 3
 5838 000c 21000000 	 .word 33
 5839              	 .global IfxAsclin0_RTS_F_P14_4_OUT
 5840              	 .section .rodata.IfxAsclin0_RTS_F_P14_4_OUT,"a"
 5841              	 .align 2
 5844              	IfxAsclin0_RTS_F_P14_4_OUT:
 5845 0000 00006CF4 	 .word -194248704
 5846 0004 00D803F0 	 .word -268183552
 5847 0008 04       	 .byte 4
 5848 0009 000000   	 .zero 3
 5849 000c 31000000 	 .word 49
 5850              	 .global IfxAsclin0_CTSA_P14_9_IN
 5851              	 .section .rodata.IfxAsclin0_CTSA_P14_9_IN,"a"
 5852              	 .align 2
 5855              	IfxAsclin0_CTSA_P14_9_IN:
 5856 0000 00006CF4 	 .word -194248704
 5857 0004 00D803F0 	 .word -268183552
 5858 0008 09       	 .byte 9
 5859 0009 000000   	 .zero 3
 5860 000c 00000000 	 .word 0
 5861              	.section .text,"ax",@progbits
 5862              	.Letext0:
 5863              	 .file 1 "../Libraries/Infra/Sfr/TC4Dx/Ifx_TypesReg.h"
 5864              	 .file 2 "../Libraries/Infra/Sfr/TC4Dx/IfxAsclin_regdef.h"
 5865              	 .file 3 "../Libraries/Infra/Platform/Compilers/Platform_Types.h"
 5866              	 .file 4 "../Libraries/Infra/Platform/Compilers/Ifx_Types.h"
 5867              	 .file 5 "../Libraries/Infra/Sfr/TC4Dx/IfxPort_regdef.h"
 5868              	 .file 6 "../Libraries/iLLD/TC4xx/CpuGeneric/Port/Std/IfxPort.h"
 5869              	 .file 7 "../Libraries/iLLD/TC4xx/CpuGeneric/_PinMap/IfxAsclin_PinMap.h"
 5870              	 .file 8 "../Libraries/iLLD/TC4xx/CpuGeneric/_PinMap/TC4Dx/IfxAsclin_PinMap_TC4Dx_BGA436_COM.h"
 5871              	 .file 9 "../Libraries/iLLD/TC4xx/CpuGeneric/_PinMap/TC4Dx/IfxAsclin_PinMap_TC4Dx_BGA436_COM.c"
DEFINED SYMBOLS
                            *ABS*:00000000 IfxAsclin_PinMap_TC4Dx_BGA436_COM.c
                            *ABS*:00000000 IfxAsclin_PinMap_TC4Dx_BGA436_COM.c
    {standard input}:11     .data.IfxAsclin_Tx_Out_pinTable:00000000 IfxAsclin_Tx_Out_pinTable
    {standard input}:5602   .rodata.IfxAsclin0_TX_P01_13_OUT:00000000 IfxAsclin0_TX_P01_13_OUT
    {standard input}:5591   .rodata.IfxAsclin0_TX_P10_0_OUT:00000000 IfxAsclin0_TX_P10_0_OUT
    {standard input}:5580   .rodata.IfxAsclin0_TX_P10_1_OUT:00000000 IfxAsclin0_TX_P10_1_OUT
    {standard input}:5569   .rodata.IfxAsclin0_TX_P13_10_OUT:00000000 IfxAsclin0_TX_P13_10_OUT
    {standard input}:5646   .rodata.IfxAsclin0_TX_F_P14_0_OUT:00000000 IfxAsclin0_TX_F_P14_0_OUT
    {standard input}:5635   .rodata.IfxAsclin0_TX_F_P14_1_OUT:00000000 IfxAsclin0_TX_F_P14_1_OUT
    {standard input}:5624   .rodata.IfxAsclin0_TX_F_P14_5_OUT:00000000 IfxAsclin0_TX_F_P14_5_OUT
    {standard input}:5558   .rodata.IfxAsclin0_TX_P15_2_OUT:00000000 IfxAsclin0_TX_P15_2_OUT
    {standard input}:5547   .rodata.IfxAsclin0_TX_P15_3_OUT:00000000 IfxAsclin0_TX_P15_3_OUT
    {standard input}:5613   .rodata.IfxAsclin0_TX_F_P16_1_OUT:00000000 IfxAsclin0_TX_F_P16_1_OUT
    {standard input}:5536   .rodata.IfxAsclin0_TX_P33_9_OUT:00000000 IfxAsclin0_TX_P33_9_OUT
    {standard input}:4161   .rodata.IfxAsclin1_TX_P02_2_OUT:00000000 IfxAsclin1_TX_P02_2_OUT
    {standard input}:4150   .rodata.IfxAsclin1_TX_P03_2_OUT:00000000 IfxAsclin1_TX_P03_2_OUT
    {standard input}:4139   .rodata.IfxAsclin1_TX_P10_10_OUT:00000000 IfxAsclin1_TX_P10_10_OUT
    {standard input}:4128   .rodata.IfxAsclin1_TX_P10_15_OUT:00000000 IfxAsclin1_TX_P10_15_OUT
    {standard input}:4117   .rodata.IfxAsclin1_TX_P14_10_OUT:00000000 IfxAsclin1_TX_P14_10_OUT
    {standard input}:4106   .rodata.IfxAsclin1_TX_P14_15_OUT:00000000 IfxAsclin1_TX_P14_15_OUT
    {standard input}:4216   .rodata.IfxAsclin1_TX_F_P15_0_OUT:00000000 IfxAsclin1_TX_F_P15_0_OUT
    {standard input}:4205   .rodata.IfxAsclin1_TX_F_P15_1_OUT:00000000 IfxAsclin1_TX_F_P15_1_OUT
    {standard input}:4194   .rodata.IfxAsclin1_TX_F_P15_2_OUT:00000000 IfxAsclin1_TX_F_P15_2_OUT
    {standard input}:4183   .rodata.IfxAsclin1_TX_F_P15_4_OUT:00000000 IfxAsclin1_TX_F_P15_4_OUT
    {standard input}:4172   .rodata.IfxAsclin1_TX_F_P15_5_OUT:00000000 IfxAsclin1_TX_F_P15_5_OUT
    {standard input}:4095   .rodata.IfxAsclin1_TX_P16_14_OUT:00000000 IfxAsclin1_TX_P16_14_OUT
    {standard input}:4084   .rodata.IfxAsclin1_TX_P20_10_OUT:00000000 IfxAsclin1_TX_P20_10_OUT
    {standard input}:4073   .rodata.IfxAsclin1_TX_P33_12_OUT:00000000 IfxAsclin1_TX_P33_12_OUT
    {standard input}:4062   .rodata.IfxAsclin1_TX_P33_13_OUT:00000000 IfxAsclin1_TX_P33_13_OUT
    {standard input}:3270   .rodata.IfxAsclin2_TX_P02_0_OUT:00000000 IfxAsclin2_TX_P02_0_OUT
    {standard input}:3248   .rodata.IfxAsclin2_TX_P02_9_OUT:00000000 IfxAsclin2_TX_P02_9_OUT
    {standard input}:3259   .rodata.IfxAsclin2_TX_P02_12_OUT:00000000 IfxAsclin2_TX_P02_12_OUT
    {standard input}:3237   .rodata.IfxAsclin2_TX_P03_8_OUT:00000000 IfxAsclin2_TX_P03_8_OUT
    {standard input}:3303   .rodata.IfxAsclin2_TX_F_P10_2_OUT:00000000 IfxAsclin2_TX_F_P10_2_OUT
    {standard input}:3292   .rodata.IfxAsclin2_TX_F_P10_3_OUT:00000000 IfxAsclin2_TX_F_P10_3_OUT
    {standard input}:3281   .rodata.IfxAsclin2_TX_F_P10_5_OUT:00000000 IfxAsclin2_TX_F_P10_5_OUT
    {standard input}:3226   .rodata.IfxAsclin2_TX_P14_2_OUT:00000000 IfxAsclin2_TX_P14_2_OUT
    {standard input}:3215   .rodata.IfxAsclin2_TX_P14_3_OUT:00000000 IfxAsclin2_TX_P14_3_OUT
    {standard input}:3204   .rodata.IfxAsclin2_TX_P32_5_OUT:00000000 IfxAsclin2_TX_P32_5_OUT
    {standard input}:3193   .rodata.IfxAsclin2_TX_P33_8_OUT:00000000 IfxAsclin2_TX_P33_8_OUT
    {standard input}:3182   .rodata.IfxAsclin2_TX_P33_9_OUT:00000000 IfxAsclin2_TX_P33_9_OUT
    {standard input}:2874   .rodata.IfxAsclin3_TX_P00_0_OUT:00000000 IfxAsclin3_TX_P00_0_OUT
    {standard input}:2863   .rodata.IfxAsclin3_TX_P00_1_OUT:00000000 IfxAsclin3_TX_P00_1_OUT
    {standard input}:2852   .rodata.IfxAsclin3_TX_P13_7_OUT:00000000 IfxAsclin3_TX_P13_7_OUT
    {standard input}:2841   .rodata.IfxAsclin3_TX_P13_9_OUT:00000000 IfxAsclin3_TX_P13_9_OUT
    {standard input}:2830   .rodata.IfxAsclin3_TX_P15_6_OUT:00000000 IfxAsclin3_TX_P15_6_OUT
    {standard input}:2819   .rodata.IfxAsclin3_TX_P15_7_OUT:00000000 IfxAsclin3_TX_P15_7_OUT
    {standard input}:2896   .rodata.IfxAsclin3_TX_F_P20_0_OUT:00000000 IfxAsclin3_TX_F_P20_0_OUT
    {standard input}:2885   .rodata.IfxAsclin3_TX_F_P20_3_OUT:00000000 IfxAsclin3_TX_F_P20_3_OUT
    {standard input}:2808   .rodata.IfxAsclin3_TX_P21_7_OUT:00000000 IfxAsclin3_TX_P21_7_OUT
    {standard input}:2797   .rodata.IfxAsclin3_TX_P22_0_OUT:00000000 IfxAsclin3_TX_P22_0_OUT
    {standard input}:2786   .rodata.IfxAsclin3_TX_P22_1_OUT:00000000 IfxAsclin3_TX_P22_1_OUT
    {standard input}:2775   .rodata.IfxAsclin3_TX_P32_2_OUT:00000000 IfxAsclin3_TX_P32_2_OUT
    {standard input}:2577   .rodata.IfxAsclin4_TX_P00_9_OUT:00000000 IfxAsclin4_TX_P00_9_OUT
    {standard input}:2588   .rodata.IfxAsclin4_TX_P00_10_OUT:00000000 IfxAsclin4_TX_P00_10_OUT
    {standard input}:2599   .rodata.IfxAsclin4_TX_F_P22_5_OUT:00000000 IfxAsclin4_TX_F_P22_5_OUT
    {standard input}:2610   .rodata.IfxAsclin4_TX_F_P22_10_OUT:00000000 IfxAsclin4_TX_F_P22_10_OUT
    {standard input}:2566   .rodata.IfxAsclin4_TX_P34_1_OUT:00000000 IfxAsclin4_TX_P34_1_OUT
    {standard input}:2555   .rodata.IfxAsclin4_TX_P34_3_OUT:00000000 IfxAsclin4_TX_P34_3_OUT
    {standard input}:2544   .rodata.IfxAsclin4_TX_P35_0_OUT:00000000 IfxAsclin4_TX_P35_0_OUT
    {standard input}:2313   .rodata.IfxAsclin5_TX_P00_7_OUT:00000000 IfxAsclin5_TX_P00_7_OUT
    {standard input}:2302   .rodata.IfxAsclin5_TX_P03_0_OUT:00000000 IfxAsclin5_TX_P03_0_OUT
    {standard input}:2291   .rodata.IfxAsclin5_TX_P10_14_OUT:00000000 IfxAsclin5_TX_P10_14_OUT
    {standard input}:2280   .rodata.IfxAsclin5_TX_P14_14_OUT:00000000 IfxAsclin5_TX_P14_14_OUT
    {standard input}:2269   .rodata.IfxAsclin5_TX_P16_3_OUT:00000000 IfxAsclin5_TX_P16_3_OUT
    {standard input}:2258   .rodata.IfxAsclin5_TX_P16_5_OUT:00000000 IfxAsclin5_TX_P16_5_OUT
    {standard input}:2247   .rodata.IfxAsclin5_TX_P22_2_OUT:00000000 IfxAsclin5_TX_P22_2_OUT
    {standard input}:2324   .rodata.IfxAsclin5_TX_F_P33_0_OUT:00000000 IfxAsclin5_TX_F_P33_0_OUT
    {standard input}:2236   .rodata.IfxAsclin5_TX_P35_5_OUT:00000000 IfxAsclin5_TX_P35_5_OUT
    {standard input}:2049   .rodata.IfxAsclin6_TX_P00_14_OUT:00000000 IfxAsclin6_TX_P00_14_OUT
    {standard input}:2038   .rodata.IfxAsclin6_TX_P01_1_OUT:00000000 IfxAsclin6_TX_P01_1_OUT
    {standard input}:2027   .rodata.IfxAsclin6_TX_P02_15_OUT:00000000 IfxAsclin6_TX_P02_15_OUT
    {standard input}:2016   .rodata.IfxAsclin6_TX_P04_2_OUT:00000000 IfxAsclin6_TX_P04_2_OUT
    {standard input}:2005   .rodata.IfxAsclin6_TX_P04_4_OUT:00000000 IfxAsclin6_TX_P04_4_OUT
    {standard input}:1994   .rodata.IfxAsclin6_TX_P10_10_OUT:00000000 IfxAsclin6_TX_P10_10_OUT
    {standard input}:1983   .rodata.IfxAsclin6_TX_P22_0_OUT:00000000 IfxAsclin6_TX_P22_0_OUT
    {standard input}:2060   .rodata.IfxAsclin6_TX_F_P23_5_OUT:00000000 IfxAsclin6_TX_F_P23_5_OUT
    {standard input}:1972   .rodata.IfxAsclin6_TX_P30_5_OUT:00000000 IfxAsclin6_TX_P30_5_OUT
    {standard input}:1961   .rodata.IfxAsclin6_TX_P32_4_OUT:00000000 IfxAsclin6_TX_P32_4_OUT
    {standard input}:1950   .rodata.IfxAsclin6_TX_P32_7_OUT:00000000 IfxAsclin6_TX_P32_7_OUT
    {standard input}:1741   .rodata.IfxAsclin7_TX_P01_9_OUT:00000000 IfxAsclin7_TX_P01_9_OUT
    {standard input}:1752   .rodata.IfxAsclin7_TX_P01_12_OUT:00000000 IfxAsclin7_TX_P01_12_OUT
    {standard input}:1730   .rodata.IfxAsclin7_TX_P02_14_OUT:00000000 IfxAsclin7_TX_P02_14_OUT
    {standard input}:1719   .rodata.IfxAsclin7_TX_P03_15_OUT:00000000 IfxAsclin7_TX_P03_15_OUT
    {standard input}:1708   .rodata.IfxAsclin7_TX_P10_14_OUT:00000000 IfxAsclin7_TX_P10_14_OUT
    {standard input}:1774   .rodata.IfxAsclin7_TX_F_P13_12_OUT:00000000 IfxAsclin7_TX_F_P13_12_OUT
    {standard input}:1763   .rodata.IfxAsclin7_TX_F_P14_14_OUT:00000000 IfxAsclin7_TX_F_P14_14_OUT
    {standard input}:1697   .rodata.IfxAsclin7_TX_P22_1_OUT:00000000 IfxAsclin7_TX_P22_1_OUT
    {standard input}:1686   .rodata.IfxAsclin7_TX_P22_3_OUT:00000000 IfxAsclin7_TX_P22_3_OUT
    {standard input}:1675   .rodata.IfxAsclin7_TX_P23_3_OUT:00000000 IfxAsclin7_TX_P23_3_OUT
    {standard input}:1521   .rodata.IfxAsclin8_TX_F_P02_9_OUT:00000000 IfxAsclin8_TX_F_P02_9_OUT
    {standard input}:1510   .rodata.IfxAsclin8_TX_P03_4_OUT:00000000 IfxAsclin8_TX_P03_4_OUT
    {standard input}:1499   .rodata.IfxAsclin8_TX_P03_8_OUT:00000000 IfxAsclin8_TX_P03_8_OUT
    {standard input}:1488   .rodata.IfxAsclin8_TX_P30_3_OUT:00000000 IfxAsclin8_TX_P30_3_OUT
    {standard input}:1477   .rodata.IfxAsclin8_TX_P33_3_OUT:00000000 IfxAsclin8_TX_P33_3_OUT
    {standard input}:1466   .rodata.IfxAsclin8_TX_P33_7_OUT:00000000 IfxAsclin8_TX_P33_7_OUT
    {standard input}:1455   .rodata.IfxAsclin8_TX_P34_5_OUT:00000000 IfxAsclin8_TX_P34_5_OUT
    {standard input}:1323   .rodata.IfxAsclin9_TX_F_P01_6_OUT:00000000 IfxAsclin9_TX_F_P01_6_OUT
    {standard input}:1312   .rodata.IfxAsclin9_TX_F_P01_7_OUT:00000000 IfxAsclin9_TX_F_P01_7_OUT
    {standard input}:1301   .rodata.IfxAsclin9_TX_P10_7_OUT:00000000 IfxAsclin9_TX_P10_7_OUT
    {standard input}:1290   .rodata.IfxAsclin9_TX_P14_7_OUT:00000000 IfxAsclin9_TX_P14_7_OUT
    {standard input}:1279   .rodata.IfxAsclin9_TX_P20_7_OUT:00000000 IfxAsclin9_TX_P20_7_OUT
    {standard input}:5371   .rodata.IfxAsclin10_TX_P00_8_OUT:00000000 IfxAsclin10_TX_P00_8_OUT
    {standard input}:5360   .rodata.IfxAsclin10_TX_P02_11_OUT:00000000 IfxAsclin10_TX_P02_11_OUT
    {standard input}:5349   .rodata.IfxAsclin10_TX_P04_7_OUT:00000000 IfxAsclin10_TX_P04_7_OUT
    {standard input}:5393   .rodata.IfxAsclin10_TX_F_P13_0_OUT:00000000 IfxAsclin10_TX_F_P13_0_OUT
    {standard input}:5382   .rodata.IfxAsclin10_TX_F_P13_15_OUT:00000000 IfxAsclin10_TX_F_P13_15_OUT
    {standard input}:5206   .rodata.IfxAsclin11_TX_P03_14_OUT:00000000 IfxAsclin11_TX_P03_14_OUT
    {standard input}:5195   .rodata.IfxAsclin11_TX_P10_0_OUT:00000000 IfxAsclin11_TX_P10_0_OUT
    {standard input}:5228   .rodata.IfxAsclin11_TX_F_P21_0_OUT:00000000 IfxAsclin11_TX_F_P21_0_OUT
    {standard input}:5217   .rodata.IfxAsclin11_TX_F_P21_5_OUT:00000000 IfxAsclin11_TX_F_P21_5_OUT
    {standard input}:5129   .rodata.IfxAsclin12_TX_F_P00_3_OUT:00000000 IfxAsclin12_TX_F_P00_3_OUT
    {standard input}:5118   .rodata.IfxAsclin12_TX_P00_15_OUT:00000000 IfxAsclin12_TX_P00_15_OUT
    {standard input}:5107   .rodata.IfxAsclin12_TX_P01_6_OUT:00000000 IfxAsclin12_TX_P01_6_OUT
    {standard input}:5085   .rodata.IfxAsclin12_TX_P03_9_OUT:00000000 IfxAsclin12_TX_P03_9_OUT
    {standard input}:5096   .rodata.IfxAsclin12_TX_P03_14_OUT:00000000 IfxAsclin12_TX_P03_14_OUT
    {standard input}:5030   .rodata.IfxAsclin13_TX_F_P00_10_OUT:00000000 IfxAsclin13_TX_F_P00_10_OUT
    {standard input}:5019   .rodata.IfxAsclin13_TX_F_P00_11_OUT:00000000 IfxAsclin13_TX_F_P00_11_OUT
    {standard input}:5008   .rodata.IfxAsclin13_TX_P01_15_OUT:00000000 IfxAsclin13_TX_P01_15_OUT
    {standard input}:4964   .rodata.IfxAsclin14_TX_F_P33_2_OUT:00000000 IfxAsclin14_TX_F_P33_2_OUT
    {standard input}:4953   .rodata.IfxAsclin14_TX_F_P33_3_OUT:00000000 IfxAsclin14_TX_F_P33_3_OUT
    {standard input}:4909   .rodata.IfxAsclin15_TX_F_P32_7_OUT:00000000 IfxAsclin15_TX_F_P32_7_OUT
    {standard input}:4898   .rodata.IfxAsclin15_TX_F_P33_0_OUT:00000000 IfxAsclin15_TX_F_P33_0_OUT
    {standard input}:4821   .rodata.IfxAsclin16_TX_F_P23_1_OUT:00000000 IfxAsclin16_TX_F_P23_1_OUT
    {standard input}:4810   .rodata.IfxAsclin16_TX_F_P23_6_OUT:00000000 IfxAsclin16_TX_F_P23_6_OUT
    {standard input}:4799   .rodata.IfxAsclin16_TX_F_P23_7_OUT:00000000 IfxAsclin16_TX_F_P23_7_OUT
    {standard input}:4788   .rodata.IfxAsclin16_TX_P30_6_OUT:00000000 IfxAsclin16_TX_P30_6_OUT
    {standard input}:4777   .rodata.IfxAsclin16_TX_P34_2_OUT:00000000 IfxAsclin16_TX_P34_2_OUT
    {standard input}:4689   .rodata.IfxAsclin17_TX_F_P22_7_OUT:00000000 IfxAsclin17_TX_F_P22_7_OUT
    {standard input}:4700   .rodata.IfxAsclin17_TX_F_P22_11_OUT:00000000 IfxAsclin17_TX_F_P22_11_OUT
    {standard input}:4678   .rodata.IfxAsclin17_TX_P31_6_OUT:00000000 IfxAsclin17_TX_P31_6_OUT
    {standard input}:4667   .rodata.IfxAsclin17_TX_P32_6_OUT:00000000 IfxAsclin17_TX_P32_6_OUT
    {standard input}:4579   .rodata.IfxAsclin18_TX_F_P21_3_OUT:00000000 IfxAsclin18_TX_F_P21_3_OUT
    {standard input}:4568   .rodata.IfxAsclin18_TX_F_P21_4_OUT:00000000 IfxAsclin18_TX_F_P21_4_OUT
    {standard input}:4458   .rodata.IfxAsclin19_TX_P03_4_OUT:00000000 IfxAsclin19_TX_P03_4_OUT
    {standard input}:4447   .rodata.IfxAsclin19_TX_P03_6_OUT:00000000 IfxAsclin19_TX_P03_6_OUT
    {standard input}:4436   .rodata.IfxAsclin19_TX_P13_4_OUT:00000000 IfxAsclin19_TX_P13_4_OUT
    {standard input}:4480   .rodata.IfxAsclin19_TX_F_P15_4_OUT:00000000 IfxAsclin19_TX_F_P15_4_OUT
    {standard input}:4469   .rodata.IfxAsclin19_TX_F_P15_7_OUT:00000000 IfxAsclin19_TX_F_P15_7_OUT
    {standard input}:4491   .rodata.IfxAsclin19_TX_F_P15_12_OUT:00000000 IfxAsclin19_TX_F_P15_12_OUT
    {standard input}:3974   .rodata.IfxAsclin20_TX_P04_0_OUT:00000000 IfxAsclin20_TX_P04_0_OUT
    {standard input}:3996   .rodata.IfxAsclin20_TX_F_P10_7_OUT:00000000 IfxAsclin20_TX_F_P10_7_OUT
    {standard input}:3985   .rodata.IfxAsclin20_TX_F_P10_8_OUT:00000000 IfxAsclin20_TX_F_P10_8_OUT
    {standard input}:3963   .rodata.IfxAsclin20_TX_P14_7_OUT:00000000 IfxAsclin20_TX_P14_7_OUT
    {standard input}:3952   .rodata.IfxAsclin20_TX_P14_8_OUT:00000000 IfxAsclin20_TX_P14_8_OUT
    {standard input}:3908   .rodata.IfxAsclin21_TX_F_P13_2_OUT:00000000 IfxAsclin21_TX_F_P13_2_OUT
    {standard input}:3897   .rodata.IfxAsclin21_TX_F_P13_3_OUT:00000000 IfxAsclin21_TX_F_P13_3_OUT
    {standard input}:3853   .rodata.IfxAsclin22_TX_F_P10_0_OUT:00000000 IfxAsclin22_TX_F_P10_0_OUT
    {standard input}:3842   .rodata.IfxAsclin22_TX_F_P10_4_OUT:00000000 IfxAsclin22_TX_F_P10_4_OUT
    {standard input}:3831   .rodata.IfxAsclin22_TX_P10_5_OUT:00000000 IfxAsclin22_TX_P10_5_OUT
    {standard input}:3754   .rodata.IfxAsclin23_TX_P03_12_OUT:00000000 IfxAsclin23_TX_P03_12_OUT
    {standard input}:3776   .rodata.IfxAsclin23_TX_F_P10_7_OUT:00000000 IfxAsclin23_TX_F_P10_7_OUT
    {standard input}:3765   .rodata.IfxAsclin23_TX_F_P10_8_OUT:00000000 IfxAsclin23_TX_F_P10_8_OUT
    {standard input}:3721   .rodata.IfxAsclin24_TX_F_P00_11_OUT:00000000 IfxAsclin24_TX_F_P00_11_OUT
    {standard input}:3710   .rodata.IfxAsclin24_TX_F_P00_12_OUT:00000000 IfxAsclin24_TX_F_P00_12_OUT
    {standard input}:3677   .rodata.IfxAsclin25_TX_F_P32_4_OUT:00000000 IfxAsclin25_TX_F_P32_4_OUT
    {standard input}:3666   .rodata.IfxAsclin25_TX_F_P33_4_OUT:00000000 IfxAsclin25_TX_F_P33_4_OUT
    {standard input}:3622   .rodata.IfxAsclin26_TX_F_P01_7_OUT:00000000 IfxAsclin26_TX_F_P01_7_OUT
    {standard input}:3611   .rodata.IfxAsclin26_TX_F_P02_11_OUT:00000000 IfxAsclin26_TX_F_P02_11_OUT
    {standard input}:3600   .rodata.IfxAsclin26_TX_P03_11_OUT:00000000 IfxAsclin26_TX_P03_11_OUT
    {standard input}:3556   .rodata.IfxAsclin27_TX_F_P22_7_OUT:00000000 IfxAsclin27_TX_F_P22_7_OUT
    {standard input}:3545   .rodata.IfxAsclin27_TX_F_P23_4_OUT:00000000 IfxAsclin27_TX_F_P23_4_OUT
    {standard input}:3534   .rodata.IfxAsclin27_TX_P30_4_OUT:00000000 IfxAsclin27_TX_P30_4_OUT
    {standard input}:437    .data.IfxAsclin_Slso_Out_pinTable:00000000 IfxAsclin_Slso_Out_pinTable
    {standard input}:5679   .rodata.IfxAsclin0_SLSO_P14_6_OUT:00000000 IfxAsclin0_SLSO_P14_6_OUT
    {standard input}:5668   .rodata.IfxAsclin0_SLSO_P16_11_OUT:00000000 IfxAsclin0_SLSO_P16_11_OUT
    {standard input}:5657   .rodata.IfxAsclin0_SLSO_P16_12_OUT:00000000 IfxAsclin0_SLSO_P16_12_OUT
    {standard input}:4260   .rodata.IfxAsclin1_SLSO_P10_3_OUT:00000000 IfxAsclin1_SLSO_P10_3_OUT
    {standard input}:4249   .rodata.IfxAsclin1_SLSO_P14_3_OUT:00000000 IfxAsclin1_SLSO_P14_3_OUT
    {standard input}:4238   .rodata.IfxAsclin1_SLSO_P20_8_OUT:00000000 IfxAsclin1_SLSO_P20_8_OUT
    {standard input}:4227   .rodata.IfxAsclin1_SLSO_P33_10_OUT:00000000 IfxAsclin1_SLSO_P33_10_OUT
    {standard input}:3325   .rodata.IfxAsclin2_SLSO_P02_3_OUT:00000000 IfxAsclin2_SLSO_P02_3_OUT
    {standard input}:3314   .rodata.IfxAsclin2_SLSO_P33_6_OUT:00000000 IfxAsclin2_SLSO_P33_6_OUT
    {standard input}:2962   .rodata.IfxAsclin3_SLSO_P00_3_OUT:00000000 IfxAsclin3_SLSO_P00_3_OUT
    {standard input}:2951   .rodata.IfxAsclin3_SLSO_P10_3_OUT:00000000 IfxAsclin3_SLSO_P10_3_OUT
    {standard input}:2940   .rodata.IfxAsclin3_SLSO_P14_3_OUT:00000000 IfxAsclin3_SLSO_P14_3_OUT
    {standard input}:2973   .rodata.IfxAsclin3_SLSO_F_P20_1_OUT:00000000 IfxAsclin3_SLSO_F_P20_1_OUT
    {standard input}:2929   .rodata.IfxAsclin3_SLSO_P21_2_OUT:00000000 IfxAsclin3_SLSO_P21_2_OUT
    {standard input}:2918   .rodata.IfxAsclin3_SLSO_P21_6_OUT:00000000 IfxAsclin3_SLSO_P21_6_OUT
    {standard input}:2907   .rodata.IfxAsclin3_SLSO_P33_1_OUT:00000000 IfxAsclin3_SLSO_P33_1_OUT
    {standard input}:2632   .rodata.IfxAsclin4_SLSO_P00_11_OUT:00000000 IfxAsclin4_SLSO_P00_11_OUT
    {standard input}:2643   .rodata.IfxAsclin4_SLSO_F_P22_4_OUT:00000000 IfxAsclin4_SLSO_F_P22_4_OUT
    {standard input}:2654   .rodata.IfxAsclin4_SLSO_F_P22_11_OUT:00000000 IfxAsclin4_SLSO_F_P22_11_OUT
    {standard input}:2621   .rodata.IfxAsclin4_SLSO_P34_4_OUT:00000000 IfxAsclin4_SLSO_P34_4_OUT
    {standard input}:2368   .rodata.IfxAsclin5_SLSO_P03_3_OUT:00000000 IfxAsclin5_SLSO_P03_3_OUT
    {standard input}:2357   .rodata.IfxAsclin5_SLSO_P10_8_OUT:00000000 IfxAsclin5_SLSO_P10_8_OUT
    {standard input}:2346   .rodata.IfxAsclin5_SLSO_P14_8_OUT:00000000 IfxAsclin5_SLSO_P14_8_OUT
    {standard input}:2335   .rodata.IfxAsclin5_SLSO_P16_10_OUT:00000000 IfxAsclin5_SLSO_P16_10_OUT
    {standard input}:2379   .rodata.IfxAsclin5_SLSO_F_P33_5_OUT:00000000 IfxAsclin5_SLSO_F_P33_5_OUT
    {standard input}:2082   .rodata.IfxAsclin6_SLSO_P02_12_OUT:00000000 IfxAsclin6_SLSO_P02_12_OUT
    {standard input}:2071   .rodata.IfxAsclin6_SLSO_P10_13_OUT:00000000 IfxAsclin6_SLSO_P10_13_OUT
    {standard input}:2093   .rodata.IfxAsclin6_SLSO_F_P23_4_OUT:00000000 IfxAsclin6_SLSO_F_P23_4_OUT
    {standard input}:1796   .rodata.IfxAsclin7_SLSO_P01_11_OUT:00000000 IfxAsclin7_SLSO_P01_11_OUT
    {standard input}:1785   .rodata.IfxAsclin7_SLSO_P10_8_OUT:00000000 IfxAsclin7_SLSO_P10_8_OUT
    {standard input}:1818   .rodata.IfxAsclin7_SLSO_F_P13_15_OUT:00000000 IfxAsclin7_SLSO_F_P13_15_OUT
    {standard input}:1807   .rodata.IfxAsclin7_SLSO_F_P14_8_OUT:00000000 IfxAsclin7_SLSO_F_P14_8_OUT
    {standard input}:1543   .rodata.IfxAsclin8_SLSO_F_P02_11_OUT:00000000 IfxAsclin8_SLSO_F_P02_11_OUT
    {standard input}:1532   .rodata.IfxAsclin8_SLSO_P03_11_OUT:00000000 IfxAsclin8_SLSO_P03_11_OUT
    {standard input}:1334   .rodata.IfxAsclin9_SLSO_F_P01_4_OUT:00000000 IfxAsclin9_SLSO_F_P01_4_OUT
    {standard input}:5404   .rodata.IfxAsclin10_SLSO_P04_8_OUT:00000000 IfxAsclin10_SLSO_P04_8_OUT
    {standard input}:5415   .rodata.IfxAsclin10_SLSO_F_P13_3_OUT:00000000 IfxAsclin10_SLSO_F_P13_3_OUT
    {standard input}:5239   .rodata.IfxAsclin11_SLSO_F_P21_4_OUT:00000000 IfxAsclin11_SLSO_F_P21_4_OUT
    {standard input}:639    .data.IfxAsclin_Sclk_Out_pinTable:00000000 IfxAsclin_Sclk_Out_pinTable
    {standard input}:5701   .rodata.IfxAsclin0_SCLK_P10_0_OUT:00000000 IfxAsclin0_SCLK_P10_0_OUT
    {standard input}:5723   .rodata.IfxAsclin0_SCLK_F_P14_0_OUT:00000000 IfxAsclin0_SCLK_F_P14_0_OUT
    {standard input}:5690   .rodata.IfxAsclin0_SCLK_P15_2_OUT:00000000 IfxAsclin0_SCLK_P15_2_OUT
    {standard input}:5712   .rodata.IfxAsclin0_SCLK_F_P16_0_OUT:00000000 IfxAsclin0_SCLK_F_P16_0_OUT
    {standard input}:4304   .rodata.IfxAsclin1_SCLK_F_P15_0_OUT:00000000 IfxAsclin1_SCLK_F_P15_0_OUT
    {standard input}:4293   .rodata.IfxAsclin1_SCLK_P20_10_OUT:00000000 IfxAsclin1_SCLK_P20_10_OUT
    {standard input}:4282   .rodata.IfxAsclin1_SCLK_P33_11_OUT:00000000 IfxAsclin1_SCLK_P33_11_OUT
    {standard input}:4271   .rodata.IfxAsclin1_SCLK_P33_12_OUT:00000000 IfxAsclin1_SCLK_P33_12_OUT
    {standard input}:3369   .rodata.IfxAsclin2_SCLK_P02_4_OUT:00000000 IfxAsclin2_SCLK_P02_4_OUT
    {standard input}:3391   .rodata.IfxAsclin2_SCLK_F_P10_2_OUT:00000000 IfxAsclin2_SCLK_F_P10_2_OUT
    {standard input}:3380   .rodata.IfxAsclin2_SCLK_F_P10_6_OUT:00000000 IfxAsclin2_SCLK_F_P10_6_OUT
    {standard input}:3358   .rodata.IfxAsclin2_SCLK_P14_2_OUT:00000000 IfxAsclin2_SCLK_P14_2_OUT
    {standard input}:3347   .rodata.IfxAsclin2_SCLK_P33_7_OUT:00000000 IfxAsclin2_SCLK_P33_7_OUT
    {standard input}:3336   .rodata.IfxAsclin2_SCLK_P33_9_OUT:00000000 IfxAsclin2_SCLK_P33_9_OUT
    {standard input}:3050   .rodata.IfxAsclin3_SCLK_P00_0_OUT:00000000 IfxAsclin3_SCLK_P00_0_OUT
    {standard input}:3039   .rodata.IfxAsclin3_SCLK_P00_2_OUT:00000000 IfxAsclin3_SCLK_P00_2_OUT
    {standard input}:3028   .rodata.IfxAsclin3_SCLK_P15_6_OUT:00000000 IfxAsclin3_SCLK_P15_6_OUT
    {standard input}:3017   .rodata.IfxAsclin3_SCLK_P15_8_OUT:00000000 IfxAsclin3_SCLK_P15_8_OUT
    {standard input}:3061   .rodata.IfxAsclin3_SCLK_F_P20_0_OUT:00000000 IfxAsclin3_SCLK_F_P20_0_OUT
    {standard input}:3006   .rodata.IfxAsclin3_SCLK_P21_5_OUT:00000000 IfxAsclin3_SCLK_P21_5_OUT
    {standard input}:2995   .rodata.IfxAsclin3_SCLK_P21_7_OUT:00000000 IfxAsclin3_SCLK_P21_7_OUT
    {standard input}:2984   .rodata.IfxAsclin3_SCLK_P33_2_OUT:00000000 IfxAsclin3_SCLK_P33_2_OUT
    {standard input}:2676   .rodata.IfxAsclin4_SCLK_P00_10_OUT:00000000 IfxAsclin4_SCLK_P00_10_OUT
    {standard input}:2687   .rodata.IfxAsclin4_SCLK_F_P22_7_OUT:00000000 IfxAsclin4_SCLK_F_P22_7_OUT
    {standard input}:2665   .rodata.IfxAsclin4_SCLK_P34_3_OUT:00000000 IfxAsclin4_SCLK_P34_3_OUT
    {standard input}:2434   .rodata.IfxAsclin5_SCLK_P03_4_OUT:00000000 IfxAsclin5_SCLK_P03_4_OUT
    {standard input}:2423   .rodata.IfxAsclin5_SCLK_P14_12_OUT:00000000 IfxAsclin5_SCLK_P14_12_OUT
    {standard input}:2412   .rodata.IfxAsclin5_SCLK_P16_0_OUT:00000000 IfxAsclin5_SCLK_P16_0_OUT
    {standard input}:2401   .rodata.IfxAsclin5_SCLK_P16_4_OUT:00000000 IfxAsclin5_SCLK_P16_4_OUT
    {standard input}:2390   .rodata.IfxAsclin5_SCLK_P22_8_OUT:00000000 IfxAsclin5_SCLK_P22_8_OUT
    {standard input}:2445   .rodata.IfxAsclin5_SCLK_F_P33_3_OUT:00000000 IfxAsclin5_SCLK_F_P33_3_OUT
    {standard input}:2126   .rodata.IfxAsclin6_SCLK_P02_14_OUT:00000000 IfxAsclin6_SCLK_P02_14_OUT
    {standard input}:2115   .rodata.IfxAsclin6_SCLK_P04_1_OUT:00000000 IfxAsclin6_SCLK_P04_1_OUT
    {standard input}:2104   .rodata.IfxAsclin6_SCLK_P10_11_OUT:00000000 IfxAsclin6_SCLK_P10_11_OUT
    {standard input}:2137   .rodata.IfxAsclin6_SCLK_F_P23_1_OUT:00000000 IfxAsclin6_SCLK_F_P23_1_OUT
    {standard input}:1829   .rodata.IfxAsclin7_SCLK_P01_10_OUT:00000000 IfxAsclin7_SCLK_P01_10_OUT
    {standard input}:1851   .rodata.IfxAsclin7_SCLK_F_P13_13_OUT:00000000 IfxAsclin7_SCLK_F_P13_13_OUT
    {standard input}:1840   .rodata.IfxAsclin7_SCLK_F_P14_12_OUT:00000000 IfxAsclin7_SCLK_F_P14_12_OUT
    {standard input}:1576   .rodata.IfxAsclin8_SCLK_F_P02_0_OUT:00000000 IfxAsclin8_SCLK_F_P02_0_OUT
    {standard input}:1565   .rodata.IfxAsclin8_SCLK_F_P02_8_OUT:00000000 IfxAsclin8_SCLK_F_P02_8_OUT
    {standard input}:1554   .rodata.IfxAsclin8_SCLK_P03_9_OUT:00000000 IfxAsclin8_SCLK_P03_9_OUT
    {standard input}:1356   .rodata.IfxAsclin9_SCLK_F_P01_6_OUT:00000000 IfxAsclin9_SCLK_F_P01_6_OUT
    {standard input}:1345   .rodata.IfxAsclin9_SCLK_P03_14_OUT:00000000 IfxAsclin9_SCLK_P03_14_OUT
    {standard input}:5426   .rodata.IfxAsclin10_SCLK_P04_9_OUT:00000000 IfxAsclin10_SCLK_P04_9_OUT
    {standard input}:5437   .rodata.IfxAsclin10_SCLK_F_P13_2_OUT:00000000 IfxAsclin10_SCLK_F_P13_2_OUT
    {standard input}:5250   .rodata.IfxAsclin11_SCLK_F_P21_3_OUT:00000000 IfxAsclin11_SCLK_F_P21_3_OUT
    {standard input}:869    .data.IfxAsclin_Rx_In_pinTable:00000000 IfxAsclin_Rx_In_pinTable
    {standard input}:5811   .rodata.IfxAsclin0_RXA_F_P14_1_IN:00000000 IfxAsclin0_RXA_F_P14_1_IN
    {standard input}:5800   .rodata.IfxAsclin0_RXB_P15_3_IN:00000000 IfxAsclin0_RXB_P15_3_IN
    {standard input}:5789   .rodata.IfxAsclin0_RXC_P01_8_IN:00000000 IfxAsclin0_RXC_P01_8_IN
    {standard input}:5778   .rodata.IfxAsclin0_RXD_P33_10_IN:00000000 IfxAsclin0_RXD_P33_10_IN
    {standard input}:5767   .rodata.IfxAsclin0_RXE_P13_11_IN:00000000 IfxAsclin0_RXE_P13_11_IN
    {standard input}:5756   .rodata.IfxAsclin0_RXF_P10_1_IN:00000000 IfxAsclin0_RXF_P10_1_IN
    {standard input}:5745   .rodata.IfxAsclin0_RXG_F_P16_2_IN:00000000 IfxAsclin0_RXG_F_P16_2_IN
    {standard input}:5734   .rodata.IfxAsclin0_RXH_P04_6_IN:00000000 IfxAsclin0_RXH_P04_6_IN
    {standard input}:4381   .rodata.IfxAsclin1_RXA_F_P15_1_IN:00000000 IfxAsclin1_RXA_F_P15_1_IN
    {standard input}:4370   .rodata.IfxAsclin1_RXB_F_P15_5_IN:00000000 IfxAsclin1_RXB_F_P15_5_IN
    {standard input}:4359   .rodata.IfxAsclin1_RXC_P20_9_IN:00000000 IfxAsclin1_RXC_P20_9_IN
    {standard input}:4348   .rodata.IfxAsclin1_RXD_P14_8_IN:00000000 IfxAsclin1_RXD_P14_8_IN
    {standard input}:4337   .rodata.IfxAsclin1_RXF_P33_13_IN:00000000 IfxAsclin1_RXF_P33_13_IN
    {standard input}:4326   .rodata.IfxAsclin1_RXG_P02_3_IN:00000000 IfxAsclin1_RXG_P02_3_IN
    {standard input}:4315   .rodata.IfxAsclin1_RXH_P16_6_IN:00000000 IfxAsclin1_RXH_P16_6_IN
    {standard input}:3479   .rodata.IfxAsclin2_RXA_P14_3_IN:00000000 IfxAsclin2_RXA_P14_3_IN
    {standard input}:3468   .rodata.IfxAsclin2_RXB_P02_1_IN:00000000 IfxAsclin2_RXB_P02_1_IN
    {standard input}:3457   .rodata.IfxAsclin2_RXC_P02_10_IN:00000000 IfxAsclin2_RXC_P02_10_IN
    {standard input}:3446   .rodata.IfxAsclin2_RXD_F_P10_6_IN:00000000 IfxAsclin2_RXD_F_P10_6_IN
    {standard input}:3435   .rodata.IfxAsclin2_RXE_P33_8_IN:00000000 IfxAsclin2_RXE_P33_8_IN
    {standard input}:3424   .rodata.IfxAsclin2_RXF_P32_6_IN:00000000 IfxAsclin2_RXF_P32_6_IN
    {standard input}:3413   .rodata.IfxAsclin2_RXG_P02_0_IN:00000000 IfxAsclin2_RXG_P02_0_IN
    {standard input}:3402   .rodata.IfxAsclin2_RXH_F_P10_3_IN:00000000 IfxAsclin2_RXH_F_P10_3_IN
    {standard input}:3149   .rodata.IfxAsclin3_RXA_P15_7_IN:00000000 IfxAsclin3_RXA_P15_7_IN
    {standard input}:3138   .rodata.IfxAsclin3_RXC_F_P20_3_IN:00000000 IfxAsclin3_RXC_F_P20_3_IN
    {standard input}:3127   .rodata.IfxAsclin3_RXD_P32_2_IN:00000000 IfxAsclin3_RXD_P32_2_IN
    {standard input}:3116   .rodata.IfxAsclin3_RXE_P00_1_IN:00000000 IfxAsclin3_RXE_P00_1_IN
    {standard input}:3105   .rodata.IfxAsclin3_RXF_F_P21_6_IN:00000000 IfxAsclin3_RXF_F_P21_6_IN
    {standard input}:3094   .rodata.IfxAsclin3_RXG_P21_2_IN:00000000 IfxAsclin3_RXG_P21_2_IN
    {standard input}:3083   .rodata.IfxAsclin3_RXG_P21_3_IN:00000000 IfxAsclin3_RXG_P21_3_IN
    {standard input}:3072   .rodata.IfxAsclin3_RXH_P13_12_IN:00000000 IfxAsclin3_RXH_P13_12_IN
    {standard input}:2764   .rodata.IfxAsclin4_RXA_P00_12_IN:00000000 IfxAsclin4_RXA_P00_12_IN
    {standard input}:2753   .rodata.IfxAsclin4_RXB_P34_2_IN:00000000 IfxAsclin4_RXB_P34_2_IN
    {standard input}:2742   .rodata.IfxAsclin4_RXC_F_P22_6_IN:00000000 IfxAsclin4_RXC_F_P22_6_IN
    {standard input}:2731   .rodata.IfxAsclin4_RXD_F_P22_9_IN:00000000 IfxAsclin4_RXD_F_P22_9_IN
    {standard input}:2720   .rodata.IfxAsclin4_RXE_P34_3_IN:00000000 IfxAsclin4_RXE_P34_3_IN
    {standard input}:2709   .rodata.IfxAsclin4_RXF_P35_1_IN:00000000 IfxAsclin4_RXF_P35_1_IN
    {standard input}:2698   .rodata.IfxAsclin4_RXG_P00_9_IN:00000000 IfxAsclin4_RXG_P00_9_IN
    {standard input}:2533   .rodata.IfxAsclin5_RXA_P00_6_IN:00000000 IfxAsclin5_RXA_P00_6_IN
    {standard input}:2522   .rodata.IfxAsclin5_RXB_F_P33_4_IN:00000000 IfxAsclin5_RXB_F_P33_4_IN
    {standard input}:2511   .rodata.IfxAsclin5_RXC_P22_3_IN:00000000 IfxAsclin5_RXC_P22_3_IN
    {standard input}:2500   .rodata.IfxAsclin5_RXD_P14_15_IN:00000000 IfxAsclin5_RXD_P14_15_IN
    {standard input}:2489   .rodata.IfxAsclin5_RXE_P16_5_IN:00000000 IfxAsclin5_RXE_P16_5_IN
    {standard input}:2478   .rodata.IfxAsclin5_RXF_P10_15_IN:00000000 IfxAsclin5_RXF_P10_15_IN
    {standard input}:2467   .rodata.IfxAsclin5_RXG_P03_1_IN:00000000 IfxAsclin5_RXG_P03_1_IN
    {standard input}:2456   .rodata.IfxAsclin5_RXH_P35_4_IN:00000000 IfxAsclin5_RXH_P35_4_IN
    {standard input}:2225   .rodata.IfxAsclin6_RXA_F_P23_3_IN:00000000 IfxAsclin6_RXA_F_P23_3_IN
    {standard input}:2214   .rodata.IfxAsclin6_RXB_P01_0_IN:00000000 IfxAsclin6_RXB_P01_0_IN
    {standard input}:2203   .rodata.IfxAsclin6_RXC_P32_6_IN:00000000 IfxAsclin6_RXC_P32_6_IN
    {standard input}:2192   .rodata.IfxAsclin6_RXD_P10_9_IN:00000000 IfxAsclin6_RXD_P10_9_IN
    {standard input}:2181   .rodata.IfxAsclin6_RXE_P22_0_IN:00000000 IfxAsclin6_RXE_P22_0_IN
    {standard input}:2170   .rodata.IfxAsclin6_RXF_F_P23_1_IN:00000000 IfxAsclin6_RXF_F_P23_1_IN
    {standard input}:2159   .rodata.IfxAsclin6_RXG_P30_3_IN:00000000 IfxAsclin6_RXG_P30_3_IN
    {standard input}:2148   .rodata.IfxAsclin6_RXH_P04_3_IN:00000000 IfxAsclin6_RXH_P04_3_IN
    {standard input}:1939   .rodata.IfxAsclin7_RXA_F_P14_15_IN:00000000 IfxAsclin7_RXA_F_P14_15_IN
    {standard input}:1928   .rodata.IfxAsclin7_RXB_P01_8_IN:00000000 IfxAsclin7_RXB_P01_8_IN
    {standard input}:1917   .rodata.IfxAsclin7_RXC_P23_2_IN:00000000 IfxAsclin7_RXC_P23_2_IN
    {standard input}:1906   .rodata.IfxAsclin7_RXD_F_P13_11_IN:00000000 IfxAsclin7_RXD_F_P13_11_IN
    {standard input}:1895   .rodata.IfxAsclin7_RXE_P22_1_IN:00000000 IfxAsclin7_RXE_P22_1_IN
    {standard input}:1884   .rodata.IfxAsclin7_RXF_P22_4_IN:00000000 IfxAsclin7_RXF_P22_4_IN
    {standard input}:1873   .rodata.IfxAsclin7_RXG_P10_15_IN:00000000 IfxAsclin7_RXG_P10_15_IN
    {standard input}:1862   .rodata.IfxAsclin7_RXH_P10_6_IN:00000000 IfxAsclin7_RXH_P10_6_IN
    {standard input}:1664   .rodata.IfxAsclin8_RXA_P02_9_IN:00000000 IfxAsclin8_RXA_P02_9_IN
    {standard input}:1653   .rodata.IfxAsclin8_RXB_F_P02_10_IN:00000000 IfxAsclin8_RXB_F_P02_10_IN
    {standard input}:1642   .rodata.IfxAsclin8_RXC_P33_1_IN:00000000 IfxAsclin8_RXC_P33_1_IN
    {standard input}:1631   .rodata.IfxAsclin8_RXD_P33_6_IN:00000000 IfxAsclin8_RXD_P33_6_IN
    {standard input}:1620   .rodata.IfxAsclin8_RXE_P34_5_IN:00000000 IfxAsclin8_RXE_P34_5_IN
    {standard input}:1609   .rodata.IfxAsclin8_RXF_P03_4_IN:00000000 IfxAsclin8_RXF_P03_4_IN
    {standard input}:1598   .rodata.IfxAsclin8_RXG_P03_10_IN:00000000 IfxAsclin8_RXG_P03_10_IN
    {standard input}:1587   .rodata.IfxAsclin8_RXH_P30_2_IN:00000000 IfxAsclin8_RXH_P30_2_IN
    {standard input}:1444   .rodata.IfxAsclin9_RXA_F_P01_5_IN:00000000 IfxAsclin9_RXA_F_P01_5_IN
    {standard input}:1433   .rodata.IfxAsclin9_RXB_F_P01_7_IN:00000000 IfxAsclin9_RXB_F_P01_7_IN
    {standard input}:1422   .rodata.IfxAsclin9_RXC_P14_7_IN:00000000 IfxAsclin9_RXC_P14_7_IN
    {standard input}:1411   .rodata.IfxAsclin9_RXD_P14_9_IN:00000000 IfxAsclin9_RXD_P14_9_IN
    {standard input}:1400   .rodata.IfxAsclin9_RXE_P20_6_IN:00000000 IfxAsclin9_RXE_P20_6_IN
    {standard input}:1389   .rodata.IfxAsclin9_RXF_P20_7_IN:00000000 IfxAsclin9_RXF_P20_7_IN
    {standard input}:1378   .rodata.IfxAsclin9_RXG_P10_7_IN:00000000 IfxAsclin9_RXG_P10_7_IN
    {standard input}:1367   .rodata.IfxAsclin9_RXH_P20_13_IN:00000000 IfxAsclin9_RXH_P20_13_IN
    {standard input}:5525   .rodata.IfxAsclin10_RXA_P00_4_IN:00000000 IfxAsclin10_RXA_P00_4_IN
    {standard input}:5514   .rodata.IfxAsclin10_RXB_P00_8_IN:00000000 IfxAsclin10_RXB_P00_8_IN
    {standard input}:5503   .rodata.IfxAsclin10_RXC_F_P13_0_IN:00000000 IfxAsclin10_RXC_F_P13_0_IN
    {standard input}:5492   .rodata.IfxAsclin10_RXD_F_P13_1_IN:00000000 IfxAsclin10_RXD_F_P13_1_IN
    {standard input}:5481   .rodata.IfxAsclin10_RXE_P00_10_IN:00000000 IfxAsclin10_RXE_P00_10_IN
    {standard input}:5470   .rodata.IfxAsclin10_RXF_P04_6_IN:00000000 IfxAsclin10_RXF_P04_6_IN
    {standard input}:5459   .rodata.IfxAsclin10_RXG_P13_14_IN:00000000 IfxAsclin10_RXG_P13_14_IN
    {standard input}:5448   .rodata.IfxAsclin10_RXH_P02_6_IN:00000000 IfxAsclin10_RXH_P02_6_IN
    {standard input}:5338   .rodata.IfxAsclin11_RXA_P10_0_IN:00000000 IfxAsclin11_RXA_P10_0_IN
    {standard input}:5327   .rodata.IfxAsclin11_RXB_P10_4_IN:00000000 IfxAsclin11_RXB_P10_4_IN
    {standard input}:5316   .rodata.IfxAsclin11_RXC_F_P21_0_IN:00000000 IfxAsclin11_RXC_F_P21_0_IN
    {standard input}:5305   .rodata.IfxAsclin11_RXD_F_P21_1_IN:00000000 IfxAsclin11_RXD_F_P21_1_IN
    {standard input}:5294   .rodata.IfxAsclin11_RXE_F_P21_2_IN:00000000 IfxAsclin11_RXE_F_P21_2_IN
    {standard input}:5283   .rodata.IfxAsclin11_RXF_F_P21_5_IN:00000000 IfxAsclin11_RXF_F_P21_5_IN
    {standard input}:5272   .rodata.IfxAsclin11_RXG_P03_15_IN:00000000 IfxAsclin11_RXG_P03_15_IN
    {standard input}:5261   .rodata.IfxAsclin11_RXH_P03_0_IN:00000000 IfxAsclin11_RXH_P03_0_IN
    {standard input}:5184   .rodata.IfxAsclin12_RXA_F_P00_3_IN:00000000 IfxAsclin12_RXA_F_P00_3_IN
    {standard input}:5173   .rodata.IfxAsclin12_RXB_F_P00_5_IN:00000000 IfxAsclin12_RXB_F_P00_5_IN
    {standard input}:5162   .rodata.IfxAsclin12_RXC_P03_10_IN:00000000 IfxAsclin12_RXC_P03_10_IN
    {standard input}:5151   .rodata.IfxAsclin12_RXD_P00_13_IN:00000000 IfxAsclin12_RXD_P00_13_IN
    {standard input}:5140   .rodata.IfxAsclin12_RXE_P01_0_IN:00000000 IfxAsclin12_RXE_P01_0_IN
    {standard input}:5074   .rodata.IfxAsclin13_RXA_F_P00_9_IN:00000000 IfxAsclin13_RXA_F_P00_9_IN
    {standard input}:5063   .rodata.IfxAsclin13_RXB_F_P00_11_IN:00000000 IfxAsclin13_RXB_F_P00_11_IN
    {standard input}:5052   .rodata.IfxAsclin13_RXD_P01_14_IN:00000000 IfxAsclin13_RXD_P01_14_IN
    {standard input}:5041   .rodata.IfxAsclin13_RXE_P01_11_IN:00000000 IfxAsclin13_RXE_P01_11_IN
    {standard input}:4997   .rodata.IfxAsclin14_RXA_F_P33_3_IN:00000000 IfxAsclin14_RXA_F_P33_3_IN
    {standard input}:4986   .rodata.IfxAsclin14_RXB_F_P33_4_IN:00000000 IfxAsclin14_RXB_F_P33_4_IN
    {standard input}:4975   .rodata.IfxAsclin14_RXC_F_P33_2_IN:00000000 IfxAsclin14_RXC_F_P33_2_IN
    {standard input}:4942   .rodata.IfxAsclin15_RXA_F_P32_4_IN:00000000 IfxAsclin15_RXA_F_P32_4_IN
    {standard input}:4931   .rodata.IfxAsclin15_RXB_F_P32_7_IN:00000000 IfxAsclin15_RXB_F_P32_7_IN
    {standard input}:4920   .rodata.IfxAsclin15_RXC_P33_15_IN:00000000 IfxAsclin15_RXC_P33_15_IN
    {standard input}:4887   .rodata.IfxAsclin16_RXA_F_P23_5_IN:00000000 IfxAsclin16_RXA_F_P23_5_IN
    {standard input}:4876   .rodata.IfxAsclin16_RXB_F_P23_7_IN:00000000 IfxAsclin16_RXB_F_P23_7_IN
    {standard input}:4865   .rodata.IfxAsclin16_RXC_P30_5_IN:00000000 IfxAsclin16_RXC_P30_5_IN
    {standard input}:4854   .rodata.IfxAsclin16_RXD_P30_7_IN:00000000 IfxAsclin16_RXD_P30_7_IN
    {standard input}:4843   .rodata.IfxAsclin16_RXE_P34_4_IN:00000000 IfxAsclin16_RXE_P34_4_IN
    {standard input}:4832   .rodata.IfxAsclin16_RXF_P33_13_IN:00000000 IfxAsclin16_RXF_P33_13_IN
    {standard input}:4766   .rodata.IfxAsclin17_RXA_F_P22_11_IN:00000000 IfxAsclin17_RXA_F_P22_11_IN
    {standard input}:4755   .rodata.IfxAsclin17_RXB_P21_0_IN:00000000 IfxAsclin17_RXB_P21_0_IN
    {standard input}:4744   .rodata.IfxAsclin17_RXC_P23_0_IN:00000000 IfxAsclin17_RXC_P23_0_IN
    {standard input}:4733   .rodata.IfxAsclin17_RXD_P31_7_IN:00000000 IfxAsclin17_RXD_P31_7_IN
    {standard input}:4722   .rodata.IfxAsclin17_RXE_P30_0_IN:00000000 IfxAsclin17_RXE_P30_0_IN
    {standard input}:4711   .rodata.IfxAsclin17_RXF_P32_5_IN:00000000 IfxAsclin17_RXF_P32_5_IN
    {standard input}:4656   .rodata.IfxAsclin18_RXA_F_P21_1_IN:00000000 IfxAsclin18_RXA_F_P21_1_IN
    {standard input}:4645   .rodata.IfxAsclin18_RXB_F_P21_4_IN:00000000 IfxAsclin18_RXB_F_P21_4_IN
    {standard input}:4634   .rodata.IfxAsclin18_RXC_F_P21_5_IN:00000000 IfxAsclin18_RXC_F_P21_5_IN
    {standard input}:4623   .rodata.IfxAsclin18_RXD_P20_11_IN:00000000 IfxAsclin18_RXD_P20_11_IN
    {standard input}:4612   .rodata.IfxAsclin18_RXE_P20_13_IN:00000000 IfxAsclin18_RXE_P20_13_IN
    {standard input}:4601   .rodata.IfxAsclin18_RXF_P21_0_IN:00000000 IfxAsclin18_RXF_P21_0_IN
    {standard input}:4590   .rodata.IfxAsclin18_RXG_P21_2_IN:00000000 IfxAsclin18_RXG_P21_2_IN
    {standard input}:4557   .rodata.IfxAsclin19_RXA_F_P15_6_IN:00000000 IfxAsclin19_RXA_F_P15_6_IN
    {standard input}:4546   .rodata.IfxAsclin19_RXB_F_P15_7_IN:00000000 IfxAsclin19_RXB_F_P15_7_IN
    {standard input}:4535   .rodata.IfxAsclin19_RXC_P03_3_IN:00000000 IfxAsclin19_RXC_P03_3_IN
    {standard input}:4524   .rodata.IfxAsclin19_RXD_F_P15_10_IN:00000000 IfxAsclin19_RXD_F_P15_10_IN
    {standard input}:4513   .rodata.IfxAsclin19_RXE_P13_7_IN:00000000 IfxAsclin19_RXE_P13_7_IN
    {standard input}:4502   .rodata.IfxAsclin19_RXF_P13_4_IN:00000000 IfxAsclin19_RXF_P13_4_IN
    {standard input}:4051   .rodata.IfxAsclin20_RXA_P14_7_IN:00000000 IfxAsclin20_RXA_P14_7_IN
    {standard input}:4040   .rodata.IfxAsclin20_RXB_P14_9_IN:00000000 IfxAsclin20_RXB_P14_9_IN
    {standard input}:4029   .rodata.IfxAsclin20_RXC_F_P10_7_IN:00000000 IfxAsclin20_RXC_F_P10_7_IN
    {standard input}:4018   .rodata.IfxAsclin20_RXD_P04_1_IN:00000000 IfxAsclin20_RXD_P04_1_IN
    {standard input}:4007   .rodata.IfxAsclin20_RXE_P14_13_IN:00000000 IfxAsclin20_RXE_P14_13_IN
    {standard input}:3941   .rodata.IfxAsclin21_RXA_F_P13_0_IN:00000000 IfxAsclin21_RXA_F_P13_0_IN
    {standard input}:3930   .rodata.IfxAsclin21_RXB_P13_3_IN:00000000 IfxAsclin21_RXB_P13_3_IN
    {standard input}:3919   .rodata.IfxAsclin21_RXF_F_P13_15_IN:00000000 IfxAsclin21_RXF_F_P13_15_IN
    {standard input}:3886   .rodata.IfxAsclin22_RXA_F_P10_4_IN:00000000 IfxAsclin22_RXA_F_P10_4_IN
    {standard input}:3875   .rodata.IfxAsclin22_RXB_F_P10_5_IN:00000000 IfxAsclin22_RXB_F_P10_5_IN
    {standard input}:3864   .rodata.IfxAsclin22_RXC_F_P10_2_IN:00000000 IfxAsclin22_RXC_F_P10_2_IN
    {standard input}:3820   .rodata.IfxAsclin23_RXA_F_P10_6_IN:00000000 IfxAsclin23_RXA_F_P10_6_IN
    {standard input}:3809   .rodata.IfxAsclin23_RXB_P10_7_IN:00000000 IfxAsclin23_RXB_P10_7_IN
    {standard input}:3798   .rodata.IfxAsclin23_RXC_P03_6_IN:00000000 IfxAsclin23_RXC_P03_6_IN
    {standard input}:3787   .rodata.IfxAsclin23_RXD_P03_11_IN:00000000 IfxAsclin23_RXD_P03_11_IN
    {standard input}:3743   .rodata.IfxAsclin24_RXA_F_P00_12_IN:00000000 IfxAsclin24_RXA_F_P00_12_IN
    {standard input}:3732   .rodata.IfxAsclin24_RXB_F_P00_2_IN:00000000 IfxAsclin24_RXB_F_P00_2_IN
    {standard input}:3699   .rodata.IfxAsclin25_RXA_F_P33_4_IN:00000000 IfxAsclin25_RXA_F_P33_4_IN
    {standard input}:3688   .rodata.IfxAsclin25_RXB_F_P34_1_IN:00000000 IfxAsclin25_RXB_F_P34_1_IN
    {standard input}:3655   .rodata.IfxAsclin26_RXA_F_P02_11_IN:00000000 IfxAsclin26_RXA_F_P02_11_IN
    {standard input}:3644   .rodata.IfxAsclin26_RXB_F_P02_13_IN:00000000 IfxAsclin26_RXB_F_P02_13_IN
    {standard input}:3633   .rodata.IfxAsclin26_RXD_P03_13_IN:00000000 IfxAsclin26_RXD_P03_13_IN
    {standard input}:3589   .rodata.IfxAsclin27_RXA_F_P23_4_IN:00000000 IfxAsclin27_RXA_F_P23_4_IN
    {standard input}:3578   .rodata.IfxAsclin27_RXB_F_P20_14_IN:00000000 IfxAsclin27_RXB_F_P20_14_IN
    {standard input}:3567   .rodata.IfxAsclin27_RXC_P30_4_IN:00000000 IfxAsclin27_RXC_P30_4_IN
    {standard input}:1127   .data.IfxAsclin_Rts_Out_pinTable:00000000 IfxAsclin_Rts_Out_pinTable
    {standard input}:5822   .rodata.IfxAsclin0_RTS_P10_7_OUT:00000000 IfxAsclin0_RTS_P10_7_OUT
    {standard input}:5844   .rodata.IfxAsclin0_RTS_F_P14_4_OUT:00000000 IfxAsclin0_RTS_F_P14_4_OUT
    {standard input}:5833   .rodata.IfxAsclin0_RTS_F_P14_7_OUT:00000000 IfxAsclin0_RTS_F_P14_7_OUT
    {standard input}:4403   .rodata.IfxAsclin1_RTS_P20_6_OUT:00000000 IfxAsclin1_RTS_P20_6_OUT
    {standard input}:4392   .rodata.IfxAsclin1_RTS_P23_1_OUT:00000000 IfxAsclin1_RTS_P23_1_OUT
    {standard input}:3501   .rodata.IfxAsclin2_RTS_F_P10_8_OUT:00000000 IfxAsclin2_RTS_F_P10_8_OUT
    {standard input}:3490   .rodata.IfxAsclin2_RTS_P33_4_OUT:00000000 IfxAsclin2_RTS_P33_4_OUT
    {standard input}:3160   .rodata.IfxAsclin3_RTS_P00_9_OUT:00000000 IfxAsclin3_RTS_P00_9_OUT
    {standard input}:1217   .data.IfxAsclin_Cts_In_pinTable:00000000 IfxAsclin_Cts_In_pinTable
    {standard input}:5855   .rodata.IfxAsclin0_CTSA_P14_9_IN:00000000 IfxAsclin0_CTSA_P14_9_IN
    {standard input}:4425   .rodata.IfxAsclin1_CTSA_P20_7_IN:00000000 IfxAsclin1_CTSA_P20_7_IN
    {standard input}:4414   .rodata.IfxAsclin1_CTSB_P32_4_IN:00000000 IfxAsclin1_CTSB_P32_4_IN
    {standard input}:3523   .rodata.IfxAsclin2_CTSA_P10_7_IN:00000000 IfxAsclin2_CTSA_P10_7_IN
    {standard input}:3512   .rodata.IfxAsclin2_CTSB_P33_5_IN:00000000 IfxAsclin2_CTSB_P33_5_IN
    {standard input}:3171   .rodata.IfxAsclin3_CTSA_P00_12_IN:00000000 IfxAsclin3_CTSA_P00_12_IN

NO UNDEFINED SYMBOLS
