   1              	
   2              	 .file "IfxHssl_Hssl.c"
   3              	 .file "IfxHssl_Hssl.c"
   4              	.section .text,"ax",@progbits
   5              	.Ltext0:
   6              	 .section .text.IfxHssl_Hssl_checkErrors,"ax",@progbits
   7              	 .align 1
   8              	 .global IfxHssl_Hssl_checkErrors
  10              	IfxHssl_Hssl_checkErrors:
  11              	.LFB383:
  12              	 .file 1 "../Libraries/iLLD/TC4xx/Tricore/Hssl/Hssl/IfxHssl_Hssl.c"
   1:../Libraries/iLLD/TC4xx/Tricore/Hssl/Hssl/IfxHssl_Hssl.c **** /**
   2:../Libraries/iLLD/TC4xx/Tricore/Hssl/Hssl/IfxHssl_Hssl.c ****  * \file IfxHssl_Hssl.c
   3:../Libraries/iLLD/TC4xx/Tricore/Hssl/Hssl/IfxHssl_Hssl.c ****  * \brief HSSL HSSL details
   4:../Libraries/iLLD/TC4xx/Tricore/Hssl/Hssl/IfxHssl_Hssl.c ****  *
   5:../Libraries/iLLD/TC4xx/Tricore/Hssl/Hssl/IfxHssl_Hssl.c ****  * \version iLLD-TC4-v2.7.0
   6:../Libraries/iLLD/TC4xx/Tricore/Hssl/Hssl/IfxHssl_Hssl.c ****  * \copyright Copyright (c) 2026 Infineon Technologies AG. All rights reserved.
   7:../Libraries/iLLD/TC4xx/Tricore/Hssl/Hssl/IfxHssl_Hssl.c ****  *
   8:../Libraries/iLLD/TC4xx/Tricore/Hssl/Hssl/IfxHssl_Hssl.c ****  *
   9:../Libraries/iLLD/TC4xx/Tricore/Hssl/Hssl/IfxHssl_Hssl.c ****  *
  10:../Libraries/iLLD/TC4xx/Tricore/Hssl/Hssl/IfxHssl_Hssl.c ****  *                                 IMPORTANT NOTICE
  11:../Libraries/iLLD/TC4xx/Tricore/Hssl/Hssl/IfxHssl_Hssl.c ****  *
  12:../Libraries/iLLD/TC4xx/Tricore/Hssl/Hssl/IfxHssl_Hssl.c ****  * Infineon Technologies AG (Infineon) licenses this file to you under the
  13:../Libraries/iLLD/TC4xx/Tricore/Hssl/Hssl/IfxHssl_Hssl.c ****  * Infineon Automotive SW Lab License v2025-01 (IFASLL). You may not use
  14:../Libraries/iLLD/TC4xx/Tricore/Hssl/Hssl/IfxHssl_Hssl.c ****  * this file except in compliance with IFASLL.
  15:../Libraries/iLLD/TC4xx/Tricore/Hssl/Hssl/IfxHssl_Hssl.c ****  *
  16:../Libraries/iLLD/TC4xx/Tricore/Hssl/Hssl/IfxHssl_Hssl.c ****  * The full license text is contained in IFASLL202501.pdf delivered with this SW.
  17:../Libraries/iLLD/TC4xx/Tricore/Hssl/Hssl/IfxHssl_Hssl.c ****  * Unless required by applicable law or agreed to in writing, software distributed
  18:../Libraries/iLLD/TC4xx/Tricore/Hssl/Hssl/IfxHssl_Hssl.c ****  * under this license is distributed "AS IS" without any warranty or liability of any
  19:../Libraries/iLLD/TC4xx/Tricore/Hssl/Hssl/IfxHssl_Hssl.c ****  * kind and Infineon hereby expressly disclaims any warranties or representations,
  20:../Libraries/iLLD/TC4xx/Tricore/Hssl/Hssl/IfxHssl_Hssl.c ****  * whether express, implied, statutory or otherwise, including but not limited to
  21:../Libraries/iLLD/TC4xx/Tricore/Hssl/Hssl/IfxHssl_Hssl.c ****  * warranties of workmanship, merchantability, fitness for a particular purpose,
  22:../Libraries/iLLD/TC4xx/Tricore/Hssl/Hssl/IfxHssl_Hssl.c ****  * defects in the licensed items, or non-infringement of third parties'
  23:../Libraries/iLLD/TC4xx/Tricore/Hssl/Hssl/IfxHssl_Hssl.c ****  * intellectual property rights. See the full license text for the specific
  24:../Libraries/iLLD/TC4xx/Tricore/Hssl/Hssl/IfxHssl_Hssl.c ****  * language governing permissions and limitations under IFASLL.
  25:../Libraries/iLLD/TC4xx/Tricore/Hssl/Hssl/IfxHssl_Hssl.c ****  *
  26:../Libraries/iLLD/TC4xx/Tricore/Hssl/Hssl/IfxHssl_Hssl.c ****  *
  27:../Libraries/iLLD/TC4xx/Tricore/Hssl/Hssl/IfxHssl_Hssl.c ****  *
  28:../Libraries/iLLD/TC4xx/Tricore/Hssl/Hssl/IfxHssl_Hssl.c ****  */
  29:../Libraries/iLLD/TC4xx/Tricore/Hssl/Hssl/IfxHssl_Hssl.c **** 
  30:../Libraries/iLLD/TC4xx/Tricore/Hssl/Hssl/IfxHssl_Hssl.c **** /******************************************************************************/
  31:../Libraries/iLLD/TC4xx/Tricore/Hssl/Hssl/IfxHssl_Hssl.c **** /*----------------------------------Includes----------------------------------*/
  32:../Libraries/iLLD/TC4xx/Tricore/Hssl/Hssl/IfxHssl_Hssl.c **** /******************************************************************************/
  33:../Libraries/iLLD/TC4xx/Tricore/Hssl/Hssl/IfxHssl_Hssl.c **** 
  34:../Libraries/iLLD/TC4xx/Tricore/Hssl/Hssl/IfxHssl_Hssl.c **** #include "Ifx_Cfg.h"
  35:../Libraries/iLLD/TC4xx/Tricore/Hssl/Hssl/IfxHssl_Hssl.c **** #if defined (__TASKING__)
  36:../Libraries/iLLD/TC4xx/Tricore/Hssl/Hssl/IfxHssl_Hssl.c **** #pragma warning 508		/* To suppress empty file warning */
  37:../Libraries/iLLD/TC4xx/Tricore/Hssl/Hssl/IfxHssl_Hssl.c **** #endif
  38:../Libraries/iLLD/TC4xx/Tricore/Hssl/Hssl/IfxHssl_Hssl.c **** #if defined (__ghs__)
  39:../Libraries/iLLD/TC4xx/Tricore/Hssl/Hssl/IfxHssl_Hssl.c **** #pragma diag_suppress 96		/* To suppress empty file warning */
  40:../Libraries/iLLD/TC4xx/Tricore/Hssl/Hssl/IfxHssl_Hssl.c **** #endif
  41:../Libraries/iLLD/TC4xx/Tricore/Hssl/Hssl/IfxHssl_Hssl.c **** 
  42:../Libraries/iLLD/TC4xx/Tricore/Hssl/Hssl/IfxHssl_Hssl.c **** #if !defined(DEVICE_TC45X)
  43:../Libraries/iLLD/TC4xx/Tricore/Hssl/Hssl/IfxHssl_Hssl.c **** #include "IfxHssl_Hssl.h"
  44:../Libraries/iLLD/TC4xx/Tricore/Hssl/Hssl/IfxHssl_Hssl.c **** 
  45:../Libraries/iLLD/TC4xx/Tricore/Hssl/Hssl/IfxHssl_Hssl.c **** /******************************************************************************/
  46:../Libraries/iLLD/TC4xx/Tricore/Hssl/Hssl/IfxHssl_Hssl.c **** /*-------------------------Function Implementations---------------------------*/
  47:../Libraries/iLLD/TC4xx/Tricore/Hssl/Hssl/IfxHssl_Hssl.c **** /******************************************************************************/
  48:../Libraries/iLLD/TC4xx/Tricore/Hssl/Hssl/IfxHssl_Hssl.c **** 
  49:../Libraries/iLLD/TC4xx/Tricore/Hssl/Hssl/IfxHssl_Hssl.c **** void IfxHssl_Hssl_checkErrors(IfxHssl_Hssl *hssl)
  50:../Libraries/iLLD/TC4xx/Tricore/Hssl/Hssl/IfxHssl_Hssl.c **** {
  13              	 .loc 1 50 1
  14              	.LVL0:
  15 0000 40AE     	 mov.aa %a14,%SP
  16              	.LCFI0:
  51:../Libraries/iLLD/TC4xx/Tricore/Hssl/Hssl/IfxHssl_Hssl.c ****     Ifx_HSSL *hsslSFR = hssl->hssl; /* pointer to HSSL registers */
  17              	 .loc 1 51 5
  18              	 .loc 1 51 15 is_stmt 0
  19 0002 D442     	 ld.a %a2,[%a4]0
  20              	.LVL1:
  52:../Libraries/iLLD/TC4xx/Tricore/Hssl/Hssl/IfxHssl_Hssl.c **** 
  53:../Libraries/iLLD/TC4xx/Tricore/Hssl/Hssl/IfxHssl_Hssl.c ****     /* store the errors in the structure */
  54:../Libraries/iLLD/TC4xx/Tricore/Hssl/Hssl/IfxHssl_Hssl.c ****     if (hsslSFR->MFLAGS.B.NACK != 0)
  21              	 .loc 1 54 5 is_stmt 1
  22              	 .loc 1 54 26 is_stmt 0
  23 0004 19222C10 	 ld.w %d2,[%a2]108
  24 0008 8FF20021 	 and %d2,%d2,15
  25              	 .loc 1 54 8
  26 000c DF020000 	 jz %d2,.L2
  55:../Libraries/iLLD/TC4xx/Tricore/Hssl/Hssl/IfxHssl_Hssl.c ****     {
  56:../Libraries/iLLD/TC4xx/Tricore/Hssl/Hssl/IfxHssl_Hssl.c ****         hssl->errorFlags.notAcknowledgeError = 1;
  27              	 .loc 1 56 9 is_stmt 1
  28              	 .loc 1 56 46 is_stmt 0
  29 0010 C9420400 	 ld.h %d2,[%a4]4
  30 0014 B7120120 	 insert %d2,%d2,1,0,1
  31 0018 F9420400 	 st.h [%a4]4,%d2
  32              	.L2:
  57:../Libraries/iLLD/TC4xx/Tricore/Hssl/Hssl/IfxHssl_Hssl.c ****     }
  58:../Libraries/iLLD/TC4xx/Tricore/Hssl/Hssl/IfxHssl_Hssl.c **** 
  59:../Libraries/iLLD/TC4xx/Tricore/Hssl/Hssl/IfxHssl_Hssl.c ****     if (hsslSFR->MFLAGS.B.TTE != 0)
  33              	 .loc 1 59 5 is_stmt 1
  34              	 .loc 1 59 26 is_stmt 0
  35 001c 19222C10 	 ld.w %d2,[%a2]108
  36 0020 37026422 	 extr.u %d2,%d2,4,4
  37              	 .loc 1 59 8
  38 0024 DF020000 	 jz %d2,.L3
  60:../Libraries/iLLD/TC4xx/Tricore/Hssl/Hssl/IfxHssl_Hssl.c ****     {
  61:../Libraries/iLLD/TC4xx/Tricore/Hssl/Hssl/IfxHssl_Hssl.c ****         hssl->errorFlags.transactionTagError = 1;
  39              	 .loc 1 61 9 is_stmt 1
  40              	 .loc 1 61 46 is_stmt 0
  41 0028 C9420400 	 ld.h %d2,[%a4]4
  42 002c B7128120 	 insert %d2,%d2,1,1,1
  43 0030 F9420400 	 st.h [%a4]4,%d2
  44              	.L3:
  62:../Libraries/iLLD/TC4xx/Tricore/Hssl/Hssl/IfxHssl_Hssl.c ****     }
  63:../Libraries/iLLD/TC4xx/Tricore/Hssl/Hssl/IfxHssl_Hssl.c **** 
  64:../Libraries/iLLD/TC4xx/Tricore/Hssl/Hssl/IfxHssl_Hssl.c ****     if (hsslSFR->MFLAGS.B.TIMEOUT != 0)
  45              	 .loc 1 64 5 is_stmt 1
  46              	 .loc 1 64 26 is_stmt 0
  47 0034 19222C10 	 ld.w %d2,[%a2]108
  48 0038 37026424 	 extr.u %d2,%d2,8,4
  49              	 .loc 1 64 8
  50 003c DF020000 	 jz %d2,.L4
  65:../Libraries/iLLD/TC4xx/Tricore/Hssl/Hssl/IfxHssl_Hssl.c ****     {
  66:../Libraries/iLLD/TC4xx/Tricore/Hssl/Hssl/IfxHssl_Hssl.c ****         hssl->errorFlags.timeoutError = 1;
  51              	 .loc 1 66 9 is_stmt 1
  52              	 .loc 1 66 39 is_stmt 0
  53 0040 C9420400 	 ld.h %d2,[%a4]4
  54 0044 B7120121 	 insert %d2,%d2,1,2,1
  55 0048 F9420400 	 st.h [%a4]4,%d2
  56              	.L4:
  67:../Libraries/iLLD/TC4xx/Tricore/Hssl/Hssl/IfxHssl_Hssl.c ****     }
  68:../Libraries/iLLD/TC4xx/Tricore/Hssl/Hssl/IfxHssl_Hssl.c **** 
  69:../Libraries/iLLD/TC4xx/Tricore/Hssl/Hssl/IfxHssl_Hssl.c ****     if (hsslSFR->MFLAGS.B.UNEXPECTED != 0)
  57              	 .loc 1 69 5 is_stmt 1
  58              	 .loc 1 69 26 is_stmt 0
  59 004c 19222C10 	 ld.w %d2,[%a2]108
  60 0050 37026426 	 extr.u %d2,%d2,12,4
  61              	 .loc 1 69 8
  62 0054 DF020000 	 jz %d2,.L5
  70:../Libraries/iLLD/TC4xx/Tricore/Hssl/Hssl/IfxHssl_Hssl.c ****     {
  71:../Libraries/iLLD/TC4xx/Tricore/Hssl/Hssl/IfxHssl_Hssl.c ****         hssl->errorFlags.unexpectedError = 1;
  63              	 .loc 1 71 9 is_stmt 1
  64              	 .loc 1 71 42 is_stmt 0
  65 0058 C9420400 	 ld.h %d2,[%a4]4
  66 005c B7128121 	 insert %d2,%d2,1,3,1
  67 0060 F9420400 	 st.h [%a4]4,%d2
  68              	.L5:
  72:../Libraries/iLLD/TC4xx/Tricore/Hssl/Hssl/IfxHssl_Hssl.c ****     }
  73:../Libraries/iLLD/TC4xx/Tricore/Hssl/Hssl/IfxHssl_Hssl.c **** 
  74:../Libraries/iLLD/TC4xx/Tricore/Hssl/Hssl/IfxHssl_Hssl.c ****     if (hsslSFR->MFLAGS.B.MAV != 0)
  69              	 .loc 1 74 5 is_stmt 1
  70              	 .loc 1 74 26 is_stmt 0
  71 0064 19222C10 	 ld.w %d2,[%a2]108
  72              	 .loc 1 74 8
  73 0068 EF520000 	 jz.t %d2,21,.L6
  75:../Libraries/iLLD/TC4xx/Tricore/Hssl/Hssl/IfxHssl_Hssl.c ****     {
  76:../Libraries/iLLD/TC4xx/Tricore/Hssl/Hssl/IfxHssl_Hssl.c ****         hssl->errorFlags.memoryAccessViolation = 1;
  74              	 .loc 1 76 9 is_stmt 1
  75              	 .loc 1 76 48 is_stmt 0
  76 006c C9420400 	 ld.h %d2,[%a4]4
  77 0070 B7120122 	 insert %d2,%d2,1,4,1
  78 0074 F9420400 	 st.h [%a4]4,%d2
  79              	.L6:
  77:../Libraries/iLLD/TC4xx/Tricore/Hssl/Hssl/IfxHssl_Hssl.c ****     }
  78:../Libraries/iLLD/TC4xx/Tricore/Hssl/Hssl/IfxHssl_Hssl.c **** 
  79:../Libraries/iLLD/TC4xx/Tricore/Hssl/Hssl/IfxHssl_Hssl.c ****     if (hsslSFR->MFLAGS.B.SRIE != 0)
  80              	 .loc 1 79 5 is_stmt 1
  81              	 .loc 1 79 26 is_stmt 0
  82 0078 19222C10 	 ld.w %d2,[%a2]108
  83              	 .loc 1 79 8
  84 007c EF620000 	 jz.t %d2,22,.L7
  80:../Libraries/iLLD/TC4xx/Tricore/Hssl/Hssl/IfxHssl_Hssl.c ****     {
  81:../Libraries/iLLD/TC4xx/Tricore/Hssl/Hssl/IfxHssl_Hssl.c ****         hssl->errorFlags.busAccessError = 1;
  85              	 .loc 1 81 9 is_stmt 1
  86              	 .loc 1 81 41 is_stmt 0
  87 0080 C9420400 	 ld.h %d2,[%a4]4
  88 0084 B7128122 	 insert %d2,%d2,1,5,1
  89 0088 F9420400 	 st.h [%a4]4,%d2
  90              	.L7:
  82:../Libraries/iLLD/TC4xx/Tricore/Hssl/Hssl/IfxHssl_Hssl.c ****     }
  83:../Libraries/iLLD/TC4xx/Tricore/Hssl/Hssl/IfxHssl_Hssl.c **** 
  84:../Libraries/iLLD/TC4xx/Tricore/Hssl/Hssl/IfxHssl_Hssl.c ****     if (hsslSFR->MFLAGS.B.PIE1 != 0)
  91              	 .loc 1 84 5 is_stmt 1
  92              	 .loc 1 84 26 is_stmt 0
  93 008c 19222C10 	 ld.w %d2,[%a2]108
  94              	 .loc 1 84 8
  95 0090 EF720000 	 jz.t %d2,23,.L8
  85:../Libraries/iLLD/TC4xx/Tricore/Hssl/Hssl/IfxHssl_Hssl.c ****     {
  86:../Libraries/iLLD/TC4xx/Tricore/Hssl/Hssl/IfxHssl_Hssl.c ****         hssl->errorFlags.channelNumberCodeError = 1;
  96              	 .loc 1 86 9 is_stmt 1
  97              	 .loc 1 86 49 is_stmt 0
  98 0094 C9420400 	 ld.h %d2,[%a4]4
  99 0098 B7120123 	 insert %d2,%d2,1,6,1
 100 009c F9420400 	 st.h [%a4]4,%d2
 101              	.L8:
  87:../Libraries/iLLD/TC4xx/Tricore/Hssl/Hssl/IfxHssl_Hssl.c ****     }
  88:../Libraries/iLLD/TC4xx/Tricore/Hssl/Hssl/IfxHssl_Hssl.c **** 
  89:../Libraries/iLLD/TC4xx/Tricore/Hssl/Hssl/IfxHssl_Hssl.c ****     if (hsslSFR->MFLAGS.B.PIE2 != 0)
 102              	 .loc 1 89 5 is_stmt 1
 103              	 .loc 1 89 26 is_stmt 0
 104 00a0 19222C10 	 ld.w %d2,[%a2]108
 105              	 .loc 1 89 8
 106 00a4 EF820000 	 jz.t %d2,24,.L9
  90:../Libraries/iLLD/TC4xx/Tricore/Hssl/Hssl/IfxHssl_Hssl.c ****     {
  91:../Libraries/iLLD/TC4xx/Tricore/Hssl/Hssl/IfxHssl_Hssl.c ****         hssl->errorFlags.dataLengthError = 1;
 107              	 .loc 1 91 9 is_stmt 1
 108              	 .loc 1 91 42 is_stmt 0
 109 00a8 C9420400 	 ld.h %d2,[%a4]4
 110 00ac B7128123 	 insert %d2,%d2,1,7,1
 111 00b0 F9420400 	 st.h [%a4]4,%d2
 112              	.L9:
  92:../Libraries/iLLD/TC4xx/Tricore/Hssl/Hssl/IfxHssl_Hssl.c ****     }
  93:../Libraries/iLLD/TC4xx/Tricore/Hssl/Hssl/IfxHssl_Hssl.c **** 
  94:../Libraries/iLLD/TC4xx/Tricore/Hssl/Hssl/IfxHssl_Hssl.c ****     if (hsslSFR->MFLAGS.B.CRCE != 0)
 113              	 .loc 1 94 5 is_stmt 1
 114              	 .loc 1 94 26 is_stmt 0
 115 00b4 19222C10 	 ld.w %d2,[%a2]108
 116              	 .loc 1 94 8
 117 00b8 EF920000 	 jz.t %d2,25,.L1
  95:../Libraries/iLLD/TC4xx/Tricore/Hssl/Hssl/IfxHssl_Hssl.c ****     {
  96:../Libraries/iLLD/TC4xx/Tricore/Hssl/Hssl/IfxHssl_Hssl.c ****         hssl->errorFlags.crcError = 1;
 118              	 .loc 1 96 9 is_stmt 1
 119              	 .loc 1 96 35 is_stmt 0
 120 00bc C9420400 	 ld.h %d2,[%a4]4
 121 00c0 B7120124 	 insert %d2,%d2,1,8,1
 122 00c4 F9420400 	 st.h [%a4]4,%d2
 123              	.L1:
  97:../Libraries/iLLD/TC4xx/Tricore/Hssl/Hssl/IfxHssl_Hssl.c ****     }
  98:../Libraries/iLLD/TC4xx/Tricore/Hssl/Hssl/IfxHssl_Hssl.c **** }
 124              	 .loc 1 98 1
 125 00c8 0090     	 ret 
 126              	.LFE383:
 128              	 .global IfxHssl_Hssl_checkErrors_end
 129              	IfxHssl_Hssl_checkErrors_end:
 130              	 .section .text.IfxHssl_Hssl_clearErrorFlags,"ax",@progbits
 131              	 .align 1
 132              	 .global IfxHssl_Hssl_clearErrorFlags
 134              	IfxHssl_Hssl_clearErrorFlags:
 135              	.LFB384:
  99:../Libraries/iLLD/TC4xx/Tricore/Hssl/Hssl/IfxHssl_Hssl.c **** 
 100:../Libraries/iLLD/TC4xx/Tricore/Hssl/Hssl/IfxHssl_Hssl.c **** 
 101:../Libraries/iLLD/TC4xx/Tricore/Hssl/Hssl/IfxHssl_Hssl.c **** void IfxHssl_Hssl_clearErrorFlags(IfxHssl_Hssl *hssl)
 102:../Libraries/iLLD/TC4xx/Tricore/Hssl/Hssl/IfxHssl_Hssl.c **** {
 136              	 .loc 1 102 1 is_stmt 1
 137              	.LVL2:
 138 0000 40AE     	 mov.aa %a14,%SP
 139              	.LCFI1:
 103:../Libraries/iLLD/TC4xx/Tricore/Hssl/Hssl/IfxHssl_Hssl.c ****     hssl->errorFlags.notAcknowledgeError    = 0;
 140              	 .loc 1 103 5
 141              	 .loc 1 103 45 is_stmt 0
 142 0002 C9420400 	 ld.h %d2,[%a4]4
 143 0006 8F12C021 	 andn %d2,%d2,~(-2)
 144 000a F9420400 	 st.h [%a4]4,%d2
 104:../Libraries/iLLD/TC4xx/Tricore/Hssl/Hssl/IfxHssl_Hssl.c ****     hssl->errorFlags.transactionTagError    = 0;
 145              	 .loc 1 104 5 is_stmt 1
 146              	 .loc 1 104 45 is_stmt 0
 147 000e 8F22C021 	 andn %d2,%d2,~(-3)
 148 0012 F9420400 	 st.h [%a4]4,%d2
 105:../Libraries/iLLD/TC4xx/Tricore/Hssl/Hssl/IfxHssl_Hssl.c ****     hssl->errorFlags.timeoutError           = 0;
 149              	 .loc 1 105 5 is_stmt 1
 150              	 .loc 1 105 45 is_stmt 0
 151 0016 8F42C021 	 andn %d2,%d2,~(-5)
 152 001a F9420400 	 st.h [%a4]4,%d2
 106:../Libraries/iLLD/TC4xx/Tricore/Hssl/Hssl/IfxHssl_Hssl.c ****     hssl->errorFlags.unexpectedError        = 0;
 153              	 .loc 1 106 5 is_stmt 1
 154              	 .loc 1 106 45 is_stmt 0
 155 001e 8F82C021 	 andn %d2,%d2,~(-9)
 156 0022 F9420400 	 st.h [%a4]4,%d2
 107:../Libraries/iLLD/TC4xx/Tricore/Hssl/Hssl/IfxHssl_Hssl.c ****     hssl->errorFlags.memoryAccessViolation  = 0;
 157              	 .loc 1 107 5 is_stmt 1
 158              	 .loc 1 107 45 is_stmt 0
 159 0026 8F02C121 	 andn %d2,%d2,~(-17)
 160 002a F9420400 	 st.h [%a4]4,%d2
 108:../Libraries/iLLD/TC4xx/Tricore/Hssl/Hssl/IfxHssl_Hssl.c ****     hssl->errorFlags.busAccessError         = 0;
 161              	 .loc 1 108 5 is_stmt 1
 162              	 .loc 1 108 45 is_stmt 0
 163 002e 8F02C221 	 andn %d2,%d2,~(-33)
 164 0032 F9420400 	 st.h [%a4]4,%d2
 109:../Libraries/iLLD/TC4xx/Tricore/Hssl/Hssl/IfxHssl_Hssl.c ****     hssl->errorFlags.channelNumberCodeError = 0;
 165              	 .loc 1 109 5 is_stmt 1
 166              	 .loc 1 109 45 is_stmt 0
 167 0036 8F02C421 	 andn %d2,%d2,~(-65)
 168 003a F9420400 	 st.h [%a4]4,%d2
 110:../Libraries/iLLD/TC4xx/Tricore/Hssl/Hssl/IfxHssl_Hssl.c ****     hssl->errorFlags.dataLengthError        = 0;
 169              	 .loc 1 110 5 is_stmt 1
 170              	 .loc 1 110 45 is_stmt 0
 171 003e 8F02C821 	 andn %d2,%d2,~(-129)
 172 0042 F9420400 	 st.h [%a4]4,%d2
 111:../Libraries/iLLD/TC4xx/Tricore/Hssl/Hssl/IfxHssl_Hssl.c ****     hssl->errorFlags.crcError               = 0;
 173              	 .loc 1 111 5 is_stmt 1
 174              	 .loc 1 111 45 is_stmt 0
 175 0046 8F02D021 	 andn %d2,%d2,~(-257)
 176 004a F9420400 	 st.h [%a4]4,%d2
 112:../Libraries/iLLD/TC4xx/Tricore/Hssl/Hssl/IfxHssl_Hssl.c **** }
 177              	 .loc 1 112 1
 178 004e 0090     	 ret 
 179              	.LFE384:
 181              	 .global IfxHssl_Hssl_clearErrorFlags_end
 182              	IfxHssl_Hssl_clearErrorFlags_end:
 183              	 .section .text.IfxHssl_Hssl_delay,"ax",@progbits
 184              	 .align 1
 185              	 .global IfxHssl_Hssl_delay
 187              	IfxHssl_Hssl_delay:
 188              	.LFB385:
 113:../Libraries/iLLD/TC4xx/Tricore/Hssl/Hssl/IfxHssl_Hssl.c **** 
 114:../Libraries/iLLD/TC4xx/Tricore/Hssl/Hssl/IfxHssl_Hssl.c **** 
 115:../Libraries/iLLD/TC4xx/Tricore/Hssl/Hssl/IfxHssl_Hssl.c **** void IfxHssl_Hssl_delay(IfxHssl_Hsct *hsct)
 116:../Libraries/iLLD/TC4xx/Tricore/Hssl/Hssl/IfxHssl_Hssl.c **** {
 189              	 .loc 1 116 1 is_stmt 1
 190              	.LVL3:
 191 0000 40AE     	 mov.aa %a14,%SP
 192              	.LCFI2:
 117:../Libraries/iLLD/TC4xx/Tricore/Hssl/Hssl/IfxHssl_Hssl.c ****     uint32 i;
 193              	 .loc 1 117 5
 118:../Libraries/iLLD/TC4xx/Tricore/Hssl/Hssl/IfxHssl_Hssl.c ****     IFX_UNUSED_PARAMETER(hsct);
 194              	 .loc 1 118 5
 195              	 .loc 1 118 5
 196              	 .loc 1 118 31
 119:../Libraries/iLLD/TC4xx/Tricore/Hssl/Hssl/IfxHssl_Hssl.c **** 
 120:../Libraries/iLLD/TC4xx/Tricore/Hssl/Hssl/IfxHssl_Hssl.c ****     for (i = 0; i < 8000; i++)
 197              	 .loc 1 120 5
 198              	.LVL4:
 199              	 .loc 1 120 12 is_stmt 0
 200 0002 8202     	 mov %d2,0
 201              	 .loc 1 120 5
 202 0004 1D000000 	 j .L13
 203              	.LVL5:
 204              	.L14:
 121:../Libraries/iLLD/TC4xx/Tricore/Hssl/Hssl/IfxHssl_Hssl.c ****     {
 122:../Libraries/iLLD/TC4xx/Tricore/Hssl/Hssl/IfxHssl_Hssl.c ****         __nop();
 205              	 .loc 1 122 9 is_stmt 1
 206              	.LBB35:
 207              	.LBB36:
 208              	 .file 2 "../Libraries/iLLD/TC4xx/Tricore/Cpu/Std/IfxCpu_IntrinsicsGcc.h"
   1:../Libraries/iLLD/TC4xx/Tricore/Cpu/Std/IfxCpu_IntrinsicsGcc.h **** /**
   2:../Libraries/iLLD/TC4xx/Tricore/Cpu/Std/IfxCpu_IntrinsicsGcc.h ****  * \file IfxCpu_IntrinsicsGnuc.h
   3:../Libraries/iLLD/TC4xx/Tricore/Cpu/Std/IfxCpu_IntrinsicsGcc.h ****  *
   4:../Libraries/iLLD/TC4xx/Tricore/Cpu/Std/IfxCpu_IntrinsicsGcc.h ****  * \version iLLD-TC4-v2.7.0
   5:../Libraries/iLLD/TC4xx/Tricore/Cpu/Std/IfxCpu_IntrinsicsGcc.h ****  * \copyright Copyright (c) 2026 Infineon Technologies AG. All rights reserved.
   6:../Libraries/iLLD/TC4xx/Tricore/Cpu/Std/IfxCpu_IntrinsicsGcc.h ****  *
   7:../Libraries/iLLD/TC4xx/Tricore/Cpu/Std/IfxCpu_IntrinsicsGcc.h ****  *
   8:../Libraries/iLLD/TC4xx/Tricore/Cpu/Std/IfxCpu_IntrinsicsGcc.h ****  *
   9:../Libraries/iLLD/TC4xx/Tricore/Cpu/Std/IfxCpu_IntrinsicsGcc.h ****  *                                 IMPORTANT NOTICE
  10:../Libraries/iLLD/TC4xx/Tricore/Cpu/Std/IfxCpu_IntrinsicsGcc.h ****  *
  11:../Libraries/iLLD/TC4xx/Tricore/Cpu/Std/IfxCpu_IntrinsicsGcc.h ****  *
  12:../Libraries/iLLD/TC4xx/Tricore/Cpu/Std/IfxCpu_IntrinsicsGcc.h ****  * Infineon Technologies AG (Infineon) licenses this file to you under the
  13:../Libraries/iLLD/TC4xx/Tricore/Cpu/Std/IfxCpu_IntrinsicsGcc.h ****  * Infineon Automotive SW Lab License v2025-01 (IFASLL). You may not use
  14:../Libraries/iLLD/TC4xx/Tricore/Cpu/Std/IfxCpu_IntrinsicsGcc.h ****  * this file except in compliance with IFASLL.
  15:../Libraries/iLLD/TC4xx/Tricore/Cpu/Std/IfxCpu_IntrinsicsGcc.h ****  *
  16:../Libraries/iLLD/TC4xx/Tricore/Cpu/Std/IfxCpu_IntrinsicsGcc.h ****  * The full license text is contained in IFASLL202501.pdf delivered with this SW.
  17:../Libraries/iLLD/TC4xx/Tricore/Cpu/Std/IfxCpu_IntrinsicsGcc.h ****  * Unless required by applicable law or agreed to in writing, software distributed
  18:../Libraries/iLLD/TC4xx/Tricore/Cpu/Std/IfxCpu_IntrinsicsGcc.h ****  * under this license is distributed "AS IS" without any warranty or liability of any
  19:../Libraries/iLLD/TC4xx/Tricore/Cpu/Std/IfxCpu_IntrinsicsGcc.h ****  * kind and Infineon hereby expressly disclaims any warranties or representations,
  20:../Libraries/iLLD/TC4xx/Tricore/Cpu/Std/IfxCpu_IntrinsicsGcc.h ****  * whether express, implied, statutory or otherwise, including but not limited to
  21:../Libraries/iLLD/TC4xx/Tricore/Cpu/Std/IfxCpu_IntrinsicsGcc.h ****  * warranties of workmanship, merchantability, fitness for a particular purpose,
  22:../Libraries/iLLD/TC4xx/Tricore/Cpu/Std/IfxCpu_IntrinsicsGcc.h ****  * defects in the licensed items, or non-infringement of third parties'
  23:../Libraries/iLLD/TC4xx/Tricore/Cpu/Std/IfxCpu_IntrinsicsGcc.h ****  * intellectual property rights. See the full license text for the specific
  24:../Libraries/iLLD/TC4xx/Tricore/Cpu/Std/IfxCpu_IntrinsicsGcc.h ****  * language governing permissions and limitations under IFASLL.
  25:../Libraries/iLLD/TC4xx/Tricore/Cpu/Std/IfxCpu_IntrinsicsGcc.h ****  *
  26:../Libraries/iLLD/TC4xx/Tricore/Cpu/Std/IfxCpu_IntrinsicsGcc.h ****  * \defgroup IfxLld_Cpu_Intrinsics_Gnuc Intrinsics for GNU compiler
  27:../Libraries/iLLD/TC4xx/Tricore/Cpu/Std/IfxCpu_IntrinsicsGcc.h ****  * \ingroup IfxLld_Cpu_Intrinsics
  28:../Libraries/iLLD/TC4xx/Tricore/Cpu/Std/IfxCpu_IntrinsicsGcc.h ****  *
  29:../Libraries/iLLD/TC4xx/Tricore/Cpu/Std/IfxCpu_IntrinsicsGcc.h ****  */
  30:../Libraries/iLLD/TC4xx/Tricore/Cpu/Std/IfxCpu_IntrinsicsGcc.h **** 
  31:../Libraries/iLLD/TC4xx/Tricore/Cpu/Std/IfxCpu_IntrinsicsGcc.h **** #ifndef IFXCPU_INTRINSICSGCC_H
  32:../Libraries/iLLD/TC4xx/Tricore/Cpu/Std/IfxCpu_IntrinsicsGcc.h **** #define IFXCPU_INTRINSICSGCC_H 1
  33:../Libraries/iLLD/TC4xx/Tricore/Cpu/Std/IfxCpu_IntrinsicsGcc.h **** 
  34:../Libraries/iLLD/TC4xx/Tricore/Cpu/Std/IfxCpu_IntrinsicsGcc.h **** /* old style intrinsics handling for AGENtiX environment */
  35:../Libraries/iLLD/TC4xx/Tricore/Cpu/Std/IfxCpu_IntrinsicsGcc.h **** #if defined(SCTB_EMBEDDED)
  36:../Libraries/iLLD/TC4xx/Tricore/Cpu/Std/IfxCpu_IntrinsicsGcc.h **** # define IFXCPU_INTRINSICSGNUC_USE_MACHINE_INTRINSICS 0
  37:../Libraries/iLLD/TC4xx/Tricore/Cpu/Std/IfxCpu_IntrinsicsGcc.h **** #else
  38:../Libraries/iLLD/TC4xx/Tricore/Cpu/Std/IfxCpu_IntrinsicsGcc.h **** # define IFXCPU_INTRINSICSGNUC_USE_MACHINE_INTRINSICS 1
  39:../Libraries/iLLD/TC4xx/Tricore/Cpu/Std/IfxCpu_IntrinsicsGcc.h **** #endif
  40:../Libraries/iLLD/TC4xx/Tricore/Cpu/Std/IfxCpu_IntrinsicsGcc.h **** 
  41:../Libraries/iLLD/TC4xx/Tricore/Cpu/Std/IfxCpu_IntrinsicsGcc.h **** /******************************************************************************/
  42:../Libraries/iLLD/TC4xx/Tricore/Cpu/Std/IfxCpu_IntrinsicsGcc.h **** #include "Ifx_Types.h"
  43:../Libraries/iLLD/TC4xx/Tricore/Cpu/Std/IfxCpu_IntrinsicsGcc.h **** 
  44:../Libraries/iLLD/TC4xx/Tricore/Cpu/Std/IfxCpu_IntrinsicsGcc.h **** #if IFXCPU_INTRINSICSGNUC_USE_MACHINE_INTRINSICS
  45:../Libraries/iLLD/TC4xx/Tricore/Cpu/Std/IfxCpu_IntrinsicsGcc.h **** #include "machine/intrinsics.h"
  46:../Libraries/iLLD/TC4xx/Tricore/Cpu/Std/IfxCpu_IntrinsicsGcc.h **** #endif
  47:../Libraries/iLLD/TC4xx/Tricore/Cpu/Std/IfxCpu_IntrinsicsGcc.h **** 
  48:../Libraries/iLLD/TC4xx/Tricore/Cpu/Std/IfxCpu_IntrinsicsGcc.h **** /******************************************************************************/
  49:../Libraries/iLLD/TC4xx/Tricore/Cpu/Std/IfxCpu_IntrinsicsGcc.h **** /* *INDENT-OFF* */
  50:../Libraries/iLLD/TC4xx/Tricore/Cpu/Std/IfxCpu_IntrinsicsGcc.h **** #define STRINGIFY(x)    #x
  51:../Libraries/iLLD/TC4xx/Tricore/Cpu/Std/IfxCpu_IntrinsicsGcc.h **** 
  52:../Libraries/iLLD/TC4xx/Tricore/Cpu/Std/IfxCpu_IntrinsicsGcc.h **** /* Endian Swap for CRC32 Calculation*/
  53:../Libraries/iLLD/TC4xx/Tricore/Cpu/Std/IfxCpu_IntrinsicsGcc.h **** #define CPU_CRC_ENDIAN_SWAP 0  /* No Swap by default*/
  54:../Libraries/iLLD/TC4xx/Tricore/Cpu/Std/IfxCpu_IntrinsicsGcc.h **** 
  55:../Libraries/iLLD/TC4xx/Tricore/Cpu/Std/IfxCpu_IntrinsicsGcc.h **** /** Function call without return
  56:../Libraries/iLLD/TC4xx/Tricore/Cpu/Std/IfxCpu_IntrinsicsGcc.h ****  */
  57:../Libraries/iLLD/TC4xx/Tricore/Cpu/Std/IfxCpu_IntrinsicsGcc.h **** #define Ifx__non_return_call(fun)	__asm__ volatile ("ji %0"::"a"(fun))
  58:../Libraries/iLLD/TC4xx/Tricore/Cpu/Std/IfxCpu_IntrinsicsGcc.h **** 
  59:../Libraries/iLLD/TC4xx/Tricore/Cpu/Std/IfxCpu_IntrinsicsGcc.h **** /** Jump and link
  60:../Libraries/iLLD/TC4xx/Tricore/Cpu/Std/IfxCpu_IntrinsicsGcc.h ****  */
  61:../Libraries/iLLD/TC4xx/Tricore/Cpu/Std/IfxCpu_IntrinsicsGcc.h **** IFX_INLINE void Ifx__jump_and_link(void (*fun)(void))
  62:../Libraries/iLLD/TC4xx/Tricore/Cpu/Std/IfxCpu_IntrinsicsGcc.h **** {
  63:../Libraries/iLLD/TC4xx/Tricore/Cpu/Std/IfxCpu_IntrinsicsGcc.h **** 	__asm__ volatile ("jli %0"::"a"(fun));
  64:../Libraries/iLLD/TC4xx/Tricore/Cpu/Std/IfxCpu_IntrinsicsGcc.h **** }
  65:../Libraries/iLLD/TC4xx/Tricore/Cpu/Std/IfxCpu_IntrinsicsGcc.h **** 
  66:../Libraries/iLLD/TC4xx/Tricore/Cpu/Std/IfxCpu_IntrinsicsGcc.h **** IFX_INLINE void Ifx__moveToDataParam0(unsigned int var)
  67:../Libraries/iLLD/TC4xx/Tricore/Cpu/Std/IfxCpu_IntrinsicsGcc.h **** {
  68:../Libraries/iLLD/TC4xx/Tricore/Cpu/Std/IfxCpu_IntrinsicsGcc.h **** 	__asm__ volatile ("mov\t %%d4, %0"::"d"(var));
  69:../Libraries/iLLD/TC4xx/Tricore/Cpu/Std/IfxCpu_IntrinsicsGcc.h **** }
  70:../Libraries/iLLD/TC4xx/Tricore/Cpu/Std/IfxCpu_IntrinsicsGcc.h **** 
  71:../Libraries/iLLD/TC4xx/Tricore/Cpu/Std/IfxCpu_IntrinsicsGcc.h **** IFX_INLINE void Ifx__moveToDataParamRet(unsigned int var)
  72:../Libraries/iLLD/TC4xx/Tricore/Cpu/Std/IfxCpu_IntrinsicsGcc.h **** {
  73:../Libraries/iLLD/TC4xx/Tricore/Cpu/Std/IfxCpu_IntrinsicsGcc.h **** 	__asm__ volatile ("mov\t %%d2, %0"::"d"(var));
  74:../Libraries/iLLD/TC4xx/Tricore/Cpu/Std/IfxCpu_IntrinsicsGcc.h **** }
  75:../Libraries/iLLD/TC4xx/Tricore/Cpu/Std/IfxCpu_IntrinsicsGcc.h **** 
  76:../Libraries/iLLD/TC4xx/Tricore/Cpu/Std/IfxCpu_IntrinsicsGcc.h **** IFX_INLINE unsigned int Ifx__getDataParamRet(void)
  77:../Libraries/iLLD/TC4xx/Tricore/Cpu/Std/IfxCpu_IntrinsicsGcc.h **** {
  78:../Libraries/iLLD/TC4xx/Tricore/Cpu/Std/IfxCpu_IntrinsicsGcc.h **** 	unsigned int var;
  79:../Libraries/iLLD/TC4xx/Tricore/Cpu/Std/IfxCpu_IntrinsicsGcc.h **** 	__asm__ volatile (" mov\t %0, %%d2":"=d"(var));
  80:../Libraries/iLLD/TC4xx/Tricore/Cpu/Std/IfxCpu_IntrinsicsGcc.h **** 	return var;
  81:../Libraries/iLLD/TC4xx/Tricore/Cpu/Std/IfxCpu_IntrinsicsGcc.h **** }
  82:../Libraries/iLLD/TC4xx/Tricore/Cpu/Std/IfxCpu_IntrinsicsGcc.h **** 
  83:../Libraries/iLLD/TC4xx/Tricore/Cpu/Std/IfxCpu_IntrinsicsGcc.h **** IFX_INLINE void Ifx__moveToAddrParam0(const void *var)
  84:../Libraries/iLLD/TC4xx/Tricore/Cpu/Std/IfxCpu_IntrinsicsGcc.h **** {
  85:../Libraries/iLLD/TC4xx/Tricore/Cpu/Std/IfxCpu_IntrinsicsGcc.h **** 	__asm__ volatile ("mov.aa\t %%a4, %0"::"a"(var));
  86:../Libraries/iLLD/TC4xx/Tricore/Cpu/Std/IfxCpu_IntrinsicsGcc.h **** }
  87:../Libraries/iLLD/TC4xx/Tricore/Cpu/Std/IfxCpu_IntrinsicsGcc.h **** 
  88:../Libraries/iLLD/TC4xx/Tricore/Cpu/Std/IfxCpu_IntrinsicsGcc.h **** IFX_INLINE void Ifx__jumpToFunction(const void *fun)
  89:../Libraries/iLLD/TC4xx/Tricore/Cpu/Std/IfxCpu_IntrinsicsGcc.h **** {
  90:../Libraries/iLLD/TC4xx/Tricore/Cpu/Std/IfxCpu_IntrinsicsGcc.h **** 	Ifx__non_return_call(fun);
  91:../Libraries/iLLD/TC4xx/Tricore/Cpu/Std/IfxCpu_IntrinsicsGcc.h **** }
  92:../Libraries/iLLD/TC4xx/Tricore/Cpu/Std/IfxCpu_IntrinsicsGcc.h **** 
  93:../Libraries/iLLD/TC4xx/Tricore/Cpu/Std/IfxCpu_IntrinsicsGcc.h **** IFX_INLINE void Ifx__jumpToFunctionWithLink(const void *fun)
  94:../Libraries/iLLD/TC4xx/Tricore/Cpu/Std/IfxCpu_IntrinsicsGcc.h **** {
  95:../Libraries/iLLD/TC4xx/Tricore/Cpu/Std/IfxCpu_IntrinsicsGcc.h **** 	Ifx__jump_and_link((void (*)(void))fun);
  96:../Libraries/iLLD/TC4xx/Tricore/Cpu/Std/IfxCpu_IntrinsicsGcc.h **** }
  97:../Libraries/iLLD/TC4xx/Tricore/Cpu/Std/IfxCpu_IntrinsicsGcc.h **** 
  98:../Libraries/iLLD/TC4xx/Tricore/Cpu/Std/IfxCpu_IntrinsicsGcc.h **** IFX_INLINE void Ifx__jumpBackToLink(void)
  99:../Libraries/iLLD/TC4xx/Tricore/Cpu/Std/IfxCpu_IntrinsicsGcc.h **** {
 100:../Libraries/iLLD/TC4xx/Tricore/Cpu/Std/IfxCpu_IntrinsicsGcc.h **** 	__asm__ volatile ("ji %a11");
 101:../Libraries/iLLD/TC4xx/Tricore/Cpu/Std/IfxCpu_IntrinsicsGcc.h **** }
 102:../Libraries/iLLD/TC4xx/Tricore/Cpu/Std/IfxCpu_IntrinsicsGcc.h **** 
 103:../Libraries/iLLD/TC4xx/Tricore/Cpu/Std/IfxCpu_IntrinsicsGcc.h **** /** Function to copy 128 bit data from source to destination
 104:../Libraries/iLLD/TC4xx/Tricore/Cpu/Std/IfxCpu_IntrinsicsGcc.h ****  * Addresses must be 128 bit aligned.
 105:../Libraries/iLLD/TC4xx/Tricore/Cpu/Std/IfxCpu_IntrinsicsGcc.h ****  */
 106:../Libraries/iLLD/TC4xx/Tricore/Cpu/Std/IfxCpu_IntrinsicsGcc.h **** IFX_INLINE void Ifx__copyDoubleDouble(volatile uint32 *src, volatile uint32 *dst)
 107:../Libraries/iLLD/TC4xx/Tricore/Cpu/Std/IfxCpu_IntrinsicsGcc.h **** {
 108:../Libraries/iLLD/TC4xx/Tricore/Cpu/Std/IfxCpu_IntrinsicsGcc.h ****     __asm__ ("\t ld.d %%e0, [%0] 0 \n"
 109:../Libraries/iLLD/TC4xx/Tricore/Cpu/Std/IfxCpu_IntrinsicsGcc.h ****              "\t st.d [%1] 0, %%e0 \n"
 110:../Libraries/iLLD/TC4xx/Tricore/Cpu/Std/IfxCpu_IntrinsicsGcc.h ****              "\t ld.d %%e0, [%0] 8 \n"
 111:../Libraries/iLLD/TC4xx/Tricore/Cpu/Std/IfxCpu_IntrinsicsGcc.h ****              "\t st.d [%1] 8, %%e0 \n"
 112:../Libraries/iLLD/TC4xx/Tricore/Cpu/Std/IfxCpu_IntrinsicsGcc.h ****              ::"a" (src), "a" (dst):);
 113:../Libraries/iLLD/TC4xx/Tricore/Cpu/Std/IfxCpu_IntrinsicsGcc.h **** }
 114:../Libraries/iLLD/TC4xx/Tricore/Cpu/Std/IfxCpu_IntrinsicsGcc.h **** 
 115:../Libraries/iLLD/TC4xx/Tricore/Cpu/Std/IfxCpu_IntrinsicsGcc.h **** /** \defgroup IfxLld_Cpu_Intrinsics_Gnuc_any_type Cross type arithmetic operation
 116:../Libraries/iLLD/TC4xx/Tricore/Cpu/Std/IfxCpu_IntrinsicsGcc.h ****  *
 117:../Libraries/iLLD/TC4xx/Tricore/Cpu/Std/IfxCpu_IntrinsicsGcc.h ****  * Macro compatible with float, fix point, signed integer and unsigned integer
 118:../Libraries/iLLD/TC4xx/Tricore/Cpu/Std/IfxCpu_IntrinsicsGcc.h ****  *
 119:../Libraries/iLLD/TC4xx/Tricore/Cpu/Std/IfxCpu_IntrinsicsGcc.h ****  * \ingroup IfxLld_Cpu_Intrinsics_Gnuc
 120:../Libraries/iLLD/TC4xx/Tricore/Cpu/Std/IfxCpu_IntrinsicsGcc.h ****  * \{
 121:../Libraries/iLLD/TC4xx/Tricore/Cpu/Std/IfxCpu_IntrinsicsGcc.h ****  */
 122:../Libraries/iLLD/TC4xx/Tricore/Cpu/Std/IfxCpu_IntrinsicsGcc.h **** #define Ifx__minX(X,Y)                     ( ((X) < (Y)) ? (X) : (Y) )
 123:../Libraries/iLLD/TC4xx/Tricore/Cpu/Std/IfxCpu_IntrinsicsGcc.h **** #define Ifx__maxX(X,Y)                     ( ((X) > (Y)) ? (X) : (Y) )
 124:../Libraries/iLLD/TC4xx/Tricore/Cpu/Std/IfxCpu_IntrinsicsGcc.h **** #define Ifx__saturateX(X,Min,Max)          ( Ifx__minX(Ifx__maxX(X, Min), Max) )
 125:../Libraries/iLLD/TC4xx/Tricore/Cpu/Std/IfxCpu_IntrinsicsGcc.h **** #define Ifx__checkrangeX(X,Min,Max)        (((X) >= (Min)) && ((X) <= (Max)))
 126:../Libraries/iLLD/TC4xx/Tricore/Cpu/Std/IfxCpu_IntrinsicsGcc.h **** /** \} */
 127:../Libraries/iLLD/TC4xx/Tricore/Cpu/Std/IfxCpu_IntrinsicsGcc.h **** 
 128:../Libraries/iLLD/TC4xx/Tricore/Cpu/Std/IfxCpu_IntrinsicsGcc.h **** /** \defgroup IfxLld_Cpu_Intrinsics_Gnuc_singed_integer Signed integer operation
 129:../Libraries/iLLD/TC4xx/Tricore/Cpu/Std/IfxCpu_IntrinsicsGcc.h ****  * \ingroup IfxLld_Cpu_Intrinsics_Gnuc
 130:../Libraries/iLLD/TC4xx/Tricore/Cpu/Std/IfxCpu_IntrinsicsGcc.h ****  * \{
 131:../Libraries/iLLD/TC4xx/Tricore/Cpu/Std/IfxCpu_IntrinsicsGcc.h ****  */
 132:../Libraries/iLLD/TC4xx/Tricore/Cpu/Std/IfxCpu_IntrinsicsGcc.h **** #define Ifx__saturate(X,Min,Max)           ( Ifx__min(Ifx__max(X, Min), Max) )
 133:../Libraries/iLLD/TC4xx/Tricore/Cpu/Std/IfxCpu_IntrinsicsGcc.h **** /** \} */
 134:../Libraries/iLLD/TC4xx/Tricore/Cpu/Std/IfxCpu_IntrinsicsGcc.h **** 
 135:../Libraries/iLLD/TC4xx/Tricore/Cpu/Std/IfxCpu_IntrinsicsGcc.h **** /** \defgroup IfxLld_Cpu_Intrinsics_Gnuc_unsinged_integer Unsigned integer operation
 136:../Libraries/iLLD/TC4xx/Tricore/Cpu/Std/IfxCpu_IntrinsicsGcc.h ****  * \ingroup IfxLld_Cpu_Intrinsics_Gnuc
 137:../Libraries/iLLD/TC4xx/Tricore/Cpu/Std/IfxCpu_IntrinsicsGcc.h ****  * \{
 138:../Libraries/iLLD/TC4xx/Tricore/Cpu/Std/IfxCpu_IntrinsicsGcc.h ****  */
 139:../Libraries/iLLD/TC4xx/Tricore/Cpu/Std/IfxCpu_IntrinsicsGcc.h **** #define Ifx__saturateu(X,Min,Max)           ( Ifx__minu(Ifx__maxu(X, Min), Max) )
 140:../Libraries/iLLD/TC4xx/Tricore/Cpu/Std/IfxCpu_IntrinsicsGcc.h **** /** \} */
 141:../Libraries/iLLD/TC4xx/Tricore/Cpu/Std/IfxCpu_IntrinsicsGcc.h **** 
 142:../Libraries/iLLD/TC4xx/Tricore/Cpu/Std/IfxCpu_IntrinsicsGcc.h **** /** \defgroup IfxLld_Cpu_Intrinsics_Gnucmin_max Minimum and Maximum of (sint16) Integers
 143:../Libraries/iLLD/TC4xx/Tricore/Cpu/Std/IfxCpu_IntrinsicsGcc.h ****  These intrinsic functions return the minimum or maximum of a sint16, uint16 or sint16
 144:../Libraries/iLLD/TC4xx/Tricore/Cpu/Std/IfxCpu_IntrinsicsGcc.h ****  * \ingroup IfxLld_Cpu_Intrinsics_Gnuc
 145:../Libraries/iLLD/TC4xx/Tricore/Cpu/Std/IfxCpu_IntrinsicsGcc.h ****  * \{
 146:../Libraries/iLLD/TC4xx/Tricore/Cpu/Std/IfxCpu_IntrinsicsGcc.h ****  */
 147:../Libraries/iLLD/TC4xx/Tricore/Cpu/Std/IfxCpu_IntrinsicsGcc.h **** 
 148:../Libraries/iLLD/TC4xx/Tricore/Cpu/Std/IfxCpu_IntrinsicsGcc.h **** /** Return maximum of two integers
 149:../Libraries/iLLD/TC4xx/Tricore/Cpu/Std/IfxCpu_IntrinsicsGcc.h ****  */
 150:../Libraries/iLLD/TC4xx/Tricore/Cpu/Std/IfxCpu_IntrinsicsGcc.h **** IFX_INLINE sint32 Ifx__max(sint32 a, sint32 b)
 151:../Libraries/iLLD/TC4xx/Tricore/Cpu/Std/IfxCpu_IntrinsicsGcc.h **** {
 152:../Libraries/iLLD/TC4xx/Tricore/Cpu/Std/IfxCpu_IntrinsicsGcc.h ****     sint32 res;
 153:../Libraries/iLLD/TC4xx/Tricore/Cpu/Std/IfxCpu_IntrinsicsGcc.h ****     __asm__ volatile ("max %0, %1, %2": "=d" (res) : "d" (a), "d" (b));
 154:../Libraries/iLLD/TC4xx/Tricore/Cpu/Std/IfxCpu_IntrinsicsGcc.h ****     return res;
 155:../Libraries/iLLD/TC4xx/Tricore/Cpu/Std/IfxCpu_IntrinsicsGcc.h **** }
 156:../Libraries/iLLD/TC4xx/Tricore/Cpu/Std/IfxCpu_IntrinsicsGcc.h **** 
 157:../Libraries/iLLD/TC4xx/Tricore/Cpu/Std/IfxCpu_IntrinsicsGcc.h **** /** Return maximum of two sint16
 158:../Libraries/iLLD/TC4xx/Tricore/Cpu/Std/IfxCpu_IntrinsicsGcc.h ****  */
 159:../Libraries/iLLD/TC4xx/Tricore/Cpu/Std/IfxCpu_IntrinsicsGcc.h **** IFX_INLINE sint32 Ifx__maxs(sint16 a, sint16 b)
 160:../Libraries/iLLD/TC4xx/Tricore/Cpu/Std/IfxCpu_IntrinsicsGcc.h **** {
 161:../Libraries/iLLD/TC4xx/Tricore/Cpu/Std/IfxCpu_IntrinsicsGcc.h ****     sint32 res;
 162:../Libraries/iLLD/TC4xx/Tricore/Cpu/Std/IfxCpu_IntrinsicsGcc.h ****     __asm__ volatile ("max.h %0, %1, %2": "=d" (res) : "d" (a), "d" (b));
 163:../Libraries/iLLD/TC4xx/Tricore/Cpu/Std/IfxCpu_IntrinsicsGcc.h ****     return res;
 164:../Libraries/iLLD/TC4xx/Tricore/Cpu/Std/IfxCpu_IntrinsicsGcc.h **** }
 165:../Libraries/iLLD/TC4xx/Tricore/Cpu/Std/IfxCpu_IntrinsicsGcc.h **** /** Return maximum of two unsigned integers
 166:../Libraries/iLLD/TC4xx/Tricore/Cpu/Std/IfxCpu_IntrinsicsGcc.h ****  */
 167:../Libraries/iLLD/TC4xx/Tricore/Cpu/Std/IfxCpu_IntrinsicsGcc.h **** IFX_INLINE uint32 Ifx__maxu(uint32 a, uint32 b)
 168:../Libraries/iLLD/TC4xx/Tricore/Cpu/Std/IfxCpu_IntrinsicsGcc.h **** {
 169:../Libraries/iLLD/TC4xx/Tricore/Cpu/Std/IfxCpu_IntrinsicsGcc.h ****     uint32 res;
 170:../Libraries/iLLD/TC4xx/Tricore/Cpu/Std/IfxCpu_IntrinsicsGcc.h ****     __asm__ volatile ("max.u %0, %1, %2": "=d" (res) : "d" (a), "d" (b));
 171:../Libraries/iLLD/TC4xx/Tricore/Cpu/Std/IfxCpu_IntrinsicsGcc.h ****     return res;
 172:../Libraries/iLLD/TC4xx/Tricore/Cpu/Std/IfxCpu_IntrinsicsGcc.h **** }
 173:../Libraries/iLLD/TC4xx/Tricore/Cpu/Std/IfxCpu_IntrinsicsGcc.h **** 
 174:../Libraries/iLLD/TC4xx/Tricore/Cpu/Std/IfxCpu_IntrinsicsGcc.h **** /** Return minimum of two integers
 175:../Libraries/iLLD/TC4xx/Tricore/Cpu/Std/IfxCpu_IntrinsicsGcc.h ****  */
 176:../Libraries/iLLD/TC4xx/Tricore/Cpu/Std/IfxCpu_IntrinsicsGcc.h **** IFX_INLINE sint32 Ifx__min(sint32 a, sint32 b)
 177:../Libraries/iLLD/TC4xx/Tricore/Cpu/Std/IfxCpu_IntrinsicsGcc.h **** {
 178:../Libraries/iLLD/TC4xx/Tricore/Cpu/Std/IfxCpu_IntrinsicsGcc.h ****     sint32 res;
 179:../Libraries/iLLD/TC4xx/Tricore/Cpu/Std/IfxCpu_IntrinsicsGcc.h ****     __asm__ volatile ("min %0, %1, %2": "=d" (res) : "d" (a), "d" (b));
 180:../Libraries/iLLD/TC4xx/Tricore/Cpu/Std/IfxCpu_IntrinsicsGcc.h ****     return res;
 181:../Libraries/iLLD/TC4xx/Tricore/Cpu/Std/IfxCpu_IntrinsicsGcc.h **** }
 182:../Libraries/iLLD/TC4xx/Tricore/Cpu/Std/IfxCpu_IntrinsicsGcc.h **** 
 183:../Libraries/iLLD/TC4xx/Tricore/Cpu/Std/IfxCpu_IntrinsicsGcc.h **** /** Return minimum of two sint16
 184:../Libraries/iLLD/TC4xx/Tricore/Cpu/Std/IfxCpu_IntrinsicsGcc.h ****  */
 185:../Libraries/iLLD/TC4xx/Tricore/Cpu/Std/IfxCpu_IntrinsicsGcc.h **** IFX_INLINE sint16 Ifx__mins(sint16 a, sint16 b)
 186:../Libraries/iLLD/TC4xx/Tricore/Cpu/Std/IfxCpu_IntrinsicsGcc.h **** {
 187:../Libraries/iLLD/TC4xx/Tricore/Cpu/Std/IfxCpu_IntrinsicsGcc.h ****     sint16 res;
 188:../Libraries/iLLD/TC4xx/Tricore/Cpu/Std/IfxCpu_IntrinsicsGcc.h ****     __asm__ volatile ("min.h %0, %1, %2": "=d" (res) : "d" (a), "d" (b));
 189:../Libraries/iLLD/TC4xx/Tricore/Cpu/Std/IfxCpu_IntrinsicsGcc.h ****     return res;
 190:../Libraries/iLLD/TC4xx/Tricore/Cpu/Std/IfxCpu_IntrinsicsGcc.h **** }
 191:../Libraries/iLLD/TC4xx/Tricore/Cpu/Std/IfxCpu_IntrinsicsGcc.h **** 
 192:../Libraries/iLLD/TC4xx/Tricore/Cpu/Std/IfxCpu_IntrinsicsGcc.h **** /** Return minimum of two unsigned integers
 193:../Libraries/iLLD/TC4xx/Tricore/Cpu/Std/IfxCpu_IntrinsicsGcc.h ****  */
 194:../Libraries/iLLD/TC4xx/Tricore/Cpu/Std/IfxCpu_IntrinsicsGcc.h **** IFX_INLINE uint32 Ifx__minu(uint32 a, uint32 b)
 195:../Libraries/iLLD/TC4xx/Tricore/Cpu/Std/IfxCpu_IntrinsicsGcc.h **** {
 196:../Libraries/iLLD/TC4xx/Tricore/Cpu/Std/IfxCpu_IntrinsicsGcc.h ****     uint32 res;
 197:../Libraries/iLLD/TC4xx/Tricore/Cpu/Std/IfxCpu_IntrinsicsGcc.h ****     __asm__ volatile ("min.u %0, %1, %2": "=d" (res) : "d" (a), "d" (b));
 198:../Libraries/iLLD/TC4xx/Tricore/Cpu/Std/IfxCpu_IntrinsicsGcc.h ****     return res;
 199:../Libraries/iLLD/TC4xx/Tricore/Cpu/Std/IfxCpu_IntrinsicsGcc.h **** }
 200:../Libraries/iLLD/TC4xx/Tricore/Cpu/Std/IfxCpu_IntrinsicsGcc.h **** 
 201:../Libraries/iLLD/TC4xx/Tricore/Cpu/Std/IfxCpu_IntrinsicsGcc.h **** /** \} */
 202:../Libraries/iLLD/TC4xx/Tricore/Cpu/Std/IfxCpu_IntrinsicsGcc.h **** 
 203:../Libraries/iLLD/TC4xx/Tricore/Cpu/Std/IfxCpu_IntrinsicsGcc.h **** /** \defgroup intrinsicsgnuc_float Floating point operation
 204:../Libraries/iLLD/TC4xx/Tricore/Cpu/Std/IfxCpu_IntrinsicsGcc.h ****  * \ingroup IfxLld_Cpu_Intrinsics_Gnuc
 205:../Libraries/iLLD/TC4xx/Tricore/Cpu/Std/IfxCpu_IntrinsicsGcc.h ****  * \{
 206:../Libraries/iLLD/TC4xx/Tricore/Cpu/Std/IfxCpu_IntrinsicsGcc.h ****  */
 207:../Libraries/iLLD/TC4xx/Tricore/Cpu/Std/IfxCpu_IntrinsicsGcc.h **** 
 208:../Libraries/iLLD/TC4xx/Tricore/Cpu/Std/IfxCpu_IntrinsicsGcc.h **** #define Ifx__sqrf(X)                       ((X) * (X))
 209:../Libraries/iLLD/TC4xx/Tricore/Cpu/Std/IfxCpu_IntrinsicsGcc.h **** #define Ifx__sqrtf(X)                      sqrtf(X)
 210:../Libraries/iLLD/TC4xx/Tricore/Cpu/Std/IfxCpu_IntrinsicsGcc.h **** #define Ifx__checkrange(X,Min,Max)         (((X) >= (Min)) && ((X) <= (Max)))
 211:../Libraries/iLLD/TC4xx/Tricore/Cpu/Std/IfxCpu_IntrinsicsGcc.h **** 
 212:../Libraries/iLLD/TC4xx/Tricore/Cpu/Std/IfxCpu_IntrinsicsGcc.h **** #define Ifx__roundf(X)                     ((((X) - (sint32)(X)) > 0.5f) ? (1 + (sint32)(X)) : ((si
 213:../Libraries/iLLD/TC4xx/Tricore/Cpu/Std/IfxCpu_IntrinsicsGcc.h **** #define Ifx__absf(X)                       ( ((X) < 0.0f) ? -(X) : (X) )
 214:../Libraries/iLLD/TC4xx/Tricore/Cpu/Std/IfxCpu_IntrinsicsGcc.h **** #define Ifx__minf(X,Y)                     ( ((X) < (Y)) ? (X) : (Y) )
 215:../Libraries/iLLD/TC4xx/Tricore/Cpu/Std/IfxCpu_IntrinsicsGcc.h **** #define Ifx__maxf(X,Y)                     ( ((X) > (Y)) ? (X) : (Y) )
 216:../Libraries/iLLD/TC4xx/Tricore/Cpu/Std/IfxCpu_IntrinsicsGcc.h **** #define Ifx__saturatef(X,Min,Max)          ( Ifx__minf(Ifx__maxf(X, Min), Max) )
 217:../Libraries/iLLD/TC4xx/Tricore/Cpu/Std/IfxCpu_IntrinsicsGcc.h **** #define Ifx__checkrangef(X,Min,Max)        (((X) >= (Min)) && ((X) <= (Max)))
 218:../Libraries/iLLD/TC4xx/Tricore/Cpu/Std/IfxCpu_IntrinsicsGcc.h **** 
 219:../Libraries/iLLD/TC4xx/Tricore/Cpu/Std/IfxCpu_IntrinsicsGcc.h **** #define Ifx__abs_stdreal(X)                ( ((X) > 0.0f) ? (X) : -(X) )
 220:../Libraries/iLLD/TC4xx/Tricore/Cpu/Std/IfxCpu_IntrinsicsGcc.h **** #define Ifx__min_stdreal(X,Y)              ( ((X) < (Y)) ? (X) : (Y) )
 221:../Libraries/iLLD/TC4xx/Tricore/Cpu/Std/IfxCpu_IntrinsicsGcc.h **** #define Ifx__max_stdreal(X,Y)              ( ((X) > (Y)) ? (X) : (Y) )
 222:../Libraries/iLLD/TC4xx/Tricore/Cpu/Std/IfxCpu_IntrinsicsGcc.h **** #define Ifx__saturate_stdreal(X,Min,Max)   ( Ifx__min_stdreal(Ifx__max_stdreal(X, Min), Max) )
 223:../Libraries/iLLD/TC4xx/Tricore/Cpu/Std/IfxCpu_IntrinsicsGcc.h **** 
 224:../Libraries/iLLD/TC4xx/Tricore/Cpu/Std/IfxCpu_IntrinsicsGcc.h **** #define Ifx__neqf(X,Y)                     ( ((X) > (Y)) ||  ((X) < (Y)) )     /**< X != Y */
 225:../Libraries/iLLD/TC4xx/Tricore/Cpu/Std/IfxCpu_IntrinsicsGcc.h **** #define Ifx__leqf(X,Y)                     ( !((X) > (Y)) )     /**< X <= Y */
 226:../Libraries/iLLD/TC4xx/Tricore/Cpu/Std/IfxCpu_IntrinsicsGcc.h **** #define Ifx__geqf(X,Y)                     ( !((X) < (Y)) )     /**< X >= Y */
 227:../Libraries/iLLD/TC4xx/Tricore/Cpu/Std/IfxCpu_IntrinsicsGcc.h **** /** \} */
 228:../Libraries/iLLD/TC4xx/Tricore/Cpu/Std/IfxCpu_IntrinsicsGcc.h **** 
 229:../Libraries/iLLD/TC4xx/Tricore/Cpu/Std/IfxCpu_IntrinsicsGcc.h **** /** \defgroup IfxLld_Cpu_Intrinsics_Gnucfractional Fractional Arithmetic Support
 230:../Libraries/iLLD/TC4xx/Tricore/Cpu/Std/IfxCpu_IntrinsicsGcc.h ****  The next table provides an overview of intrinsic functions to convert fractional values. Note that
 231:../Libraries/iLLD/TC4xx/Tricore/Cpu/Std/IfxCpu_IntrinsicsGcc.h ****  TASKING VX-toolset C compiler for TriCore fully supports the fractional type so normally you shoul
 232:../Libraries/iLLD/TC4xx/Tricore/Cpu/Std/IfxCpu_IntrinsicsGcc.h ****  need these intrinsic functions (except for __mulfractlong). For compatibility reasons the TASKING 
 233:../Libraries/iLLD/TC4xx/Tricore/Cpu/Std/IfxCpu_IntrinsicsGcc.h ****  compiler does support these functions.
 234:../Libraries/iLLD/TC4xx/Tricore/Cpu/Std/IfxCpu_IntrinsicsGcc.h ****  * \ingroup IfxLld_Cpu_Intrinsics_Gnuc
 235:../Libraries/iLLD/TC4xx/Tricore/Cpu/Std/IfxCpu_IntrinsicsGcc.h ****  * \{
 236:../Libraries/iLLD/TC4xx/Tricore/Cpu/Std/IfxCpu_IntrinsicsGcc.h ****  */
 237:../Libraries/iLLD/TC4xx/Tricore/Cpu/Std/IfxCpu_IntrinsicsGcc.h **** 
 238:../Libraries/iLLD/TC4xx/Tricore/Cpu/Std/IfxCpu_IntrinsicsGcc.h **** /** Count the consecutive number of bits that have the same value as bit 15 of an sfract
 239:../Libraries/iLLD/TC4xx/Tricore/Cpu/Std/IfxCpu_IntrinsicsGcc.h ****  */
 240:../Libraries/iLLD/TC4xx/Tricore/Cpu/Std/IfxCpu_IntrinsicsGcc.h **** IFX_INLINE sint16 Ifx__clssf(sfract a)
 241:../Libraries/iLLD/TC4xx/Tricore/Cpu/Std/IfxCpu_IntrinsicsGcc.h **** {
 242:../Libraries/iLLD/TC4xx/Tricore/Cpu/Std/IfxCpu_IntrinsicsGcc.h ****     sint16 res;
 243:../Libraries/iLLD/TC4xx/Tricore/Cpu/Std/IfxCpu_IntrinsicsGcc.h ****     __asm__ volatile ("sh  %1,%1,16    \n\
 244:../Libraries/iLLD/TC4xx/Tricore/Cpu/Std/IfxCpu_IntrinsicsGcc.h ****                       cls  %0,%1":"=d"(res):"d"(a):"memory");
 245:../Libraries/iLLD/TC4xx/Tricore/Cpu/Std/IfxCpu_IntrinsicsGcc.h ****     return res;
 246:../Libraries/iLLD/TC4xx/Tricore/Cpu/Std/IfxCpu_IntrinsicsGcc.h **** }
 247:../Libraries/iLLD/TC4xx/Tricore/Cpu/Std/IfxCpu_IntrinsicsGcc.h **** 
 248:../Libraries/iLLD/TC4xx/Tricore/Cpu/Std/IfxCpu_IntrinsicsGcc.h **** /** Convert fract to float
 249:../Libraries/iLLD/TC4xx/Tricore/Cpu/Std/IfxCpu_IntrinsicsGcc.h ****  */
 250:../Libraries/iLLD/TC4xx/Tricore/Cpu/Std/IfxCpu_IntrinsicsGcc.h **** IFX_INLINE float Ifx__fract_to_float(fract a)
 251:../Libraries/iLLD/TC4xx/Tricore/Cpu/Std/IfxCpu_IntrinsicsGcc.h **** {
 252:../Libraries/iLLD/TC4xx/Tricore/Cpu/Std/IfxCpu_IntrinsicsGcc.h ****     float res;
 253:../Libraries/iLLD/TC4xx/Tricore/Cpu/Std/IfxCpu_IntrinsicsGcc.h ****     __asm__ volatile ("q31tof  %0,%1,%2":"=d"(res):"d"(a), "d"(0):"memory");
 254:../Libraries/iLLD/TC4xx/Tricore/Cpu/Std/IfxCpu_IntrinsicsGcc.h ****     return res;
 255:../Libraries/iLLD/TC4xx/Tricore/Cpu/Std/IfxCpu_IntrinsicsGcc.h **** }
 256:../Libraries/iLLD/TC4xx/Tricore/Cpu/Std/IfxCpu_IntrinsicsGcc.h **** 
 257:../Libraries/iLLD/TC4xx/Tricore/Cpu/Std/IfxCpu_IntrinsicsGcc.h **** /** Convert float to fract
 258:../Libraries/iLLD/TC4xx/Tricore/Cpu/Std/IfxCpu_IntrinsicsGcc.h ****  */
 259:../Libraries/iLLD/TC4xx/Tricore/Cpu/Std/IfxCpu_IntrinsicsGcc.h **** IFX_INLINE fract Ifx__float_to_fract(float a)
 260:../Libraries/iLLD/TC4xx/Tricore/Cpu/Std/IfxCpu_IntrinsicsGcc.h **** {
 261:../Libraries/iLLD/TC4xx/Tricore/Cpu/Std/IfxCpu_IntrinsicsGcc.h ****     fract res;
 262:../Libraries/iLLD/TC4xx/Tricore/Cpu/Std/IfxCpu_IntrinsicsGcc.h ****     __asm__ volatile ("ftoq31  %0,%1,%2":"=d"(res):"d"(a), "d"(0):"memory");
 263:../Libraries/iLLD/TC4xx/Tricore/Cpu/Std/IfxCpu_IntrinsicsGcc.h ****     return res;
 264:../Libraries/iLLD/TC4xx/Tricore/Cpu/Std/IfxCpu_IntrinsicsGcc.h **** }
 265:../Libraries/iLLD/TC4xx/Tricore/Cpu/Std/IfxCpu_IntrinsicsGcc.h **** 
 266:../Libraries/iLLD/TC4xx/Tricore/Cpu/Std/IfxCpu_IntrinsicsGcc.h **** /** Convert fract to sfract
 267:../Libraries/iLLD/TC4xx/Tricore/Cpu/Std/IfxCpu_IntrinsicsGcc.h ****  */
 268:../Libraries/iLLD/TC4xx/Tricore/Cpu/Std/IfxCpu_IntrinsicsGcc.h **** IFX_INLINE sfract Ifx__fract_to_sfract(fract a)
 269:../Libraries/iLLD/TC4xx/Tricore/Cpu/Std/IfxCpu_IntrinsicsGcc.h **** {
 270:../Libraries/iLLD/TC4xx/Tricore/Cpu/Std/IfxCpu_IntrinsicsGcc.h ****     sfract res;
 271:../Libraries/iLLD/TC4xx/Tricore/Cpu/Std/IfxCpu_IntrinsicsGcc.h ****     __asm__ volatile ("mov.u  %0,0x8000        \n\
 272:../Libraries/iLLD/TC4xx/Tricore/Cpu/Std/IfxCpu_IntrinsicsGcc.h ****                     adds  %0,%1              \n\
 273:../Libraries/iLLD/TC4xx/Tricore/Cpu/Std/IfxCpu_IntrinsicsGcc.h ****                     extr  %0,%0,0x10,0x10 "
 274:../Libraries/iLLD/TC4xx/Tricore/Cpu/Std/IfxCpu_IntrinsicsGcc.h ****                       :"=&d"(res):"d"(a):"memory");
 275:../Libraries/iLLD/TC4xx/Tricore/Cpu/Std/IfxCpu_IntrinsicsGcc.h ****     return res;
 276:../Libraries/iLLD/TC4xx/Tricore/Cpu/Std/IfxCpu_IntrinsicsGcc.h **** }
 277:../Libraries/iLLD/TC4xx/Tricore/Cpu/Std/IfxCpu_IntrinsicsGcc.h **** 
 278:../Libraries/iLLD/TC4xx/Tricore/Cpu/Std/IfxCpu_IntrinsicsGcc.h **** /** Convert float to sfract
 279:../Libraries/iLLD/TC4xx/Tricore/Cpu/Std/IfxCpu_IntrinsicsGcc.h ****  */
 280:../Libraries/iLLD/TC4xx/Tricore/Cpu/Std/IfxCpu_IntrinsicsGcc.h **** IFX_INLINE sfract Ifx__float_to_sfract(float a)
 281:../Libraries/iLLD/TC4xx/Tricore/Cpu/Std/IfxCpu_IntrinsicsGcc.h **** {
 282:../Libraries/iLLD/TC4xx/Tricore/Cpu/Std/IfxCpu_IntrinsicsGcc.h ****     fract tmp = Ifx__float_to_fract(a);
 283:../Libraries/iLLD/TC4xx/Tricore/Cpu/Std/IfxCpu_IntrinsicsGcc.h ****     return Ifx__fract_to_sfract(tmp);
 284:../Libraries/iLLD/TC4xx/Tricore/Cpu/Std/IfxCpu_IntrinsicsGcc.h **** }
 285:../Libraries/iLLD/TC4xx/Tricore/Cpu/Std/IfxCpu_IntrinsicsGcc.h **** 
 286:../Libraries/iLLD/TC4xx/Tricore/Cpu/Std/IfxCpu_IntrinsicsGcc.h **** /** Convert laccum to fract
 287:../Libraries/iLLD/TC4xx/Tricore/Cpu/Std/IfxCpu_IntrinsicsGcc.h ****  */
 288:../Libraries/iLLD/TC4xx/Tricore/Cpu/Std/IfxCpu_IntrinsicsGcc.h **** IFX_INLINE fract Ifx__getfract(laccum a)
 289:../Libraries/iLLD/TC4xx/Tricore/Cpu/Std/IfxCpu_IntrinsicsGcc.h **** {
 290:../Libraries/iLLD/TC4xx/Tricore/Cpu/Std/IfxCpu_IntrinsicsGcc.h ****     fract res;
 291:../Libraries/iLLD/TC4xx/Tricore/Cpu/Std/IfxCpu_IntrinsicsGcc.h ****     __asm__ volatile ("dextr  %0,%H1,%L1,0x11":"=&d" (res):"d" (a):"memory");
 292:../Libraries/iLLD/TC4xx/Tricore/Cpu/Std/IfxCpu_IntrinsicsGcc.h ****     return res;
 293:../Libraries/iLLD/TC4xx/Tricore/Cpu/Std/IfxCpu_IntrinsicsGcc.h **** }
 294:../Libraries/iLLD/TC4xx/Tricore/Cpu/Std/IfxCpu_IntrinsicsGcc.h **** 
 295:../Libraries/iLLD/TC4xx/Tricore/Cpu/Std/IfxCpu_IntrinsicsGcc.h **** /** Multiply-add with rounding. Returns the rounded result of ( a + b * c )
 296:../Libraries/iLLD/TC4xx/Tricore/Cpu/Std/IfxCpu_IntrinsicsGcc.h ****  */
 297:../Libraries/iLLD/TC4xx/Tricore/Cpu/Std/IfxCpu_IntrinsicsGcc.h **** IFX_INLINE sfract Ifx__mac_r_sf(sfract a, sfract b, sfract c)
 298:../Libraries/iLLD/TC4xx/Tricore/Cpu/Std/IfxCpu_IntrinsicsGcc.h **** {
 299:../Libraries/iLLD/TC4xx/Tricore/Cpu/Std/IfxCpu_IntrinsicsGcc.h ****     sfract res;
 300:../Libraries/iLLD/TC4xx/Tricore/Cpu/Std/IfxCpu_IntrinsicsGcc.h ****     __asm__ volatile ("sh  %1,%1,16        \n\
 301:../Libraries/iLLD/TC4xx/Tricore/Cpu/Std/IfxCpu_IntrinsicsGcc.h ****                        maddrs.q  %0,%1,%2L,%3L,1        \n\
 302:../Libraries/iLLD/TC4xx/Tricore/Cpu/Std/IfxCpu_IntrinsicsGcc.h ****                        sh %0,%0,-16":"=d"(res):"d"(a), "d"(b), "d"(c):"memory");
 303:../Libraries/iLLD/TC4xx/Tricore/Cpu/Std/IfxCpu_IntrinsicsGcc.h ****     return res;
 304:../Libraries/iLLD/TC4xx/Tricore/Cpu/Std/IfxCpu_IntrinsicsGcc.h **** }
 305:../Libraries/iLLD/TC4xx/Tricore/Cpu/Std/IfxCpu_IntrinsicsGcc.h **** 
 306:../Libraries/iLLD/TC4xx/Tricore/Cpu/Std/IfxCpu_IntrinsicsGcc.h **** /** Multiply-add sfract. Returns ( a + b * c )
 307:../Libraries/iLLD/TC4xx/Tricore/Cpu/Std/IfxCpu_IntrinsicsGcc.h ****  */
 308:../Libraries/iLLD/TC4xx/Tricore/Cpu/Std/IfxCpu_IntrinsicsGcc.h **** IFX_INLINE sfract Ifx__mac_sf(sfract a, sfract b, sfract c)
 309:../Libraries/iLLD/TC4xx/Tricore/Cpu/Std/IfxCpu_IntrinsicsGcc.h **** {
 310:../Libraries/iLLD/TC4xx/Tricore/Cpu/Std/IfxCpu_IntrinsicsGcc.h ****     sfract res;
 311:../Libraries/iLLD/TC4xx/Tricore/Cpu/Std/IfxCpu_IntrinsicsGcc.h ****     __asm__ volatile ("sh  %1,%1,16        \n\
 312:../Libraries/iLLD/TC4xx/Tricore/Cpu/Std/IfxCpu_IntrinsicsGcc.h ****                       madds.q  %0,%1,%2L,%3L,1        \n\
 313:../Libraries/iLLD/TC4xx/Tricore/Cpu/Std/IfxCpu_IntrinsicsGcc.h ****                       sh %0,%0,-16":"=d"(res):"d"(a), "d"(b), "d"(c):"memory");
 314:../Libraries/iLLD/TC4xx/Tricore/Cpu/Std/IfxCpu_IntrinsicsGcc.h ****     return res;
 315:../Libraries/iLLD/TC4xx/Tricore/Cpu/Std/IfxCpu_IntrinsicsGcc.h **** }
 316:../Libraries/iLLD/TC4xx/Tricore/Cpu/Std/IfxCpu_IntrinsicsGcc.h **** 
 317:../Libraries/iLLD/TC4xx/Tricore/Cpu/Std/IfxCpu_IntrinsicsGcc.h **** /** Integer part of the multiplication of a fract and a fract
 318:../Libraries/iLLD/TC4xx/Tricore/Cpu/Std/IfxCpu_IntrinsicsGcc.h ****  */
 319:../Libraries/iLLD/TC4xx/Tricore/Cpu/Std/IfxCpu_IntrinsicsGcc.h **** IFX_INLINE long Ifx__mulfractfract(fract a, fract b)
 320:../Libraries/iLLD/TC4xx/Tricore/Cpu/Std/IfxCpu_IntrinsicsGcc.h **** {
 321:../Libraries/iLLD/TC4xx/Tricore/Cpu/Std/IfxCpu_IntrinsicsGcc.h ****     long res;
 322:../Libraries/iLLD/TC4xx/Tricore/Cpu/Std/IfxCpu_IntrinsicsGcc.h ****     __asm__ volatile ("mul.q %0,%1,%2,1":"=d"(res):"d"(a), "d"(b):"memory");
 323:../Libraries/iLLD/TC4xx/Tricore/Cpu/Std/IfxCpu_IntrinsicsGcc.h ****     return res;
 324:../Libraries/iLLD/TC4xx/Tricore/Cpu/Std/IfxCpu_IntrinsicsGcc.h **** }
 325:../Libraries/iLLD/TC4xx/Tricore/Cpu/Std/IfxCpu_IntrinsicsGcc.h **** 
 326:../Libraries/iLLD/TC4xx/Tricore/Cpu/Std/IfxCpu_IntrinsicsGcc.h **** /** Integer part of the multiplication of a fract and a long
 327:../Libraries/iLLD/TC4xx/Tricore/Cpu/Std/IfxCpu_IntrinsicsGcc.h ****  */
 328:../Libraries/iLLD/TC4xx/Tricore/Cpu/Std/IfxCpu_IntrinsicsGcc.h **** IFX_INLINE long Ifx__mulfractlong(fract a, long b)
 329:../Libraries/iLLD/TC4xx/Tricore/Cpu/Std/IfxCpu_IntrinsicsGcc.h **** {
 330:../Libraries/iLLD/TC4xx/Tricore/Cpu/Std/IfxCpu_IntrinsicsGcc.h ****     long res;
 331:../Libraries/iLLD/TC4xx/Tricore/Cpu/Std/IfxCpu_IntrinsicsGcc.h ****     __asm__ volatile ("mul.q %0,%1,%2,1":"=d"(res):"d"(a), "d"(b):"memory");
 332:../Libraries/iLLD/TC4xx/Tricore/Cpu/Std/IfxCpu_IntrinsicsGcc.h ****     return res;
 333:../Libraries/iLLD/TC4xx/Tricore/Cpu/Std/IfxCpu_IntrinsicsGcc.h **** }
 334:../Libraries/iLLD/TC4xx/Tricore/Cpu/Std/IfxCpu_IntrinsicsGcc.h **** 
 335:../Libraries/iLLD/TC4xx/Tricore/Cpu/Std/IfxCpu_IntrinsicsGcc.h **** /** Convert fract to sfract
 336:../Libraries/iLLD/TC4xx/Tricore/Cpu/Std/IfxCpu_IntrinsicsGcc.h ****  */
 337:../Libraries/iLLD/TC4xx/Tricore/Cpu/Std/IfxCpu_IntrinsicsGcc.h **** IFX_INLINE sfract Ifx__round16(fract a)
 338:../Libraries/iLLD/TC4xx/Tricore/Cpu/Std/IfxCpu_IntrinsicsGcc.h **** {
 339:../Libraries/iLLD/TC4xx/Tricore/Cpu/Std/IfxCpu_IntrinsicsGcc.h ****     sfract res;
 340:../Libraries/iLLD/TC4xx/Tricore/Cpu/Std/IfxCpu_IntrinsicsGcc.h ****     __asm__ volatile ("mov.u  %0,0x8000        \n\
 341:../Libraries/iLLD/TC4xx/Tricore/Cpu/Std/IfxCpu_IntrinsicsGcc.h ****                     adds  %0,%1              \n\
 342:../Libraries/iLLD/TC4xx/Tricore/Cpu/Std/IfxCpu_IntrinsicsGcc.h ****                     insert  %0,%0,0,0,0x10 \n\
 343:../Libraries/iLLD/TC4xx/Tricore/Cpu/Std/IfxCpu_IntrinsicsGcc.h **** 					sh  %0,%0,-16"
 344:../Libraries/iLLD/TC4xx/Tricore/Cpu/Std/IfxCpu_IntrinsicsGcc.h ****                       :"=&d"(res):"d"(a):"memory");
 345:../Libraries/iLLD/TC4xx/Tricore/Cpu/Std/IfxCpu_IntrinsicsGcc.h ****     return res;
 346:../Libraries/iLLD/TC4xx/Tricore/Cpu/Std/IfxCpu_IntrinsicsGcc.h **** }
 347:../Libraries/iLLD/TC4xx/Tricore/Cpu/Std/IfxCpu_IntrinsicsGcc.h **** 
 348:../Libraries/iLLD/TC4xx/Tricore/Cpu/Std/IfxCpu_IntrinsicsGcc.h **** /** Convert signed sint16 to sfract
 349:../Libraries/iLLD/TC4xx/Tricore/Cpu/Std/IfxCpu_IntrinsicsGcc.h ****  */
 350:../Libraries/iLLD/TC4xx/Tricore/Cpu/Std/IfxCpu_IntrinsicsGcc.h **** IFX_INLINE sfract Ifx__s16_to_sfract(sint16 a)
 351:../Libraries/iLLD/TC4xx/Tricore/Cpu/Std/IfxCpu_IntrinsicsGcc.h **** {
 352:../Libraries/iLLD/TC4xx/Tricore/Cpu/Std/IfxCpu_IntrinsicsGcc.h ****     sfract res;
 353:../Libraries/iLLD/TC4xx/Tricore/Cpu/Std/IfxCpu_IntrinsicsGcc.h ****     __asm__ volatile ("sh  %0,%1,16    \n\
 354:../Libraries/iLLD/TC4xx/Tricore/Cpu/Std/IfxCpu_IntrinsicsGcc.h ****                        sh  %0,%1,-16":"=d"(res):"d"(a):"memory");
 355:../Libraries/iLLD/TC4xx/Tricore/Cpu/Std/IfxCpu_IntrinsicsGcc.h ****     return res;
 356:../Libraries/iLLD/TC4xx/Tricore/Cpu/Std/IfxCpu_IntrinsicsGcc.h **** }
 357:../Libraries/iLLD/TC4xx/Tricore/Cpu/Std/IfxCpu_IntrinsicsGcc.h **** 
 358:../Libraries/iLLD/TC4xx/Tricore/Cpu/Std/IfxCpu_IntrinsicsGcc.h **** /** Convert sfract to sint16
 359:../Libraries/iLLD/TC4xx/Tricore/Cpu/Std/IfxCpu_IntrinsicsGcc.h ****  */
 360:../Libraries/iLLD/TC4xx/Tricore/Cpu/Std/IfxCpu_IntrinsicsGcc.h **** IFX_INLINE sint16 Ifx__sfract_to_s16(sfract a)
 361:../Libraries/iLLD/TC4xx/Tricore/Cpu/Std/IfxCpu_IntrinsicsGcc.h **** {
 362:../Libraries/iLLD/TC4xx/Tricore/Cpu/Std/IfxCpu_IntrinsicsGcc.h ****     sint16 res;
 363:../Libraries/iLLD/TC4xx/Tricore/Cpu/Std/IfxCpu_IntrinsicsGcc.h ****     __asm__ volatile ("sh  %1,%1,16    \n\
 364:../Libraries/iLLD/TC4xx/Tricore/Cpu/Std/IfxCpu_IntrinsicsGcc.h ****                        sh  %0,%1,-16":"=d"(res):"d"(a):"memory");
 365:../Libraries/iLLD/TC4xx/Tricore/Cpu/Std/IfxCpu_IntrinsicsGcc.h ****     return res;
 366:../Libraries/iLLD/TC4xx/Tricore/Cpu/Std/IfxCpu_IntrinsicsGcc.h **** }
 367:../Libraries/iLLD/TC4xx/Tricore/Cpu/Std/IfxCpu_IntrinsicsGcc.h **** 
 368:../Libraries/iLLD/TC4xx/Tricore/Cpu/Std/IfxCpu_IntrinsicsGcc.h **** /** Convert sfract to uint16
 369:../Libraries/iLLD/TC4xx/Tricore/Cpu/Std/IfxCpu_IntrinsicsGcc.h ****  */
 370:../Libraries/iLLD/TC4xx/Tricore/Cpu/Std/IfxCpu_IntrinsicsGcc.h **** IFX_INLINE uint16 Ifx__sfract_to_u16(sfract a)
 371:../Libraries/iLLD/TC4xx/Tricore/Cpu/Std/IfxCpu_IntrinsicsGcc.h **** {
 372:../Libraries/iLLD/TC4xx/Tricore/Cpu/Std/IfxCpu_IntrinsicsGcc.h ****     uint16 res;
 373:../Libraries/iLLD/TC4xx/Tricore/Cpu/Std/IfxCpu_IntrinsicsGcc.h ****     __asm__ volatile ("sh  %1,%1,16    \n\
 374:../Libraries/iLLD/TC4xx/Tricore/Cpu/Std/IfxCpu_IntrinsicsGcc.h ****                        sh  %0,%1,-16":"=d"(res):"d"(a):"memory");
 375:../Libraries/iLLD/TC4xx/Tricore/Cpu/Std/IfxCpu_IntrinsicsGcc.h ****     return res;
 376:../Libraries/iLLD/TC4xx/Tricore/Cpu/Std/IfxCpu_IntrinsicsGcc.h **** }
 377:../Libraries/iLLD/TC4xx/Tricore/Cpu/Std/IfxCpu_IntrinsicsGcc.h **** 
 378:../Libraries/iLLD/TC4xx/Tricore/Cpu/Std/IfxCpu_IntrinsicsGcc.h **** /** Left/right shift of an laccum
 379:../Libraries/iLLD/TC4xx/Tricore/Cpu/Std/IfxCpu_IntrinsicsGcc.h ****  */
 380:../Libraries/iLLD/TC4xx/Tricore/Cpu/Std/IfxCpu_IntrinsicsGcc.h **** IFX_INLINE laccum Ifx__shaaccum(laccum a, sint32 b)
 381:../Libraries/iLLD/TC4xx/Tricore/Cpu/Std/IfxCpu_IntrinsicsGcc.h **** {
 382:../Libraries/iLLD/TC4xx/Tricore/Cpu/Std/IfxCpu_IntrinsicsGcc.h ****     laccum res;
 383:../Libraries/iLLD/TC4xx/Tricore/Cpu/Std/IfxCpu_IntrinsicsGcc.h ****     __asm__ volatile ("jge   %2,0,0f        \n\
 384:../Libraries/iLLD/TC4xx/Tricore/Cpu/Std/IfxCpu_IntrinsicsGcc.h ****                     sha   %H0,%H1,%2     \n\
 385:../Libraries/iLLD/TC4xx/Tricore/Cpu/Std/IfxCpu_IntrinsicsGcc.h ****                     rsub  %2,%2,0        \n\
 386:../Libraries/iLLD/TC4xx/Tricore/Cpu/Std/IfxCpu_IntrinsicsGcc.h ****                     dextr %L0,%H1,%L1,%2 \n\
 387:../Libraries/iLLD/TC4xx/Tricore/Cpu/Std/IfxCpu_IntrinsicsGcc.h ****                     j  1f                \n\
 388:../Libraries/iLLD/TC4xx/Tricore/Cpu/Std/IfxCpu_IntrinsicsGcc.h ****                     0:dextr %H0,%H1,%L1,%2 \n\
 389:../Libraries/iLLD/TC4xx/Tricore/Cpu/Std/IfxCpu_IntrinsicsGcc.h ****                     sha   %L0,%L1,%2     \n\
 390:../Libraries/iLLD/TC4xx/Tricore/Cpu/Std/IfxCpu_IntrinsicsGcc.h ****                     1:"
 391:../Libraries/iLLD/TC4xx/Tricore/Cpu/Std/IfxCpu_IntrinsicsGcc.h ****                       :"=d"(res):"d"(a), "d"(b):"memory");
 392:../Libraries/iLLD/TC4xx/Tricore/Cpu/Std/IfxCpu_IntrinsicsGcc.h ****     return res;
 393:../Libraries/iLLD/TC4xx/Tricore/Cpu/Std/IfxCpu_IntrinsicsGcc.h **** }
 394:../Libraries/iLLD/TC4xx/Tricore/Cpu/Std/IfxCpu_IntrinsicsGcc.h **** 
 395:../Libraries/iLLD/TC4xx/Tricore/Cpu/Std/IfxCpu_IntrinsicsGcc.h **** /** Left/right shift of an fract
 396:../Libraries/iLLD/TC4xx/Tricore/Cpu/Std/IfxCpu_IntrinsicsGcc.h ****  */
 397:../Libraries/iLLD/TC4xx/Tricore/Cpu/Std/IfxCpu_IntrinsicsGcc.h **** IFX_INLINE fract Ifx__shafracts(fract a, sint32 b)
 398:../Libraries/iLLD/TC4xx/Tricore/Cpu/Std/IfxCpu_IntrinsicsGcc.h **** {
 399:../Libraries/iLLD/TC4xx/Tricore/Cpu/Std/IfxCpu_IntrinsicsGcc.h ****     fract res;
 400:../Libraries/iLLD/TC4xx/Tricore/Cpu/Std/IfxCpu_IntrinsicsGcc.h ****     __asm__ volatile ("shas  %0,%1,%2":"=d"(res):"d"(a), "d"(b):"memory");
 401:../Libraries/iLLD/TC4xx/Tricore/Cpu/Std/IfxCpu_IntrinsicsGcc.h ****     return res;
 402:../Libraries/iLLD/TC4xx/Tricore/Cpu/Std/IfxCpu_IntrinsicsGcc.h **** }
 403:../Libraries/iLLD/TC4xx/Tricore/Cpu/Std/IfxCpu_IntrinsicsGcc.h **** 
 404:../Libraries/iLLD/TC4xx/Tricore/Cpu/Std/IfxCpu_IntrinsicsGcc.h **** /** Left/right shift of an sfract
 405:../Libraries/iLLD/TC4xx/Tricore/Cpu/Std/IfxCpu_IntrinsicsGcc.h ****  */
 406:../Libraries/iLLD/TC4xx/Tricore/Cpu/Std/IfxCpu_IntrinsicsGcc.h **** IFX_INLINE sfract Ifx__shasfracts(sfract a, sint32 b)
 407:../Libraries/iLLD/TC4xx/Tricore/Cpu/Std/IfxCpu_IntrinsicsGcc.h **** {
 408:../Libraries/iLLD/TC4xx/Tricore/Cpu/Std/IfxCpu_IntrinsicsGcc.h ****     sfract res;
 409:../Libraries/iLLD/TC4xx/Tricore/Cpu/Std/IfxCpu_IntrinsicsGcc.h ****     __asm__ volatile ("shas  %0,%1,%2":"=d"(res):"d"(a), "d"(b):"memory");
 410:../Libraries/iLLD/TC4xx/Tricore/Cpu/Std/IfxCpu_IntrinsicsGcc.h ****     return res;
 411:../Libraries/iLLD/TC4xx/Tricore/Cpu/Std/IfxCpu_IntrinsicsGcc.h **** }
 412:../Libraries/iLLD/TC4xx/Tricore/Cpu/Std/IfxCpu_IntrinsicsGcc.h **** 
 413:../Libraries/iLLD/TC4xx/Tricore/Cpu/Std/IfxCpu_IntrinsicsGcc.h **** /** Convert uint16 to sfract
 414:../Libraries/iLLD/TC4xx/Tricore/Cpu/Std/IfxCpu_IntrinsicsGcc.h ****  */
 415:../Libraries/iLLD/TC4xx/Tricore/Cpu/Std/IfxCpu_IntrinsicsGcc.h **** IFX_INLINE sfract Ifx__u16_to_sfract(uint16 a)
 416:../Libraries/iLLD/TC4xx/Tricore/Cpu/Std/IfxCpu_IntrinsicsGcc.h **** {
 417:../Libraries/iLLD/TC4xx/Tricore/Cpu/Std/IfxCpu_IntrinsicsGcc.h ****     sfract res;
 418:../Libraries/iLLD/TC4xx/Tricore/Cpu/Std/IfxCpu_IntrinsicsGcc.h ****     __asm__ volatile ("sh  %0,%1,16    \n\
 419:../Libraries/iLLD/TC4xx/Tricore/Cpu/Std/IfxCpu_IntrinsicsGcc.h ****                        sh  %0,%1,-16":"=d"(res):"d"(a):"memory");
 420:../Libraries/iLLD/TC4xx/Tricore/Cpu/Std/IfxCpu_IntrinsicsGcc.h ****     return res;
 421:../Libraries/iLLD/TC4xx/Tricore/Cpu/Std/IfxCpu_IntrinsicsGcc.h **** }
 422:../Libraries/iLLD/TC4xx/Tricore/Cpu/Std/IfxCpu_IntrinsicsGcc.h **** 
 423:../Libraries/iLLD/TC4xx/Tricore/Cpu/Std/IfxCpu_IntrinsicsGcc.h **** /** \} */
 424:../Libraries/iLLD/TC4xx/Tricore/Cpu/Std/IfxCpu_IntrinsicsGcc.h **** 
 425:../Libraries/iLLD/TC4xx/Tricore/Cpu/Std/IfxCpu_IntrinsicsGcc.h **** /** \defgroup IfxLld_Cpu_Intrinsics_Gnucinsert Insert / Extract Bit-fields and Bits
 426:../Libraries/iLLD/TC4xx/Tricore/Cpu/Std/IfxCpu_IntrinsicsGcc.h ****  * \ingroup IfxLld_Cpu_Intrinsics_Gnuc
 427:../Libraries/iLLD/TC4xx/Tricore/Cpu/Std/IfxCpu_IntrinsicsGcc.h ****  * \{
 428:../Libraries/iLLD/TC4xx/Tricore/Cpu/Std/IfxCpu_IntrinsicsGcc.h ****  */
 429:../Libraries/iLLD/TC4xx/Tricore/Cpu/Std/IfxCpu_IntrinsicsGcc.h **** 
 430:../Libraries/iLLD/TC4xx/Tricore/Cpu/Std/IfxCpu_IntrinsicsGcc.h **** /** Extract a bit-field (bit pos to bit pos+width) from value
 431:../Libraries/iLLD/TC4xx/Tricore/Cpu/Std/IfxCpu_IntrinsicsGcc.h ****  */
 432:../Libraries/iLLD/TC4xx/Tricore/Cpu/Std/IfxCpu_IntrinsicsGcc.h **** IFX_INLINE sint32 Ifx__extr(sint32 a, uint32 p, uint32 w)
 433:../Libraries/iLLD/TC4xx/Tricore/Cpu/Std/IfxCpu_IntrinsicsGcc.h **** {
 434:../Libraries/iLLD/TC4xx/Tricore/Cpu/Std/IfxCpu_IntrinsicsGcc.h ****     sint32 res;
 435:../Libraries/iLLD/TC4xx/Tricore/Cpu/Std/IfxCpu_IntrinsicsGcc.h ****     __asm__ volatile ("mov %%d14,%2  \n\
 436:../Libraries/iLLD/TC4xx/Tricore/Cpu/Std/IfxCpu_IntrinsicsGcc.h ****                      mov %%d15,%3  \n\
 437:../Libraries/iLLD/TC4xx/Tricore/Cpu/Std/IfxCpu_IntrinsicsGcc.h ****                      extr %0,%1,%%e14"
 438:../Libraries/iLLD/TC4xx/Tricore/Cpu/Std/IfxCpu_IntrinsicsGcc.h ****                       : "=d" (res) : "d" (a), "d" (p), "d" (w):"d14", "d15");
 439:../Libraries/iLLD/TC4xx/Tricore/Cpu/Std/IfxCpu_IntrinsicsGcc.h ****     return res;
 440:../Libraries/iLLD/TC4xx/Tricore/Cpu/Std/IfxCpu_IntrinsicsGcc.h **** }
 441:../Libraries/iLLD/TC4xx/Tricore/Cpu/Std/IfxCpu_IntrinsicsGcc.h **** 
 442:../Libraries/iLLD/TC4xx/Tricore/Cpu/Std/IfxCpu_IntrinsicsGcc.h **** /** Same as __extr() but return bit-field as unsigned integer
 443:../Libraries/iLLD/TC4xx/Tricore/Cpu/Std/IfxCpu_IntrinsicsGcc.h ****  */
 444:../Libraries/iLLD/TC4xx/Tricore/Cpu/Std/IfxCpu_IntrinsicsGcc.h **** IFX_INLINE uint32 Ifx__extru(uint32 a, uint32 p, uint32 w)
 445:../Libraries/iLLD/TC4xx/Tricore/Cpu/Std/IfxCpu_IntrinsicsGcc.h **** {
 446:../Libraries/iLLD/TC4xx/Tricore/Cpu/Std/IfxCpu_IntrinsicsGcc.h ****     uint32 res;
 447:../Libraries/iLLD/TC4xx/Tricore/Cpu/Std/IfxCpu_IntrinsicsGcc.h ****     __asm__ volatile ("mov %%d14,%2  \n\
 448:../Libraries/iLLD/TC4xx/Tricore/Cpu/Std/IfxCpu_IntrinsicsGcc.h ****                      mov %%d15,%3  \n\
 449:../Libraries/iLLD/TC4xx/Tricore/Cpu/Std/IfxCpu_IntrinsicsGcc.h ****                      extr.u %0,%1,%%e14"
 450:../Libraries/iLLD/TC4xx/Tricore/Cpu/Std/IfxCpu_IntrinsicsGcc.h ****                       : "=d" (res) : "d" (a), "d" (p), "d" (w):"d14", "d15");
 451:../Libraries/iLLD/TC4xx/Tricore/Cpu/Std/IfxCpu_IntrinsicsGcc.h ****     return res;
 452:../Libraries/iLLD/TC4xx/Tricore/Cpu/Std/IfxCpu_IntrinsicsGcc.h **** }
 453:../Libraries/iLLD/TC4xx/Tricore/Cpu/Std/IfxCpu_IntrinsicsGcc.h **** 
 454:../Libraries/iLLD/TC4xx/Tricore/Cpu/Std/IfxCpu_IntrinsicsGcc.h **** /** Load a single bit.
 455:../Libraries/iLLD/TC4xx/Tricore/Cpu/Std/IfxCpu_IntrinsicsGcc.h ****  */
 456:../Libraries/iLLD/TC4xx/Tricore/Cpu/Std/IfxCpu_IntrinsicsGcc.h **** //#define __getbit(address,bitoffset ) __extru( *(address), bitoffset, 1 )
 457:../Libraries/iLLD/TC4xx/Tricore/Cpu/Std/IfxCpu_IntrinsicsGcc.h **** #define Ifx__getbit(address, bitoffset) ((*(address) & (1U << (bitoffset))) != 0)
 458:../Libraries/iLLD/TC4xx/Tricore/Cpu/Std/IfxCpu_IntrinsicsGcc.h **** 
 459:../Libraries/iLLD/TC4xx/Tricore/Cpu/Std/IfxCpu_IntrinsicsGcc.h **** /** Atomic load-modify-store.
 460:../Libraries/iLLD/TC4xx/Tricore/Cpu/Std/IfxCpu_IntrinsicsGcc.h ****  */
 461:../Libraries/iLLD/TC4xx/Tricore/Cpu/Std/IfxCpu_IntrinsicsGcc.h **** #define Ifx__imaskldmst(address, value, bitoffset, bits) \
 462:../Libraries/iLLD/TC4xx/Tricore/Cpu/Std/IfxCpu_IntrinsicsGcc.h ****   {long long tmp;\
 463:../Libraries/iLLD/TC4xx/Tricore/Cpu/Std/IfxCpu_IntrinsicsGcc.h ****   __asm__("imask %A0,%1,%2,%3"\
 464:../Libraries/iLLD/TC4xx/Tricore/Cpu/Std/IfxCpu_IntrinsicsGcc.h ****           :"=d"((long long)tmp)\
 465:../Libraries/iLLD/TC4xx/Tricore/Cpu/Std/IfxCpu_IntrinsicsGcc.h ****           :"d"(value),"d"(bitoffset),"i"(bits): "memory");\
 466:../Libraries/iLLD/TC4xx/Tricore/Cpu/Std/IfxCpu_IntrinsicsGcc.h ****   __asm__("ldmst [%0]0,%A1"::"a"(address),"d"(tmp): "memory");}
 467:../Libraries/iLLD/TC4xx/Tricore/Cpu/Std/IfxCpu_IntrinsicsGcc.h **** 
 468:../Libraries/iLLD/TC4xx/Tricore/Cpu/Std/IfxCpu_IntrinsicsGcc.h **** /** Return trg but replace trgbit by srcbit in src.
 469:../Libraries/iLLD/TC4xx/Tricore/Cpu/Std/IfxCpu_IntrinsicsGcc.h ****  */
 470:../Libraries/iLLD/TC4xx/Tricore/Cpu/Std/IfxCpu_IntrinsicsGcc.h **** IFX_INLINE sint32 Ifx__ins(sint32 trg, const sint32 trgbit, sint32 src, const sint32 srcbit)
 471:../Libraries/iLLD/TC4xx/Tricore/Cpu/Std/IfxCpu_IntrinsicsGcc.h **** {
 472:../Libraries/iLLD/TC4xx/Tricore/Cpu/Std/IfxCpu_IntrinsicsGcc.h ****     sint32 res;
 473:../Libraries/iLLD/TC4xx/Tricore/Cpu/Std/IfxCpu_IntrinsicsGcc.h ****     __asm__ volatile ("ins.t %0,%1,%2,%3,%4":"=d"(res):"d"(trg), "i"(trgbit), "d"(src), "i"(srcbit)
 474:../Libraries/iLLD/TC4xx/Tricore/Cpu/Std/IfxCpu_IntrinsicsGcc.h ****     return res;
 475:../Libraries/iLLD/TC4xx/Tricore/Cpu/Std/IfxCpu_IntrinsicsGcc.h **** }
 476:../Libraries/iLLD/TC4xx/Tricore/Cpu/Std/IfxCpu_IntrinsicsGcc.h **** 
 477:../Libraries/iLLD/TC4xx/Tricore/Cpu/Std/IfxCpu_IntrinsicsGcc.h **** /** Extract bit-field (width bits starting at bit 0) from src and insert it in trg at pos.
 478:../Libraries/iLLD/TC4xx/Tricore/Cpu/Std/IfxCpu_IntrinsicsGcc.h ****  */
 479:../Libraries/iLLD/TC4xx/Tricore/Cpu/Std/IfxCpu_IntrinsicsGcc.h **** IFX_INLINE sint32 Ifx__insert(sint32 a, sint32 b, sint32 p, const sint32 w)
 480:../Libraries/iLLD/TC4xx/Tricore/Cpu/Std/IfxCpu_IntrinsicsGcc.h **** {
 481:../Libraries/iLLD/TC4xx/Tricore/Cpu/Std/IfxCpu_IntrinsicsGcc.h ****     sint32 res;
 482:../Libraries/iLLD/TC4xx/Tricore/Cpu/Std/IfxCpu_IntrinsicsGcc.h ****     __asm__ volatile ("mov %%d14,%3  \n\
 483:../Libraries/iLLD/TC4xx/Tricore/Cpu/Std/IfxCpu_IntrinsicsGcc.h ****                      mov %%d15,%4  \n\
 484:../Libraries/iLLD/TC4xx/Tricore/Cpu/Std/IfxCpu_IntrinsicsGcc.h ****                      insert %0,%1,%2,%%e14"
 485:../Libraries/iLLD/TC4xx/Tricore/Cpu/Std/IfxCpu_IntrinsicsGcc.h ****                       :"=d"(res):"d"(a), "d"(b), "d"(p), "d"(w):"d14", "d15");
 486:../Libraries/iLLD/TC4xx/Tricore/Cpu/Std/IfxCpu_IntrinsicsGcc.h ****     return res;
 487:../Libraries/iLLD/TC4xx/Tricore/Cpu/Std/IfxCpu_IntrinsicsGcc.h **** }
 488:../Libraries/iLLD/TC4xx/Tricore/Cpu/Std/IfxCpu_IntrinsicsGcc.h **** 
 489:../Libraries/iLLD/TC4xx/Tricore/Cpu/Std/IfxCpu_IntrinsicsGcc.h **** /** Return trg but replace trgbit by inverse of srcbit in src.
 490:../Libraries/iLLD/TC4xx/Tricore/Cpu/Std/IfxCpu_IntrinsicsGcc.h ****  */
 491:../Libraries/iLLD/TC4xx/Tricore/Cpu/Std/IfxCpu_IntrinsicsGcc.h **** IFX_INLINE sint32 Ifx__insn(sint32 trg, const sint32 trgbit, sint32 src, const sint32 srcbit)
 492:../Libraries/iLLD/TC4xx/Tricore/Cpu/Std/IfxCpu_IntrinsicsGcc.h **** {
 493:../Libraries/iLLD/TC4xx/Tricore/Cpu/Std/IfxCpu_IntrinsicsGcc.h ****     sint32 res;
 494:../Libraries/iLLD/TC4xx/Tricore/Cpu/Std/IfxCpu_IntrinsicsGcc.h ****     __asm__ volatile ("insn.t %0,%1,%2,%3,%4":"=d"(res):"d"(trg), "i"(trgbit), "d"(src), "i"(srcbit
 495:../Libraries/iLLD/TC4xx/Tricore/Cpu/Std/IfxCpu_IntrinsicsGcc.h ****     return res;
 496:../Libraries/iLLD/TC4xx/Tricore/Cpu/Std/IfxCpu_IntrinsicsGcc.h **** }
 497:../Libraries/iLLD/TC4xx/Tricore/Cpu/Std/IfxCpu_IntrinsicsGcc.h **** 
 498:../Libraries/iLLD/TC4xx/Tricore/Cpu/Std/IfxCpu_IntrinsicsGcc.h **** /** Store a single bit.
 499:../Libraries/iLLD/TC4xx/Tricore/Cpu/Std/IfxCpu_IntrinsicsGcc.h ****  */
 500:../Libraries/iLLD/TC4xx/Tricore/Cpu/Std/IfxCpu_IntrinsicsGcc.h **** #define Ifx__putbit(value,address,bitoffset ) Ifx__imaskldmst(address, value, bitoffset,1)
 501:../Libraries/iLLD/TC4xx/Tricore/Cpu/Std/IfxCpu_IntrinsicsGcc.h **** 
 502:../Libraries/iLLD/TC4xx/Tricore/Cpu/Std/IfxCpu_IntrinsicsGcc.h **** /** \} */
 503:../Libraries/iLLD/TC4xx/Tricore/Cpu/Std/IfxCpu_IntrinsicsGcc.h **** 
 504:../Libraries/iLLD/TC4xx/Tricore/Cpu/Std/IfxCpu_IntrinsicsGcc.h **** /** \defgroup IfxLld_Cpu_Intrinsics_Gnucinterrupt_handling Interrupt Handling
 505:../Libraries/iLLD/TC4xx/Tricore/Cpu/Std/IfxCpu_IntrinsicsGcc.h ****  The next table provides an overview of the intrinsic functions to read or set interrupt handling.
 506:../Libraries/iLLD/TC4xx/Tricore/Cpu/Std/IfxCpu_IntrinsicsGcc.h ****  * \ingroup IfxLld_Cpu_Intrinsics_Gnuc
 507:../Libraries/iLLD/TC4xx/Tricore/Cpu/Std/IfxCpu_IntrinsicsGcc.h ****  * \{
 508:../Libraries/iLLD/TC4xx/Tricore/Cpu/Std/IfxCpu_IntrinsicsGcc.h ****  */
 509:../Libraries/iLLD/TC4xx/Tricore/Cpu/Std/IfxCpu_IntrinsicsGcc.h **** 
 510:../Libraries/iLLD/TC4xx/Tricore/Cpu/Std/IfxCpu_IntrinsicsGcc.h **** #if !IFXCPU_INTRINSICSGNUC_USE_MACHINE_INTRINSICS
 511:../Libraries/iLLD/TC4xx/Tricore/Cpu/Std/IfxCpu_IntrinsicsGcc.h **** /** Set CPU priority number [0..255] (or [0..1023] for TriCore 1.6.x) and enable interrupts immedia
 512:../Libraries/iLLD/TC4xx/Tricore/Cpu/Std/IfxCpu_IntrinsicsGcc.h ****  */
 513:../Libraries/iLLD/TC4xx/Tricore/Cpu/Std/IfxCpu_IntrinsicsGcc.h **** #define Ifx__bisr(intlvl) __asm__ volatile ("bisr "#intlvl : : : "memory")
 514:../Libraries/iLLD/TC4xx/Tricore/Cpu/Std/IfxCpu_IntrinsicsGcc.h **** #endif
 515:../Libraries/iLLD/TC4xx/Tricore/Cpu/Std/IfxCpu_IntrinsicsGcc.h **** 
 516:../Libraries/iLLD/TC4xx/Tricore/Cpu/Std/IfxCpu_IntrinsicsGcc.h **** /** Disable interrupts. Only supported for TriCore1
 517:../Libraries/iLLD/TC4xx/Tricore/Cpu/Std/IfxCpu_IntrinsicsGcc.h ****  */
 518:../Libraries/iLLD/TC4xx/Tricore/Cpu/Std/IfxCpu_IntrinsicsGcc.h **** #define Ifx__disable() __asm__ volatile ("disable" : : : "memory")
 519:../Libraries/iLLD/TC4xx/Tricore/Cpu/Std/IfxCpu_IntrinsicsGcc.h **** 
 520:../Libraries/iLLD/TC4xx/Tricore/Cpu/Std/IfxCpu_IntrinsicsGcc.h **** /** Disable interrupts and return previous interrupt state (enabled or disabled). Direct supported 
 521:../Libraries/iLLD/TC4xx/Tricore/Cpu/Std/IfxCpu_IntrinsicsGcc.h ****  */
 522:../Libraries/iLLD/TC4xx/Tricore/Cpu/Std/IfxCpu_IntrinsicsGcc.h **** IFX_INLINE sint32 Ifx__disable_and_save(void)
 523:../Libraries/iLLD/TC4xx/Tricore/Cpu/Std/IfxCpu_IntrinsicsGcc.h **** {
 524:../Libraries/iLLD/TC4xx/Tricore/Cpu/Std/IfxCpu_IntrinsicsGcc.h ****     sint32 res;
 525:../Libraries/iLLD/TC4xx/Tricore/Cpu/Std/IfxCpu_IntrinsicsGcc.h ****     __asm__ volatile("disable %0":"=d"(res));
 526:../Libraries/iLLD/TC4xx/Tricore/Cpu/Std/IfxCpu_IntrinsicsGcc.h ****     return res;
 527:../Libraries/iLLD/TC4xx/Tricore/Cpu/Std/IfxCpu_IntrinsicsGcc.h **** }
 528:../Libraries/iLLD/TC4xx/Tricore/Cpu/Std/IfxCpu_IntrinsicsGcc.h **** 
 529:../Libraries/iLLD/TC4xx/Tricore/Cpu/Std/IfxCpu_IntrinsicsGcc.h **** /** Enable interrupts immediately at function entry
 530:../Libraries/iLLD/TC4xx/Tricore/Cpu/Std/IfxCpu_IntrinsicsGcc.h ****  */
 531:../Libraries/iLLD/TC4xx/Tricore/Cpu/Std/IfxCpu_IntrinsicsGcc.h **** #define Ifx__enable() __asm__ volatile ("enable" : : : "memory")
 532:../Libraries/iLLD/TC4xx/Tricore/Cpu/Std/IfxCpu_IntrinsicsGcc.h **** 
 533:../Libraries/iLLD/TC4xx/Tricore/Cpu/Std/IfxCpu_IntrinsicsGcc.h **** /** Restore interrupt state. Direct supported for TriCore1.6. Emulated on TC1.3.1
 534:../Libraries/iLLD/TC4xx/Tricore/Cpu/Std/IfxCpu_IntrinsicsGcc.h ****  */
 535:../Libraries/iLLD/TC4xx/Tricore/Cpu/Std/IfxCpu_IntrinsicsGcc.h **** IFX_INLINE void Ifx__restore(sint32 ie)
 536:../Libraries/iLLD/TC4xx/Tricore/Cpu/Std/IfxCpu_IntrinsicsGcc.h **** {
 537:../Libraries/iLLD/TC4xx/Tricore/Cpu/Std/IfxCpu_IntrinsicsGcc.h ****     __asm__ volatile ("restore %0"::"d"(ie));
 538:../Libraries/iLLD/TC4xx/Tricore/Cpu/Std/IfxCpu_IntrinsicsGcc.h **** }
 539:../Libraries/iLLD/TC4xx/Tricore/Cpu/Std/IfxCpu_IntrinsicsGcc.h **** 
 540:../Libraries/iLLD/TC4xx/Tricore/Cpu/Std/IfxCpu_IntrinsicsGcc.h **** #if !IFXCPU_INTRINSICSGNUC_USE_MACHINE_INTRINSICS
 541:../Libraries/iLLD/TC4xx/Tricore/Cpu/Std/IfxCpu_IntrinsicsGcc.h **** /** Call a system call function number
 542:../Libraries/iLLD/TC4xx/Tricore/Cpu/Std/IfxCpu_IntrinsicsGcc.h ****  */
 543:../Libraries/iLLD/TC4xx/Tricore/Cpu/Std/IfxCpu_IntrinsicsGcc.h **** #define Ifx__syscall(svcno) __tric_syscall(svcno)
 544:../Libraries/iLLD/TC4xx/Tricore/Cpu/Std/IfxCpu_IntrinsicsGcc.h **** #define Ifx__tric_syscall(svcno) __asm__ volatile ("syscall "STRINGIFY(svcno) : : : "memory")
 545:../Libraries/iLLD/TC4xx/Tricore/Cpu/Std/IfxCpu_IntrinsicsGcc.h **** #endif
 546:../Libraries/iLLD/TC4xx/Tricore/Cpu/Std/IfxCpu_IntrinsicsGcc.h **** 
 547:../Libraries/iLLD/TC4xx/Tricore/Cpu/Std/IfxCpu_IntrinsicsGcc.h **** #if (__TRICORE_CORE__ == 0x162)
 548:../Libraries/iLLD/TC4xx/Tricore/Cpu/Std/IfxCpu_IntrinsicsGcc.h **** #define Ifx__hvcall(hvcno) \
 549:../Libraries/iLLD/TC4xx/Tricore/Cpu/Std/IfxCpu_IntrinsicsGcc.h **** switch (hvcno) \
 550:../Libraries/iLLD/TC4xx/Tricore/Cpu/Std/IfxCpu_IntrinsicsGcc.h **** { \
 551:../Libraries/iLLD/TC4xx/Tricore/Cpu/Std/IfxCpu_IntrinsicsGcc.h **** case 1: \
 552:../Libraries/iLLD/TC4xx/Tricore/Cpu/Std/IfxCpu_IntrinsicsGcc.h **** {__asm volatile (".word 0x004010AD");}\
 553:../Libraries/iLLD/TC4xx/Tricore/Cpu/Std/IfxCpu_IntrinsicsGcc.h **** break; \
 554:../Libraries/iLLD/TC4xx/Tricore/Cpu/Std/IfxCpu_IntrinsicsGcc.h **** case 2: \
 555:../Libraries/iLLD/TC4xx/Tricore/Cpu/Std/IfxCpu_IntrinsicsGcc.h **** {__asm volatile (".word 0x004020AD");}\
 556:../Libraries/iLLD/TC4xx/Tricore/Cpu/Std/IfxCpu_IntrinsicsGcc.h **** break; \
 557:../Libraries/iLLD/TC4xx/Tricore/Cpu/Std/IfxCpu_IntrinsicsGcc.h **** case 3: \
 558:../Libraries/iLLD/TC4xx/Tricore/Cpu/Std/IfxCpu_IntrinsicsGcc.h **** {__asm volatile (".word 0x004030AD");}\
 559:../Libraries/iLLD/TC4xx/Tricore/Cpu/Std/IfxCpu_IntrinsicsGcc.h **** break; \
 560:../Libraries/iLLD/TC4xx/Tricore/Cpu/Std/IfxCpu_IntrinsicsGcc.h **** case 4: \
 561:../Libraries/iLLD/TC4xx/Tricore/Cpu/Std/IfxCpu_IntrinsicsGcc.h **** {__asm volatile (".word 0x004040AD");}\
 562:../Libraries/iLLD/TC4xx/Tricore/Cpu/Std/IfxCpu_IntrinsicsGcc.h **** break; \
 563:../Libraries/iLLD/TC4xx/Tricore/Cpu/Std/IfxCpu_IntrinsicsGcc.h **** case 5: \
 564:../Libraries/iLLD/TC4xx/Tricore/Cpu/Std/IfxCpu_IntrinsicsGcc.h **** {__asm volatile (".word 0x004050AD");}\
 565:../Libraries/iLLD/TC4xx/Tricore/Cpu/Std/IfxCpu_IntrinsicsGcc.h **** break; \
 566:../Libraries/iLLD/TC4xx/Tricore/Cpu/Std/IfxCpu_IntrinsicsGcc.h **** case 6: \
 567:../Libraries/iLLD/TC4xx/Tricore/Cpu/Std/IfxCpu_IntrinsicsGcc.h **** {__asm volatile (".word 0x004060AD");}\
 568:../Libraries/iLLD/TC4xx/Tricore/Cpu/Std/IfxCpu_IntrinsicsGcc.h **** break; \
 569:../Libraries/iLLD/TC4xx/Tricore/Cpu/Std/IfxCpu_IntrinsicsGcc.h **** case 7: \
 570:../Libraries/iLLD/TC4xx/Tricore/Cpu/Std/IfxCpu_IntrinsicsGcc.h **** {__asm volatile (".word 0x004070AD");}\
 571:../Libraries/iLLD/TC4xx/Tricore/Cpu/Std/IfxCpu_IntrinsicsGcc.h **** break; \
 572:../Libraries/iLLD/TC4xx/Tricore/Cpu/Std/IfxCpu_IntrinsicsGcc.h **** }
 573:../Libraries/iLLD/TC4xx/Tricore/Cpu/Std/IfxCpu_IntrinsicsGcc.h **** #define Ifx__rfh() \
 574:../Libraries/iLLD/TC4xx/Tricore/Cpu/Std/IfxCpu_IntrinsicsGcc.h **** __asm volatile (".word 0x05C0000D");
 575:../Libraries/iLLD/TC4xx/Tricore/Cpu/Std/IfxCpu_IntrinsicsGcc.h **** #else
 576:../Libraries/iLLD/TC4xx/Tricore/Cpu/Std/IfxCpu_IntrinsicsGcc.h **** #define Ifx__hvcall(hvcno) __asm__ volatile ("hvcall " STRINGIFY(hvcno) : : : "memory")
 577:../Libraries/iLLD/TC4xx/Tricore/Cpu/Std/IfxCpu_IntrinsicsGcc.h **** #define Ifx__rfh() __asm__ volatile ("rfh " STRINGIFY() : : : "memory")
 578:../Libraries/iLLD/TC4xx/Tricore/Cpu/Std/IfxCpu_IntrinsicsGcc.h **** #endif
 579:../Libraries/iLLD/TC4xx/Tricore/Cpu/Std/IfxCpu_IntrinsicsGcc.h **** /** \} */
 580:../Libraries/iLLD/TC4xx/Tricore/Cpu/Std/IfxCpu_IntrinsicsGcc.h **** 
 581:../Libraries/iLLD/TC4xx/Tricore/Cpu/Std/IfxCpu_IntrinsicsGcc.h **** /** \defgroup IfxLld_Cpu_Intrinsics_Gnucmiscellaneous Miscellaneous Intrinsic Functions
 582:../Libraries/iLLD/TC4xx/Tricore/Cpu/Std/IfxCpu_IntrinsicsGcc.h ****  * \ingroup IfxLld_Cpu_Intrinsics_Gnuc
 583:../Libraries/iLLD/TC4xx/Tricore/Cpu/Std/IfxCpu_IntrinsicsGcc.h ****  * \{
 584:../Libraries/iLLD/TC4xx/Tricore/Cpu/Std/IfxCpu_IntrinsicsGcc.h ****  */
 585:../Libraries/iLLD/TC4xx/Tricore/Cpu/Std/IfxCpu_IntrinsicsGcc.h **** 
 586:../Libraries/iLLD/TC4xx/Tricore/Cpu/Std/IfxCpu_IntrinsicsGcc.h **** /**  Write back and invalidate cache address "p". Generates CACHEA.WI [Ab].
 587:../Libraries/iLLD/TC4xx/Tricore/Cpu/Std/IfxCpu_IntrinsicsGcc.h ****  */
 588:../Libraries/iLLD/TC4xx/Tricore/Cpu/Std/IfxCpu_IntrinsicsGcc.h **** IFX_INLINE void Ifx__cacheawi(uint8* p)
 589:../Libraries/iLLD/TC4xx/Tricore/Cpu/Std/IfxCpu_IntrinsicsGcc.h **** {
 590:../Libraries/iLLD/TC4xx/Tricore/Cpu/Std/IfxCpu_IntrinsicsGcc.h ****     __asm__ volatile("cachea.wi [%0]0"::"a"(p));
 591:../Libraries/iLLD/TC4xx/Tricore/Cpu/Std/IfxCpu_IntrinsicsGcc.h **** }
 592:../Libraries/iLLD/TC4xx/Tricore/Cpu/Std/IfxCpu_IntrinsicsGcc.h **** /**  Write back and invalidate cache index "p". Generates CACHEI.WI [Ab].
 593:../Libraries/iLLD/TC4xx/Tricore/Cpu/Std/IfxCpu_IntrinsicsGcc.h ****  */
 594:../Libraries/iLLD/TC4xx/Tricore/Cpu/Std/IfxCpu_IntrinsicsGcc.h **** IFX_INLINE void Ifx__cacheiwi(uint8* p)
 595:../Libraries/iLLD/TC4xx/Tricore/Cpu/Std/IfxCpu_IntrinsicsGcc.h **** {
 596:../Libraries/iLLD/TC4xx/Tricore/Cpu/Std/IfxCpu_IntrinsicsGcc.h ****     __asm__ volatile("cachei.wi [%0]0"::"a"(p));
 597:../Libraries/iLLD/TC4xx/Tricore/Cpu/Std/IfxCpu_IntrinsicsGcc.h **** }
 598:../Libraries/iLLD/TC4xx/Tricore/Cpu/Std/IfxCpu_IntrinsicsGcc.h **** 
 599:../Libraries/iLLD/TC4xx/Tricore/Cpu/Std/IfxCpu_IntrinsicsGcc.h **** /**  Write back and invalidate cache address \"p\" and return post incremented
 600:../Libraries/iLLD/TC4xx/Tricore/Cpu/Std/IfxCpu_IntrinsicsGcc.h ****  * value of \"p\". Generates CACHEA.WI [Ab+].
 601:../Libraries/iLLD/TC4xx/Tricore/Cpu/Std/IfxCpu_IntrinsicsGcc.h ****  */
 602:../Libraries/iLLD/TC4xx/Tricore/Cpu/Std/IfxCpu_IntrinsicsGcc.h **** IFX_INLINE uint8* Ifx__cacheawi_bo_post_inc(uint8* p)
 603:../Libraries/iLLD/TC4xx/Tricore/Cpu/Std/IfxCpu_IntrinsicsGcc.h **** {
 604:../Libraries/iLLD/TC4xx/Tricore/Cpu/Std/IfxCpu_IntrinsicsGcc.h ****     __asm__ volatile("cachea.wi  [%0+]0"::"a"(p));
 605:../Libraries/iLLD/TC4xx/Tricore/Cpu/Std/IfxCpu_IntrinsicsGcc.h ****     return p;
 606:../Libraries/iLLD/TC4xx/Tricore/Cpu/Std/IfxCpu_IntrinsicsGcc.h **** }
 607:../Libraries/iLLD/TC4xx/Tricore/Cpu/Std/IfxCpu_IntrinsicsGcc.h **** 
 608:../Libraries/iLLD/TC4xx/Tricore/Cpu/Std/IfxCpu_IntrinsicsGcc.h **** /** Multiply two 32-bit numbers to an intermediate 64-bit result, and scale
 609:../Libraries/iLLD/TC4xx/Tricore/Cpu/Std/IfxCpu_IntrinsicsGcc.h ****  * back the result to 32 bits. To scale back the result, 32 bits are extracted
 610:../Libraries/iLLD/TC4xx/Tricore/Cpu/Std/IfxCpu_IntrinsicsGcc.h ****  * from the intermediate 64-bit result: bit 63-offset to bit 31-offset.
 611:../Libraries/iLLD/TC4xx/Tricore/Cpu/Std/IfxCpu_IntrinsicsGcc.h ****  */
 612:../Libraries/iLLD/TC4xx/Tricore/Cpu/Std/IfxCpu_IntrinsicsGcc.h **** IFX_INLINE sint32 Ifx__mulsc(sint32 a, sint32 b, sint32 offset)
 613:../Libraries/iLLD/TC4xx/Tricore/Cpu/Std/IfxCpu_IntrinsicsGcc.h **** {
 614:../Libraries/iLLD/TC4xx/Tricore/Cpu/Std/IfxCpu_IntrinsicsGcc.h ****     sint32 res;
 615:../Libraries/iLLD/TC4xx/Tricore/Cpu/Std/IfxCpu_IntrinsicsGcc.h ****     __asm__ volatile("mul  %%e12,%1,%2      \n\
 616:../Libraries/iLLD/TC4xx/Tricore/Cpu/Std/IfxCpu_IntrinsicsGcc.h ****                     dextr  %0,%%d13,%%d12,%3"
 617:../Libraries/iLLD/TC4xx/Tricore/Cpu/Std/IfxCpu_IntrinsicsGcc.h ****                      :"=d"(res):"d"(a), "d"(b), "d"(offset):"d12", "d13");
 618:../Libraries/iLLD/TC4xx/Tricore/Cpu/Std/IfxCpu_IntrinsicsGcc.h ****     return res;
 619:../Libraries/iLLD/TC4xx/Tricore/Cpu/Std/IfxCpu_IntrinsicsGcc.h **** }
 620:../Libraries/iLLD/TC4xx/Tricore/Cpu/Std/IfxCpu_IntrinsicsGcc.h **** 
 621:../Libraries/iLLD/TC4xx/Tricore/Cpu/Std/IfxCpu_IntrinsicsGcc.h **** /**  Rotate operand left count times. The bits that are shifted out are inserted at the right side 
 622:../Libraries/iLLD/TC4xx/Tricore/Cpu/Std/IfxCpu_IntrinsicsGcc.h ****  */
 623:../Libraries/iLLD/TC4xx/Tricore/Cpu/Std/IfxCpu_IntrinsicsGcc.h **** IFX_INLINE uint32 Ifx__rol(uint32 operand, uint32 count)
 624:../Libraries/iLLD/TC4xx/Tricore/Cpu/Std/IfxCpu_IntrinsicsGcc.h **** {
 625:../Libraries/iLLD/TC4xx/Tricore/Cpu/Std/IfxCpu_IntrinsicsGcc.h ****     uint32 res;
 626:../Libraries/iLLD/TC4xx/Tricore/Cpu/Std/IfxCpu_IntrinsicsGcc.h ****     __asm__ volatile("dextr  %0,%1,%1,%2":"=d"(res):"d"(operand), "d"(count):"memory");
 627:../Libraries/iLLD/TC4xx/Tricore/Cpu/Std/IfxCpu_IntrinsicsGcc.h ****     return res;
 628:../Libraries/iLLD/TC4xx/Tricore/Cpu/Std/IfxCpu_IntrinsicsGcc.h **** }
 629:../Libraries/iLLD/TC4xx/Tricore/Cpu/Std/IfxCpu_IntrinsicsGcc.h **** 
 630:../Libraries/iLLD/TC4xx/Tricore/Cpu/Std/IfxCpu_IntrinsicsGcc.h **** /**  Rotate operand right count times. The bits that are shifted out are inserted at the left side 
 631:../Libraries/iLLD/TC4xx/Tricore/Cpu/Std/IfxCpu_IntrinsicsGcc.h ****  */
 632:../Libraries/iLLD/TC4xx/Tricore/Cpu/Std/IfxCpu_IntrinsicsGcc.h **** IFX_INLINE uint32 Ifx__ror(uint32 operand, uint32 count)
 633:../Libraries/iLLD/TC4xx/Tricore/Cpu/Std/IfxCpu_IntrinsicsGcc.h **** {
 634:../Libraries/iLLD/TC4xx/Tricore/Cpu/Std/IfxCpu_IntrinsicsGcc.h ****     uint32 res;
 635:../Libraries/iLLD/TC4xx/Tricore/Cpu/Std/IfxCpu_IntrinsicsGcc.h ****     __asm__ volatile("rsub %2,%2,0 \n\
 636:../Libraries/iLLD/TC4xx/Tricore/Cpu/Std/IfxCpu_IntrinsicsGcc.h ****                     dextr  %0,%1,%1,%2"
 637:../Libraries/iLLD/TC4xx/Tricore/Cpu/Std/IfxCpu_IntrinsicsGcc.h ****                      :"=d"(res):"d"(operand), "d"(count):"memory");
 638:../Libraries/iLLD/TC4xx/Tricore/Cpu/Std/IfxCpu_IntrinsicsGcc.h ****     return res;
 639:../Libraries/iLLD/TC4xx/Tricore/Cpu/Std/IfxCpu_IntrinsicsGcc.h **** }
 640:../Libraries/iLLD/TC4xx/Tricore/Cpu/Std/IfxCpu_IntrinsicsGcc.h **** /** \} */
 641:../Libraries/iLLD/TC4xx/Tricore/Cpu/Std/IfxCpu_IntrinsicsGcc.h **** 
 642:../Libraries/iLLD/TC4xx/Tricore/Cpu/Std/IfxCpu_IntrinsicsGcc.h **** /** \defgroup IfxLld_Cpu_Intrinsics_Gnucpacked Packed Data Type Support
 643:../Libraries/iLLD/TC4xx/Tricore/Cpu/Std/IfxCpu_IntrinsicsGcc.h ****  The next table provides an overview of the intrinsic functions for initialization of packed data t
 644:../Libraries/iLLD/TC4xx/Tricore/Cpu/Std/IfxCpu_IntrinsicsGcc.h ****  * \ingroup IfxLld_Cpu_Intrinsics_Gnuc
 645:../Libraries/iLLD/TC4xx/Tricore/Cpu/Std/IfxCpu_IntrinsicsGcc.h ****  * \{
 646:../Libraries/iLLD/TC4xx/Tricore/Cpu/Std/IfxCpu_IntrinsicsGcc.h ****  */
 647:../Libraries/iLLD/TC4xx/Tricore/Cpu/Std/IfxCpu_IntrinsicsGcc.h **** 
 648:../Libraries/iLLD/TC4xx/Tricore/Cpu/Std/IfxCpu_IntrinsicsGcc.h **** /**  Absolute value of __packb
 649:../Libraries/iLLD/TC4xx/Tricore/Cpu/Std/IfxCpu_IntrinsicsGcc.h ****  */
 650:../Libraries/iLLD/TC4xx/Tricore/Cpu/Std/IfxCpu_IntrinsicsGcc.h **** IFX_INLINE __packb Ifx__absb(__packb a)
 651:../Libraries/iLLD/TC4xx/Tricore/Cpu/Std/IfxCpu_IntrinsicsGcc.h **** {
 652:../Libraries/iLLD/TC4xx/Tricore/Cpu/Std/IfxCpu_IntrinsicsGcc.h ****     __packb res;
 653:../Libraries/iLLD/TC4xx/Tricore/Cpu/Std/IfxCpu_IntrinsicsGcc.h ****     __asm__ volatile ("abs.b %0,%1"
 654:../Libraries/iLLD/TC4xx/Tricore/Cpu/Std/IfxCpu_IntrinsicsGcc.h ****                       :"=d"(res):"d"(a):"memory");
 655:../Libraries/iLLD/TC4xx/Tricore/Cpu/Std/IfxCpu_IntrinsicsGcc.h ****     return res;
 656:../Libraries/iLLD/TC4xx/Tricore/Cpu/Std/IfxCpu_IntrinsicsGcc.h **** }
 657:../Libraries/iLLD/TC4xx/Tricore/Cpu/Std/IfxCpu_IntrinsicsGcc.h **** 
 658:../Libraries/iLLD/TC4xx/Tricore/Cpu/Std/IfxCpu_IntrinsicsGcc.h **** /**  Absolute value of __packhw
 659:../Libraries/iLLD/TC4xx/Tricore/Cpu/Std/IfxCpu_IntrinsicsGcc.h ****  */
 660:../Libraries/iLLD/TC4xx/Tricore/Cpu/Std/IfxCpu_IntrinsicsGcc.h **** IFX_INLINE __packhw Ifx__absh(__packhw a)
 661:../Libraries/iLLD/TC4xx/Tricore/Cpu/Std/IfxCpu_IntrinsicsGcc.h **** {
 662:../Libraries/iLLD/TC4xx/Tricore/Cpu/Std/IfxCpu_IntrinsicsGcc.h ****     __packhw res;
 663:../Libraries/iLLD/TC4xx/Tricore/Cpu/Std/IfxCpu_IntrinsicsGcc.h ****     __asm__ volatile ("abs.h %0,%1"
 664:../Libraries/iLLD/TC4xx/Tricore/Cpu/Std/IfxCpu_IntrinsicsGcc.h ****                       :"=d"(res):"d"(a):"memory");
 665:../Libraries/iLLD/TC4xx/Tricore/Cpu/Std/IfxCpu_IntrinsicsGcc.h ****     return res;
 666:../Libraries/iLLD/TC4xx/Tricore/Cpu/Std/IfxCpu_IntrinsicsGcc.h **** }
 667:../Libraries/iLLD/TC4xx/Tricore/Cpu/Std/IfxCpu_IntrinsicsGcc.h **** 
 668:../Libraries/iLLD/TC4xx/Tricore/Cpu/Std/IfxCpu_IntrinsicsGcc.h **** /**  Absolute value of __packhw using saturation
 669:../Libraries/iLLD/TC4xx/Tricore/Cpu/Std/IfxCpu_IntrinsicsGcc.h ****  */
 670:../Libraries/iLLD/TC4xx/Tricore/Cpu/Std/IfxCpu_IntrinsicsGcc.h **** IFX_INLINE __packhw Ifx__abssh(__packhw a)
 671:../Libraries/iLLD/TC4xx/Tricore/Cpu/Std/IfxCpu_IntrinsicsGcc.h **** {
 672:../Libraries/iLLD/TC4xx/Tricore/Cpu/Std/IfxCpu_IntrinsicsGcc.h ****     __packb res;
 673:../Libraries/iLLD/TC4xx/Tricore/Cpu/Std/IfxCpu_IntrinsicsGcc.h ****     __asm__ volatile ("abss.h %0,%1"
 674:../Libraries/iLLD/TC4xx/Tricore/Cpu/Std/IfxCpu_IntrinsicsGcc.h ****                       :"=d"(res):"d"(a):"memory");
 675:../Libraries/iLLD/TC4xx/Tricore/Cpu/Std/IfxCpu_IntrinsicsGcc.h ****     return res;
 676:../Libraries/iLLD/TC4xx/Tricore/Cpu/Std/IfxCpu_IntrinsicsGcc.h **** }
 677:../Libraries/iLLD/TC4xx/Tricore/Cpu/Std/IfxCpu_IntrinsicsGcc.h **** 
 678:../Libraries/iLLD/TC4xx/Tricore/Cpu/Std/IfxCpu_IntrinsicsGcc.h **** /** Extract first byte from a __packb
 679:../Libraries/iLLD/TC4xx/Tricore/Cpu/Std/IfxCpu_IntrinsicsGcc.h ****  */
 680:../Libraries/iLLD/TC4xx/Tricore/Cpu/Std/IfxCpu_IntrinsicsGcc.h **** IFX_INLINE sint8 Ifx__extractbyte1(__packb a)
 681:../Libraries/iLLD/TC4xx/Tricore/Cpu/Std/IfxCpu_IntrinsicsGcc.h **** {
 682:../Libraries/iLLD/TC4xx/Tricore/Cpu/Std/IfxCpu_IntrinsicsGcc.h ****     sint8 res;
 683:../Libraries/iLLD/TC4xx/Tricore/Cpu/Std/IfxCpu_IntrinsicsGcc.h ****     __asm__ volatile ("extr  %0,%1,0,8"
 684:../Libraries/iLLD/TC4xx/Tricore/Cpu/Std/IfxCpu_IntrinsicsGcc.h ****                       :"=d"(res):"d"(a):"memory");
 685:../Libraries/iLLD/TC4xx/Tricore/Cpu/Std/IfxCpu_IntrinsicsGcc.h ****     return res;
 686:../Libraries/iLLD/TC4xx/Tricore/Cpu/Std/IfxCpu_IntrinsicsGcc.h **** }
 687:../Libraries/iLLD/TC4xx/Tricore/Cpu/Std/IfxCpu_IntrinsicsGcc.h **** 
 688:../Libraries/iLLD/TC4xx/Tricore/Cpu/Std/IfxCpu_IntrinsicsGcc.h **** /** Extract second byte from a __packb
 689:../Libraries/iLLD/TC4xx/Tricore/Cpu/Std/IfxCpu_IntrinsicsGcc.h ****  */
 690:../Libraries/iLLD/TC4xx/Tricore/Cpu/Std/IfxCpu_IntrinsicsGcc.h **** IFX_INLINE sint8 Ifx__extractbyte2(__packb a)
 691:../Libraries/iLLD/TC4xx/Tricore/Cpu/Std/IfxCpu_IntrinsicsGcc.h **** {
 692:../Libraries/iLLD/TC4xx/Tricore/Cpu/Std/IfxCpu_IntrinsicsGcc.h ****     sint8 res;
 693:../Libraries/iLLD/TC4xx/Tricore/Cpu/Std/IfxCpu_IntrinsicsGcc.h ****     __asm__ volatile ("extr  %0,%1,8,8"
 694:../Libraries/iLLD/TC4xx/Tricore/Cpu/Std/IfxCpu_IntrinsicsGcc.h ****                       :"=d"(res):"d"(a):"memory");
 695:../Libraries/iLLD/TC4xx/Tricore/Cpu/Std/IfxCpu_IntrinsicsGcc.h ****     return res;
 696:../Libraries/iLLD/TC4xx/Tricore/Cpu/Std/IfxCpu_IntrinsicsGcc.h **** }
 697:../Libraries/iLLD/TC4xx/Tricore/Cpu/Std/IfxCpu_IntrinsicsGcc.h **** 
 698:../Libraries/iLLD/TC4xx/Tricore/Cpu/Std/IfxCpu_IntrinsicsGcc.h **** /** Extract third byte from a __packb
 699:../Libraries/iLLD/TC4xx/Tricore/Cpu/Std/IfxCpu_IntrinsicsGcc.h ****  */
 700:../Libraries/iLLD/TC4xx/Tricore/Cpu/Std/IfxCpu_IntrinsicsGcc.h **** IFX_INLINE sint8 Ifx__extractbyte3(__packb a)
 701:../Libraries/iLLD/TC4xx/Tricore/Cpu/Std/IfxCpu_IntrinsicsGcc.h **** {
 702:../Libraries/iLLD/TC4xx/Tricore/Cpu/Std/IfxCpu_IntrinsicsGcc.h ****     sint8 res;
 703:../Libraries/iLLD/TC4xx/Tricore/Cpu/Std/IfxCpu_IntrinsicsGcc.h ****     __asm__ volatile ("extr  %0,%1,16,8"
 704:../Libraries/iLLD/TC4xx/Tricore/Cpu/Std/IfxCpu_IntrinsicsGcc.h ****                       :"=d"(res):"d"(a):"memory");
 705:../Libraries/iLLD/TC4xx/Tricore/Cpu/Std/IfxCpu_IntrinsicsGcc.h ****     return res;
 706:../Libraries/iLLD/TC4xx/Tricore/Cpu/Std/IfxCpu_IntrinsicsGcc.h **** }
 707:../Libraries/iLLD/TC4xx/Tricore/Cpu/Std/IfxCpu_IntrinsicsGcc.h **** 
 708:../Libraries/iLLD/TC4xx/Tricore/Cpu/Std/IfxCpu_IntrinsicsGcc.h **** /**  Extract fourth byte from a __packb
 709:../Libraries/iLLD/TC4xx/Tricore/Cpu/Std/IfxCpu_IntrinsicsGcc.h ****  */
 710:../Libraries/iLLD/TC4xx/Tricore/Cpu/Std/IfxCpu_IntrinsicsGcc.h **** IFX_INLINE sint8 Ifx__extractbyte4(__packb a)
 711:../Libraries/iLLD/TC4xx/Tricore/Cpu/Std/IfxCpu_IntrinsicsGcc.h **** {
 712:../Libraries/iLLD/TC4xx/Tricore/Cpu/Std/IfxCpu_IntrinsicsGcc.h ****     sint8 res;
 713:../Libraries/iLLD/TC4xx/Tricore/Cpu/Std/IfxCpu_IntrinsicsGcc.h ****     __asm__ volatile ("extr  %0,%1,24,8"
 714:../Libraries/iLLD/TC4xx/Tricore/Cpu/Std/IfxCpu_IntrinsicsGcc.h ****                       :"=d"(res):"d"(a):"memory");
 715:../Libraries/iLLD/TC4xx/Tricore/Cpu/Std/IfxCpu_IntrinsicsGcc.h ****     return res;
 716:../Libraries/iLLD/TC4xx/Tricore/Cpu/Std/IfxCpu_IntrinsicsGcc.h **** }
 717:../Libraries/iLLD/TC4xx/Tricore/Cpu/Std/IfxCpu_IntrinsicsGcc.h **** 
 718:../Libraries/iLLD/TC4xx/Tricore/Cpu/Std/IfxCpu_IntrinsicsGcc.h **** /** Extract first sint16 from a __packhw
 719:../Libraries/iLLD/TC4xx/Tricore/Cpu/Std/IfxCpu_IntrinsicsGcc.h ****  */
 720:../Libraries/iLLD/TC4xx/Tricore/Cpu/Std/IfxCpu_IntrinsicsGcc.h **** IFX_INLINE sint16 Ifx__extracthw1(__packhw a)
 721:../Libraries/iLLD/TC4xx/Tricore/Cpu/Std/IfxCpu_IntrinsicsGcc.h **** {
 722:../Libraries/iLLD/TC4xx/Tricore/Cpu/Std/IfxCpu_IntrinsicsGcc.h ****     sint16 res;
 723:../Libraries/iLLD/TC4xx/Tricore/Cpu/Std/IfxCpu_IntrinsicsGcc.h ****     __asm__ volatile ("extr  %0,%1,0,16"
 724:../Libraries/iLLD/TC4xx/Tricore/Cpu/Std/IfxCpu_IntrinsicsGcc.h ****                       :"=d"(res):"d"(a):"memory");
 725:../Libraries/iLLD/TC4xx/Tricore/Cpu/Std/IfxCpu_IntrinsicsGcc.h ****     return res;
 726:../Libraries/iLLD/TC4xx/Tricore/Cpu/Std/IfxCpu_IntrinsicsGcc.h **** }
 727:../Libraries/iLLD/TC4xx/Tricore/Cpu/Std/IfxCpu_IntrinsicsGcc.h **** 
 728:../Libraries/iLLD/TC4xx/Tricore/Cpu/Std/IfxCpu_IntrinsicsGcc.h **** /** Extract second sint16 from a __packhw
 729:../Libraries/iLLD/TC4xx/Tricore/Cpu/Std/IfxCpu_IntrinsicsGcc.h ****  */
 730:../Libraries/iLLD/TC4xx/Tricore/Cpu/Std/IfxCpu_IntrinsicsGcc.h **** IFX_INLINE sint16 Ifx__extracthw2(__packhw a)
 731:../Libraries/iLLD/TC4xx/Tricore/Cpu/Std/IfxCpu_IntrinsicsGcc.h **** {
 732:../Libraries/iLLD/TC4xx/Tricore/Cpu/Std/IfxCpu_IntrinsicsGcc.h ****     sint16 res;
 733:../Libraries/iLLD/TC4xx/Tricore/Cpu/Std/IfxCpu_IntrinsicsGcc.h ****     __asm__ volatile ("extr  %0,%1,16,16"
 734:../Libraries/iLLD/TC4xx/Tricore/Cpu/Std/IfxCpu_IntrinsicsGcc.h ****                       :"=d"(res):"d"(a):"memory");
 735:../Libraries/iLLD/TC4xx/Tricore/Cpu/Std/IfxCpu_IntrinsicsGcc.h ****     return res;
 736:../Libraries/iLLD/TC4xx/Tricore/Cpu/Std/IfxCpu_IntrinsicsGcc.h **** }
 737:../Libraries/iLLD/TC4xx/Tricore/Cpu/Std/IfxCpu_IntrinsicsGcc.h **** 
 738:../Libraries/iLLD/TC4xx/Tricore/Cpu/Std/IfxCpu_IntrinsicsGcc.h **** /** Extract first uint8 from a __packb
 739:../Libraries/iLLD/TC4xx/Tricore/Cpu/Std/IfxCpu_IntrinsicsGcc.h ****  */
 740:../Libraries/iLLD/TC4xx/Tricore/Cpu/Std/IfxCpu_IntrinsicsGcc.h **** IFX_INLINE uint8 Ifx__extractubyte1(__upackb a)
 741:../Libraries/iLLD/TC4xx/Tricore/Cpu/Std/IfxCpu_IntrinsicsGcc.h **** {
 742:../Libraries/iLLD/TC4xx/Tricore/Cpu/Std/IfxCpu_IntrinsicsGcc.h ****     uint8 res;
 743:../Libraries/iLLD/TC4xx/Tricore/Cpu/Std/IfxCpu_IntrinsicsGcc.h ****     __asm__ volatile ("extr  %0,%1,0,8"
 744:../Libraries/iLLD/TC4xx/Tricore/Cpu/Std/IfxCpu_IntrinsicsGcc.h ****                       :"=d"(res):"d"(a):"memory");
 745:../Libraries/iLLD/TC4xx/Tricore/Cpu/Std/IfxCpu_IntrinsicsGcc.h ****     return res;
 746:../Libraries/iLLD/TC4xx/Tricore/Cpu/Std/IfxCpu_IntrinsicsGcc.h **** }
 747:../Libraries/iLLD/TC4xx/Tricore/Cpu/Std/IfxCpu_IntrinsicsGcc.h **** 
 748:../Libraries/iLLD/TC4xx/Tricore/Cpu/Std/IfxCpu_IntrinsicsGcc.h **** /** Extract second uint8 from a __packb
 749:../Libraries/iLLD/TC4xx/Tricore/Cpu/Std/IfxCpu_IntrinsicsGcc.h ****  */
 750:../Libraries/iLLD/TC4xx/Tricore/Cpu/Std/IfxCpu_IntrinsicsGcc.h **** IFX_INLINE uint8 Ifx__extractubyte2(__upackb a)
 751:../Libraries/iLLD/TC4xx/Tricore/Cpu/Std/IfxCpu_IntrinsicsGcc.h **** {
 752:../Libraries/iLLD/TC4xx/Tricore/Cpu/Std/IfxCpu_IntrinsicsGcc.h ****     uint8 res;
 753:../Libraries/iLLD/TC4xx/Tricore/Cpu/Std/IfxCpu_IntrinsicsGcc.h ****     __asm__ volatile ("extr  %0,%1,8,8"
 754:../Libraries/iLLD/TC4xx/Tricore/Cpu/Std/IfxCpu_IntrinsicsGcc.h ****                       :"=d"(res):"d"(a):"memory");
 755:../Libraries/iLLD/TC4xx/Tricore/Cpu/Std/IfxCpu_IntrinsicsGcc.h ****     return res;
 756:../Libraries/iLLD/TC4xx/Tricore/Cpu/Std/IfxCpu_IntrinsicsGcc.h **** }
 757:../Libraries/iLLD/TC4xx/Tricore/Cpu/Std/IfxCpu_IntrinsicsGcc.h **** 
 758:../Libraries/iLLD/TC4xx/Tricore/Cpu/Std/IfxCpu_IntrinsicsGcc.h **** /** Extract third uint8 from a __packb
 759:../Libraries/iLLD/TC4xx/Tricore/Cpu/Std/IfxCpu_IntrinsicsGcc.h ****  */
 760:../Libraries/iLLD/TC4xx/Tricore/Cpu/Std/IfxCpu_IntrinsicsGcc.h **** IFX_INLINE uint8 Ifx__extractubyte3(__upackb a)
 761:../Libraries/iLLD/TC4xx/Tricore/Cpu/Std/IfxCpu_IntrinsicsGcc.h **** {
 762:../Libraries/iLLD/TC4xx/Tricore/Cpu/Std/IfxCpu_IntrinsicsGcc.h ****     uint8 res;
 763:../Libraries/iLLD/TC4xx/Tricore/Cpu/Std/IfxCpu_IntrinsicsGcc.h ****     __asm__ volatile ("extr  %0,%1,16,8"
 764:../Libraries/iLLD/TC4xx/Tricore/Cpu/Std/IfxCpu_IntrinsicsGcc.h ****                       :"=d"(res):"d"(a):"memory");
 765:../Libraries/iLLD/TC4xx/Tricore/Cpu/Std/IfxCpu_IntrinsicsGcc.h ****     return res;
 766:../Libraries/iLLD/TC4xx/Tricore/Cpu/Std/IfxCpu_IntrinsicsGcc.h **** }
 767:../Libraries/iLLD/TC4xx/Tricore/Cpu/Std/IfxCpu_IntrinsicsGcc.h **** 
 768:../Libraries/iLLD/TC4xx/Tricore/Cpu/Std/IfxCpu_IntrinsicsGcc.h **** /** Extract fourth uint8 from a __packb
 769:../Libraries/iLLD/TC4xx/Tricore/Cpu/Std/IfxCpu_IntrinsicsGcc.h ****  */
 770:../Libraries/iLLD/TC4xx/Tricore/Cpu/Std/IfxCpu_IntrinsicsGcc.h **** IFX_INLINE uint8 Ifx__extractubyte4(__upackb a)
 771:../Libraries/iLLD/TC4xx/Tricore/Cpu/Std/IfxCpu_IntrinsicsGcc.h **** {
 772:../Libraries/iLLD/TC4xx/Tricore/Cpu/Std/IfxCpu_IntrinsicsGcc.h ****     uint8 res;
 773:../Libraries/iLLD/TC4xx/Tricore/Cpu/Std/IfxCpu_IntrinsicsGcc.h ****     __asm__ volatile ("extr  %0,%1,24,8"
 774:../Libraries/iLLD/TC4xx/Tricore/Cpu/Std/IfxCpu_IntrinsicsGcc.h ****                       :"=d"(res):"d"(a):"memory");
 775:../Libraries/iLLD/TC4xx/Tricore/Cpu/Std/IfxCpu_IntrinsicsGcc.h ****     return res;
 776:../Libraries/iLLD/TC4xx/Tricore/Cpu/Std/IfxCpu_IntrinsicsGcc.h **** }
 777:../Libraries/iLLD/TC4xx/Tricore/Cpu/Std/IfxCpu_IntrinsicsGcc.h **** 
 778:../Libraries/iLLD/TC4xx/Tricore/Cpu/Std/IfxCpu_IntrinsicsGcc.h **** /** Extract first uint16 from a __packhw
 779:../Libraries/iLLD/TC4xx/Tricore/Cpu/Std/IfxCpu_IntrinsicsGcc.h ****  */
 780:../Libraries/iLLD/TC4xx/Tricore/Cpu/Std/IfxCpu_IntrinsicsGcc.h **** IFX_INLINE uint16 Ifx__extractuhw1(__upackhw a)
 781:../Libraries/iLLD/TC4xx/Tricore/Cpu/Std/IfxCpu_IntrinsicsGcc.h **** {
 782:../Libraries/iLLD/TC4xx/Tricore/Cpu/Std/IfxCpu_IntrinsicsGcc.h ****     uint16 res;
 783:../Libraries/iLLD/TC4xx/Tricore/Cpu/Std/IfxCpu_IntrinsicsGcc.h ****     __asm__ volatile ("extr  %0,%1,0,16"
 784:../Libraries/iLLD/TC4xx/Tricore/Cpu/Std/IfxCpu_IntrinsicsGcc.h ****                       :"=d"(res):"d"(a):"memory");
 785:../Libraries/iLLD/TC4xx/Tricore/Cpu/Std/IfxCpu_IntrinsicsGcc.h ****     return res;
 786:../Libraries/iLLD/TC4xx/Tricore/Cpu/Std/IfxCpu_IntrinsicsGcc.h **** }
 787:../Libraries/iLLD/TC4xx/Tricore/Cpu/Std/IfxCpu_IntrinsicsGcc.h **** 
 788:../Libraries/iLLD/TC4xx/Tricore/Cpu/Std/IfxCpu_IntrinsicsGcc.h **** /** Extract second uint16 from a __packhw
 789:../Libraries/iLLD/TC4xx/Tricore/Cpu/Std/IfxCpu_IntrinsicsGcc.h ****  */
 790:../Libraries/iLLD/TC4xx/Tricore/Cpu/Std/IfxCpu_IntrinsicsGcc.h **** IFX_INLINE uint16 Ifx__extractuhw2(__upackhw a)
 791:../Libraries/iLLD/TC4xx/Tricore/Cpu/Std/IfxCpu_IntrinsicsGcc.h **** {
 792:../Libraries/iLLD/TC4xx/Tricore/Cpu/Std/IfxCpu_IntrinsicsGcc.h ****     uint16 res;
 793:../Libraries/iLLD/TC4xx/Tricore/Cpu/Std/IfxCpu_IntrinsicsGcc.h ****     __asm__ volatile ("extr  %0,%1,16,16"
 794:../Libraries/iLLD/TC4xx/Tricore/Cpu/Std/IfxCpu_IntrinsicsGcc.h ****                       :"=d"(res):"d"(a):"memory");
 795:../Libraries/iLLD/TC4xx/Tricore/Cpu/Std/IfxCpu_IntrinsicsGcc.h ****     return res;
 796:../Libraries/iLLD/TC4xx/Tricore/Cpu/Std/IfxCpu_IntrinsicsGcc.h **** }
 797:../Libraries/iLLD/TC4xx/Tricore/Cpu/Std/IfxCpu_IntrinsicsGcc.h **** 
 798:../Libraries/iLLD/TC4xx/Tricore/Cpu/Std/IfxCpu_IntrinsicsGcc.h **** /**  Extract first byte from a __packb
 799:../Libraries/iLLD/TC4xx/Tricore/Cpu/Std/IfxCpu_IntrinsicsGcc.h ****  */
 800:../Libraries/iLLD/TC4xx/Tricore/Cpu/Std/IfxCpu_IntrinsicsGcc.h **** IFX_INLINE sint8 Ifx__getbyte1(__packb* a)
 801:../Libraries/iLLD/TC4xx/Tricore/Cpu/Std/IfxCpu_IntrinsicsGcc.h **** {
 802:../Libraries/iLLD/TC4xx/Tricore/Cpu/Std/IfxCpu_IntrinsicsGcc.h ****     sint8 res;
 803:../Libraries/iLLD/TC4xx/Tricore/Cpu/Std/IfxCpu_IntrinsicsGcc.h ****     __asm__ volatile ("ld.w  %0,[%1]0 \n\
 804:../Libraries/iLLD/TC4xx/Tricore/Cpu/Std/IfxCpu_IntrinsicsGcc.h ****                      extr  %0,%0,0,8"
 805:../Libraries/iLLD/TC4xx/Tricore/Cpu/Std/IfxCpu_IntrinsicsGcc.h ****                       :"=d"(res):"a"(a):"memory");
 806:../Libraries/iLLD/TC4xx/Tricore/Cpu/Std/IfxCpu_IntrinsicsGcc.h ****     return res;
 807:../Libraries/iLLD/TC4xx/Tricore/Cpu/Std/IfxCpu_IntrinsicsGcc.h **** 
 808:../Libraries/iLLD/TC4xx/Tricore/Cpu/Std/IfxCpu_IntrinsicsGcc.h **** }
 809:../Libraries/iLLD/TC4xx/Tricore/Cpu/Std/IfxCpu_IntrinsicsGcc.h **** 
 810:../Libraries/iLLD/TC4xx/Tricore/Cpu/Std/IfxCpu_IntrinsicsGcc.h **** /**  Extract second byte from a __packb
 811:../Libraries/iLLD/TC4xx/Tricore/Cpu/Std/IfxCpu_IntrinsicsGcc.h ****  */
 812:../Libraries/iLLD/TC4xx/Tricore/Cpu/Std/IfxCpu_IntrinsicsGcc.h **** IFX_INLINE sint8 Ifx__getbyte2(__packb* a)
 813:../Libraries/iLLD/TC4xx/Tricore/Cpu/Std/IfxCpu_IntrinsicsGcc.h **** {
 814:../Libraries/iLLD/TC4xx/Tricore/Cpu/Std/IfxCpu_IntrinsicsGcc.h ****     sint8 res;
 815:../Libraries/iLLD/TC4xx/Tricore/Cpu/Std/IfxCpu_IntrinsicsGcc.h ****     __asm__ volatile ("ld.w  %0,[%1]0 \n\
 816:../Libraries/iLLD/TC4xx/Tricore/Cpu/Std/IfxCpu_IntrinsicsGcc.h ****                      extr  %0,%0,8,8"
 817:../Libraries/iLLD/TC4xx/Tricore/Cpu/Std/IfxCpu_IntrinsicsGcc.h ****                       :"=d"(res):"a"(a):"memory");
 818:../Libraries/iLLD/TC4xx/Tricore/Cpu/Std/IfxCpu_IntrinsicsGcc.h ****     return res;
 819:../Libraries/iLLD/TC4xx/Tricore/Cpu/Std/IfxCpu_IntrinsicsGcc.h **** 
 820:../Libraries/iLLD/TC4xx/Tricore/Cpu/Std/IfxCpu_IntrinsicsGcc.h **** }
 821:../Libraries/iLLD/TC4xx/Tricore/Cpu/Std/IfxCpu_IntrinsicsGcc.h **** 
 822:../Libraries/iLLD/TC4xx/Tricore/Cpu/Std/IfxCpu_IntrinsicsGcc.h **** /**  Extract third byte from a __packb
 823:../Libraries/iLLD/TC4xx/Tricore/Cpu/Std/IfxCpu_IntrinsicsGcc.h ****  */
 824:../Libraries/iLLD/TC4xx/Tricore/Cpu/Std/IfxCpu_IntrinsicsGcc.h **** IFX_INLINE sint8 Ifx__getbyte3(__packb* a)
 825:../Libraries/iLLD/TC4xx/Tricore/Cpu/Std/IfxCpu_IntrinsicsGcc.h **** {
 826:../Libraries/iLLD/TC4xx/Tricore/Cpu/Std/IfxCpu_IntrinsicsGcc.h ****     sint8 res;
 827:../Libraries/iLLD/TC4xx/Tricore/Cpu/Std/IfxCpu_IntrinsicsGcc.h ****     __asm__ volatile ("ld.w  %0,[%1]0 \n\
 828:../Libraries/iLLD/TC4xx/Tricore/Cpu/Std/IfxCpu_IntrinsicsGcc.h ****                      extr  %0,%0,16,8"
 829:../Libraries/iLLD/TC4xx/Tricore/Cpu/Std/IfxCpu_IntrinsicsGcc.h ****                       :"=d"(res):"a"(a):"memory");
 830:../Libraries/iLLD/TC4xx/Tricore/Cpu/Std/IfxCpu_IntrinsicsGcc.h ****     return res;
 831:../Libraries/iLLD/TC4xx/Tricore/Cpu/Std/IfxCpu_IntrinsicsGcc.h **** 
 832:../Libraries/iLLD/TC4xx/Tricore/Cpu/Std/IfxCpu_IntrinsicsGcc.h **** }
 833:../Libraries/iLLD/TC4xx/Tricore/Cpu/Std/IfxCpu_IntrinsicsGcc.h **** 
 834:../Libraries/iLLD/TC4xx/Tricore/Cpu/Std/IfxCpu_IntrinsicsGcc.h **** /**  Extract fourth byte from a __packb
 835:../Libraries/iLLD/TC4xx/Tricore/Cpu/Std/IfxCpu_IntrinsicsGcc.h ****  */
 836:../Libraries/iLLD/TC4xx/Tricore/Cpu/Std/IfxCpu_IntrinsicsGcc.h **** IFX_INLINE sint8 Ifx__getbyte4(__packb* a)
 837:../Libraries/iLLD/TC4xx/Tricore/Cpu/Std/IfxCpu_IntrinsicsGcc.h **** {
 838:../Libraries/iLLD/TC4xx/Tricore/Cpu/Std/IfxCpu_IntrinsicsGcc.h ****     sint8 res;
 839:../Libraries/iLLD/TC4xx/Tricore/Cpu/Std/IfxCpu_IntrinsicsGcc.h ****     __asm__ volatile ("ld.w  %0,[%1]0 \n\
 840:../Libraries/iLLD/TC4xx/Tricore/Cpu/Std/IfxCpu_IntrinsicsGcc.h ****                      extr  %0,%0,24,8"
 841:../Libraries/iLLD/TC4xx/Tricore/Cpu/Std/IfxCpu_IntrinsicsGcc.h ****                       :"=d"(res):"a"(a):"memory");
 842:../Libraries/iLLD/TC4xx/Tricore/Cpu/Std/IfxCpu_IntrinsicsGcc.h ****     return res;
 843:../Libraries/iLLD/TC4xx/Tricore/Cpu/Std/IfxCpu_IntrinsicsGcc.h **** 
 844:../Libraries/iLLD/TC4xx/Tricore/Cpu/Std/IfxCpu_IntrinsicsGcc.h **** }
 845:../Libraries/iLLD/TC4xx/Tricore/Cpu/Std/IfxCpu_IntrinsicsGcc.h **** 
 846:../Libraries/iLLD/TC4xx/Tricore/Cpu/Std/IfxCpu_IntrinsicsGcc.h **** /**  Extract first sint16 from a __packhw
 847:../Libraries/iLLD/TC4xx/Tricore/Cpu/Std/IfxCpu_IntrinsicsGcc.h ****  */
 848:../Libraries/iLLD/TC4xx/Tricore/Cpu/Std/IfxCpu_IntrinsicsGcc.h **** IFX_INLINE sint16 Ifx__gethw1(__packhw* a)
 849:../Libraries/iLLD/TC4xx/Tricore/Cpu/Std/IfxCpu_IntrinsicsGcc.h **** {
 850:../Libraries/iLLD/TC4xx/Tricore/Cpu/Std/IfxCpu_IntrinsicsGcc.h ****     sint16 res;
 851:../Libraries/iLLD/TC4xx/Tricore/Cpu/Std/IfxCpu_IntrinsicsGcc.h ****     __asm__ volatile ("ld.w  %0,[%1]0 \n\
 852:../Libraries/iLLD/TC4xx/Tricore/Cpu/Std/IfxCpu_IntrinsicsGcc.h ****                      extr  %0,%0,0,16"
 853:../Libraries/iLLD/TC4xx/Tricore/Cpu/Std/IfxCpu_IntrinsicsGcc.h ****                       :"=d"(res):"a"(a):"memory");
 854:../Libraries/iLLD/TC4xx/Tricore/Cpu/Std/IfxCpu_IntrinsicsGcc.h ****     return res;
 855:../Libraries/iLLD/TC4xx/Tricore/Cpu/Std/IfxCpu_IntrinsicsGcc.h **** }
 856:../Libraries/iLLD/TC4xx/Tricore/Cpu/Std/IfxCpu_IntrinsicsGcc.h **** /**  Extract second sint16 from a __packhw
 857:../Libraries/iLLD/TC4xx/Tricore/Cpu/Std/IfxCpu_IntrinsicsGcc.h ****  */
 858:../Libraries/iLLD/TC4xx/Tricore/Cpu/Std/IfxCpu_IntrinsicsGcc.h **** IFX_INLINE sint16 Ifx__gethw2(__packhw* a)
 859:../Libraries/iLLD/TC4xx/Tricore/Cpu/Std/IfxCpu_IntrinsicsGcc.h **** {
 860:../Libraries/iLLD/TC4xx/Tricore/Cpu/Std/IfxCpu_IntrinsicsGcc.h ****     sint16 res;
 861:../Libraries/iLLD/TC4xx/Tricore/Cpu/Std/IfxCpu_IntrinsicsGcc.h ****     __asm__ volatile ("ld.w  %0,[%1]0 \n\
 862:../Libraries/iLLD/TC4xx/Tricore/Cpu/Std/IfxCpu_IntrinsicsGcc.h ****                      extr  %0,%0,16,16"
 863:../Libraries/iLLD/TC4xx/Tricore/Cpu/Std/IfxCpu_IntrinsicsGcc.h ****                       :"=d"(res):"a"(a):"memory");
 864:../Libraries/iLLD/TC4xx/Tricore/Cpu/Std/IfxCpu_IntrinsicsGcc.h ****     return res;
 865:../Libraries/iLLD/TC4xx/Tricore/Cpu/Std/IfxCpu_IntrinsicsGcc.h **** }
 866:../Libraries/iLLD/TC4xx/Tricore/Cpu/Std/IfxCpu_IntrinsicsGcc.h **** 
 867:../Libraries/iLLD/TC4xx/Tricore/Cpu/Std/IfxCpu_IntrinsicsGcc.h **** /**  Extract first uint8 from a __packb
 868:../Libraries/iLLD/TC4xx/Tricore/Cpu/Std/IfxCpu_IntrinsicsGcc.h ****  */
 869:../Libraries/iLLD/TC4xx/Tricore/Cpu/Std/IfxCpu_IntrinsicsGcc.h **** IFX_INLINE uint8 Ifx__getubyte1(__upackb* a)
 870:../Libraries/iLLD/TC4xx/Tricore/Cpu/Std/IfxCpu_IntrinsicsGcc.h **** {
 871:../Libraries/iLLD/TC4xx/Tricore/Cpu/Std/IfxCpu_IntrinsicsGcc.h ****     uint8 res;
 872:../Libraries/iLLD/TC4xx/Tricore/Cpu/Std/IfxCpu_IntrinsicsGcc.h ****     __asm__ volatile ("ld.w  %0,[%1]0 \n\
 873:../Libraries/iLLD/TC4xx/Tricore/Cpu/Std/IfxCpu_IntrinsicsGcc.h ****                      extr  %0,%0,0,8"
 874:../Libraries/iLLD/TC4xx/Tricore/Cpu/Std/IfxCpu_IntrinsicsGcc.h ****                       :"=d"(res):"a"(a):"memory");
 875:../Libraries/iLLD/TC4xx/Tricore/Cpu/Std/IfxCpu_IntrinsicsGcc.h ****     return res;
 876:../Libraries/iLLD/TC4xx/Tricore/Cpu/Std/IfxCpu_IntrinsicsGcc.h **** }
 877:../Libraries/iLLD/TC4xx/Tricore/Cpu/Std/IfxCpu_IntrinsicsGcc.h **** 
 878:../Libraries/iLLD/TC4xx/Tricore/Cpu/Std/IfxCpu_IntrinsicsGcc.h **** /**  Extract second uint8 from a __packb
 879:../Libraries/iLLD/TC4xx/Tricore/Cpu/Std/IfxCpu_IntrinsicsGcc.h ****  */
 880:../Libraries/iLLD/TC4xx/Tricore/Cpu/Std/IfxCpu_IntrinsicsGcc.h **** IFX_INLINE uint8 Ifx__getubyte2(__upackb* a)
 881:../Libraries/iLLD/TC4xx/Tricore/Cpu/Std/IfxCpu_IntrinsicsGcc.h **** {
 882:../Libraries/iLLD/TC4xx/Tricore/Cpu/Std/IfxCpu_IntrinsicsGcc.h ****     uint8 res;
 883:../Libraries/iLLD/TC4xx/Tricore/Cpu/Std/IfxCpu_IntrinsicsGcc.h ****     __asm__ volatile ("ld.w  %0,[%1]0 \n\
 884:../Libraries/iLLD/TC4xx/Tricore/Cpu/Std/IfxCpu_IntrinsicsGcc.h ****                      extr  %0,%0,8,8"
 885:../Libraries/iLLD/TC4xx/Tricore/Cpu/Std/IfxCpu_IntrinsicsGcc.h ****                       :"=d"(res):"a"(a):"memory");
 886:../Libraries/iLLD/TC4xx/Tricore/Cpu/Std/IfxCpu_IntrinsicsGcc.h ****     return res;
 887:../Libraries/iLLD/TC4xx/Tricore/Cpu/Std/IfxCpu_IntrinsicsGcc.h **** }
 888:../Libraries/iLLD/TC4xx/Tricore/Cpu/Std/IfxCpu_IntrinsicsGcc.h **** 
 889:../Libraries/iLLD/TC4xx/Tricore/Cpu/Std/IfxCpu_IntrinsicsGcc.h **** /**  Extract third uint8 from a __packb
 890:../Libraries/iLLD/TC4xx/Tricore/Cpu/Std/IfxCpu_IntrinsicsGcc.h ****  */
 891:../Libraries/iLLD/TC4xx/Tricore/Cpu/Std/IfxCpu_IntrinsicsGcc.h **** IFX_INLINE uint8 Ifx__getubyte3(__upackb* a)
 892:../Libraries/iLLD/TC4xx/Tricore/Cpu/Std/IfxCpu_IntrinsicsGcc.h **** {
 893:../Libraries/iLLD/TC4xx/Tricore/Cpu/Std/IfxCpu_IntrinsicsGcc.h ****     uint8 res;
 894:../Libraries/iLLD/TC4xx/Tricore/Cpu/Std/IfxCpu_IntrinsicsGcc.h ****     __asm__ volatile ("ld.w  %0,[%1]0 \n\
 895:../Libraries/iLLD/TC4xx/Tricore/Cpu/Std/IfxCpu_IntrinsicsGcc.h ****                      extr  %0,%0,16,8"
 896:../Libraries/iLLD/TC4xx/Tricore/Cpu/Std/IfxCpu_IntrinsicsGcc.h ****                       :"=d"(res):"a"(a):"memory");
 897:../Libraries/iLLD/TC4xx/Tricore/Cpu/Std/IfxCpu_IntrinsicsGcc.h ****     return res;
 898:../Libraries/iLLD/TC4xx/Tricore/Cpu/Std/IfxCpu_IntrinsicsGcc.h **** }
 899:../Libraries/iLLD/TC4xx/Tricore/Cpu/Std/IfxCpu_IntrinsicsGcc.h **** 
 900:../Libraries/iLLD/TC4xx/Tricore/Cpu/Std/IfxCpu_IntrinsicsGcc.h **** /**  Extract fourth uint8 from a __packb
 901:../Libraries/iLLD/TC4xx/Tricore/Cpu/Std/IfxCpu_IntrinsicsGcc.h ****  */
 902:../Libraries/iLLD/TC4xx/Tricore/Cpu/Std/IfxCpu_IntrinsicsGcc.h **** IFX_INLINE uint8 Ifx__getubyte4(__upackb* a)
 903:../Libraries/iLLD/TC4xx/Tricore/Cpu/Std/IfxCpu_IntrinsicsGcc.h **** {
 904:../Libraries/iLLD/TC4xx/Tricore/Cpu/Std/IfxCpu_IntrinsicsGcc.h ****     uint8 res;
 905:../Libraries/iLLD/TC4xx/Tricore/Cpu/Std/IfxCpu_IntrinsicsGcc.h ****     __asm__ volatile ("ld.w  %0,[%1]0 \n\
 906:../Libraries/iLLD/TC4xx/Tricore/Cpu/Std/IfxCpu_IntrinsicsGcc.h ****                      extr  %0,%0,24,8"
 907:../Libraries/iLLD/TC4xx/Tricore/Cpu/Std/IfxCpu_IntrinsicsGcc.h ****                       :"=d"(res):"a"(a):"memory");
 908:../Libraries/iLLD/TC4xx/Tricore/Cpu/Std/IfxCpu_IntrinsicsGcc.h ****     return res;
 909:../Libraries/iLLD/TC4xx/Tricore/Cpu/Std/IfxCpu_IntrinsicsGcc.h **** }
 910:../Libraries/iLLD/TC4xx/Tricore/Cpu/Std/IfxCpu_IntrinsicsGcc.h **** 
 911:../Libraries/iLLD/TC4xx/Tricore/Cpu/Std/IfxCpu_IntrinsicsGcc.h **** /**  Extract first uint16 from a __packhw
 912:../Libraries/iLLD/TC4xx/Tricore/Cpu/Std/IfxCpu_IntrinsicsGcc.h ****  */
 913:../Libraries/iLLD/TC4xx/Tricore/Cpu/Std/IfxCpu_IntrinsicsGcc.h **** IFX_INLINE uint16 Ifx__getuhw1(__upackhw* a)
 914:../Libraries/iLLD/TC4xx/Tricore/Cpu/Std/IfxCpu_IntrinsicsGcc.h **** {
 915:../Libraries/iLLD/TC4xx/Tricore/Cpu/Std/IfxCpu_IntrinsicsGcc.h ****     uint16 res;
 916:../Libraries/iLLD/TC4xx/Tricore/Cpu/Std/IfxCpu_IntrinsicsGcc.h ****     __asm__ volatile ("ld.w  %0,[%1]0 \n\
 917:../Libraries/iLLD/TC4xx/Tricore/Cpu/Std/IfxCpu_IntrinsicsGcc.h ****                      extr  %0,%0,0,16"
 918:../Libraries/iLLD/TC4xx/Tricore/Cpu/Std/IfxCpu_IntrinsicsGcc.h ****                       :"=d"(res):"a"(a):"memory");
 919:../Libraries/iLLD/TC4xx/Tricore/Cpu/Std/IfxCpu_IntrinsicsGcc.h ****     return res;
 920:../Libraries/iLLD/TC4xx/Tricore/Cpu/Std/IfxCpu_IntrinsicsGcc.h **** }
 921:../Libraries/iLLD/TC4xx/Tricore/Cpu/Std/IfxCpu_IntrinsicsGcc.h **** 
 922:../Libraries/iLLD/TC4xx/Tricore/Cpu/Std/IfxCpu_IntrinsicsGcc.h **** /**  Extract second uint16 from a __packhw
 923:../Libraries/iLLD/TC4xx/Tricore/Cpu/Std/IfxCpu_IntrinsicsGcc.h ****  */
 924:../Libraries/iLLD/TC4xx/Tricore/Cpu/Std/IfxCpu_IntrinsicsGcc.h **** IFX_INLINE uint16 Ifx__getuhw2(__upackhw* a)
 925:../Libraries/iLLD/TC4xx/Tricore/Cpu/Std/IfxCpu_IntrinsicsGcc.h **** {
 926:../Libraries/iLLD/TC4xx/Tricore/Cpu/Std/IfxCpu_IntrinsicsGcc.h ****     uint16 res;
 927:../Libraries/iLLD/TC4xx/Tricore/Cpu/Std/IfxCpu_IntrinsicsGcc.h ****     __asm__ volatile ("ld.w  %0,[%1]0 \n\
 928:../Libraries/iLLD/TC4xx/Tricore/Cpu/Std/IfxCpu_IntrinsicsGcc.h ****                      extr  %0,%0,16,16"
 929:../Libraries/iLLD/TC4xx/Tricore/Cpu/Std/IfxCpu_IntrinsicsGcc.h ****                       :"=d"(res):"a"(a):"memory");
 930:../Libraries/iLLD/TC4xx/Tricore/Cpu/Std/IfxCpu_IntrinsicsGcc.h ****     return res;
 931:../Libraries/iLLD/TC4xx/Tricore/Cpu/Std/IfxCpu_IntrinsicsGcc.h **** }
 932:../Libraries/iLLD/TC4xx/Tricore/Cpu/Std/IfxCpu_IntrinsicsGcc.h **** 
 933:../Libraries/iLLD/TC4xx/Tricore/Cpu/Std/IfxCpu_IntrinsicsGcc.h **** /**  Initialize  __packb with four integers
 934:../Libraries/iLLD/TC4xx/Tricore/Cpu/Std/IfxCpu_IntrinsicsGcc.h ****  */
 935:../Libraries/iLLD/TC4xx/Tricore/Cpu/Std/IfxCpu_IntrinsicsGcc.h **** IFX_INLINE __packb Ifx__initpackb(sint32 a, sint32 b, sint32 c, sint32 d)
 936:../Libraries/iLLD/TC4xx/Tricore/Cpu/Std/IfxCpu_IntrinsicsGcc.h **** {
 937:../Libraries/iLLD/TC4xx/Tricore/Cpu/Std/IfxCpu_IntrinsicsGcc.h ****     __packb res;
 938:../Libraries/iLLD/TC4xx/Tricore/Cpu/Std/IfxCpu_IntrinsicsGcc.h ****     __asm__ volatile ("insert  %3,%3,%4,8,8   \n\
 939:../Libraries/iLLD/TC4xx/Tricore/Cpu/Std/IfxCpu_IntrinsicsGcc.h ****                     insert  %4,%1,%2,8,8   \n\
 940:../Libraries/iLLD/TC4xx/Tricore/Cpu/Std/IfxCpu_IntrinsicsGcc.h ****                     insert  %0,%4,%3,16,16 "
 941:../Libraries/iLLD/TC4xx/Tricore/Cpu/Std/IfxCpu_IntrinsicsGcc.h ****                       :"=d"(res):"d"(a), "d"(b), "d"(c), "d"(d):"memory");
 942:../Libraries/iLLD/TC4xx/Tricore/Cpu/Std/IfxCpu_IntrinsicsGcc.h ****     return res;
 943:../Libraries/iLLD/TC4xx/Tricore/Cpu/Std/IfxCpu_IntrinsicsGcc.h **** }
 944:../Libraries/iLLD/TC4xx/Tricore/Cpu/Std/IfxCpu_IntrinsicsGcc.h **** 
 945:../Libraries/iLLD/TC4xx/Tricore/Cpu/Std/IfxCpu_IntrinsicsGcc.h **** /** Initialize  __packb with a long integer
 946:../Libraries/iLLD/TC4xx/Tricore/Cpu/Std/IfxCpu_IntrinsicsGcc.h ****  */
 947:../Libraries/iLLD/TC4xx/Tricore/Cpu/Std/IfxCpu_IntrinsicsGcc.h **** IFX_INLINE __packb Ifx__initpackbl(long a)
 948:../Libraries/iLLD/TC4xx/Tricore/Cpu/Std/IfxCpu_IntrinsicsGcc.h **** {
 949:../Libraries/iLLD/TC4xx/Tricore/Cpu/Std/IfxCpu_IntrinsicsGcc.h ****     return (__packb) a;
 950:../Libraries/iLLD/TC4xx/Tricore/Cpu/Std/IfxCpu_IntrinsicsGcc.h **** }
 951:../Libraries/iLLD/TC4xx/Tricore/Cpu/Std/IfxCpu_IntrinsicsGcc.h **** 
 952:../Libraries/iLLD/TC4xx/Tricore/Cpu/Std/IfxCpu_IntrinsicsGcc.h **** /** Initialize  __packhw with two integers
 953:../Libraries/iLLD/TC4xx/Tricore/Cpu/Std/IfxCpu_IntrinsicsGcc.h ****  */
 954:../Libraries/iLLD/TC4xx/Tricore/Cpu/Std/IfxCpu_IntrinsicsGcc.h **** IFX_INLINE __packhw Ifx__initpackhw(sint16 a, sint16 b)
 955:../Libraries/iLLD/TC4xx/Tricore/Cpu/Std/IfxCpu_IntrinsicsGcc.h **** {
 956:../Libraries/iLLD/TC4xx/Tricore/Cpu/Std/IfxCpu_IntrinsicsGcc.h ****     __packhw res;
 957:../Libraries/iLLD/TC4xx/Tricore/Cpu/Std/IfxCpu_IntrinsicsGcc.h ****     __asm__ volatile ("insert  %0,%1,%2,16,16"
 958:../Libraries/iLLD/TC4xx/Tricore/Cpu/Std/IfxCpu_IntrinsicsGcc.h ****                       :"=d"(res):"d"(a), "d"(b):"memory");
 959:../Libraries/iLLD/TC4xx/Tricore/Cpu/Std/IfxCpu_IntrinsicsGcc.h ****     return res;
 960:../Libraries/iLLD/TC4xx/Tricore/Cpu/Std/IfxCpu_IntrinsicsGcc.h **** }
 961:../Libraries/iLLD/TC4xx/Tricore/Cpu/Std/IfxCpu_IntrinsicsGcc.h **** 
 962:../Libraries/iLLD/TC4xx/Tricore/Cpu/Std/IfxCpu_IntrinsicsGcc.h **** /**  Initialize  __packhw with a long integer
 963:../Libraries/iLLD/TC4xx/Tricore/Cpu/Std/IfxCpu_IntrinsicsGcc.h ****  */
 964:../Libraries/iLLD/TC4xx/Tricore/Cpu/Std/IfxCpu_IntrinsicsGcc.h **** IFX_INLINE __packhw Ifx__initpackhwl(long a)
 965:../Libraries/iLLD/TC4xx/Tricore/Cpu/Std/IfxCpu_IntrinsicsGcc.h **** {
 966:../Libraries/iLLD/TC4xx/Tricore/Cpu/Std/IfxCpu_IntrinsicsGcc.h ****     return a;
 967:../Libraries/iLLD/TC4xx/Tricore/Cpu/Std/IfxCpu_IntrinsicsGcc.h **** }
 968:../Libraries/iLLD/TC4xx/Tricore/Cpu/Std/IfxCpu_IntrinsicsGcc.h **** 
 969:../Libraries/iLLD/TC4xx/Tricore/Cpu/Std/IfxCpu_IntrinsicsGcc.h **** /** Initialize  __packb with four unsigned integers
 970:../Libraries/iLLD/TC4xx/Tricore/Cpu/Std/IfxCpu_IntrinsicsGcc.h ****  */
 971:../Libraries/iLLD/TC4xx/Tricore/Cpu/Std/IfxCpu_IntrinsicsGcc.h **** IFX_INLINE __upackb    Ifx__initupackb( uint32 a, uint32 b, uint32 c, uint32 d)
 972:../Libraries/iLLD/TC4xx/Tricore/Cpu/Std/IfxCpu_IntrinsicsGcc.h **** {
 973:../Libraries/iLLD/TC4xx/Tricore/Cpu/Std/IfxCpu_IntrinsicsGcc.h ****     __upackb res;
 974:../Libraries/iLLD/TC4xx/Tricore/Cpu/Std/IfxCpu_IntrinsicsGcc.h ****     __asm__ volatile ("insert  %3,%3,%4,8,8   \n\
 975:../Libraries/iLLD/TC4xx/Tricore/Cpu/Std/IfxCpu_IntrinsicsGcc.h ****                     insert  %1,%1,%2,8,8   \n\
 976:../Libraries/iLLD/TC4xx/Tricore/Cpu/Std/IfxCpu_IntrinsicsGcc.h ****                     insert  %0,%1,%3,16,16"
 977:../Libraries/iLLD/TC4xx/Tricore/Cpu/Std/IfxCpu_IntrinsicsGcc.h ****                       :"=d"(res):"d"(a), "d"(b), "d"(c), "d"(d):"memory");
 978:../Libraries/iLLD/TC4xx/Tricore/Cpu/Std/IfxCpu_IntrinsicsGcc.h ****     return res;
 979:../Libraries/iLLD/TC4xx/Tricore/Cpu/Std/IfxCpu_IntrinsicsGcc.h **** }
 980:../Libraries/iLLD/TC4xx/Tricore/Cpu/Std/IfxCpu_IntrinsicsGcc.h **** 
 981:../Libraries/iLLD/TC4xx/Tricore/Cpu/Std/IfxCpu_IntrinsicsGcc.h **** /**  Initialize  __packhw with two unsigned integers
 982:../Libraries/iLLD/TC4xx/Tricore/Cpu/Std/IfxCpu_IntrinsicsGcc.h ****  */
 983:../Libraries/iLLD/TC4xx/Tricore/Cpu/Std/IfxCpu_IntrinsicsGcc.h **** IFX_INLINE __upackhw    Ifx__initupackhw( uint16 a, uint16 b)
 984:../Libraries/iLLD/TC4xx/Tricore/Cpu/Std/IfxCpu_IntrinsicsGcc.h **** {
 985:../Libraries/iLLD/TC4xx/Tricore/Cpu/Std/IfxCpu_IntrinsicsGcc.h ****     __upackhw res;
 986:../Libraries/iLLD/TC4xx/Tricore/Cpu/Std/IfxCpu_IntrinsicsGcc.h ****     __asm__ volatile ("insert  %0,%1,%2,16,16"
 987:../Libraries/iLLD/TC4xx/Tricore/Cpu/Std/IfxCpu_IntrinsicsGcc.h ****                       :"=d"(res):"d"(a), "d"(b):"memory");
 988:../Libraries/iLLD/TC4xx/Tricore/Cpu/Std/IfxCpu_IntrinsicsGcc.h ****     return res;
 989:../Libraries/iLLD/TC4xx/Tricore/Cpu/Std/IfxCpu_IntrinsicsGcc.h **** }
 990:../Libraries/iLLD/TC4xx/Tricore/Cpu/Std/IfxCpu_IntrinsicsGcc.h **** 
 991:../Libraries/iLLD/TC4xx/Tricore/Cpu/Std/IfxCpu_IntrinsicsGcc.h **** /** Insert sint8 into first byte of a __packb
 992:../Libraries/iLLD/TC4xx/Tricore/Cpu/Std/IfxCpu_IntrinsicsGcc.h ****  */
 993:../Libraries/iLLD/TC4xx/Tricore/Cpu/Std/IfxCpu_IntrinsicsGcc.h **** IFX_INLINE __packb Ifx__insertbyte1(__packb a, sint8 b)
 994:../Libraries/iLLD/TC4xx/Tricore/Cpu/Std/IfxCpu_IntrinsicsGcc.h **** {
 995:../Libraries/iLLD/TC4xx/Tricore/Cpu/Std/IfxCpu_IntrinsicsGcc.h ****     __packb res;
 996:../Libraries/iLLD/TC4xx/Tricore/Cpu/Std/IfxCpu_IntrinsicsGcc.h ****     __asm__ volatile ("insert  %0,%1,%2,0,8"
 997:../Libraries/iLLD/TC4xx/Tricore/Cpu/Std/IfxCpu_IntrinsicsGcc.h ****                       :"=d"(res):"d"(a), "d"(b):"memory");
 998:../Libraries/iLLD/TC4xx/Tricore/Cpu/Std/IfxCpu_IntrinsicsGcc.h ****     return res;
 999:../Libraries/iLLD/TC4xx/Tricore/Cpu/Std/IfxCpu_IntrinsicsGcc.h **** }
1000:../Libraries/iLLD/TC4xx/Tricore/Cpu/Std/IfxCpu_IntrinsicsGcc.h **** 
1001:../Libraries/iLLD/TC4xx/Tricore/Cpu/Std/IfxCpu_IntrinsicsGcc.h **** /** Insert sint8 into second byte of a __packb
1002:../Libraries/iLLD/TC4xx/Tricore/Cpu/Std/IfxCpu_IntrinsicsGcc.h ****  */
1003:../Libraries/iLLD/TC4xx/Tricore/Cpu/Std/IfxCpu_IntrinsicsGcc.h **** IFX_INLINE __packb Ifx__insertbyte2(__packb a, sint8 b)
1004:../Libraries/iLLD/TC4xx/Tricore/Cpu/Std/IfxCpu_IntrinsicsGcc.h **** {
1005:../Libraries/iLLD/TC4xx/Tricore/Cpu/Std/IfxCpu_IntrinsicsGcc.h ****     __packb res;
1006:../Libraries/iLLD/TC4xx/Tricore/Cpu/Std/IfxCpu_IntrinsicsGcc.h ****     __asm__ volatile ("insert  %0,%1,%2,8,8"
1007:../Libraries/iLLD/TC4xx/Tricore/Cpu/Std/IfxCpu_IntrinsicsGcc.h ****                       :"=d"(res):"d"(a), "d"(b):"memory");
1008:../Libraries/iLLD/TC4xx/Tricore/Cpu/Std/IfxCpu_IntrinsicsGcc.h ****     return res;
1009:../Libraries/iLLD/TC4xx/Tricore/Cpu/Std/IfxCpu_IntrinsicsGcc.h **** }
1010:../Libraries/iLLD/TC4xx/Tricore/Cpu/Std/IfxCpu_IntrinsicsGcc.h **** 
1011:../Libraries/iLLD/TC4xx/Tricore/Cpu/Std/IfxCpu_IntrinsicsGcc.h **** /** Insert sint8 into third byte of a __packb
1012:../Libraries/iLLD/TC4xx/Tricore/Cpu/Std/IfxCpu_IntrinsicsGcc.h ****  */
1013:../Libraries/iLLD/TC4xx/Tricore/Cpu/Std/IfxCpu_IntrinsicsGcc.h **** IFX_INLINE __packb Ifx__insertbyte3(__packb a, sint8 b)
1014:../Libraries/iLLD/TC4xx/Tricore/Cpu/Std/IfxCpu_IntrinsicsGcc.h **** {
1015:../Libraries/iLLD/TC4xx/Tricore/Cpu/Std/IfxCpu_IntrinsicsGcc.h ****     __packb res;
1016:../Libraries/iLLD/TC4xx/Tricore/Cpu/Std/IfxCpu_IntrinsicsGcc.h ****     __asm__ volatile ("insert  %0,%1,%2,16,8"
1017:../Libraries/iLLD/TC4xx/Tricore/Cpu/Std/IfxCpu_IntrinsicsGcc.h ****                       :"=d"(res):"d"(a), "d"(b):"memory");
1018:../Libraries/iLLD/TC4xx/Tricore/Cpu/Std/IfxCpu_IntrinsicsGcc.h ****     return res;
1019:../Libraries/iLLD/TC4xx/Tricore/Cpu/Std/IfxCpu_IntrinsicsGcc.h **** }
1020:../Libraries/iLLD/TC4xx/Tricore/Cpu/Std/IfxCpu_IntrinsicsGcc.h **** 
1021:../Libraries/iLLD/TC4xx/Tricore/Cpu/Std/IfxCpu_IntrinsicsGcc.h **** /** Insert sint8 into fourth byte of a __packb
1022:../Libraries/iLLD/TC4xx/Tricore/Cpu/Std/IfxCpu_IntrinsicsGcc.h ****  */
1023:../Libraries/iLLD/TC4xx/Tricore/Cpu/Std/IfxCpu_IntrinsicsGcc.h **** IFX_INLINE __packb Ifx__insertbyte4(__packb a, sint8 b)
1024:../Libraries/iLLD/TC4xx/Tricore/Cpu/Std/IfxCpu_IntrinsicsGcc.h **** {
1025:../Libraries/iLLD/TC4xx/Tricore/Cpu/Std/IfxCpu_IntrinsicsGcc.h ****     __packb res;
1026:../Libraries/iLLD/TC4xx/Tricore/Cpu/Std/IfxCpu_IntrinsicsGcc.h ****     __asm__ volatile ("insert  %0,%1,%2,24,8"
1027:../Libraries/iLLD/TC4xx/Tricore/Cpu/Std/IfxCpu_IntrinsicsGcc.h ****                       :"=d"(res):"d"(a), "d"(b):"memory");
1028:../Libraries/iLLD/TC4xx/Tricore/Cpu/Std/IfxCpu_IntrinsicsGcc.h ****     return res;
1029:../Libraries/iLLD/TC4xx/Tricore/Cpu/Std/IfxCpu_IntrinsicsGcc.h **** }
1030:../Libraries/iLLD/TC4xx/Tricore/Cpu/Std/IfxCpu_IntrinsicsGcc.h **** 
1031:../Libraries/iLLD/TC4xx/Tricore/Cpu/Std/IfxCpu_IntrinsicsGcc.h **** /** Insert sint8 into first uint8 of a __packb
1032:../Libraries/iLLD/TC4xx/Tricore/Cpu/Std/IfxCpu_IntrinsicsGcc.h ****  */
1033:../Libraries/iLLD/TC4xx/Tricore/Cpu/Std/IfxCpu_IntrinsicsGcc.h **** IFX_INLINE __upackb    Ifx__insertubyte1( __upackb a, uint8 b)
1034:../Libraries/iLLD/TC4xx/Tricore/Cpu/Std/IfxCpu_IntrinsicsGcc.h **** {
1035:../Libraries/iLLD/TC4xx/Tricore/Cpu/Std/IfxCpu_IntrinsicsGcc.h ****     __upackb res;
1036:../Libraries/iLLD/TC4xx/Tricore/Cpu/Std/IfxCpu_IntrinsicsGcc.h ****     __asm__ volatile ("insert  %0,%1,%2,0,8"
1037:../Libraries/iLLD/TC4xx/Tricore/Cpu/Std/IfxCpu_IntrinsicsGcc.h ****                       :"=d"(res):"d"(a), "d"(b):"memory");
1038:../Libraries/iLLD/TC4xx/Tricore/Cpu/Std/IfxCpu_IntrinsicsGcc.h ****     return res;
1039:../Libraries/iLLD/TC4xx/Tricore/Cpu/Std/IfxCpu_IntrinsicsGcc.h **** }
1040:../Libraries/iLLD/TC4xx/Tricore/Cpu/Std/IfxCpu_IntrinsicsGcc.h **** 
1041:../Libraries/iLLD/TC4xx/Tricore/Cpu/Std/IfxCpu_IntrinsicsGcc.h **** /** Insert sint8 into second uint8 of a __packb
1042:../Libraries/iLLD/TC4xx/Tricore/Cpu/Std/IfxCpu_IntrinsicsGcc.h ****  */
1043:../Libraries/iLLD/TC4xx/Tricore/Cpu/Std/IfxCpu_IntrinsicsGcc.h **** IFX_INLINE __upackb    Ifx__insertubyte2( __upackb a, uint8 b)
1044:../Libraries/iLLD/TC4xx/Tricore/Cpu/Std/IfxCpu_IntrinsicsGcc.h **** {
1045:../Libraries/iLLD/TC4xx/Tricore/Cpu/Std/IfxCpu_IntrinsicsGcc.h ****     __upackb res;
1046:../Libraries/iLLD/TC4xx/Tricore/Cpu/Std/IfxCpu_IntrinsicsGcc.h ****     __asm__ volatile ("insert  %0,%1,%2,8,8"
1047:../Libraries/iLLD/TC4xx/Tricore/Cpu/Std/IfxCpu_IntrinsicsGcc.h ****                       :"=d"(res):"d"(a), "d"(b):"memory");
1048:../Libraries/iLLD/TC4xx/Tricore/Cpu/Std/IfxCpu_IntrinsicsGcc.h ****     return res;
1049:../Libraries/iLLD/TC4xx/Tricore/Cpu/Std/IfxCpu_IntrinsicsGcc.h **** }
1050:../Libraries/iLLD/TC4xx/Tricore/Cpu/Std/IfxCpu_IntrinsicsGcc.h **** 
1051:../Libraries/iLLD/TC4xx/Tricore/Cpu/Std/IfxCpu_IntrinsicsGcc.h **** /** Insert sint8 into third uint8 of a __packb
1052:../Libraries/iLLD/TC4xx/Tricore/Cpu/Std/IfxCpu_IntrinsicsGcc.h ****  */
1053:../Libraries/iLLD/TC4xx/Tricore/Cpu/Std/IfxCpu_IntrinsicsGcc.h **** IFX_INLINE __upackb     Ifx__insertubyte3( __upackb a, uint8 b)
1054:../Libraries/iLLD/TC4xx/Tricore/Cpu/Std/IfxCpu_IntrinsicsGcc.h **** {
1055:../Libraries/iLLD/TC4xx/Tricore/Cpu/Std/IfxCpu_IntrinsicsGcc.h ****     __upackb res;
1056:../Libraries/iLLD/TC4xx/Tricore/Cpu/Std/IfxCpu_IntrinsicsGcc.h ****     __asm__ volatile ("insert  %0,%1,%2,16,8"
1057:../Libraries/iLLD/TC4xx/Tricore/Cpu/Std/IfxCpu_IntrinsicsGcc.h ****                       :"=d"(res):"d"(a), "d"(b):"memory");
1058:../Libraries/iLLD/TC4xx/Tricore/Cpu/Std/IfxCpu_IntrinsicsGcc.h ****     return res;
1059:../Libraries/iLLD/TC4xx/Tricore/Cpu/Std/IfxCpu_IntrinsicsGcc.h **** }
1060:../Libraries/iLLD/TC4xx/Tricore/Cpu/Std/IfxCpu_IntrinsicsGcc.h **** 
1061:../Libraries/iLLD/TC4xx/Tricore/Cpu/Std/IfxCpu_IntrinsicsGcc.h **** /** Insert sint8 into fourth uint8 of a __packb
1062:../Libraries/iLLD/TC4xx/Tricore/Cpu/Std/IfxCpu_IntrinsicsGcc.h ****  */
1063:../Libraries/iLLD/TC4xx/Tricore/Cpu/Std/IfxCpu_IntrinsicsGcc.h **** IFX_INLINE __upackb     Ifx__insertubyte4( __upackb a, uint8 b)
1064:../Libraries/iLLD/TC4xx/Tricore/Cpu/Std/IfxCpu_IntrinsicsGcc.h **** {
1065:../Libraries/iLLD/TC4xx/Tricore/Cpu/Std/IfxCpu_IntrinsicsGcc.h ****     __upackb res;
1066:../Libraries/iLLD/TC4xx/Tricore/Cpu/Std/IfxCpu_IntrinsicsGcc.h ****     __asm__ volatile ("insert  %0,%1,%2,24,8"
1067:../Libraries/iLLD/TC4xx/Tricore/Cpu/Std/IfxCpu_IntrinsicsGcc.h ****                       :"=d"(res):"d"(a), "d"(b):"memory");
1068:../Libraries/iLLD/TC4xx/Tricore/Cpu/Std/IfxCpu_IntrinsicsGcc.h ****     return res;
1069:../Libraries/iLLD/TC4xx/Tricore/Cpu/Std/IfxCpu_IntrinsicsGcc.h **** }
1070:../Libraries/iLLD/TC4xx/Tricore/Cpu/Std/IfxCpu_IntrinsicsGcc.h **** 
1071:../Libraries/iLLD/TC4xx/Tricore/Cpu/Std/IfxCpu_IntrinsicsGcc.h **** /**  Insert sint16 into first halfword of a __packhw
1072:../Libraries/iLLD/TC4xx/Tricore/Cpu/Std/IfxCpu_IntrinsicsGcc.h ****  */
1073:../Libraries/iLLD/TC4xx/Tricore/Cpu/Std/IfxCpu_IntrinsicsGcc.h **** IFX_INLINE __packhw Ifx__inserthw1(__packhw a, sint16 b)
1074:../Libraries/iLLD/TC4xx/Tricore/Cpu/Std/IfxCpu_IntrinsicsGcc.h **** {
1075:../Libraries/iLLD/TC4xx/Tricore/Cpu/Std/IfxCpu_IntrinsicsGcc.h ****     __packhw res;
1076:../Libraries/iLLD/TC4xx/Tricore/Cpu/Std/IfxCpu_IntrinsicsGcc.h ****     __asm__ volatile ("insert  %0,%1,%2,0,16"
1077:../Libraries/iLLD/TC4xx/Tricore/Cpu/Std/IfxCpu_IntrinsicsGcc.h ****                       :"=d"(res):"d"(a), "d"(b):"memory");
1078:../Libraries/iLLD/TC4xx/Tricore/Cpu/Std/IfxCpu_IntrinsicsGcc.h ****     return res;
1079:../Libraries/iLLD/TC4xx/Tricore/Cpu/Std/IfxCpu_IntrinsicsGcc.h **** }
1080:../Libraries/iLLD/TC4xx/Tricore/Cpu/Std/IfxCpu_IntrinsicsGcc.h **** 
1081:../Libraries/iLLD/TC4xx/Tricore/Cpu/Std/IfxCpu_IntrinsicsGcc.h **** /**  Insert sint16 into second halfword of a __packhw
1082:../Libraries/iLLD/TC4xx/Tricore/Cpu/Std/IfxCpu_IntrinsicsGcc.h ****  */
1083:../Libraries/iLLD/TC4xx/Tricore/Cpu/Std/IfxCpu_IntrinsicsGcc.h **** IFX_INLINE __packhw Ifx__inserthw2(__packhw a, sint16 b)
1084:../Libraries/iLLD/TC4xx/Tricore/Cpu/Std/IfxCpu_IntrinsicsGcc.h **** {
1085:../Libraries/iLLD/TC4xx/Tricore/Cpu/Std/IfxCpu_IntrinsicsGcc.h ****     __packhw res;
1086:../Libraries/iLLD/TC4xx/Tricore/Cpu/Std/IfxCpu_IntrinsicsGcc.h ****     __asm__ volatile ("insert  %0,%1,%2,16,16"
1087:../Libraries/iLLD/TC4xx/Tricore/Cpu/Std/IfxCpu_IntrinsicsGcc.h ****                       :"=d"(res):"d"(a), "d"(b):"memory");
1088:../Libraries/iLLD/TC4xx/Tricore/Cpu/Std/IfxCpu_IntrinsicsGcc.h ****     return res;
1089:../Libraries/iLLD/TC4xx/Tricore/Cpu/Std/IfxCpu_IntrinsicsGcc.h **** }
1090:../Libraries/iLLD/TC4xx/Tricore/Cpu/Std/IfxCpu_IntrinsicsGcc.h **** 
1091:../Libraries/iLLD/TC4xx/Tricore/Cpu/Std/IfxCpu_IntrinsicsGcc.h **** /** Insert uint16 into first halfword of a __upackhw
1092:../Libraries/iLLD/TC4xx/Tricore/Cpu/Std/IfxCpu_IntrinsicsGcc.h ****  */
1093:../Libraries/iLLD/TC4xx/Tricore/Cpu/Std/IfxCpu_IntrinsicsGcc.h **** IFX_INLINE __upackhw    Ifx__insertuhw1( __upackhw a, uint16 b)
1094:../Libraries/iLLD/TC4xx/Tricore/Cpu/Std/IfxCpu_IntrinsicsGcc.h **** {
1095:../Libraries/iLLD/TC4xx/Tricore/Cpu/Std/IfxCpu_IntrinsicsGcc.h ****     __upackhw res;
1096:../Libraries/iLLD/TC4xx/Tricore/Cpu/Std/IfxCpu_IntrinsicsGcc.h ****     __asm__ volatile ("insert  %0,%1,%2,0,16"
1097:../Libraries/iLLD/TC4xx/Tricore/Cpu/Std/IfxCpu_IntrinsicsGcc.h ****                       :"=d"(res):"d"(a), "d"(b):"memory");
1098:../Libraries/iLLD/TC4xx/Tricore/Cpu/Std/IfxCpu_IntrinsicsGcc.h ****     return res;
1099:../Libraries/iLLD/TC4xx/Tricore/Cpu/Std/IfxCpu_IntrinsicsGcc.h **** }
1100:../Libraries/iLLD/TC4xx/Tricore/Cpu/Std/IfxCpu_IntrinsicsGcc.h **** 
1101:../Libraries/iLLD/TC4xx/Tricore/Cpu/Std/IfxCpu_IntrinsicsGcc.h **** /** Insert uint16 into second halfword of a __upackhw
1102:../Libraries/iLLD/TC4xx/Tricore/Cpu/Std/IfxCpu_IntrinsicsGcc.h ****  */
1103:../Libraries/iLLD/TC4xx/Tricore/Cpu/Std/IfxCpu_IntrinsicsGcc.h **** IFX_INLINE __upackhw    Ifx__insertuhw2( __upackhw a, uint16 b)
1104:../Libraries/iLLD/TC4xx/Tricore/Cpu/Std/IfxCpu_IntrinsicsGcc.h **** {
1105:../Libraries/iLLD/TC4xx/Tricore/Cpu/Std/IfxCpu_IntrinsicsGcc.h ****     __upackhw res;
1106:../Libraries/iLLD/TC4xx/Tricore/Cpu/Std/IfxCpu_IntrinsicsGcc.h ****     __asm__ volatile ("insert  %0,%1,%2,16,16"
1107:../Libraries/iLLD/TC4xx/Tricore/Cpu/Std/IfxCpu_IntrinsicsGcc.h ****                       :"=d"(res):"d"(a), "d"(b):"memory");
1108:../Libraries/iLLD/TC4xx/Tricore/Cpu/Std/IfxCpu_IntrinsicsGcc.h ****     return res;
1109:../Libraries/iLLD/TC4xx/Tricore/Cpu/Std/IfxCpu_IntrinsicsGcc.h **** }
1110:../Libraries/iLLD/TC4xx/Tricore/Cpu/Std/IfxCpu_IntrinsicsGcc.h **** 
1111:../Libraries/iLLD/TC4xx/Tricore/Cpu/Std/IfxCpu_IntrinsicsGcc.h **** /**  Minimum of two  __packb values
1112:../Libraries/iLLD/TC4xx/Tricore/Cpu/Std/IfxCpu_IntrinsicsGcc.h ****  */
1113:../Libraries/iLLD/TC4xx/Tricore/Cpu/Std/IfxCpu_IntrinsicsGcc.h **** IFX_INLINE __packb Ifx__minb(__packb a, __packb b)
1114:../Libraries/iLLD/TC4xx/Tricore/Cpu/Std/IfxCpu_IntrinsicsGcc.h **** {
1115:../Libraries/iLLD/TC4xx/Tricore/Cpu/Std/IfxCpu_IntrinsicsGcc.h ****     __packb res;
1116:../Libraries/iLLD/TC4xx/Tricore/Cpu/Std/IfxCpu_IntrinsicsGcc.h ****     __asm__ volatile ("min.b %0,%1,%2"
1117:../Libraries/iLLD/TC4xx/Tricore/Cpu/Std/IfxCpu_IntrinsicsGcc.h ****                       :"=d"(res):"d"(a), "d"(b):"memory");
1118:../Libraries/iLLD/TC4xx/Tricore/Cpu/Std/IfxCpu_IntrinsicsGcc.h ****     return res;
1119:../Libraries/iLLD/TC4xx/Tricore/Cpu/Std/IfxCpu_IntrinsicsGcc.h **** }
1120:../Libraries/iLLD/TC4xx/Tricore/Cpu/Std/IfxCpu_IntrinsicsGcc.h **** 
1121:../Libraries/iLLD/TC4xx/Tricore/Cpu/Std/IfxCpu_IntrinsicsGcc.h **** /**  Minimum of two __upackb  values
1122:../Libraries/iLLD/TC4xx/Tricore/Cpu/Std/IfxCpu_IntrinsicsGcc.h ****  */
1123:../Libraries/iLLD/TC4xx/Tricore/Cpu/Std/IfxCpu_IntrinsicsGcc.h **** IFX_INLINE __upackb     Ifx__minbu( __upackb  a, __upackb  b)
1124:../Libraries/iLLD/TC4xx/Tricore/Cpu/Std/IfxCpu_IntrinsicsGcc.h **** {
1125:../Libraries/iLLD/TC4xx/Tricore/Cpu/Std/IfxCpu_IntrinsicsGcc.h ****     __upackb res;
1126:../Libraries/iLLD/TC4xx/Tricore/Cpu/Std/IfxCpu_IntrinsicsGcc.h ****     __asm__ volatile ("min.bu %0,%1,%2"
1127:../Libraries/iLLD/TC4xx/Tricore/Cpu/Std/IfxCpu_IntrinsicsGcc.h ****                       :"=d"(res):"d"(a), "d"(b):"memory");
1128:../Libraries/iLLD/TC4xx/Tricore/Cpu/Std/IfxCpu_IntrinsicsGcc.h ****     return res;
1129:../Libraries/iLLD/TC4xx/Tricore/Cpu/Std/IfxCpu_IntrinsicsGcc.h **** }
1130:../Libraries/iLLD/TC4xx/Tricore/Cpu/Std/IfxCpu_IntrinsicsGcc.h **** 
1131:../Libraries/iLLD/TC4xx/Tricore/Cpu/Std/IfxCpu_IntrinsicsGcc.h **** /**  Minimum of two  __packhw values
1132:../Libraries/iLLD/TC4xx/Tricore/Cpu/Std/IfxCpu_IntrinsicsGcc.h ****  */
1133:../Libraries/iLLD/TC4xx/Tricore/Cpu/Std/IfxCpu_IntrinsicsGcc.h **** IFX_INLINE __packhw Ifx__minh(__packhw a, __packhw b)
1134:../Libraries/iLLD/TC4xx/Tricore/Cpu/Std/IfxCpu_IntrinsicsGcc.h **** {
1135:../Libraries/iLLD/TC4xx/Tricore/Cpu/Std/IfxCpu_IntrinsicsGcc.h ****     __packhw res;
1136:../Libraries/iLLD/TC4xx/Tricore/Cpu/Std/IfxCpu_IntrinsicsGcc.h ****     __asm__ volatile ("min.h %0,%1,%2"
1137:../Libraries/iLLD/TC4xx/Tricore/Cpu/Std/IfxCpu_IntrinsicsGcc.h ****                       :"=d"(res):"d"(a), "d"(b):"memory");
1138:../Libraries/iLLD/TC4xx/Tricore/Cpu/Std/IfxCpu_IntrinsicsGcc.h ****     return res;
1139:../Libraries/iLLD/TC4xx/Tricore/Cpu/Std/IfxCpu_IntrinsicsGcc.h **** }
1140:../Libraries/iLLD/TC4xx/Tricore/Cpu/Std/IfxCpu_IntrinsicsGcc.h **** 
1141:../Libraries/iLLD/TC4xx/Tricore/Cpu/Std/IfxCpu_IntrinsicsGcc.h **** /**  Minimum of two __upackhw values
1142:../Libraries/iLLD/TC4xx/Tricore/Cpu/Std/IfxCpu_IntrinsicsGcc.h ****  */
1143:../Libraries/iLLD/TC4xx/Tricore/Cpu/Std/IfxCpu_IntrinsicsGcc.h **** IFX_INLINE __upackhw    Ifx__minhu( __upackhw a, __upackhw b)
1144:../Libraries/iLLD/TC4xx/Tricore/Cpu/Std/IfxCpu_IntrinsicsGcc.h **** {
1145:../Libraries/iLLD/TC4xx/Tricore/Cpu/Std/IfxCpu_IntrinsicsGcc.h ****     __upackhw res;
1146:../Libraries/iLLD/TC4xx/Tricore/Cpu/Std/IfxCpu_IntrinsicsGcc.h ****     __asm__ volatile ("min.hu %0,%1,%2"
1147:../Libraries/iLLD/TC4xx/Tricore/Cpu/Std/IfxCpu_IntrinsicsGcc.h ****                       :"=d"(res):"d"(a), "d"(b):"memory");
1148:../Libraries/iLLD/TC4xx/Tricore/Cpu/Std/IfxCpu_IntrinsicsGcc.h ****     return res;
1149:../Libraries/iLLD/TC4xx/Tricore/Cpu/Std/IfxCpu_IntrinsicsGcc.h **** }
1150:../Libraries/iLLD/TC4xx/Tricore/Cpu/Std/IfxCpu_IntrinsicsGcc.h **** 
1151:../Libraries/iLLD/TC4xx/Tricore/Cpu/Std/IfxCpu_IntrinsicsGcc.h **** /**  Insert sint8 into first byte of a __packb
1152:../Libraries/iLLD/TC4xx/Tricore/Cpu/Std/IfxCpu_IntrinsicsGcc.h ****  */
1153:../Libraries/iLLD/TC4xx/Tricore/Cpu/Std/IfxCpu_IntrinsicsGcc.h **** IFX_INLINE void Ifx__setbyte1(__packb* a, sint8 b)
1154:../Libraries/iLLD/TC4xx/Tricore/Cpu/Std/IfxCpu_IntrinsicsGcc.h **** {
1155:../Libraries/iLLD/TC4xx/Tricore/Cpu/Std/IfxCpu_IntrinsicsGcc.h ****     __asm__ volatile ("ld.w  %%d15,[%0] \n\
1156:../Libraries/iLLD/TC4xx/Tricore/Cpu/Std/IfxCpu_IntrinsicsGcc.h ****                     insert  %%d15,%%d15,%1,0,8 \n\
1157:../Libraries/iLLD/TC4xx/Tricore/Cpu/Std/IfxCpu_IntrinsicsGcc.h ****                     st.w [%0],%%d15"
1158:../Libraries/iLLD/TC4xx/Tricore/Cpu/Std/IfxCpu_IntrinsicsGcc.h ****                       ::"a"(a), "d"(b):"d15", "memory");
1159:../Libraries/iLLD/TC4xx/Tricore/Cpu/Std/IfxCpu_IntrinsicsGcc.h **** }
1160:../Libraries/iLLD/TC4xx/Tricore/Cpu/Std/IfxCpu_IntrinsicsGcc.h **** 
1161:../Libraries/iLLD/TC4xx/Tricore/Cpu/Std/IfxCpu_IntrinsicsGcc.h **** /**  Insert sint8 into second byte of a __packb
1162:../Libraries/iLLD/TC4xx/Tricore/Cpu/Std/IfxCpu_IntrinsicsGcc.h ****  */
1163:../Libraries/iLLD/TC4xx/Tricore/Cpu/Std/IfxCpu_IntrinsicsGcc.h **** IFX_INLINE void Ifx__setbyte2(__packb* a, sint8 b)
1164:../Libraries/iLLD/TC4xx/Tricore/Cpu/Std/IfxCpu_IntrinsicsGcc.h **** {
1165:../Libraries/iLLD/TC4xx/Tricore/Cpu/Std/IfxCpu_IntrinsicsGcc.h ****     __asm__ volatile ("ld.w  %%d15,[%0] \n\
1166:../Libraries/iLLD/TC4xx/Tricore/Cpu/Std/IfxCpu_IntrinsicsGcc.h ****                     insert  %%d15,%%d15,%1,8,8 \n\
1167:../Libraries/iLLD/TC4xx/Tricore/Cpu/Std/IfxCpu_IntrinsicsGcc.h ****                     st.w [%0],%%d15"
1168:../Libraries/iLLD/TC4xx/Tricore/Cpu/Std/IfxCpu_IntrinsicsGcc.h ****                       ::"a"(a), "d"(b):"d15", "memory");
1169:../Libraries/iLLD/TC4xx/Tricore/Cpu/Std/IfxCpu_IntrinsicsGcc.h **** }
1170:../Libraries/iLLD/TC4xx/Tricore/Cpu/Std/IfxCpu_IntrinsicsGcc.h **** 
1171:../Libraries/iLLD/TC4xx/Tricore/Cpu/Std/IfxCpu_IntrinsicsGcc.h **** /**  Insert sint8 into third byte of a __packb
1172:../Libraries/iLLD/TC4xx/Tricore/Cpu/Std/IfxCpu_IntrinsicsGcc.h ****  */
1173:../Libraries/iLLD/TC4xx/Tricore/Cpu/Std/IfxCpu_IntrinsicsGcc.h **** IFX_INLINE void Ifx__setbyte3(__packb* a, sint8 b)
1174:../Libraries/iLLD/TC4xx/Tricore/Cpu/Std/IfxCpu_IntrinsicsGcc.h **** {
1175:../Libraries/iLLD/TC4xx/Tricore/Cpu/Std/IfxCpu_IntrinsicsGcc.h ****     __asm__ volatile ("ld.w  %%d15,[%0] \n\
1176:../Libraries/iLLD/TC4xx/Tricore/Cpu/Std/IfxCpu_IntrinsicsGcc.h ****                     insert  %%d15,%%d15,%1,16,8 \n\
1177:../Libraries/iLLD/TC4xx/Tricore/Cpu/Std/IfxCpu_IntrinsicsGcc.h ****                     st.w [%0],%%d15"
1178:../Libraries/iLLD/TC4xx/Tricore/Cpu/Std/IfxCpu_IntrinsicsGcc.h ****                       ::"a"(a), "d"(b):"d15", "memory");
1179:../Libraries/iLLD/TC4xx/Tricore/Cpu/Std/IfxCpu_IntrinsicsGcc.h **** }
1180:../Libraries/iLLD/TC4xx/Tricore/Cpu/Std/IfxCpu_IntrinsicsGcc.h **** 
1181:../Libraries/iLLD/TC4xx/Tricore/Cpu/Std/IfxCpu_IntrinsicsGcc.h **** /**  Insert sint8 into fourth byte of a __packb
1182:../Libraries/iLLD/TC4xx/Tricore/Cpu/Std/IfxCpu_IntrinsicsGcc.h ****  */
1183:../Libraries/iLLD/TC4xx/Tricore/Cpu/Std/IfxCpu_IntrinsicsGcc.h **** IFX_INLINE void Ifx__setbyte4(__packb* a, sint8 b)
1184:../Libraries/iLLD/TC4xx/Tricore/Cpu/Std/IfxCpu_IntrinsicsGcc.h **** {
1185:../Libraries/iLLD/TC4xx/Tricore/Cpu/Std/IfxCpu_IntrinsicsGcc.h ****     __asm__ volatile ("ld.w  %%d15,[%0] \n\
1186:../Libraries/iLLD/TC4xx/Tricore/Cpu/Std/IfxCpu_IntrinsicsGcc.h ****                     insert  %%d15,%%d15,%1,24,8 \n\
1187:../Libraries/iLLD/TC4xx/Tricore/Cpu/Std/IfxCpu_IntrinsicsGcc.h ****                     st.w [%0],%%d15"
1188:../Libraries/iLLD/TC4xx/Tricore/Cpu/Std/IfxCpu_IntrinsicsGcc.h ****                       ::"a"(a), "d"(b):"d15", "memory");
1189:../Libraries/iLLD/TC4xx/Tricore/Cpu/Std/IfxCpu_IntrinsicsGcc.h **** }
1190:../Libraries/iLLD/TC4xx/Tricore/Cpu/Std/IfxCpu_IntrinsicsGcc.h **** 
1191:../Libraries/iLLD/TC4xx/Tricore/Cpu/Std/IfxCpu_IntrinsicsGcc.h **** /**  Insert sint16 into first halfword of a __packhw
1192:../Libraries/iLLD/TC4xx/Tricore/Cpu/Std/IfxCpu_IntrinsicsGcc.h ****  */
1193:../Libraries/iLLD/TC4xx/Tricore/Cpu/Std/IfxCpu_IntrinsicsGcc.h **** IFX_INLINE void Ifx__sethw1(__packhw* a, sint16 b)
1194:../Libraries/iLLD/TC4xx/Tricore/Cpu/Std/IfxCpu_IntrinsicsGcc.h **** {
1195:../Libraries/iLLD/TC4xx/Tricore/Cpu/Std/IfxCpu_IntrinsicsGcc.h ****     __asm__ volatile ("ld.w  %%d15,[%0] \n\
1196:../Libraries/iLLD/TC4xx/Tricore/Cpu/Std/IfxCpu_IntrinsicsGcc.h ****                     insert  %%d15,%%d15,%1,0,16 \n\
1197:../Libraries/iLLD/TC4xx/Tricore/Cpu/Std/IfxCpu_IntrinsicsGcc.h ****                     st.w [%0],%%d15"
1198:../Libraries/iLLD/TC4xx/Tricore/Cpu/Std/IfxCpu_IntrinsicsGcc.h ****                       ::"a"(a), "d"(b):"d15", "memory");
1199:../Libraries/iLLD/TC4xx/Tricore/Cpu/Std/IfxCpu_IntrinsicsGcc.h **** }
1200:../Libraries/iLLD/TC4xx/Tricore/Cpu/Std/IfxCpu_IntrinsicsGcc.h **** 
1201:../Libraries/iLLD/TC4xx/Tricore/Cpu/Std/IfxCpu_IntrinsicsGcc.h **** /**  Insert sint16 into second halfword of a __packhw
1202:../Libraries/iLLD/TC4xx/Tricore/Cpu/Std/IfxCpu_IntrinsicsGcc.h ****  */
1203:../Libraries/iLLD/TC4xx/Tricore/Cpu/Std/IfxCpu_IntrinsicsGcc.h **** IFX_INLINE void Ifx__sethw2(__packhw* a, sint16 b)
1204:../Libraries/iLLD/TC4xx/Tricore/Cpu/Std/IfxCpu_IntrinsicsGcc.h **** {
1205:../Libraries/iLLD/TC4xx/Tricore/Cpu/Std/IfxCpu_IntrinsicsGcc.h ****     __asm__ volatile ("ld.w  %%d15,[%0] \n\
1206:../Libraries/iLLD/TC4xx/Tricore/Cpu/Std/IfxCpu_IntrinsicsGcc.h ****                     insert  %%d15,%%d15,%1,16,16 \n\
1207:../Libraries/iLLD/TC4xx/Tricore/Cpu/Std/IfxCpu_IntrinsicsGcc.h ****                     st.w [%0],%%d15"
1208:../Libraries/iLLD/TC4xx/Tricore/Cpu/Std/IfxCpu_IntrinsicsGcc.h ****                       ::"a"(a), "d"(b):"d15", "memory");
1209:../Libraries/iLLD/TC4xx/Tricore/Cpu/Std/IfxCpu_IntrinsicsGcc.h **** }
1210:../Libraries/iLLD/TC4xx/Tricore/Cpu/Std/IfxCpu_IntrinsicsGcc.h **** 
1211:../Libraries/iLLD/TC4xx/Tricore/Cpu/Std/IfxCpu_IntrinsicsGcc.h **** /**  Insert uint8 into first byte of a __upackb
1212:../Libraries/iLLD/TC4xx/Tricore/Cpu/Std/IfxCpu_IntrinsicsGcc.h ****  */
1213:../Libraries/iLLD/TC4xx/Tricore/Cpu/Std/IfxCpu_IntrinsicsGcc.h **** IFX_INLINE void Ifx__setubyte1(__upackb* a, uint8 b)
1214:../Libraries/iLLD/TC4xx/Tricore/Cpu/Std/IfxCpu_IntrinsicsGcc.h **** {
1215:../Libraries/iLLD/TC4xx/Tricore/Cpu/Std/IfxCpu_IntrinsicsGcc.h ****     __asm__ volatile ("ld.w  %%d15,[%0] \n\
1216:../Libraries/iLLD/TC4xx/Tricore/Cpu/Std/IfxCpu_IntrinsicsGcc.h ****                     insert  %%d15,%%d15,%1,0,8 \n\
1217:../Libraries/iLLD/TC4xx/Tricore/Cpu/Std/IfxCpu_IntrinsicsGcc.h ****                     st.w [%0],%%d15"
1218:../Libraries/iLLD/TC4xx/Tricore/Cpu/Std/IfxCpu_IntrinsicsGcc.h ****                       ::"a"(a), "d"(b):"d15", "memory");
1219:../Libraries/iLLD/TC4xx/Tricore/Cpu/Std/IfxCpu_IntrinsicsGcc.h **** }
1220:../Libraries/iLLD/TC4xx/Tricore/Cpu/Std/IfxCpu_IntrinsicsGcc.h **** 
1221:../Libraries/iLLD/TC4xx/Tricore/Cpu/Std/IfxCpu_IntrinsicsGcc.h **** /**  Insert uint8 into second byte of a __upackb
1222:../Libraries/iLLD/TC4xx/Tricore/Cpu/Std/IfxCpu_IntrinsicsGcc.h ****  */
1223:../Libraries/iLLD/TC4xx/Tricore/Cpu/Std/IfxCpu_IntrinsicsGcc.h **** IFX_INLINE void Ifx__setubyte2(__upackb* a, uint8 b)
1224:../Libraries/iLLD/TC4xx/Tricore/Cpu/Std/IfxCpu_IntrinsicsGcc.h **** {
1225:../Libraries/iLLD/TC4xx/Tricore/Cpu/Std/IfxCpu_IntrinsicsGcc.h ****     __asm__ volatile ("ld.w  %%d15,[%0] \n\
1226:../Libraries/iLLD/TC4xx/Tricore/Cpu/Std/IfxCpu_IntrinsicsGcc.h ****                     insert  %%d15,%%d15,%1,8,8 \n\
1227:../Libraries/iLLD/TC4xx/Tricore/Cpu/Std/IfxCpu_IntrinsicsGcc.h ****                     st.w [%0],%%d15"
1228:../Libraries/iLLD/TC4xx/Tricore/Cpu/Std/IfxCpu_IntrinsicsGcc.h ****                       ::"a"(a), "d"(b):"d15", "memory");
1229:../Libraries/iLLD/TC4xx/Tricore/Cpu/Std/IfxCpu_IntrinsicsGcc.h **** }
1230:../Libraries/iLLD/TC4xx/Tricore/Cpu/Std/IfxCpu_IntrinsicsGcc.h **** 
1231:../Libraries/iLLD/TC4xx/Tricore/Cpu/Std/IfxCpu_IntrinsicsGcc.h **** /**  Insert uint8 into third byte of a __upackb
1232:../Libraries/iLLD/TC4xx/Tricore/Cpu/Std/IfxCpu_IntrinsicsGcc.h ****  */
1233:../Libraries/iLLD/TC4xx/Tricore/Cpu/Std/IfxCpu_IntrinsicsGcc.h **** IFX_INLINE void Ifx__setubyte3(__upackb* a, uint8 b)
1234:../Libraries/iLLD/TC4xx/Tricore/Cpu/Std/IfxCpu_IntrinsicsGcc.h **** {
1235:../Libraries/iLLD/TC4xx/Tricore/Cpu/Std/IfxCpu_IntrinsicsGcc.h ****     __asm__ volatile ("ld.w  %%d15,[%0] \n\
1236:../Libraries/iLLD/TC4xx/Tricore/Cpu/Std/IfxCpu_IntrinsicsGcc.h ****                     insert  %%d15,%%d15,%1,16,8 \n\
1237:../Libraries/iLLD/TC4xx/Tricore/Cpu/Std/IfxCpu_IntrinsicsGcc.h ****                     st.w [%0],%%d15"
1238:../Libraries/iLLD/TC4xx/Tricore/Cpu/Std/IfxCpu_IntrinsicsGcc.h ****                       ::"a"(a), "d"(b):"d15", "memory");
1239:../Libraries/iLLD/TC4xx/Tricore/Cpu/Std/IfxCpu_IntrinsicsGcc.h **** }
1240:../Libraries/iLLD/TC4xx/Tricore/Cpu/Std/IfxCpu_IntrinsicsGcc.h **** 
1241:../Libraries/iLLD/TC4xx/Tricore/Cpu/Std/IfxCpu_IntrinsicsGcc.h **** /**  Insert uint8 into fourth byte of a __upackb
1242:../Libraries/iLLD/TC4xx/Tricore/Cpu/Std/IfxCpu_IntrinsicsGcc.h ****  */
1243:../Libraries/iLLD/TC4xx/Tricore/Cpu/Std/IfxCpu_IntrinsicsGcc.h **** IFX_INLINE void Ifx__setubyte4(__upackb* a, uint8 b)
1244:../Libraries/iLLD/TC4xx/Tricore/Cpu/Std/IfxCpu_IntrinsicsGcc.h **** {
1245:../Libraries/iLLD/TC4xx/Tricore/Cpu/Std/IfxCpu_IntrinsicsGcc.h ****     __asm__ volatile ("ld.w  %%d15,[%0] \n\
1246:../Libraries/iLLD/TC4xx/Tricore/Cpu/Std/IfxCpu_IntrinsicsGcc.h ****                     insert  %%d15,%%d15,%1,24,8 \n\
1247:../Libraries/iLLD/TC4xx/Tricore/Cpu/Std/IfxCpu_IntrinsicsGcc.h ****                     st.w [%0],%%d15"
1248:../Libraries/iLLD/TC4xx/Tricore/Cpu/Std/IfxCpu_IntrinsicsGcc.h ****                       ::"a"(a), "d"(b):"d15", "memory");
1249:../Libraries/iLLD/TC4xx/Tricore/Cpu/Std/IfxCpu_IntrinsicsGcc.h **** }
1250:../Libraries/iLLD/TC4xx/Tricore/Cpu/Std/IfxCpu_IntrinsicsGcc.h **** 
1251:../Libraries/iLLD/TC4xx/Tricore/Cpu/Std/IfxCpu_IntrinsicsGcc.h **** /**  Insert uint16 into first halfword of a __upackhw
1252:../Libraries/iLLD/TC4xx/Tricore/Cpu/Std/IfxCpu_IntrinsicsGcc.h ****  */
1253:../Libraries/iLLD/TC4xx/Tricore/Cpu/Std/IfxCpu_IntrinsicsGcc.h **** IFX_INLINE void Ifx__setuhw1(__upackhw* a, uint16 b)
1254:../Libraries/iLLD/TC4xx/Tricore/Cpu/Std/IfxCpu_IntrinsicsGcc.h **** {
1255:../Libraries/iLLD/TC4xx/Tricore/Cpu/Std/IfxCpu_IntrinsicsGcc.h ****     __asm__ volatile ("ld.w  %%d15,[%0] \n\
1256:../Libraries/iLLD/TC4xx/Tricore/Cpu/Std/IfxCpu_IntrinsicsGcc.h ****                     insert  %%d15,%%d15,%1,0,16 \n\
1257:../Libraries/iLLD/TC4xx/Tricore/Cpu/Std/IfxCpu_IntrinsicsGcc.h ****                     st.w [%0],%%d15"
1258:../Libraries/iLLD/TC4xx/Tricore/Cpu/Std/IfxCpu_IntrinsicsGcc.h ****                       ::"a"(a), "d"(b):"d15", "memory");
1259:../Libraries/iLLD/TC4xx/Tricore/Cpu/Std/IfxCpu_IntrinsicsGcc.h **** }
1260:../Libraries/iLLD/TC4xx/Tricore/Cpu/Std/IfxCpu_IntrinsicsGcc.h **** 
1261:../Libraries/iLLD/TC4xx/Tricore/Cpu/Std/IfxCpu_IntrinsicsGcc.h **** /**  Insert uint16 into second halfword of a __upackhw
1262:../Libraries/iLLD/TC4xx/Tricore/Cpu/Std/IfxCpu_IntrinsicsGcc.h ****  */
1263:../Libraries/iLLD/TC4xx/Tricore/Cpu/Std/IfxCpu_IntrinsicsGcc.h **** IFX_INLINE void Ifx__setuhw2(__upackhw* a, uint16 b)
1264:../Libraries/iLLD/TC4xx/Tricore/Cpu/Std/IfxCpu_IntrinsicsGcc.h **** {
1265:../Libraries/iLLD/TC4xx/Tricore/Cpu/Std/IfxCpu_IntrinsicsGcc.h ****     __asm__ volatile ("ld.w  %%d15,[%0] \n\
1266:../Libraries/iLLD/TC4xx/Tricore/Cpu/Std/IfxCpu_IntrinsicsGcc.h ****                     insert  %%d15,%%d15,%1,16,16 \n\
1267:../Libraries/iLLD/TC4xx/Tricore/Cpu/Std/IfxCpu_IntrinsicsGcc.h ****                     st.w [%0],%%d15"
1268:../Libraries/iLLD/TC4xx/Tricore/Cpu/Std/IfxCpu_IntrinsicsGcc.h ****                       ::"a"(a), "d"(b):"d15", "memory");
1269:../Libraries/iLLD/TC4xx/Tricore/Cpu/Std/IfxCpu_IntrinsicsGcc.h **** }
1270:../Libraries/iLLD/TC4xx/Tricore/Cpu/Std/IfxCpu_IntrinsicsGcc.h **** 
1271:../Libraries/iLLD/TC4xx/Tricore/Cpu/Std/IfxCpu_IntrinsicsGcc.h **** /** \} */
1272:../Libraries/iLLD/TC4xx/Tricore/Cpu/Std/IfxCpu_IntrinsicsGcc.h **** 
1273:../Libraries/iLLD/TC4xx/Tricore/Cpu/Std/IfxCpu_IntrinsicsGcc.h **** /** \defgroup IfxLld_Cpu_Intrinsics_Gnucregister Register Handling
1274:../Libraries/iLLD/TC4xx/Tricore/Cpu/Std/IfxCpu_IntrinsicsGcc.h ****  The next table provides an overview of the intrinsic functions that you can use to access control 
1275:../Libraries/iLLD/TC4xx/Tricore/Cpu/Std/IfxCpu_IntrinsicsGcc.h ****  * \ingroup IfxLld_Cpu_Intrinsics_Gnuc
1276:../Libraries/iLLD/TC4xx/Tricore/Cpu/Std/IfxCpu_IntrinsicsGcc.h ****  * \{
1277:../Libraries/iLLD/TC4xx/Tricore/Cpu/Std/IfxCpu_IntrinsicsGcc.h ****  */
1278:../Libraries/iLLD/TC4xx/Tricore/Cpu/Std/IfxCpu_IntrinsicsGcc.h **** 
1279:../Libraries/iLLD/TC4xx/Tricore/Cpu/Std/IfxCpu_IntrinsicsGcc.h **** /**  Return absolute value
1280:../Libraries/iLLD/TC4xx/Tricore/Cpu/Std/IfxCpu_IntrinsicsGcc.h ****  */
1281:../Libraries/iLLD/TC4xx/Tricore/Cpu/Std/IfxCpu_IntrinsicsGcc.h **** #define Ifx__abs(a) __builtin_abs(a)
1282:../Libraries/iLLD/TC4xx/Tricore/Cpu/Std/IfxCpu_IntrinsicsGcc.h **** 
1283:../Libraries/iLLD/TC4xx/Tricore/Cpu/Std/IfxCpu_IntrinsicsGcc.h **** /** Return absolue difference of two integers
1284:../Libraries/iLLD/TC4xx/Tricore/Cpu/Std/IfxCpu_IntrinsicsGcc.h ****  */
1285:../Libraries/iLLD/TC4xx/Tricore/Cpu/Std/IfxCpu_IntrinsicsGcc.h **** IFX_INLINE sint32 Ifx__absdif(sint32 a, sint32 b)
1286:../Libraries/iLLD/TC4xx/Tricore/Cpu/Std/IfxCpu_IntrinsicsGcc.h **** {
1287:../Libraries/iLLD/TC4xx/Tricore/Cpu/Std/IfxCpu_IntrinsicsGcc.h ****     sint32 res;
1288:../Libraries/iLLD/TC4xx/Tricore/Cpu/Std/IfxCpu_IntrinsicsGcc.h ****     __asm__ volatile ("absdif %0, %1, %2": "=d" (res) : "d" (a), "d" (b));
1289:../Libraries/iLLD/TC4xx/Tricore/Cpu/Std/IfxCpu_IntrinsicsGcc.h ****     return res;
1290:../Libraries/iLLD/TC4xx/Tricore/Cpu/Std/IfxCpu_IntrinsicsGcc.h **** }
1291:../Libraries/iLLD/TC4xx/Tricore/Cpu/Std/IfxCpu_IntrinsicsGcc.h **** 
1292:../Libraries/iLLD/TC4xx/Tricore/Cpu/Std/IfxCpu_IntrinsicsGcc.h **** /**  Return absolute value with saturation
1293:../Libraries/iLLD/TC4xx/Tricore/Cpu/Std/IfxCpu_IntrinsicsGcc.h ****  */
1294:../Libraries/iLLD/TC4xx/Tricore/Cpu/Std/IfxCpu_IntrinsicsGcc.h **** IFX_INLINE sint32 Ifx__abss(sint32 a)
1295:../Libraries/iLLD/TC4xx/Tricore/Cpu/Std/IfxCpu_IntrinsicsGcc.h **** {
1296:../Libraries/iLLD/TC4xx/Tricore/Cpu/Std/IfxCpu_IntrinsicsGcc.h ****     sint32 res;
1297:../Libraries/iLLD/TC4xx/Tricore/Cpu/Std/IfxCpu_IntrinsicsGcc.h ****     __asm__ volatile ("abss %0, %1": "=d" (res) : "d" (a));
1298:../Libraries/iLLD/TC4xx/Tricore/Cpu/Std/IfxCpu_IntrinsicsGcc.h ****     return res;
1299:../Libraries/iLLD/TC4xx/Tricore/Cpu/Std/IfxCpu_IntrinsicsGcc.h **** }
1300:../Libraries/iLLD/TC4xx/Tricore/Cpu/Std/IfxCpu_IntrinsicsGcc.h **** 
1301:../Libraries/iLLD/TC4xx/Tricore/Cpu/Std/IfxCpu_IntrinsicsGcc.h **** /**  Count leading ones in int
1302:../Libraries/iLLD/TC4xx/Tricore/Cpu/Std/IfxCpu_IntrinsicsGcc.h ****  */
1303:../Libraries/iLLD/TC4xx/Tricore/Cpu/Std/IfxCpu_IntrinsicsGcc.h **** IFX_INLINE sint32 Ifx__clo(sint32 a)
1304:../Libraries/iLLD/TC4xx/Tricore/Cpu/Std/IfxCpu_IntrinsicsGcc.h **** {
1305:../Libraries/iLLD/TC4xx/Tricore/Cpu/Std/IfxCpu_IntrinsicsGcc.h ****     sint32 res;
1306:../Libraries/iLLD/TC4xx/Tricore/Cpu/Std/IfxCpu_IntrinsicsGcc.h ****     __asm__ volatile ("clo %0,%1":"=d"(res):"d"(a));
1307:../Libraries/iLLD/TC4xx/Tricore/Cpu/Std/IfxCpu_IntrinsicsGcc.h ****     return res;
1308:../Libraries/iLLD/TC4xx/Tricore/Cpu/Std/IfxCpu_IntrinsicsGcc.h **** }
1309:../Libraries/iLLD/TC4xx/Tricore/Cpu/Std/IfxCpu_IntrinsicsGcc.h **** 
1310:../Libraries/iLLD/TC4xx/Tricore/Cpu/Std/IfxCpu_IntrinsicsGcc.h **** /**  Count number of redundant sign bits (all consecutive bits with the same value as bit 31
1311:../Libraries/iLLD/TC4xx/Tricore/Cpu/Std/IfxCpu_IntrinsicsGcc.h ****  */
1312:../Libraries/iLLD/TC4xx/Tricore/Cpu/Std/IfxCpu_IntrinsicsGcc.h **** IFX_INLINE sint32 Ifx__cls(sint32 a)
1313:../Libraries/iLLD/TC4xx/Tricore/Cpu/Std/IfxCpu_IntrinsicsGcc.h **** {
1314:../Libraries/iLLD/TC4xx/Tricore/Cpu/Std/IfxCpu_IntrinsicsGcc.h ****     sint32 res;
1315:../Libraries/iLLD/TC4xx/Tricore/Cpu/Std/IfxCpu_IntrinsicsGcc.h ****     __asm__ volatile ("cls %0,%1":"=d"(res):"d"(a));
1316:../Libraries/iLLD/TC4xx/Tricore/Cpu/Std/IfxCpu_IntrinsicsGcc.h ****     return res;
1317:../Libraries/iLLD/TC4xx/Tricore/Cpu/Std/IfxCpu_IntrinsicsGcc.h **** }
1318:../Libraries/iLLD/TC4xx/Tricore/Cpu/Std/IfxCpu_IntrinsicsGcc.h **** 
1319:../Libraries/iLLD/TC4xx/Tricore/Cpu/Std/IfxCpu_IntrinsicsGcc.h **** /**  Count leading zeros in int
1320:../Libraries/iLLD/TC4xx/Tricore/Cpu/Std/IfxCpu_IntrinsicsGcc.h ****  */
1321:../Libraries/iLLD/TC4xx/Tricore/Cpu/Std/IfxCpu_IntrinsicsGcc.h **** #define  Ifx__clz(a) __builtin_clz(a)
1322:../Libraries/iLLD/TC4xx/Tricore/Cpu/Std/IfxCpu_IntrinsicsGcc.h **** 
1323:../Libraries/iLLD/TC4xx/Tricore/Cpu/Std/IfxCpu_IntrinsicsGcc.h **** /**  Return absolute double precision floating-point value
1324:../Libraries/iLLD/TC4xx/Tricore/Cpu/Std/IfxCpu_IntrinsicsGcc.h ****  */
1325:../Libraries/iLLD/TC4xx/Tricore/Cpu/Std/IfxCpu_IntrinsicsGcc.h **** IFX_INLINE double Ifx__fabs(double d)
1326:../Libraries/iLLD/TC4xx/Tricore/Cpu/Std/IfxCpu_IntrinsicsGcc.h **** {
1327:../Libraries/iLLD/TC4xx/Tricore/Cpu/Std/IfxCpu_IntrinsicsGcc.h ****     double res;
1328:../Libraries/iLLD/TC4xx/Tricore/Cpu/Std/IfxCpu_IntrinsicsGcc.h ****     __asm__ volatile ("insert  %0,%1,0,31,1": "=d" (res) : "d" (d):"memory");
1329:../Libraries/iLLD/TC4xx/Tricore/Cpu/Std/IfxCpu_IntrinsicsGcc.h ****     return res;
1330:../Libraries/iLLD/TC4xx/Tricore/Cpu/Std/IfxCpu_IntrinsicsGcc.h **** }
1331:../Libraries/iLLD/TC4xx/Tricore/Cpu/Std/IfxCpu_IntrinsicsGcc.h **** 
1332:../Libraries/iLLD/TC4xx/Tricore/Cpu/Std/IfxCpu_IntrinsicsGcc.h **** /**  Return absolute floating-point value
1333:../Libraries/iLLD/TC4xx/Tricore/Cpu/Std/IfxCpu_IntrinsicsGcc.h ****  */
1334:../Libraries/iLLD/TC4xx/Tricore/Cpu/Std/IfxCpu_IntrinsicsGcc.h **** IFX_INLINE float Ifx__fabsf(float f)
1335:../Libraries/iLLD/TC4xx/Tricore/Cpu/Std/IfxCpu_IntrinsicsGcc.h **** {
1336:../Libraries/iLLD/TC4xx/Tricore/Cpu/Std/IfxCpu_IntrinsicsGcc.h ****     float res;
1337:../Libraries/iLLD/TC4xx/Tricore/Cpu/Std/IfxCpu_IntrinsicsGcc.h ****     __asm__ volatile ("insert  %0,%1,0,31,1": "=d" (res) : "d" (f):"memory");
1338:../Libraries/iLLD/TC4xx/Tricore/Cpu/Std/IfxCpu_IntrinsicsGcc.h ****     return res;
1339:../Libraries/iLLD/TC4xx/Tricore/Cpu/Std/IfxCpu_IntrinsicsGcc.h **** }
1340:../Libraries/iLLD/TC4xx/Tricore/Cpu/Std/IfxCpu_IntrinsicsGcc.h **** 
1341:../Libraries/iLLD/TC4xx/Tricore/Cpu/Std/IfxCpu_IntrinsicsGcc.h **** #if !IFXCPU_INTRINSICSGNUC_USE_MACHINE_INTRINSICS
1342:../Libraries/iLLD/TC4xx/Tricore/Cpu/Std/IfxCpu_IntrinsicsGcc.h **** /**  Move contents of the addressed core SFR into a data register
1343:../Libraries/iLLD/TC4xx/Tricore/Cpu/Std/IfxCpu_IntrinsicsGcc.h ****  */
1344:../Libraries/iLLD/TC4xx/Tricore/Cpu/Std/IfxCpu_IntrinsicsGcc.h **** #define Ifx__mfcr(regaddr)  \
1345:../Libraries/iLLD/TC4xx/Tricore/Cpu/Std/IfxCpu_IntrinsicsGcc.h ****  ({ sint32 res; __asm__ volatile ("mfcr %0,%1": "=d" (res) :"i"(regaddr): "memory"); res; })
1346:../Libraries/iLLD/TC4xx/Tricore/Cpu/Std/IfxCpu_IntrinsicsGcc.h **** 
1347:../Libraries/iLLD/TC4xx/Tricore/Cpu/Std/IfxCpu_IntrinsicsGcc.h **** //({ sint32 res; __asm__ volatile ("mfcr %0,"#regaddr : "=d" (res) : : "memory"); res; })
1348:../Libraries/iLLD/TC4xx/Tricore/Cpu/Std/IfxCpu_IntrinsicsGcc.h **** 
1349:../Libraries/iLLD/TC4xx/Tricore/Cpu/Std/IfxCpu_IntrinsicsGcc.h **** /**  Move contents of a data register (second int) to the addressed core SFR (first int)
1350:../Libraries/iLLD/TC4xx/Tricore/Cpu/Std/IfxCpu_IntrinsicsGcc.h ****  */
1351:../Libraries/iLLD/TC4xx/Tricore/Cpu/Std/IfxCpu_IntrinsicsGcc.h **** #define Ifx__mtcr(regaddr,val) __asm__ volatile ("mtcr %0,%1\n\tisync"::"i"(regaddr),"d"(val):"memo
1352:../Libraries/iLLD/TC4xx/Tricore/Cpu/Std/IfxCpu_IntrinsicsGcc.h **** #endif
1353:../Libraries/iLLD/TC4xx/Tricore/Cpu/Std/IfxCpu_IntrinsicsGcc.h **** 
1354:../Libraries/iLLD/TC4xx/Tricore/Cpu/Std/IfxCpu_IntrinsicsGcc.h **** /**  Return parity
1355:../Libraries/iLLD/TC4xx/Tricore/Cpu/Std/IfxCpu_IntrinsicsGcc.h ****  */
1356:../Libraries/iLLD/TC4xx/Tricore/Cpu/Std/IfxCpu_IntrinsicsGcc.h **** IFX_INLINE sint32 Ifx__parity(sint32 a)
1357:../Libraries/iLLD/TC4xx/Tricore/Cpu/Std/IfxCpu_IntrinsicsGcc.h **** {
1358:../Libraries/iLLD/TC4xx/Tricore/Cpu/Std/IfxCpu_IntrinsicsGcc.h ****     sint32 res;
1359:../Libraries/iLLD/TC4xx/Tricore/Cpu/Std/IfxCpu_IntrinsicsGcc.h ****     __asm__ volatile ("parity  %0,%1": "=d" (res) : "d" (a):"memory");
1360:../Libraries/iLLD/TC4xx/Tricore/Cpu/Std/IfxCpu_IntrinsicsGcc.h ****     return res;
1361:../Libraries/iLLD/TC4xx/Tricore/Cpu/Std/IfxCpu_IntrinsicsGcc.h **** }
1362:../Libraries/iLLD/TC4xx/Tricore/Cpu/Std/IfxCpu_IntrinsicsGcc.h **** 
1363:../Libraries/iLLD/TC4xx/Tricore/Cpu/Std/IfxCpu_IntrinsicsGcc.h **** /**  Return saturated byte
1364:../Libraries/iLLD/TC4xx/Tricore/Cpu/Std/IfxCpu_IntrinsicsGcc.h ****  */
1365:../Libraries/iLLD/TC4xx/Tricore/Cpu/Std/IfxCpu_IntrinsicsGcc.h **** IFX_INLINE sint8 Ifx__satb(sint32 a)
1366:../Libraries/iLLD/TC4xx/Tricore/Cpu/Std/IfxCpu_IntrinsicsGcc.h **** {
1367:../Libraries/iLLD/TC4xx/Tricore/Cpu/Std/IfxCpu_IntrinsicsGcc.h ****     sint8 res;
1368:../Libraries/iLLD/TC4xx/Tricore/Cpu/Std/IfxCpu_IntrinsicsGcc.h ****     __asm__ volatile ("sat.b %0,%1":"=d"(res):"d"(a));
1369:../Libraries/iLLD/TC4xx/Tricore/Cpu/Std/IfxCpu_IntrinsicsGcc.h ****     return res;
1370:../Libraries/iLLD/TC4xx/Tricore/Cpu/Std/IfxCpu_IntrinsicsGcc.h **** }
1371:../Libraries/iLLD/TC4xx/Tricore/Cpu/Std/IfxCpu_IntrinsicsGcc.h **** 
1372:../Libraries/iLLD/TC4xx/Tricore/Cpu/Std/IfxCpu_IntrinsicsGcc.h **** /**  Return saturated uint8
1373:../Libraries/iLLD/TC4xx/Tricore/Cpu/Std/IfxCpu_IntrinsicsGcc.h ****  */
1374:../Libraries/iLLD/TC4xx/Tricore/Cpu/Std/IfxCpu_IntrinsicsGcc.h **** IFX_INLINE uint8 Ifx__satbu(uint32 a)
1375:../Libraries/iLLD/TC4xx/Tricore/Cpu/Std/IfxCpu_IntrinsicsGcc.h **** {
1376:../Libraries/iLLD/TC4xx/Tricore/Cpu/Std/IfxCpu_IntrinsicsGcc.h ****     uint8 res;
1377:../Libraries/iLLD/TC4xx/Tricore/Cpu/Std/IfxCpu_IntrinsicsGcc.h ****     __asm__ volatile ("sat.bu %0,%1":"=d"(res):"d"(a));
1378:../Libraries/iLLD/TC4xx/Tricore/Cpu/Std/IfxCpu_IntrinsicsGcc.h ****     return res;
1379:../Libraries/iLLD/TC4xx/Tricore/Cpu/Std/IfxCpu_IntrinsicsGcc.h **** }
1380:../Libraries/iLLD/TC4xx/Tricore/Cpu/Std/IfxCpu_IntrinsicsGcc.h **** 
1381:../Libraries/iLLD/TC4xx/Tricore/Cpu/Std/IfxCpu_IntrinsicsGcc.h **** /**  Return saturated halfword
1382:../Libraries/iLLD/TC4xx/Tricore/Cpu/Std/IfxCpu_IntrinsicsGcc.h ****  */
1383:../Libraries/iLLD/TC4xx/Tricore/Cpu/Std/IfxCpu_IntrinsicsGcc.h **** IFX_INLINE sint16 Ifx__sath(sint32 a)
1384:../Libraries/iLLD/TC4xx/Tricore/Cpu/Std/IfxCpu_IntrinsicsGcc.h **** {
1385:../Libraries/iLLD/TC4xx/Tricore/Cpu/Std/IfxCpu_IntrinsicsGcc.h ****     sint16 res;
1386:../Libraries/iLLD/TC4xx/Tricore/Cpu/Std/IfxCpu_IntrinsicsGcc.h ****     __asm__ volatile ("sat.h %0,%1":"=d"(res):"d"(a));
1387:../Libraries/iLLD/TC4xx/Tricore/Cpu/Std/IfxCpu_IntrinsicsGcc.h ****     return res;
1388:../Libraries/iLLD/TC4xx/Tricore/Cpu/Std/IfxCpu_IntrinsicsGcc.h **** }
1389:../Libraries/iLLD/TC4xx/Tricore/Cpu/Std/IfxCpu_IntrinsicsGcc.h **** 
1390:../Libraries/iLLD/TC4xx/Tricore/Cpu/Std/IfxCpu_IntrinsicsGcc.h **** /**  Return saturated unsigned halfword
1391:../Libraries/iLLD/TC4xx/Tricore/Cpu/Std/IfxCpu_IntrinsicsGcc.h ****  */
1392:../Libraries/iLLD/TC4xx/Tricore/Cpu/Std/IfxCpu_IntrinsicsGcc.h **** IFX_INLINE uint16 Ifx__sathu(uint32 a)
1393:../Libraries/iLLD/TC4xx/Tricore/Cpu/Std/IfxCpu_IntrinsicsGcc.h **** {
1394:../Libraries/iLLD/TC4xx/Tricore/Cpu/Std/IfxCpu_IntrinsicsGcc.h ****     uint16 res;
1395:../Libraries/iLLD/TC4xx/Tricore/Cpu/Std/IfxCpu_IntrinsicsGcc.h ****     __asm__ volatile ("sat.hu %0,%1":"=d"(res):"d"(a));
1396:../Libraries/iLLD/TC4xx/Tricore/Cpu/Std/IfxCpu_IntrinsicsGcc.h ****     return res;
1397:../Libraries/iLLD/TC4xx/Tricore/Cpu/Std/IfxCpu_IntrinsicsGcc.h **** }
1398:../Libraries/iLLD/TC4xx/Tricore/Cpu/Std/IfxCpu_IntrinsicsGcc.h **** 
1399:../Libraries/iLLD/TC4xx/Tricore/Cpu/Std/IfxCpu_IntrinsicsGcc.h **** /** \} */
1400:../Libraries/iLLD/TC4xx/Tricore/Cpu/Std/IfxCpu_IntrinsicsGcc.h **** 
1401:../Libraries/iLLD/TC4xx/Tricore/Cpu/Std/IfxCpu_IntrinsicsGcc.h **** /** \defgroup IfxLld_Cpu_Intrinsics_Gnucsaturation Saturation Arithmetic Support
1402:../Libraries/iLLD/TC4xx/Tricore/Cpu/Std/IfxCpu_IntrinsicsGcc.h ****  These intrinsics support saturation arithmetic
1403:../Libraries/iLLD/TC4xx/Tricore/Cpu/Std/IfxCpu_IntrinsicsGcc.h ****  * \ingroup IfxLld_Cpu_Intrinsics_Gnuc
1404:../Libraries/iLLD/TC4xx/Tricore/Cpu/Std/IfxCpu_IntrinsicsGcc.h ****  * \{
1405:../Libraries/iLLD/TC4xx/Tricore/Cpu/Std/IfxCpu_IntrinsicsGcc.h ****  */
1406:../Libraries/iLLD/TC4xx/Tricore/Cpu/Std/IfxCpu_IntrinsicsGcc.h **** 
1407:../Libraries/iLLD/TC4xx/Tricore/Cpu/Std/IfxCpu_IntrinsicsGcc.h **** /** add signed with saturation
1408:../Libraries/iLLD/TC4xx/Tricore/Cpu/Std/IfxCpu_IntrinsicsGcc.h ****  */
1409:../Libraries/iLLD/TC4xx/Tricore/Cpu/Std/IfxCpu_IntrinsicsGcc.h **** IFX_INLINE sint32 Ifx__adds(sint32 a, sint32 b)
1410:../Libraries/iLLD/TC4xx/Tricore/Cpu/Std/IfxCpu_IntrinsicsGcc.h **** {
1411:../Libraries/iLLD/TC4xx/Tricore/Cpu/Std/IfxCpu_IntrinsicsGcc.h ****     sint32 res;
1412:../Libraries/iLLD/TC4xx/Tricore/Cpu/Std/IfxCpu_IntrinsicsGcc.h ****     __asm__ volatile ("adds %0, %1, %2": "=d" (res) : "d" (a), "d" (b));
1413:../Libraries/iLLD/TC4xx/Tricore/Cpu/Std/IfxCpu_IntrinsicsGcc.h ****     return res;
1414:../Libraries/iLLD/TC4xx/Tricore/Cpu/Std/IfxCpu_IntrinsicsGcc.h **** }
1415:../Libraries/iLLD/TC4xx/Tricore/Cpu/Std/IfxCpu_IntrinsicsGcc.h **** 
1416:../Libraries/iLLD/TC4xx/Tricore/Cpu/Std/IfxCpu_IntrinsicsGcc.h **** /** add unsigned with saturation
1417:../Libraries/iLLD/TC4xx/Tricore/Cpu/Std/IfxCpu_IntrinsicsGcc.h ****  */
1418:../Libraries/iLLD/TC4xx/Tricore/Cpu/Std/IfxCpu_IntrinsicsGcc.h **** IFX_INLINE uint32 Ifx__addsu(uint32 a, uint32 b)
1419:../Libraries/iLLD/TC4xx/Tricore/Cpu/Std/IfxCpu_IntrinsicsGcc.h **** {
1420:../Libraries/iLLD/TC4xx/Tricore/Cpu/Std/IfxCpu_IntrinsicsGcc.h ****     uint32 res;
1421:../Libraries/iLLD/TC4xx/Tricore/Cpu/Std/IfxCpu_IntrinsicsGcc.h ****     __asm__ volatile ("adds.u %0, %1, %2": "=d" (res) : "d" (a), "d" (b));
1422:../Libraries/iLLD/TC4xx/Tricore/Cpu/Std/IfxCpu_IntrinsicsGcc.h ****     return res;
1423:../Libraries/iLLD/TC4xx/Tricore/Cpu/Std/IfxCpu_IntrinsicsGcc.h **** }
1424:../Libraries/iLLD/TC4xx/Tricore/Cpu/Std/IfxCpu_IntrinsicsGcc.h **** 
1425:../Libraries/iLLD/TC4xx/Tricore/Cpu/Std/IfxCpu_IntrinsicsGcc.h **** /** substract signed with saturation
1426:../Libraries/iLLD/TC4xx/Tricore/Cpu/Std/IfxCpu_IntrinsicsGcc.h ****  */
1427:../Libraries/iLLD/TC4xx/Tricore/Cpu/Std/IfxCpu_IntrinsicsGcc.h **** IFX_INLINE sint32 Ifx__subs(sint32 a, sint32 b)
1428:../Libraries/iLLD/TC4xx/Tricore/Cpu/Std/IfxCpu_IntrinsicsGcc.h **** {
1429:../Libraries/iLLD/TC4xx/Tricore/Cpu/Std/IfxCpu_IntrinsicsGcc.h ****     sint32 res;
1430:../Libraries/iLLD/TC4xx/Tricore/Cpu/Std/IfxCpu_IntrinsicsGcc.h ****     __asm__ volatile ("subs %0, %1, %2": "=d" (res) : "d" (a), "d" (b));
1431:../Libraries/iLLD/TC4xx/Tricore/Cpu/Std/IfxCpu_IntrinsicsGcc.h ****     return res;
1432:../Libraries/iLLD/TC4xx/Tricore/Cpu/Std/IfxCpu_IntrinsicsGcc.h **** }
1433:../Libraries/iLLD/TC4xx/Tricore/Cpu/Std/IfxCpu_IntrinsicsGcc.h **** 
1434:../Libraries/iLLD/TC4xx/Tricore/Cpu/Std/IfxCpu_IntrinsicsGcc.h **** /** substract unsigned with saturation
1435:../Libraries/iLLD/TC4xx/Tricore/Cpu/Std/IfxCpu_IntrinsicsGcc.h ****  */
1436:../Libraries/iLLD/TC4xx/Tricore/Cpu/Std/IfxCpu_IntrinsicsGcc.h **** IFX_INLINE uint32 Ifx__subsu(uint32 a, uint32 b)
1437:../Libraries/iLLD/TC4xx/Tricore/Cpu/Std/IfxCpu_IntrinsicsGcc.h **** {
1438:../Libraries/iLLD/TC4xx/Tricore/Cpu/Std/IfxCpu_IntrinsicsGcc.h ****     uint32 res;
1439:../Libraries/iLLD/TC4xx/Tricore/Cpu/Std/IfxCpu_IntrinsicsGcc.h ****     __asm__ volatile ("subs.u %0, %1, %2": "=d" (res) : "d" (a), "d" (b));
1440:../Libraries/iLLD/TC4xx/Tricore/Cpu/Std/IfxCpu_IntrinsicsGcc.h ****     return res;
1441:../Libraries/iLLD/TC4xx/Tricore/Cpu/Std/IfxCpu_IntrinsicsGcc.h **** }
1442:../Libraries/iLLD/TC4xx/Tricore/Cpu/Std/IfxCpu_IntrinsicsGcc.h **** 
1443:../Libraries/iLLD/TC4xx/Tricore/Cpu/Std/IfxCpu_IntrinsicsGcc.h **** /** \} */
1444:../Libraries/iLLD/TC4xx/Tricore/Cpu/Std/IfxCpu_IntrinsicsGcc.h **** 
1445:../Libraries/iLLD/TC4xx/Tricore/Cpu/Std/IfxCpu_IntrinsicsGcc.h **** /** \defgroup IfxLld_Cpu_Intrinsics_Gnucsingle_assembly Insert Single Assembly Instruction
1446:../Libraries/iLLD/TC4xx/Tricore/Cpu/Std/IfxCpu_IntrinsicsGcc.h ****  The next table provides an overview of the intrinsic functions that you can use to insert a single
1447:../Libraries/iLLD/TC4xx/Tricore/Cpu/Std/IfxCpu_IntrinsicsGcc.h ****  instruction.You can also use inline assembly but these intrinsics provide a shorthand for frequent
1448:../Libraries/iLLD/TC4xx/Tricore/Cpu/Std/IfxCpu_IntrinsicsGcc.h ****  assembly instructions.
1449:../Libraries/iLLD/TC4xx/Tricore/Cpu/Std/IfxCpu_IntrinsicsGcc.h ****  * \ingroup IfxLld_Cpu_Intrinsics_Gnuc
1450:../Libraries/iLLD/TC4xx/Tricore/Cpu/Std/IfxCpu_IntrinsicsGcc.h ****  * \{
1451:../Libraries/iLLD/TC4xx/Tricore/Cpu/Std/IfxCpu_IntrinsicsGcc.h ****  */
1452:../Libraries/iLLD/TC4xx/Tricore/Cpu/Std/IfxCpu_IntrinsicsGcc.h **** 
1453:../Libraries/iLLD/TC4xx/Tricore/Cpu/Std/IfxCpu_IntrinsicsGcc.h **** /** Insert DEBUG instruction
1454:../Libraries/iLLD/TC4xx/Tricore/Cpu/Std/IfxCpu_IntrinsicsGcc.h ****  */
1455:../Libraries/iLLD/TC4xx/Tricore/Cpu/Std/IfxCpu_IntrinsicsGcc.h **** IFX_INLINE void Ifx__debug(void)
1456:../Libraries/iLLD/TC4xx/Tricore/Cpu/Std/IfxCpu_IntrinsicsGcc.h **** {
1457:../Libraries/iLLD/TC4xx/Tricore/Cpu/Std/IfxCpu_IntrinsicsGcc.h ****     __asm__ volatile ("debug" : : : "memory");
1458:../Libraries/iLLD/TC4xx/Tricore/Cpu/Std/IfxCpu_IntrinsicsGcc.h **** }
1459:../Libraries/iLLD/TC4xx/Tricore/Cpu/Std/IfxCpu_IntrinsicsGcc.h **** 
1460:../Libraries/iLLD/TC4xx/Tricore/Cpu/Std/IfxCpu_IntrinsicsGcc.h **** /** Insert a memory barrier
1461:../Libraries/iLLD/TC4xx/Tricore/Cpu/Std/IfxCpu_IntrinsicsGcc.h ****  */
1462:../Libraries/iLLD/TC4xx/Tricore/Cpu/Std/IfxCpu_IntrinsicsGcc.h **** #define Ifx__mem_barrier __asm__ volatile("":::"memory");
1463:../Libraries/iLLD/TC4xx/Tricore/Cpu/Std/IfxCpu_IntrinsicsGcc.h **** 
1464:../Libraries/iLLD/TC4xx/Tricore/Cpu/Std/IfxCpu_IntrinsicsGcc.h **** /** Insert DSYNC instruction
1465:../Libraries/iLLD/TC4xx/Tricore/Cpu/Std/IfxCpu_IntrinsicsGcc.h ****  */
1466:../Libraries/iLLD/TC4xx/Tricore/Cpu/Std/IfxCpu_IntrinsicsGcc.h **** IFX_INLINE void Ifx__dsync(void)
1467:../Libraries/iLLD/TC4xx/Tricore/Cpu/Std/IfxCpu_IntrinsicsGcc.h **** {
1468:../Libraries/iLLD/TC4xx/Tricore/Cpu/Std/IfxCpu_IntrinsicsGcc.h ****     __asm__ volatile ("dsync" : : : "memory");
1469:../Libraries/iLLD/TC4xx/Tricore/Cpu/Std/IfxCpu_IntrinsicsGcc.h **** }
1470:../Libraries/iLLD/TC4xx/Tricore/Cpu/Std/IfxCpu_IntrinsicsGcc.h **** 
1471:../Libraries/iLLD/TC4xx/Tricore/Cpu/Std/IfxCpu_IntrinsicsGcc.h **** /** Insert ISYNC instruction
1472:../Libraries/iLLD/TC4xx/Tricore/Cpu/Std/IfxCpu_IntrinsicsGcc.h ****  */
1473:../Libraries/iLLD/TC4xx/Tricore/Cpu/Std/IfxCpu_IntrinsicsGcc.h **** IFX_INLINE void Ifx__isync(void)
1474:../Libraries/iLLD/TC4xx/Tricore/Cpu/Std/IfxCpu_IntrinsicsGcc.h **** {
1475:../Libraries/iLLD/TC4xx/Tricore/Cpu/Std/IfxCpu_IntrinsicsGcc.h ****     __asm__ volatile ("isync" : : : "memory");
1476:../Libraries/iLLD/TC4xx/Tricore/Cpu/Std/IfxCpu_IntrinsicsGcc.h **** }
1477:../Libraries/iLLD/TC4xx/Tricore/Cpu/Std/IfxCpu_IntrinsicsGcc.h **** 
1478:../Libraries/iLLD/TC4xx/Tricore/Cpu/Std/IfxCpu_IntrinsicsGcc.h **** /** Insert LDMST instruction. Note that all operands must be word-aligned.
1479:../Libraries/iLLD/TC4xx/Tricore/Cpu/Std/IfxCpu_IntrinsicsGcc.h ****  */
1480:../Libraries/iLLD/TC4xx/Tricore/Cpu/Std/IfxCpu_IntrinsicsGcc.h **** IFX_INLINE void Ifx__ldmst(volatile void* address, uint32 mask, uint32 value)
1481:../Libraries/iLLD/TC4xx/Tricore/Cpu/Std/IfxCpu_IntrinsicsGcc.h **** {
1482:../Libraries/iLLD/TC4xx/Tricore/Cpu/Std/IfxCpu_IntrinsicsGcc.h ****     __asm__ volatile("mov %H2,%1 \n\
1483:../Libraries/iLLD/TC4xx/Tricore/Cpu/Std/IfxCpu_IntrinsicsGcc.h ****                   ldmst [%0]0,%A2"
1484:../Libraries/iLLD/TC4xx/Tricore/Cpu/Std/IfxCpu_IntrinsicsGcc.h ****                      ::"a"(address), "d"(mask), "d"((long long)value));
1485:../Libraries/iLLD/TC4xx/Tricore/Cpu/Std/IfxCpu_IntrinsicsGcc.h **** }
1486:../Libraries/iLLD/TC4xx/Tricore/Cpu/Std/IfxCpu_IntrinsicsGcc.h **** 
1487:../Libraries/iLLD/TC4xx/Tricore/Cpu/Std/IfxCpu_IntrinsicsGcc.h **** /** Insert NOP instruction
1488:../Libraries/iLLD/TC4xx/Tricore/Cpu/Std/IfxCpu_IntrinsicsGcc.h ****  */
1489:../Libraries/iLLD/TC4xx/Tricore/Cpu/Std/IfxCpu_IntrinsicsGcc.h **** IFX_INLINE void Ifx__nop(void)
1490:../Libraries/iLLD/TC4xx/Tricore/Cpu/Std/IfxCpu_IntrinsicsGcc.h **** {
1491:../Libraries/iLLD/TC4xx/Tricore/Cpu/Std/IfxCpu_IntrinsicsGcc.h ****     __asm__ volatile ("nop" : : : "memory");
 209              	 .loc 2 1491 5
 210              	
 211              	 
 212 0008 0000     	 nop
 213              	 
 214              	
 215              	.LBE36:
 216              	.LBE35:
 120:../Libraries/iLLD/TC4xx/Tricore/Hssl/Hssl/IfxHssl_Hssl.c ****     {
 217              	 .loc 1 120 28
 218 000a C212     	 add %d2,1
 219              	.LVL6:
 220              	.L13:
 120:../Libraries/iLLD/TC4xx/Tricore/Hssl/Hssl/IfxHssl_Hssl.c ****     {
 221              	 .loc 1 120 19 discriminator 1
 222 000c 3B00F431 	 mov %d3,8000
 223 0010 3F320080 	 jlt.u %d2,%d3,.L14
 123:../Libraries/iLLD/TC4xx/Tricore/Hssl/Hssl/IfxHssl_Hssl.c ****     }
 124:../Libraries/iLLD/TC4xx/Tricore/Hssl/Hssl/IfxHssl_Hssl.c **** }
 224              	 .loc 1 124 1 is_stmt 0
 225 0014 0090     	 ret 
 226              	.LFE385:
 228              	 .global IfxHssl_Hssl_delay_end
 229              	IfxHssl_Hssl_delay_end:
 230              	 .section .text.IfxHssl_Hssl_initChannel,"ax",@progbits
 231              	 .align 1
 232              	 .global IfxHssl_Hssl_initChannel
 234              	IfxHssl_Hssl_initChannel:
 235              	.LFB386:
 125:../Libraries/iLLD/TC4xx/Tricore/Hssl/Hssl/IfxHssl_Hssl.c **** 
 126:../Libraries/iLLD/TC4xx/Tricore/Hssl/Hssl/IfxHssl_Hssl.c **** 
 127:../Libraries/iLLD/TC4xx/Tricore/Hssl/Hssl/IfxHssl_Hssl.c **** void IfxHssl_Hssl_initChannel(IfxHssl_Hssl_Channel *channel, const IfxHssl_Hssl_ChannelConfig *chan
 128:../Libraries/iLLD/TC4xx/Tricore/Hssl/Hssl/IfxHssl_Hssl.c **** {
 236              	 .loc 1 128 1 is_stmt 1
 237              	.LVL7:
 238 0000 40AE     	 mov.aa %a14,%SP
 239              	.LCFI3:
 129:../Libraries/iLLD/TC4xx/Tricore/Hssl/Hssl/IfxHssl_Hssl.c ****     channel->hssl                = channelConfig->hssl;                /* adding HSSL register poin
 240              	 .loc 1 129 5
 241              	 .loc 1 129 34 is_stmt 0
 242 0002 5452     	 ld.w %d2,[%a5]0
 243 0004 7442     	 st.w [%a4]0,%d2
 130:../Libraries/iLLD/TC4xx/Tricore/Hssl/Hssl/IfxHssl_Hssl.c ****     channel->hsct                = channelConfig->hsct;                /* adding HSCT register poin
 244              	 .loc 1 130 5 is_stmt 1
 245              	 .loc 1 130 34 is_stmt 0
 246 0006 19520400 	 ld.w %d2,[%a5]4
 247 000a 59420400 	 st.w [%a4]4,%d2
 131:../Libraries/iLLD/TC4xx/Tricore/Hssl/Hssl/IfxHssl_Hssl.c **** 
 132:../Libraries/iLLD/TC4xx/Tricore/Hssl/Hssl/IfxHssl_Hssl.c ****     channel->channelId           = channelConfig->channelId;           /* adding channel id to chan
 248              	 .loc 1 132 5 is_stmt 1
 249              	 .loc 1 132 34 is_stmt 0
 250 000e 19520800 	 ld.w %d2,[%a5]8
 251 0012 59420800 	 st.w [%a4]8,%d2
 133:../Libraries/iLLD/TC4xx/Tricore/Hssl/Hssl/IfxHssl_Hssl.c ****     channel->currentFrameRequest = IfxHssl_Hssl_FrameRequest_noAction; /* default request, no actio
 252              	 .loc 1 133 5 is_stmt 1
 253              	 .loc 1 133 34 is_stmt 0
 254 0016 8252     	 mov %d2,5
 255 0018 59420C00 	 st.w [%a4]12,%d2
 134:../Libraries/iLLD/TC4xx/Tricore/Hssl/Hssl/IfxHssl_Hssl.c **** 
 135:../Libraries/iLLD/TC4xx/Tricore/Hssl/Hssl/IfxHssl_Hssl.c ****     channel->streamingModeOn     = FALSE;                              /* command mode (used in wai
 256              	 .loc 1 135 5 is_stmt 1
 257              	 .loc 1 135 34 is_stmt 0
 258 001c 8202     	 mov %d2,0
 259 001e E9421500 	 st.b [%a4]21,%d2
 136:../Libraries/iLLD/TC4xx/Tricore/Hssl/Hssl/IfxHssl_Hssl.c ****     channel->streamingMode       = channelConfig->streamingMode;       /* adding streaming mode to 
 260              	 .loc 1 136 5 is_stmt 1
 261              	 .loc 1 136 34 is_stmt 0
 262 0022 19520C00 	 ld.w %d2,[%a5]12
 263 0026 59421000 	 st.w [%a4]16,%d2
 137:../Libraries/iLLD/TC4xx/Tricore/Hssl/Hssl/IfxHssl_Hssl.c ****     channel->loopBack            = channelConfig->loopBack;            /* adding loopback selection
 264              	 .loc 1 137 5 is_stmt 1
 265              	 .loc 1 137 49 is_stmt 0
 266 002a 39521000 	 ld.bu %d2,[%a5]16
 267              	 .loc 1 137 34
 268 002e E9421400 	 st.b [%a4]20,%d2
 138:../Libraries/iLLD/TC4xx/Tricore/Hssl/Hssl/IfxHssl_Hssl.c **** }
 269              	 .loc 1 138 1
 270 0032 0090     	 ret 
 271              	.LFE386:
 273              	 .global IfxHssl_Hssl_initChannel_end
 274              	IfxHssl_Hssl_initChannel_end:
 275              	 .section .text.IfxHssl_Hssl_initChannelConfig,"ax",@progbits
 276              	 .align 1
 277              	 .global IfxHssl_Hssl_initChannelConfig
 279              	IfxHssl_Hssl_initChannelConfig:
 280              	.LFB387:
 139:../Libraries/iLLD/TC4xx/Tricore/Hssl/Hssl/IfxHssl_Hssl.c **** 
 140:../Libraries/iLLD/TC4xx/Tricore/Hssl/Hssl/IfxHssl_Hssl.c **** 
 141:../Libraries/iLLD/TC4xx/Tricore/Hssl/Hssl/IfxHssl_Hssl.c **** void IfxHssl_Hssl_initChannelConfig(IfxHssl_Hssl_ChannelConfig *channelConfig, IfxHssl_Hssl *hssl, 
 142:../Libraries/iLLD/TC4xx/Tricore/Hssl/Hssl/IfxHssl_Hssl.c **** {
 281              	 .loc 1 142 1 is_stmt 1
 282              	.LVL8:
 283 0000 40AE     	 mov.aa %a14,%SP
 284              	.LCFI4:
 143:../Libraries/iLLD/TC4xx/Tricore/Hssl/Hssl/IfxHssl_Hssl.c ****     channelConfig->hssl          = hssl->hssl;
 285              	 .loc 1 143 5
 286              	 .loc 1 143 34 is_stmt 0
 287 0002 5452     	 ld.w %d2,[%a5]0
 288 0004 7442     	 st.w [%a4]0,%d2
 144:../Libraries/iLLD/TC4xx/Tricore/Hssl/Hssl/IfxHssl_Hssl.c ****     channelConfig->hsct          = hsct->hsct;
 289              	 .loc 1 144 5 is_stmt 1
 290              	 .loc 1 144 34 is_stmt 0
 291 0006 5462     	 ld.w %d2,[%a6]0
 292 0008 59420400 	 st.w [%a4]4,%d2
 145:../Libraries/iLLD/TC4xx/Tricore/Hssl/Hssl/IfxHssl_Hssl.c **** 
 146:../Libraries/iLLD/TC4xx/Tricore/Hssl/Hssl/IfxHssl_Hssl.c ****     channelConfig->channelId     = IfxHssl_ChannelId_0;          /* default channel 0 */
 293              	 .loc 1 146 5 is_stmt 1
 294              	 .loc 1 146 34 is_stmt 0
 295 000c 8202     	 mov %d2,0
 296 000e 59420800 	 st.w [%a4]8,%d2
 147:../Libraries/iLLD/TC4xx/Tricore/Hssl/Hssl/IfxHssl_Hssl.c ****     channelConfig->streamingMode = IfxHssl_StreamingMode_single; /* default streaming mode continuo
 297              	 .loc 1 147 5 is_stmt 1
 298              	 .loc 1 147 34 is_stmt 0
 299 0012 8212     	 mov %d2,1
 300 0014 59420C00 	 st.w [%a4]12,%d2
 148:../Libraries/iLLD/TC4xx/Tricore/Hssl/Hssl/IfxHssl_Hssl.c ****     channelConfig->loopBack      = hsct->loopBack;
 301              	 .loc 1 148 5 is_stmt 1
 302              	 .loc 1 148 40 is_stmt 0
 303 0018 39620400 	 ld.bu %d2,[%a6]4
 304              	 .loc 1 148 34
 305 001c E9421000 	 st.b [%a4]16,%d2
 149:../Libraries/iLLD/TC4xx/Tricore/Hssl/Hssl/IfxHssl_Hssl.c ****     hssl->loopBack               = hsct->loopBack;               /* copy to hssl handle, used in tr
 306              	 .loc 1 149 5 is_stmt 1
 307              	 .loc 1 149 34 is_stmt 0
 308 0020 E9520600 	 st.b [%a5]6,%d2
 150:../Libraries/iLLD/TC4xx/Tricore/Hssl/Hssl/IfxHssl_Hssl.c **** }
 309              	 .loc 1 150 1
 310 0024 0090     	 ret 
 311              	.LFE387:
 313              	 .global IfxHssl_Hssl_initChannelConfig_end
 314              	IfxHssl_Hssl_initChannelConfig_end:
 315              	 .section .text.IfxHssl_Hssl_initHsctModule,"ax",@progbits
 316              	 .align 1
 317              	 .global IfxHssl_Hssl_initHsctModule
 319              	IfxHssl_Hssl_initHsctModule:
 320              	.LFB388:
 151:../Libraries/iLLD/TC4xx/Tricore/Hssl/Hssl/IfxHssl_Hssl.c **** 
 152:../Libraries/iLLD/TC4xx/Tricore/Hssl/Hssl/IfxHssl_Hssl.c **** 
 153:../Libraries/iLLD/TC4xx/Tricore/Hssl/Hssl/IfxHssl_Hssl.c **** void IfxHssl_Hssl_initHsctModule(IfxHssl_Hsct *hsct, const IfxHssl_Hsct_Config *config)
 154:../Libraries/iLLD/TC4xx/Tricore/Hssl/Hssl/IfxHssl_Hssl.c **** {
 321              	 .loc 1 154 1 is_stmt 1
 322              	.LVL9:
 323 0000 40AE     	 mov.aa %a14,%SP
 324              	.LCFI5:
 325 0002 2010     	 sub.a %SP,16
 326 0004 405D     	 mov.aa %a13,%a5
 155:../Libraries/iLLD/TC4xx/Tricore/Hssl/Hssl/IfxHssl_Hssl.c ****     Ifx_HSCT *hsctSFR = config->hsct;   /* pointer to HSCT registers */
 327              	 .loc 1 155 5
 328              	 .loc 1 155 15 is_stmt 0
 329 0006 D45C     	 ld.a %a12,[%a5]0
 330              	.LVL10:
 156:../Libraries/iLLD/TC4xx/Tricore/Hssl/Hssl/IfxHssl_Hssl.c **** 
 157:../Libraries/iLLD/TC4xx/Tricore/Hssl/Hssl/IfxHssl_Hssl.c ****     hsct->hsct     = hsctSFR;           /* adding HSCT register pointer to module handle */
 331              	 .loc 1 157 5 is_stmt 1
 332              	 .loc 1 157 20 is_stmt 0
 333 0008 F44C     	 st.a [%a4]0,%a12
 158:../Libraries/iLLD/TC4xx/Tricore/Hssl/Hssl/IfxHssl_Hssl.c ****     hsct->loopBack = config->loopBack;  /* adding loopback selection to module handle */
 334              	 .loc 1 158 5 is_stmt 1
 335              	 .loc 1 158 28 is_stmt 0
 336 000a 39520900 	 ld.bu %d2,[%a5]9
 337              	 .loc 1 158 20
 338 000e E9420400 	 st.b [%a4]4,%d2
 159:../Libraries/iLLD/TC4xx/Tricore/Hssl/Hssl/IfxHssl_Hssl.c **** 
 160:../Libraries/iLLD/TC4xx/Tricore/Hssl/Hssl/IfxHssl_Hssl.c **** #ifndef IFXHSSL_HSCT_DISABLE_PINCONFIG
 161:../Libraries/iLLD/TC4xx/Tricore/Hssl/Hssl/IfxHssl_Hssl.c **** #if (IFXHSSL_NUM_MODULES == 1)
 162:../Libraries/iLLD/TC4xx/Tricore/Hssl/Hssl/IfxHssl_Hssl.c ****     IfxPort_setPinModeInput(&MODULE_P21, 2, IfxPort_InputMode_noPullDevice);                       
 163:../Libraries/iLLD/TC4xx/Tricore/Hssl/Hssl/IfxHssl_Hssl.c ****     IfxPort_setPinModeInput(&MODULE_P21, 3, IfxPort_InputMode_noPullDevice);                       
 164:../Libraries/iLLD/TC4xx/Tricore/Hssl/Hssl/IfxHssl_Hssl.c ****     IfxPort_setPinModeOutput(&MODULE_P21, 4, IfxPort_OutputMode_pushPull, IfxPort_OutputIdx_general
 165:../Libraries/iLLD/TC4xx/Tricore/Hssl/Hssl/IfxHssl_Hssl.c ****     IfxPort_setPinModeOutput(&MODULE_P21, 5, IfxPort_OutputMode_pushPull, IfxPort_OutputIdx_general
 166:../Libraries/iLLD/TC4xx/Tricore/Hssl/Hssl/IfxHssl_Hssl.c **** #else
 167:../Libraries/iLLD/TC4xx/Tricore/Hssl/Hssl/IfxHssl_Hssl.c ****     /* Pad initialisiation */
 168:../Libraries/iLLD/TC4xx/Tricore/Hssl/Hssl/IfxHssl_Hssl.c ****     if (hsctSFR == &MODULE_HSCT1)
 339              	 .loc 1 168 5 is_stmt 1
 340              	 .loc 1 168 8 is_stmt 0
 341 0012 7BB0442F 	 movh %d2,62539
 342 0016 80C3     	 mov.d %d3,%a12
 343 0018 5F230000 	 jeq %d3,%d2,.L29
 169:../Libraries/iLLD/TC4xx/Tricore/Hssl/Hssl/IfxHssl_Hssl.c ****     {
 170:../Libraries/iLLD/TC4xx/Tricore/Hssl/Hssl/IfxHssl_Hssl.c ****         IfxPort_setPinModeInput(&MODULE_P21, 0, IfxPort_InputMode_noPullDevice);                   
 171:../Libraries/iLLD/TC4xx/Tricore/Hssl/Hssl/IfxHssl_Hssl.c ****         IfxPort_setPinModeInput(&MODULE_P21, 1, IfxPort_InputMode_noPullDevice);                   
 172:../Libraries/iLLD/TC4xx/Tricore/Hssl/Hssl/IfxHssl_Hssl.c ****         IfxPort_setPinModeOutput(&MODULE_P22, 2, IfxPort_OutputMode_pushPull, IfxPort_OutputIdx_gen
 173:../Libraries/iLLD/TC4xx/Tricore/Hssl/Hssl/IfxHssl_Hssl.c ****         IfxPort_setPinModeOutput(&MODULE_P22, 3, IfxPort_OutputMode_pushPull, IfxPort_OutputIdx_gen
 174:../Libraries/iLLD/TC4xx/Tricore/Hssl/Hssl/IfxHssl_Hssl.c ****     }
 175:../Libraries/iLLD/TC4xx/Tricore/Hssl/Hssl/IfxHssl_Hssl.c ****     else
 176:../Libraries/iLLD/TC4xx/Tricore/Hssl/Hssl/IfxHssl_Hssl.c ****     {
 177:../Libraries/iLLD/TC4xx/Tricore/Hssl/Hssl/IfxHssl_Hssl.c ****         IfxPort_setPinModeInput(&MODULE_P21, 2, IfxPort_InputMode_noPullDevice);                   
 344              	 .loc 1 177 9 is_stmt 1
 345              	.LVL11:
 346              	.LBB37:
 347              	.LBB38:
 348              	 .file 3 "../Libraries/iLLD/TC4xx/CpuGeneric/Port/Std/IfxPort.h"
   1:../Libraries/iLLD/TC4xx/CpuGeneric/Port/Std/IfxPort.h **** /**
   2:../Libraries/iLLD/TC4xx/CpuGeneric/Port/Std/IfxPort.h ****  * \file IfxPort.h
   3:../Libraries/iLLD/TC4xx/CpuGeneric/Port/Std/IfxPort.h ****  * \brief PORT  basic functionality
   4:../Libraries/iLLD/TC4xx/CpuGeneric/Port/Std/IfxPort.h ****  * \ingroup IfxLld_Port
   5:../Libraries/iLLD/TC4xx/CpuGeneric/Port/Std/IfxPort.h ****  *
   6:../Libraries/iLLD/TC4xx/CpuGeneric/Port/Std/IfxPort.h ****  * \version iLLD-TC4-v2.7.0
   7:../Libraries/iLLD/TC4xx/CpuGeneric/Port/Std/IfxPort.h ****  * \copyright Copyright (c) 2026 Infineon Technologies AG. All rights reserved.
   8:../Libraries/iLLD/TC4xx/CpuGeneric/Port/Std/IfxPort.h ****  *
   9:../Libraries/iLLD/TC4xx/CpuGeneric/Port/Std/IfxPort.h ****  *
  10:../Libraries/iLLD/TC4xx/CpuGeneric/Port/Std/IfxPort.h ****  *
  11:../Libraries/iLLD/TC4xx/CpuGeneric/Port/Std/IfxPort.h ****  *                                 IMPORTANT NOTICE
  12:../Libraries/iLLD/TC4xx/CpuGeneric/Port/Std/IfxPort.h ****  *
  13:../Libraries/iLLD/TC4xx/CpuGeneric/Port/Std/IfxPort.h ****  * Infineon Technologies AG (Infineon) licenses this file to you under the
  14:../Libraries/iLLD/TC4xx/CpuGeneric/Port/Std/IfxPort.h ****  * Infineon Automotive SW Lab License v2025-01 (IFASLL). You may not use
  15:../Libraries/iLLD/TC4xx/CpuGeneric/Port/Std/IfxPort.h ****  * this file except in compliance with IFASLL.
  16:../Libraries/iLLD/TC4xx/CpuGeneric/Port/Std/IfxPort.h ****  *
  17:../Libraries/iLLD/TC4xx/CpuGeneric/Port/Std/IfxPort.h ****  * The full license text is contained in IFASLL202501.pdf delivered with this SW.
  18:../Libraries/iLLD/TC4xx/CpuGeneric/Port/Std/IfxPort.h ****  * Unless required by applicable law or agreed to in writing, software distributed
  19:../Libraries/iLLD/TC4xx/CpuGeneric/Port/Std/IfxPort.h ****  * under this license is distributed "AS IS" without any warranty or liability of any
  20:../Libraries/iLLD/TC4xx/CpuGeneric/Port/Std/IfxPort.h ****  * kind and Infineon hereby expressly disclaims any warranties or representations,
  21:../Libraries/iLLD/TC4xx/CpuGeneric/Port/Std/IfxPort.h ****  * whether express, implied, statutory or otherwise, including but not limited to
  22:../Libraries/iLLD/TC4xx/CpuGeneric/Port/Std/IfxPort.h ****  * warranties of workmanship, merchantability, fitness for a particular purpose,
  23:../Libraries/iLLD/TC4xx/CpuGeneric/Port/Std/IfxPort.h ****  * defects in the licensed items, or non-infringement of third parties'
  24:../Libraries/iLLD/TC4xx/CpuGeneric/Port/Std/IfxPort.h ****  * intellectual property rights. See the full license text for the specific
  25:../Libraries/iLLD/TC4xx/CpuGeneric/Port/Std/IfxPort.h ****  * language governing permissions and limitations under IFASLL.
  26:../Libraries/iLLD/TC4xx/CpuGeneric/Port/Std/IfxPort.h ****  *
  27:../Libraries/iLLD/TC4xx/CpuGeneric/Port/Std/IfxPort.h ****  *
  28:../Libraries/iLLD/TC4xx/CpuGeneric/Port/Std/IfxPort.h ****  * \defgroup IfxLld_Port_Prot_Usage How to use the PORT driver along with PROT?
  29:../Libraries/iLLD/TC4xx/CpuGeneric/Port/Std/IfxPort.h ****  * \ingroup IfxLld_Port
  30:../Libraries/iLLD/TC4xx/CpuGeneric/Port/Std/IfxPort.h ****  *
  31:../Libraries/iLLD/TC4xx/CpuGeneric/Port/Std/IfxPort.h ****  * As per the current POR, each PORT module will have a set/group of APU registers. And each pin in
  32:../Libraries/iLLD/TC4xx/CpuGeneric/Port/Std/IfxPort.h ****  *
  33:../Libraries/iLLD/TC4xx/CpuGeneric/Port/Std/IfxPort.h ****  * The way to use the APIs to configure the APU for PORT is as follows:
  34:../Libraries/iLLD/TC4xx/CpuGeneric/Port/Std/IfxPort.h ****  *
  35:../Libraries/iLLD/TC4xx/CpuGeneric/Port/Std/IfxPort.h ****  * 1. Configure the PROT_SE Owner.
  36:../Libraries/iLLD/TC4xx/CpuGeneric/Port/Std/IfxPort.h ****  * 2. Configure the PADCFG.ACCEN.GRP bit field to map the pin to the APU group.
  37:../Libraries/iLLD/TC4xx/CpuGeneric/Port/Std/IfxPort.h ****  * 3. Configure the APU registers to enable the Access Protection.
  38:../Libraries/iLLD/TC4xx/CpuGeneric/Port/Std/IfxPort.h ****  *
  39:../Libraries/iLLD/TC4xx/CpuGeneric/Port/Std/IfxPort.h ****  * In your application you can do the following to enable the PROT and configure the APU for the PO
  40:../Libraries/iLLD/TC4xx/CpuGeneric/Port/Std/IfxPort.h ****  *
  41:../Libraries/iLLD/TC4xx/CpuGeneric/Port/Std/IfxPort.h ****  * \code
  42:../Libraries/iLLD/TC4xx/CpuGeneric/Port/Std/IfxPort.h ****  * IfxPort_ProtConfig protConfig;
  43:../Libraries/iLLD/TC4xx/CpuGeneric/Port/Std/IfxPort.h ****  * IfxPort_ApuConfig apuConfig;
  44:../Libraries/iLLD/TC4xx/CpuGeneric/Port/Std/IfxPort.h ****  *
  45:../Libraries/iLLD/TC4xx/CpuGeneric/Port/Std/IfxPort.h ****  * IfxPort_initProtConfig(&protConfig);
  46:../Libraries/iLLD/TC4xx/CpuGeneric/Port/Std/IfxPort.h ****  * IfxPort_initApuConfig(&apuConfig);
  47:../Libraries/iLLD/TC4xx/CpuGeneric/Port/Std/IfxPort.h ****  *
  48:../Libraries/iLLD/TC4xx/CpuGeneric/Port/Std/IfxPort.h ****  * //Which APU group needs to be initialised
  49:../Libraries/iLLD/TC4xx/CpuGeneric/Port/Std/IfxPort.h ****  * apuConfig.grpNum = 1U;
  50:../Libraries/iLLD/TC4xx/CpuGeneric/Port/Std/IfxPort.h ****  *
  51:../Libraries/iLLD/TC4xx/CpuGeneric/Port/Std/IfxPort.h ****  * //Initialize the PROT with the Owner
  52:../Libraries/iLLD/TC4xx/CpuGeneric/Port/Std/IfxPort.h ****  * IfxPort_initProt(&MODULE_P00, &protConfig);
  53:../Libraries/iLLD/TC4xx/CpuGeneric/Port/Std/IfxPort.h ****  *
  54:../Libraries/iLLD/TC4xx/CpuGeneric/Port/Std/IfxPort.h ****  * //Configure the specific pin to map to a APU group "1", for example pin "2" of P00
  55:../Libraries/iLLD/TC4xx/CpuGeneric/Port/Std/IfxPort.h ****  * IfxPort_setApuGroupSelection(&MODULE_P00, 2, 1);
  56:../Libraries/iLLD/TC4xx/CpuGeneric/Port/Std/IfxPort.h ****  *
  57:../Libraries/iLLD/TC4xx/CpuGeneric/Port/Std/IfxPort.h ****  * //Configure the APU and initialize it
  58:../Libraries/iLLD/TC4xx/CpuGeneric/Port/Std/IfxPort.h ****  * IfxPort_initApu(&MODULE_P00, &apuConfig);
  59:../Libraries/iLLD/TC4xx/CpuGeneric/Port/Std/IfxPort.h ****  * \endcode
  60:../Libraries/iLLD/TC4xx/CpuGeneric/Port/Std/IfxPort.h ****  *
  61:../Libraries/iLLD/TC4xx/CpuGeneric/Port/Std/IfxPort.h ****  * In case you want to configure multiple pins of the same PORT, this can be done using the API Ifx
  62:../Libraries/iLLD/TC4xx/CpuGeneric/Port/Std/IfxPort.h ****  *
  63:../Libraries/iLLD/TC4xx/CpuGeneric/Port/Std/IfxPort.h ****  * \defgroup IfxLld_Port_Std_Enum Enumerations
  64:../Libraries/iLLD/TC4xx/CpuGeneric/Port/Std/IfxPort.h ****  * \ingroup IfxLld_Port_Std
  65:../Libraries/iLLD/TC4xx/CpuGeneric/Port/Std/IfxPort.h ****  * \defgroup IfxLld_Port_Std_DataStructures Data structures
  66:../Libraries/iLLD/TC4xx/CpuGeneric/Port/Std/IfxPort.h ****  * \ingroup IfxLld_Port_Std
  67:../Libraries/iLLD/TC4xx/CpuGeneric/Port/Std/IfxPort.h ****  * \defgroup IfxLld_Port_Std_SinglePin Single Pin Functions
  68:../Libraries/iLLD/TC4xx/CpuGeneric/Port/Std/IfxPort.h ****  * \ingroup IfxLld_Port_Std
  69:../Libraries/iLLD/TC4xx/CpuGeneric/Port/Std/IfxPort.h ****  * \defgroup IfxLld_Port_Std_PortGroup Group Access Functions
  70:../Libraries/iLLD/TC4xx/CpuGeneric/Port/Std/IfxPort.h ****  * \ingroup IfxLld_Port_Std
  71:../Libraries/iLLD/TC4xx/CpuGeneric/Port/Std/IfxPort.h ****  */
  72:../Libraries/iLLD/TC4xx/CpuGeneric/Port/Std/IfxPort.h **** 
  73:../Libraries/iLLD/TC4xx/CpuGeneric/Port/Std/IfxPort.h **** #ifndef IFXPORT_H
  74:../Libraries/iLLD/TC4xx/CpuGeneric/Port/Std/IfxPort.h **** #define IFXPORT_H 1
  75:../Libraries/iLLD/TC4xx/CpuGeneric/Port/Std/IfxPort.h **** 
  76:../Libraries/iLLD/TC4xx/CpuGeneric/Port/Std/IfxPort.h **** /******************************************************************************/
  77:../Libraries/iLLD/TC4xx/CpuGeneric/Port/Std/IfxPort.h **** /*----------------------------------Includes----------------------------------*/
  78:../Libraries/iLLD/TC4xx/CpuGeneric/Port/Std/IfxPort.h **** /******************************************************************************/
  79:../Libraries/iLLD/TC4xx/CpuGeneric/Port/Std/IfxPort.h **** 
  80:../Libraries/iLLD/TC4xx/CpuGeneric/Port/Std/IfxPort.h **** #include "_Impl/IfxPort_cfg.h"
  81:../Libraries/iLLD/TC4xx/CpuGeneric/Port/Std/IfxPort.h **** #include "Ap/Std/IfxApProt.h"
  82:../Libraries/iLLD/TC4xx/CpuGeneric/Port/Std/IfxPort.h **** #include "Ap/Std/IfxApApu.h"
  83:../Libraries/iLLD/TC4xx/CpuGeneric/Port/Std/IfxPort.h **** #if !defined(IFX_ILLD_PPU_USAGE)
  84:../Libraries/iLLD/TC4xx/CpuGeneric/Port/Std/IfxPort.h **** #include "Cpu/Std/IfxCpu_Intrinsics.h"
  85:../Libraries/iLLD/TC4xx/CpuGeneric/Port/Std/IfxPort.h **** #endif
  86:../Libraries/iLLD/TC4xx/CpuGeneric/Port/Std/IfxPort.h **** #if defined(IFX_ILLD_PPU_USAGE)
  87:../Libraries/iLLD/TC4xx/CpuGeneric/Port/Std/IfxPort.h **** #include "Ppu/Std/IfxPpu_Intrinsics.h"
  88:../Libraries/iLLD/TC4xx/CpuGeneric/Port/Std/IfxPort.h **** #endif
  89:../Libraries/iLLD/TC4xx/CpuGeneric/Port/Std/IfxPort.h **** 
  90:../Libraries/iLLD/TC4xx/CpuGeneric/Port/Std/IfxPort.h **** /******************************************************************************/
  91:../Libraries/iLLD/TC4xx/CpuGeneric/Port/Std/IfxPort.h **** /*--------------------------------Enumerations--------------------------------*/
  92:../Libraries/iLLD/TC4xx/CpuGeneric/Port/Std/IfxPort.h **** /******************************************************************************/
  93:../Libraries/iLLD/TC4xx/CpuGeneric/Port/Std/IfxPort.h **** 
  94:../Libraries/iLLD/TC4xx/CpuGeneric/Port/Std/IfxPort.h **** /** \addtogroup IfxLld_Port_Std_Enum
  95:../Libraries/iLLD/TC4xx/CpuGeneric/Port/Std/IfxPort.h ****  * \{ */
  96:../Libraries/iLLD/TC4xx/CpuGeneric/Port/Std/IfxPort.h **** /** \brief The LVDS RX_DIS control function can be selected from the Port (default) or
  97:../Libraries/iLLD/TC4xx/CpuGeneric/Port/Std/IfxPort.h ****  * HSCT module.declared in MODULE_PORTx.LPCRx
  98:../Libraries/iLLD/TC4xx/CpuGeneric/Port/Std/IfxPort.h ****  */
  99:../Libraries/iLLD/TC4xx/CpuGeneric/Port/Std/IfxPort.h **** typedef enum
 100:../Libraries/iLLD/TC4xx/CpuGeneric/Port/Std/IfxPort.h **** {
 101:../Libraries/iLLD/TC4xx/CpuGeneric/Port/Std/IfxPort.h ****     IfxPort_ControlledBy_port = 0,  /**< \brief port controlled by PORT Module */
 102:../Libraries/iLLD/TC4xx/CpuGeneric/Port/Std/IfxPort.h ****     IfxPort_ControlledBy_hsct = 1   /**< \brief Port controlled by HSCT Module */
 103:../Libraries/iLLD/TC4xx/CpuGeneric/Port/Std/IfxPort.h **** } IfxPort_ControlledBy;
 104:../Libraries/iLLD/TC4xx/CpuGeneric/Port/Std/IfxPort.h **** 
 105:../Libraries/iLLD/TC4xx/CpuGeneric/Port/Std/IfxPort.h **** /** \brief Ifx_P output modification modes definition.
 106:../Libraries/iLLD/TC4xx/CpuGeneric/Port/Std/IfxPort.h ****  */
 107:../Libraries/iLLD/TC4xx/CpuGeneric/Port/Std/IfxPort.h **** typedef enum
 108:../Libraries/iLLD/TC4xx/CpuGeneric/Port/Std/IfxPort.h **** {
 109:../Libraries/iLLD/TC4xx/CpuGeneric/Port/Std/IfxPort.h ****     IfxPort_InputMode_undefined    = -1,
 110:../Libraries/iLLD/TC4xx/CpuGeneric/Port/Std/IfxPort.h ****     IfxPort_InputMode_noPullDevice = ((0U << 4U) | (0U << 1U) | 0U),
 111:../Libraries/iLLD/TC4xx/CpuGeneric/Port/Std/IfxPort.h ****     IfxPort_InputMode_pullDown     = ((1U << 4U) | (0U << 1U) | 0U),
 112:../Libraries/iLLD/TC4xx/CpuGeneric/Port/Std/IfxPort.h ****     IfxPort_InputMode_pullUp       = ((2U << 4U) | (0U << 1U) | 0U)
 113:../Libraries/iLLD/TC4xx/CpuGeneric/Port/Std/IfxPort.h **** } IfxPort_InputMode;
 114:../Libraries/iLLD/TC4xx/CpuGeneric/Port/Std/IfxPort.h **** 
 115:../Libraries/iLLD/TC4xx/CpuGeneric/Port/Std/IfxPort.h **** #if !defined(DEVICE_TC4PX) && !defined(DEVICE_TC4EX) && !defined(DEVICE_TC46X)
 116:../Libraries/iLLD/TC4xx/CpuGeneric/Port/Std/IfxPort.h **** /** \brief specifies LVDS-M or LVDS-H mode as declare in Register MODULE_PORT.LPCRx.LVDSM
 117:../Libraries/iLLD/TC4xx/CpuGeneric/Port/Std/IfxPort.h ****  */
 118:../Libraries/iLLD/TC4xx/CpuGeneric/Port/Std/IfxPort.h **** typedef enum
 119:../Libraries/iLLD/TC4xx/CpuGeneric/Port/Std/IfxPort.h **** {
 120:../Libraries/iLLD/TC4xx/CpuGeneric/Port/Std/IfxPort.h ****     IfxPort_LvdsMode_high   = 0, /**< \brief LVDS-H Mode */
 121:../Libraries/iLLD/TC4xx/CpuGeneric/Port/Std/IfxPort.h ****     IfxPort_LvdsMode_medium = 1  /**< \brief LVDS-M Mode */
 122:../Libraries/iLLD/TC4xx/CpuGeneric/Port/Std/IfxPort.h **** } IfxPort_LvdsMode;
 123:../Libraries/iLLD/TC4xx/CpuGeneric/Port/Std/IfxPort.h **** 
 124:../Libraries/iLLD/TC4xx/CpuGeneric/Port/Std/IfxPort.h **** /** \brief specifies external or internal LVDS receiver Termination Mode
 125:../Libraries/iLLD/TC4xx/CpuGeneric/Port/Std/IfxPort.h ****  */
 126:../Libraries/iLLD/TC4xx/CpuGeneric/Port/Std/IfxPort.h **** typedef enum
 127:../Libraries/iLLD/TC4xx/CpuGeneric/Port/Std/IfxPort.h **** {
 128:../Libraries/iLLD/TC4xx/CpuGeneric/Port/Std/IfxPort.h ****     IfxPort_LvdsTerm_external = 0,  /**< \brief external termination */
 129:../Libraries/iLLD/TC4xx/CpuGeneric/Port/Std/IfxPort.h ****     IfxPort_LvdsTerm_internal = 1   /**< \brief 100 Ohm internal termination */
 130:../Libraries/iLLD/TC4xx/CpuGeneric/Port/Std/IfxPort.h **** } IfxPort_LvdsTerm;
 131:../Libraries/iLLD/TC4xx/CpuGeneric/Port/Std/IfxPort.h **** #endif /* #if !defined(DEVICE_TC4PX) && !defined(DEVICE_TC4EX)  && !defined(DEVICE_TC46X) */
 132:../Libraries/iLLD/TC4xx/CpuGeneric/Port/Std/IfxPort.h **** 
 133:../Libraries/iLLD/TC4xx/CpuGeneric/Port/Std/IfxPort.h **** /** \brief Ifx_P input / output mode definition.
 134:../Libraries/iLLD/TC4xx/CpuGeneric/Port/Std/IfxPort.h ****  *
 135:../Libraries/iLLD/TC4xx/CpuGeneric/Port/Std/IfxPort.h ****  * \see Ifx_P.IOCR, IfxPort_setPinMode()
 136:../Libraries/iLLD/TC4xx/CpuGeneric/Port/Std/IfxPort.h ****  */
 137:../Libraries/iLLD/TC4xx/CpuGeneric/Port/Std/IfxPort.h **** typedef enum
 138:../Libraries/iLLD/TC4xx/CpuGeneric/Port/Std/IfxPort.h **** {
 139:../Libraries/iLLD/TC4xx/CpuGeneric/Port/Std/IfxPort.h ****     IfxPort_Mode_inputNoPullDevice      = ((0U << 4U) | (0U << 1U) | 0U),  /**< \brief Input, No pu
 140:../Libraries/iLLD/TC4xx/CpuGeneric/Port/Std/IfxPort.h ****     IfxPort_Mode_inputPullDown          = ((1U << 4U) | (0U << 1U) | 0U),  /**< \brief Input, pull-
 141:../Libraries/iLLD/TC4xx/CpuGeneric/Port/Std/IfxPort.h ****     IfxPort_Mode_inputPullUp            = ((2U << 4U) | (0U << 1U) | 0U),  /**< \brief Input, pull-
 142:../Libraries/iLLD/TC4xx/CpuGeneric/Port/Std/IfxPort.h ****     IfxPort_Mode_outputPushPullGeneral  = ((0U << 4U) | (0U << 1U) | 1U),  /**< \brief Push-pull, G
 143:../Libraries/iLLD/TC4xx/CpuGeneric/Port/Std/IfxPort.h ****     IfxPort_Mode_outputPushPullAlt1     = ((1U << 4U) | (0U << 1U) | 1U),  /**< \brief Push-pull, A
 144:../Libraries/iLLD/TC4xx/CpuGeneric/Port/Std/IfxPort.h ****     IfxPort_Mode_outputPushPullAlt2     = ((2U << 4U) | (0U << 1U) | 1U),  /**< \brief Push-pull, A
 145:../Libraries/iLLD/TC4xx/CpuGeneric/Port/Std/IfxPort.h ****     IfxPort_Mode_outputPushPullAlt3     = ((3U << 4U) | (0U << 1U) | 1U),  /**< \brief Push-pull, A
 146:../Libraries/iLLD/TC4xx/CpuGeneric/Port/Std/IfxPort.h ****     IfxPort_Mode_outputPushPullAlt4     = ((4U << 4U) | (0U << 1U) | 1U),  /**< \brief Push-pull, A
 147:../Libraries/iLLD/TC4xx/CpuGeneric/Port/Std/IfxPort.h ****     IfxPort_Mode_outputPushPullAlt5     = ((5U << 4U) | (0U << 1U) | 1U),  /**< \brief Push-pull, A
 148:../Libraries/iLLD/TC4xx/CpuGeneric/Port/Std/IfxPort.h ****     IfxPort_Mode_outputPushPullAlt6     = ((6U << 4U) | (0U << 1U) | 1U),  /**< \brief Push-pull, A
 149:../Libraries/iLLD/TC4xx/CpuGeneric/Port/Std/IfxPort.h ****     IfxPort_Mode_outputPushPullAlt7     = ((7U << 4U) | (0U << 1U) | 1U),  /**< \brief Push-pull, A
 150:../Libraries/iLLD/TC4xx/CpuGeneric/Port/Std/IfxPort.h ****     IfxPort_Mode_outputPushPullAlt8     = ((8U << 4U) | (0U << 1U) | 1U),  /**< \brief Push-pull, A
 151:../Libraries/iLLD/TC4xx/CpuGeneric/Port/Std/IfxPort.h ****     IfxPort_Mode_outputPushPullAlt9     = ((9U << 4U) | (0U << 1U) | 1U),  /**< \brief Push-pull, A
 152:../Libraries/iLLD/TC4xx/CpuGeneric/Port/Std/IfxPort.h ****     IfxPort_Mode_outputPushPullAlt10    = ((10U << 4U) | (0U << 1U) | 1U), /**< \brief Push-pull, A
 153:../Libraries/iLLD/TC4xx/CpuGeneric/Port/Std/IfxPort.h ****     IfxPort_Mode_outputPushPullAlt11    = ((11U << 4U) | (0U << 1U) | 1U), /**< \brief Push-pull, A
 154:../Libraries/iLLD/TC4xx/CpuGeneric/Port/Std/IfxPort.h ****     IfxPort_Mode_outputPushPullAlt12    = ((12U << 4U) | (0U << 1U) | 1U), /**< \brief Push-pull, A
 155:../Libraries/iLLD/TC4xx/CpuGeneric/Port/Std/IfxPort.h ****     IfxPort_Mode_outputPushPullAlt13    = ((13U << 4U) | (0U << 1U) | 1U), /**< \brief Push-pull, A
 156:../Libraries/iLLD/TC4xx/CpuGeneric/Port/Std/IfxPort.h ****     IfxPort_Mode_outputPushPullAlt14    = ((14U << 4U) | (0U << 1U) | 1U), /**< \brief Push-pull, A
 157:../Libraries/iLLD/TC4xx/CpuGeneric/Port/Std/IfxPort.h ****     IfxPort_Mode_outputPushPullAlt15    = ((15U << 4U) | (0U << 1U) | 1U), /**< \brief Push-pull, A
 158:../Libraries/iLLD/TC4xx/CpuGeneric/Port/Std/IfxPort.h ****     IfxPort_Mode_outputOpenDrainGeneral = ((0U << 4U) | (1U << 1U) | 1U),  /**< \brief Open-drain, 
 159:../Libraries/iLLD/TC4xx/CpuGeneric/Port/Std/IfxPort.h ****     IfxPort_Mode_outputOpenDrainAlt1    = ((1U << 4U) | (1U << 1U) | 1U),  /**< \brief Open-drain, 
 160:../Libraries/iLLD/TC4xx/CpuGeneric/Port/Std/IfxPort.h ****     IfxPort_Mode_outputOpenDrainAlt2    = ((2U << 4U) | (1U << 1U) | 1U),  /**< \brief Open-drain, 
 161:../Libraries/iLLD/TC4xx/CpuGeneric/Port/Std/IfxPort.h ****     IfxPort_Mode_outputOpenDrainAlt3    = ((3U << 4U) | (1U << 1U) | 1U),  /**< \brief Open-drain, 
 162:../Libraries/iLLD/TC4xx/CpuGeneric/Port/Std/IfxPort.h ****     IfxPort_Mode_outputOpenDrainAlt4    = ((4U << 4U) | (1U << 1U) | 1U),  /**< \brief Open-drain, 
 163:../Libraries/iLLD/TC4xx/CpuGeneric/Port/Std/IfxPort.h ****     IfxPort_Mode_outputOpenDrainAlt5    = ((5U << 4U) | (1U << 1U) | 1U),  /**< \brief Open-drain, 
 164:../Libraries/iLLD/TC4xx/CpuGeneric/Port/Std/IfxPort.h ****     IfxPort_Mode_outputOpenDrainAlt6    = ((6U << 4U) | (1U << 1U) | 1U),  /**< \brief Open-drain, 
 165:../Libraries/iLLD/TC4xx/CpuGeneric/Port/Std/IfxPort.h ****     IfxPort_Mode_outputOpenDrainAlt7    = ((7U << 4U) | (1U << 1U) | 1U),  /**< \brief Open-drain, 
 166:../Libraries/iLLD/TC4xx/CpuGeneric/Port/Std/IfxPort.h ****     IfxPort_Mode_outputOpenDrainAlt8    = ((8U << 4U) | (1U << 1U) | 1U),  /**< \brief Open-drain, 
 167:../Libraries/iLLD/TC4xx/CpuGeneric/Port/Std/IfxPort.h ****     IfxPort_Mode_outputOpenDrainAlt9    = ((9U << 4U) | (1U << 1U) | 1U),  /**< \brief Open-drain, 
 168:../Libraries/iLLD/TC4xx/CpuGeneric/Port/Std/IfxPort.h ****     IfxPort_Mode_outputOpenDrainAlt10   = ((10U << 4U) | (1U << 1U) | 1U), /**< \brief Open-drain, 
 169:../Libraries/iLLD/TC4xx/CpuGeneric/Port/Std/IfxPort.h ****     IfxPort_Mode_outputOpenDrainAlt11   = ((11U << 4U) | (1U << 1U) | 1U), /**< \brief Open-drain, 
 170:../Libraries/iLLD/TC4xx/CpuGeneric/Port/Std/IfxPort.h ****     IfxPort_Mode_outputOpenDrainAlt12   = ((12U << 4U) | (1U << 1U) | 1U), /**< \brief Open-drain, 
 171:../Libraries/iLLD/TC4xx/CpuGeneric/Port/Std/IfxPort.h ****     IfxPort_Mode_outputOpenDrainAlt13   = ((13U << 4U) | (1U << 1U) | 1U), /**< \brief Open-drain, 
 172:../Libraries/iLLD/TC4xx/CpuGeneric/Port/Std/IfxPort.h ****     IfxPort_Mode_outputOpenDrainAlt14   = ((14U << 4U) | (1U << 1U) | 1U), /**< \brief Open-drain, 
 173:../Libraries/iLLD/TC4xx/CpuGeneric/Port/Std/IfxPort.h ****     IfxPort_Mode_outputOpenDrainAlt15   = ((15U << 4U) | (1U << 1U) | 1U)  /**< \brief Open-drain, 
 174:../Libraries/iLLD/TC4xx/CpuGeneric/Port/Std/IfxPort.h **** } IfxPort_Mode;
 175:../Libraries/iLLD/TC4xx/CpuGeneric/Port/Std/IfxPort.h **** 
 176:../Libraries/iLLD/TC4xx/CpuGeneric/Port/Std/IfxPort.h **** /** \brief Modex bitfields definitions
 177:../Libraries/iLLD/TC4xx/CpuGeneric/Port/Std/IfxPort.h ****  */
 178:../Libraries/iLLD/TC4xx/CpuGeneric/Port/Std/IfxPort.h **** typedef enum
 179:../Libraries/iLLD/TC4xx/CpuGeneric/Port/Std/IfxPort.h **** {
 180:../Libraries/iLLD/TC4xx/CpuGeneric/Port/Std/IfxPort.h ****     IfxPort_Modex_differentialXspiGpio = (0 << 16),  /**< \brief Differential xspi, Rgmii or GPIO *
 181:../Libraries/iLLD/TC4xx/CpuGeneric/Port/Std/IfxPort.h ****     IfxPort_Modex_singleEndedXspiGpio  = (1 << 16),  /**< \brief Single ended xspi or gpio */
 182:../Libraries/iLLD/TC4xx/CpuGeneric/Port/Std/IfxPort.h ****     IfxPort_Modex_gpioMode             = (2 << 16),  /**< \brief Gpio Mode */
 183:../Libraries/iLLD/TC4xx/CpuGeneric/Port/Std/IfxPort.h ****     IfxPort_Modex_xspiRgmiiMode        = (3 << 16)   /**< \brief Xspi or Rgmii mode */
 184:../Libraries/iLLD/TC4xx/CpuGeneric/Port/Std/IfxPort.h **** } IfxPort_Modex;
 185:../Libraries/iLLD/TC4xx/CpuGeneric/Port/Std/IfxPort.h **** 
 186:../Libraries/iLLD/TC4xx/CpuGeneric/Port/Std/IfxPort.h **** /** \brief Pin output alternate index
 187:../Libraries/iLLD/TC4xx/CpuGeneric/Port/Std/IfxPort.h ****  */
 188:../Libraries/iLLD/TC4xx/CpuGeneric/Port/Std/IfxPort.h **** typedef enum
 189:../Libraries/iLLD/TC4xx/CpuGeneric/Port/Std/IfxPort.h **** {
 190:../Libraries/iLLD/TC4xx/CpuGeneric/Port/Std/IfxPort.h ****     IfxPort_OutputIdx_general = ((0U << 4U) | 1U),
 191:../Libraries/iLLD/TC4xx/CpuGeneric/Port/Std/IfxPort.h ****     IfxPort_OutputIdx_alt1    = ((1U << 4U) | 1U),
 192:../Libraries/iLLD/TC4xx/CpuGeneric/Port/Std/IfxPort.h ****     IfxPort_OutputIdx_alt2    = ((2U << 4U) | 1U),
 193:../Libraries/iLLD/TC4xx/CpuGeneric/Port/Std/IfxPort.h ****     IfxPort_OutputIdx_alt3    = ((3U << 4U) | 1U),
 194:../Libraries/iLLD/TC4xx/CpuGeneric/Port/Std/IfxPort.h ****     IfxPort_OutputIdx_alt4    = ((4U << 4U) | 1U),
 195:../Libraries/iLLD/TC4xx/CpuGeneric/Port/Std/IfxPort.h ****     IfxPort_OutputIdx_alt5    = ((5U << 4U) | 1U),
 196:../Libraries/iLLD/TC4xx/CpuGeneric/Port/Std/IfxPort.h ****     IfxPort_OutputIdx_alt6    = ((6U << 4U) | 1U),
 197:../Libraries/iLLD/TC4xx/CpuGeneric/Port/Std/IfxPort.h ****     IfxPort_OutputIdx_alt7    = ((7U << 4U) | 1U),
 198:../Libraries/iLLD/TC4xx/CpuGeneric/Port/Std/IfxPort.h ****     IfxPort_OutputIdx_alt8    = ((8U << 4U) | 1U),
 199:../Libraries/iLLD/TC4xx/CpuGeneric/Port/Std/IfxPort.h ****     IfxPort_OutputIdx_alt9    = ((9U << 4U) | 1U),
 200:../Libraries/iLLD/TC4xx/CpuGeneric/Port/Std/IfxPort.h ****     IfxPort_OutputIdx_alt10   = ((10U << 4U) | 1U),
 201:../Libraries/iLLD/TC4xx/CpuGeneric/Port/Std/IfxPort.h ****     IfxPort_OutputIdx_alt11   = ((11U << 4U) | 1U),
 202:../Libraries/iLLD/TC4xx/CpuGeneric/Port/Std/IfxPort.h ****     IfxPort_OutputIdx_alt12   = ((12U << 4U) | 1U),
 203:../Libraries/iLLD/TC4xx/CpuGeneric/Port/Std/IfxPort.h ****     IfxPort_OutputIdx_alt13   = ((13U << 4U) | 1U),
 204:../Libraries/iLLD/TC4xx/CpuGeneric/Port/Std/IfxPort.h ****     IfxPort_OutputIdx_alt14   = ((14U << 4U) | 1U),
 205:../Libraries/iLLD/TC4xx/CpuGeneric/Port/Std/IfxPort.h ****     IfxPort_OutputIdx_alt15   = ((15U << 4U) | 1U)
 206:../Libraries/iLLD/TC4xx/CpuGeneric/Port/Std/IfxPort.h **** } IfxPort_OutputIdx;
 207:../Libraries/iLLD/TC4xx/CpuGeneric/Port/Std/IfxPort.h **** 
 208:../Libraries/iLLD/TC4xx/CpuGeneric/Port/Std/IfxPort.h **** /** \brief Pin output mode definition
 209:../Libraries/iLLD/TC4xx/CpuGeneric/Port/Std/IfxPort.h ****  */
 210:../Libraries/iLLD/TC4xx/CpuGeneric/Port/Std/IfxPort.h **** typedef enum
 211:../Libraries/iLLD/TC4xx/CpuGeneric/Port/Std/IfxPort.h **** {
 212:../Libraries/iLLD/TC4xx/CpuGeneric/Port/Std/IfxPort.h ****     IfxPort_OutputMode_pushPull  = ((0U << 1U) | 1U),
 213:../Libraries/iLLD/TC4xx/CpuGeneric/Port/Std/IfxPort.h ****     IfxPort_OutputMode_openDrain = ((1U << 1U) | 1U)
 214:../Libraries/iLLD/TC4xx/CpuGeneric/Port/Std/IfxPort.h **** } IfxPort_OutputMode;
 215:../Libraries/iLLD/TC4xx/CpuGeneric/Port/Std/IfxPort.h **** 
 216:../Libraries/iLLD/TC4xx/CpuGeneric/Port/Std/IfxPort.h **** /** \brief MODULE_PORTx.LPCRx.B.PS1.Selects between 5v and 3.3v on Vext supply for the LVDSM pair
 217:../Libraries/iLLD/TC4xx/CpuGeneric/Port/Std/IfxPort.h ****  */
 218:../Libraries/iLLD/TC4xx/CpuGeneric/Port/Std/IfxPort.h **** typedef enum
 219:../Libraries/iLLD/TC4xx/CpuGeneric/Port/Std/IfxPort.h **** {
 220:../Libraries/iLLD/TC4xx/CpuGeneric/Port/Std/IfxPort.h ****     IfxPort_PadSupply_3v = 0,  /**< \brief select,3.3v */
 221:../Libraries/iLLD/TC4xx/CpuGeneric/Port/Std/IfxPort.h ****     IfxPort_PadSupply_5v = 1   /**< \brief select,5V */
 222:../Libraries/iLLD/TC4xx/CpuGeneric/Port/Std/IfxPort.h **** } IfxPort_PadSupply;
 223:../Libraries/iLLD/TC4xx/CpuGeneric/Port/Std/IfxPort.h **** 
 224:../Libraries/iLLD/TC4xx/CpuGeneric/Port/Std/IfxPort.h **** /** \brief enable analog/digital mode for port pin, as Defined in MODULE_PORTx.PDISC
 225:../Libraries/iLLD/TC4xx/CpuGeneric/Port/Std/IfxPort.h ****  */
 226:../Libraries/iLLD/TC4xx/CpuGeneric/Port/Std/IfxPort.h **** typedef enum
 227:../Libraries/iLLD/TC4xx/CpuGeneric/Port/Std/IfxPort.h **** {
 228:../Libraries/iLLD/TC4xx/CpuGeneric/Port/Std/IfxPort.h ****     IfxPort_PinFunctionMode_digital = 0,  /**< \brief Pad Pn.x is enabled and can be selected for d
 229:../Libraries/iLLD/TC4xx/CpuGeneric/Port/Std/IfxPort.h ****     IfxPort_PinFunctionMode_analog  = 1   /**< \brief Pad Pn.x is enabled and can be selected for a
 230:../Libraries/iLLD/TC4xx/CpuGeneric/Port/Std/IfxPort.h **** } IfxPort_PinFunctionMode;
 231:../Libraries/iLLD/TC4xx/CpuGeneric/Port/Std/IfxPort.h **** 
 232:../Libraries/iLLD/TC4xx/CpuGeneric/Port/Std/IfxPort.h **** /** \brief Ifx_P output modification modes definition.
 233:../Libraries/iLLD/TC4xx/CpuGeneric/Port/Std/IfxPort.h ****  *
 234:../Libraries/iLLD/TC4xx/CpuGeneric/Port/Std/IfxPort.h ****  * \see Ifx_P.OMR, IfxPort_setPinState()
 235:../Libraries/iLLD/TC4xx/CpuGeneric/Port/Std/IfxPort.h ****  */
 236:../Libraries/iLLD/TC4xx/CpuGeneric/Port/Std/IfxPort.h **** typedef enum
 237:../Libraries/iLLD/TC4xx/CpuGeneric/Port/Std/IfxPort.h **** {
 238:../Libraries/iLLD/TC4xx/CpuGeneric/Port/Std/IfxPort.h ****     IfxPort_State_notChanged = (0 << 16) | (0 << 0),  /**< \brief Ifx_P pin is left unchanged. */
 239:../Libraries/iLLD/TC4xx/CpuGeneric/Port/Std/IfxPort.h ****     IfxPort_State_high       = (0 << 16) | (1U << 0), /**< \brief Ifx_P pin is set to high. */
 240:../Libraries/iLLD/TC4xx/CpuGeneric/Port/Std/IfxPort.h ****     IfxPort_State_low        = (1U << 16) | (0 << 0), /**< \brief Ifx_P pin is set to low. */
 241:../Libraries/iLLD/TC4xx/CpuGeneric/Port/Std/IfxPort.h ****     IfxPort_State_toggled    = (1U << 16) | (1U << 0) /**< \brief Ifx_P pin is toggled. */
 242:../Libraries/iLLD/TC4xx/CpuGeneric/Port/Std/IfxPort.h **** } IfxPort_State;
 243:../Libraries/iLLD/TC4xx/CpuGeneric/Port/Std/IfxPort.h **** 
 244:../Libraries/iLLD/TC4xx/CpuGeneric/Port/Std/IfxPort.h **** /** \} */
 245:../Libraries/iLLD/TC4xx/CpuGeneric/Port/Std/IfxPort.h **** 
 246:../Libraries/iLLD/TC4xx/CpuGeneric/Port/Std/IfxPort.h **** /** \brief Trimming value for bandgap reference.
 247:../Libraries/iLLD/TC4xx/CpuGeneric/Port/Std/IfxPort.h ****  * 0H corresponds to a value of 1.199V
 248:../Libraries/iLLD/TC4xx/CpuGeneric/Port/Std/IfxPort.h ****  * 1H corresponds to a value of 1.184V
 249:../Libraries/iLLD/TC4xx/CpuGeneric/Port/Std/IfxPort.h ****  * 2H corresponds to a value of 1.168V
 250:../Libraries/iLLD/TC4xx/CpuGeneric/Port/Std/IfxPort.h ****  * 3H corresponds to a value of 1.153V
 251:../Libraries/iLLD/TC4xx/CpuGeneric/Port/Std/IfxPort.h ****  * 4H corresponds to a value of 1.139V
 252:../Libraries/iLLD/TC4xx/CpuGeneric/Port/Std/IfxPort.h ****  * 5H corresponds to a value of 1.125V
 253:../Libraries/iLLD/TC4xx/CpuGeneric/Port/Std/IfxPort.h ****  * 6H corresponds to a value of 1.112V
 254:../Libraries/iLLD/TC4xx/CpuGeneric/Port/Std/IfxPort.h ****  * 7H corresponds to a value of 1.098V
 255:../Libraries/iLLD/TC4xx/CpuGeneric/Port/Std/IfxPort.h ****  * 8H corresponds to a value of 1.340V
 256:../Libraries/iLLD/TC4xx/CpuGeneric/Port/Std/IfxPort.h ****  * 9H corresponds to a value of 1.321V
 257:../Libraries/iLLD/TC4xx/CpuGeneric/Port/Std/IfxPort.h ****  * AH corresponds to a value of 1.302V
 258:../Libraries/iLLD/TC4xx/CpuGeneric/Port/Std/IfxPort.h ****  * BH corresponds to a value of 1.283V
 259:../Libraries/iLLD/TC4xx/CpuGeneric/Port/Std/IfxPort.h ****  * CH corresponds to a value of 1.266V
 260:../Libraries/iLLD/TC4xx/CpuGeneric/Port/Std/IfxPort.h ****  * DH corresponds to a value of 1.248V
 261:../Libraries/iLLD/TC4xx/CpuGeneric/Port/Std/IfxPort.h ****  * EH corresponds to a value of 1.231V
 262:../Libraries/iLLD/TC4xx/CpuGeneric/Port/Std/IfxPort.h ****  * FH corresponds to a value of 1.215V
 263:../Libraries/iLLD/TC4xx/CpuGeneric/Port/Std/IfxPort.h ****  */
 264:../Libraries/iLLD/TC4xx/CpuGeneric/Port/Std/IfxPort.h **** typedef enum
 265:../Libraries/iLLD/TC4xx/CpuGeneric/Port/Std/IfxPort.h **** {
 266:../Libraries/iLLD/TC4xx/CpuGeneric/Port/Std/IfxPort.h ****     IfxPort_BandgapTrimConfig_1P199V = 0,   /**< \brief The trimming value is zero. */
 267:../Libraries/iLLD/TC4xx/CpuGeneric/Port/Std/IfxPort.h ****     IfxPort_BandgapTrimConfig_1P184V = 1,   /**< \brief The trimming value is one. */
 268:../Libraries/iLLD/TC4xx/CpuGeneric/Port/Std/IfxPort.h ****     IfxPort_BandgapTrimConfig_1P168V = 2,   /**< \brief The trimming value is two. */
 269:../Libraries/iLLD/TC4xx/CpuGeneric/Port/Std/IfxPort.h ****     IfxPort_BandgapTrimConfig_1P153V = 3,   /**< \brief The trimming value is three. */
 270:../Libraries/iLLD/TC4xx/CpuGeneric/Port/Std/IfxPort.h ****     IfxPort_BandgapTrimConfig_1P139V = 4,   /**< \brief The trimming value is four. */
 271:../Libraries/iLLD/TC4xx/CpuGeneric/Port/Std/IfxPort.h ****     IfxPort_BandgapTrimConfig_1P125V = 5,   /**< \brief The trimming value is five. */
 272:../Libraries/iLLD/TC4xx/CpuGeneric/Port/Std/IfxPort.h ****     IfxPort_BandgapTrimConfig_1P112V = 6,   /**< \brief The trimming value is six. */
 273:../Libraries/iLLD/TC4xx/CpuGeneric/Port/Std/IfxPort.h ****     IfxPort_BandgapTrimConfig_1P098V = 7,   /**< \brief The trimming value is seven. */
 274:../Libraries/iLLD/TC4xx/CpuGeneric/Port/Std/IfxPort.h ****     IfxPort_BandgapTrimConfig_1P340V = 8,   /**< \brief The trimming value is eight. */
 275:../Libraries/iLLD/TC4xx/CpuGeneric/Port/Std/IfxPort.h ****     IfxPort_BandgapTrimConfig_1P321V = 9,   /**< \brief The trimming value is nine. */
 276:../Libraries/iLLD/TC4xx/CpuGeneric/Port/Std/IfxPort.h ****     IfxPort_BandgapTrimConfig_1P302V = 10,  /**< \brief The trimming value is ten. */
 277:../Libraries/iLLD/TC4xx/CpuGeneric/Port/Std/IfxPort.h ****     IfxPort_BandgapTrimConfig_1P283V = 11,  /**< \brief The trimming value is eleven. */
 278:../Libraries/iLLD/TC4xx/CpuGeneric/Port/Std/IfxPort.h ****     IfxPort_BandgapTrimConfig_1P266V = 12,  /**< \brief The trimming value is twelve. */
 279:../Libraries/iLLD/TC4xx/CpuGeneric/Port/Std/IfxPort.h ****     IfxPort_BandgapTrimConfig_1P248V = 13,  /**< \brief The trimming value is thirteen */
 280:../Libraries/iLLD/TC4xx/CpuGeneric/Port/Std/IfxPort.h ****     IfxPort_BandgapTrimConfig_1P231V = 14,  /**< \brief The trimming value is fourteen. */
 281:../Libraries/iLLD/TC4xx/CpuGeneric/Port/Std/IfxPort.h ****     IfxPort_BandgapTrimConfig_1P215V = 15   /**< \brief The trimming value is fifteen. */
 282:../Libraries/iLLD/TC4xx/CpuGeneric/Port/Std/IfxPort.h **** } IfxPort_BandgapTrimConfig;
 283:../Libraries/iLLD/TC4xx/CpuGeneric/Port/Std/IfxPort.h **** 
 284:../Libraries/iLLD/TC4xx/CpuGeneric/Port/Std/IfxPort.h **** #if defined(DEVICE_TC45X) || defined(DEVICE_TC46X) || defined(DEVICE_TC46XAA) || defined(DEVICE_TC4
 285:../Libraries/iLLD/TC4xx/CpuGeneric/Port/Std/IfxPort.h **** /** \brief configure the timer
 286:../Libraries/iLLD/TC4xx/CpuGeneric/Port/Std/IfxPort.h ****  */
 287:../Libraries/iLLD/TC4xx/CpuGeneric/Port/Std/IfxPort.h **** typedef enum
 288:../Libraries/iLLD/TC4xx/CpuGeneric/Port/Std/IfxPort.h **** {
 289:../Libraries/iLLD/TC4xx/CpuGeneric/Port/Std/IfxPort.h ****     IfxPort_BlankingTimerConfig_0ms = 0,  /**< \brief Corresponds to blanking time of 0 ms */
 290:../Libraries/iLLD/TC4xx/CpuGeneric/Port/Std/IfxPort.h ****     IfxPort_BlankingTimerConfig_2ms = 1,  /**< \brief Corresponds to blanking time of 2 ms */
 291:../Libraries/iLLD/TC4xx/CpuGeneric/Port/Std/IfxPort.h ****     IfxPort_BlankingTimerConfig_4ms = 2,  /**< \brief Corresponds to blanking time of 4 ms */
 292:../Libraries/iLLD/TC4xx/CpuGeneric/Port/Std/IfxPort.h ****     IfxPort_BlankingTimerConfig_7ms = 3   /**< \brief Corresponds to blanking time of 7 ms */
 293:../Libraries/iLLD/TC4xx/CpuGeneric/Port/Std/IfxPort.h **** } IfxPort_BlankingTimerConfig;
 294:../Libraries/iLLD/TC4xx/CpuGeneric/Port/Std/IfxPort.h **** #endif /* #if defined(DEVICE_TC45X) || defined(DEVICE_TC46X) || defined(DEVICE_TC46XAA) || defined(
 295:../Libraries/iLLD/TC4xx/CpuGeneric/Port/Std/IfxPort.h **** 
 296:../Libraries/iLLD/TC4xx/CpuGeneric/Port/Std/IfxPort.h **** /** \brief Emergency status Push-Pull level
 297:../Libraries/iLLD/TC4xx/CpuGeneric/Port/Std/IfxPort.h ****  */
 298:../Libraries/iLLD/TC4xx/CpuGeneric/Port/Std/IfxPort.h **** typedef enum
 299:../Libraries/iLLD/TC4xx/CpuGeneric/Port/Std/IfxPort.h **** {
 300:../Libraries/iLLD/TC4xx/CpuGeneric/Port/Std/IfxPort.h ****     IfxPort_EsrLevel_0 = 0,      /**< \brief ESR Level0  */
 301:../Libraries/iLLD/TC4xx/CpuGeneric/Port/Std/IfxPort.h ****     IfxPort_EsrLevel_1           /**< \brief ESR Level1  */
 302:../Libraries/iLLD/TC4xx/CpuGeneric/Port/Std/IfxPort.h **** } IfxPort_EsrLevel;
 303:../Libraries/iLLD/TC4xx/CpuGeneric/Port/Std/IfxPort.h **** 
 304:../Libraries/iLLD/TC4xx/CpuGeneric/Port/Std/IfxPort.h **** /** \brief Emergency status Pad configuration
 305:../Libraries/iLLD/TC4xx/CpuGeneric/Port/Std/IfxPort.h ****  */
 306:../Libraries/iLLD/TC4xx/CpuGeneric/Port/Std/IfxPort.h **** typedef enum
 307:../Libraries/iLLD/TC4xx/CpuGeneric/Port/Std/IfxPort.h **** {
 308:../Libraries/iLLD/TC4xx/CpuGeneric/Port/Std/IfxPort.h ****     IfxPort_EsrPadCfg_PP  = 0,  /**< \brief PAD in Push-PULL */
 309:../Libraries/iLLD/TC4xx/CpuGeneric/Port/Std/IfxPort.h ****     IfxPort_EsrPadCfg_TPU = 1,  /**< \brief Tristate, weak pull-up */
 310:../Libraries/iLLD/TC4xx/CpuGeneric/Port/Std/IfxPort.h ****     IfxPort_EsrPadCfg_TPD = 2   /**< \brief Tristate, weak pull-down */
 311:../Libraries/iLLD/TC4xx/CpuGeneric/Port/Std/IfxPort.h **** } IfxPort_EsrPadCfg;
 312:../Libraries/iLLD/TC4xx/CpuGeneric/Port/Std/IfxPort.h **** 
 313:../Libraries/iLLD/TC4xx/CpuGeneric/Port/Std/IfxPort.h **** /** \brief Enable/DIsable LVDS direction TX or RX
 314:../Libraries/iLLD/TC4xx/CpuGeneric/Port/Std/IfxPort.h ****  */
 315:../Libraries/iLLD/TC4xx/CpuGeneric/Port/Std/IfxPort.h **** typedef enum
 316:../Libraries/iLLD/TC4xx/CpuGeneric/Port/Std/IfxPort.h **** {
 317:../Libraries/iLLD/TC4xx/CpuGeneric/Port/Std/IfxPort.h ****     IfxPort_LvdsDirection_rx = 0,  /**< \brief LVDS direction RX */
 318:../Libraries/iLLD/TC4xx/CpuGeneric/Port/Std/IfxPort.h ****     IfxPort_LvdsDirection_tx = 1   /**< \brief LVDS direction TX */
 319:../Libraries/iLLD/TC4xx/CpuGeneric/Port/Std/IfxPort.h **** } IfxPort_LvdsDirection;
 320:../Libraries/iLLD/TC4xx/CpuGeneric/Port/Std/IfxPort.h **** 
 321:../Libraries/iLLD/TC4xx/CpuGeneric/Port/Std/IfxPort.h **** /** \brief Enable/DIsable LVDS Path.declared in MODULE_PORTx.LPCRx.TX_EN and MODULE_PORTx.LPCRx.RX_
 322:../Libraries/iLLD/TC4xx/CpuGeneric/Port/Std/IfxPort.h ****  */
 323:../Libraries/iLLD/TC4xx/CpuGeneric/Port/Std/IfxPort.h **** typedef enum
 324:../Libraries/iLLD/TC4xx/CpuGeneric/Port/Std/IfxPort.h **** {
 325:../Libraries/iLLD/TC4xx/CpuGeneric/Port/Std/IfxPort.h ****     IfxPort_LvdsPath_enable  = 0, /**< \brief LVDS enabled */
 326:../Libraries/iLLD/TC4xx/CpuGeneric/Port/Std/IfxPort.h ****     IfxPort_LvdsPath_disable = 1  /**< \brief LVDS disabled */
 327:../Libraries/iLLD/TC4xx/CpuGeneric/Port/Std/IfxPort.h **** } IfxPort_LvdsPath;
 328:../Libraries/iLLD/TC4xx/CpuGeneric/Port/Std/IfxPort.h **** 
 329:../Libraries/iLLD/TC4xx/CpuGeneric/Port/Std/IfxPort.h **** /** \brief Specifies whether LVDS pull down resistor must be enabled/disabled as declared in Regist
 330:../Libraries/iLLD/TC4xx/CpuGeneric/Port/Std/IfxPort.h ****  */
 331:../Libraries/iLLD/TC4xx/CpuGeneric/Port/Std/IfxPort.h **** typedef enum
 332:../Libraries/iLLD/TC4xx/CpuGeneric/Port/Std/IfxPort.h **** {
 333:../Libraries/iLLD/TC4xx/CpuGeneric/Port/Std/IfxPort.h ****     IfxPort_LvdsPullDown_disable = 0,  /**< \brief Disable Pull Down resistor */
 334:../Libraries/iLLD/TC4xx/CpuGeneric/Port/Std/IfxPort.h ****     IfxPort_LvdsPullDown_enable  = 1   /**< \brief Enable Pull Down resistor */
 335:../Libraries/iLLD/TC4xx/CpuGeneric/Port/Std/IfxPort.h **** } IfxPort_LvdsPullDown;
 336:../Libraries/iLLD/TC4xx/CpuGeneric/Port/Std/IfxPort.h **** 
 337:../Libraries/iLLD/TC4xx/CpuGeneric/Port/Std/IfxPort.h **** #if !defined(DEVICE_TC4PX) && !defined(DEVICE_TC4EX) && !defined(DEVICE_TC46X)
 338:../Libraries/iLLD/TC4xx/CpuGeneric/Port/Std/IfxPort.h **** /** \brief Specifies LVDS-Termination mode as declare in Register MODULE_PORT.LPCRx.TERM
 339:../Libraries/iLLD/TC4xx/CpuGeneric/Port/Std/IfxPort.h ****  */
 340:../Libraries/iLLD/TC4xx/CpuGeneric/Port/Std/IfxPort.h **** typedef enum
 341:../Libraries/iLLD/TC4xx/CpuGeneric/Port/Std/IfxPort.h **** {
 342:../Libraries/iLLD/TC4xx/CpuGeneric/Port/Std/IfxPort.h ****     IfxPort_LvdsTerminationMode_external = 0,  /**< \brief Termination Mode External */
 343:../Libraries/iLLD/TC4xx/CpuGeneric/Port/Std/IfxPort.h ****     IfxPort_LvdsTerminationMode_internal = 1   /**< \brief Termination Mode Internal */
 344:../Libraries/iLLD/TC4xx/CpuGeneric/Port/Std/IfxPort.h **** } IfxPort_LvdsTerminationMode;
 345:../Libraries/iLLD/TC4xx/CpuGeneric/Port/Std/IfxPort.h **** #endif /* #if !defined(DEVICE_TC4PX) && !defined(DEVICE_TC4EX) && !defined(DEVICE_TC46X) */
 346:../Libraries/iLLD/TC4xx/CpuGeneric/Port/Std/IfxPort.h **** 
 347:../Libraries/iLLD/TC4xx/CpuGeneric/Port/Std/IfxPort.h **** /** \brief Port Pad Access Groups
 348:../Libraries/iLLD/TC4xx/CpuGeneric/Port/Std/IfxPort.h ****  */
 349:../Libraries/iLLD/TC4xx/CpuGeneric/Port/Std/IfxPort.h **** typedef enum
 350:../Libraries/iLLD/TC4xx/CpuGeneric/Port/Std/IfxPort.h **** {
 351:../Libraries/iLLD/TC4xx/CpuGeneric/Port/Std/IfxPort.h ****     IfxPort_PadAccessGroup_PadAccessGroup0 = 0,  /**< \brief Pad Access Group 0 */
 352:../Libraries/iLLD/TC4xx/CpuGeneric/Port/Std/IfxPort.h ****     IfxPort_PadAccessGroup_PadAccessGroup1 = 1,  /**< \brief Pad Access Group 1 */
 353:../Libraries/iLLD/TC4xx/CpuGeneric/Port/Std/IfxPort.h ****     IfxPort_PadAccessGroup_PadAccessGroup2 = 2,  /**< \brief Pad Access Group 2 */
 354:../Libraries/iLLD/TC4xx/CpuGeneric/Port/Std/IfxPort.h ****     IfxPort_PadAccessGroup_PadAccessGroup3 = 3,  /**< \brief Pad Access Group 3 */
 355:../Libraries/iLLD/TC4xx/CpuGeneric/Port/Std/IfxPort.h ****     IfxPort_PadAccessGroup_PadAccessGroup4 = 4,  /**< \brief Pad Access Group 4 */
 356:../Libraries/iLLD/TC4xx/CpuGeneric/Port/Std/IfxPort.h ****     IfxPort_PadAccessGroup_PadAccessGroup5 = 5,  /**< \brief Pad Access Group 5 */
 357:../Libraries/iLLD/TC4xx/CpuGeneric/Port/Std/IfxPort.h ****     IfxPort_PadAccessGroup_PadAccessGroup6 = 6,  /**< \brief Pad Access Group 6 */
 358:../Libraries/iLLD/TC4xx/CpuGeneric/Port/Std/IfxPort.h ****     IfxPort_PadAccessGroup_PadAccessGroup7 = 7   /**< \brief Pad Access Group 7 */
 359:../Libraries/iLLD/TC4xx/CpuGeneric/Port/Std/IfxPort.h **** } IfxPort_PadAccessGroup;
 360:../Libraries/iLLD/TC4xx/CpuGeneric/Port/Std/IfxPort.h **** 
 361:../Libraries/iLLD/TC4xx/CpuGeneric/Port/Std/IfxPort.h **** /** \brief Pad driver mode definition (strength and slew rate).
 362:../Libraries/iLLD/TC4xx/CpuGeneric/Port/Std/IfxPort.h ****  * Note: The enum is as per the DS
 363:../Libraries/iLLD/TC4xx/CpuGeneric/Port/Std/IfxPort.h ****  *
 364:../Libraries/iLLD/TC4xx/CpuGeneric/Port/Std/IfxPort.h ****  * \see Ifx_P.PADCFG.DRVCFG, IfxPort_setPinPadDriver()
 365:../Libraries/iLLD/TC4xx/CpuGeneric/Port/Std/IfxPort.h ****  */
 366:../Libraries/iLLD/TC4xx/CpuGeneric/Port/Std/IfxPort.h **** typedef enum
 367:../Libraries/iLLD/TC4xx/CpuGeneric/Port/Std/IfxPort.h **** {
 368:../Libraries/iLLD/TC4xx/CpuGeneric/Port/Std/IfxPort.h ****     IfxPort_PadDriver_cmosAutomotiveSpeed1 = (0 << 3) | (0 << 0),  /**< \brief Speed grade 1. */
 369:../Libraries/iLLD/TC4xx/CpuGeneric/Port/Std/IfxPort.h ****     IfxPort_PadDriver_cmosAutomotiveSpeed2 = (0 << 3) | (1 << 0),  /**< \brief Speed grade 2. */
 370:../Libraries/iLLD/TC4xx/CpuGeneric/Port/Std/IfxPort.h ****     IfxPort_PadDriver_cmosAutomotiveSpeed3 = (0 << 3) | (2 << 0),  /**< \brief Speed grade 3. */
 371:../Libraries/iLLD/TC4xx/CpuGeneric/Port/Std/IfxPort.h ****     IfxPort_PadDriver_ttlSpeed1            = (2 << 3) | (0 << 0),  /**< \brief Speed grade 1. */
 372:../Libraries/iLLD/TC4xx/CpuGeneric/Port/Std/IfxPort.h ****     IfxPort_PadDriver_ttlSpeed2            = (2 << 3) | (1 << 0),  /**< \brief Speed grade 2. */
 373:../Libraries/iLLD/TC4xx/CpuGeneric/Port/Std/IfxPort.h ****     IfxPort_PadDriver_ttlSpeed3            = (2 << 3) | (2 << 0),  /**< \brief Speed grade 3. */
 374:../Libraries/iLLD/TC4xx/CpuGeneric/Port/Std/IfxPort.h ****     IfxPort_PadDriver_ttl3v3Speed1         = (3 << 3) | (0 << 0),  /**< \brief ttl3v3Speed1. */
 375:../Libraries/iLLD/TC4xx/CpuGeneric/Port/Std/IfxPort.h ****     IfxPort_PadDriver_ttl3v3Speed2         = (3 << 3) | (1 << 0),  /**< \brief ttl3v3Speed2. */
 376:../Libraries/iLLD/TC4xx/CpuGeneric/Port/Std/IfxPort.h ****     IfxPort_PadDriver_ttl3v3Speed3         = (3 << 3) | (2 << 0)   /**< \brief ttl3v3Speed3. */
 377:../Libraries/iLLD/TC4xx/CpuGeneric/Port/Std/IfxPort.h **** } IfxPort_PadDriver;
 378:../Libraries/iLLD/TC4xx/CpuGeneric/Port/Std/IfxPort.h **** 
 379:../Libraries/iLLD/TC4xx/CpuGeneric/Port/Std/IfxPort.h **** /******************************************************************************/
 380:../Libraries/iLLD/TC4xx/CpuGeneric/Port/Std/IfxPort.h **** /*-----------------------------Data Structures--------------------------------*/
 381:../Libraries/iLLD/TC4xx/CpuGeneric/Port/Std/IfxPort.h **** /******************************************************************************/
 382:../Libraries/iLLD/TC4xx/CpuGeneric/Port/Std/IfxPort.h **** 
 383:../Libraries/iLLD/TC4xx/CpuGeneric/Port/Std/IfxPort.h **** /** \brief Configuration to map a specific pin to a APU group
 384:../Libraries/iLLD/TC4xx/CpuGeneric/Port/Std/IfxPort.h ****  */
 385:../Libraries/iLLD/TC4xx/CpuGeneric/Port/Std/IfxPort.h **** typedef struct
 386:../Libraries/iLLD/TC4xx/CpuGeneric/Port/Std/IfxPort.h **** {
 387:../Libraries/iLLD/TC4xx/CpuGeneric/Port/Std/IfxPort.h ****     uint8 pinIndex;       /**< \brief Pin index number. Range:0 to 15. */
 388:../Libraries/iLLD/TC4xx/CpuGeneric/Port/Std/IfxPort.h ****     uint8 grpNum;         /**< \brief The APU group number to which the pin is mapped to. Range: 0 
 389:../Libraries/iLLD/TC4xx/CpuGeneric/Port/Std/IfxPort.h **** } IfxPort_Pin_ApuConfig;
 390:../Libraries/iLLD/TC4xx/CpuGeneric/Port/Std/IfxPort.h **** 
 391:../Libraries/iLLD/TC4xx/CpuGeneric/Port/Std/IfxPort.h **** /** \addtogroup IfxLld_Port_Std_DataStructures
 392:../Libraries/iLLD/TC4xx/CpuGeneric/Port/Std/IfxPort.h ****  * \{ */
 393:../Libraries/iLLD/TC4xx/CpuGeneric/Port/Std/IfxPort.h **** /** \brief To Configure LVDS mode
 394:../Libraries/iLLD/TC4xx/CpuGeneric/Port/Std/IfxPort.h ****  */
 395:../Libraries/iLLD/TC4xx/CpuGeneric/Port/Std/IfxPort.h **** typedef struct
 396:../Libraries/iLLD/TC4xx/CpuGeneric/Port/Std/IfxPort.h **** {
 397:../Libraries/iLLD/TC4xx/CpuGeneric/Port/Std/IfxPort.h **** #if !defined(DEVICE_TC4PX) && !defined(DEVICE_TC4EX)  && !defined(DEVICE_TC46X)
 398:../Libraries/iLLD/TC4xx/CpuGeneric/Port/Std/IfxPort.h ****     IfxPort_LvdsMode     lvdsMode;                   /**< \brief specifies LVDS-M or LVDS-H mode */
 399:../Libraries/iLLD/TC4xx/CpuGeneric/Port/Std/IfxPort.h **** #endif /* #if !defined(DEVICE_TC4PX) && !defined(DEVICE_TC4EX) */
 400:../Libraries/iLLD/TC4xx/CpuGeneric/Port/Std/IfxPort.h ****     IfxPort_ControlledBy enablePortControlled;       /**< \brief specifies whether LVDS is controll
 401:../Libraries/iLLD/TC4xx/CpuGeneric/Port/Std/IfxPort.h ****     IfxPort_PadSupply    padSupply;                  /**< \brief specify supply voltage */
 402:../Libraries/iLLD/TC4xx/CpuGeneric/Port/Std/IfxPort.h **** #if !defined(DEVICE_TC4PX) && !defined(DEVICE_TC4EX)  && !defined(DEVICE_TC46X)
 403:../Libraries/iLLD/TC4xx/CpuGeneric/Port/Std/IfxPort.h ****     IfxPort_LvdsTerm     lvdsTerm;                   /**< \brief specifies external or internal LVD
 404:../Libraries/iLLD/TC4xx/CpuGeneric/Port/Std/IfxPort.h **** #endif /* #if !defined(DEVICE_TC4PX) && !defined(DEVICE_TC4EX)  && !defined(DEVICE_TC46X)*/
 405:../Libraries/iLLD/TC4xx/CpuGeneric/Port/Std/IfxPort.h **** } IfxPort_LvdsConfig;
 406:../Libraries/iLLD/TC4xx/CpuGeneric/Port/Std/IfxPort.h **** 
 407:../Libraries/iLLD/TC4xx/CpuGeneric/Port/Std/IfxPort.h **** /** \brief Defines a pin
 408:../Libraries/iLLD/TC4xx/CpuGeneric/Port/Std/IfxPort.h ****  */
 409:../Libraries/iLLD/TC4xx/CpuGeneric/Port/Std/IfxPort.h **** typedef struct
 410:../Libraries/iLLD/TC4xx/CpuGeneric/Port/Std/IfxPort.h **** {
 411:../Libraries/iLLD/TC4xx/CpuGeneric/Port/Std/IfxPort.h ****     Ifx_P *port;        /**< \brief Specifies the pointer to port registers. */
 412:../Libraries/iLLD/TC4xx/CpuGeneric/Port/Std/IfxPort.h ****     uint8  pinIndex;    /**< \brief specifies pinIndex. Range:0 to 15. */
 413:../Libraries/iLLD/TC4xx/CpuGeneric/Port/Std/IfxPort.h **** } IfxPort_Pin;
 414:../Libraries/iLLD/TC4xx/CpuGeneric/Port/Std/IfxPort.h **** 
 415:../Libraries/iLLD/TC4xx/CpuGeneric/Port/Std/IfxPort.h **** /** \brief To configure pins
 416:../Libraries/iLLD/TC4xx/CpuGeneric/Port/Std/IfxPort.h ****  */
 417:../Libraries/iLLD/TC4xx/CpuGeneric/Port/Std/IfxPort.h **** typedef struct
 418:../Libraries/iLLD/TC4xx/CpuGeneric/Port/Std/IfxPort.h **** {
 419:../Libraries/iLLD/TC4xx/CpuGeneric/Port/Std/IfxPort.h ****     Ifx_P            *port;       /**< \brief Specifies the pointer to port registers. */
 420:../Libraries/iLLD/TC4xx/CpuGeneric/Port/Std/IfxPort.h ****     uint8             pinIndex;   /**< \brief specifies pinIndex. Range:0 to 15. */
 421:../Libraries/iLLD/TC4xx/CpuGeneric/Port/Std/IfxPort.h ****     IfxPort_OutputIdx mode;       /**< \brief Pin output alternate index. */
 422:../Libraries/iLLD/TC4xx/CpuGeneric/Port/Std/IfxPort.h ****     IfxPort_PadDriver padDriver;  /**< \brief Pad driver mode. */
 423:../Libraries/iLLD/TC4xx/CpuGeneric/Port/Std/IfxPort.h **** } IfxPort_Pin_Config;
 424:../Libraries/iLLD/TC4xx/CpuGeneric/Port/Std/IfxPort.h **** 
 425:../Libraries/iLLD/TC4xx/CpuGeneric/Port/Std/IfxPort.h **** /** \} */
 426:../Libraries/iLLD/TC4xx/CpuGeneric/Port/Std/IfxPort.h **** 
 427:../Libraries/iLLD/TC4xx/CpuGeneric/Port/Std/IfxPort.h **** /** \brief APU Configuration
 428:../Libraries/iLLD/TC4xx/CpuGeneric/Port/Std/IfxPort.h ****  */
 429:../Libraries/iLLD/TC4xx/CpuGeneric/Port/Std/IfxPort.h **** typedef struct
 430:../Libraries/iLLD/TC4xx/CpuGeneric/Port/Std/IfxPort.h **** {
 431:../Libraries/iLLD/TC4xx/CpuGeneric/Port/Std/IfxPort.h ****     IfxApApu_ApuConfig apuConfig;       /**< \brief APU Configurations */
 432:../Libraries/iLLD/TC4xx/CpuGeneric/Port/Std/IfxPort.h ****     uint8              grpNum;          /**< \brief The APU group number to which the pin is mapped
 433:../Libraries/iLLD/TC4xx/CpuGeneric/Port/Std/IfxPort.h **** } IfxPort_ApuConfig;
 434:../Libraries/iLLD/TC4xx/CpuGeneric/Port/Std/IfxPort.h **** 
 435:../Libraries/iLLD/TC4xx/CpuGeneric/Port/Std/IfxPort.h **** /** \brief APU configurations for All the APU groups
 436:../Libraries/iLLD/TC4xx/CpuGeneric/Port/Std/IfxPort.h ****  * And mapping from a pin to a specific APU group
 437:../Libraries/iLLD/TC4xx/CpuGeneric/Port/Std/IfxPort.h ****  */
 438:../Libraries/iLLD/TC4xx/CpuGeneric/Port/Std/IfxPort.h **** typedef struct
 439:../Libraries/iLLD/TC4xx/CpuGeneric/Port/Std/IfxPort.h **** {
 440:../Libraries/iLLD/TC4xx/CpuGeneric/Port/Std/IfxPort.h ****     IfxApApu_ApuConfig    apuConfig[IFXPORT_NUM_APU];       /**< \brief APU Configurations for all 
 441:../Libraries/iLLD/TC4xx/CpuGeneric/Port/Std/IfxPort.h ****     IfxPort_Pin_ApuConfig pinConfig[IFXPORT_NUM_PINS];      /**< \brief Configuration to map a spec
 442:../Libraries/iLLD/TC4xx/CpuGeneric/Port/Std/IfxPort.h **** } IfxPort_ApuGroupConfig;
 443:../Libraries/iLLD/TC4xx/CpuGeneric/Port/Std/IfxPort.h **** 
 444:../Libraries/iLLD/TC4xx/CpuGeneric/Port/Std/IfxPort.h **** /** \brief PROT Configuration
 445:../Libraries/iLLD/TC4xx/CpuGeneric/Port/Std/IfxPort.h ****  */
 446:../Libraries/iLLD/TC4xx/CpuGeneric/Port/Std/IfxPort.h **** typedef struct
 447:../Libraries/iLLD/TC4xx/CpuGeneric/Port/Std/IfxPort.h **** {
 448:../Libraries/iLLD/TC4xx/CpuGeneric/Port/Std/IfxPort.h ****     IfxApProt_ProtConfig protseConfig;        /**< \brief PROT SE Configurations */
 449:../Libraries/iLLD/TC4xx/CpuGeneric/Port/Std/IfxPort.h **** } IfxPort_ProtConfig;
 450:../Libraries/iLLD/TC4xx/CpuGeneric/Port/Std/IfxPort.h **** 
 451:../Libraries/iLLD/TC4xx/CpuGeneric/Port/Std/IfxPort.h **** /** \addtogroup IfxLld_Port_Std_SinglePin
 452:../Libraries/iLLD/TC4xx/CpuGeneric/Port/Std/IfxPort.h ****  * \{ */
 453:../Libraries/iLLD/TC4xx/CpuGeneric/Port/Std/IfxPort.h **** 
 454:../Libraries/iLLD/TC4xx/CpuGeneric/Port/Std/IfxPort.h **** /******************************************************************************/
 455:../Libraries/iLLD/TC4xx/CpuGeneric/Port/Std/IfxPort.h **** /*-------------------------Inline Function Prototypes-------------------------*/
 456:../Libraries/iLLD/TC4xx/CpuGeneric/Port/Std/IfxPort.h **** /******************************************************************************/
 457:../Libraries/iLLD/TC4xx/CpuGeneric/Port/Std/IfxPort.h **** 
 458:../Libraries/iLLD/TC4xx/CpuGeneric/Port/Std/IfxPort.h **** /** \brief Return the port state.
 459:../Libraries/iLLD/TC4xx/CpuGeneric/Port/Std/IfxPort.h ****  *
 460:../Libraries/iLLD/TC4xx/CpuGeneric/Port/Std/IfxPort.h ****  * \param[in] port     Pointer to the port which should be accessed.
 461:../Libraries/iLLD/TC4xx/CpuGeneric/Port/Std/IfxPort.h ****  * \param[in] pinIndex Specifies the pin for which the state should be returned. Range: 0 to 15.
 462:../Libraries/iLLD/TC4xx/CpuGeneric/Port/Std/IfxPort.h ****  *
 463:../Libraries/iLLD/TC4xx/CpuGeneric/Port/Std/IfxPort.h ****  * \retval TRUE If the pin is high.
 464:../Libraries/iLLD/TC4xx/CpuGeneric/Port/Std/IfxPort.h ****  *         FALSE If the pin is low.
 465:../Libraries/iLLD/TC4xx/CpuGeneric/Port/Std/IfxPort.h ****  *
 466:../Libraries/iLLD/TC4xx/CpuGeneric/Port/Std/IfxPort.h ****  * Coding example:
 467:../Libraries/iLLD/TC4xx/CpuGeneric/Port/Std/IfxPort.h ****  * \code
 468:../Libraries/iLLD/TC4xx/CpuGeneric/Port/Std/IfxPort.h ****  *    if( IfxPort_getPinState(&MODULE_P33, 0) ) {
 469:../Libraries/iLLD/TC4xx/CpuGeneric/Port/Std/IfxPort.h ****  *      // ...
 470:../Libraries/iLLD/TC4xx/CpuGeneric/Port/Std/IfxPort.h ****  *    }
 471:../Libraries/iLLD/TC4xx/CpuGeneric/Port/Std/IfxPort.h ****  * \endcode
 472:../Libraries/iLLD/TC4xx/CpuGeneric/Port/Std/IfxPort.h ****  *
 473:../Libraries/iLLD/TC4xx/CpuGeneric/Port/Std/IfxPort.h ****  */
 474:../Libraries/iLLD/TC4xx/CpuGeneric/Port/Std/IfxPort.h **** IFX_INLINE boolean IfxPort_getPinState(Ifx_P *port, uint8 pinIndex);
 475:../Libraries/iLLD/TC4xx/CpuGeneric/Port/Std/IfxPort.h **** 
 476:../Libraries/iLLD/TC4xx/CpuGeneric/Port/Std/IfxPort.h **** /** \brief Set analog/digital mode for pin.
 477:../Libraries/iLLD/TC4xx/CpuGeneric/Port/Std/IfxPort.h ****  *
 478:../Libraries/iLLD/TC4xx/CpuGeneric/Port/Std/IfxPort.h ****  * \param[inout] port     Pointer to Port register space.
 479:../Libraries/iLLD/TC4xx/CpuGeneric/Port/Std/IfxPort.h ****  * \param[in]    pinIndex Specifies the pin index. Range: 0 to 15.
 480:../Libraries/iLLD/TC4xx/CpuGeneric/Port/Std/IfxPort.h ****  * \param[in]    mode set Analog/digital mode. Range: \ref IfxPort_PinFunctionMode.
 481:../Libraries/iLLD/TC4xx/CpuGeneric/Port/Std/IfxPort.h ****  *
 482:../Libraries/iLLD/TC4xx/CpuGeneric/Port/Std/IfxPort.h ****  * \retval None
 483:../Libraries/iLLD/TC4xx/CpuGeneric/Port/Std/IfxPort.h ****  */
 484:../Libraries/iLLD/TC4xx/CpuGeneric/Port/Std/IfxPort.h **** IFX_INLINE void IfxPort_setPinFunctionMode(Ifx_P *port, uint8 pinIndex, IfxPort_PinFunctionMode mod
 485:../Libraries/iLLD/TC4xx/CpuGeneric/Port/Std/IfxPort.h **** 
 486:../Libraries/iLLD/TC4xx/CpuGeneric/Port/Std/IfxPort.h **** /** \brief Set the port output.
 487:../Libraries/iLLD/TC4xx/CpuGeneric/Port/Std/IfxPort.h ****  *
 488:../Libraries/iLLD/TC4xx/CpuGeneric/Port/Std/IfxPort.h ****  * \param[inout] port     Pointer to the port which should be accessed.
 489:../Libraries/iLLD/TC4xx/CpuGeneric/Port/Std/IfxPort.h ****  * \param[in]    pinIndex Specifies the pin to be set. Range: 0 to 15.
 490:../Libraries/iLLD/TC4xx/CpuGeneric/Port/Std/IfxPort.h ****  *
 491:../Libraries/iLLD/TC4xx/CpuGeneric/Port/Std/IfxPort.h ****  * \retval None
 492:../Libraries/iLLD/TC4xx/CpuGeneric/Port/Std/IfxPort.h ****  *
 493:../Libraries/iLLD/TC4xx/CpuGeneric/Port/Std/IfxPort.h ****  * Coding example:
 494:../Libraries/iLLD/TC4xx/CpuGeneric/Port/Std/IfxPort.h ****  * \code
 495:../Libraries/iLLD/TC4xx/CpuGeneric/Port/Std/IfxPort.h ****  * IfxPort_setPinHigh(&MODULE_P33, 0);
 496:../Libraries/iLLD/TC4xx/CpuGeneric/Port/Std/IfxPort.h ****  * \endcode
 497:../Libraries/iLLD/TC4xx/CpuGeneric/Port/Std/IfxPort.h ****  *
 498:../Libraries/iLLD/TC4xx/CpuGeneric/Port/Std/IfxPort.h ****  * \see IfxPort_setPinState(), IfxPort_setPinLow(), IfxPort_togglePin()
 499:../Libraries/iLLD/TC4xx/CpuGeneric/Port/Std/IfxPort.h ****  *
 500:../Libraries/iLLD/TC4xx/CpuGeneric/Port/Std/IfxPort.h ****  */
 501:../Libraries/iLLD/TC4xx/CpuGeneric/Port/Std/IfxPort.h **** IFX_INLINE void IfxPort_setPinHigh(Ifx_P *port, uint8 pinIndex);
 502:../Libraries/iLLD/TC4xx/CpuGeneric/Port/Std/IfxPort.h **** 
 503:../Libraries/iLLD/TC4xx/CpuGeneric/Port/Std/IfxPort.h **** /** \brief Reset the port output.
 504:../Libraries/iLLD/TC4xx/CpuGeneric/Port/Std/IfxPort.h ****  *
 505:../Libraries/iLLD/TC4xx/CpuGeneric/Port/Std/IfxPort.h ****  * \param[inout] port     Pointer to the port which should be accessed.
 506:../Libraries/iLLD/TC4xx/CpuGeneric/Port/Std/IfxPort.h ****  * \param[in]    pinIndex Specifies the pin to be reset. Range: 0 to 15.
 507:../Libraries/iLLD/TC4xx/CpuGeneric/Port/Std/IfxPort.h ****  *
 508:../Libraries/iLLD/TC4xx/CpuGeneric/Port/Std/IfxPort.h ****  * \retval None
 509:../Libraries/iLLD/TC4xx/CpuGeneric/Port/Std/IfxPort.h ****  *
 510:../Libraries/iLLD/TC4xx/CpuGeneric/Port/Std/IfxPort.h ****  * Coding example:
 511:../Libraries/iLLD/TC4xx/CpuGeneric/Port/Std/IfxPort.h ****  * \code
 512:../Libraries/iLLD/TC4xx/CpuGeneric/Port/Std/IfxPort.h ****  * IfxPort_setPinLow(&MODULE_P33, 0);
 513:../Libraries/iLLD/TC4xx/CpuGeneric/Port/Std/IfxPort.h ****  * \endcode
 514:../Libraries/iLLD/TC4xx/CpuGeneric/Port/Std/IfxPort.h ****  *
 515:../Libraries/iLLD/TC4xx/CpuGeneric/Port/Std/IfxPort.h ****  * \see IfxPort_setPinState(), IfxPort_setPinHigh(), IfxPort_togglePin()
 516:../Libraries/iLLD/TC4xx/CpuGeneric/Port/Std/IfxPort.h ****  *
 517:../Libraries/iLLD/TC4xx/CpuGeneric/Port/Std/IfxPort.h ****  */
 518:../Libraries/iLLD/TC4xx/CpuGeneric/Port/Std/IfxPort.h **** IFX_INLINE void IfxPort_setPinLow(Ifx_P *port, uint8 pinIndex);
 519:../Libraries/iLLD/TC4xx/CpuGeneric/Port/Std/IfxPort.h **** 
 520:../Libraries/iLLD/TC4xx/CpuGeneric/Port/Std/IfxPort.h **** /** \brief Configure the port input / output mode.
 521:../Libraries/iLLD/TC4xx/CpuGeneric/Port/Std/IfxPort.h ****  *
 522:../Libraries/iLLD/TC4xx/CpuGeneric/Port/Std/IfxPort.h ****  * \param[inout] port     Pointer to the port which should be accessed.
 523:../Libraries/iLLD/TC4xx/CpuGeneric/Port/Std/IfxPort.h ****  * \param[in]    pinIndex Specifies the pin to be configured. Range: 0 to 15.
 524:../Libraries/iLLD/TC4xx/CpuGeneric/Port/Std/IfxPort.h ****  * \param[in]    mode     Specifies the port pin mode. Range: \ref IfxPort_InputMode.
 525:../Libraries/iLLD/TC4xx/CpuGeneric/Port/Std/IfxPort.h ****  *
 526:../Libraries/iLLD/TC4xx/CpuGeneric/Port/Std/IfxPort.h ****  * \retval None
 527:../Libraries/iLLD/TC4xx/CpuGeneric/Port/Std/IfxPort.h ****  *
 528:../Libraries/iLLD/TC4xx/CpuGeneric/Port/Std/IfxPort.h ****  * Coding example:
 529:../Libraries/iLLD/TC4xx/CpuGeneric/Port/Std/IfxPort.h ****  * \code
 530:../Libraries/iLLD/TC4xx/CpuGeneric/Port/Std/IfxPort.h ****  *     IfxPort_setPinModeInput(&MODULE_P33, 0, IfxPort_InputMode_pullUp);
 531:../Libraries/iLLD/TC4xx/CpuGeneric/Port/Std/IfxPort.h ****  * \endcode
 532:../Libraries/iLLD/TC4xx/CpuGeneric/Port/Std/IfxPort.h ****  *
 533:../Libraries/iLLD/TC4xx/CpuGeneric/Port/Std/IfxPort.h ****  */
 534:../Libraries/iLLD/TC4xx/CpuGeneric/Port/Std/IfxPort.h **** IFX_INLINE void IfxPort_setPinModeInput(Ifx_P *port, uint8 pinIndex, IfxPort_InputMode mode);
 535:../Libraries/iLLD/TC4xx/CpuGeneric/Port/Std/IfxPort.h **** 
 536:../Libraries/iLLD/TC4xx/CpuGeneric/Port/Std/IfxPort.h **** /** \brief Configure the port input / output mode.
 537:../Libraries/iLLD/TC4xx/CpuGeneric/Port/Std/IfxPort.h ****  *
 538:../Libraries/iLLD/TC4xx/CpuGeneric/Port/Std/IfxPort.h ****  * \param[inout] port     Pointer to the port which should be accessed.
 539:../Libraries/iLLD/TC4xx/CpuGeneric/Port/Std/IfxPort.h ****  * \param[in]    pinIndex Specifies the pin to be configured. Range: 0 to 15.
 540:../Libraries/iLLD/TC4xx/CpuGeneric/Port/Std/IfxPort.h ****  * \param[in]    mode     Specifies the port pin mode. Range: \ref IfxPort_OutputMode.
 541:../Libraries/iLLD/TC4xx/CpuGeneric/Port/Std/IfxPort.h ****  * \param[in]    index    Specifies the alternate (or general purpose) output channel. Range: \ref 
 542:../Libraries/iLLD/TC4xx/CpuGeneric/Port/Std/IfxPort.h ****  *
 543:../Libraries/iLLD/TC4xx/CpuGeneric/Port/Std/IfxPort.h ****  * \retval None
 544:../Libraries/iLLD/TC4xx/CpuGeneric/Port/Std/IfxPort.h ****  *
 545:../Libraries/iLLD/TC4xx/CpuGeneric/Port/Std/IfxPort.h ****  * Coding example:
 546:../Libraries/iLLD/TC4xx/CpuGeneric/Port/Std/IfxPort.h ****  * \code
 547:../Libraries/iLLD/TC4xx/CpuGeneric/Port/Std/IfxPort.h ****  *     IfxPort_setPinModeOutput(&MODULE_P33, 0, IfxPort_OutputMode_pushPull, IfxPort_OutputIdx_gene
 548:../Libraries/iLLD/TC4xx/CpuGeneric/Port/Std/IfxPort.h ****  * \endcode
 549:../Libraries/iLLD/TC4xx/CpuGeneric/Port/Std/IfxPort.h ****  *
 550:../Libraries/iLLD/TC4xx/CpuGeneric/Port/Std/IfxPort.h ****  */
 551:../Libraries/iLLD/TC4xx/CpuGeneric/Port/Std/IfxPort.h **** IFX_INLINE void IfxPort_setPinModeOutput(Ifx_P *port, uint8 pinIndex, IfxPort_OutputMode mode, IfxP
 552:../Libraries/iLLD/TC4xx/CpuGeneric/Port/Std/IfxPort.h **** 
 553:../Libraries/iLLD/TC4xx/CpuGeneric/Port/Std/IfxPort.h **** /** \brief Set / Resets / Toggle the port output.
 554:../Libraries/iLLD/TC4xx/CpuGeneric/Port/Std/IfxPort.h ****  *
 555:../Libraries/iLLD/TC4xx/CpuGeneric/Port/Std/IfxPort.h ****  * \param[inout] port     Pointer to the port which should be accessed.
 556:../Libraries/iLLD/TC4xx/CpuGeneric/Port/Std/IfxPort.h ****  * \param[in]    pinIndex Specifies the pin to modify. Range: 0 to 15.
 557:../Libraries/iLLD/TC4xx/CpuGeneric/Port/Std/IfxPort.h ****  * \param[in]    action   Specifies the action: set, reset, toggle. Range: \ref IfxPort_State.
 558:../Libraries/iLLD/TC4xx/CpuGeneric/Port/Std/IfxPort.h ****  *
 559:../Libraries/iLLD/TC4xx/CpuGeneric/Port/Std/IfxPort.h ****  * \retval None
 560:../Libraries/iLLD/TC4xx/CpuGeneric/Port/Std/IfxPort.h ****  *
 561:../Libraries/iLLD/TC4xx/CpuGeneric/Port/Std/IfxPort.h ****  * Coding example:
 562:../Libraries/iLLD/TC4xx/CpuGeneric/Port/Std/IfxPort.h ****  * \code
 563:../Libraries/iLLD/TC4xx/CpuGeneric/Port/Std/IfxPort.h ****  * IfxPort_setPinState(&MODULE_P33, 0, IfxPort_State_toggled);
 564:../Libraries/iLLD/TC4xx/CpuGeneric/Port/Std/IfxPort.h ****  * IfxPort_setPinState(&MODULE_P33, 0, IfxPort_State_toggled);
 565:../Libraries/iLLD/TC4xx/CpuGeneric/Port/Std/IfxPort.h ****  * IfxPort_setPinState(&MODULE_P33, 0, IfxPort_State_toggled);
 566:../Libraries/iLLD/TC4xx/CpuGeneric/Port/Std/IfxPort.h ****  * \endcode
 567:../Libraries/iLLD/TC4xx/CpuGeneric/Port/Std/IfxPort.h ****  *
 568:../Libraries/iLLD/TC4xx/CpuGeneric/Port/Std/IfxPort.h ****  */
 569:../Libraries/iLLD/TC4xx/CpuGeneric/Port/Std/IfxPort.h **** IFX_INLINE void IfxPort_setPinState(Ifx_P *port, uint8 pinIndex, IfxPort_State action);
 570:../Libraries/iLLD/TC4xx/CpuGeneric/Port/Std/IfxPort.h **** 
 571:../Libraries/iLLD/TC4xx/CpuGeneric/Port/Std/IfxPort.h **** /** \brief Toggle the port output.
 572:../Libraries/iLLD/TC4xx/CpuGeneric/Port/Std/IfxPort.h ****  *
 573:../Libraries/iLLD/TC4xx/CpuGeneric/Port/Std/IfxPort.h ****  * \param[inout] port     Pointer to the port which should be accessed.
 574:../Libraries/iLLD/TC4xx/CpuGeneric/Port/Std/IfxPort.h ****  * \param[in]    pinIndex Specifies the pin to be toggled. Range: 0 to 15.
 575:../Libraries/iLLD/TC4xx/CpuGeneric/Port/Std/IfxPort.h ****  *
 576:../Libraries/iLLD/TC4xx/CpuGeneric/Port/Std/IfxPort.h ****  * \retval None
 577:../Libraries/iLLD/TC4xx/CpuGeneric/Port/Std/IfxPort.h ****  *
 578:../Libraries/iLLD/TC4xx/CpuGeneric/Port/Std/IfxPort.h ****  * Coding example:
 579:../Libraries/iLLD/TC4xx/CpuGeneric/Port/Std/IfxPort.h ****  * \code
 580:../Libraries/iLLD/TC4xx/CpuGeneric/Port/Std/IfxPort.h ****  * IfxPort_togglePin(&MODULE_P33, 0);
 581:../Libraries/iLLD/TC4xx/CpuGeneric/Port/Std/IfxPort.h ****  * \endcode
 582:../Libraries/iLLD/TC4xx/CpuGeneric/Port/Std/IfxPort.h ****  *
 583:../Libraries/iLLD/TC4xx/CpuGeneric/Port/Std/IfxPort.h ****  * \see IfxPort_setPinState(), IfxPort_setPinLow(), IfxPort_setPinHigh()
 584:../Libraries/iLLD/TC4xx/CpuGeneric/Port/Std/IfxPort.h ****  *
 585:../Libraries/iLLD/TC4xx/CpuGeneric/Port/Std/IfxPort.h ****  */
 586:../Libraries/iLLD/TC4xx/CpuGeneric/Port/Std/IfxPort.h **** IFX_INLINE void IfxPort_togglePin(Ifx_P *port, uint8 pinIndex);
 587:../Libraries/iLLD/TC4xx/CpuGeneric/Port/Std/IfxPort.h **** 
 588:../Libraries/iLLD/TC4xx/CpuGeneric/Port/Std/IfxPort.h **** #if !defined(DEVICE_TC4PX) && !defined(DEVICE_TC4EX) && !defined(DEVICE_TC46X)
 589:../Libraries/iLLD/TC4xx/CpuGeneric/Port/Std/IfxPort.h **** /** \brief Select the reduced frequency mode LVDS-M/LVDS-H.
 590:../Libraries/iLLD/TC4xx/CpuGeneric/Port/Std/IfxPort.h ****  *
 591:../Libraries/iLLD/TC4xx/CpuGeneric/Port/Std/IfxPort.h ****  * \param[inout] port     Pointer to Port Register space.
 592:../Libraries/iLLD/TC4xx/CpuGeneric/Port/Std/IfxPort.h ****  * \param[in]    pinIndex Specifies pin index. Range: 0 to 15.
 593:../Libraries/iLLD/TC4xx/CpuGeneric/Port/Std/IfxPort.h ****  * \param[in]    lvdsMode Specifies the LVDS mode. Range: \ref IfxPort_LvdsMode.
 594:../Libraries/iLLD/TC4xx/CpuGeneric/Port/Std/IfxPort.h ****  *
 595:../Libraries/iLLD/TC4xx/CpuGeneric/Port/Std/IfxPort.h ****  * \retval None
 596:../Libraries/iLLD/TC4xx/CpuGeneric/Port/Std/IfxPort.h ****  */
 597:../Libraries/iLLD/TC4xx/CpuGeneric/Port/Std/IfxPort.h **** IFX_INLINE void IfxPort_setPinLVDS(Ifx_P *port, uint8 pinIndex, IfxPort_LvdsMode lvdsMode);
 598:../Libraries/iLLD/TC4xx/CpuGeneric/Port/Std/IfxPort.h **** 
 599:../Libraries/iLLD/TC4xx/CpuGeneric/Port/Std/IfxPort.h **** /** \brief Returns the configured reduced frequency mode LVDS-M/LVDS-H.
 600:../Libraries/iLLD/TC4xx/CpuGeneric/Port/Std/IfxPort.h ****  *
 601:../Libraries/iLLD/TC4xx/CpuGeneric/Port/Std/IfxPort.h ****  * \param[in] port     Pointer to Port Register space.
 602:../Libraries/iLLD/TC4xx/CpuGeneric/Port/Std/IfxPort.h ****  * \param[in] pinIndex Specifies pin index. Range: 0 to 15.
 603:../Libraries/iLLD/TC4xx/CpuGeneric/Port/Std/IfxPort.h ****  *
 604:../Libraries/iLLD/TC4xx/CpuGeneric/Port/Std/IfxPort.h ****  * \retval IfxPort_LvdsMode Specifies the lvds mode. Range: \ref IfxPort_LvdsMode.
 605:../Libraries/iLLD/TC4xx/CpuGeneric/Port/Std/IfxPort.h ****  */
 606:../Libraries/iLLD/TC4xx/CpuGeneric/Port/Std/IfxPort.h **** IFX_INLINE IfxPort_LvdsMode IfxPort_getPinLVDS(Ifx_P *port, uint8 pinIndex);
 607:../Libraries/iLLD/TC4xx/CpuGeneric/Port/Std/IfxPort.h **** #endif /* #if !defined(DEVICE_TC4PX) && !defined(DEVICE_TC4EX)  && !defined(DEVICE_TC46X) */
 608:../Libraries/iLLD/TC4xx/CpuGeneric/Port/Std/IfxPort.h **** 
 609:../Libraries/iLLD/TC4xx/CpuGeneric/Port/Std/IfxPort.h **** /******************************************************************************/
 610:../Libraries/iLLD/TC4xx/CpuGeneric/Port/Std/IfxPort.h **** /*-------------------------Global Function Prototypes-------------------------*/
 611:../Libraries/iLLD/TC4xx/CpuGeneric/Port/Std/IfxPort.h **** /******************************************************************************/
 612:../Libraries/iLLD/TC4xx/CpuGeneric/Port/Std/IfxPort.h **** 
 613:../Libraries/iLLD/TC4xx/CpuGeneric/Port/Std/IfxPort.h **** /** \brief Disable the emergency stop function.
 614:../Libraries/iLLD/TC4xx/CpuGeneric/Port/Std/IfxPort.h ****  * This function disables the emergency stop function. A check is done on port functionality.
 615:../Libraries/iLLD/TC4xx/CpuGeneric/Port/Std/IfxPort.h ****  *
 616:../Libraries/iLLD/TC4xx/CpuGeneric/Port/Std/IfxPort.h ****  * \param[inout] port     Pointer to the port which should be accessed.
 617:../Libraries/iLLD/TC4xx/CpuGeneric/Port/Std/IfxPort.h ****  * \param[in]    pinIndex Specifies the pin for which the emergency stop function should be disable
 618:../Libraries/iLLD/TC4xx/CpuGeneric/Port/Std/IfxPort.h ****  *
 619:../Libraries/iLLD/TC4xx/CpuGeneric/Port/Std/IfxPort.h ****  * \retval TRUE If the emergency stop function has been disabled.
 620:../Libraries/iLLD/TC4xx/CpuGeneric/Port/Std/IfxPort.h ****  *         FALSE If the emergency stop function could not be disabled.
 621:../Libraries/iLLD/TC4xx/CpuGeneric/Port/Std/IfxPort.h ****  *
 622:../Libraries/iLLD/TC4xx/CpuGeneric/Port/Std/IfxPort.h ****  * Coding example:
 623:../Libraries/iLLD/TC4xx/CpuGeneric/Port/Std/IfxPort.h ****  * /code
 624:../Libraries/iLLD/TC4xx/CpuGeneric/Port/Std/IfxPort.h ****  *     if( !IfxPort_disableEmergencyStop(&MODULE_P33, 0) )
 625:../Libraries/iLLD/TC4xx/CpuGeneric/Port/Std/IfxPort.h ****  *     {
 626:../Libraries/iLLD/TC4xx/CpuGeneric/Port/Std/IfxPort.h ****  *         // failed to disable emergency stop for P33.0
 627:../Libraries/iLLD/TC4xx/CpuGeneric/Port/Std/IfxPort.h ****  *     }
 628:../Libraries/iLLD/TC4xx/CpuGeneric/Port/Std/IfxPort.h ****  * /endcode
 629:../Libraries/iLLD/TC4xx/CpuGeneric/Port/Std/IfxPort.h ****  *
 630:../Libraries/iLLD/TC4xx/CpuGeneric/Port/Std/IfxPort.h ****  * \see IfxPort_disableEmergencyStop(), IfxPort_resetESR()
 631:../Libraries/iLLD/TC4xx/CpuGeneric/Port/Std/IfxPort.h ****  *
 632:../Libraries/iLLD/TC4xx/CpuGeneric/Port/Std/IfxPort.h ****  */
 633:../Libraries/iLLD/TC4xx/CpuGeneric/Port/Std/IfxPort.h **** IFX_EXTERN boolean IfxPort_disableEmergencyStop(Ifx_P *port, uint8 pinIndex);
 634:../Libraries/iLLD/TC4xx/CpuGeneric/Port/Std/IfxPort.h **** 
 635:../Libraries/iLLD/TC4xx/CpuGeneric/Port/Std/IfxPort.h **** /** \brief Enable the emergency stop function.
 636:../Libraries/iLLD/TC4xx/CpuGeneric/Port/Std/IfxPort.h ****  * This function enables the emergency stop function. A check is done on port functionality.
 637:../Libraries/iLLD/TC4xx/CpuGeneric/Port/Std/IfxPort.h ****  *
 638:../Libraries/iLLD/TC4xx/CpuGeneric/Port/Std/IfxPort.h ****  * \param[inout] port     Pointer to the port which should be accessed.
 639:../Libraries/iLLD/TC4xx/CpuGeneric/Port/Std/IfxPort.h ****  * \param[in]    pinIndex Specifies the pin for which the emergency stop function should be enabled
 640:../Libraries/iLLD/TC4xx/CpuGeneric/Port/Std/IfxPort.h ****  *
 641:../Libraries/iLLD/TC4xx/CpuGeneric/Port/Std/IfxPort.h ****  * \retval TRUE If emergency stop function was successfully enabled.
 642:../Libraries/iLLD/TC4xx/CpuGeneric/Port/Std/IfxPort.h ****  *         FALSE If failed to enable the emergency stop function.
 643:../Libraries/iLLD/TC4xx/CpuGeneric/Port/Std/IfxPort.h ****  *
 644:../Libraries/iLLD/TC4xx/CpuGeneric/Port/Std/IfxPort.h ****  * Coding example:
 645:../Libraries/iLLD/TC4xx/CpuGeneric/Port/Std/IfxPort.h ****  * \code
 646:../Libraries/iLLD/TC4xx/CpuGeneric/Port/Std/IfxPort.h ****  *     if( !IfxPort_enableEmergencyStop(&MODULE_P33, 0) ) {
 647:../Libraries/iLLD/TC4xx/CpuGeneric/Port/Std/IfxPort.h ****  *       // failed to enable emergency stop for P33.0
 648:../Libraries/iLLD/TC4xx/CpuGeneric/Port/Std/IfxPort.h ****  *     }
 649:../Libraries/iLLD/TC4xx/CpuGeneric/Port/Std/IfxPort.h ****  * \endcode
 650:../Libraries/iLLD/TC4xx/CpuGeneric/Port/Std/IfxPort.h ****  *
 651:../Libraries/iLLD/TC4xx/CpuGeneric/Port/Std/IfxPort.h ****  * \see IfxPort_disableEmergencyStop(), IfxPort_setESR()
 652:../Libraries/iLLD/TC4xx/CpuGeneric/Port/Std/IfxPort.h ****  *
 653:../Libraries/iLLD/TC4xx/CpuGeneric/Port/Std/IfxPort.h ****  */
 654:../Libraries/iLLD/TC4xx/CpuGeneric/Port/Std/IfxPort.h **** IFX_EXTERN boolean IfxPort_enableEmergencyStop(Ifx_P *port, uint8 pinIndex);
 655:../Libraries/iLLD/TC4xx/CpuGeneric/Port/Std/IfxPort.h **** 
 656:../Libraries/iLLD/TC4xx/CpuGeneric/Port/Std/IfxPort.h **** /** \brief Disable the emergency stop function.
 657:../Libraries/iLLD/TC4xx/CpuGeneric/Port/Std/IfxPort.h ****  * This function disables the emergency stop function. No check is done on port functionality.
 658:../Libraries/iLLD/TC4xx/CpuGeneric/Port/Std/IfxPort.h ****  *
 659:../Libraries/iLLD/TC4xx/CpuGeneric/Port/Std/IfxPort.h ****  * \param[inout] port     Pointer to the port which should be accessed.
 660:../Libraries/iLLD/TC4xx/CpuGeneric/Port/Std/IfxPort.h ****  * \param[in]    pinIndex Specifies the pin for which the emergency stop function should be disable
 661:../Libraries/iLLD/TC4xx/CpuGeneric/Port/Std/IfxPort.h ****  *
 662:../Libraries/iLLD/TC4xx/CpuGeneric/Port/Std/IfxPort.h ****  * \retval None
 663:../Libraries/iLLD/TC4xx/CpuGeneric/Port/Std/IfxPort.h ****  *
 664:../Libraries/iLLD/TC4xx/CpuGeneric/Port/Std/IfxPort.h ****  * \see IfxPort_disableEmergencyStop()
 665:../Libraries/iLLD/TC4xx/CpuGeneric/Port/Std/IfxPort.h ****  *
 666:../Libraries/iLLD/TC4xx/CpuGeneric/Port/Std/IfxPort.h ****  */
 667:../Libraries/iLLD/TC4xx/CpuGeneric/Port/Std/IfxPort.h **** IFX_EXTERN void IfxPort_resetESR(Ifx_P *port, uint8 pinIndex);
 668:../Libraries/iLLD/TC4xx/CpuGeneric/Port/Std/IfxPort.h **** 
 669:../Libraries/iLLD/TC4xx/CpuGeneric/Port/Std/IfxPort.h **** /** \brief Enable the emergency stop function.
 670:../Libraries/iLLD/TC4xx/CpuGeneric/Port/Std/IfxPort.h ****  * This function enables the emergency stop function. No check is done on port functionality.
 671:../Libraries/iLLD/TC4xx/CpuGeneric/Port/Std/IfxPort.h ****  *
 672:../Libraries/iLLD/TC4xx/CpuGeneric/Port/Std/IfxPort.h ****  * \param[inout] port     Pointer to the port which should be accessed.
 673:../Libraries/iLLD/TC4xx/CpuGeneric/Port/Std/IfxPort.h ****  * \param[in]    pinIndex Specifies the pin for which the emergency stop function should be enabled
 674:../Libraries/iLLD/TC4xx/CpuGeneric/Port/Std/IfxPort.h ****  *
 675:../Libraries/iLLD/TC4xx/CpuGeneric/Port/Std/IfxPort.h ****  * \retval None
 676:../Libraries/iLLD/TC4xx/CpuGeneric/Port/Std/IfxPort.h ****  *
 677:../Libraries/iLLD/TC4xx/CpuGeneric/Port/Std/IfxPort.h ****  * \see IfxPort_enableEmergencyStop()
 678:../Libraries/iLLD/TC4xx/CpuGeneric/Port/Std/IfxPort.h ****  *
 679:../Libraries/iLLD/TC4xx/CpuGeneric/Port/Std/IfxPort.h ****  */
 680:../Libraries/iLLD/TC4xx/CpuGeneric/Port/Std/IfxPort.h **** IFX_EXTERN void IfxPort_setESR(Ifx_P *port, uint8 pinIndex);
 681:../Libraries/iLLD/TC4xx/CpuGeneric/Port/Std/IfxPort.h **** 
 682:../Libraries/iLLD/TC4xx/CpuGeneric/Port/Std/IfxPort.h **** /** \brief Configure the port input / output mode.
 683:../Libraries/iLLD/TC4xx/CpuGeneric/Port/Std/IfxPort.h ****  * Also Configures the P40/P41 Port for digital functionality.
 684:../Libraries/iLLD/TC4xx/CpuGeneric/Port/Std/IfxPort.h ****  * which by default support analog functionality.
 685:../Libraries/iLLD/TC4xx/CpuGeneric/Port/Std/IfxPort.h ****  *
 686:../Libraries/iLLD/TC4xx/CpuGeneric/Port/Std/IfxPort.h ****  * \param[inout] port     Pointer to the port which should be accessed.
 687:../Libraries/iLLD/TC4xx/CpuGeneric/Port/Std/IfxPort.h ****  * \param[in]    pinIndex Specifies the pin to be configured. Range: 0 to 15.
 688:../Libraries/iLLD/TC4xx/CpuGeneric/Port/Std/IfxPort.h ****  * \param[in]    mode     Specifies the port pin mode. Range: \ref IfxPort_Mode.
 689:../Libraries/iLLD/TC4xx/CpuGeneric/Port/Std/IfxPort.h ****  *
 690:../Libraries/iLLD/TC4xx/CpuGeneric/Port/Std/IfxPort.h ****  * \retval None
 691:../Libraries/iLLD/TC4xx/CpuGeneric/Port/Std/IfxPort.h ****  *
 692:../Libraries/iLLD/TC4xx/CpuGeneric/Port/Std/IfxPort.h ****  * Coding example:
 693:../Libraries/iLLD/TC4xx/CpuGeneric/Port/Std/IfxPort.h ****  * \code
 694:../Libraries/iLLD/TC4xx/CpuGeneric/Port/Std/IfxPort.h ****  *     IfxPort_setPinMode(&MODULE_P33, 0, IfxPort_Mode_outputPushPullGeneral);
 695:../Libraries/iLLD/TC4xx/CpuGeneric/Port/Std/IfxPort.h ****  * \endcode
 696:../Libraries/iLLD/TC4xx/CpuGeneric/Port/Std/IfxPort.h ****  *
 697:../Libraries/iLLD/TC4xx/CpuGeneric/Port/Std/IfxPort.h ****  */
 698:../Libraries/iLLD/TC4xx/CpuGeneric/Port/Std/IfxPort.h **** IFX_EXTERN void IfxPort_setPinMode(Ifx_P *port, uint8 pinIndex, IfxPort_Mode mode);
 699:../Libraries/iLLD/TC4xx/CpuGeneric/Port/Std/IfxPort.h **** 
 700:../Libraries/iLLD/TC4xx/CpuGeneric/Port/Std/IfxPort.h **** /** \brief Configure the pad driver mode.
 701:../Libraries/iLLD/TC4xx/CpuGeneric/Port/Std/IfxPort.h ****  *
 702:../Libraries/iLLD/TC4xx/CpuGeneric/Port/Std/IfxPort.h ****  * \param[inout] port      Pointer to the port which should be accessed.
 703:../Libraries/iLLD/TC4xx/CpuGeneric/Port/Std/IfxPort.h ****  * \param[in]    pinIndex  Specifies the pin for which the mode will be set. Range: 0 to 15.
 704:../Libraries/iLLD/TC4xx/CpuGeneric/Port/Std/IfxPort.h ****  * \param[in]    padDriver Specifies the driver mode. Range: \ref IfxPort_PadDriver.
 705:../Libraries/iLLD/TC4xx/CpuGeneric/Port/Std/IfxPort.h ****  *
 706:../Libraries/iLLD/TC4xx/CpuGeneric/Port/Std/IfxPort.h ****  * \retval None
 707:../Libraries/iLLD/TC4xx/CpuGeneric/Port/Std/IfxPort.h ****  *
 708:../Libraries/iLLD/TC4xx/CpuGeneric/Port/Std/IfxPort.h ****  * Coding example:
 709:../Libraries/iLLD/TC4xx/CpuGeneric/Port/Std/IfxPort.h ****  * \code
 710:../Libraries/iLLD/TC4xx/CpuGeneric/Port/Std/IfxPort.h ****  * // enable strong 3.3V driver
 711:../Libraries/iLLD/TC4xx/CpuGeneric/Port/Std/IfxPort.h ****  * IfxPort_setPinPadDriver(&MODULE_P33, 0, IfxPort_PadDriver_cmosAutomotiveSpeed1);
 712:../Libraries/iLLD/TC4xx/CpuGeneric/Port/Std/IfxPort.h ****  * \endcode
 713:../Libraries/iLLD/TC4xx/CpuGeneric/Port/Std/IfxPort.h ****  *
 714:../Libraries/iLLD/TC4xx/CpuGeneric/Port/Std/IfxPort.h ****  */
 715:../Libraries/iLLD/TC4xx/CpuGeneric/Port/Std/IfxPort.h **** IFX_EXTERN void IfxPort_setPinPadDriver(Ifx_P *port, uint8 pinIndex, IfxPort_PadDriver padDriver);
 716:../Libraries/iLLD/TC4xx/CpuGeneric/Port/Std/IfxPort.h **** 
 717:../Libraries/iLLD/TC4xx/CpuGeneric/Port/Std/IfxPort.h **** /** \brief Enable the Pin Controller Selection.
 718:../Libraries/iLLD/TC4xx/CpuGeneric/Port/Std/IfxPort.h ****  *
 719:../Libraries/iLLD/TC4xx/CpuGeneric/Port/Std/IfxPort.h ****  * \param[inout] port     Pointer to the base of specified port's SFRs.
 720:../Libraries/iLLD/TC4xx/CpuGeneric/Port/Std/IfxPort.h ****  * \param[in]    pinIndex Specifies the pin for which the mode has to be set. Range: 0 to 15.
 721:../Libraries/iLLD/TC4xx/CpuGeneric/Port/Std/IfxPort.h ****  *
 722:../Libraries/iLLD/TC4xx/CpuGeneric/Port/Std/IfxPort.h ****  * \retval None
 723:../Libraries/iLLD/TC4xx/CpuGeneric/Port/Std/IfxPort.h ****  */
 724:../Libraries/iLLD/TC4xx/CpuGeneric/Port/Std/IfxPort.h **** IFX_EXTERN void IfxPort_setPinControllerSelection(Ifx_P *port, uint8 pinIndex);
 725:../Libraries/iLLD/TC4xx/CpuGeneric/Port/Std/IfxPort.h **** 
 726:../Libraries/iLLD/TC4xx/CpuGeneric/Port/Std/IfxPort.h **** /** \brief Resets the pin controller selection to its default state.
 727:../Libraries/iLLD/TC4xx/CpuGeneric/Port/Std/IfxPort.h ****  *
 728:../Libraries/iLLD/TC4xx/CpuGeneric/Port/Std/IfxPort.h ****  * \param[inout] port     Pointer to the base of specified port's SFRs.
 729:../Libraries/iLLD/TC4xx/CpuGeneric/Port/Std/IfxPort.h ****  * \param[in]    pinIndex Specifies the pin for which the mode has to be set. Range: 0 to 15.
 730:../Libraries/iLLD/TC4xx/CpuGeneric/Port/Std/IfxPort.h ****  *
 731:../Libraries/iLLD/TC4xx/CpuGeneric/Port/Std/IfxPort.h ****  * \retval None
 732:../Libraries/iLLD/TC4xx/CpuGeneric/Port/Std/IfxPort.h ****  */
 733:../Libraries/iLLD/TC4xx/CpuGeneric/Port/Std/IfxPort.h **** IFX_EXTERN void IfxPort_resetPinControllerSelection(Ifx_P *port, uint8 pinIndex);
 734:../Libraries/iLLD/TC4xx/CpuGeneric/Port/Std/IfxPort.h **** 
 735:../Libraries/iLLD/TC4xx/CpuGeneric/Port/Std/IfxPort.h **** /** \brief Modifies the Pin Controller Selection.
 736:../Libraries/iLLD/TC4xx/CpuGeneric/Port/Std/IfxPort.h ****  *
 737:../Libraries/iLLD/TC4xx/CpuGeneric/Port/Std/IfxPort.h ****  * \param[inout] port     Pointer to the base of specified port's SFRs.
 738:../Libraries/iLLD/TC4xx/CpuGeneric/Port/Std/IfxPort.h ****  * \param[in]    pinIndex Specifies the pin for which the mode has to be set. Range: 0 to 15.
 739:../Libraries/iLLD/TC4xx/CpuGeneric/Port/Std/IfxPort.h ****  * \param[in]    mode     Selects the controller for the port pin(Tricore,EVADC,GETH,SCR,HRPWM etc)
 740:../Libraries/iLLD/TC4xx/CpuGeneric/Port/Std/IfxPort.h ****  *
 741:../Libraries/iLLD/TC4xx/CpuGeneric/Port/Std/IfxPort.h ****  * 0-> normal function
 742:../Libraries/iLLD/TC4xx/CpuGeneric/Port/Std/IfxPort.h ****  * 1-> Alternate functionality(SCR pin,EVADC PDD,GETH RGMII/MII,HRPWM etc)
 743:../Libraries/iLLD/TC4xx/CpuGeneric/Port/Std/IfxPort.h ****  * Note:It is the Users responsibility to pass correct port, pin and mode inputs.
 744:../Libraries/iLLD/TC4xx/CpuGeneric/Port/Std/IfxPort.h ****  *
 745:../Libraries/iLLD/TC4xx/CpuGeneric/Port/Std/IfxPort.h ****  * \retval None
 746:../Libraries/iLLD/TC4xx/CpuGeneric/Port/Std/IfxPort.h ****  */
 747:../Libraries/iLLD/TC4xx/CpuGeneric/Port/Std/IfxPort.h **** IFX_EXTERN void IfxPort_modifyPinControllerSelection(Ifx_P *port, uint8 pinIndex, boolean mode);
 748:../Libraries/iLLD/TC4xx/CpuGeneric/Port/Std/IfxPort.h **** 
 749:../Libraries/iLLD/TC4xx/CpuGeneric/Port/Std/IfxPort.h **** /** \} */
 750:../Libraries/iLLD/TC4xx/CpuGeneric/Port/Std/IfxPort.h **** 
 751:../Libraries/iLLD/TC4xx/CpuGeneric/Port/Std/IfxPort.h **** /** \addtogroup IfxLld_Port_Std_PortGroup
 752:../Libraries/iLLD/TC4xx/CpuGeneric/Port/Std/IfxPort.h ****  * \{ */
 753:../Libraries/iLLD/TC4xx/CpuGeneric/Port/Std/IfxPort.h **** 
 754:../Libraries/iLLD/TC4xx/CpuGeneric/Port/Std/IfxPort.h **** /******************************************************************************/
 755:../Libraries/iLLD/TC4xx/CpuGeneric/Port/Std/IfxPort.h **** /*-------------------------Inline Function Prototypes-------------------------*/
 756:../Libraries/iLLD/TC4xx/CpuGeneric/Port/Std/IfxPort.h **** /******************************************************************************/
 757:../Libraries/iLLD/TC4xx/CpuGeneric/Port/Std/IfxPort.h **** 
 758:../Libraries/iLLD/TC4xx/CpuGeneric/Port/Std/IfxPort.h **** /** \brief Return the port group state.
 759:../Libraries/iLLD/TC4xx/CpuGeneric/Port/Std/IfxPort.h ****  *
 760:../Libraries/iLLD/TC4xx/CpuGeneric/Port/Std/IfxPort.h ****  * \param[in] port     Pointer to the port which should be accessed.
 761:../Libraries/iLLD/TC4xx/CpuGeneric/Port/Std/IfxPort.h ****  * \param[in] pinIndex Start at the given pin. Range: 0 to 15.
 762:../Libraries/iLLD/TC4xx/CpuGeneric/Port/Std/IfxPort.h ****  * \param[in] mask     Selects the pins which should be read (starting from pinIndex). Range: 0 to 
 763:../Libraries/iLLD/TC4xx/CpuGeneric/Port/Std/IfxPort.h ****  *
 764:../Libraries/iLLD/TC4xx/CpuGeneric/Port/Std/IfxPort.h ****  * \retval uint32 Returns the selected pin values. Range: 0 to 0xFFFFFFFF.
 765:../Libraries/iLLD/TC4xx/CpuGeneric/Port/Std/IfxPort.h ****  *
 766:../Libraries/iLLD/TC4xx/CpuGeneric/Port/Std/IfxPort.h ****  * Coding example:
 767:../Libraries/iLLD/TC4xx/CpuGeneric/Port/Std/IfxPort.h ****  * \code
 768:../Libraries/iLLD/TC4xx/CpuGeneric/Port/Std/IfxPort.h ****  * // read the current value of P33[7:0]
 769:../Libraries/iLLD/TC4xx/CpuGeneric/Port/Std/IfxPort.h ****  * uint16 value = IfxPort_getGroupState(&MODULE_P33, 0, 0xff);
 770:../Libraries/iLLD/TC4xx/CpuGeneric/Port/Std/IfxPort.h ****  * \endcode
 771:../Libraries/iLLD/TC4xx/CpuGeneric/Port/Std/IfxPort.h ****  *
 772:../Libraries/iLLD/TC4xx/CpuGeneric/Port/Std/IfxPort.h ****  */
 773:../Libraries/iLLD/TC4xx/CpuGeneric/Port/Std/IfxPort.h **** IFX_INLINE uint32 IfxPort_getGroupState(Ifx_P *port, uint8 pinIndex, uint16 mask);
 774:../Libraries/iLLD/TC4xx/CpuGeneric/Port/Std/IfxPort.h **** 
 775:../Libraries/iLLD/TC4xx/CpuGeneric/Port/Std/IfxPort.h **** /** \brief Set the port group state.
 776:../Libraries/iLLD/TC4xx/CpuGeneric/Port/Std/IfxPort.h ****  *
 777:../Libraries/iLLD/TC4xx/CpuGeneric/Port/Std/IfxPort.h ****  * \param[inout] port     Pointer to the port which should be accessed.
 778:../Libraries/iLLD/TC4xx/CpuGeneric/Port/Std/IfxPort.h ****  * \param[in]    pinIndex Start at the given pin. Range: 0 to 15.
 779:../Libraries/iLLD/TC4xx/CpuGeneric/Port/Std/IfxPort.h ****  * \param[in]    mask     Selects the pins which should be modified (starting from pinIndex). Range
 780:../Libraries/iLLD/TC4xx/CpuGeneric/Port/Std/IfxPort.h ****  * \param[in]    data     Specifies the value which should be set. Range: 0 to 0xFFFF.
 781:../Libraries/iLLD/TC4xx/CpuGeneric/Port/Std/IfxPort.h ****  *
 782:../Libraries/iLLD/TC4xx/CpuGeneric/Port/Std/IfxPort.h ****  * \retval None
 783:../Libraries/iLLD/TC4xx/CpuGeneric/Port/Std/IfxPort.h ****  *
 784:../Libraries/iLLD/TC4xx/CpuGeneric/Port/Std/IfxPort.h ****  * Coding example:
 785:../Libraries/iLLD/TC4xx/CpuGeneric/Port/Std/IfxPort.h ****  * \code
 786:../Libraries/iLLD/TC4xx/CpuGeneric/Port/Std/IfxPort.h ****  * // configure P33.[7:0] as GPIO outputs
 787:../Libraries/iLLD/TC4xx/CpuGeneric/Port/Std/IfxPort.h ****  * IfxPort_setGroupModeOutput(&MODULE_P33, 0, 0xff, IfxPort_OutputMode_pushPull, IfxPort_OutputIdx_
 788:../Libraries/iLLD/TC4xx/CpuGeneric/Port/Std/IfxPort.h ****  *
 789:../Libraries/iLLD/TC4xx/CpuGeneric/Port/Std/IfxPort.h ****  * // set initial value
 790:../Libraries/iLLD/TC4xx/CpuGeneric/Port/Std/IfxPort.h ****  * IfxPort_setGroupState(&MODULE_P33, 0, 0xff, 0x42);
 791:../Libraries/iLLD/TC4xx/CpuGeneric/Port/Std/IfxPort.h ****  * \endcode
 792:../Libraries/iLLD/TC4xx/CpuGeneric/Port/Std/IfxPort.h ****  *
 793:../Libraries/iLLD/TC4xx/CpuGeneric/Port/Std/IfxPort.h ****  */
 794:../Libraries/iLLD/TC4xx/CpuGeneric/Port/Std/IfxPort.h **** IFX_INLINE void IfxPort_setGroupState(Ifx_P *port, uint8 pinIndex, uint16 mask, uint16 data);
 795:../Libraries/iLLD/TC4xx/CpuGeneric/Port/Std/IfxPort.h **** 
 796:../Libraries/iLLD/TC4xx/CpuGeneric/Port/Std/IfxPort.h **** /******************************************************************************/
 797:../Libraries/iLLD/TC4xx/CpuGeneric/Port/Std/IfxPort.h **** /*-------------------------Global Function Prototypes-------------------------*/
 798:../Libraries/iLLD/TC4xx/CpuGeneric/Port/Std/IfxPort.h **** /******************************************************************************/
 799:../Libraries/iLLD/TC4xx/CpuGeneric/Port/Std/IfxPort.h **** 
 800:../Libraries/iLLD/TC4xx/CpuGeneric/Port/Std/IfxPort.h **** /** \brief Returns the module address of the selected Port module.
 801:../Libraries/iLLD/TC4xx/CpuGeneric/Port/Std/IfxPort.h ****  *
 802:../Libraries/iLLD/TC4xx/CpuGeneric/Port/Std/IfxPort.h ****  * \param[in] port Pointer to PORT module registers. Range: \ref IfxPort_Index.
 803:../Libraries/iLLD/TC4xx/CpuGeneric/Port/Std/IfxPort.h ****  *
 804:../Libraries/iLLD/TC4xx/CpuGeneric/Port/Std/IfxPort.h ****  * \retval Ifx_P PORT module register address.
 805:../Libraries/iLLD/TC4xx/CpuGeneric/Port/Std/IfxPort.h ****  */
 806:../Libraries/iLLD/TC4xx/CpuGeneric/Port/Std/IfxPort.h **** IFX_EXTERN Ifx_P *IfxPort_getAddress(IfxPort_Index port);
 807:../Libraries/iLLD/TC4xx/CpuGeneric/Port/Std/IfxPort.h **** 
 808:../Libraries/iLLD/TC4xx/CpuGeneric/Port/Std/IfxPort.h **** /** \brief Return port index within IfxModule_IndexMap (defined in IfxPort_cfg.c).
 809:../Libraries/iLLD/TC4xx/CpuGeneric/Port/Std/IfxPort.h ****  *
 810:../Libraries/iLLD/TC4xx/CpuGeneric/Port/Std/IfxPort.h ****  * \param[in] port Pointer to the port for which the index number in IfxModule_IndexMap should be r
 811:../Libraries/iLLD/TC4xx/CpuGeneric/Port/Std/IfxPort.h ****  *
 812:../Libraries/iLLD/TC4xx/CpuGeneric/Port/Std/IfxPort.h ****  * \retval IfxPort_Index Port index of IfxModule_IndexMap. return -1 in case of unknown port index.
 813:../Libraries/iLLD/TC4xx/CpuGeneric/Port/Std/IfxPort.h ****  */
 814:../Libraries/iLLD/TC4xx/CpuGeneric/Port/Std/IfxPort.h **** IFX_EXTERN IfxPort_Index IfxPort_getIndex(Ifx_P *port);
 815:../Libraries/iLLD/TC4xx/CpuGeneric/Port/Std/IfxPort.h **** 
 816:../Libraries/iLLD/TC4xx/CpuGeneric/Port/Std/IfxPort.h **** /** \brief Set pin modes to input at the pin location specified by '1' by the mask.
 817:../Libraries/iLLD/TC4xx/CpuGeneric/Port/Std/IfxPort.h ****  *
 818:../Libraries/iLLD/TC4xx/CpuGeneric/Port/Std/IfxPort.h ****  * \param[inout] port     Pointer to the port which should be accessed.
 819:../Libraries/iLLD/TC4xx/CpuGeneric/Port/Std/IfxPort.h ****  * \param[in]    pinIndex Start at the given pin. Range: 0 to 15.
 820:../Libraries/iLLD/TC4xx/CpuGeneric/Port/Std/IfxPort.h ****  * \param[in]    mask     Selects the pins which should be modified (starting from pinIndex). Range
 821:../Libraries/iLLD/TC4xx/CpuGeneric/Port/Std/IfxPort.h ****  * \param[in]    mode     Specifies the port pin mode. Range: \ref IfxPort_InputMode.
 822:../Libraries/iLLD/TC4xx/CpuGeneric/Port/Std/IfxPort.h ****  *
 823:../Libraries/iLLD/TC4xx/CpuGeneric/Port/Std/IfxPort.h ****  * \retval None
 824:../Libraries/iLLD/TC4xx/CpuGeneric/Port/Std/IfxPort.h ****  *
 825:../Libraries/iLLD/TC4xx/CpuGeneric/Port/Std/IfxPort.h ****  * Coding example:
 826:../Libraries/iLLD/TC4xx/CpuGeneric/Port/Std/IfxPort.h ****  * \code
 827:../Libraries/iLLD/TC4xx/CpuGeneric/Port/Std/IfxPort.h ****  * // configure P33.[7:0] as GPIO inputs with Pull-Down enabled
 828:../Libraries/iLLD/TC4xx/CpuGeneric/Port/Std/IfxPort.h ****  * IfxPort_setGroupModeInput(&MODULE_P33, 0, 0xff, IfxPort_InputMode_pullDown);
 829:../Libraries/iLLD/TC4xx/CpuGeneric/Port/Std/IfxPort.h ****  *  \endcode
 830:../Libraries/iLLD/TC4xx/CpuGeneric/Port/Std/IfxPort.h ****  *
 831:../Libraries/iLLD/TC4xx/CpuGeneric/Port/Std/IfxPort.h ****  */
 832:../Libraries/iLLD/TC4xx/CpuGeneric/Port/Std/IfxPort.h **** IFX_EXTERN void IfxPort_setGroupModeInput(Ifx_P *port, uint8 pinIndex, uint16 mask, IfxPort_InputMo
 833:../Libraries/iLLD/TC4xx/CpuGeneric/Port/Std/IfxPort.h **** 
 834:../Libraries/iLLD/TC4xx/CpuGeneric/Port/Std/IfxPort.h **** /** \brief Set pin modes to output at the pin location specified by '1' by the mask starting at pin
 835:../Libraries/iLLD/TC4xx/CpuGeneric/Port/Std/IfxPort.h ****  *
 836:../Libraries/iLLD/TC4xx/CpuGeneric/Port/Std/IfxPort.h ****  * \param[inout] port     Pointer to the port which should be accessed.
 837:../Libraries/iLLD/TC4xx/CpuGeneric/Port/Std/IfxPort.h ****  * \param[in]    pinIndex Start at the given pin. Range: 0 to 15.
 838:../Libraries/iLLD/TC4xx/CpuGeneric/Port/Std/IfxPort.h ****  * \param[in]    mask     Selects the pins which should be modified (starting from pinIndex). Range
 839:../Libraries/iLLD/TC4xx/CpuGeneric/Port/Std/IfxPort.h ****  * \param[in]    mode     Specifies the port pin mode. Range: \ref IfxPort_OutputMode.
 840:../Libraries/iLLD/TC4xx/CpuGeneric/Port/Std/IfxPort.h ****  * \param[in]    index    Specifies the alternate (or general purpose) output channel. Range: \ref 
 841:../Libraries/iLLD/TC4xx/CpuGeneric/Port/Std/IfxPort.h ****  *
 842:../Libraries/iLLD/TC4xx/CpuGeneric/Port/Std/IfxPort.h ****  * \retval None
 843:../Libraries/iLLD/TC4xx/CpuGeneric/Port/Std/IfxPort.h ****  *
 844:../Libraries/iLLD/TC4xx/CpuGeneric/Port/Std/IfxPort.h ****  * Coding example:
 845:../Libraries/iLLD/TC4xx/CpuGeneric/Port/Std/IfxPort.h ****  * \code
 846:../Libraries/iLLD/TC4xx/CpuGeneric/Port/Std/IfxPort.h ****  * // configure P33.[7:0] as GPIO outputs
 847:../Libraries/iLLD/TC4xx/CpuGeneric/Port/Std/IfxPort.h ****  * IfxPort_setGroupModeOutput(&MODULE_P33, 0, 0xff, IfxPort_OutputMode_pushPull, IfxPort_OutputIdx_
 848:../Libraries/iLLD/TC4xx/CpuGeneric/Port/Std/IfxPort.h ****  * \endcode
 849:../Libraries/iLLD/TC4xx/CpuGeneric/Port/Std/IfxPort.h ****  *
 850:../Libraries/iLLD/TC4xx/CpuGeneric/Port/Std/IfxPort.h ****  */
 851:../Libraries/iLLD/TC4xx/CpuGeneric/Port/Std/IfxPort.h **** IFX_EXTERN void IfxPort_setGroupModeOutput(Ifx_P *port, uint8 pinIndex, uint16 mask, IfxPort_Output
 852:../Libraries/iLLD/TC4xx/CpuGeneric/Port/Std/IfxPort.h **** 
 853:../Libraries/iLLD/TC4xx/CpuGeneric/Port/Std/IfxPort.h **** /** \brief Set pad driver strength at the pin location specified by '1' by the mask.
 854:../Libraries/iLLD/TC4xx/CpuGeneric/Port/Std/IfxPort.h ****  *
 855:../Libraries/iLLD/TC4xx/CpuGeneric/Port/Std/IfxPort.h ****  * \param[inout] port      Pointer to the port which should be accessed.
 856:../Libraries/iLLD/TC4xx/CpuGeneric/Port/Std/IfxPort.h ****  * \param[in]    pinIndex  Start at the given pin. Range: 0 to 15.
 857:../Libraries/iLLD/TC4xx/CpuGeneric/Port/Std/IfxPort.h ****  * \param[in]    mask      Selects the pins which should be modified (starting from pinIndex). Rang
 858:../Libraries/iLLD/TC4xx/CpuGeneric/Port/Std/IfxPort.h ****  * \param[in]    padDriver Specifies the pad driver strength. Range: \ref IfxPort_PadDriver.
 859:../Libraries/iLLD/TC4xx/CpuGeneric/Port/Std/IfxPort.h ****  *
 860:../Libraries/iLLD/TC4xx/CpuGeneric/Port/Std/IfxPort.h ****  * \retval None
 861:../Libraries/iLLD/TC4xx/CpuGeneric/Port/Std/IfxPort.h ****  *
 862:../Libraries/iLLD/TC4xx/CpuGeneric/Port/Std/IfxPort.h ****  * Coding example:
 863:../Libraries/iLLD/TC4xx/CpuGeneric/Port/Std/IfxPort.h ****  * \code
 864:../Libraries/iLLD/TC4xx/CpuGeneric/Port/Std/IfxPort.h ****  * // configure P33.[7:0] to use CMOS pad driver with speed 1
 865:../Libraries/iLLD/TC4xx/CpuGeneric/Port/Std/IfxPort.h ****  * IfxPort_setGroupPadDriver(&MODULE_P33, 0, 0xff, IfxPort_PadDriver_cmosAutomotiveSpeed1);
 866:../Libraries/iLLD/TC4xx/CpuGeneric/Port/Std/IfxPort.h ****  * \endcode
 867:../Libraries/iLLD/TC4xx/CpuGeneric/Port/Std/IfxPort.h ****  *
 868:../Libraries/iLLD/TC4xx/CpuGeneric/Port/Std/IfxPort.h ****  */
 869:../Libraries/iLLD/TC4xx/CpuGeneric/Port/Std/IfxPort.h **** IFX_EXTERN void IfxPort_setGroupPadDriver(Ifx_P *port, uint8 pinIndex, uint16 mask, IfxPort_PadDriv
 870:../Libraries/iLLD/TC4xx/CpuGeneric/Port/Std/IfxPort.h **** 
 871:../Libraries/iLLD/TC4xx/CpuGeneric/Port/Std/IfxPort.h **** /** \brief Configure lvds mode.
 872:../Libraries/iLLD/TC4xx/CpuGeneric/Port/Std/IfxPort.h ****  *
 873:../Libraries/iLLD/TC4xx/CpuGeneric/Port/Std/IfxPort.h ****  * \param[inout] port     Pointer to Port Register space.
 874:../Libraries/iLLD/TC4xx/CpuGeneric/Port/Std/IfxPort.h ****  * \param[in]    pinIndex Specifies pin index. Range: 0 to 15.
 875:../Libraries/iLLD/TC4xx/CpuGeneric/Port/Std/IfxPort.h ****  * \param[in]    pinMode  Specifes the mode of pin. Range: \ref IfxPort_Mode.
 876:../Libraries/iLLD/TC4xx/CpuGeneric/Port/Std/IfxPort.h ****  * \param[in]    lvds     Config LVDS.
 877:../Libraries/iLLD/TC4xx/CpuGeneric/Port/Std/IfxPort.h ****  *
 878:../Libraries/iLLD/TC4xx/CpuGeneric/Port/Std/IfxPort.h ****  * \retval None
 879:../Libraries/iLLD/TC4xx/CpuGeneric/Port/Std/IfxPort.h ****  */
 880:../Libraries/iLLD/TC4xx/CpuGeneric/Port/Std/IfxPort.h **** IFX_EXTERN void IfxPort_setPinModeLVDS(Ifx_P *port, uint8 pinIndex, IfxPort_Mode pinMode, IfxPort_L
 881:../Libraries/iLLD/TC4xx/CpuGeneric/Port/Std/IfxPort.h **** 
 882:../Libraries/iLLD/TC4xx/CpuGeneric/Port/Std/IfxPort.h **** /** \} */
 883:../Libraries/iLLD/TC4xx/CpuGeneric/Port/Std/IfxPort.h **** 
 884:../Libraries/iLLD/TC4xx/CpuGeneric/Port/Std/IfxPort.h **** /******************************************************************************/
 885:../Libraries/iLLD/TC4xx/CpuGeneric/Port/Std/IfxPort.h **** /*-------------------------Inline Function Prototypes-------------------------*/
 886:../Libraries/iLLD/TC4xx/CpuGeneric/Port/Std/IfxPort.h **** /******************************************************************************/
 887:../Libraries/iLLD/TC4xx/CpuGeneric/Port/Std/IfxPort.h **** 
 888:../Libraries/iLLD/TC4xx/CpuGeneric/Port/Std/IfxPort.h **** /** \brief Initialise the PROT Config to default values.
 889:../Libraries/iLLD/TC4xx/CpuGeneric/Port/Std/IfxPort.h ****  *
 890:../Libraries/iLLD/TC4xx/CpuGeneric/Port/Std/IfxPort.h ****  * \param[inout] config PROT SE Config pointer.
 891:../Libraries/iLLD/TC4xx/CpuGeneric/Port/Std/IfxPort.h ****  *
 892:../Libraries/iLLD/TC4xx/CpuGeneric/Port/Std/IfxPort.h ****  * \retval None
 893:../Libraries/iLLD/TC4xx/CpuGeneric/Port/Std/IfxPort.h ****  */
 894:../Libraries/iLLD/TC4xx/CpuGeneric/Port/Std/IfxPort.h **** IFX_INLINE void IfxPort_initProtConfig(IfxPort_ProtConfig *config);
 895:../Libraries/iLLD/TC4xx/CpuGeneric/Port/Std/IfxPort.h **** 
 896:../Libraries/iLLD/TC4xx/CpuGeneric/Port/Std/IfxPort.h **** /** \brief Initialize the PROT.
 897:../Libraries/iLLD/TC4xx/CpuGeneric/Port/Std/IfxPort.h ****  *
 898:../Libraries/iLLD/TC4xx/CpuGeneric/Port/Std/IfxPort.h ****  * \param[inout] port   PORT module pointer.
 899:../Libraries/iLLD/TC4xx/CpuGeneric/Port/Std/IfxPort.h ****  * \param[in]    config PRTO SE Config pointer.
 900:../Libraries/iLLD/TC4xx/CpuGeneric/Port/Std/IfxPort.h ****  *
 901:../Libraries/iLLD/TC4xx/CpuGeneric/Port/Std/IfxPort.h ****  * \retval None
 902:../Libraries/iLLD/TC4xx/CpuGeneric/Port/Std/IfxPort.h ****  */
 903:../Libraries/iLLD/TC4xx/CpuGeneric/Port/Std/IfxPort.h **** IFX_INLINE void IfxPort_initProt(Ifx_P *port, IfxPort_ProtConfig *config);
 904:../Libraries/iLLD/TC4xx/CpuGeneric/Port/Std/IfxPort.h **** 
 905:../Libraries/iLLD/TC4xx/CpuGeneric/Port/Std/IfxPort.h **** /** \brief Configures the specfic pin slice to a APU group.
 906:../Libraries/iLLD/TC4xx/CpuGeneric/Port/Std/IfxPort.h ****  *
 907:../Libraries/iLLD/TC4xx/CpuGeneric/Port/Std/IfxPort.h ****  * \param[inout] port     PORT module pointer.
 908:../Libraries/iLLD/TC4xx/CpuGeneric/Port/Std/IfxPort.h ****  * \param[in]    pinIndex Pin Index. Range: 0 to 15.
 909:../Libraries/iLLD/TC4xx/CpuGeneric/Port/Std/IfxPort.h ****  * \param[in]    grpNum   APU group to which the pin is to be assigned. Range: 0 to 7.
 910:../Libraries/iLLD/TC4xx/CpuGeneric/Port/Std/IfxPort.h ****  *
 911:../Libraries/iLLD/TC4xx/CpuGeneric/Port/Std/IfxPort.h ****  * \retval None
 912:../Libraries/iLLD/TC4xx/CpuGeneric/Port/Std/IfxPort.h ****  */
 913:../Libraries/iLLD/TC4xx/CpuGeneric/Port/Std/IfxPort.h **** IFX_INLINE void IfxPort_setApuGroupSelection(Ifx_P *port, uint8 pinIndex, uint8 grpNum);
 914:../Libraries/iLLD/TC4xx/CpuGeneric/Port/Std/IfxPort.h **** 
 915:../Libraries/iLLD/TC4xx/CpuGeneric/Port/Std/IfxPort.h **** /** \brief API to Enable the wake up feature.
 916:../Libraries/iLLD/TC4xx/CpuGeneric/Port/Std/IfxPort.h ****  *
 917:../Libraries/iLLD/TC4xx/CpuGeneric/Port/Std/IfxPort.h ****  * \param[inout] port     PORT module pointer.
 918:../Libraries/iLLD/TC4xx/CpuGeneric/Port/Std/IfxPort.h ****  * \param[in]    pinIndex Pin index. Range: 0 to 15.
 919:../Libraries/iLLD/TC4xx/CpuGeneric/Port/Std/IfxPort.h ****  * \param[in]    enable   Enable/Disable the wake up.
 920:../Libraries/iLLD/TC4xx/CpuGeneric/Port/Std/IfxPort.h ****  *
 921:../Libraries/iLLD/TC4xx/CpuGeneric/Port/Std/IfxPort.h ****  * \retval None
 922:../Libraries/iLLD/TC4xx/CpuGeneric/Port/Std/IfxPort.h ****  */
 923:../Libraries/iLLD/TC4xx/CpuGeneric/Port/Std/IfxPort.h **** IFX_INLINE void IfxPort_setPinWakeUpEnable(Ifx_P *port, uint8 pinIndex, boolean enable);
 924:../Libraries/iLLD/TC4xx/CpuGeneric/Port/Std/IfxPort.h **** 
 925:../Libraries/iLLD/TC4xx/CpuGeneric/Port/Std/IfxPort.h **** /** \brief API to clear the wake up status.
 926:../Libraries/iLLD/TC4xx/CpuGeneric/Port/Std/IfxPort.h ****  *
 927:../Libraries/iLLD/TC4xx/CpuGeneric/Port/Std/IfxPort.h ****  * \param[inout] port     Port module pointer.
 928:../Libraries/iLLD/TC4xx/CpuGeneric/Port/Std/IfxPort.h ****  * \param[in]    pinIndex Pin index. Range: 0 to 15.
 929:../Libraries/iLLD/TC4xx/CpuGeneric/Port/Std/IfxPort.h ****  *
 930:../Libraries/iLLD/TC4xx/CpuGeneric/Port/Std/IfxPort.h ****  * \retval None
 931:../Libraries/iLLD/TC4xx/CpuGeneric/Port/Std/IfxPort.h ****  */
 932:../Libraries/iLLD/TC4xx/CpuGeneric/Port/Std/IfxPort.h **** IFX_INLINE void IfxPort_clearPinWakeUpStatus(Ifx_P *port, uint8 pinIndex);
 933:../Libraries/iLLD/TC4xx/CpuGeneric/Port/Std/IfxPort.h **** 
 934:../Libraries/iLLD/TC4xx/CpuGeneric/Port/Std/IfxPort.h **** /** \brief API to enable the wake up status.
 935:../Libraries/iLLD/TC4xx/CpuGeneric/Port/Std/IfxPort.h ****  *
 936:../Libraries/iLLD/TC4xx/CpuGeneric/Port/Std/IfxPort.h ****  * \param[inout] port     Port module pointer.
 937:../Libraries/iLLD/TC4xx/CpuGeneric/Port/Std/IfxPort.h ****  * \param[in]    pinIndex Pin index. Range: 0 to 15.
 938:../Libraries/iLLD/TC4xx/CpuGeneric/Port/Std/IfxPort.h ****  * \param[in]    enable   Enable/Disable the wake up status.
 939:../Libraries/iLLD/TC4xx/CpuGeneric/Port/Std/IfxPort.h ****  *
 940:../Libraries/iLLD/TC4xx/CpuGeneric/Port/Std/IfxPort.h ****  * \retval None
 941:../Libraries/iLLD/TC4xx/CpuGeneric/Port/Std/IfxPort.h ****  */
 942:../Libraries/iLLD/TC4xx/CpuGeneric/Port/Std/IfxPort.h **** IFX_INLINE void IfxPort_setPinWakeUpStatusEnable(Ifx_P *port, uint8 pinIndex, boolean enable);
 943:../Libraries/iLLD/TC4xx/CpuGeneric/Port/Std/IfxPort.h **** 
 944:../Libraries/iLLD/TC4xx/CpuGeneric/Port/Std/IfxPort.h **** /** \brief API to return the wake up status of the port pin.
 945:../Libraries/iLLD/TC4xx/CpuGeneric/Port/Std/IfxPort.h ****  *
 946:../Libraries/iLLD/TC4xx/CpuGeneric/Port/Std/IfxPort.h ****  * \param[in] port     Port module pointer.
 947:../Libraries/iLLD/TC4xx/CpuGeneric/Port/Std/IfxPort.h ****  * \param[in] pinIndex Pin index. Range: 0 to 15.
 948:../Libraries/iLLD/TC4xx/CpuGeneric/Port/Std/IfxPort.h ****  *
 949:../Libraries/iLLD/TC4xx/CpuGeneric/Port/Std/IfxPort.h ****  * \retval Return status enable/disable.
 950:../Libraries/iLLD/TC4xx/CpuGeneric/Port/Std/IfxPort.h ****  */
 951:../Libraries/iLLD/TC4xx/CpuGeneric/Port/Std/IfxPort.h **** IFX_INLINE boolean IfxPort_getPinWakeUpStatus(Ifx_P *port, uint8 pinIndex);
 952:../Libraries/iLLD/TC4xx/CpuGeneric/Port/Std/IfxPort.h **** 
 953:../Libraries/iLLD/TC4xx/CpuGeneric/Port/Std/IfxPort.h **** /** \brief API to return the wake up status register.
 954:../Libraries/iLLD/TC4xx/CpuGeneric/Port/Std/IfxPort.h ****  *
 955:../Libraries/iLLD/TC4xx/CpuGeneric/Port/Std/IfxPort.h ****  * \param[in] port Port module pointer.
 956:../Libraries/iLLD/TC4xx/CpuGeneric/Port/Std/IfxPort.h ****  *
 957:../Libraries/iLLD/TC4xx/CpuGeneric/Port/Std/IfxPort.h ****  * \retval uint32 Returns the status value. Range: 0 to 0xFFFF.
 958:../Libraries/iLLD/TC4xx/CpuGeneric/Port/Std/IfxPort.h ****  */
 959:../Libraries/iLLD/TC4xx/CpuGeneric/Port/Std/IfxPort.h **** IFX_INLINE uint32 IfxPort_getRawPinWakeUpStatus(Ifx_P *port);
 960:../Libraries/iLLD/TC4xx/CpuGeneric/Port/Std/IfxPort.h **** 
 961:../Libraries/iLLD/TC4xx/CpuGeneric/Port/Std/IfxPort.h **** /** \brief configure Bandgap Trimming Register (BGTRIM).
 962:../Libraries/iLLD/TC4xx/CpuGeneric/Port/Std/IfxPort.h ****  *
 963:../Libraries/iLLD/TC4xx/CpuGeneric/Port/Std/IfxPort.h ****  * \param[inout] port        PORT MODULE Pointer.
 964:../Libraries/iLLD/TC4xx/CpuGeneric/Port/Std/IfxPort.h ****  * \param[in]    bandgapTrim configure bandgap trimming value. Range: \ref IfxPort_BandgapTrimConfi
 965:../Libraries/iLLD/TC4xx/CpuGeneric/Port/Std/IfxPort.h ****  *
 966:../Libraries/iLLD/TC4xx/CpuGeneric/Port/Std/IfxPort.h ****  * \retval None
 967:../Libraries/iLLD/TC4xx/CpuGeneric/Port/Std/IfxPort.h ****  */
 968:../Libraries/iLLD/TC4xx/CpuGeneric/Port/Std/IfxPort.h **** IFX_INLINE void IfxPort_configureBandGapTrim(Ifx_P *port, IfxPort_BandgapTrimConfig bandgapTrim);
 969:../Libraries/iLLD/TC4xx/CpuGeneric/Port/Std/IfxPort.h **** 
 970:../Libraries/iLLD/TC4xx/CpuGeneric/Port/Std/IfxPort.h **** /******************************************************************************/
 971:../Libraries/iLLD/TC4xx/CpuGeneric/Port/Std/IfxPort.h **** /*-------------------------Global Function Prototypes-------------------------*/
 972:../Libraries/iLLD/TC4xx/CpuGeneric/Port/Std/IfxPort.h **** /******************************************************************************/
 973:../Libraries/iLLD/TC4xx/CpuGeneric/Port/Std/IfxPort.h **** 
 974:../Libraries/iLLD/TC4xx/CpuGeneric/Port/Std/IfxPort.h **** /** \brief Initialise the APU config to default values.
 975:../Libraries/iLLD/TC4xx/CpuGeneric/Port/Std/IfxPort.h ****  *
 976:../Libraries/iLLD/TC4xx/CpuGeneric/Port/Std/IfxPort.h ****  * \param[inout] config Apu Config pointer.
 977:../Libraries/iLLD/TC4xx/CpuGeneric/Port/Std/IfxPort.h ****  *
 978:../Libraries/iLLD/TC4xx/CpuGeneric/Port/Std/IfxPort.h ****  * \retval None
 979:../Libraries/iLLD/TC4xx/CpuGeneric/Port/Std/IfxPort.h ****  */
 980:../Libraries/iLLD/TC4xx/CpuGeneric/Port/Std/IfxPort.h **** IFX_EXTERN void IfxPort_initApuConfig(IfxPort_ApuConfig *config);
 981:../Libraries/iLLD/TC4xx/CpuGeneric/Port/Std/IfxPort.h **** 
 982:../Libraries/iLLD/TC4xx/CpuGeneric/Port/Std/IfxPort.h **** /** \brief Initialise the APU.
 983:../Libraries/iLLD/TC4xx/CpuGeneric/Port/Std/IfxPort.h ****  *
 984:../Libraries/iLLD/TC4xx/CpuGeneric/Port/Std/IfxPort.h ****  * \param[inout] port   PORT module pointer.
 985:../Libraries/iLLD/TC4xx/CpuGeneric/Port/Std/IfxPort.h ****  * \param[in]    config APU Config pointer.
 986:../Libraries/iLLD/TC4xx/CpuGeneric/Port/Std/IfxPort.h ****  * \retval None
 987:../Libraries/iLLD/TC4xx/CpuGeneric/Port/Std/IfxPort.h ****  */
 988:../Libraries/iLLD/TC4xx/CpuGeneric/Port/Std/IfxPort.h **** IFX_EXTERN void IfxPort_initApu(Ifx_P *port, IfxPort_ApuConfig *config);
 989:../Libraries/iLLD/TC4xx/CpuGeneric/Port/Std/IfxPort.h **** 
 990:../Libraries/iLLD/TC4xx/CpuGeneric/Port/Std/IfxPort.h **** /** \brief Configures the Pins to the APU groups.
 991:../Libraries/iLLD/TC4xx/CpuGeneric/Port/Std/IfxPort.h ****  *
 992:../Libraries/iLLD/TC4xx/CpuGeneric/Port/Std/IfxPort.h ****  * \param[inout] port   PORT module pointer.
 993:../Libraries/iLLD/TC4xx/CpuGeneric/Port/Std/IfxPort.h ****  * \param[in]    config APU group configuration pointer.
 994:../Libraries/iLLD/TC4xx/CpuGeneric/Port/Std/IfxPort.h ****  *
 995:../Libraries/iLLD/TC4xx/CpuGeneric/Port/Std/IfxPort.h ****  * \retval None
 996:../Libraries/iLLD/TC4xx/CpuGeneric/Port/Std/IfxPort.h ****  */
 997:../Libraries/iLLD/TC4xx/CpuGeneric/Port/Std/IfxPort.h **** IFX_EXTERN void IfxPort_initApuGroups(Ifx_P *port, IfxPort_ApuGroupConfig *config);
 998:../Libraries/iLLD/TC4xx/CpuGeneric/Port/Std/IfxPort.h **** 
 999:../Libraries/iLLD/TC4xx/CpuGeneric/Port/Std/IfxPort.h **** /** \brief Configure the ESR PAD and push pull configuration.
1000:../Libraries/iLLD/TC4xx/CpuGeneric/Port/Std/IfxPort.h ****  *
1001:../Libraries/iLLD/TC4xx/CpuGeneric/Port/Std/IfxPort.h ****  * \param[inout] port      PORT MODULE Pointer.
1002:../Libraries/iLLD/TC4xx/CpuGeneric/Port/Std/IfxPort.h ****  * \param[in]    pinIndex  Pin Index. Range: 0 to 15.
1003:../Libraries/iLLD/TC4xx/CpuGeneric/Port/Std/IfxPort.h ****  * \param[in]    esrLevel  ESR level. Range: \ref IfxPort_EsrLevel.
1004:../Libraries/iLLD/TC4xx/CpuGeneric/Port/Std/IfxPort.h ****  * \param[in]    esrPadCfg ESR Pad configuration. Range: \ref IfxPort_EsrPadCfg.
1005:../Libraries/iLLD/TC4xx/CpuGeneric/Port/Std/IfxPort.h ****  *
1006:../Libraries/iLLD/TC4xx/CpuGeneric/Port/Std/IfxPort.h ****  * \retval None
1007:../Libraries/iLLD/TC4xx/CpuGeneric/Port/Std/IfxPort.h ****  */
1008:../Libraries/iLLD/TC4xx/CpuGeneric/Port/Std/IfxPort.h **** IFX_EXTERN void IfxPort_configureESR(Ifx_P *port, uint8 pinIndex, IfxPort_EsrLevel esrLevel, IfxPor
1009:../Libraries/iLLD/TC4xx/CpuGeneric/Port/Std/IfxPort.h **** 
1010:../Libraries/iLLD/TC4xx/CpuGeneric/Port/Std/IfxPort.h **** /** \brief Configures access to all masters to all the Ports in the device.
1011:../Libraries/iLLD/TC4xx/CpuGeneric/Port/Std/IfxPort.h ****  * Note : By default the access protection group selected is 0 (PADCFG.ACCEN.B.GRP= 0) for all port
1012:../Libraries/iLLD/TC4xx/CpuGeneric/Port/Std/IfxPort.h ****  *
1013:../Libraries/iLLD/TC4xx/CpuGeneric/Port/Std/IfxPort.h ****  * \param[in] apConfig Config pointer to configuration structure.
1014:../Libraries/iLLD/TC4xx/CpuGeneric/Port/Std/IfxPort.h ****  *
1015:../Libraries/iLLD/TC4xx/CpuGeneric/Port/Std/IfxPort.h ****  * \retval None
1016:../Libraries/iLLD/TC4xx/CpuGeneric/Port/Std/IfxPort.h ****  */
1017:../Libraries/iLLD/TC4xx/CpuGeneric/Port/Std/IfxPort.h **** IFX_EXTERN void IfxPort_configureAccessToPorts(IfxApApu_ApuConfig *apConfig);
1018:../Libraries/iLLD/TC4xx/CpuGeneric/Port/Std/IfxPort.h **** 
1019:../Libraries/iLLD/TC4xx/CpuGeneric/Port/Std/IfxPort.h **** /** \brief write to the RST_CTRLA and RST_CTRLB register, to enable the reset of the selected PORT.
1020:../Libraries/iLLD/TC4xx/CpuGeneric/Port/Std/IfxPort.h ****  *
1021:../Libraries/iLLD/TC4xx/CpuGeneric/Port/Std/IfxPort.h ****  * \param[inout] port Pointer to the port which should be accessed.
1022:../Libraries/iLLD/TC4xx/CpuGeneric/Port/Std/IfxPort.h ****  *
1023:../Libraries/iLLD/TC4xx/CpuGeneric/Port/Std/IfxPort.h ****  * \retval None
1024:../Libraries/iLLD/TC4xx/CpuGeneric/Port/Std/IfxPort.h ****  */
1025:../Libraries/iLLD/TC4xx/CpuGeneric/Port/Std/IfxPort.h **** IFX_EXTERN void IfxPort_resetModule(Ifx_P *port);
1026:../Libraries/iLLD/TC4xx/CpuGeneric/Port/Std/IfxPort.h **** 
1027:../Libraries/iLLD/TC4xx/CpuGeneric/Port/Std/IfxPort.h **** /** \brief Api to configure xspi output driver.
1028:../Libraries/iLLD/TC4xx/CpuGeneric/Port/Std/IfxPort.h ****  *
1029:../Libraries/iLLD/TC4xx/CpuGeneric/Port/Std/IfxPort.h ****  * \param[inout] port     Pointer to the port which should be accessed.
1030:../Libraries/iLLD/TC4xx/CpuGeneric/Port/Std/IfxPort.h ****  * \param[in]    pinIndex Specifies the pin to be configured. Range: 0 to 15.
1031:../Libraries/iLLD/TC4xx/CpuGeneric/Port/Std/IfxPort.h ****  * \param[in]    modex    Specifies the port pin modex. Range: \ref IfxPort_Modex.
1032:../Libraries/iLLD/TC4xx/CpuGeneric/Port/Std/IfxPort.h ****  *
1033:../Libraries/iLLD/TC4xx/CpuGeneric/Port/Std/IfxPort.h ****  * \retval None
1034:../Libraries/iLLD/TC4xx/CpuGeneric/Port/Std/IfxPort.h ****  */
1035:../Libraries/iLLD/TC4xx/CpuGeneric/Port/Std/IfxPort.h **** IFX_EXTERN void IfxPort_setPinModex(Ifx_P *port, uint8 pinIndex, IfxPort_Modex modex);
1036:../Libraries/iLLD/TC4xx/CpuGeneric/Port/Std/IfxPort.h **** 
1037:../Libraries/iLLD/TC4xx/CpuGeneric/Port/Std/IfxPort.h **** /** \brief Configures access to all masters to all the Ports in the device.
1038:../Libraries/iLLD/TC4xx/CpuGeneric/Port/Std/IfxPort.h ****  * Note : By default the access protection group selected is 0 (PADCFG.ACCEN.B.GRP= 0) for all port
1039:../Libraries/iLLD/TC4xx/CpuGeneric/Port/Std/IfxPort.h ****  *
1040:../Libraries/iLLD/TC4xx/CpuGeneric/Port/Std/IfxPort.h ****  * \param[inout] port     Pointer to the port which should be accessed.
1041:../Libraries/iLLD/TC4xx/CpuGeneric/Port/Std/IfxPort.h ****  * \param[in]    group    Pad Access Groups. Range: \ref IfxPort_PadAccessGroup.
1042:../Libraries/iLLD/TC4xx/CpuGeneric/Port/Std/IfxPort.h ****  * \param[in]    apConfig Config pointer to configuration structure.
1043:../Libraries/iLLD/TC4xx/CpuGeneric/Port/Std/IfxPort.h ****  *
1044:../Libraries/iLLD/TC4xx/CpuGeneric/Port/Std/IfxPort.h ****  * \retval None
1045:../Libraries/iLLD/TC4xx/CpuGeneric/Port/Std/IfxPort.h ****  */
1046:../Libraries/iLLD/TC4xx/CpuGeneric/Port/Std/IfxPort.h **** IFX_EXTERN void IfxPort_configureAccessToPort(Ifx_P *port, IfxPort_PadAccessGroup group, void *apCo
1047:../Libraries/iLLD/TC4xx/CpuGeneric/Port/Std/IfxPort.h **** 
1048:../Libraries/iLLD/TC4xx/CpuGeneric/Port/Std/IfxPort.h **** #if defined(DEVICE_TC45X) || defined(DEVICE_TC46X) || defined(DEVICE_TC46XAA) || defined(DEVICE_TC4
1049:../Libraries/iLLD/TC4xx/CpuGeneric/Port/Std/IfxPort.h **** /** \brief Configures LDO.
1050:../Libraries/iLLD/TC4xx/CpuGeneric/Port/Std/IfxPort.h ****  *
1051:../Libraries/iLLD/TC4xx/CpuGeneric/Port/Std/IfxPort.h ****  * \param[inout] port       Pointer to the port which should be accessed.
1052:../Libraries/iLLD/TC4xx/CpuGeneric/Port/Std/IfxPort.h ****  * \param[in]   timerConfig Configure the timer. Range: \ref IfxPort_BlankingTimerConfig.
1053:../Libraries/iLLD/TC4xx/CpuGeneric/Port/Std/IfxPort.h ****  *
1054:../Libraries/iLLD/TC4xx/CpuGeneric/Port/Std/IfxPort.h ****  * \retval None
1055:../Libraries/iLLD/TC4xx/CpuGeneric/Port/Std/IfxPort.h ****  */
1056:../Libraries/iLLD/TC4xx/CpuGeneric/Port/Std/IfxPort.h **** IFX_EXTERN void IfxPort_configureLDO(Ifx_P *port, IfxPort_BlankingTimerConfig timerConfig);
1057:../Libraries/iLLD/TC4xx/CpuGeneric/Port/Std/IfxPort.h **** #endif /* #if defined(DEVICE_TC45X) || defined(DEVICE_TC46X) || defined(DEVICE_TC46XAA) || defined(
1058:../Libraries/iLLD/TC4xx/CpuGeneric/Port/Std/IfxPort.h **** 
1059:../Libraries/iLLD/TC4xx/CpuGeneric/Port/Std/IfxPort.h **** /******************************************************************************/
1060:../Libraries/iLLD/TC4xx/CpuGeneric/Port/Std/IfxPort.h **** /*---------------------Inline Function Implementations------------------------*/
1061:../Libraries/iLLD/TC4xx/CpuGeneric/Port/Std/IfxPort.h **** /******************************************************************************/
1062:../Libraries/iLLD/TC4xx/CpuGeneric/Port/Std/IfxPort.h **** 
1063:../Libraries/iLLD/TC4xx/CpuGeneric/Port/Std/IfxPort.h **** IFX_INLINE uint32 IfxPort_getGroupState(Ifx_P *port, uint8 pinIndex, uint16 mask)
1064:../Libraries/iLLD/TC4xx/CpuGeneric/Port/Std/IfxPort.h **** {
1065:../Libraries/iLLD/TC4xx/CpuGeneric/Port/Std/IfxPort.h ****     return (uint32)((port->IN.U) >> (pinIndex)) & mask;
1066:../Libraries/iLLD/TC4xx/CpuGeneric/Port/Std/IfxPort.h **** }
1067:../Libraries/iLLD/TC4xx/CpuGeneric/Port/Std/IfxPort.h **** 
1068:../Libraries/iLLD/TC4xx/CpuGeneric/Port/Std/IfxPort.h **** 
1069:../Libraries/iLLD/TC4xx/CpuGeneric/Port/Std/IfxPort.h **** IFX_INLINE boolean IfxPort_getPinState(Ifx_P *port, uint8 pinIndex)
1070:../Libraries/iLLD/TC4xx/CpuGeneric/Port/Std/IfxPort.h **** {
1071:../Libraries/iLLD/TC4xx/CpuGeneric/Port/Std/IfxPort.h **** #if defined(IFX_ILLD_TC_USAGE)
1072:../Libraries/iLLD/TC4xx/CpuGeneric/Port/Std/IfxPort.h ****     return __getbit(&port->IN.U, pinIndex);
1073:../Libraries/iLLD/TC4xx/CpuGeneric/Port/Std/IfxPort.h **** #else
1074:../Libraries/iLLD/TC4xx/CpuGeneric/Port/Std/IfxPort.h ****     return (boolean)((port->IN.U >> pinIndex) & 1U);
1075:../Libraries/iLLD/TC4xx/CpuGeneric/Port/Std/IfxPort.h **** #endif /* defined(IFX_ILLD_TC_USAGE) */
1076:../Libraries/iLLD/TC4xx/CpuGeneric/Port/Std/IfxPort.h **** }
1077:../Libraries/iLLD/TC4xx/CpuGeneric/Port/Std/IfxPort.h **** 
1078:../Libraries/iLLD/TC4xx/CpuGeneric/Port/Std/IfxPort.h **** 
1079:../Libraries/iLLD/TC4xx/CpuGeneric/Port/Std/IfxPort.h **** IFX_INLINE void IfxPort_setGroupState(Ifx_P *port, uint8 pinIndex, uint16 mask, uint16 data)
1080:../Libraries/iLLD/TC4xx/CpuGeneric/Port/Std/IfxPort.h **** {
1081:../Libraries/iLLD/TC4xx/CpuGeneric/Port/Std/IfxPort.h ****     port->OUT.U = (port->OUT.U & ~((uint32)(mask)) << pinIndex) | (data << pinIndex);
1082:../Libraries/iLLD/TC4xx/CpuGeneric/Port/Std/IfxPort.h **** }
1083:../Libraries/iLLD/TC4xx/CpuGeneric/Port/Std/IfxPort.h **** 
1084:../Libraries/iLLD/TC4xx/CpuGeneric/Port/Std/IfxPort.h **** 
1085:../Libraries/iLLD/TC4xx/CpuGeneric/Port/Std/IfxPort.h **** IFX_INLINE void IfxPort_setPinFunctionMode(Ifx_P *port, uint8 pinIndex, IfxPort_PinFunctionMode mod
1086:../Libraries/iLLD/TC4xx/CpuGeneric/Port/Std/IfxPort.h **** {
1087:../Libraries/iLLD/TC4xx/CpuGeneric/Port/Std/IfxPort.h **** #if (IFX_PROT_ENABLED == 1U)
1088:../Libraries/iLLD/TC4xx/CpuGeneric/Port/Std/IfxPort.h ****     IfxApProt_setState((Ifx_PROT_PROT *)&port->PROTSE, IfxApProt_State_config);
1089:../Libraries/iLLD/TC4xx/CpuGeneric/Port/Std/IfxPort.h **** #endif
1090:../Libraries/iLLD/TC4xx/CpuGeneric/Port/Std/IfxPort.h ****     port->PDISC.U = ((port->PDISC.U & ~(1 << pinIndex)) | (mode << pinIndex));
1091:../Libraries/iLLD/TC4xx/CpuGeneric/Port/Std/IfxPort.h **** 
1092:../Libraries/iLLD/TC4xx/CpuGeneric/Port/Std/IfxPort.h **** #if (IFX_PROT_ENABLED == 1U)
1093:../Libraries/iLLD/TC4xx/CpuGeneric/Port/Std/IfxPort.h ****     IfxApProt_setState((Ifx_PROT_PROT *)&port->PROTSE, IfxApProt_State_run);
1094:../Libraries/iLLD/TC4xx/CpuGeneric/Port/Std/IfxPort.h **** #endif
1095:../Libraries/iLLD/TC4xx/CpuGeneric/Port/Std/IfxPort.h **** }
1096:../Libraries/iLLD/TC4xx/CpuGeneric/Port/Std/IfxPort.h **** 
1097:../Libraries/iLLD/TC4xx/CpuGeneric/Port/Std/IfxPort.h **** 
1098:../Libraries/iLLD/TC4xx/CpuGeneric/Port/Std/IfxPort.h **** IFX_INLINE void IfxPort_setPinHigh(Ifx_P *port, uint8 pinIndex)
1099:../Libraries/iLLD/TC4xx/CpuGeneric/Port/Std/IfxPort.h **** {
1100:../Libraries/iLLD/TC4xx/CpuGeneric/Port/Std/IfxPort.h ****     IfxPort_setPinState(port, pinIndex, IfxPort_State_high);
1101:../Libraries/iLLD/TC4xx/CpuGeneric/Port/Std/IfxPort.h **** }
1102:../Libraries/iLLD/TC4xx/CpuGeneric/Port/Std/IfxPort.h **** 
1103:../Libraries/iLLD/TC4xx/CpuGeneric/Port/Std/IfxPort.h **** 
1104:../Libraries/iLLD/TC4xx/CpuGeneric/Port/Std/IfxPort.h **** IFX_INLINE void IfxPort_setPinLow(Ifx_P *port, uint8 pinIndex)
1105:../Libraries/iLLD/TC4xx/CpuGeneric/Port/Std/IfxPort.h **** {
1106:../Libraries/iLLD/TC4xx/CpuGeneric/Port/Std/IfxPort.h ****     IfxPort_setPinState(port, pinIndex, IfxPort_State_low);
1107:../Libraries/iLLD/TC4xx/CpuGeneric/Port/Std/IfxPort.h **** }
1108:../Libraries/iLLD/TC4xx/CpuGeneric/Port/Std/IfxPort.h **** 
1109:../Libraries/iLLD/TC4xx/CpuGeneric/Port/Std/IfxPort.h **** 
1110:../Libraries/iLLD/TC4xx/CpuGeneric/Port/Std/IfxPort.h **** IFX_INLINE void IfxPort_setPinModeInput(Ifx_P *port, uint8 pinIndex, IfxPort_InputMode mode)
1111:../Libraries/iLLD/TC4xx/CpuGeneric/Port/Std/IfxPort.h **** {
1112:../Libraries/iLLD/TC4xx/CpuGeneric/Port/Std/IfxPort.h ****     IfxPort_setPinMode(port, pinIndex, (IfxPort_Mode)mode);
 349              	 .loc 3 1112 5
 350 001c 8205     	 mov %d5,0
 351 001e 8224     	 mov %d4,2
 352 0020 9140004F 	 movh.a %a4,61444
 353              	.LVL12:
 354 0024 D944400F 	 lea %a4,[%a4]-3072
 355 0028 6D000000 	 call IfxPort_setPinMode
 356              	.LVL13:
 357              	.LBE38:
 358              	.LBE37:
 178:../Libraries/iLLD/TC4xx/Tricore/Hssl/Hssl/IfxHssl_Hssl.c ****         IfxPort_setPinModeInput(&MODULE_P21, 3, IfxPort_InputMode_noPullDevice);                   
 359              	 .loc 1 178 9
 360              	.LBB39:
 361              	.LBB40:
 362              	 .loc 3 1112 5
 363 002c 8205     	 mov %d5,0
 364 002e 8234     	 mov %d4,3
 365 0030 9140004F 	 movh.a %a4,61444
 366 0034 D944400F 	 lea %a4,[%a4]-3072
 367 0038 6D000000 	 call IfxPort_setPinMode
 368              	.LVL14:
 369              	.LBE40:
 370              	.LBE39:
 179:../Libraries/iLLD/TC4xx/Tricore/Hssl/Hssl/IfxHssl_Hssl.c ****         IfxPort_setPinModeOutput(&MODULE_P21, 4, IfxPort_OutputMode_pushPull, IfxPort_OutputIdx_gen
 371              	 .loc 1 179 9
 372              	.LBB41:
 373              	.LBB42:
1113:../Libraries/iLLD/TC4xx/CpuGeneric/Port/Std/IfxPort.h **** }
1114:../Libraries/iLLD/TC4xx/CpuGeneric/Port/Std/IfxPort.h **** 
1115:../Libraries/iLLD/TC4xx/CpuGeneric/Port/Std/IfxPort.h **** 
1116:../Libraries/iLLD/TC4xx/CpuGeneric/Port/Std/IfxPort.h **** IFX_INLINE void IfxPort_setPinModeOutput(Ifx_P *port, uint8 pinIndex, IfxPort_OutputMode mode, IfxP
1117:../Libraries/iLLD/TC4xx/CpuGeneric/Port/Std/IfxPort.h **** {
1118:../Libraries/iLLD/TC4xx/CpuGeneric/Port/Std/IfxPort.h ****     IfxPort_setPinMode(port, pinIndex, (IfxPort_Mode)(index | mode));
 374              	 .loc 3 1118 5
 375 003c 8215     	 mov %d5,1
 376 003e 8244     	 mov %d4,4
 377 0040 9140004F 	 movh.a %a4,61444
 378 0044 D944400F 	 lea %a4,[%a4]-3072
 379 0048 6D000000 	 call IfxPort_setPinMode
 380              	.LVL15:
 381              	.LBE42:
 382              	.LBE41:
 180:../Libraries/iLLD/TC4xx/Tricore/Hssl/Hssl/IfxHssl_Hssl.c ****         IfxPort_setPinModeOutput(&MODULE_P21, 5, IfxPort_OutputMode_pushPull, IfxPort_OutputIdx_gen
 383              	 .loc 1 180 9
 384              	.LBB43:
 385              	.LBB44:
 386              	 .loc 3 1118 5
 387 004c 8215     	 mov %d5,1
 388 004e 8254     	 mov %d4,5
 389 0050 9140004F 	 movh.a %a4,61444
 390 0054 D944400F 	 lea %a4,[%a4]-3072
 391 0058 6D000000 	 call IfxPort_setPinMode
 392              	.LVL16:
 393              	.L19:
 394              	.LBE44:
 395              	.LBE43:
 181:../Libraries/iLLD/TC4xx/Tricore/Hssl/Hssl/IfxHssl_Hssl.c ****     }
 182:../Libraries/iLLD/TC4xx/Tricore/Hssl/Hssl/IfxHssl_Hssl.c **** #endif /* #if (IFXHSSL_NUM_MODULES == 1) */
 183:../Libraries/iLLD/TC4xx/Tricore/Hssl/Hssl/IfxHssl_Hssl.c ****     IfxPort_setPinControllerSelection(&MODULE_P20, 0);
 396              	 .loc 1 183 5
 397 005c 8204     	 mov %d4,0
 398 005e 9140004F 	 movh.a %a4,61444
 399 0062 D944000F 	 lea %a4,[%a4]-4096
 400 0066 6D000000 	 call IfxPort_setPinControllerSelection
 401              	.LVL17:
 184:../Libraries/iLLD/TC4xx/Tricore/Hssl/Hssl/IfxHssl_Hssl.c **** 
 185:../Libraries/iLLD/TC4xx/Tricore/Hssl/Hssl/IfxHssl_Hssl.c ****     /* select the clock direction */
 186:../Libraries/iLLD/TC4xx/Tricore/Hssl/Hssl/IfxHssl_Hssl.c ****     if (config->interfaceMode == IfxHssl_InterfaceMode_master)
 402              	 .loc 1 186 5
 403              	 .loc 1 186 15 is_stmt 0
 404 006a 19D20400 	 ld.w %d2,[%a13]4
 405              	 .loc 1 186 8
 406 006e DF020080 	 jnz %d2,.L20
 187:../Libraries/iLLD/TC4xx/Tricore/Hssl/Hssl/IfxHssl_Hssl.c ****     {
 188:../Libraries/iLLD/TC4xx/Tricore/Hssl/Hssl/IfxHssl_Hssl.c ****         IfxPort_setPinModeOutput(&MODULE_P20, 0, IfxPort_OutputMode_pushPull, IfxPort_OutputIdx_gen
 407              	 .loc 1 188 9 is_stmt 1
 408              	.LVL18:
 409              	.LBB45:
 410              	.LBB46:
 411              	 .loc 3 1118 5
 412 0072 8215     	 mov %d5,1
 413 0074 8204     	 mov %d4,0
 414 0076 9140004F 	 movh.a %a4,61444
 415 007a D944000F 	 lea %a4,[%a4]-4096
 416 007e 6D000000 	 call IfxPort_setPinMode
 417              	.LVL19:
 418              	.LBE46:
 419              	.LBE45:
 189:../Libraries/iLLD/TC4xx/Tricore/Hssl/Hssl/IfxHssl_Hssl.c **** #ifdef IFXHSSL_HSCT_ENABLE_SYS_CLK_DIV_2
 190:../Libraries/iLLD/TC4xx/Tricore/Hssl/Hssl/IfxHssl_Hssl.c ****         IfxPort_setPinPadDriver(&MODULE_P20, 0, IfxPort_PadDriver_cmosAutomotiveSpeed2);
 191:../Libraries/iLLD/TC4xx/Tricore/Hssl/Hssl/IfxHssl_Hssl.c **** #else
 192:../Libraries/iLLD/TC4xx/Tricore/Hssl/Hssl/IfxHssl_Hssl.c ****         IfxPort_setPinPadDriver(&MODULE_P20, 0, IfxPort_PadDriver_cmosAutomotiveSpeed1);
 420              	 .loc 1 192 9
 421 0082 8205     	 mov %d5,0
 422 0084 8204     	 mov %d4,0
 423 0086 9140004F 	 movh.a %a4,61444
 424 008a D944000F 	 lea %a4,[%a4]-4096
 425 008e 6D000000 	 call IfxPort_setPinPadDriver
 426              	.LVL20:
 427              	.L21:
 193:../Libraries/iLLD/TC4xx/Tricore/Hssl/Hssl/IfxHssl_Hssl.c **** #endif
 194:../Libraries/iLLD/TC4xx/Tricore/Hssl/Hssl/IfxHssl_Hssl.c ****     }
 195:../Libraries/iLLD/TC4xx/Tricore/Hssl/Hssl/IfxHssl_Hssl.c ****     else
 196:../Libraries/iLLD/TC4xx/Tricore/Hssl/Hssl/IfxHssl_Hssl.c ****     {
 197:../Libraries/iLLD/TC4xx/Tricore/Hssl/Hssl/IfxHssl_Hssl.c ****         IfxPort_setPinModeInput(&MODULE_P20, 0, IfxPort_InputMode_pullDown); /* CLKIN */
 198:../Libraries/iLLD/TC4xx/Tricore/Hssl/Hssl/IfxHssl_Hssl.c ****     }
 199:../Libraries/iLLD/TC4xx/Tricore/Hssl/Hssl/IfxHssl_Hssl.c **** 
 200:../Libraries/iLLD/TC4xx/Tricore/Hssl/Hssl/IfxHssl_Hssl.c ****     if (config->loopBack == FALSE)
 428              	 .loc 1 200 5
 429              	 .loc 1 200 15 is_stmt 0
 430 0092 39D20900 	 ld.bu %d2,[%a13]9
 431              	 .loc 1 200 8
 432 0096 DF020080 	 jnz %d2,.L22
 433              	.LBB47:
 201:../Libraries/iLLD/TC4xx/Tricore/Hssl/Hssl/IfxHssl_Hssl.c ****     /* LVDS configuration */
 202:../Libraries/iLLD/TC4xx/Tricore/Hssl/Hssl/IfxHssl_Hssl.c ****     {
 203:../Libraries/iLLD/TC4xx/Tricore/Hssl/Hssl/IfxHssl_Hssl.c ****         IfxPort_LvdsConfig lvdsCfg;
 434              	 .loc 1 203 9 is_stmt 1
 204:../Libraries/iLLD/TC4xx/Tricore/Hssl/Hssl/IfxHssl_Hssl.c **** 
 205:../Libraries/iLLD/TC4xx/Tricore/Hssl/Hssl/IfxHssl_Hssl.c ****         lvdsCfg.enablePortControlled = IfxPort_ControlledBy_hsct;
 435              	 .loc 1 205 9
 436              	 .loc 1 205 38 is_stmt 0
 437 009a 8212     	 mov %d2,1
 438 009c 59E2F4FF 	 st.w [%a14]-12,%d2
 206:../Libraries/iLLD/TC4xx/Tricore/Hssl/Hssl/IfxHssl_Hssl.c **** #if !defined(DEVICE_TC4PX) && !defined(DEVICE_TC4EX) && !defined(DEVICE_TC46X)
 207:../Libraries/iLLD/TC4xx/Tricore/Hssl/Hssl/IfxHssl_Hssl.c ****         lvdsCfg.lvdsMode             = IfxPort_LvdsMode_high;
 439              	 .loc 1 207 9 is_stmt 1
 440              	 .loc 1 207 38 is_stmt 0
 441 00a0 8203     	 mov %d3,0
 442 00a2 59E3F0FF 	 st.w [%a14]-16,%d3
 208:../Libraries/iLLD/TC4xx/Tricore/Hssl/Hssl/IfxHssl_Hssl.c ****         lvdsCfg.lvdsTerm             = config->lvdsTerm;
 443              	 .loc 1 208 9 is_stmt 1
 444              	 .loc 1 208 38 is_stmt 0
 445 00a6 19D30C00 	 ld.w %d3,[%a13]12
 446 00aa 59E3FCFF 	 st.w [%a14]-4,%d3
 209:../Libraries/iLLD/TC4xx/Tricore/Hssl/Hssl/IfxHssl_Hssl.c **** #endif
 210:../Libraries/iLLD/TC4xx/Tricore/Hssl/Hssl/IfxHssl_Hssl.c ****         lvdsCfg.padSupply            = IfxPort_PadSupply_5v;
 447              	 .loc 1 210 9 is_stmt 1
 448              	 .loc 1 210 38 is_stmt 0
 449 00ae 59E2F8FF 	 st.w [%a14]-8,%d2
 211:../Libraries/iLLD/TC4xx/Tricore/Hssl/Hssl/IfxHssl_Hssl.c **** #if (IFXHSSL_NUM_MODULES == 1)		
 212:../Libraries/iLLD/TC4xx/Tricore/Hssl/Hssl/IfxHssl_Hssl.c **** #if !defined(DEVICE_TC4PX) && !defined(DEVICE_TC4EX) && !defined(DEVICE_TC46X)
 213:../Libraries/iLLD/TC4xx/Tricore/Hssl/Hssl/IfxHssl_Hssl.c ****         lvdsCfg.lvdsMode             = IfxPort_getPinLVDS(&MODULE_P21, 2);
 214:../Libraries/iLLD/TC4xx/Tricore/Hssl/Hssl/IfxHssl_Hssl.c **** #endif
 215:../Libraries/iLLD/TC4xx/Tricore/Hssl/Hssl/IfxHssl_Hssl.c ****         IfxPort_setPinModeLVDS(&MODULE_P21, 2, IfxPort_Mode_inputNoPullDevice, &lvdsCfg);     //Rx
 216:../Libraries/iLLD/TC4xx/Tricore/Hssl/Hssl/IfxHssl_Hssl.c **** 
 217:../Libraries/iLLD/TC4xx/Tricore/Hssl/Hssl/IfxHssl_Hssl.c **** #if !defined(DEVICE_TC4PX) && !defined(DEVICE_TC4EX) && !defined(DEVICE_TC46X)
 218:../Libraries/iLLD/TC4xx/Tricore/Hssl/Hssl/IfxHssl_Hssl.c ****         lvdsCfg.lvdsMode = IfxPort_getPinLVDS(&MODULE_P21, 4);
 219:../Libraries/iLLD/TC4xx/Tricore/Hssl/Hssl/IfxHssl_Hssl.c **** #endif
 220:../Libraries/iLLD/TC4xx/Tricore/Hssl/Hssl/IfxHssl_Hssl.c ****         IfxPort_setPinModeLVDS(&MODULE_P21, 4, IfxPort_Mode_outputPushPullGeneral, &lvdsCfg); //Tx
 221:../Libraries/iLLD/TC4xx/Tricore/Hssl/Hssl/IfxHssl_Hssl.c **** #else		
 222:../Libraries/iLLD/TC4xx/Tricore/Hssl/Hssl/IfxHssl_Hssl.c ****         if (hsctSFR == &MODULE_HSCT1)
 450              	 .loc 1 222 9 is_stmt 1
 451              	 .loc 1 222 12 is_stmt 0
 452 00b2 7BB0442F 	 movh %d2,62539
 453 00b6 80C3     	 mov.d %d3,%a12
 454 00b8 5F230000 	 jeq %d3,%d2,.L30
 455              	.LVL21:
 223:../Libraries/iLLD/TC4xx/Tricore/Hssl/Hssl/IfxHssl_Hssl.c ****         {
 224:../Libraries/iLLD/TC4xx/Tricore/Hssl/Hssl/IfxHssl_Hssl.c ****             IfxPort_setPinModeLVDS(&MODULE_P21, 0, IfxPort_Mode_inputNoPullDevice, &lvdsCfg);     /
 225:../Libraries/iLLD/TC4xx/Tricore/Hssl/Hssl/IfxHssl_Hssl.c **** #if !defined(DEVICE_TC4PX) && !defined(DEVICE_TC4EX) && !defined(DEVICE_TC46X)
 226:../Libraries/iLLD/TC4xx/Tricore/Hssl/Hssl/IfxHssl_Hssl.c ****             lvdsCfg.lvdsMode = IfxPort_getPinLVDS(&MODULE_P22, 2);
 227:../Libraries/iLLD/TC4xx/Tricore/Hssl/Hssl/IfxHssl_Hssl.c **** #endif
 228:../Libraries/iLLD/TC4xx/Tricore/Hssl/Hssl/IfxHssl_Hssl.c ****             IfxPort_setPinModeLVDS(&MODULE_P22, 2, IfxPort_Mode_outputPushPullGeneral, &lvdsCfg); /
 229:../Libraries/iLLD/TC4xx/Tricore/Hssl/Hssl/IfxHssl_Hssl.c ****         }
 230:../Libraries/iLLD/TC4xx/Tricore/Hssl/Hssl/IfxHssl_Hssl.c ****         else
 231:../Libraries/iLLD/TC4xx/Tricore/Hssl/Hssl/IfxHssl_Hssl.c ****         {
 232:../Libraries/iLLD/TC4xx/Tricore/Hssl/Hssl/IfxHssl_Hssl.c ****             lvdsCfg.lvdsMode = IfxPort_getPinLVDS(&MODULE_P21, 2);
 456              	 .loc 1 232 13 is_stmt 1
 457              	.LBB48:
 458              	.LBB49:
1119:../Libraries/iLLD/TC4xx/CpuGeneric/Port/Std/IfxPort.h **** }
1120:../Libraries/iLLD/TC4xx/CpuGeneric/Port/Std/IfxPort.h **** 
1121:../Libraries/iLLD/TC4xx/CpuGeneric/Port/Std/IfxPort.h **** 
1122:../Libraries/iLLD/TC4xx/CpuGeneric/Port/Std/IfxPort.h **** IFX_INLINE void IfxPort_setPinState(Ifx_P *port, uint8 pinIndex, IfxPort_State action)
1123:../Libraries/iLLD/TC4xx/CpuGeneric/Port/Std/IfxPort.h **** {
1124:../Libraries/iLLD/TC4xx/CpuGeneric/Port/Std/IfxPort.h ****     port->OMR.U = action << pinIndex;
1125:../Libraries/iLLD/TC4xx/CpuGeneric/Port/Std/IfxPort.h **** }
1126:../Libraries/iLLD/TC4xx/CpuGeneric/Port/Std/IfxPort.h **** 
1127:../Libraries/iLLD/TC4xx/CpuGeneric/Port/Std/IfxPort.h **** 
1128:../Libraries/iLLD/TC4xx/CpuGeneric/Port/Std/IfxPort.h **** IFX_INLINE void IfxPort_togglePin(Ifx_P *port, uint8 pinIndex)
1129:../Libraries/iLLD/TC4xx/CpuGeneric/Port/Std/IfxPort.h **** {
1130:../Libraries/iLLD/TC4xx/CpuGeneric/Port/Std/IfxPort.h ****     IfxPort_setPinState(port, pinIndex, IfxPort_State_toggled);
1131:../Libraries/iLLD/TC4xx/CpuGeneric/Port/Std/IfxPort.h **** }
1132:../Libraries/iLLD/TC4xx/CpuGeneric/Port/Std/IfxPort.h **** 
1133:../Libraries/iLLD/TC4xx/CpuGeneric/Port/Std/IfxPort.h **** 
1134:../Libraries/iLLD/TC4xx/CpuGeneric/Port/Std/IfxPort.h **** #if !defined(DEVICE_TC4PX) && !defined(DEVICE_TC4EX)  && !defined(DEVICE_TC46X)
1135:../Libraries/iLLD/TC4xx/CpuGeneric/Port/Std/IfxPort.h **** IFX_INLINE void IfxPort_setPinLVDS(Ifx_P *port, uint8 pinIndex, IfxPort_LvdsMode lvdsMode)
1136:../Libraries/iLLD/TC4xx/CpuGeneric/Port/Std/IfxPort.h **** {
1137:../Libraries/iLLD/TC4xx/CpuGeneric/Port/Std/IfxPort.h ****     uint32               lpcrOffset = (pinIndex / 2);
1138:../Libraries/iLLD/TC4xx/CpuGeneric/Port/Std/IfxPort.h **** 
1139:../Libraries/iLLD/TC4xx/CpuGeneric/Port/Std/IfxPort.h ****     volatile Ifx_P_LPCR *lpcr       = &(port->LPCR[0]);
1140:../Libraries/iLLD/TC4xx/CpuGeneric/Port/Std/IfxPort.h **** 
1141:../Libraries/iLLD/TC4xx/CpuGeneric/Port/Std/IfxPort.h **** #if (IFX_PROT_ENABLED == 1U)
1142:../Libraries/iLLD/TC4xx/CpuGeneric/Port/Std/IfxPort.h ****     IfxApProt_setState((Ifx_PROT_PROT *)&port->PROTSE, IfxApProt_State_config);
1143:../Libraries/iLLD/TC4xx/CpuGeneric/Port/Std/IfxPort.h **** #endif
1144:../Libraries/iLLD/TC4xx/CpuGeneric/Port/Std/IfxPort.h ****     lpcr[lpcrOffset].LPCR.B.LVDSM = lvdsMode;
1145:../Libraries/iLLD/TC4xx/CpuGeneric/Port/Std/IfxPort.h **** #if (IFX_PROT_ENABLED == 1U)
1146:../Libraries/iLLD/TC4xx/CpuGeneric/Port/Std/IfxPort.h ****     IfxApProt_setState((Ifx_PROT_PROT *)&port->PROTSE, IfxApProt_State_run);
1147:../Libraries/iLLD/TC4xx/CpuGeneric/Port/Std/IfxPort.h **** #endif
1148:../Libraries/iLLD/TC4xx/CpuGeneric/Port/Std/IfxPort.h **** }
1149:../Libraries/iLLD/TC4xx/CpuGeneric/Port/Std/IfxPort.h **** 
1150:../Libraries/iLLD/TC4xx/CpuGeneric/Port/Std/IfxPort.h **** 
1151:../Libraries/iLLD/TC4xx/CpuGeneric/Port/Std/IfxPort.h **** IFX_INLINE IfxPort_LvdsMode IfxPort_getPinLVDS(Ifx_P *port, uint8 pinIndex)
1152:../Libraries/iLLD/TC4xx/CpuGeneric/Port/Std/IfxPort.h **** {
1153:../Libraries/iLLD/TC4xx/CpuGeneric/Port/Std/IfxPort.h ****     uint32               lpcrOffset = (pinIndex / 2);
 459              	 .loc 3 1153 5
1154:../Libraries/iLLD/TC4xx/CpuGeneric/Port/Std/IfxPort.h **** 
1155:../Libraries/iLLD/TC4xx/CpuGeneric/Port/Std/IfxPort.h ****     volatile Ifx_P_LPCR *lpcr       = &(port->LPCR[0]);
 460              	 .loc 3 1155 5
1156:../Libraries/iLLD/TC4xx/CpuGeneric/Port/Std/IfxPort.h **** 
1157:../Libraries/iLLD/TC4xx/CpuGeneric/Port/Std/IfxPort.h ****     return (IfxPort_LvdsMode)(lpcr[lpcrOffset].LPCR.B.LVDSM);
 461              	 .loc 3 1157 5
 462              	 .loc 3 1157 54 is_stmt 0
 463 00bc 9140002F 	 movh.a %a2,61444
 464 00c0 D922501F 	 lea %a2,[%a2]-2992
 465 00c4 19220400 	 ld.w %d2,[%a2]4
 466 00c8 37026123 	 extr.u %d2,%d2,6,1
 467              	.LVL22:
 468              	.LBE49:
 469              	.LBE48:
 470              	 .loc 1 232 30
 471 00cc 59E2F0FF 	 st.w [%a14]-16,%d2
 233:../Libraries/iLLD/TC4xx/Tricore/Hssl/Hssl/IfxHssl_Hssl.c ****             IfxPort_setPinModeLVDS(&MODULE_P21, 2, IfxPort_Mode_inputNoPullDevice, &lvdsCfg);     /
 472              	 .loc 1 233 13 is_stmt 1
 473 00d0 D9E5F0FF 	 lea %a5,[%a14]-16
 474 00d4 8205     	 mov %d5,0
 475 00d6 8224     	 mov %d4,2
 476 00d8 9140004F 	 movh.a %a4,61444
 477 00dc D944400F 	 lea %a4,[%a4]-3072
 478 00e0 6D000000 	 call IfxPort_setPinModeLVDS
 479              	.LVL23:
 234:../Libraries/iLLD/TC4xx/Tricore/Hssl/Hssl/IfxHssl_Hssl.c **** 
 235:../Libraries/iLLD/TC4xx/Tricore/Hssl/Hssl/IfxHssl_Hssl.c ****             lvdsCfg.lvdsMode = IfxPort_getPinLVDS(&MODULE_P21, 4);
 480              	 .loc 1 235 13
 481              	.LBB50:
 482              	.LBB51:
1153:../Libraries/iLLD/TC4xx/CpuGeneric/Port/Std/IfxPort.h **** 
 483              	 .loc 3 1153 5
1155:../Libraries/iLLD/TC4xx/CpuGeneric/Port/Std/IfxPort.h **** 
 484              	 .loc 3 1155 5
 485              	 .loc 3 1157 5
 486              	 .loc 3 1157 54 is_stmt 0
 487 00e4 9140002F 	 movh.a %a2,61444
 488 00e8 D922581F 	 lea %a2,[%a2]-2984
 489 00ec 19220400 	 ld.w %d2,[%a2]4
 490 00f0 37026123 	 extr.u %d2,%d2,6,1
 491              	.LVL24:
 492              	.LBE51:
 493              	.LBE50:
 494              	 .loc 1 235 30
 495 00f4 59E2F0FF 	 st.w [%a14]-16,%d2
 236:../Libraries/iLLD/TC4xx/Tricore/Hssl/Hssl/IfxHssl_Hssl.c ****             IfxPort_setPinModeLVDS(&MODULE_P21, 4, IfxPort_Mode_outputPushPullGeneral, &lvdsCfg); /
 496              	 .loc 1 236 13 is_stmt 1
 497 00f8 D9E5F0FF 	 lea %a5,[%a14]-16
 498 00fc 8215     	 mov %d5,1
 499 00fe 8244     	 mov %d4,4
 500 0100 9140004F 	 movh.a %a4,61444
 501 0104 D944400F 	 lea %a4,[%a4]-3072
 502 0108 6D000000 	 call IfxPort_setPinModeLVDS
 503              	.LVL25:
 504              	.L22:
 505              	.LBE47:
 237:../Libraries/iLLD/TC4xx/Tricore/Hssl/Hssl/IfxHssl_Hssl.c ****         }
 238:../Libraries/iLLD/TC4xx/Tricore/Hssl/Hssl/IfxHssl_Hssl.c **** #endif /* #if (IFXHSSL_NUM_MODULES == 1) */	
 239:../Libraries/iLLD/TC4xx/Tricore/Hssl/Hssl/IfxHssl_Hssl.c ****     }
 240:../Libraries/iLLD/TC4xx/Tricore/Hssl/Hssl/IfxHssl_Hssl.c **** 
 241:../Libraries/iLLD/TC4xx/Tricore/Hssl/Hssl/IfxHssl_Hssl.c **** #endif
 242:../Libraries/iLLD/TC4xx/Tricore/Hssl/Hssl/IfxHssl_Hssl.c **** 
 243:../Libraries/iLLD/TC4xx/Tricore/Hssl/Hssl/IfxHssl_Hssl.c ****     /* HSCT initialisation */
 244:../Libraries/iLLD/TC4xx/Tricore/Hssl/Hssl/IfxHssl_Hssl.c ****     IfxHssl_enableHsctModule(hsctSFR);                                          /* enabling the HSC
 506              	 .loc 1 244 5
 507 010c 40C4     	 mov.aa %a4,%a12
 508 010e 6D000000 	 call IfxHssl_enableHsctModule
 509              	.LVL26:
 245:../Libraries/iLLD/TC4xx/Tricore/Hssl/Hssl/IfxHssl_Hssl.c **** 
 246:../Libraries/iLLD/TC4xx/Tricore/Hssl/Hssl/IfxHssl_Hssl.c ****     hsctSFR->IRQCLR.B.TXTECLR = 1;                                              /* due to AI */
 510              	 .loc 1 246 5
 511              	 .loc 1 246 31 is_stmt 0
 512 0112 D9C20C20 	 lea %a2,[%a12]140
 513 0116 19C20C20 	 ld.w %d2,[%a12]140
 514 011a B7120125 	 insert %d2,%d2,1,10,1
 515 011e 7422     	 st.w [%a2]0,%d2
 247:../Libraries/iLLD/TC4xx/Tricore/Hssl/Hssl/IfxHssl_Hssl.c **** 
 248:../Libraries/iLLD/TC4xx/Tricore/Hssl/Hssl/IfxHssl_Hssl.c ****     /* slave interface initialisation */
 249:../Libraries/iLLD/TC4xx/Tricore/Hssl/Hssl/IfxHssl_Hssl.c ****     if (config->interfaceMode == IfxHssl_InterfaceMode_slave)                   /* slave mode initi
 516              	 .loc 1 249 5 is_stmt 1
 517              	 .loc 1 249 15 is_stmt 0
 518 0120 19D20400 	 ld.w %d2,[%a13]4
 519              	 .loc 1 249 8
 520 0124 DF120000 	 jeq %d2,1,.L31
 250:../Libraries/iLLD/TC4xx/Tricore/Hssl/Hssl/IfxHssl_Hssl.c ****     {
 251:../Libraries/iLLD/TC4xx/Tricore/Hssl/Hssl/IfxHssl_Hssl.c ****         hsctSFR->INIT.B.IFM        = IfxHssl_InterfaceMode_slave;               /* slave mode */
 252:../Libraries/iLLD/TC4xx/Tricore/Hssl/Hssl/IfxHssl_Hssl.c ****         hsctSFR->INIT.B.SYS_CLK_EN = 0;                                         /* disabling the sy
 253:../Libraries/iLLD/TC4xx/Tricore/Hssl/Hssl/IfxHssl_Hssl.c ****         hsctSFR->INIT.B.SRCF       = config->refClockFrequency;                 /* configuring phys
 254:../Libraries/iLLD/TC4xx/Tricore/Hssl/Hssl/IfxHssl_Hssl.c ****         hsctSFR->INIT.B.SSCF       = config->sysClockDivider;                   /* configuring divi
 255:../Libraries/iLLD/TC4xx/Tricore/Hssl/Hssl/IfxHssl_Hssl.c ****         hsctSFR->CONFIGPHY.B.PON   = 1;                                         /* Peripheral power
 256:../Libraries/iLLD/TC4xx/Tricore/Hssl/Hssl/IfxHssl_Hssl.c **** 
 257:../Libraries/iLLD/TC4xx/Tricore/Hssl/Hssl/IfxHssl_Hssl.c ****         hsctSFR->DISABLE.U         = 0;
 258:../Libraries/iLLD/TC4xx/Tricore/Hssl/Hssl/IfxHssl_Hssl.c ****     }
 259:../Libraries/iLLD/TC4xx/Tricore/Hssl/Hssl/IfxHssl_Hssl.c **** 
 260:../Libraries/iLLD/TC4xx/Tricore/Hssl/Hssl/IfxHssl_Hssl.c ****     /* master interface initialisation */
 261:../Libraries/iLLD/TC4xx/Tricore/Hssl/Hssl/IfxHssl_Hssl.c ****     else                                                                        /* master mode init
 262:../Libraries/iLLD/TC4xx/Tricore/Hssl/Hssl/IfxHssl_Hssl.c ****     {
 263:../Libraries/iLLD/TC4xx/Tricore/Hssl/Hssl/IfxHssl_Hssl.c ****         hsctSFR->INIT.B.IFM        = IfxHssl_InterfaceMode_master;              /* master mode */
 521              	 .loc 1 263 9 is_stmt 1
 522              	 .loc 1 263 36 is_stmt 0
 523 0128 D9C22010 	 lea %a2,[%a12]96
 524 012c 19C22010 	 ld.w %d2,[%a12]96
 525 0130 8F82C021 	 andn %d2,%d2,~(-9)
 526 0134 7422     	 st.w [%a2]0,%d2
 264:../Libraries/iLLD/TC4xx/Tricore/Hssl/Hssl/IfxHssl_Hssl.c ****         hsctSFR->INIT.B.SYS_CLK_EN = 1;                                         /* enabling the sys
 527              	 .loc 1 264 9 is_stmt 1
 528              	 .loc 1 264 36 is_stmt 0
 529 0136 5422     	 ld.w %d2,[%a2]0
 530 0138 B7128120 	 insert %d2,%d2,1,1,1
 531 013c 7422     	 st.w [%a2]0,%d2
 265:../Libraries/iLLD/TC4xx/Tricore/Hssl/Hssl/IfxHssl_Hssl.c ****         hsctSFR->INIT.B.SRCF       = config->refClockFrequency;                 /* configuring phys
 532              	 .loc 1 265 9 is_stmt 1
 533              	 .loc 1 265 44 is_stmt 0
 534 013e 19D31000 	 ld.w %d3,[%a13]16
 535              	 .loc 1 265 36
 536 0142 D9C22010 	 lea %a2,[%a12]96
 537 0146 19C22010 	 ld.w %d2,[%a12]96
 538 014a 37320222 	 insert %d2,%d2,%d3,4,2
 539 014e 7422     	 st.w [%a2]0,%d2
 266:../Libraries/iLLD/TC4xx/Tricore/Hssl/Hssl/IfxHssl_Hssl.c ****         hsctSFR->INIT.B.SSCF       = config->sysClockDivider;                   /* configuring divi
 540              	 .loc 1 266 9 is_stmt 1
 541              	 .loc 1 266 44 is_stmt 0
 542 0150 19D31400 	 ld.w %d3,[%a13]20
 543              	 .loc 1 266 36
 544 0154 D9C22010 	 lea %a2,[%a12]96
 545 0158 19C22010 	 ld.w %d2,[%a12]96
 546 015c 37320223 	 insert %d2,%d2,%d3,6,2
 547 0160 7422     	 st.w [%a2]0,%d2
 267:../Libraries/iLLD/TC4xx/Tricore/Hssl/Hssl/IfxHssl_Hssl.c ****         hsctSFR->CONFIGPHY.B.PON   = 1;                                         /* Peripheral power
 548              	 .loc 1 267 9 is_stmt 1
 549              	 .loc 1 267 36 is_stmt 0
 550 0162 D9C23C10 	 lea %a2,[%a12]124
 551 0166 19C23C10 	 ld.w %d2,[%a12]124
 552 016a B7120120 	 insert %d2,%d2,1,0,1
 553 016e 7422     	 st.w [%a2]0,%d2
 268:../Libraries/iLLD/TC4xx/Tricore/Hssl/Hssl/IfxHssl_Hssl.c ****         hsctSFR->IFCTRL.B.MTXSPEED = IfxHssl_MasterModeTxSpeed_lowSpeed;        /* Tx low speed */
 554              	 .loc 1 268 9 is_stmt 1
 555              	 .loc 1 268 36 is_stmt 0
 556 0170 D9C22410 	 lea %a2,[%a12]100
 557 0174 19C22410 	 ld.w %d2,[%a12]100
 558 0178 B7020229 	 insert %d2,%d2,0,18,2
 559 017c 7422     	 st.w [%a2]0,%d2
 269:../Libraries/iLLD/TC4xx/Tricore/Hssl/Hssl/IfxHssl_Hssl.c ****         hsctSFR->IFCTRL.B.MRXSPEED = IfxHssl_MasterModeRxSpeed_lowSpeed;        /* Rx low speed */
 560              	 .loc 1 269 9 is_stmt 1
 561              	 .loc 1 269 36 is_stmt 0
 562 017e 5422     	 ld.w %d2,[%a2]0
 563 0180 B7020228 	 insert %d2,%d2,0,16,2
 564 0184 7422     	 st.w [%a2]0,%d2
 270:../Libraries/iLLD/TC4xx/Tricore/Hssl/Hssl/IfxHssl_Hssl.c **** 
 271:../Libraries/iLLD/TC4xx/Tricore/Hssl/Hssl/IfxHssl_Hssl.c ****         /* change from low speed to high speed */
 272:../Libraries/iLLD/TC4xx/Tricore/Hssl/Hssl/IfxHssl_Hssl.c ****         if (config->highSpeedMode)
 565              	 .loc 1 272 9 is_stmt 1
 566              	 .loc 1 272 19 is_stmt 0
 567 0186 39D20800 	 ld.bu %d2,[%a13]8
 568              	 .loc 1 272 12
 569 018a DF020000 	 jz %d2,.L27
 273:../Libraries/iLLD/TC4xx/Tricore/Hssl/Hssl/IfxHssl_Hssl.c ****         {
 274:../Libraries/iLLD/TC4xx/Tricore/Hssl/Hssl/IfxHssl_Hssl.c ****             hsctSFR->IFCTRL.B.MTXSPEED = IfxHssl_MasterModeTxSpeed_highSpeed;      /* Tx high speed
 570              	 .loc 1 274 13 is_stmt 1
 571              	 .loc 1 274 40 is_stmt 0
 572 018e 5422     	 ld.w %d2,[%a2]0
 573 0190 B7220229 	 insert %d2,%d2,2,18,2
 574 0194 7422     	 st.w [%a2]0,%d2
 275:../Libraries/iLLD/TC4xx/Tricore/Hssl/Hssl/IfxHssl_Hssl.c ****             hsctSFR->IFCTRL.B.MRXSPEED = IfxHssl_MasterModeRxSpeed_highSpeed;      /* Rx high speed
 575              	 .loc 1 275 13 is_stmt 1
 576              	 .loc 1 275 40 is_stmt 0
 577 0196 5422     	 ld.w %d2,[%a2]0
 578 0198 B7220228 	 insert %d2,%d2,2,16,2
 579 019c 7422     	 st.w [%a2]0,%d2
 580              	.L27:
 276:../Libraries/iLLD/TC4xx/Tricore/Hssl/Hssl/IfxHssl_Hssl.c ****         }
 277:../Libraries/iLLD/TC4xx/Tricore/Hssl/Hssl/IfxHssl_Hssl.c **** 
 278:../Libraries/iLLD/TC4xx/Tricore/Hssl/Hssl/IfxHssl_Hssl.c ****         hsctSFR->DISABLE.U = 0;
 581              	 .loc 1 278 9 is_stmt 1
 582              	 .loc 1 278 28 is_stmt 0
 583 019e 8202     	 mov %d2,0
 584 01a0 59C23010 	 st.w [%a12]112,%d2
 279:../Libraries/iLLD/TC4xx/Tricore/Hssl/Hssl/IfxHssl_Hssl.c **** 
 280:../Libraries/iLLD/TC4xx/Tricore/Hssl/Hssl/IfxHssl_Hssl.c ****         while (hsctSFR->STATPHY.B.PLOCK == 0)                                      /* wait until pl
 585              	 .loc 1 280 9 is_stmt 1
 586              	.L28:
 281:../Libraries/iLLD/TC4xx/Tricore/Hssl/Hssl/IfxHssl_Hssl.c ****         {}
 587              	 .loc 1 281 10 discriminator 1
 280:../Libraries/iLLD/TC4xx/Tricore/Hssl/Hssl/IfxHssl_Hssl.c ****         {}
 588              	 .loc 1 280 41 discriminator 1
 280:../Libraries/iLLD/TC4xx/Tricore/Hssl/Hssl/IfxHssl_Hssl.c ****         {}
 589              	 .loc 1 280 34 is_stmt 0 discriminator 1
 590 01a4 19C20020 	 ld.w %d2,[%a12]128
 280:../Libraries/iLLD/TC4xx/Tricore/Hssl/Hssl/IfxHssl_Hssl.c ****         {}
 591              	 .loc 1 280 41 discriminator 1
 592 01a8 6F020000 	 jz.t %d2,0,.L28
 282:../Libraries/iLLD/TC4xx/Tricore/Hssl/Hssl/IfxHssl_Hssl.c ****     }
 283:../Libraries/iLLD/TC4xx/Tricore/Hssl/Hssl/IfxHssl_Hssl.c **** }
 593              	 .loc 1 283 1
 594 01ac 0090     	 ret 
 595              	.LVL27:
 596              	.L29:
 170:../Libraries/iLLD/TC4xx/Tricore/Hssl/Hssl/IfxHssl_Hssl.c ****         IfxPort_setPinModeInput(&MODULE_P21, 1, IfxPort_InputMode_noPullDevice);                   
 597              	 .loc 1 170 9 is_stmt 1
 598              	.LBB54:
 599              	.LBB55:
1112:../Libraries/iLLD/TC4xx/CpuGeneric/Port/Std/IfxPort.h **** }
 600              	 .loc 3 1112 5
 601 01ae 8205     	 mov %d5,0
 602 01b0 8204     	 mov %d4,0
 603 01b2 9140004F 	 movh.a %a4,61444
 604              	.LVL28:
 605 01b6 D944400F 	 lea %a4,[%a4]-3072
 606 01ba 6D000000 	 call IfxPort_setPinMode
 607              	.LVL29:
 608              	.LBE55:
 609              	.LBE54:
 171:../Libraries/iLLD/TC4xx/Tricore/Hssl/Hssl/IfxHssl_Hssl.c ****         IfxPort_setPinModeOutput(&MODULE_P22, 2, IfxPort_OutputMode_pushPull, IfxPort_OutputIdx_gen
 610              	 .loc 1 171 9
 611              	.LBB56:
 612              	.LBB57:
1112:../Libraries/iLLD/TC4xx/CpuGeneric/Port/Std/IfxPort.h **** }
 613              	 .loc 3 1112 5
 614 01be 8205     	 mov %d5,0
 615 01c0 8214     	 mov %d4,1
 616 01c2 9140004F 	 movh.a %a4,61444
 617 01c6 D944400F 	 lea %a4,[%a4]-3072
 618 01ca 6D000000 	 call IfxPort_setPinMode
 619              	.LVL30:
 620              	.LBE57:
 621              	.LBE56:
 172:../Libraries/iLLD/TC4xx/Tricore/Hssl/Hssl/IfxHssl_Hssl.c ****         IfxPort_setPinModeOutput(&MODULE_P22, 3, IfxPort_OutputMode_pushPull, IfxPort_OutputIdx_gen
 622              	 .loc 1 172 9
 623              	.LBB58:
 624              	.LBB59:
1118:../Libraries/iLLD/TC4xx/CpuGeneric/Port/Std/IfxPort.h **** }
 625              	 .loc 3 1118 5
 626 01ce 8215     	 mov %d5,1
 627 01d0 8224     	 mov %d4,2
 628 01d2 9140004F 	 movh.a %a4,61444
 629 01d6 D944800F 	 lea %a4,[%a4]-2048
 630 01da 6D000000 	 call IfxPort_setPinMode
 631              	.LVL31:
 632              	.LBE59:
 633              	.LBE58:
 173:../Libraries/iLLD/TC4xx/Tricore/Hssl/Hssl/IfxHssl_Hssl.c ****     }
 634              	 .loc 1 173 9
 635              	.LBB60:
 636              	.LBB61:
1118:../Libraries/iLLD/TC4xx/CpuGeneric/Port/Std/IfxPort.h **** }
 637              	 .loc 3 1118 5
 638 01de 8215     	 mov %d5,1
 639 01e0 8234     	 mov %d4,3
 640 01e2 9140004F 	 movh.a %a4,61444
 641 01e6 D944800F 	 lea %a4,[%a4]-2048
 642 01ea 6D000000 	 call IfxPort_setPinMode
 643              	.LVL32:
1119:../Libraries/iLLD/TC4xx/CpuGeneric/Port/Std/IfxPort.h **** 
 644              	 .loc 3 1119 1 is_stmt 0
 645 01ee 1D000000 	 j .L19
 646              	.LVL33:
 647              	.L20:
 648              	.LBE61:
 649              	.LBE60:
 197:../Libraries/iLLD/TC4xx/Tricore/Hssl/Hssl/IfxHssl_Hssl.c ****     }
 650              	 .loc 1 197 9 is_stmt 1
 651              	.LBB62:
 652              	.LBB63:
1112:../Libraries/iLLD/TC4xx/CpuGeneric/Port/Std/IfxPort.h **** }
 653              	 .loc 3 1112 5
 654 01f2 3B000150 	 mov %d5,16
 655 01f6 8204     	 mov %d4,0
 656 01f8 9140004F 	 movh.a %a4,61444
 657 01fc D944000F 	 lea %a4,[%a4]-4096
 658 0200 6D000000 	 call IfxPort_setPinMode
 659              	.LVL34:
1113:../Libraries/iLLD/TC4xx/CpuGeneric/Port/Std/IfxPort.h **** 
 660              	 .loc 3 1113 1 is_stmt 0
 661 0204 1D000000 	 j .L21
 662              	.LVL35:
 663              	.L30:
 664              	.LBE63:
 665              	.LBE62:
 666              	.LBB64:
 224:../Libraries/iLLD/TC4xx/Tricore/Hssl/Hssl/IfxHssl_Hssl.c **** #if !defined(DEVICE_TC4PX) && !defined(DEVICE_TC4EX) && !defined(DEVICE_TC46X)
 667              	 .loc 1 224 13 is_stmt 1
 668 0208 D9E5F0FF 	 lea %a5,[%a14]-16
 669 020c 8205     	 mov %d5,0
 670 020e 8204     	 mov %d4,0
 671 0210 9140004F 	 movh.a %a4,61444
 672 0214 D944400F 	 lea %a4,[%a4]-3072
 673 0218 6D000000 	 call IfxPort_setPinModeLVDS
 674              	.LVL36:
 226:../Libraries/iLLD/TC4xx/Tricore/Hssl/Hssl/IfxHssl_Hssl.c **** #endif
 675              	 .loc 1 226 13
 676              	.LBB52:
 677              	.LBB53:
1153:../Libraries/iLLD/TC4xx/CpuGeneric/Port/Std/IfxPort.h **** 
 678              	 .loc 3 1153 5
1155:../Libraries/iLLD/TC4xx/CpuGeneric/Port/Std/IfxPort.h **** 
 679              	 .loc 3 1155 5
 680              	 .loc 3 1157 5
 681              	 .loc 3 1157 54 is_stmt 0
 682 021c 9140002F 	 movh.a %a2,61444
 683 0220 D922901F 	 lea %a2,[%a2]-1968
 684 0224 19220400 	 ld.w %d2,[%a2]4
 685 0228 37026123 	 extr.u %d2,%d2,6,1
 686              	.LVL37:
 687              	.LBE53:
 688              	.LBE52:
 226:../Libraries/iLLD/TC4xx/Tricore/Hssl/Hssl/IfxHssl_Hssl.c **** #endif
 689              	 .loc 1 226 30
 690 022c 59E2F0FF 	 st.w [%a14]-16,%d2
 228:../Libraries/iLLD/TC4xx/Tricore/Hssl/Hssl/IfxHssl_Hssl.c ****         }
 691              	 .loc 1 228 13 is_stmt 1
 692 0230 D9E5F0FF 	 lea %a5,[%a14]-16
 693 0234 8215     	 mov %d5,1
 694 0236 8224     	 mov %d4,2
 695 0238 9140004F 	 movh.a %a4,61444
 696 023c D944800F 	 lea %a4,[%a4]-2048
 697 0240 6D000000 	 call IfxPort_setPinModeLVDS
 698              	.LVL38:
 699 0244 1D000000 	 j .L22
 700              	.L31:
 701              	.LBE64:
 251:../Libraries/iLLD/TC4xx/Tricore/Hssl/Hssl/IfxHssl_Hssl.c ****         hsctSFR->INIT.B.SYS_CLK_EN = 0;                                         /* disabling the sy
 702              	 .loc 1 251 9
 251:../Libraries/iLLD/TC4xx/Tricore/Hssl/Hssl/IfxHssl_Hssl.c ****         hsctSFR->INIT.B.SYS_CLK_EN = 0;                                         /* disabling the sy
 703              	 .loc 1 251 36 is_stmt 0
 704 0248 D9C22010 	 lea %a2,[%a12]96
 705 024c 19C22010 	 ld.w %d2,[%a12]96
 706 0250 B7128121 	 insert %d2,%d2,1,3,1
 707 0254 7422     	 st.w [%a2]0,%d2
 252:../Libraries/iLLD/TC4xx/Tricore/Hssl/Hssl/IfxHssl_Hssl.c ****         hsctSFR->INIT.B.SRCF       = config->refClockFrequency;                 /* configuring phys
 708              	 .loc 1 252 9 is_stmt 1
 252:../Libraries/iLLD/TC4xx/Tricore/Hssl/Hssl/IfxHssl_Hssl.c ****         hsctSFR->INIT.B.SRCF       = config->refClockFrequency;                 /* configuring phys
 709              	 .loc 1 252 36 is_stmt 0
 710 0256 5422     	 ld.w %d2,[%a2]0
 711 0258 8F22C021 	 andn %d2,%d2,~(-3)
 712 025c 7422     	 st.w [%a2]0,%d2
 253:../Libraries/iLLD/TC4xx/Tricore/Hssl/Hssl/IfxHssl_Hssl.c ****         hsctSFR->INIT.B.SSCF       = config->sysClockDivider;                   /* configuring divi
 713              	 .loc 1 253 9 is_stmt 1
 253:../Libraries/iLLD/TC4xx/Tricore/Hssl/Hssl/IfxHssl_Hssl.c ****         hsctSFR->INIT.B.SSCF       = config->sysClockDivider;                   /* configuring divi
 714              	 .loc 1 253 44 is_stmt 0
 715 025e 19D31000 	 ld.w %d3,[%a13]16
 253:../Libraries/iLLD/TC4xx/Tricore/Hssl/Hssl/IfxHssl_Hssl.c ****         hsctSFR->INIT.B.SSCF       = config->sysClockDivider;                   /* configuring divi
 716              	 .loc 1 253 36
 717 0262 D9C22010 	 lea %a2,[%a12]96
 718 0266 19C22010 	 ld.w %d2,[%a12]96
 719 026a 37320222 	 insert %d2,%d2,%d3,4,2
 720 026e 7422     	 st.w [%a2]0,%d2
 254:../Libraries/iLLD/TC4xx/Tricore/Hssl/Hssl/IfxHssl_Hssl.c ****         hsctSFR->CONFIGPHY.B.PON   = 1;                                         /* Peripheral power
 721              	 .loc 1 254 9 is_stmt 1
 254:../Libraries/iLLD/TC4xx/Tricore/Hssl/Hssl/IfxHssl_Hssl.c ****         hsctSFR->CONFIGPHY.B.PON   = 1;                                         /* Peripheral power
 722              	 .loc 1 254 44 is_stmt 0
 723 0270 19D31400 	 ld.w %d3,[%a13]20
 254:../Libraries/iLLD/TC4xx/Tricore/Hssl/Hssl/IfxHssl_Hssl.c ****         hsctSFR->CONFIGPHY.B.PON   = 1;                                         /* Peripheral power
 724              	 .loc 1 254 36
 725 0274 D9C22010 	 lea %a2,[%a12]96
 726 0278 19C22010 	 ld.w %d2,[%a12]96
 727 027c 37320223 	 insert %d2,%d2,%d3,6,2
 728 0280 7422     	 st.w [%a2]0,%d2
 255:../Libraries/iLLD/TC4xx/Tricore/Hssl/Hssl/IfxHssl_Hssl.c **** 
 729              	 .loc 1 255 9 is_stmt 1
 255:../Libraries/iLLD/TC4xx/Tricore/Hssl/Hssl/IfxHssl_Hssl.c **** 
 730              	 .loc 1 255 36 is_stmt 0
 731 0282 D9C23C10 	 lea %a2,[%a12]124
 732 0286 19C23C10 	 ld.w %d2,[%a12]124
 733 028a B7120120 	 insert %d2,%d2,1,0,1
 734 028e 7422     	 st.w [%a2]0,%d2
 257:../Libraries/iLLD/TC4xx/Tricore/Hssl/Hssl/IfxHssl_Hssl.c ****     }
 735              	 .loc 1 257 9 is_stmt 1
 257:../Libraries/iLLD/TC4xx/Tricore/Hssl/Hssl/IfxHssl_Hssl.c ****     }
 736              	 .loc 1 257 36 is_stmt 0
 737 0290 8202     	 mov %d2,0
 738 0292 59C23010 	 st.w [%a12]112,%d2
 739 0296 0090     	 ret 
 740              	.LFE388:
 742              	 .global IfxHssl_Hssl_initHsctModule_end
 743              	IfxHssl_Hssl_initHsctModule_end:
 744              	 .section .text.IfxHssl_Hssl_initHsctModuleConfig,"ax",@progbits
 745              	 .align 1
 746              	 .global IfxHssl_Hssl_initHsctModuleConfig
 748              	IfxHssl_Hssl_initHsctModuleConfig:
 749              	.LFB389:
 284:../Libraries/iLLD/TC4xx/Tricore/Hssl/Hssl/IfxHssl_Hssl.c **** 
 285:../Libraries/iLLD/TC4xx/Tricore/Hssl/Hssl/IfxHssl_Hssl.c **** 
 286:../Libraries/iLLD/TC4xx/Tricore/Hssl/Hssl/IfxHssl_Hssl.c **** void IfxHssl_Hssl_initHsctModuleConfig(IfxHssl_Hsct_Config *config, Ifx_HSCT *hsct)
 287:../Libraries/iLLD/TC4xx/Tricore/Hssl/Hssl/IfxHssl_Hssl.c **** {
 750              	 .loc 1 287 1 is_stmt 1
 751              	.LVL39:
 752 0000 40AE     	 mov.aa %a14,%SP
 753              	.LCFI6:
 288:../Libraries/iLLD/TC4xx/Tricore/Hssl/Hssl/IfxHssl_Hssl.c ****     config->hsct = hsct;
 754              	 .loc 1 288 5
 755              	 .loc 1 288 18 is_stmt 0
 756 0002 F445     	 st.a [%a4]0,%a5
 289:../Libraries/iLLD/TC4xx/Tricore/Hssl/Hssl/IfxHssl_Hssl.c **** 
 290:../Libraries/iLLD/TC4xx/Tricore/Hssl/Hssl/IfxHssl_Hssl.c ****     /* interface mode */
 291:../Libraries/iLLD/TC4xx/Tricore/Hssl/Hssl/IfxHssl_Hssl.c ****     config->interfaceMode = IfxHssl_InterfaceMode_master;
 757              	 .loc 1 291 5 is_stmt 1
 758              	 .loc 1 291 27 is_stmt 0
 759 0004 8202     	 mov %d2,0
 760 0006 59420400 	 st.w [%a4]4,%d2
 292:../Libraries/iLLD/TC4xx/Tricore/Hssl/Hssl/IfxHssl_Hssl.c **** 
 293:../Libraries/iLLD/TC4xx/Tricore/Hssl/Hssl/IfxHssl_Hssl.c ****     /* high speed mode disabled */
 294:../Libraries/iLLD/TC4xx/Tricore/Hssl/Hssl/IfxHssl_Hssl.c ****     config->highSpeedMode     = FALSE;
 761              	 .loc 1 294 5 is_stmt 1
 762              	 .loc 1 294 31 is_stmt 0
 763 000a E9420800 	 st.b [%a4]8,%d2
 295:../Libraries/iLLD/TC4xx/Tricore/Hssl/Hssl/IfxHssl_Hssl.c **** 
 296:../Libraries/iLLD/TC4xx/Tricore/Hssl/Hssl/IfxHssl_Hssl.c ****     config->loopBack          = FALSE; /* default with out loopback */
 764              	 .loc 1 296 5 is_stmt 1
 765              	 .loc 1 296 31 is_stmt 0
 766 000e E9420900 	 st.b [%a4]9,%d2
 297:../Libraries/iLLD/TC4xx/Tricore/Hssl/Hssl/IfxHssl_Hssl.c **** 
 298:../Libraries/iLLD/TC4xx/Tricore/Hssl/Hssl/IfxHssl_Hssl.c **** #if !defined(DEVICE_TC4PX) && !defined(DEVICE_TC4EX) && !defined(DEVICE_TC46X)
 299:../Libraries/iLLD/TC4xx/Tricore/Hssl/Hssl/IfxHssl_Hssl.c ****     config->lvdsTerm          = IfxPort_LvdsTerm_internal;
 767              	 .loc 1 299 5 is_stmt 1
 768              	 .loc 1 299 31 is_stmt 0
 769 0012 8212     	 mov %d2,1
 770 0014 59420C00 	 st.w [%a4]12,%d2
 300:../Libraries/iLLD/TC4xx/Tricore/Hssl/Hssl/IfxHssl_Hssl.c **** #endif
 301:../Libraries/iLLD/TC4xx/Tricore/Hssl/Hssl/IfxHssl_Hssl.c ****     config->refClockFrequency = IfxHssl_RefClockFrequency_20Mhz;
 771              	 .loc 1 301 5 is_stmt 1
 772              	 .loc 1 301 31 is_stmt 0
 773 0018 59421000 	 st.w [%a4]16,%d2
 302:../Libraries/iLLD/TC4xx/Tricore/Hssl/Hssl/IfxHssl_Hssl.c **** 
 303:../Libraries/iLLD/TC4xx/Tricore/Hssl/Hssl/IfxHssl_Hssl.c ****     config->sysClockDivider   = IfxHssl_SysClockDivider_2;
 774              	 .loc 1 303 5 is_stmt 1
 775              	 .loc 1 303 31 is_stmt 0
 776 001c 59421400 	 st.w [%a4]20,%d2
 304:../Libraries/iLLD/TC4xx/Tricore/Hssl/Hssl/IfxHssl_Hssl.c **** }
 777              	 .loc 1 304 1
 778 0020 0090     	 ret 
 779              	.LFE389:
 781              	 .global IfxHssl_Hssl_initHsctModuleConfig_end
 782              	IfxHssl_Hssl_initHsctModuleConfig_end:
 783              	 .section .text.IfxHssl_Hssl_initHsslModule,"ax",@progbits
 784              	 .align 1
 785              	 .global IfxHssl_Hssl_initHsslModule
 787              	IfxHssl_Hssl_initHsslModule:
 788              	.LFB390:
 305:../Libraries/iLLD/TC4xx/Tricore/Hssl/Hssl/IfxHssl_Hssl.c **** 
 306:../Libraries/iLLD/TC4xx/Tricore/Hssl/Hssl/IfxHssl_Hssl.c **** 
 307:../Libraries/iLLD/TC4xx/Tricore/Hssl/Hssl/IfxHssl_Hssl.c **** void IfxHssl_Hssl_initHsslModule(IfxHssl_Hssl *hssl, const IfxHssl_Hssl_Config *config)
 308:../Libraries/iLLD/TC4xx/Tricore/Hssl/Hssl/IfxHssl_Hssl.c **** {
 789              	 .loc 1 308 1 is_stmt 1
 790              	.LVL40:
 791 0000 40AE     	 mov.aa %a14,%SP
 792              	.LCFI7:
 793 0002 405D     	 mov.aa %a13,%a5
 309:../Libraries/iLLD/TC4xx/Tricore/Hssl/Hssl/IfxHssl_Hssl.c ****     Ifx_HSSL *hsslSFR = config->hssl;                                   /* pointer to HSSL register
 794              	 .loc 1 309 5
 795              	 .loc 1 309 15 is_stmt 0
 796 0004 D45C     	 ld.a %a12,[%a5]0
 797              	.LVL41:
 310:../Libraries/iLLD/TC4xx/Tricore/Hssl/Hssl/IfxHssl_Hssl.c **** 
 311:../Libraries/iLLD/TC4xx/Tricore/Hssl/Hssl/IfxHssl_Hssl.c ****     hssl->hssl = hsslSFR;                                               /* adding HSSL register poi
 798              	 .loc 1 311 5 is_stmt 1
 799              	 .loc 1 311 16 is_stmt 0
 800 0006 F44C     	 st.a [%a4]0,%a12
 312:../Libraries/iLLD/TC4xx/Tricore/Hssl/Hssl/IfxHssl_Hssl.c **** 
 313:../Libraries/iLLD/TC4xx/Tricore/Hssl/Hssl/IfxHssl_Hssl.c ****     /* HSSL initialisation */
 314:../Libraries/iLLD/TC4xx/Tricore/Hssl/Hssl/IfxHssl_Hssl.c ****     IfxHssl_enableHsslModule(hsslSFR);                                  /* enabling the HSSL module
 801              	 .loc 1 314 5 is_stmt 1
 802 0008 40C4     	 mov.aa %a4,%a12
 803              	.LVL42:
 804 000a 6D000000 	 call IfxHssl_enableHsslModule
 805              	.LVL43:
 315:../Libraries/iLLD/TC4xx/Tricore/Hssl/Hssl/IfxHssl_Hssl.c ****     hsslSFR->CFG.B.PREDIV = config->preDivider;                         /* predivivder */
 806              	 .loc 1 315 5
 807              	 .loc 1 315 35 is_stmt 0
 808 000e C9D32400 	 ld.h %d3,[%a13]36
 809              	 .loc 1 315 27
 810 0012 D9C22410 	 lea %a2,[%a12]100
 811 0016 19C22410 	 ld.w %d2,[%a12]100
 812 001a 37320E20 	 insert %d2,%d2,%d3,0,14
 813 001e 7422     	 st.w [%a2]0,%d2
 316:../Libraries/iLLD/TC4xx/Tricore/Hssl/Hssl/IfxHssl_Hssl.c ****     hsslSFR->CFG.B.SCM    = 0;                                          /* command mode */
 814              	 .loc 1 316 5 is_stmt 1
 815              	 .loc 1 316 27 is_stmt 0
 816 0020 5422     	 ld.w %d2,[%a2]0
 817 0022 B7020129 	 insert %d2,%d2,0,18,1
 818 0026 7422     	 st.w [%a2]0,%d2
 317:../Libraries/iLLD/TC4xx/Tricore/Hssl/Hssl/IfxHssl_Hssl.c **** 
 318:../Libraries/iLLD/TC4xx/Tricore/Hssl/Hssl/IfxHssl_Hssl.c ****     /* Access windows */
 319:../Libraries/iLLD/TC4xx/Tricore/Hssl/Hssl/IfxHssl_Hssl.c ****     hsslSFR->AW[0].AWSTART.U = config->accessWindow0.start;             /* start of access window *
 819              	 .loc 1 319 5 is_stmt 1
 820              	 .loc 1 319 30 is_stmt 0
 821 0028 19D20400 	 ld.w %d2,[%a13]4
 822 002c 59C21040 	 st.w [%a12]272,%d2
 320:../Libraries/iLLD/TC4xx/Tricore/Hssl/Hssl/IfxHssl_Hssl.c ****     hsslSFR->AW[0].AWEND.U   = config->accessWindow0.end;               /* end of access window */
 823              	 .loc 1 320 5 is_stmt 1
 824              	 .loc 1 320 30 is_stmt 0
 825 0030 19D20800 	 ld.w %d2,[%a13]8
 826 0034 59C21440 	 st.w [%a12]276,%d2
 321:../Libraries/iLLD/TC4xx/Tricore/Hssl/Hssl/IfxHssl_Hssl.c ****     hsslSFR->AW[1].AWSTART.U = config->accessWindow1.start;             /* start of access window *
 827              	 .loc 1 321 5 is_stmt 1
 828              	 .loc 1 321 30 is_stmt 0
 829 0038 19D20C00 	 ld.w %d2,[%a13]12
 830 003c 59C21840 	 st.w [%a12]280,%d2
 322:../Libraries/iLLD/TC4xx/Tricore/Hssl/Hssl/IfxHssl_Hssl.c ****     hsslSFR->AW[1].AWEND.U   = config->accessWindow1.end;               /* end of access window */
 831              	 .loc 1 322 5 is_stmt 1
 832              	 .loc 1 322 30 is_stmt 0
 833 0040 19D21000 	 ld.w %d2,[%a13]16
 834 0044 59C21C40 	 st.w [%a12]284,%d2
 323:../Libraries/iLLD/TC4xx/Tricore/Hssl/Hssl/IfxHssl_Hssl.c ****     hsslSFR->AW[2].AWSTART.U = config->accessWindow2.start;             /* start of access window *
 835              	 .loc 1 323 5 is_stmt 1
 836              	 .loc 1 323 30 is_stmt 0
 837 0048 19D21400 	 ld.w %d2,[%a13]20
 838 004c 59C22040 	 st.w [%a12]288,%d2
 324:../Libraries/iLLD/TC4xx/Tricore/Hssl/Hssl/IfxHssl_Hssl.c ****     hsslSFR->AW[2].AWEND.U   = config->accessWindow2.end;               /* end of access window */
 839              	 .loc 1 324 5 is_stmt 1
 840              	 .loc 1 324 30 is_stmt 0
 841 0050 19D21800 	 ld.w %d2,[%a13]24
 842 0054 59C22440 	 st.w [%a12]292,%d2
 325:../Libraries/iLLD/TC4xx/Tricore/Hssl/Hssl/IfxHssl_Hssl.c ****     hsslSFR->AW[3].AWSTART.U = config->accessWindow3.start;             /* start of access window *
 843              	 .loc 1 325 5 is_stmt 1
 844              	 .loc 1 325 30 is_stmt 0
 845 0058 19D21C00 	 ld.w %d2,[%a13]28
 846 005c 59C22840 	 st.w [%a12]296,%d2
 326:../Libraries/iLLD/TC4xx/Tricore/Hssl/Hssl/IfxHssl_Hssl.c ****     hsslSFR->AW[3].AWEND.U   = config->accessWindow3.end;               /* end of access window */
 847              	 .loc 1 326 5 is_stmt 1
 848              	 .loc 1 326 53 is_stmt 0
 849 0060 19D22000 	 ld.w %d2,[%a13]32
 850              	 .loc 1 326 30
 851 0064 59C22C40 	 st.w [%a12]300,%d2
 327:../Libraries/iLLD/TC4xx/Tricore/Hssl/Hssl/IfxHssl_Hssl.c **** 
 328:../Libraries/iLLD/TC4xx/Tricore/Hssl/Hssl/IfxHssl_Hssl.c ****     hsslSFR->AR.U            = 0x000000ff;                              /* allow read/write access 
 852              	 .loc 1 328 5 is_stmt 1
 853              	 .loc 1 328 30 is_stmt 0
 854 0068 3BF00F20 	 mov %d2,255
 855 006c 59C23040 	 st.w [%a12]304,%d2
 329:../Libraries/iLLD/TC4xx/Tricore/Hssl/Hssl/IfxHssl_Hssl.c **** 
 330:../Libraries/iLLD/TC4xx/Tricore/Hssl/Hssl/IfxHssl_Hssl.c ****     hsslSFR->MFLAGSCL.B.INIC = 1;                                       /* chnage into run mode */
 856              	 .loc 1 330 5 is_stmt 1
 857              	 .loc 1 330 30 is_stmt 0
 858 0070 D9C23410 	 lea %a2,[%a12]116
 859 0074 19C23410 	 ld.w %d2,[%a12]116
 860 0078 B712812F 	 insert %d2,%d2,1,31,1
 861 007c 7422     	 st.w [%a2]0,%d2
 331:../Libraries/iLLD/TC4xx/Tricore/Hssl/Hssl/IfxHssl_Hssl.c ****     hsslSFR->TIDADD.U        = (Ifx_UReg_32Bit)IFXHSSL_JTAG_ID_ADDRESS; /* Writing JTAG_ID of the d
 862              	 .loc 1 331 5 is_stmt 1
 863              	 .loc 1 331 30 is_stmt 0
 864 007e 7B80A12F 	 movh %d2,64024
 865 0082 1B020820 	 addi %d2,%d2,128
 866 0086 59C22430 	 st.w [%a12]228,%d2
 332:../Libraries/iLLD/TC4xx/Tricore/Hssl/Hssl/IfxHssl_Hssl.c **** 
 333:../Libraries/iLLD/TC4xx/Tricore/Hssl/Hssl/IfxHssl_Hssl.c ****     while (hsslSFR->MFLAGS.B.INI)                                       /* wait until the mode chan
 867              	 .loc 1 333 5 is_stmt 1
 868              	.L34:
 334:../Libraries/iLLD/TC4xx/Tricore/Hssl/Hssl/IfxHssl_Hssl.c ****     {}
 869              	 .loc 1 334 6 discriminator 1
 333:../Libraries/iLLD/TC4xx/Tricore/Hssl/Hssl/IfxHssl_Hssl.c ****     {}
 870              	 .loc 1 333 12 discriminator 1
 333:../Libraries/iLLD/TC4xx/Tricore/Hssl/Hssl/IfxHssl_Hssl.c ****     {}
 871              	 .loc 1 333 29 is_stmt 0 discriminator 1
 872 008a 19C22C10 	 ld.w %d2,[%a12]108
 333:../Libraries/iLLD/TC4xx/Tricore/Hssl/Hssl/IfxHssl_Hssl.c ****     {}
 873              	 .loc 1 333 12 discriminator 1
 874 008e BF020000 	 jltz %d2,.L34
 335:../Libraries/iLLD/TC4xx/Tricore/Hssl/Hssl/IfxHssl_Hssl.c **** }
 875              	 .loc 1 335 1
 876 0092 0090     	 ret 
 877              	.LFE390:
 879              	 .global IfxHssl_Hssl_initHsslModule_end
 880              	IfxHssl_Hssl_initHsslModule_end:
 881              	 .section .text.IfxHssl_Hssl_initHsslModuleConfig,"ax",@progbits
 882              	 .align 1
 883              	 .global IfxHssl_Hssl_initHsslModuleConfig
 885              	IfxHssl_Hssl_initHsslModuleConfig:
 886              	.LFB391:
 336:../Libraries/iLLD/TC4xx/Tricore/Hssl/Hssl/IfxHssl_Hssl.c **** 
 337:../Libraries/iLLD/TC4xx/Tricore/Hssl/Hssl/IfxHssl_Hssl.c **** 
 338:../Libraries/iLLD/TC4xx/Tricore/Hssl/Hssl/IfxHssl_Hssl.c **** void IfxHssl_Hssl_initHsslModuleConfig(IfxHssl_Hssl_Config *config, Ifx_HSSL *hssl)
 339:../Libraries/iLLD/TC4xx/Tricore/Hssl/Hssl/IfxHssl_Hssl.c **** {
 887              	 .loc 1 339 1 is_stmt 1
 888              	.LVL44:
 889 0000 40AE     	 mov.aa %a14,%SP
 890              	.LCFI8:
 340:../Libraries/iLLD/TC4xx/Tricore/Hssl/Hssl/IfxHssl_Hssl.c ****     config->hssl = hssl;
 891              	 .loc 1 340 5
 892              	 .loc 1 340 18 is_stmt 0
 893 0002 F445     	 st.a [%a4]0,%a5
 341:../Libraries/iLLD/TC4xx/Tricore/Hssl/Hssl/IfxHssl_Hssl.c **** 
 342:../Libraries/iLLD/TC4xx/Tricore/Hssl/Hssl/IfxHssl_Hssl.c ****     /* Access windows */
 343:../Libraries/iLLD/TC4xx/Tricore/Hssl/Hssl/IfxHssl_Hssl.c ****     config->accessWindow0.start = 0x00000000; /* start of access window */
 894              	 .loc 1 343 5 is_stmt 1
 895              	 .loc 1 343 33 is_stmt 0
 896 0004 8203     	 mov %d3,0
 897 0006 59430400 	 st.w [%a4]4,%d3
 344:../Libraries/iLLD/TC4xx/Tricore/Hssl/Hssl/IfxHssl_Hssl.c ****     config->accessWindow0.end   = 0xffffffff; /* end of access window */
 898              	 .loc 1 344 5 is_stmt 1
 899              	 .loc 1 344 33 is_stmt 0
 900 000a 82F2     	 mov %d2,-1
 901 000c 59420800 	 st.w [%a4]8,%d2
 345:../Libraries/iLLD/TC4xx/Tricore/Hssl/Hssl/IfxHssl_Hssl.c ****     config->accessWindow1.start = 0x00000000; /* start of access window */
 902              	 .loc 1 345 5 is_stmt 1
 903              	 .loc 1 345 33 is_stmt 0
 904 0010 59430C00 	 st.w [%a4]12,%d3
 346:../Libraries/iLLD/TC4xx/Tricore/Hssl/Hssl/IfxHssl_Hssl.c ****     config->accessWindow1.end   = 0xffffffff; /* end of access window */
 905              	 .loc 1 346 5 is_stmt 1
 906              	 .loc 1 346 33 is_stmt 0
 907 0014 59421000 	 st.w [%a4]16,%d2
 347:../Libraries/iLLD/TC4xx/Tricore/Hssl/Hssl/IfxHssl_Hssl.c ****     config->accessWindow2.start = 0x00000000; /* start of access window */
 908              	 .loc 1 347 5 is_stmt 1
 909              	 .loc 1 347 33 is_stmt 0
 910 0018 59431400 	 st.w [%a4]20,%d3
 348:../Libraries/iLLD/TC4xx/Tricore/Hssl/Hssl/IfxHssl_Hssl.c ****     config->accessWindow2.end   = 0xffffffff; /* end of access window */
 911              	 .loc 1 348 5 is_stmt 1
 912              	 .loc 1 348 33 is_stmt 0
 913 001c 59421800 	 st.w [%a4]24,%d2
 349:../Libraries/iLLD/TC4xx/Tricore/Hssl/Hssl/IfxHssl_Hssl.c ****     config->accessWindow3.start = 0x00000000; /* start of access window */
 914              	 .loc 1 349 5 is_stmt 1
 915              	 .loc 1 349 33 is_stmt 0
 916 0020 59431C00 	 st.w [%a4]28,%d3
 350:../Libraries/iLLD/TC4xx/Tricore/Hssl/Hssl/IfxHssl_Hssl.c ****     config->accessWindow3.end   = 0xffffffff; /* end of access window */
 917              	 .loc 1 350 5 is_stmt 1
 918              	 .loc 1 350 33 is_stmt 0
 919 0024 59422000 	 st.w [%a4]32,%d2
 351:../Libraries/iLLD/TC4xx/Tricore/Hssl/Hssl/IfxHssl_Hssl.c **** 
 352:../Libraries/iLLD/TC4xx/Tricore/Hssl/Hssl/IfxHssl_Hssl.c ****     /* predivider */
 353:../Libraries/iLLD/TC4xx/Tricore/Hssl/Hssl/IfxHssl_Hssl.c ****     config->preDivider = 256;
 920              	 .loc 1 353 5 is_stmt 1
 921              	 .loc 1 353 24 is_stmt 0
 922 0028 3B001020 	 mov %d2,256
 923 002c F9422400 	 st.h [%a4]36,%d2
 354:../Libraries/iLLD/TC4xx/Tricore/Hssl/Hssl/IfxHssl_Hssl.c **** }
 924              	 .loc 1 354 1
 925 0030 0090     	 ret 
 926              	.LFE391:
 928              	 .global IfxHssl_Hssl_initHsslModuleConfig_end
 929              	IfxHssl_Hssl_initHsslModuleConfig_end:
 930              	 .section .text.IfxHssl_Hssl_sendControlCommand,"ax",@progbits
 931              	 .align 1
 932              	 .global IfxHssl_Hssl_sendControlCommand
 934              	IfxHssl_Hssl_sendControlCommand:
 935              	.LFB394:
 355:../Libraries/iLLD/TC4xx/Tricore/Hssl/Hssl/IfxHssl_Hssl.c **** 
 356:../Libraries/iLLD/TC4xx/Tricore/Hssl/Hssl/IfxHssl_Hssl.c **** 
 357:../Libraries/iLLD/TC4xx/Tricore/Hssl/Hssl/IfxHssl_Hssl.c **** IfxHssl_Hssl_Status IfxHssl_Hssl_prepareStream(IfxHssl_Hssl_Channel *channel, uint32 slaveTargetAdd
 358:../Libraries/iLLD/TC4xx/Tricore/Hssl/Hssl/IfxHssl_Hssl.c **** {
 359:../Libraries/iLLD/TC4xx/Tricore/Hssl/Hssl/IfxHssl_Hssl.c ****     IfxHssl_ChannelId channelId = channel->channelId;
 360:../Libraries/iLLD/TC4xx/Tricore/Hssl/Hssl/IfxHssl_Hssl.c ****     Ifx_HSSL_TS_FC    tsfcReg;
 361:../Libraries/iLLD/TC4xx/Tricore/Hssl/Hssl/IfxHssl_Hssl.c **** 
 362:../Libraries/iLLD/TC4xx/Tricore/Hssl/Hssl/IfxHssl_Hssl.c ****     if (channelId == IfxHssl_ChannelId_2)
 363:../Libraries/iLLD/TC4xx/Tricore/Hssl/Hssl/IfxHssl_Hssl.c ****     {
 364:../Libraries/iLLD/TC4xx/Tricore/Hssl/Hssl/IfxHssl_Hssl.c ****         return IfxHssl_Hssl_Status_error;
 365:../Libraries/iLLD/TC4xx/Tricore/Hssl/Hssl/IfxHssl_Hssl.c ****     }
 366:../Libraries/iLLD/TC4xx/Tricore/Hssl/Hssl/IfxHssl_Hssl.c **** 
 367:../Libraries/iLLD/TC4xx/Tricore/Hssl/Hssl/IfxHssl_Hssl.c ****     /* target start address to memeroy block 0 on target device (writing into HSSL_TSSA0 of the tar
 368:../Libraries/iLLD/TC4xx/Tricore/Hssl/Hssl/IfxHssl_Hssl.c ****     IfxHssl_Hssl_singleFrameRequest(channel, IfxHssl_Hssl_FrameRequest_writeFrame, (uint32)&channel
 369:../Libraries/iLLD/TC4xx/Tricore/Hssl/Hssl/IfxHssl_Hssl.c **** 
 370:../Libraries/iLLD/TC4xx/Tricore/Hssl/Hssl/IfxHssl_Hssl.c ****     while (IfxHssl_Hssl_waitAcknowledge(channel) != IfxHssl_Hssl_Status_ok)
 371:../Libraries/iLLD/TC4xx/Tricore/Hssl/Hssl/IfxHssl_Hssl.c ****     {
 372:../Libraries/iLLD/TC4xx/Tricore/Hssl/Hssl/IfxHssl_Hssl.c ****         if (IfxHssl_Hssl_waitAcknowledge(channel) == IfxHssl_Hssl_Status_error)
 373:../Libraries/iLLD/TC4xx/Tricore/Hssl/Hssl/IfxHssl_Hssl.c ****         {
 374:../Libraries/iLLD/TC4xx/Tricore/Hssl/Hssl/IfxHssl_Hssl.c ****             return IfxHssl_Hssl_Status_error;
 375:../Libraries/iLLD/TC4xx/Tricore/Hssl/Hssl/IfxHssl_Hssl.c ****         }
 376:../Libraries/iLLD/TC4xx/Tricore/Hssl/Hssl/IfxHssl_Hssl.c ****     }
 377:../Libraries/iLLD/TC4xx/Tricore/Hssl/Hssl/IfxHssl_Hssl.c **** 
 378:../Libraries/iLLD/TC4xx/Tricore/Hssl/Hssl/IfxHssl_Hssl.c ****     /* Precautionary measure on target for any last streaming interruption */
 379:../Libraries/iLLD/TC4xx/Tricore/Hssl/Hssl/IfxHssl_Hssl.c ****     /* Read count register on the target */
 380:../Libraries/iLLD/TC4xx/Tricore/Hssl/Hssl/IfxHssl_Hssl.c ****     IfxHssl_Hssl_read(channel, (uint32)&channel->hssl->TS.FC, IfxHssl_DataLength_32bit);
 381:../Libraries/iLLD/TC4xx/Tricore/Hssl/Hssl/IfxHssl_Hssl.c **** 
 382:../Libraries/iLLD/TC4xx/Tricore/Hssl/Hssl/IfxHssl_Hssl.c ****     while (IfxHssl_Hssl_waitAcknowledge(channel) != IfxHssl_Hssl_Status_ok)
 383:../Libraries/iLLD/TC4xx/Tricore/Hssl/Hssl/IfxHssl_Hssl.c ****     {
 384:../Libraries/iLLD/TC4xx/Tricore/Hssl/Hssl/IfxHssl_Hssl.c ****         if (IfxHssl_Hssl_waitAcknowledge(channel) == IfxHssl_Hssl_Status_error)
 385:../Libraries/iLLD/TC4xx/Tricore/Hssl/Hssl/IfxHssl_Hssl.c ****         {
 386:../Libraries/iLLD/TC4xx/Tricore/Hssl/Hssl/IfxHssl_Hssl.c ****             return IfxHssl_Hssl_Status_error;
 387:../Libraries/iLLD/TC4xx/Tricore/Hssl/Hssl/IfxHssl_Hssl.c ****         }
 388:../Libraries/iLLD/TC4xx/Tricore/Hssl/Hssl/IfxHssl_Hssl.c ****     }
 389:../Libraries/iLLD/TC4xx/Tricore/Hssl/Hssl/IfxHssl_Hssl.c **** 
 390:../Libraries/iLLD/TC4xx/Tricore/Hssl/Hssl/IfxHssl_Hssl.c ****     tsfcReg.U          = IfxHssl_Hssl_getReadData(channel);
 391:../Libraries/iLLD/TC4xx/Tricore/Hssl/Hssl/IfxHssl_Hssl.c ****     tsfcReg.B.RELCOUNT = tsfcReg.B.CURCOUNT;
 392:../Libraries/iLLD/TC4xx/Tricore/Hssl/Hssl/IfxHssl_Hssl.c ****     /* Set the RELCOUNT equal to CURCOUNT on the target */
 393:../Libraries/iLLD/TC4xx/Tricore/Hssl/Hssl/IfxHssl_Hssl.c ****     IfxHssl_Hssl_singleFrameRequest(channel, IfxHssl_Hssl_FrameRequest_writeFrame, (uint32)&channel
 394:../Libraries/iLLD/TC4xx/Tricore/Hssl/Hssl/IfxHssl_Hssl.c **** 
 395:../Libraries/iLLD/TC4xx/Tricore/Hssl/Hssl/IfxHssl_Hssl.c ****     while (IfxHssl_Hssl_waitAcknowledge(channel) != IfxHssl_Hssl_Status_ok)
 396:../Libraries/iLLD/TC4xx/Tricore/Hssl/Hssl/IfxHssl_Hssl.c ****     {
 397:../Libraries/iLLD/TC4xx/Tricore/Hssl/Hssl/IfxHssl_Hssl.c ****         if (IfxHssl_Hssl_waitAcknowledge(channel) == IfxHssl_Hssl_Status_error)
 398:../Libraries/iLLD/TC4xx/Tricore/Hssl/Hssl/IfxHssl_Hssl.c ****         {
 399:../Libraries/iLLD/TC4xx/Tricore/Hssl/Hssl/IfxHssl_Hssl.c ****             return IfxHssl_Hssl_Status_error;
 400:../Libraries/iLLD/TC4xx/Tricore/Hssl/Hssl/IfxHssl_Hssl.c ****         }
 401:../Libraries/iLLD/TC4xx/Tricore/Hssl/Hssl/IfxHssl_Hssl.c ****     }
 402:../Libraries/iLLD/TC4xx/Tricore/Hssl/Hssl/IfxHssl_Hssl.c **** 
 403:../Libraries/iLLD/TC4xx/Tricore/Hssl/Hssl/IfxHssl_Hssl.c ****     /* Disable the streaming on the target */
 404:../Libraries/iLLD/TC4xx/Tricore/Hssl/Hssl/IfxHssl_Hssl.c ****     IfxHssl_Hssl_singleFrameRequest(channel, IfxHssl_Hssl_FrameRequest_writeFrame, (uint32)&channel
 405:../Libraries/iLLD/TC4xx/Tricore/Hssl/Hssl/IfxHssl_Hssl.c **** 
 406:../Libraries/iLLD/TC4xx/Tricore/Hssl/Hssl/IfxHssl_Hssl.c ****     while (IfxHssl_Hssl_waitAcknowledge(channel) != IfxHssl_Hssl_Status_ok)
 407:../Libraries/iLLD/TC4xx/Tricore/Hssl/Hssl/IfxHssl_Hssl.c ****     {
 408:../Libraries/iLLD/TC4xx/Tricore/Hssl/Hssl/IfxHssl_Hssl.c ****         if (IfxHssl_Hssl_waitAcknowledge(channel) == IfxHssl_Hssl_Status_error)
 409:../Libraries/iLLD/TC4xx/Tricore/Hssl/Hssl/IfxHssl_Hssl.c ****         {
 410:../Libraries/iLLD/TC4xx/Tricore/Hssl/Hssl/IfxHssl_Hssl.c ****             return IfxHssl_Hssl_Status_error;
 411:../Libraries/iLLD/TC4xx/Tricore/Hssl/Hssl/IfxHssl_Hssl.c ****         }
 412:../Libraries/iLLD/TC4xx/Tricore/Hssl/Hssl/IfxHssl_Hssl.c ****     }
 413:../Libraries/iLLD/TC4xx/Tricore/Hssl/Hssl/IfxHssl_Hssl.c **** 
 414:../Libraries/iLLD/TC4xx/Tricore/Hssl/Hssl/IfxHssl_Hssl.c ****     /* memory count into target reload count register on target device */
 415:../Libraries/iLLD/TC4xx/Tricore/Hssl/Hssl/IfxHssl_Hssl.c ****     IfxHssl_Hssl_singleFrameRequest(channel, IfxHssl_Hssl_FrameRequest_writeFrame, (uint32)&channel
 416:../Libraries/iLLD/TC4xx/Tricore/Hssl/Hssl/IfxHssl_Hssl.c **** 
 417:../Libraries/iLLD/TC4xx/Tricore/Hssl/Hssl/IfxHssl_Hssl.c ****     while (IfxHssl_Hssl_waitAcknowledge(channel) != IfxHssl_Hssl_Status_ok)
 418:../Libraries/iLLD/TC4xx/Tricore/Hssl/Hssl/IfxHssl_Hssl.c ****     {
 419:../Libraries/iLLD/TC4xx/Tricore/Hssl/Hssl/IfxHssl_Hssl.c ****         if (IfxHssl_Hssl_waitAcknowledge(channel) == IfxHssl_Hssl_Status_error)
 420:../Libraries/iLLD/TC4xx/Tricore/Hssl/Hssl/IfxHssl_Hssl.c ****         {
 421:../Libraries/iLLD/TC4xx/Tricore/Hssl/Hssl/IfxHssl_Hssl.c ****             return IfxHssl_Hssl_Status_error;
 422:../Libraries/iLLD/TC4xx/Tricore/Hssl/Hssl/IfxHssl_Hssl.c ****         }
 423:../Libraries/iLLD/TC4xx/Tricore/Hssl/Hssl/IfxHssl_Hssl.c ****     }
 424:../Libraries/iLLD/TC4xx/Tricore/Hssl/Hssl/IfxHssl_Hssl.c **** 
 425:../Libraries/iLLD/TC4xx/Tricore/Hssl/Hssl/IfxHssl_Hssl.c ****     /* incase of transfers between two different devices (loopback off) */
 426:../Libraries/iLLD/TC4xx/Tricore/Hssl/Hssl/IfxHssl_Hssl.c ****     if (!channel->loopBack)
 427:../Libraries/iLLD/TC4xx/Tricore/Hssl/Hssl/IfxHssl_Hssl.c ****     {
 428:../Libraries/iLLD/TC4xx/Tricore/Hssl/Hssl/IfxHssl_Hssl.c ****         /* Get the target configuration */
 429:../Libraries/iLLD/TC4xx/Tricore/Hssl/Hssl/IfxHssl_Hssl.c ****         IfxHssl_Hssl_read(channel, (uint32)&channel->hssl->CFG, IfxHssl_DataLength_32bit);
 430:../Libraries/iLLD/TC4xx/Tricore/Hssl/Hssl/IfxHssl_Hssl.c **** 
 431:../Libraries/iLLD/TC4xx/Tricore/Hssl/Hssl/IfxHssl_Hssl.c ****         while (IfxHssl_Hssl_waitAcknowledge(channel) != IfxHssl_Hssl_Status_ok)
 432:../Libraries/iLLD/TC4xx/Tricore/Hssl/Hssl/IfxHssl_Hssl.c ****         {
 433:../Libraries/iLLD/TC4xx/Tricore/Hssl/Hssl/IfxHssl_Hssl.c ****             if (IfxHssl_Hssl_waitAcknowledge(channel) == IfxHssl_Hssl_Status_error)
 434:../Libraries/iLLD/TC4xx/Tricore/Hssl/Hssl/IfxHssl_Hssl.c ****             {
 435:../Libraries/iLLD/TC4xx/Tricore/Hssl/Hssl/IfxHssl_Hssl.c ****                 return IfxHssl_Hssl_Status_error;
 436:../Libraries/iLLD/TC4xx/Tricore/Hssl/Hssl/IfxHssl_Hssl.c ****             }
 437:../Libraries/iLLD/TC4xx/Tricore/Hssl/Hssl/IfxHssl_Hssl.c ****         }
 438:../Libraries/iLLD/TC4xx/Tricore/Hssl/Hssl/IfxHssl_Hssl.c **** 
 439:../Libraries/iLLD/TC4xx/Tricore/Hssl/Hssl/IfxHssl_Hssl.c ****         /* Check if the target streaming is enabled */
 440:../Libraries/iLLD/TC4xx/Tricore/Hssl/Hssl/IfxHssl_Hssl.c ****         if ((IfxHssl_Hssl_getReadData(channel) & (0x00070100)) != 0x00070100)
 441:../Libraries/iLLD/TC4xx/Tricore/Hssl/Hssl/IfxHssl_Hssl.c ****         {
 442:../Libraries/iLLD/TC4xx/Tricore/Hssl/Hssl/IfxHssl_Hssl.c ****             /* enable streaming mode (single) of channel 2 on target device */
 443:../Libraries/iLLD/TC4xx/Tricore/Hssl/Hssl/IfxHssl_Hssl.c ****             IfxHssl_Hssl_singleFrameRequest(channel, IfxHssl_Hssl_FrameRequest_writeFrame, (uint32)
 444:../Libraries/iLLD/TC4xx/Tricore/Hssl/Hssl/IfxHssl_Hssl.c **** 
 445:../Libraries/iLLD/TC4xx/Tricore/Hssl/Hssl/IfxHssl_Hssl.c ****             while (IfxHssl_Hssl_waitAcknowledge(channel) != IfxHssl_Hssl_Status_ok)
 446:../Libraries/iLLD/TC4xx/Tricore/Hssl/Hssl/IfxHssl_Hssl.c ****             {
 447:../Libraries/iLLD/TC4xx/Tricore/Hssl/Hssl/IfxHssl_Hssl.c ****                 if (IfxHssl_Hssl_waitAcknowledge(channel) == IfxHssl_Hssl_Status_error)
 448:../Libraries/iLLD/TC4xx/Tricore/Hssl/Hssl/IfxHssl_Hssl.c ****                 {
 449:../Libraries/iLLD/TC4xx/Tricore/Hssl/Hssl/IfxHssl_Hssl.c ****                     return IfxHssl_Hssl_Status_error;
 450:../Libraries/iLLD/TC4xx/Tricore/Hssl/Hssl/IfxHssl_Hssl.c ****                 }
 451:../Libraries/iLLD/TC4xx/Tricore/Hssl/Hssl/IfxHssl_Hssl.c ****             }
 452:../Libraries/iLLD/TC4xx/Tricore/Hssl/Hssl/IfxHssl_Hssl.c ****         }
 453:../Libraries/iLLD/TC4xx/Tricore/Hssl/Hssl/IfxHssl_Hssl.c **** 
 454:../Libraries/iLLD/TC4xx/Tricore/Hssl/Hssl/IfxHssl_Hssl.c ****         /* enable streaming on target device */
 455:../Libraries/iLLD/TC4xx/Tricore/Hssl/Hssl/IfxHssl_Hssl.c ****         IfxHssl_Hssl_singleFrameRequest(channel, IfxHssl_Hssl_FrameRequest_writeFrame, (uint32)&cha
 456:../Libraries/iLLD/TC4xx/Tricore/Hssl/Hssl/IfxHssl_Hssl.c **** 
 457:../Libraries/iLLD/TC4xx/Tricore/Hssl/Hssl/IfxHssl_Hssl.c ****         while (IfxHssl_Hssl_waitAcknowledge(channel) != IfxHssl_Hssl_Status_ok)
 458:../Libraries/iLLD/TC4xx/Tricore/Hssl/Hssl/IfxHssl_Hssl.c ****         {
 459:../Libraries/iLLD/TC4xx/Tricore/Hssl/Hssl/IfxHssl_Hssl.c ****             if (IfxHssl_Hssl_waitAcknowledge(channel) == IfxHssl_Hssl_Status_error)
 460:../Libraries/iLLD/TC4xx/Tricore/Hssl/Hssl/IfxHssl_Hssl.c ****             {
 461:../Libraries/iLLD/TC4xx/Tricore/Hssl/Hssl/IfxHssl_Hssl.c ****                 return IfxHssl_Hssl_Status_error;
 462:../Libraries/iLLD/TC4xx/Tricore/Hssl/Hssl/IfxHssl_Hssl.c ****             }
 463:../Libraries/iLLD/TC4xx/Tricore/Hssl/Hssl/IfxHssl_Hssl.c ****         }
 464:../Libraries/iLLD/TC4xx/Tricore/Hssl/Hssl/IfxHssl_Hssl.c ****     }
 465:../Libraries/iLLD/TC4xx/Tricore/Hssl/Hssl/IfxHssl_Hssl.c **** 
 466:../Libraries/iLLD/TC4xx/Tricore/Hssl/Hssl/IfxHssl_Hssl.c ****     channel->streamingModeOn = TRUE;    /* for waitAcknowledge function */
 467:../Libraries/iLLD/TC4xx/Tricore/Hssl/Hssl/IfxHssl_Hssl.c ****     /* preperation was successful */
 468:../Libraries/iLLD/TC4xx/Tricore/Hssl/Hssl/IfxHssl_Hssl.c ****     return IfxHssl_Hssl_Status_ok;
 469:../Libraries/iLLD/TC4xx/Tricore/Hssl/Hssl/IfxHssl_Hssl.c **** }
 470:../Libraries/iLLD/TC4xx/Tricore/Hssl/Hssl/IfxHssl_Hssl.c **** 
 471:../Libraries/iLLD/TC4xx/Tricore/Hssl/Hssl/IfxHssl_Hssl.c **** 
 472:../Libraries/iLLD/TC4xx/Tricore/Hssl/Hssl/IfxHssl_Hssl.c **** IfxHssl_Hssl_Status IfxHssl_Hssl_read(IfxHssl_Hssl_Channel *channel, uint32 address, IfxHssl_DataLe
 473:../Libraries/iLLD/TC4xx/Tricore/Hssl/Hssl/IfxHssl_Hssl.c **** {
 474:../Libraries/iLLD/TC4xx/Tricore/Hssl/Hssl/IfxHssl_Hssl.c ****     uint32 data = 0;                                                                               
 475:../Libraries/iLLD/TC4xx/Tricore/Hssl/Hssl/IfxHssl_Hssl.c ****     return IfxHssl_Hssl_singleFrameRequest(channel, IfxHssl_Hssl_FrameRequest_readFrame, address, d
 476:../Libraries/iLLD/TC4xx/Tricore/Hssl/Hssl/IfxHssl_Hssl.c **** }
 477:../Libraries/iLLD/TC4xx/Tricore/Hssl/Hssl/IfxHssl_Hssl.c **** 
 478:../Libraries/iLLD/TC4xx/Tricore/Hssl/Hssl/IfxHssl_Hssl.c **** 
 479:../Libraries/iLLD/TC4xx/Tricore/Hssl/Hssl/IfxHssl_Hssl.c **** void IfxHssl_Hssl_sendControlCommand(IfxHssl_Hsct *hsct, uint8 command)
 480:../Libraries/iLLD/TC4xx/Tricore/Hssl/Hssl/IfxHssl_Hssl.c **** {
 936              	 .loc 1 480 1 is_stmt 1
 937              	.LVL45:
 938 0000 40AE     	 mov.aa %a14,%SP
 939              	.LCFI9:
 481:../Libraries/iLLD/TC4xx/Tricore/Hssl/Hssl/IfxHssl_Hssl.c ****     Ifx_HSCT *hsctSFR = hsct->hsct;
 940              	 .loc 1 481 5
 941              	 .loc 1 481 15 is_stmt 0
 942 0002 D442     	 ld.a %a2,[%a4]0
 943              	.LVL46:
 482:../Libraries/iLLD/TC4xx/Tricore/Hssl/Hssl/IfxHssl_Hssl.c **** 
 483:../Libraries/iLLD/TC4xx/Tricore/Hssl/Hssl/IfxHssl_Hssl.c ****     hsctSFR->IFCTRL.B.IFCVS = command; /* write the command into the register */
 944              	 .loc 1 483 5 is_stmt 1
 945              	 .loc 1 483 29 is_stmt 0
 946 0004 D9232410 	 lea %a3,[%a2]100
 947 0008 19222410 	 ld.w %d2,[%a2]100
 948              	.LVL47:
 949 000c 37420820 	 insert %d2,%d2,%d4,0,8
 950 0010 7432     	 st.w [%a3]0,%d2
 484:../Libraries/iLLD/TC4xx/Tricore/Hssl/Hssl/IfxHssl_Hssl.c ****     hsctSFR->IFCTRL.B.SIFCV = 1;       /* activate the command */
 951              	 .loc 1 484 5 is_stmt 1
 952              	 .loc 1 484 29 is_stmt 0
 953 0012 5432     	 ld.w %d2,[%a3]0
 954 0014 B7120124 	 insert %d2,%d2,1,8,1
 955 0018 7432     	 st.w [%a3]0,%d2
 485:../Libraries/iLLD/TC4xx/Tricore/Hssl/Hssl/IfxHssl_Hssl.c **** 
 486:../Libraries/iLLD/TC4xx/Tricore/Hssl/Hssl/IfxHssl_Hssl.c ****     IfxHssl_Hssl_delay(hsct);          /* wait until the change happens */
 956              	 .loc 1 486 5 is_stmt 1
 957 001a 6D000000 	 call IfxHssl_Hssl_delay
 958              	.LVL48:
 487:../Libraries/iLLD/TC4xx/Tricore/Hssl/Hssl/IfxHssl_Hssl.c **** }
 959              	 .loc 1 487 1 is_stmt 0
 960 001e 0090     	 ret 
 961              	.LFE394:
 963              	 .global IfxHssl_Hssl_sendControlCommand_end
 964              	IfxHssl_Hssl_sendControlCommand_end:
 965              	 .section .text.IfxHssl_Hssl_singleFrameRequest,"ax",@progbits
 966              	 .align 1
 967              	 .global IfxHssl_Hssl_singleFrameRequest
 969              	IfxHssl_Hssl_singleFrameRequest:
 970              	.LFB395:
 488:../Libraries/iLLD/TC4xx/Tricore/Hssl/Hssl/IfxHssl_Hssl.c **** 
 489:../Libraries/iLLD/TC4xx/Tricore/Hssl/Hssl/IfxHssl_Hssl.c **** 
 490:../Libraries/iLLD/TC4xx/Tricore/Hssl/Hssl/IfxHssl_Hssl.c **** IfxHssl_Hssl_Status IfxHssl_Hssl_singleFrameRequest(IfxHssl_Hssl_Channel *channel, IfxHssl_Hssl_Fra
 491:../Libraries/iLLD/TC4xx/Tricore/Hssl/Hssl/IfxHssl_Hssl.c **** {
 971              	 .loc 1 491 1 is_stmt 1
 972              	.LVL49:
 973 0000 40AE     	 mov.aa %a14,%SP
 974              	.LCFI10:
 975 0002 0240     	 mov %d0,%d4
 976 0004 0251     	 mov %d1,%d5
 492:../Libraries/iLLD/TC4xx/Tricore/Hssl/Hssl/IfxHssl_Hssl.c ****     Ifx_HSSL_I *hsslI = (Ifx_HSSL_I *)&channel->hssl->I[channel->channelId];
 977              	 .loc 1 492 5
 978              	 .loc 1 492 47 is_stmt 0
 979 0006 5444     	 ld.w %d4,[%a4]0
 980              	.LVL50:
 981              	 .loc 1 492 64
 982 0008 19420800 	 ld.w %d2,[%a4]8
 983              	.LVL51:
 493:../Libraries/iLLD/TC4xx/Tricore/Hssl/Hssl/IfxHssl_Hssl.c **** 
 494:../Libraries/iLLD/TC4xx/Tricore/Hssl/Hssl/IfxHssl_Hssl.c ****     if (channel->currentFrameRequest != IfxHssl_Hssl_FrameRequest_noAction)
 984              	 .loc 1 494 5 is_stmt 1
 985              	 .loc 1 494 16 is_stmt 0
 986 000c 19430C00 	 ld.w %d3,[%a4]12
 987              	 .loc 1 494 8
 988 0010 DF530080 	 jne %d3,5,.L45
 495:../Libraries/iLLD/TC4xx/Tricore/Hssl/Hssl/IfxHssl_Hssl.c ****     {
 496:../Libraries/iLLD/TC4xx/Tricore/Hssl/Hssl/IfxHssl_Hssl.c ****         return IfxHssl_Hssl_Status_busy;
 497:../Libraries/iLLD/TC4xx/Tricore/Hssl/Hssl/IfxHssl_Hssl.c ****     }
 498:../Libraries/iLLD/TC4xx/Tricore/Hssl/Hssl/IfxHssl_Hssl.c **** 
 499:../Libraries/iLLD/TC4xx/Tricore/Hssl/Hssl/IfxHssl_Hssl.c ****     hsslI->ICON.B.DATLEN = dataLength;               /* 0x2 -> word size */
 989              	 .loc 1 499 5 is_stmt 1
 990              	 .loc 1 499 26 is_stmt 0
 991 0014 8F420030 	 sh %d3,%d2,4
 992 0018 6042     	 mov.a %a2,%d4
 993 001a 01230026 	 addsc.a %a2,%a2,%d3,0
 994 001e D9230420 	 lea %a3,[%a2]132
 995 0022 19230420 	 ld.w %d3,[%a2]132
 996 0026 37730238 	 insert %d3,%d3,%d7,16,2
 997 002a 7433     	 st.w [%a3]0,%d3
 500:../Libraries/iLLD/TC4xx/Tricore/Hssl/Hssl/IfxHssl_Hssl.c ****     hsslI->ICON.B.TOREL  = 0xff;                     /* max reload value */
 998              	 .loc 1 500 5 is_stmt 1
 999              	 .loc 1 500 26 is_stmt 0
 1000 002c 5433     	 ld.w %d3,[%a3]0
 1001 002e 3BF00F50 	 mov %d5,255
 1002              	.LVL52:
 1003 0032 3753083C 	 insert %d3,%d3,%d5,24,8
 1004 0036 7433     	 st.w [%a3]0,%d3
 501:../Libraries/iLLD/TC4xx/Tricore/Hssl/Hssl/IfxHssl_Hssl.c **** 
 502:../Libraries/iLLD/TC4xx/Tricore/Hssl/Hssl/IfxHssl_Hssl.c ****     switch (frameRequest)
 1005              	 .loc 1 502 5 is_stmt 1
 1006 0038 1BF0FF3F 	 addi %d3,%d0,-1
 1007 003c FF430080 	 jge.u %d3,4,.L46
 1008 0040 91000020 	 movh.a %a2,hi:.L40
 1009 0044 D9220000 	 lea %a2,[%a2]lo:.L40
 1010 0048 01230226 	 addsc.a %a2,%a2,%d3,2
 1011 004c DC02     	 ji %a2
 1012 004e 0000     	 .align 2
 1013              	 .align 2
 1014              	.L40:
 1015              	 .code32
 1016 0050 1D000000 	 j .L43
 1017              	 .code32
 1018 0054 1D000000 	 j .L42
 1019              	 .code32
 1020 0058 1D000000 	 j .L41
 1021              	 .code32
 1022 005c 1D000000 	 j .L39
 1023              	.L43:
 503:../Libraries/iLLD/TC4xx/Tricore/Hssl/Hssl/IfxHssl_Hssl.c ****     {
 504:../Libraries/iLLD/TC4xx/Tricore/Hssl/Hssl/IfxHssl_Hssl.c ****     case IfxHssl_Hssl_FrameRequest_readFrame:
 505:../Libraries/iLLD/TC4xx/Tricore/Hssl/Hssl/IfxHssl_Hssl.c ****         hsslI->ICON.B.RWT = IfxHssl_Command_readFrame;
 1024              	 .loc 1 505 9
 1025              	 .loc 1 505 27 is_stmt 0
 1026 0060 0642     	 sh %d2,4
 1027              	.LVL53:
 1028 0062 6042     	 mov.a %a2,%d4
 1029 0064 01220026 	 addsc.a %a2,%a2,%d2,0
 1030 0068 D9230420 	 lea %a3,[%a2]132
 1031 006c 19220420 	 ld.w %d2,[%a2]132
 1032 0070 B7120229 	 insert %d2,%d2,1,18,2
 1033 0074 7432     	 st.w [%a3]0,%d2
 506:../Libraries/iLLD/TC4xx/Tricore/Hssl/Hssl/IfxHssl_Hssl.c ****         hsslI->IRWA.U     = address;
 1034              	 .loc 1 506 9 is_stmt 1
 1035              	 .loc 1 506 27 is_stmt 0
 1036 0076 59210820 	 st.w [%a2]136,%d1
 507:../Libraries/iLLD/TC4xx/Tricore/Hssl/Hssl/IfxHssl_Hssl.c ****         break;
 1037              	 .loc 1 507 9 is_stmt 1
 1038              	.L44:
 508:../Libraries/iLLD/TC4xx/Tricore/Hssl/Hssl/IfxHssl_Hssl.c ****     case IfxHssl_Hssl_FrameRequest_writeFrame:
 509:../Libraries/iLLD/TC4xx/Tricore/Hssl/Hssl/IfxHssl_Hssl.c ****         hsslI->ICON.B.RWT = IfxHssl_Command_writeFrame;
 510:../Libraries/iLLD/TC4xx/Tricore/Hssl/Hssl/IfxHssl_Hssl.c ****         hsslI->IWD.U      = data;
 511:../Libraries/iLLD/TC4xx/Tricore/Hssl/Hssl/IfxHssl_Hssl.c ****         hsslI->IRWA.U     = address;
 512:../Libraries/iLLD/TC4xx/Tricore/Hssl/Hssl/IfxHssl_Hssl.c ****         break;
 513:../Libraries/iLLD/TC4xx/Tricore/Hssl/Hssl/IfxHssl_Hssl.c ****     case IfxHssl_Hssl_FrameRequest_triggerFrame:
 514:../Libraries/iLLD/TC4xx/Tricore/Hssl/Hssl/IfxHssl_Hssl.c ****         hsslI->ICON.B.RWT = IfxHssl_Command_triggerFrame;
 515:../Libraries/iLLD/TC4xx/Tricore/Hssl/Hssl/IfxHssl_Hssl.c ****         hsslI->IWD.U      = data;    /* dummy */
 516:../Libraries/iLLD/TC4xx/Tricore/Hssl/Hssl/IfxHssl_Hssl.c ****         hsslI->IRWA.U     = address; /* dummy */
 517:../Libraries/iLLD/TC4xx/Tricore/Hssl/Hssl/IfxHssl_Hssl.c ****         break;
 518:../Libraries/iLLD/TC4xx/Tricore/Hssl/Hssl/IfxHssl_Hssl.c ****     case IfxHssl_Hssl_FrameRequest_readId:
 519:../Libraries/iLLD/TC4xx/Tricore/Hssl/Hssl/IfxHssl_Hssl.c ****         /* request an ID frame  */
 520:../Libraries/iLLD/TC4xx/Tricore/Hssl/Hssl/IfxHssl_Hssl.c ****         hsslI->ICON.B.IDQ = 1;
 521:../Libraries/iLLD/TC4xx/Tricore/Hssl/Hssl/IfxHssl_Hssl.c ****         break;
 522:../Libraries/iLLD/TC4xx/Tricore/Hssl/Hssl/IfxHssl_Hssl.c ****     default:
 523:../Libraries/iLLD/TC4xx/Tricore/Hssl/Hssl/IfxHssl_Hssl.c ****         /* invalid request */
 524:../Libraries/iLLD/TC4xx/Tricore/Hssl/Hssl/IfxHssl_Hssl.c ****         return IfxHssl_Hssl_Status_error;
 525:../Libraries/iLLD/TC4xx/Tricore/Hssl/Hssl/IfxHssl_Hssl.c ****     }
 526:../Libraries/iLLD/TC4xx/Tricore/Hssl/Hssl/IfxHssl_Hssl.c **** 
 527:../Libraries/iLLD/TC4xx/Tricore/Hssl/Hssl/IfxHssl_Hssl.c ****     channel->currentFrameRequest = frameRequest;
 1039              	 .loc 1 527 5
 1040              	 .loc 1 527 34 is_stmt 0
 1041 007a 59400C00 	 st.w [%a4]12,%d0
 528:../Libraries/iLLD/TC4xx/Tricore/Hssl/Hssl/IfxHssl_Hssl.c **** 
 529:../Libraries/iLLD/TC4xx/Tricore/Hssl/Hssl/IfxHssl_Hssl.c ****     return IfxHssl_Hssl_Status_ok;
 1042              	 .loc 1 529 5 is_stmt 1
 1043              	 .loc 1 529 12 is_stmt 0
 1044 007e 8202     	 mov %d2,0
 1045 0080 0090     	 ret 
 1046              	.LVL54:
 1047              	.L42:
 509:../Libraries/iLLD/TC4xx/Tricore/Hssl/Hssl/IfxHssl_Hssl.c ****         hsslI->IWD.U      = data;
 1048              	 .loc 1 509 9 is_stmt 1
 509:../Libraries/iLLD/TC4xx/Tricore/Hssl/Hssl/IfxHssl_Hssl.c ****         hsslI->IWD.U      = data;
 1049              	 .loc 1 509 27 is_stmt 0
 1050 0082 8F420030 	 sh %d3,%d2,4
 1051 0086 6042     	 mov.a %a2,%d4
 1052 0088 01230026 	 addsc.a %a2,%a2,%d3,0
 1053 008c D9230420 	 lea %a3,[%a2]132
 1054 0090 19230420 	 ld.w %d3,[%a2]132
 1055 0094 B7230239 	 insert %d3,%d3,2,18,2
 1056 0098 7433     	 st.w [%a3]0,%d3
 510:../Libraries/iLLD/TC4xx/Tricore/Hssl/Hssl/IfxHssl_Hssl.c ****         hsslI->IRWA.U     = address;
 1057              	 .loc 1 510 9 is_stmt 1
 510:../Libraries/iLLD/TC4xx/Tricore/Hssl/Hssl/IfxHssl_Hssl.c ****         hsslI->IRWA.U     = address;
 1058              	 .loc 1 510 27 is_stmt 0
 1059 009a 1B820020 	 addi %d2,%d2,8
 1060              	.LVL55:
 1061 009e 0642     	 sh %d2,4
 1062              	.LVL56:
 1063 00a0 6043     	 mov.a %a3,%d4
 1064 00a2 01320036 	 addsc.a %a3,%a3,%d2,0
 1065 00a6 7436     	 st.w [%a3]0,%d6
 511:../Libraries/iLLD/TC4xx/Tricore/Hssl/Hssl/IfxHssl_Hssl.c ****         break;
 1066              	 .loc 1 511 9 is_stmt 1
 511:../Libraries/iLLD/TC4xx/Tricore/Hssl/Hssl/IfxHssl_Hssl.c ****         break;
 1067              	 .loc 1 511 27 is_stmt 0
 1068 00a8 59210820 	 st.w [%a2]136,%d1
 512:../Libraries/iLLD/TC4xx/Tricore/Hssl/Hssl/IfxHssl_Hssl.c ****     case IfxHssl_Hssl_FrameRequest_triggerFrame:
 1069              	 .loc 1 512 9 is_stmt 1
 1070 00ac 1D000000 	 j .L44
 1071              	.LVL57:
 1072              	.L41:
 514:../Libraries/iLLD/TC4xx/Tricore/Hssl/Hssl/IfxHssl_Hssl.c ****         hsslI->IWD.U      = data;    /* dummy */
 1073              	 .loc 1 514 9
 514:../Libraries/iLLD/TC4xx/Tricore/Hssl/Hssl/IfxHssl_Hssl.c ****         hsslI->IWD.U      = data;    /* dummy */
 1074              	 .loc 1 514 27 is_stmt 0
 1075 00b0 8F420030 	 sh %d3,%d2,4
 1076 00b4 6042     	 mov.a %a2,%d4
 1077 00b6 01230026 	 addsc.a %a2,%a2,%d3,0
 1078 00ba D9230420 	 lea %a3,[%a2]132
 1079 00be 19230420 	 ld.w %d3,[%a2]132
 1080 00c2 B7330239 	 insert %d3,%d3,3,18,2
 1081 00c6 7433     	 st.w [%a3]0,%d3
 515:../Libraries/iLLD/TC4xx/Tricore/Hssl/Hssl/IfxHssl_Hssl.c ****         hsslI->IRWA.U     = address; /* dummy */
 1082              	 .loc 1 515 9 is_stmt 1
 515:../Libraries/iLLD/TC4xx/Tricore/Hssl/Hssl/IfxHssl_Hssl.c ****         hsslI->IRWA.U     = address; /* dummy */
 1083              	 .loc 1 515 27 is_stmt 0
 1084 00c8 1B820020 	 addi %d2,%d2,8
 1085              	.LVL58:
 1086 00cc 0642     	 sh %d2,4
 1087              	.LVL59:
 1088 00ce 6043     	 mov.a %a3,%d4
 1089 00d0 01320036 	 addsc.a %a3,%a3,%d2,0
 1090 00d4 7436     	 st.w [%a3]0,%d6
 516:../Libraries/iLLD/TC4xx/Tricore/Hssl/Hssl/IfxHssl_Hssl.c ****         break;
 1091              	 .loc 1 516 9 is_stmt 1
 516:../Libraries/iLLD/TC4xx/Tricore/Hssl/Hssl/IfxHssl_Hssl.c ****         break;
 1092              	 .loc 1 516 27 is_stmt 0
 1093 00d6 59210820 	 st.w [%a2]136,%d1
 517:../Libraries/iLLD/TC4xx/Tricore/Hssl/Hssl/IfxHssl_Hssl.c ****     case IfxHssl_Hssl_FrameRequest_readId:
 1094              	 .loc 1 517 9 is_stmt 1
 1095 00da 1D000000 	 j .L44
 1096              	.LVL60:
 1097              	.L39:
 520:../Libraries/iLLD/TC4xx/Tricore/Hssl/Hssl/IfxHssl_Hssl.c ****         break;
 1098              	 .loc 1 520 9
 520:../Libraries/iLLD/TC4xx/Tricore/Hssl/Hssl/IfxHssl_Hssl.c ****         break;
 1099              	 .loc 1 520 27 is_stmt 0
 1100 00de 0642     	 sh %d2,4
 1101              	.LVL61:
 1102 00e0 6042     	 mov.a %a2,%d4
 1103 00e2 01220026 	 addsc.a %a2,%a2,%d2,0
 1104 00e6 D9230420 	 lea %a3,[%a2]132
 1105 00ea 19220420 	 ld.w %d2,[%a2]132
 1106 00ee B7120120 	 insert %d2,%d2,1,0,1
 1107 00f2 7432     	 st.w [%a3]0,%d2
 521:../Libraries/iLLD/TC4xx/Tricore/Hssl/Hssl/IfxHssl_Hssl.c ****     default:
 1108              	 .loc 1 521 9 is_stmt 1
 1109 00f4 1D000000 	 j .L44
 1110              	.LVL62:
 1111              	.L45:
 496:../Libraries/iLLD/TC4xx/Tricore/Hssl/Hssl/IfxHssl_Hssl.c ****     }
 1112              	 .loc 1 496 16 is_stmt 0
 1113 00f8 8212     	 mov %d2,1
 1114              	.LVL63:
 1115 00fa 0090     	 ret 
 1116              	.LVL64:
 1117              	.L46:
 502:../Libraries/iLLD/TC4xx/Tricore/Hssl/Hssl/IfxHssl_Hssl.c ****     {
 1118              	 .loc 1 502 5
 1119 00fc 8222     	 mov %d2,2
 1120              	.LVL65:
 530:../Libraries/iLLD/TC4xx/Tricore/Hssl/Hssl/IfxHssl_Hssl.c **** }
 1121              	 .loc 1 530 1
 1122 00fe 0090     	 ret 
 1123              	.LFE395:
 1125              	 .global IfxHssl_Hssl_singleFrameRequest_end
 1126              	IfxHssl_Hssl_singleFrameRequest_end:
 1127              	 .section .text.IfxHssl_Hssl_read,"ax",@progbits
 1128              	 .align 1
 1129              	 .global IfxHssl_Hssl_read
 1131              	IfxHssl_Hssl_read:
 1132              	.LFB393:
 473:../Libraries/iLLD/TC4xx/Tricore/Hssl/Hssl/IfxHssl_Hssl.c ****     uint32 data = 0;                                                                               
 1133              	 .loc 1 473 1 is_stmt 1
 1134              	.LVL66:
 1135 0000 40AE     	 mov.aa %a14,%SP
 1136              	.LCFI11:
 474:../Libraries/iLLD/TC4xx/Tricore/Hssl/Hssl/IfxHssl_Hssl.c ****     return IfxHssl_Hssl_singleFrameRequest(channel, IfxHssl_Hssl_FrameRequest_readFrame, address, d
 1137              	 .loc 1 474 5
 1138              	.LVL67:
 475:../Libraries/iLLD/TC4xx/Tricore/Hssl/Hssl/IfxHssl_Hssl.c **** }
 1139              	 .loc 1 475 5
 475:../Libraries/iLLD/TC4xx/Tricore/Hssl/Hssl/IfxHssl_Hssl.c **** }
 1140              	 .loc 1 475 12 is_stmt 0
 1141 0002 0257     	 mov %d7,%d5
 1142 0004 8206     	 mov %d6,0
 1143 0006 0245     	 mov %d5,%d4
 1144              	.LVL68:
 1145 0008 8214     	 mov %d4,1
 1146              	.LVL69:
 1147 000a 6D000000 	 call IfxHssl_Hssl_singleFrameRequest
 1148              	.LVL70:
 476:../Libraries/iLLD/TC4xx/Tricore/Hssl/Hssl/IfxHssl_Hssl.c **** 
 1149              	 .loc 1 476 1
 1150 000e 0090     	 ret 
 1151              	.LFE393:
 1153              	 .global IfxHssl_Hssl_read_end
 1154              	IfxHssl_Hssl_read_end:
 1155              	 .section .text.IfxHssl_Hssl_waitAcknowledge,"ax",@progbits
 1156              	 .align 1
 1157              	 .global IfxHssl_Hssl_waitAcknowledge
 1159              	IfxHssl_Hssl_waitAcknowledge:
 1160              	.LFB396:
 531:../Libraries/iLLD/TC4xx/Tricore/Hssl/Hssl/IfxHssl_Hssl.c **** 
 532:../Libraries/iLLD/TC4xx/Tricore/Hssl/Hssl/IfxHssl_Hssl.c **** 
 533:../Libraries/iLLD/TC4xx/Tricore/Hssl/Hssl/IfxHssl_Hssl.c **** IfxHssl_Hssl_Status IfxHssl_Hssl_waitAcknowledge(IfxHssl_Hssl_Channel *channel)
 534:../Libraries/iLLD/TC4xx/Tricore/Hssl/Hssl/IfxHssl_Hssl.c **** {
 1161              	 .loc 1 534 1 is_stmt 1
 1162              	.LVL71:
 1163 0000 40AE     	 mov.aa %a14,%SP
 1164              	.LCFI12:
 535:../Libraries/iLLD/TC4xx/Tricore/Hssl/Hssl/IfxHssl_Hssl.c ****     uint32            requestType = channel->currentFrameRequest;
 1165              	 .loc 1 535 5
 1166              	 .loc 1 535 23 is_stmt 0
 1167 0002 19430C00 	 ld.w %d3,[%a4]12
 1168              	.LVL72:
 536:../Libraries/iLLD/TC4xx/Tricore/Hssl/Hssl/IfxHssl_Hssl.c ****     IfxHssl_ChannelId channelId   = channel->channelId;
 1169              	 .loc 1 536 5 is_stmt 1
 1170              	 .loc 1 536 23 is_stmt 0
 1171 0006 19440800 	 ld.w %d4,[%a4]8
 1172              	.LVL73:
 537:../Libraries/iLLD/TC4xx/Tricore/Hssl/Hssl/IfxHssl_Hssl.c **** 
 538:../Libraries/iLLD/TC4xx/Tricore/Hssl/Hssl/IfxHssl_Hssl.c ****     if ((channelId == IfxHssl_ChannelId_2) && (channel->hssl->CFG.B.SCM == 1))
 1173              	 .loc 1 538 5 is_stmt 1
 1174              	 .loc 1 538 8 is_stmt 0
 1175 000a DF240000 	 jeq %d4,2,.L60
 1176              	.L49:
 1177              	.LBB65:
 539:../Libraries/iLLD/TC4xx/Tricore/Hssl/Hssl/IfxHssl_Hssl.c ****     {
 540:../Libraries/iLLD/TC4xx/Tricore/Hssl/Hssl/IfxHssl_Hssl.c ****         while (channel->hssl->MFLAGS.B.ISB)
 541:../Libraries/iLLD/TC4xx/Tricore/Hssl/Hssl/IfxHssl_Hssl.c ****         {
 542:../Libraries/iLLD/TC4xx/Tricore/Hssl/Hssl/IfxHssl_Hssl.c ****             /* transfer in progress */
 543:../Libraries/iLLD/TC4xx/Tricore/Hssl/Hssl/IfxHssl_Hssl.c ****         }
 544:../Libraries/iLLD/TC4xx/Tricore/Hssl/Hssl/IfxHssl_Hssl.c ****     }
 545:../Libraries/iLLD/TC4xx/Tricore/Hssl/Hssl/IfxHssl_Hssl.c ****     else
 546:../Libraries/iLLD/TC4xx/Tricore/Hssl/Hssl/IfxHssl_Hssl.c ****     {
 547:../Libraries/iLLD/TC4xx/Tricore/Hssl/Hssl/IfxHssl_Hssl.c ****         if (channel->currentFrameRequest == IfxHssl_Hssl_FrameRequest_writeFrame)
 1178              	 .loc 1 547 9 is_stmt 1
 1179              	 .loc 1 547 12 is_stmt 0
 1180 000e DF230000 	 jeq %d3,2,.L56
 1181              	.LBE65:
 535:../Libraries/iLLD/TC4xx/Tricore/Hssl/Hssl/IfxHssl_Hssl.c ****     IfxHssl_ChannelId channelId   = channel->channelId;
 1182              	 .loc 1 535 23
 1183 0012 0235     	 mov %d5,%d3
 1184              	.L52:
 1185              	.LVL74:
 1186              	.LBB66:
 548:../Libraries/iLLD/TC4xx/Tricore/Hssl/Hssl/IfxHssl_Hssl.c ****         {
 549:../Libraries/iLLD/TC4xx/Tricore/Hssl/Hssl/IfxHssl_Hssl.c ****             requestType = 1;
 550:../Libraries/iLLD/TC4xx/Tricore/Hssl/Hssl/IfxHssl_Hssl.c ****         }
 551:../Libraries/iLLD/TC4xx/Tricore/Hssl/Hssl/IfxHssl_Hssl.c **** 
 552:../Libraries/iLLD/TC4xx/Tricore/Hssl/Hssl/IfxHssl_Hssl.c ****         /* expect a read frame when requestType == IfxHssl_Hssl_FrameRequest_readId */
 553:../Libraries/iLLD/TC4xx/Tricore/Hssl/Hssl/IfxHssl_Hssl.c ****         if ((channel->currentFrameRequest == IfxHssl_Hssl_FrameRequest_readFrame) || (channel->curr
 1187              	 .loc 1 553 9 is_stmt 1
 1188              	 .loc 1 553 83 is_stmt 0
 1189 0014 8B130022 	 eq %d2,%d3,1
 1190 0018 8B43E024 	 or.eq %d2,%d3,4
 1191              	 .loc 1 553 12
 1192 001c DF020000 	 jz %d2,.L53
 554:../Libraries/iLLD/TC4xx/Tricore/Hssl/Hssl/IfxHssl_Hssl.c ****         {
 555:../Libraries/iLLD/TC4xx/Tricore/Hssl/Hssl/IfxHssl_Hssl.c ****             requestType = 2;
 1193              	 .loc 1 555 25
 1194 0020 8225     	 mov %d5,2
 1195              	.LVL75:
 1196              	.L53:
 556:../Libraries/iLLD/TC4xx/Tricore/Hssl/Hssl/IfxHssl_Hssl.c ****         }
 557:../Libraries/iLLD/TC4xx/Tricore/Hssl/Hssl/IfxHssl_Hssl.c **** 
 558:../Libraries/iLLD/TC4xx/Tricore/Hssl/Hssl/IfxHssl_Hssl.c ****         if (channel->currentFrameRequest == IfxHssl_Hssl_FrameRequest_triggerFrame)
 1197              	 .loc 1 558 9 is_stmt 1
 1198              	 .loc 1 558 12 is_stmt 0
 1199 0022 DF330000 	 jeq %d3,3,.L54
 1200 0026 0253     	 mov %d3,%d5
 1201              	.L54:
 1202              	.LVL76:
 559:../Libraries/iLLD/TC4xx/Tricore/Hssl/Hssl/IfxHssl_Hssl.c ****         {
 560:../Libraries/iLLD/TC4xx/Tricore/Hssl/Hssl/IfxHssl_Hssl.c ****             requestType = 3;
 561:../Libraries/iLLD/TC4xx/Tricore/Hssl/Hssl/IfxHssl_Hssl.c ****         }
 562:../Libraries/iLLD/TC4xx/Tricore/Hssl/Hssl/IfxHssl_Hssl.c **** 
 563:../Libraries/iLLD/TC4xx/Tricore/Hssl/Hssl/IfxHssl_Hssl.c ****         uint32 qFlags               = channel->hssl->QFLAGS.U;
 1203              	 .loc 1 563 9 is_stmt 1
 1204              	 .loc 1 563 46 is_stmt 0
 1205 0028 D442     	 ld.a %a2,[%a4]0
 1206              	 .loc 1 563 16
 1207 002a 19262810 	 ld.w %d6,[%a2]104
 1208              	.LVL77:
 564:../Libraries/iLLD/TC4xx/Tricore/Hssl/Hssl/IfxHssl_Hssl.c ****         uint32 mFlags               = channel->hssl->MFLAGS.U;
 1209              	 .loc 1 564 9 is_stmt 1
 1210              	 .loc 1 564 16 is_stmt 0
 1211 002e 19272C10 	 ld.w %d7,[%a2]108
 1212              	.LVL78:
 565:../Libraries/iLLD/TC4xx/Tricore/Hssl/Hssl/IfxHssl_Hssl.c ****         uint32 acknwoledgeFlagsMask = ((requestType << (16 + (channel->channelId * 2))) | (1 << cha
 1213              	 .loc 1 565 9 is_stmt 1
 1214              	 .loc 1 565 60 is_stmt 0
 1215 0032 1B840020 	 addi %d2,%d4,8
 1216 0036 0612     	 sh %d2,1
 1217              	 .loc 1 565 53
 1218 0038 0F230030 	 sh %d3,%d3,%d2
 1219              	.LVL79:
 1220              	 .loc 1 565 16
 1221 003c D7130134 	 insert %d3,%d3,1,%d4,1
 1222              	.LVL80:
 566:../Libraries/iLLD/TC4xx/Tricore/Hssl/Hssl/IfxHssl_Hssl.c ****         uint32 errorFlagsMask       = ((0x03E00000) | (4369 << channel->channelId)); /* all the pos
 1223              	 .loc 1 566 9 is_stmt 1
 1224              	 .loc 1 566 61 is_stmt 0
 1225 0040 3B101121 	 mov %d2,4369
 1226 0044 0F420020 	 sh %d2,%d2,%d4
 1227              	 .loc 1 566 53
 1228 0048 7B003E50 	 movh %d5,992
 1229 004c A625     	 or %d5,%d2
 1230              	.LVL81:
 567:../Libraries/iLLD/TC4xx/Tricore/Hssl/Hssl/IfxHssl_Hssl.c **** 
 568:../Libraries/iLLD/TC4xx/Tricore/Hssl/Hssl/IfxHssl_Hssl.c ****         if (channel->hssl->I[channelId].ICON.B.BSY == 1)
 1231              	 .loc 1 568 9 is_stmt 1
 1232              	 .loc 1 568 47 is_stmt 0
 1233 004e 0644     	 sh %d4,4
 1234              	.LVL82:
 1235 0050 01240026 	 addsc.a %a2,%a2,%d4,0
 1236 0054 19220420 	 ld.w %d2,[%a2]132
 1237              	 .loc 1 568 12
 1238 0058 EF420080 	 jnz.t %d2,20,.L58
 569:../Libraries/iLLD/TC4xx/Tricore/Hssl/Hssl/IfxHssl_Hssl.c ****         {
 570:../Libraries/iLLD/TC4xx/Tricore/Hssl/Hssl/IfxHssl_Hssl.c ****             return IfxHssl_Hssl_Status_busy;
 571:../Libraries/iLLD/TC4xx/Tricore/Hssl/Hssl/IfxHssl_Hssl.c ****         }
 572:../Libraries/iLLD/TC4xx/Tricore/Hssl/Hssl/IfxHssl_Hssl.c **** 
 573:../Libraries/iLLD/TC4xx/Tricore/Hssl/Hssl/IfxHssl_Hssl.c ****         if (qFlags & acknwoledgeFlagsMask)     /* transfer in progress? */
 1239              	 .loc 1 573 9 is_stmt 1
 1240              	 .loc 1 573 20 is_stmt 0
 1241 005c 2663     	 and %d3,%d6
 1242              	.LVL83:
 1243              	 .loc 1 573 12
 1244 005e DF030080 	 jnz %d3,.L59
 574:../Libraries/iLLD/TC4xx/Tricore/Hssl/Hssl/IfxHssl_Hssl.c ****         {
 575:../Libraries/iLLD/TC4xx/Tricore/Hssl/Hssl/IfxHssl_Hssl.c ****             return IfxHssl_Hssl_Status_busy;   /* return busy status in case of no error */
 576:../Libraries/iLLD/TC4xx/Tricore/Hssl/Hssl/IfxHssl_Hssl.c ****         }
 577:../Libraries/iLLD/TC4xx/Tricore/Hssl/Hssl/IfxHssl_Hssl.c **** 
 578:../Libraries/iLLD/TC4xx/Tricore/Hssl/Hssl/IfxHssl_Hssl.c ****         if (mFlags & errorFlagsMask)           /* check for errors */
 1245              	 .loc 1 578 9 is_stmt 1
 1246              	 .loc 1 578 20 is_stmt 0
 1247 0062 0F578020 	 and %d2,%d7,%d5
 1248              	 .loc 1 578 12
 1249 0066 DF020080 	 jnz %d2,.L61
 579:../Libraries/iLLD/TC4xx/Tricore/Hssl/Hssl/IfxHssl_Hssl.c ****         {
 580:../Libraries/iLLD/TC4xx/Tricore/Hssl/Hssl/IfxHssl_Hssl.c ****             channel->currentFrameRequest = IfxHssl_Hssl_FrameRequest_noAction;
 581:../Libraries/iLLD/TC4xx/Tricore/Hssl/Hssl/IfxHssl_Hssl.c ****             return IfxHssl_Hssl_Status_error;  /* return error status in case of an error */
 582:../Libraries/iLLD/TC4xx/Tricore/Hssl/Hssl/IfxHssl_Hssl.c ****         }
 583:../Libraries/iLLD/TC4xx/Tricore/Hssl/Hssl/IfxHssl_Hssl.c **** 
 584:../Libraries/iLLD/TC4xx/Tricore/Hssl/Hssl/IfxHssl_Hssl.c ****         /* transfer is finished */
 585:../Libraries/iLLD/TC4xx/Tricore/Hssl/Hssl/IfxHssl_Hssl.c ****         channel->currentFrameRequest = IfxHssl_Hssl_FrameRequest_noAction;
 1250              	 .loc 1 585 9 is_stmt 1
 1251              	 .loc 1 585 38 is_stmt 0
 1252 006a 8253     	 mov %d3,5
 1253 006c 59430C00 	 st.w [%a4]12,%d3
 1254 0070 0090     	 ret 
 1255              	.LVL84:
 1256              	.L60:
 1257              	.LBE66:
 538:../Libraries/iLLD/TC4xx/Tricore/Hssl/Hssl/IfxHssl_Hssl.c ****     {
 1258              	 .loc 1 538 55 discriminator 1
 1259 0072 D442     	 ld.a %a2,[%a4]0
 538:../Libraries/iLLD/TC4xx/Tricore/Hssl/Hssl/IfxHssl_Hssl.c ****     {
 1260              	 .loc 1 538 68 discriminator 1
 1261 0074 19222410 	 ld.w %d2,[%a2]100
 538:../Libraries/iLLD/TC4xx/Tricore/Hssl/Hssl/IfxHssl_Hssl.c ****     {
 1262              	 .loc 1 538 44 discriminator 1
 1263 0078 EF220000 	 jz.t %d2,18,.L49
 1264              	.L50:
 543:../Libraries/iLLD/TC4xx/Tricore/Hssl/Hssl/IfxHssl_Hssl.c ****     }
 1265              	 .loc 1 543 9 is_stmt 1 discriminator 1
 540:../Libraries/iLLD/TC4xx/Tricore/Hssl/Hssl/IfxHssl_Hssl.c ****         {
 1266              	 .loc 1 540 16 discriminator 1
 540:../Libraries/iLLD/TC4xx/Tricore/Hssl/Hssl/IfxHssl_Hssl.c ****         {
 1267              	 .loc 1 540 39 is_stmt 0 discriminator 1
 1268 007c 19222C10 	 ld.w %d2,[%a2]108
 540:../Libraries/iLLD/TC4xx/Tricore/Hssl/Hssl/IfxHssl_Hssl.c ****         {
 1269              	 .loc 1 540 16 discriminator 1
 1270 0080 EF420080 	 jnz.t %d2,20,.L50
 586:../Libraries/iLLD/TC4xx/Tricore/Hssl/Hssl/IfxHssl_Hssl.c ****     }
 587:../Libraries/iLLD/TC4xx/Tricore/Hssl/Hssl/IfxHssl_Hssl.c **** 
 588:../Libraries/iLLD/TC4xx/Tricore/Hssl/Hssl/IfxHssl_Hssl.c ****     return IfxHssl_Hssl_Status_ok;
 1271              	 .loc 1 588 12
 1272 0084 8202     	 mov %d2,0
 1273 0086 0090     	 ret 
 1274              	.L56:
 1275              	.LBB67:
 549:../Libraries/iLLD/TC4xx/Tricore/Hssl/Hssl/IfxHssl_Hssl.c ****         }
 1276              	 .loc 1 549 25
 1277 0088 8215     	 mov %d5,1
 1278 008a 1D000000 	 j .L52
 1279              	.LVL85:
 1280              	.L61:
 580:../Libraries/iLLD/TC4xx/Tricore/Hssl/Hssl/IfxHssl_Hssl.c ****             return IfxHssl_Hssl_Status_error;  /* return error status in case of an error */
 1281              	 .loc 1 580 13 is_stmt 1
 580:../Libraries/iLLD/TC4xx/Tricore/Hssl/Hssl/IfxHssl_Hssl.c ****             return IfxHssl_Hssl_Status_error;  /* return error status in case of an error */
 1282              	 .loc 1 580 42 is_stmt 0
 1283 008e 8252     	 mov %d2,5
 1284 0090 59420C00 	 st.w [%a4]12,%d2
 581:../Libraries/iLLD/TC4xx/Tricore/Hssl/Hssl/IfxHssl_Hssl.c ****         }
 1285              	 .loc 1 581 13 is_stmt 1
 581:../Libraries/iLLD/TC4xx/Tricore/Hssl/Hssl/IfxHssl_Hssl.c ****         }
 1286              	 .loc 1 581 20 is_stmt 0
 1287 0094 8222     	 mov %d2,2
 1288 0096 0090     	 ret 
 1289              	.LVL86:
 1290              	.L58:
 570:../Libraries/iLLD/TC4xx/Tricore/Hssl/Hssl/IfxHssl_Hssl.c ****         }
 1291              	 .loc 1 570 20
 1292 0098 8212     	 mov %d2,1
 1293 009a 0090     	 ret 
 1294              	.LVL87:
 1295              	.L59:
 575:../Libraries/iLLD/TC4xx/Tricore/Hssl/Hssl/IfxHssl_Hssl.c ****         }
 1296              	 .loc 1 575 20
 1297 009c 8212     	 mov %d2,1
 1298              	.LBE67:
 589:../Libraries/iLLD/TC4xx/Tricore/Hssl/Hssl/IfxHssl_Hssl.c **** }
 1299              	 .loc 1 589 1
 1300 009e 0090     	 ret 
 1301              	.LFE396:
 1303              	 .global IfxHssl_Hssl_waitAcknowledge_end
 1304              	IfxHssl_Hssl_waitAcknowledge_end:
 1305              	 .section .text.IfxHssl_Hssl_prepareStream,"ax",@progbits
 1306              	 .align 1
 1307              	 .global IfxHssl_Hssl_prepareStream
 1309              	IfxHssl_Hssl_prepareStream:
 1310              	.LFB392:
 358:../Libraries/iLLD/TC4xx/Tricore/Hssl/Hssl/IfxHssl_Hssl.c ****     IfxHssl_ChannelId channelId = channel->channelId;
 1311              	 .loc 1 358 1 is_stmt 1
 1312              	.LVL88:
 1313 0000 40AE     	 mov.aa %a14,%SP
 1314              	.LCFI13:
 1315 0002 404C     	 mov.aa %a12,%a4
 1316 0004 0246     	 mov %d6,%d4
 1317 0006 37055090 	 extr %d9,%d5,0,16
 359:../Libraries/iLLD/TC4xx/Tricore/Hssl/Hssl/IfxHssl_Hssl.c ****     Ifx_HSSL_TS_FC    tsfcReg;
 1318              	 .loc 1 359 5
 359:../Libraries/iLLD/TC4xx/Tricore/Hssl/Hssl/IfxHssl_Hssl.c ****     Ifx_HSSL_TS_FC    tsfcReg;
 1319              	 .loc 1 359 23 is_stmt 0
 1320 000a 19480800 	 ld.w %d8,[%a4]8
 1321              	.LVL89:
 360:../Libraries/iLLD/TC4xx/Tricore/Hssl/Hssl/IfxHssl_Hssl.c **** 
 1322              	 .loc 1 360 5 is_stmt 1
 362:../Libraries/iLLD/TC4xx/Tricore/Hssl/Hssl/IfxHssl_Hssl.c ****     {
 1323              	 .loc 1 362 5
 362:../Libraries/iLLD/TC4xx/Tricore/Hssl/Hssl/IfxHssl_Hssl.c ****     {
 1324              	 .loc 1 362 8 is_stmt 0
 1325 000e DF280000 	 jeq %d8,2,.L62
 368:../Libraries/iLLD/TC4xx/Tricore/Hssl/Hssl/IfxHssl_Hssl.c **** 
 1326              	 .loc 1 368 5 is_stmt 1
 1327 0012 8227     	 mov %d7,2
 1328 0014 5442     	 ld.w %d2,[%a4]0
 1329 0016 1B021050 	 addi %d5,%d2,256
 1330              	.LVL90:
 1331 001a 0274     	 mov %d4,%d7
 1332              	.LVL91:
 1333 001c 6D000000 	 call IfxHssl_Hssl_singleFrameRequest
 1334              	.LVL92:
 370:../Libraries/iLLD/TC4xx/Tricore/Hssl/Hssl/IfxHssl_Hssl.c ****     {
 1335              	 .loc 1 370 5
 1336              	.L64:
 370:../Libraries/iLLD/TC4xx/Tricore/Hssl/Hssl/IfxHssl_Hssl.c ****     {
 1337              	 .loc 1 370 50
 370:../Libraries/iLLD/TC4xx/Tricore/Hssl/Hssl/IfxHssl_Hssl.c ****     {
 1338              	 .loc 1 370 12 is_stmt 0
 1339 0020 40C4     	 mov.aa %a4,%a12
 1340 0022 6D000000 	 call IfxHssl_Hssl_waitAcknowledge
 1341              	.LVL93:
 370:../Libraries/iLLD/TC4xx/Tricore/Hssl/Hssl/IfxHssl_Hssl.c ****     {
 1342              	 .loc 1 370 50
 1343 0026 DF020000 	 jz %d2,.L85
 372:../Libraries/iLLD/TC4xx/Tricore/Hssl/Hssl/IfxHssl_Hssl.c ****         {
 1344              	 .loc 1 372 9 is_stmt 1
 372:../Libraries/iLLD/TC4xx/Tricore/Hssl/Hssl/IfxHssl_Hssl.c ****         {
 1345              	 .loc 1 372 13 is_stmt 0
 1346 002a 40C4     	 mov.aa %a4,%a12
 1347 002c 6D000000 	 call IfxHssl_Hssl_waitAcknowledge
 1348              	.LVL94:
 1349 0030 0228     	 mov %d8,%d2
 372:../Libraries/iLLD/TC4xx/Tricore/Hssl/Hssl/IfxHssl_Hssl.c ****         {
 1350              	 .loc 1 372 12
 1351 0032 DF220080 	 jne %d2,2,.L64
 1352              	.L62:
 469:../Libraries/iLLD/TC4xx/Tricore/Hssl/Hssl/IfxHssl_Hssl.c **** 
 1353              	 .loc 1 469 1
 1354 0036 0282     	 mov %d2,%d8
 1355 0038 0090     	 ret 
 1356              	.L85:
 380:../Libraries/iLLD/TC4xx/Tricore/Hssl/Hssl/IfxHssl_Hssl.c **** 
 1357              	 .loc 1 380 5 is_stmt 1
 1358 003a 8225     	 mov %d5,2
 1359 003c 54C2     	 ld.w %d2,[%a12]0
 1360 003e 1BC21040 	 addi %d4,%d2,268
 1361 0042 40C4     	 mov.aa %a4,%a12
 1362 0044 6D000000 	 call IfxHssl_Hssl_read
 1363              	.LVL95:
 382:../Libraries/iLLD/TC4xx/Tricore/Hssl/Hssl/IfxHssl_Hssl.c ****     {
 1364              	 .loc 1 382 5
 1365              	.L66:
 382:../Libraries/iLLD/TC4xx/Tricore/Hssl/Hssl/IfxHssl_Hssl.c ****     {
 1366              	 .loc 1 382 50
 382:../Libraries/iLLD/TC4xx/Tricore/Hssl/Hssl/IfxHssl_Hssl.c ****     {
 1367              	 .loc 1 382 12 is_stmt 0
 1368 0048 40C4     	 mov.aa %a4,%a12
 1369 004a 6D000000 	 call IfxHssl_Hssl_waitAcknowledge
 1370              	.LVL96:
 382:../Libraries/iLLD/TC4xx/Tricore/Hssl/Hssl/IfxHssl_Hssl.c ****     {
 1371              	 .loc 1 382 50
 1372 004e DF020000 	 jz %d2,.L86
 384:../Libraries/iLLD/TC4xx/Tricore/Hssl/Hssl/IfxHssl_Hssl.c ****         {
 1373              	 .loc 1 384 9 is_stmt 1
 384:../Libraries/iLLD/TC4xx/Tricore/Hssl/Hssl/IfxHssl_Hssl.c ****         {
 1374              	 .loc 1 384 13 is_stmt 0
 1375 0052 40C4     	 mov.aa %a4,%a12
 1376 0054 6D000000 	 call IfxHssl_Hssl_waitAcknowledge
 1377              	.LVL97:
 1378 0058 0228     	 mov %d8,%d2
 384:../Libraries/iLLD/TC4xx/Tricore/Hssl/Hssl/IfxHssl_Hssl.c ****         {
 1379              	 .loc 1 384 12
 1380 005a DF220080 	 jne %d2,2,.L66
 1381 005e 1D000000 	 j .L62
 1382              	.L86:
 390:../Libraries/iLLD/TC4xx/Tricore/Hssl/Hssl/IfxHssl_Hssl.c ****     tsfcReg.B.RELCOUNT = tsfcReg.B.CURCOUNT;
 1383              	 .loc 1 390 5 is_stmt 1
 1384              	.LVL98:
 1385              	.LBB68:
 1386              	.LBB69:
 1387              	 .file 4 "../Libraries/iLLD/TC4xx/Tricore/Hssl/Hssl/IfxHssl_Hssl.h"
   1:../Libraries/iLLD/TC4xx/Tricore/Hssl/Hssl/IfxHssl_Hssl.h **** /**
   2:../Libraries/iLLD/TC4xx/Tricore/Hssl/Hssl/IfxHssl_Hssl.h ****  * \file IfxHssl_Hssl.h
   3:../Libraries/iLLD/TC4xx/Tricore/Hssl/Hssl/IfxHssl_Hssl.h ****  * \brief HSSL HSSL details
   4:../Libraries/iLLD/TC4xx/Tricore/Hssl/Hssl/IfxHssl_Hssl.h ****  * \ingroup IfxLld_Hssl
   5:../Libraries/iLLD/TC4xx/Tricore/Hssl/Hssl/IfxHssl_Hssl.h ****  *
   6:../Libraries/iLLD/TC4xx/Tricore/Hssl/Hssl/IfxHssl_Hssl.h ****  * \version iLLD-TC4-v2.7.0
   7:../Libraries/iLLD/TC4xx/Tricore/Hssl/Hssl/IfxHssl_Hssl.h ****  * \copyright Copyright (c) 2026 Infineon Technologies AG. All rights reserved.
   8:../Libraries/iLLD/TC4xx/Tricore/Hssl/Hssl/IfxHssl_Hssl.h ****  *
   9:../Libraries/iLLD/TC4xx/Tricore/Hssl/Hssl/IfxHssl_Hssl.h ****  *
  10:../Libraries/iLLD/TC4xx/Tricore/Hssl/Hssl/IfxHssl_Hssl.h ****  *
  11:../Libraries/iLLD/TC4xx/Tricore/Hssl/Hssl/IfxHssl_Hssl.h ****  *                                 IMPORTANT NOTICE
  12:../Libraries/iLLD/TC4xx/Tricore/Hssl/Hssl/IfxHssl_Hssl.h ****  *
  13:../Libraries/iLLD/TC4xx/Tricore/Hssl/Hssl/IfxHssl_Hssl.h ****  * Infineon Technologies AG (Infineon) licenses this file to you under the
  14:../Libraries/iLLD/TC4xx/Tricore/Hssl/Hssl/IfxHssl_Hssl.h ****  * Infineon Automotive SW Lab License v2025-01 (IFASLL). You may not use
  15:../Libraries/iLLD/TC4xx/Tricore/Hssl/Hssl/IfxHssl_Hssl.h ****  * this file except in compliance with IFASLL.
  16:../Libraries/iLLD/TC4xx/Tricore/Hssl/Hssl/IfxHssl_Hssl.h ****  *
  17:../Libraries/iLLD/TC4xx/Tricore/Hssl/Hssl/IfxHssl_Hssl.h ****  * The full license text is contained in IFASLL202501.pdf delivered with this SW.
  18:../Libraries/iLLD/TC4xx/Tricore/Hssl/Hssl/IfxHssl_Hssl.h ****  * Unless required by applicable law or agreed to in writing, software distributed
  19:../Libraries/iLLD/TC4xx/Tricore/Hssl/Hssl/IfxHssl_Hssl.h ****  * under this license is distributed "AS IS" without any warranty or liability of any
  20:../Libraries/iLLD/TC4xx/Tricore/Hssl/Hssl/IfxHssl_Hssl.h ****  * kind and Infineon hereby expressly disclaims any warranties or representations,
  21:../Libraries/iLLD/TC4xx/Tricore/Hssl/Hssl/IfxHssl_Hssl.h ****  * whether express, implied, statutory or otherwise, including but not limited to
  22:../Libraries/iLLD/TC4xx/Tricore/Hssl/Hssl/IfxHssl_Hssl.h ****  * warranties of workmanship, merchantability, fitness for a particular purpose,
  23:../Libraries/iLLD/TC4xx/Tricore/Hssl/Hssl/IfxHssl_Hssl.h ****  * defects in the licensed items, or non-infringement of third parties'
  24:../Libraries/iLLD/TC4xx/Tricore/Hssl/Hssl/IfxHssl_Hssl.h ****  * intellectual property rights. See the full license text for the specific
  25:../Libraries/iLLD/TC4xx/Tricore/Hssl/Hssl/IfxHssl_Hssl.h ****  * language governing permissions and limitations under IFASLL.
  26:../Libraries/iLLD/TC4xx/Tricore/Hssl/Hssl/IfxHssl_Hssl.h ****  *
  27:../Libraries/iLLD/TC4xx/Tricore/Hssl/Hssl/IfxHssl_Hssl.h ****  *
  28:../Libraries/iLLD/TC4xx/Tricore/Hssl/Hssl/IfxHssl_Hssl.h ****  *
  29:../Libraries/iLLD/TC4xx/Tricore/Hssl/Hssl/IfxHssl_Hssl.h ****  * \defgroup IfxLld_Hssl_Hssl_Usage How to use the HSSL Interface driver?
  30:../Libraries/iLLD/TC4xx/Tricore/Hssl/Hssl/IfxHssl_Hssl.h ****  * \ingroup IfxLld_Hssl
  31:../Libraries/iLLD/TC4xx/Tricore/Hssl/Hssl/IfxHssl_Hssl.h ****  *
  32:../Libraries/iLLD/TC4xx/Tricore/Hssl/Hssl/IfxHssl_Hssl.h ****  * The HSSL interface driver provides a default HSSL/HSCT configuration for point to point communic
  33:../Libraries/iLLD/TC4xx/Tricore/Hssl/Hssl/IfxHssl_Hssl.h ****  * It also supports streaming transfers of data a memory block at both low and high speeds.
  34:../Libraries/iLLD/TC4xx/Tricore/Hssl/Hssl/IfxHssl_Hssl.h ****  *
  35:../Libraries/iLLD/TC4xx/Tricore/Hssl/Hssl/IfxHssl_Hssl.h ****  * In the following sections it will be described, how to integrate the driver into the application
  36:../Libraries/iLLD/TC4xx/Tricore/Hssl/Hssl/IfxHssl_Hssl.h ****  *
  37:../Libraries/iLLD/TC4xx/Tricore/Hssl/Hssl/IfxHssl_Hssl.h ****  * \section IfxLld_Hssl_Hssl_Preparation Preparation
  38:../Libraries/iLLD/TC4xx/Tricore/Hssl/Hssl/IfxHssl_Hssl.h ****  * \subsection IfxLld_Hssl_Hssl_Include Include Files
  39:../Libraries/iLLD/TC4xx/Tricore/Hssl/Hssl/IfxHssl_Hssl.h ****  *
  40:../Libraries/iLLD/TC4xx/Tricore/Hssl/Hssl/IfxHssl_Hssl.h ****  * Include following header file into your C code:
  41:../Libraries/iLLD/TC4xx/Tricore/Hssl/Hssl/IfxHssl_Hssl.h ****  * \code
  42:../Libraries/iLLD/TC4xx/Tricore/Hssl/Hssl/IfxHssl_Hssl.h ****  *     #include <Hssl/Hssl/IfxHssl_Hssl.h>
  43:../Libraries/iLLD/TC4xx/Tricore/Hssl/Hssl/IfxHssl_Hssl.h ****  * \endcode
  44:../Libraries/iLLD/TC4xx/Tricore/Hssl/Hssl/IfxHssl_Hssl.h ****  *
  45:../Libraries/iLLD/TC4xx/Tricore/Hssl/Hssl/IfxHssl_Hssl.h ****  * \subsection IfxLld_Hssl_Hssl_Variables Variables
  46:../Libraries/iLLD/TC4xx/Tricore/Hssl/Hssl/IfxHssl_Hssl.h ****  *
  47:../Libraries/iLLD/TC4xx/Tricore/Hssl/Hssl/IfxHssl_Hssl.h ****  * Declare the HSSL handle, HSCT handle and channel array as global variables in your C code:
  48:../Libraries/iLLD/TC4xx/Tricore/Hssl/Hssl/IfxHssl_Hssl.h ****  *
  49:../Libraries/iLLD/TC4xx/Tricore/Hssl/Hssl/IfxHssl_Hssl.h ****  * \code
  50:../Libraries/iLLD/TC4xx/Tricore/Hssl/Hssl/IfxHssl_Hssl.h ****  *     // used globally
  51:../Libraries/iLLD/TC4xx/Tricore/Hssl/Hssl/IfxHssl_Hssl.h ****  *     static IfxHssl_Hssl hssl;
  52:../Libraries/iLLD/TC4xx/Tricore/Hssl/Hssl/IfxHssl_Hssl.h ****  *     static IfxHssl_Hsct hsct;
  53:../Libraries/iLLD/TC4xx/Tricore/Hssl/Hssl/IfxHssl_Hssl.h ****  *     IfxHssl_Hssl_Channel hsslChannel[4];
  54:../Libraries/iLLD/TC4xx/Tricore/Hssl/Hssl/IfxHssl_Hssl.h ****  *     __attribute__ ((aligned(256))) uint32 txData[80]; // needs to be declared globally in case o
  55:../Libraries/iLLD/TC4xx/Tricore/Hssl/Hssl/IfxHssl_Hssl.h ****  * \endcode
  56:../Libraries/iLLD/TC4xx/Tricore/Hssl/Hssl/IfxHssl_Hssl.h ****  *
  57:../Libraries/iLLD/TC4xx/Tricore/Hssl/Hssl/IfxHssl_Hssl.h ****  * \subsection IfxLld_Hssl_Hssl_InitModule Module Initialisation
  58:../Libraries/iLLD/TC4xx/Tricore/Hssl/Hssl/IfxHssl_Hssl.h ****  *
  59:../Libraries/iLLD/TC4xx/Tricore/Hssl/Hssl/IfxHssl_Hssl.h ****  * The module initialisation can be done as follows:
  60:../Libraries/iLLD/TC4xx/Tricore/Hssl/Hssl/IfxHssl_Hssl.h ****  *
  61:../Libraries/iLLD/TC4xx/Tricore/Hssl/Hssl/IfxHssl_Hssl.h ****  * \code
  62:../Libraries/iLLD/TC4xx/Tricore/Hssl/Hssl/IfxHssl_Hssl.h ****  *     // create module config
  63:../Libraries/iLLD/TC4xx/Tricore/Hssl/Hssl/IfxHssl_Hssl.h ****  *     IfxHssl_Hsct_Config hsctConfig;
  64:../Libraries/iLLD/TC4xx/Tricore/Hssl/Hssl/IfxHssl_Hssl.h ****  *     IfxHssl_Hssl_initHsctModuleConfig(&hsctConfig, &MODULE_HSCT);
  65:../Libraries/iLLD/TC4xx/Tricore/Hssl/Hssl/IfxHssl_Hssl.h ****  *
  66:../Libraries/iLLD/TC4xx/Tricore/Hssl/Hssl/IfxHssl_Hssl.h ****  *     // select the interface mode (in case of slave)
  67:../Libraries/iLLD/TC4xx/Tricore/Hssl/Hssl/IfxHssl_Hssl.h ****  *     hsctConfig.interfaceMode = IfxHssl_InterfaceMode_slave;
  68:../Libraries/iLLD/TC4xx/Tricore/Hssl/Hssl/IfxHssl_Hssl.h ****  *
  69:../Libraries/iLLD/TC4xx/Tricore/Hssl/Hssl/IfxHssl_Hssl.h ****  *     // select the high speed mode if required
  70:../Libraries/iLLD/TC4xx/Tricore/Hssl/Hssl/IfxHssl_Hssl.h ****  *     hsctConfig.highSpeedMode = TRUE;
  71:../Libraries/iLLD/TC4xx/Tricore/Hssl/Hssl/IfxHssl_Hssl.h ****  *
  72:../Libraries/iLLD/TC4xx/Tricore/Hssl/Hssl/IfxHssl_Hssl.h ****  *     // initialize module
  73:../Libraries/iLLD/TC4xx/Tricore/Hssl/Hssl/IfxHssl_Hssl.h ****  *     // IfxHssl_Hsct hsct;  defined globally
  74:../Libraries/iLLD/TC4xx/Tricore/Hssl/Hssl/IfxHssl_Hssl.h ****  *     IfxHssl_Hssl_initHsctModule(&hsct, &hsctConfig);
  75:../Libraries/iLLD/TC4xx/Tricore/Hssl/Hssl/IfxHssl_Hssl.h ****  *
  76:../Libraries/iLLD/TC4xx/Tricore/Hssl/Hssl/IfxHssl_Hssl.h ****  *     // create module config
  77:../Libraries/iLLD/TC4xx/Tricore/Hssl/Hssl/IfxHssl_Hssl.h ****  *     IfxHssl_Hssl_Config hsslConfig;
  78:../Libraries/iLLD/TC4xx/Tricore/Hssl/Hssl/IfxHssl_Hssl.h ****  *     IfxHssl_Hssl_initHsslModuleConfig(&hsslConfig, &MODULE_HSSL);
  79:../Libraries/iLLD/TC4xx/Tricore/Hssl/Hssl/IfxHssl_Hssl.h ****  *
  80:../Libraries/iLLD/TC4xx/Tricore/Hssl/Hssl/IfxHssl_Hssl.h ****  *     // IfxHssl_Hssl hssl;  defined globally
  81:../Libraries/iLLD/TC4xx/Tricore/Hssl/Hssl/IfxHssl_Hssl.h ****  *     IfxHssl_Hssl_initHsslModule(&hssl, &hsslConfig);
  82:../Libraries/iLLD/TC4xx/Tricore/Hssl/Hssl/IfxHssl_Hssl.h ****  * \endcode
  83:../Libraries/iLLD/TC4xx/Tricore/Hssl/Hssl/IfxHssl_Hssl.h ****  *
  84:../Libraries/iLLD/TC4xx/Tricore/Hssl/Hssl/IfxHssl_Hssl.h ****  * If application intends to explicitly configure the pins for HSCT module IFXHSSL_HSCT_DISABLE_PIN
  85:../Libraries/iLLD/TC4xx/Tricore/Hssl/Hssl/IfxHssl_Hssl.h ****  * The explicit pin assignment should be done prior to IfxHssl_Hssl_initHsctModule().
  86:../Libraries/iLLD/TC4xx/Tricore/Hssl/Hssl/IfxHssl_Hssl.h ****  *
  87:../Libraries/iLLD/TC4xx/Tricore/Hssl/Hssl/IfxHssl_Hssl.h ****  *
  88:../Libraries/iLLD/TC4xx/Tricore/Hssl/Hssl/IfxHssl_Hssl.h ****  * For explicitly changing the default configuration of the REFCLK and the SYSCLK of HSCT module th
  89:../Libraries/iLLD/TC4xx/Tricore/Hssl/Hssl/IfxHssl_Hssl.h ****  *
  90:../Libraries/iLLD/TC4xx/Tricore/Hssl/Hssl/IfxHssl_Hssl.h ****  * IFXHSSL_HSCT_ENABLE_REF_CLK_10MHZ - This macro sets the REFCLK in the Hsct module to 10MHz (Defa
  91:../Libraries/iLLD/TC4xx/Tricore/Hssl/Hssl/IfxHssl_Hssl.h ****  *
  92:../Libraries/iLLD/TC4xx/Tricore/Hssl/Hssl/IfxHssl_Hssl.h ****  * IFXHSSL_HSCT_ENABLE_SYS_CLK_DIV_2 - This macro sets the SYSCLK divider value. Recomended value f
  93:../Libraries/iLLD/TC4xx/Tricore/Hssl/Hssl/IfxHssl_Hssl.h ****  *
  94:../Libraries/iLLD/TC4xx/Tricore/Hssl/Hssl/IfxHssl_Hssl.h ****  * Application can use the macros for changing the default clock configuration on HSCT module.
  95:../Libraries/iLLD/TC4xx/Tricore/Hssl/Hssl/IfxHssl_Hssl.h ****  *
  96:../Libraries/iLLD/TC4xx/Tricore/Hssl/Hssl/IfxHssl_Hssl.h ****  * Note:  In case of HSCT Slave configuration, application has to select SysClk pin as the clock so
  97:../Libraries/iLLD/TC4xx/Tricore/Hssl/Hssl/IfxHssl_Hssl.h ****  *
  98:../Libraries/iLLD/TC4xx/Tricore/Hssl/Hssl/IfxHssl_Hssl.h ****  * After the port initialisation of HSCT slave device ie. after calling IfxHssl_Hssl_initHsctModule
  99:../Libraries/iLLD/TC4xx/Tricore/Hssl/Hssl/IfxHssl_Hssl.h ****  *
 100:../Libraries/iLLD/TC4xx/Tricore/Hssl/Hssl/IfxHssl_Hssl.h ****  * \code
 101:../Libraries/iLLD/TC4xx/Tricore/Hssl/Hssl/IfxHssl_Hssl.h ****  *
 102:../Libraries/iLLD/TC4xx/Tricore/Hssl/Hssl/IfxHssl_Hssl.h ****  *       IfxScuCcu_initConfig(&IfxScuCcu_sampleClockConfig);
 103:../Libraries/iLLD/TC4xx/Tricore/Hssl/Hssl/IfxHssl_Hssl.h ****  *       // Set the clock to SysClk generated from HSCT master interface
 104:../Libraries/iLLD/TC4xx/Tricore/Hssl/Hssl/IfxHssl_Hssl.h ****  *       IfxScuCcu_sampleClockConfig.pllInitialStepConfig.pllsParameters.pllInputClockSelection = I
 105:../Libraries/iLLD/TC4xx/Tricore/Hssl/Hssl/IfxHssl_Hssl.h ****  *       IfxScuCcu_init(&IfxScuCcu_sampleClockConfig);
 106:../Libraries/iLLD/TC4xx/Tricore/Hssl/Hssl/IfxHssl_Hssl.h ****  *       // Wait till PLL is locked
 107:../Libraries/iLLD/TC4xx/Tricore/Hssl/Hssl/IfxHssl_Hssl.h ****  *
 108:../Libraries/iLLD/TC4xx/Tricore/Hssl/Hssl/IfxHssl_Hssl.h ****  * \endcode
 109:../Libraries/iLLD/TC4xx/Tricore/Hssl/Hssl/IfxHssl_Hssl.h ****  *
 110:../Libraries/iLLD/TC4xx/Tricore/Hssl/Hssl/IfxHssl_Hssl.h ****  * \subsection IfxLld_Hssl_Hssl_InitChannel Channel Initialisation
 111:../Libraries/iLLD/TC4xx/Tricore/Hssl/Hssl/IfxHssl_Hssl.h ****  *
 112:../Libraries/iLLD/TC4xx/Tricore/Hssl/Hssl/IfxHssl_Hssl.h ****  * The Channel initialisation can be done as follows:
 113:../Libraries/iLLD/TC4xx/Tricore/Hssl/Hssl/IfxHssl_Hssl.h ****  *
 114:../Libraries/iLLD/TC4xx/Tricore/Hssl/Hssl/IfxHssl_Hssl.h ****  * \code
 115:../Libraries/iLLD/TC4xx/Tricore/Hssl/Hssl/IfxHssl_Hssl.h ****  *     // create HSSL channel config
 116:../Libraries/iLLD/TC4xx/Tricore/Hssl/Hssl/IfxHssl_Hssl.h ****  *     IfxHssl_Hssl_ChannelConfig hsslChannelConfig;
 117:../Libraries/iLLD/TC4xx/Tricore/Hssl/Hssl/IfxHssl_Hssl.h ****  *     IfxHssl_Hssl_initChannelConfig(&hsslChannelConfig, &hssl, &hsct);
 118:../Libraries/iLLD/TC4xx/Tricore/Hssl/Hssl/IfxHssl_Hssl.h ****  *
 119:../Libraries/iLLD/TC4xx/Tricore/Hssl/Hssl/IfxHssl_Hssl.h ****  *     // initialize the channels
 120:../Libraries/iLLD/TC4xx/Tricore/Hssl/Hssl/IfxHssl_Hssl.h ****  *     // IfxHssl_Hssl_Channel hsslChannel[4];  defined globally
 121:../Libraries/iLLD/TC4xx/Tricore/Hssl/Hssl/IfxHssl_Hssl.h ****  *     for(int i=0; i<4; ++i)
 122:../Libraries/iLLD/TC4xx/Tricore/Hssl/Hssl/IfxHssl_Hssl.h ****  *     {
 123:../Libraries/iLLD/TC4xx/Tricore/Hssl/Hssl/IfxHssl_Hssl.h ****  *         hsslChannelConfig.channelId = (IfxHssl_ChannelId)i;
 124:../Libraries/iLLD/TC4xx/Tricore/Hssl/Hssl/IfxHssl_Hssl.h ****  *         IfxHssl_Hssl_initChannel(&hsslChannel[i], &hsslChannelConfig);
 125:../Libraries/iLLD/TC4xx/Tricore/Hssl/Hssl/IfxHssl_Hssl.h ****  *     }
 126:../Libraries/iLLD/TC4xx/Tricore/Hssl/Hssl/IfxHssl_Hssl.h ****  * \endcode
 127:../Libraries/iLLD/TC4xx/Tricore/Hssl/Hssl/IfxHssl_Hssl.h ****  *
 128:../Libraries/iLLD/TC4xx/Tricore/Hssl/Hssl/IfxHssl_Hssl.h ****  * \subsection IfxLld_Hssl_Hssl_LinkSpeed Changing HSCT link speed
 129:../Libraries/iLLD/TC4xx/Tricore/Hssl/Hssl/IfxHssl_Hssl.h ****  *
 130:../Libraries/iLLD/TC4xx/Tricore/Hssl/Hssl/IfxHssl_Hssl.h ****  * The link speed change can be done as follows
 131:../Libraries/iLLD/TC4xx/Tricore/Hssl/Hssl/IfxHssl_Hssl.h ****  *
 132:../Libraries/iLLD/TC4xx/Tricore/Hssl/Hssl/IfxHssl_Hssl.h ****  * As per the above settings the HSCT master is in High speed reception and transmission.
 133:../Libraries/iLLD/TC4xx/Tricore/Hssl/Hssl/IfxHssl_Hssl.h ****  *
 134:../Libraries/iLLD/TC4xx/Tricore/Hssl/Hssl/IfxHssl_Hssl.h ****  * The pseudo code for setting the target to High speed is as below
 135:../Libraries/iLLD/TC4xx/Tricore/Hssl/Hssl/IfxHssl_Hssl.h ****  *
 136:../Libraries/iLLD/TC4xx/Tricore/Hssl/Hssl/IfxHssl_Hssl.h ****  * \code
 137:../Libraries/iLLD/TC4xx/Tricore/Hssl/Hssl/IfxHssl_Hssl.h ****  *
 138:../Libraries/iLLD/TC4xx/Tricore/Hssl/Hssl/IfxHssl_Hssl.h ****  *      // Set the Tx link speed of the master to Low speed
 139:../Libraries/iLLD/TC4xx/Tricore/Hssl/Hssl/IfxHssl_Hssl.h ****  *      IfxHssl_setHsctTxLinkSpeed(&hsct , IfxHssl_MasterModeTxSpeed_lowSpeed);
 140:../Libraries/iLLD/TC4xx/Tricore/Hssl/Hssl/IfxHssl_Hssl.h ****  *
 141:../Libraries/iLLD/TC4xx/Tricore/Hssl/Hssl/IfxHssl_Hssl.h ****  *      // Enable reception at the Slave
 142:../Libraries/iLLD/TC4xx/Tricore/Hssl/Hssl/IfxHssl_Hssl.h ****  *      IfxHssl_Hssl_sendControlCommand(&hsct,IfxHssl_ControlCommand_enableReception);
 143:../Libraries/iLLD/TC4xx/Tricore/Hssl/Hssl/IfxHssl_Hssl.h ****  *
 144:../Libraries/iLLD/TC4xx/Tricore/Hssl/Hssl/IfxHssl_Hssl.h ****  *      // Send interface commmand to change Rx to High speed at the target
 145:../Libraries/iLLD/TC4xx/Tricore/Hssl/Hssl/IfxHssl_Hssl.h ****  *      IfxHssl_Hssl_sendControlCommand(&hsct,IfxHssl_ControlCommand_highSpeedReception);
 146:../Libraries/iLLD/TC4xx/Tricore/Hssl/Hssl/IfxHssl_Hssl.h ****  *
 147:../Libraries/iLLD/TC4xx/Tricore/Hssl/Hssl/IfxHssl_Hssl.h ****  *      // Send interface commmand to change Tx to High speed at the target
 148:../Libraries/iLLD/TC4xx/Tricore/Hssl/Hssl/IfxHssl_Hssl.h ****  *      IfxHssl_Hssl_sendControlCommand(&hsct,IfxHssl_ControlCommand_highSpeedTransmission);
 149:../Libraries/iLLD/TC4xx/Tricore/Hssl/Hssl/IfxHssl_Hssl.h ****  *
 150:../Libraries/iLLD/TC4xx/Tricore/Hssl/Hssl/IfxHssl_Hssl.h ****  *      // Set the Tx link speed of the master to High speed
 151:../Libraries/iLLD/TC4xx/Tricore/Hssl/Hssl/IfxHssl_Hssl.h ****  *      IfxHssl_setHsctTxLinkSpeed(&hsct , IfxHssl_MasterModeTxSpeed_highSpeed);
 152:../Libraries/iLLD/TC4xx/Tricore/Hssl/Hssl/IfxHssl_Hssl.h ****  *
 153:../Libraries/iLLD/TC4xx/Tricore/Hssl/Hssl/IfxHssl_Hssl.h ****  * \endcode
 154:../Libraries/iLLD/TC4xx/Tricore/Hssl/Hssl/IfxHssl_Hssl.h ****  *
 155:../Libraries/iLLD/TC4xx/Tricore/Hssl/Hssl/IfxHssl_Hssl.h ****  * The pseudo code for setitng the target to Low speed from High speed (ie. if hsctConfig.highSpeed
 156:../Libraries/iLLD/TC4xx/Tricore/Hssl/Hssl/IfxHssl_Hssl.h ****  *
 157:../Libraries/iLLD/TC4xx/Tricore/Hssl/Hssl/IfxHssl_Hssl.h ****  * \code
 158:../Libraries/iLLD/TC4xx/Tricore/Hssl/Hssl/IfxHssl_Hssl.h ****  *
 159:../Libraries/iLLD/TC4xx/Tricore/Hssl/Hssl/IfxHssl_Hssl.h ****  *      // Set the Tx link speed of master to Low speed
 160:../Libraries/iLLD/TC4xx/Tricore/Hssl/Hssl/IfxHssl_Hssl.h ****  *      IfxHssl_setHsctTxLinkSpeed(&hsct , IfxHssl_MasterModeTxSpeed_lowSpeed);
 161:../Libraries/iLLD/TC4xx/Tricore/Hssl/Hssl/IfxHssl_Hssl.h ****  *
 162:../Libraries/iLLD/TC4xx/Tricore/Hssl/Hssl/IfxHssl_Hssl.h ****  *      // Send interface command to change Rx to low speed at the target
 163:../Libraries/iLLD/TC4xx/Tricore/Hssl/Hssl/IfxHssl_Hssl.h ****  *      IfxHssl_Hssl_sendControlCommand(&hsct,IfxHssl_ControlCommand_lowSpeedReception);
 164:../Libraries/iLLD/TC4xx/Tricore/Hssl/Hssl/IfxHssl_Hssl.h ****  *
 165:../Libraries/iLLD/TC4xx/Tricore/Hssl/Hssl/IfxHssl_Hssl.h ****  *      // Set the Rx link speed of master to Low speed
 166:../Libraries/iLLD/TC4xx/Tricore/Hssl/Hssl/IfxHssl_Hssl.h ****  *      IfxHssl_setHsctRxLinkSpeed(&hsct, IfxHssl_MasterModeRxSpeed_lowSpeed);
 167:../Libraries/iLLD/TC4xx/Tricore/Hssl/Hssl/IfxHssl_Hssl.h ****  *
 168:../Libraries/iLLD/TC4xx/Tricore/Hssl/Hssl/IfxHssl_Hssl.h ****  *      // Send interface command to change Tx to low speed at the target
 169:../Libraries/iLLD/TC4xx/Tricore/Hssl/Hssl/IfxHssl_Hssl.h ****  *      IfxHssl_Hssl_sendControlCommand(&hsct,IfxHssl_ControlCommand_lowSpeedTransmission);
 170:../Libraries/iLLD/TC4xx/Tricore/Hssl/Hssl/IfxHssl_Hssl.h ****  *
 171:../Libraries/iLLD/TC4xx/Tricore/Hssl/Hssl/IfxHssl_Hssl.h ****  * \endcode
 172:../Libraries/iLLD/TC4xx/Tricore/Hssl/Hssl/IfxHssl_Hssl.h ****  *
 173:../Libraries/iLLD/TC4xx/Tricore/Hssl/Hssl/IfxHssl_Hssl.h ****  * The HSSL is ready for use now!
 174:../Libraries/iLLD/TC4xx/Tricore/Hssl/Hssl/IfxHssl_Hssl.h ****  *
 175:../Libraries/iLLD/TC4xx/Tricore/Hssl/Hssl/IfxHssl_Hssl.h ****  *
 176:../Libraries/iLLD/TC4xx/Tricore/Hssl/Hssl/IfxHssl_Hssl.h ****  * \section IfxLld_Hssl_Hssl_DataTransfers Data Transfers
 177:../Libraries/iLLD/TC4xx/Tricore/Hssl/Hssl/IfxHssl_Hssl.h ****  * \subsection IfxLld_Hssl_Hssl_SimpleTransfers Simple Transfers
 178:../Libraries/iLLD/TC4xx/Tricore/Hssl/Hssl/IfxHssl_Hssl.h ****  *
 179:../Libraries/iLLD/TC4xx/Tricore/Hssl/Hssl/IfxHssl_Hssl.h ****  * The HSSL driver provides simple to use data transfer functions,
 180:../Libraries/iLLD/TC4xx/Tricore/Hssl/Hssl/IfxHssl_Hssl.h ****  *
 181:../Libraries/iLLD/TC4xx/Tricore/Hssl/Hssl/IfxHssl_Hssl.h ****  * It supports direct writing of 8/16/32 bit data from the initiator into a target's register, as w
 182:../Libraries/iLLD/TC4xx/Tricore/Hssl/Hssl/IfxHssl_Hssl.h ****  *
 183:../Libraries/iLLD/TC4xx/Tricore/Hssl/Hssl/IfxHssl_Hssl.h ****  * \code
 184:../Libraries/iLLD/TC4xx/Tricore/Hssl/Hssl/IfxHssl_Hssl.h ****  *     // write some data to remote location:
 185:../Libraries/iLLD/TC4xx/Tricore/Hssl/Hssl/IfxHssl_Hssl.h ****  *     IfxHssl_Hssl_write(&hsslChannel[0], 0x70000000, 0x12345678, IfxHssl_DataLength_32bit);
 186:../Libraries/iLLD/TC4xx/Tricore/Hssl/Hssl/IfxHssl_Hssl.h ****  *
 187:../Libraries/iLLD/TC4xx/Tricore/Hssl/Hssl/IfxHssl_Hssl.h ****  *     // wait for the acknowledgement
 188:../Libraries/iLLD/TC4xx/Tricore/Hssl/Hssl/IfxHssl_Hssl.h ****  *     while( IfxHssl_Hssl_waitAcknowledge(&hsslChannel[0]) != IfxHssl_Hssl_Status_ok )
 189:../Libraries/iLLD/TC4xx/Tricore/Hssl/Hssl/IfxHssl_Hssl.h ****  *     {
 190:../Libraries/iLLD/TC4xx/Tricore/Hssl/Hssl/IfxHssl_Hssl.h ****  *         if( IfxHssl_Hssl_waitAcknowledge(&hsslChannel[0]) == IfxHssl_Hssl_Status_error )
 191:../Libraries/iLLD/TC4xx/Tricore/Hssl/Hssl/IfxHssl_Hssl.h ****  *           {
 192:../Libraries/iLLD/TC4xx/Tricore/Hssl/Hssl/IfxHssl_Hssl.h ****  *               IfxHssl_Hssl_checkErrors(&hssl);
 193:../Libraries/iLLD/TC4xx/Tricore/Hssl/Hssl/IfxHssl_Hssl.h ****  *               break;
 194:../Libraries/iLLD/TC4xx/Tricore/Hssl/Hssl/IfxHssl_Hssl.h ****  *           }
 195:../Libraries/iLLD/TC4xx/Tricore/Hssl/Hssl/IfxHssl_Hssl.h ****  *     }
 196:../Libraries/iLLD/TC4xx/Tricore/Hssl/Hssl/IfxHssl_Hssl.h ****  * \endcode
 197:../Libraries/iLLD/TC4xx/Tricore/Hssl/Hssl/IfxHssl_Hssl.h ****  *
 198:../Libraries/iLLD/TC4xx/Tricore/Hssl/Hssl/IfxHssl_Hssl.h ****  * A simple to use receive function is available as well.
 199:../Libraries/iLLD/TC4xx/Tricore/Hssl/Hssl/IfxHssl_Hssl.h ****  *
 200:../Libraries/iLLD/TC4xx/Tricore/Hssl/Hssl/IfxHssl_Hssl.h ****  * \code
 201:../Libraries/iLLD/TC4xx/Tricore/Hssl/Hssl/IfxHssl_Hssl.h ****  *     // read some data from remote location:
 202:../Libraries/iLLD/TC4xx/Tricore/Hssl/Hssl/IfxHssl_Hssl.h ****  *     IfxHssl_Hssl_read(&hsslChannel[0], 0x70000000, IfxHssl_DataLength_32bit);
 203:../Libraries/iLLD/TC4xx/Tricore/Hssl/Hssl/IfxHssl_Hssl.h ****  *
 204:../Libraries/iLLD/TC4xx/Tricore/Hssl/Hssl/IfxHssl_Hssl.h ****  *     // wait for the acknowledgement
 205:../Libraries/iLLD/TC4xx/Tricore/Hssl/Hssl/IfxHssl_Hssl.h ****  *     while( IfxHssl_Hssl_waitAcknowledge(&hsslChannel[0]) != IfxHssl_Hssl_Status_ok )
 206:../Libraries/iLLD/TC4xx/Tricore/Hssl/Hssl/IfxHssl_Hssl.h ****  *     {
 207:../Libraries/iLLD/TC4xx/Tricore/Hssl/Hssl/IfxHssl_Hssl.h ****  *         if( IfxHssl_Hssl_waitAcknowledge(&hsslChannel[0]) == IfxHssl_Hssl_Status_error )
 208:../Libraries/iLLD/TC4xx/Tricore/Hssl/Hssl/IfxHssl_Hssl.h ****  *           {
 209:../Libraries/iLLD/TC4xx/Tricore/Hssl/Hssl/IfxHssl_Hssl.h ****  *               IfxHssl_Hssl_checkErrors(&hssl);
 210:../Libraries/iLLD/TC4xx/Tricore/Hssl/Hssl/IfxHssl_Hssl.h ****  *               break;
 211:../Libraries/iLLD/TC4xx/Tricore/Hssl/Hssl/IfxHssl_Hssl.h ****  *           }
 212:../Libraries/iLLD/TC4xx/Tricore/Hssl/Hssl/IfxHssl_Hssl.h ****  *     }
 213:../Libraries/iLLD/TC4xx/Tricore/Hssl/Hssl/IfxHssl_Hssl.h ****  *
 214:../Libraries/iLLD/TC4xx/Tricore/Hssl/Hssl/IfxHssl_Hssl.h ****  *     // read data from the register
 215:../Libraries/iLLD/TC4xx/Tricore/Hssl/Hssl/IfxHssl_Hssl.h ****  *     uint32 dataL = IfxHssl_Hssl_getReadData(&hsslChannel[0]);
 216:../Libraries/iLLD/TC4xx/Tricore/Hssl/Hssl/IfxHssl_Hssl.h ****  * \endcode
 217:../Libraries/iLLD/TC4xx/Tricore/Hssl/Hssl/IfxHssl_Hssl.h ****  *
 218:../Libraries/iLLD/TC4xx/Tricore/Hssl/Hssl/IfxHssl_Hssl.h ****  * \subsection IfxLld_Hssl_Hssl_StreamingTransfers Streaming Transfers
 219:../Libraries/iLLD/TC4xx/Tricore/Hssl/Hssl/IfxHssl_Hssl.h ****  *
 220:../Libraries/iLLD/TC4xx/Tricore/Hssl/Hssl/IfxHssl_Hssl.h ****  * HSSL driver also supports streaming transfers of data as a memory block at both low and high spe
 221:../Libraries/iLLD/TC4xx/Tricore/Hssl/Hssl/IfxHssl_Hssl.h ****  *
 222:../Libraries/iLLD/TC4xx/Tricore/Hssl/Hssl/IfxHssl_Hssl.h ****  * Preparing the target for streaming with the desired memory location where the data needs to be t
 223:../Libraries/iLLD/TC4xx/Tricore/Hssl/Hssl/IfxHssl_Hssl.h ****  *
 224:../Libraries/iLLD/TC4xx/Tricore/Hssl/Hssl/IfxHssl_Hssl.h ****  * \code
 225:../Libraries/iLLD/TC4xx/Tricore/Hssl/Hssl/IfxHssl_Hssl.h ****  *     // choose a channel other than channel2 for register access
 226:../Libraries/iLLD/TC4xx/Tricore/Hssl/Hssl/IfxHssl_Hssl.h ****  *     // prepare streaming of single memory block
 227:../Libraries/iLLD/TC4xx/Tricore/Hssl/Hssl/IfxHssl_Hssl.h ****  *     IfxHssl_Hssl_prepareStream(&hsslChannel[0], 0x70000000, 10);
 228:../Libraries/iLLD/TC4xx/Tricore/Hssl/Hssl/IfxHssl_Hssl.h ****  * \endcode
 229:../Libraries/iLLD/TC4xx/Tricore/Hssl/Hssl/IfxHssl_Hssl.h ****  *
 230:../Libraries/iLLD/TC4xx/Tricore/Hssl/Hssl/IfxHssl_Hssl.h ****  * Stream the memory block
 231:../Libraries/iLLD/TC4xx/Tricore/Hssl/Hssl/IfxHssl_Hssl.h ****  *
 232:../Libraries/iLLD/TC4xx/Tricore/Hssl/Hssl/IfxHssl_Hssl.h ****  * Usage Example:
 233:../Libraries/iLLD/TC4xx/Tricore/Hssl/Hssl/IfxHssl_Hssl.h ****  * \code
 234:../Libraries/iLLD/TC4xx/Tricore/Hssl/Hssl/IfxHssl_Hssl.h ****  *     // __attribute__ ((aligned(256))) uint32 txData[80];  expected to be declared globally
 235:../Libraries/iLLD/TC4xx/Tricore/Hssl/Hssl/IfxHssl_Hssl.h ****  *
 236:../Libraries/iLLD/TC4xx/Tricore/Hssl/Hssl/IfxHssl_Hssl.h ****  *     // for single block streaming transfer
 237:../Libraries/iLLD/TC4xx/Tricore/Hssl/Hssl/IfxHssl_Hssl.h ****  *     // change the txData address to global address before passing it to the API
 238:../Libraries/iLLD/TC4xx/Tricore/Hssl/Hssl/IfxHssl_Hssl.h ****  *
 239:../Libraries/iLLD/TC4xx/Tricore/Hssl/Hssl/IfxHssl_Hssl.h ****  *     // IfxHssl_Hssl_writeStream(&hssl, (uint32 *)IFXCPU_GLB_ADDR_DSPR(IfxCpu_getCoreId(), (uint3
 240:../Libraries/iLLD/TC4xx/Tricore/Hssl/Hssl/IfxHssl_Hssl.h ****  *
 241:../Libraries/iLLD/TC4xx/Tricore/Hssl/Hssl/IfxHssl_Hssl.h ****  *     IfxHssl_Hssl_writeStream(&hssl, txData, 10);
 242:../Libraries/iLLD/TC4xx/Tricore/Hssl/Hssl/IfxHssl_Hssl.h ****  *
 243:../Libraries/iLLD/TC4xx/Tricore/Hssl/Hssl/IfxHssl_Hssl.h ****  *     // wait until the streaming is finished
 244:../Libraries/iLLD/TC4xx/Tricore/Hssl/Hssl/IfxHssl_Hssl.h ****  *     while( IfxHssl_Hssl_waitAcknowledge(&hsslChannel[2]) != IfxHssl_Hssl_Status_ok )
 245:../Libraries/iLLD/TC4xx/Tricore/Hssl/Hssl/IfxHssl_Hssl.h ****  *     {}
 246:../Libraries/iLLD/TC4xx/Tricore/Hssl/Hssl/IfxHssl_Hssl.h ****  * \endcode
 247:../Libraries/iLLD/TC4xx/Tricore/Hssl/Hssl/IfxHssl_Hssl.h ****  *
 248:../Libraries/iLLD/TC4xx/Tricore/Hssl/Hssl/IfxHssl_Hssl.h ****  * \subsection IfxLld_Hssl_Hssl_DMAOperatedCommandQueues DMA Operated Command Queues
 249:../Libraries/iLLD/TC4xx/Tricore/Hssl/Hssl/IfxHssl_Hssl.h ****  *
 250:../Libraries/iLLD/TC4xx/Tricore/Hssl/Hssl/IfxHssl_Hssl.h ****  * It makes sense to do this from outside the driver, by initialising the DMA after HSSL, and send 
 251:../Libraries/iLLD/TC4xx/Tricore/Hssl/Hssl/IfxHssl_Hssl.h ****  * here is an example of how to use DMA operated command queues.
 252:../Libraries/iLLD/TC4xx/Tricore/Hssl/Hssl/IfxHssl_Hssl.h ****  *
 253:../Libraries/iLLD/TC4xx/Tricore/Hssl/Hssl/IfxHssl_Hssl.h ****  *
 254:../Libraries/iLLD/TC4xx/Tricore/Hssl/Hssl/IfxHssl_Hssl.h ****  * Include following header files into your C code:
 255:../Libraries/iLLD/TC4xx/Tricore/Hssl/Hssl/IfxHssl_Hssl.h ****  * \code
 256:../Libraries/iLLD/TC4xx/Tricore/Hssl/Hssl/IfxHssl_Hssl.h ****  *     #include <Hssl/Hssl/IfxHssl_Hssl.h>
 257:../Libraries/iLLD/TC4xx/Tricore/Hssl/Hssl/IfxHssl_Hssl.h ****  *     #include <Dma/Dma/IfxDma_Dma.h>
 258:../Libraries/iLLD/TC4xx/Tricore/Hssl/Hssl/IfxHssl_Hssl.h ****  *     #include <Scu/Std/IfxScuWdt.h>
 259:../Libraries/iLLD/TC4xx/Tricore/Hssl/Hssl/IfxHssl_Hssl.h ****  * \endcode
 260:../Libraries/iLLD/TC4xx/Tricore/Hssl/Hssl/IfxHssl_Hssl.h ****  *
 261:../Libraries/iLLD/TC4xx/Tricore/Hssl/Hssl/IfxHssl_Hssl.h ****  * Declare the HSSL handle, HSCT handle, HSSL channel handle and DMA channel handle as global varia
 262:../Libraries/iLLD/TC4xx/Tricore/Hssl/Hssl/IfxHssl_Hssl.h ****  *
 263:../Libraries/iLLD/TC4xx/Tricore/Hssl/Hssl/IfxHssl_Hssl.h ****  * \code
 264:../Libraries/iLLD/TC4xx/Tricore/Hssl/Hssl/IfxHssl_Hssl.h ****  *     // used globally
 265:../Libraries/iLLD/TC4xx/Tricore/Hssl/Hssl/IfxHssl_Hssl.h ****  *     static IfxHssl_Hssl hssl;
 266:../Libraries/iLLD/TC4xx/Tricore/Hssl/Hssl/IfxHssl_Hssl.h ****  *     static IfxHssl_Hsct hsct;
 267:../Libraries/iLLD/TC4xx/Tricore/Hssl/Hssl/IfxHssl_Hssl.h ****  *     IfxHssl_Hssl_Channel hsslChannel;
 268:../Libraries/iLLD/TC4xx/Tricore/Hssl/Hssl/IfxHssl_Hssl.h ****  *     // DMA channel handle
 269:../Libraries/iLLD/TC4xx/Tricore/Hssl/Hssl/IfxHssl_Hssl.h ****  *     IfxDma_Dma_Channel chn;
 270:../Libraries/iLLD/TC4xx/Tricore/Hssl/Hssl/IfxHssl_Hssl.h ****  *
 271:../Libraries/iLLD/TC4xx/Tricore/Hssl/Hssl/IfxHssl_Hssl.h ****  *     // Linked List storage
 272:../Libraries/iLLD/TC4xx/Tricore/Hssl/Hssl/IfxHssl_Hssl.h ****  *     // IMPORTANT: it has to be aligned to an 64bit address, otherwise DMA can't read it
 273:../Libraries/iLLD/TC4xx/Tricore/Hssl/Hssl/IfxHssl_Hssl.h ****  *     #define NUM_LINKED_LIST_ITEMS 3
 274:../Libraries/iLLD/TC4xx/Tricore/Hssl/Hssl/IfxHssl_Hssl.h ****  *     __attribute__ ((aligned(64))) Ifx_DMA_CH linkedList[NUM_LINKED_LIST_ITEMS] ;
 275:../Libraries/iLLD/TC4xx/Tricore/Hssl/Hssl/IfxHssl_Hssl.h ****  *     // transfer these values to channel 0 : HSSL_IWD0, HSSL_ICON0, HSSL_IRWA0 registers via link
 276:../Libraries/iLLD/TC4xx/Tricore/Hssl/Hssl/IfxHssl_Hssl.h ****  *     #define NUM_TRANSFERED_WORDS 3
 277:../Libraries/iLLD/TC4xx/Tricore/Hssl/Hssl/IfxHssl_Hssl.h ****  *     // three write command queues with different data and to different addresses on slave
 278:../Libraries/iLLD/TC4xx/Tricore/Hssl/Hssl/IfxHssl_Hssl.h ****  *     uint32 sourceBuffer[NUM_LINKED_LIST_ITEMS][NUM_TRANSFERED_WORDS] = {
 279:../Libraries/iLLD/TC4xx/Tricore/Hssl/Hssl/IfxHssl_Hssl.h ****  *         {0xC0CAC01A, 0xFF0A0000, 0x70000000},
 280:../Libraries/iLLD/TC4xx/Tricore/Hssl/Hssl/IfxHssl_Hssl.h ****  *         {0xBA5EBA11, 0xFF0A0000, 0x70000010},
 281:../Libraries/iLLD/TC4xx/Tricore/Hssl/Hssl/IfxHssl_Hssl.h ****  *         {0xDEADBEEF, 0xFF0A0000, 0x70000020}
 282:../Libraries/iLLD/TC4xx/Tricore/Hssl/Hssl/IfxHssl_Hssl.h ****  *     };
 283:../Libraries/iLLD/TC4xx/Tricore/Hssl/Hssl/IfxHssl_Hssl.h ****  *
 284:../Libraries/iLLD/TC4xx/Tricore/Hssl/Hssl/IfxHssl_Hssl.h ****  *     // three command queues to the same channel 0
 285:../Libraries/iLLD/TC4xx/Tricore/Hssl/Hssl/IfxHssl_Hssl.h ****  *     const uint32 destinationAddresses[NUM_LINKED_LIST_ITEMS] = {
 286:../Libraries/iLLD/TC4xx/Tricore/Hssl/Hssl/IfxHssl_Hssl.h ****  *         (uint32)&HSSL_I0_IWD,
 287:../Libraries/iLLD/TC4xx/Tricore/Hssl/Hssl/IfxHssl_Hssl.h ****  *         (uint32)&HSSL_I0_IWD,
 288:../Libraries/iLLD/TC4xx/Tricore/Hssl/Hssl/IfxHssl_Hssl.h ****  *         (uint32)&HSSL_I0_IWD
 289:../Libraries/iLLD/TC4xx/Tricore/Hssl/Hssl/IfxHssl_Hssl.h ****  *     };
 290:../Libraries/iLLD/TC4xx/Tricore/Hssl/Hssl/IfxHssl_Hssl.h ****  * \endcode
 291:../Libraries/iLLD/TC4xx/Tricore/Hssl/Hssl/IfxHssl_Hssl.h ****  *
 292:../Libraries/iLLD/TC4xx/Tricore/Hssl/Hssl/IfxHssl_Hssl.h ****  * Initialise the hssl module, see \ref IfxLld_Hssl_Hssl_InitModule
 293:../Libraries/iLLD/TC4xx/Tricore/Hssl/Hssl/IfxHssl_Hssl.h ****  *
 294:../Libraries/iLLD/TC4xx/Tricore/Hssl/Hssl/IfxHssl_Hssl.h ****  * Initialise the hssl channel
 295:../Libraries/iLLD/TC4xx/Tricore/Hssl/Hssl/IfxHssl_Hssl.h ****  *
 296:../Libraries/iLLD/TC4xx/Tricore/Hssl/Hssl/IfxHssl_Hssl.h ****  * \code
 297:../Libraries/iLLD/TC4xx/Tricore/Hssl/Hssl/IfxHssl_Hssl.h ****  *     // create HSSL channel config
 298:../Libraries/iLLD/TC4xx/Tricore/Hssl/Hssl/IfxHssl_Hssl.h ****  *     IfxHssl_Hssl_ChannelConfig hsslChannelConfig;
 299:../Libraries/iLLD/TC4xx/Tricore/Hssl/Hssl/IfxHssl_Hssl.h ****  *     IfxHssl_Hssl_initChannelConfig(&hsslChannelConfig, &hssl, &hsct);
 300:../Libraries/iLLD/TC4xx/Tricore/Hssl/Hssl/IfxHssl_Hssl.h ****  *
 301:../Libraries/iLLD/TC4xx/Tricore/Hssl/Hssl/IfxHssl_Hssl.h ****  *     // initialize the channel 0
 302:../Libraries/iLLD/TC4xx/Tricore/Hssl/Hssl/IfxHssl_Hssl.h ****  *     // IfxHssl_Hssl_Channel hsslChannel;  defined globally
 303:../Libraries/iLLD/TC4xx/Tricore/Hssl/Hssl/IfxHssl_Hssl.h ****  *     hsslChannelConfig.channelId = 0;
 304:../Libraries/iLLD/TC4xx/Tricore/Hssl/Hssl/IfxHssl_Hssl.h ****  *     IfxHssl_Hssl_initChannel(&hsslChannel, &hsslChannelConfig);
 305:../Libraries/iLLD/TC4xx/Tricore/Hssl/Hssl/IfxHssl_Hssl.h ****  * \endcode
 306:../Libraries/iLLD/TC4xx/Tricore/Hssl/Hssl/IfxHssl_Hssl.h ****  *
 307:../Libraries/iLLD/TC4xx/Tricore/Hssl/Hssl/IfxHssl_Hssl.h ****  * Build a linked list
 308:../Libraries/iLLD/TC4xx/Tricore/Hssl/Hssl/IfxHssl_Hssl.h ****  *
 309:../Libraries/iLLD/TC4xx/Tricore/Hssl/Hssl/IfxHssl_Hssl.h ****  * \code
 310:../Libraries/iLLD/TC4xx/Tricore/Hssl/Hssl/IfxHssl_Hssl.h ****  *     // create module config
 311:../Libraries/iLLD/TC4xx/Tricore/Hssl/Hssl/IfxHssl_Hssl.h ****  *     IfxDma_Dma_Config dmaConfig;
 312:../Libraries/iLLD/TC4xx/Tricore/Hssl/Hssl/IfxHssl_Hssl.h ****  *     IfxDma_Dma_initModuleConfig(&dmaConfig, &MODULE_DMA);
 313:../Libraries/iLLD/TC4xx/Tricore/Hssl/Hssl/IfxHssl_Hssl.h ****  *     // initialize module
 314:../Libraries/iLLD/TC4xx/Tricore/Hssl/Hssl/IfxHssl_Hssl.h ****  *     IfxDma_Dma dma;
 315:../Libraries/iLLD/TC4xx/Tricore/Hssl/Hssl/IfxHssl_Hssl.h ****  *     IfxDma_Dma_initModule(&dma, &dmaConfig);
 316:../Libraries/iLLD/TC4xx/Tricore/Hssl/Hssl/IfxHssl_Hssl.h ****  *     // initial channel configuration
 317:../Libraries/iLLD/TC4xx/Tricore/Hssl/Hssl/IfxHssl_Hssl.h ****  *     IfxDma_Dma_ChannelConfig cfg;
 318:../Libraries/iLLD/TC4xx/Tricore/Hssl/Hssl/IfxHssl_Hssl.h ****  *     IfxDma_Dma_initChannelConfig(&cfg, &dma);
 319:../Libraries/iLLD/TC4xx/Tricore/Hssl/Hssl/IfxHssl_Hssl.h ****  *     // following settings are used by all transactions
 320:../Libraries/iLLD/TC4xx/Tricore/Hssl/Hssl/IfxHssl_Hssl.h ****  *     cfg.transferCount = NUM_TRANSFERED_WORDS;
 321:../Libraries/iLLD/TC4xx/Tricore/Hssl/Hssl/IfxHssl_Hssl.h ****  *     cfg.requestMode = IfxDma_ChannelRequestMode_completeTransactionPerRequest;
 322:../Libraries/iLLD/TC4xx/Tricore/Hssl/Hssl/IfxHssl_Hssl.h ****  *     cfg.moveSize = IfxDma_ChannelMoveSize_32bit;
 323:../Libraries/iLLD/TC4xx/Tricore/Hssl/Hssl/IfxHssl_Hssl.h ****  *     cfg.shadowControl = IfxDma_ChannelShadow_linkedList;
 324:../Libraries/iLLD/TC4xx/Tricore/Hssl/Hssl/IfxHssl_Hssl.h ****  *     // generate linked list items
 325:../Libraries/iLLD/TC4xx/Tricore/Hssl/Hssl/IfxHssl_Hssl.h ****  *     for(int i=0; i<NUM_LINKED_LIST_ITEMS; ++i) {
 326:../Libraries/iLLD/TC4xx/Tricore/Hssl/Hssl/IfxHssl_Hssl.h ****  *         cfg.sourceAddress = IFXCPU_GLB_ADDR_DSPR(IfxCpu_getCoreId(), &sourceBuffer[i]);
 327:../Libraries/iLLD/TC4xx/Tricore/Hssl/Hssl/IfxHssl_Hssl.h ****  *         cfg.destinationAddress = destinationAddresses[i];
 328:../Libraries/iLLD/TC4xx/Tricore/Hssl/Hssl/IfxHssl_Hssl.h ****  *         // address to next transaction set
 329:../Libraries/iLLD/TC4xx/Tricore/Hssl/Hssl/IfxHssl_Hssl.h ****  *         cfg.shadowAddress = IFXCPU_GLB_ADDR_DSPR(IfxCpu_getCoreId(), (uint32)&linkedList[(i + 1)
 330:../Libraries/iLLD/TC4xx/Tricore/Hssl/Hssl/IfxHssl_Hssl.h ****  *         // transfer first transaction set into DMA channel
 331:../Libraries/iLLD/TC4xx/Tricore/Hssl/Hssl/IfxHssl_Hssl.h ****  *         if( i == 0 ) {
 332:../Libraries/iLLD/TC4xx/Tricore/Hssl/Hssl/IfxHssl_Hssl.h ****  *             IfxDma_Dma_initChannel(&chn, &cfg);
 333:../Libraries/iLLD/TC4xx/Tricore/Hssl/Hssl/IfxHssl_Hssl.h ****  *         }
 334:../Libraries/iLLD/TC4xx/Tricore/Hssl/Hssl/IfxHssl_Hssl.h ****  *         // transfer into linked list storage
 335:../Libraries/iLLD/TC4xx/Tricore/Hssl/Hssl/IfxHssl_Hssl.h ****  *         IfxDma_Dma_initLinkedListEntry((void *)&linkedList[i], &cfg);
 336:../Libraries/iLLD/TC4xx/Tricore/Hssl/Hssl/IfxHssl_Hssl.h ****  *         if( i == 0 ) {
 337:../Libraries/iLLD/TC4xx/Tricore/Hssl/Hssl/IfxHssl_Hssl.h ****  *             // - trigger channel interrupt once the first transaction set has been loaded (again
 338:../Libraries/iLLD/TC4xx/Tricore/Hssl/Hssl/IfxHssl_Hssl.h ****  *             linkedList[i].CHCSR.B.SIT = 1;
 339:../Libraries/iLLD/TC4xx/Tricore/Hssl/Hssl/IfxHssl_Hssl.h ****  *         } else {
 340:../Libraries/iLLD/TC4xx/Tricore/Hssl/Hssl/IfxHssl_Hssl.h ****  *          // - activate SCH (transaction request) for each entry, expect for the first one (linke
 341:../Libraries/iLLD/TC4xx/Tricore/Hssl/Hssl/IfxHssl_Hssl.h ****  *             linkedList[i].CHCSR.B.SCH = 1;
 342:../Libraries/iLLD/TC4xx/Tricore/Hssl/Hssl/IfxHssl_Hssl.h ****  *         }
 343:../Libraries/iLLD/TC4xx/Tricore/Hssl/Hssl/IfxHssl_Hssl.h ****  *     }
 344:../Libraries/iLLD/TC4xx/Tricore/Hssl/Hssl/IfxHssl_Hssl.h ****  * \endcode
 345:../Libraries/iLLD/TC4xx/Tricore/Hssl/Hssl/IfxHssl_Hssl.h ****  *
 346:../Libraries/iLLD/TC4xx/Tricore/Hssl/Hssl/IfxHssl_Hssl.h ****  * The transfer can be started via software with:
 347:../Libraries/iLLD/TC4xx/Tricore/Hssl/Hssl/IfxHssl_Hssl.h ****  *
 348:../Libraries/iLLD/TC4xx/Tricore/Hssl/Hssl/IfxHssl_Hssl.h ****  * \code
 349:../Libraries/iLLD/TC4xx/Tricore/Hssl/Hssl/IfxHssl_Hssl.h ****  *     // clear service request flag
 350:../Libraries/iLLD/TC4xx/Tricore/Hssl/Hssl/IfxHssl_Hssl.h ****  *     (IfxDma_Dma_getSrcPointer(&chn))->B.CLRR = 1;
 351:../Libraries/iLLD/TC4xx/Tricore/Hssl/Hssl/IfxHssl_Hssl.h ****  *     // start linked list transaction
 352:../Libraries/iLLD/TC4xx/Tricore/Hssl/Hssl/IfxHssl_Hssl.h ****  *     IfxDma_Dma_startChannelTransaction(&chn);
 353:../Libraries/iLLD/TC4xx/Tricore/Hssl/Hssl/IfxHssl_Hssl.h ****  *     // wait for service request which is triggered at the end of linked list transfers
 354:../Libraries/iLLD/TC4xx/Tricore/Hssl/Hssl/IfxHssl_Hssl.h ****  *     while( !(IfxDma_Dma_getSrcPointer(&chn))->B.SRR );
 355:../Libraries/iLLD/TC4xx/Tricore/Hssl/Hssl/IfxHssl_Hssl.h ****  * \endcode
 356:../Libraries/iLLD/TC4xx/Tricore/Hssl/Hssl/IfxHssl_Hssl.h ****  *
 357:../Libraries/iLLD/TC4xx/Tricore/Hssl/Hssl/IfxHssl_Hssl.h ****  * \subsection IfxLld_Hssl_Hssl_Interrupts Interrupts usage
 358:../Libraries/iLLD/TC4xx/Tricore/Hssl/Hssl/IfxHssl_Hssl.h ****  *
 359:../Libraries/iLLD/TC4xx/Tricore/Hssl/Hssl/IfxHssl_Hssl.h ****  * Interrupts can be enabled from the application by using the APIs provided in the driver,
 360:../Libraries/iLLD/TC4xx/Tricore/Hssl/Hssl/IfxHssl_Hssl.h ****  * there are APIs available in the driver to enable, disable, clear and read the status of interrup
 361:../Libraries/iLLD/TC4xx/Tricore/Hssl/Hssl/IfxHssl_Hssl.h ****  * APIs to enable the interrupts are also available.
 362:../Libraries/iLLD/TC4xx/Tricore/Hssl/Hssl/IfxHssl_Hssl.h ****  *
 363:../Libraries/iLLD/TC4xx/Tricore/Hssl/Hssl/IfxHssl_Hssl.h ****  * here is an example of how to use the interrupts in HSSL driver.
 364:../Libraries/iLLD/TC4xx/Tricore/Hssl/Hssl/IfxHssl_Hssl.h ****  *
 365:../Libraries/iLLD/TC4xx/Tricore/Hssl/Hssl/IfxHssl_Hssl.h ****  * Using HSCT interrupts
 366:../Libraries/iLLD/TC4xx/Tricore/Hssl/Hssl/IfxHssl_Hssl.h ****  *
 367:../Libraries/iLLD/TC4xx/Tricore/Hssl/Hssl/IfxHssl_Hssl.h ****  * After initialising HSCT module \ref IfxLld_Hssl_Hssl_InitModule
 368:../Libraries/iLLD/TC4xx/Tricore/Hssl/Hssl/IfxHssl_Hssl.h ****  *
 369:../Libraries/iLLD/TC4xx/Tricore/Hssl/Hssl/IfxHssl_Hssl.h ****  * choose what flags needs to be enabled for HSCT interrupt and call the following function once fo
 370:../Libraries/iLLD/TC4xx/Tricore/Hssl/Hssl/IfxHssl_Hssl.h ****  * and after choosing all the flags needed, enable the HSCT interrupt with desired type of service 
 371:../Libraries/iLLD/TC4xx/Tricore/Hssl/Hssl/IfxHssl_Hssl.h ****  *
 372:../Libraries/iLLD/TC4xx/Tricore/Hssl/Hssl/IfxHssl_Hssl.h ****  * \code
 373:../Libraries/iLLD/TC4xx/Tricore/Hssl/Hssl/IfxHssl_Hssl.h ****  *     Ifx_HSCT *hsct = &MODULE_HSCT;
 374:../Libraries/iLLD/TC4xx/Tricore/Hssl/Hssl/IfxHssl_Hssl.h ****  *     IfxHssl_enableHsctInterruptFlag(hsct, IfxHssl_Hsct_InterruptSource_headerError);
 375:../Libraries/iLLD/TC4xx/Tricore/Hssl/Hssl/IfxHssl_Hssl.h ****  *     IfxHssl_enableHsctInterruptFlag(hsct, IfxHssl_Hsct_InterruptSource_payloadError);
 376:../Libraries/iLLD/TC4xx/Tricore/Hssl/Hssl/IfxHssl_Hssl.h ****  *     IfxHssl_enableHsctInterruptFlag(hsct, IfxHssl_Hsct_InterruptSource_commandError);
 377:../Libraries/iLLD/TC4xx/Tricore/Hssl/Hssl/IfxHssl_Hssl.h ****  *     IfxHssl_enableHsctInterruptFlag(hsct, IfxHssl_Hsct_InterruptSource_speedModeSwitchError);
 378:../Libraries/iLLD/TC4xx/Tricore/Hssl/Hssl/IfxHssl_Hssl.h ****  *
 379:../Libraries/iLLD/TC4xx/Tricore/Hssl/Hssl/IfxHssl_Hssl.h ****  *     // enable the HSCT interrupt
 380:../Libraries/iLLD/TC4xx/Tricore/Hssl/Hssl/IfxHssl_Hssl.h ****  *     IfxHssl_enableHsctInterrupt(hsct, IfxSrc_Tos_cpu0, 4);
 381:../Libraries/iLLD/TC4xx/Tricore/Hssl/Hssl/IfxHssl_Hssl.h ****  * \endcode
 382:../Libraries/iLLD/TC4xx/Tricore/Hssl/Hssl/IfxHssl_Hssl.h ****  *
 383:../Libraries/iLLD/TC4xx/Tricore/Hssl/Hssl/IfxHssl_Hssl.h ****  * Using HSSl interrupts
 384:../Libraries/iLLD/TC4xx/Tricore/Hssl/Hssl/IfxHssl_Hssl.h ****  *
 385:../Libraries/iLLD/TC4xx/Tricore/Hssl/Hssl/IfxHssl_Hssl.h ****  * HSSL global error interrupt (EXI)
 386:../Libraries/iLLD/TC4xx/Tricore/Hssl/Hssl/IfxHssl_Hssl.h ****  *
 387:../Libraries/iLLD/TC4xx/Tricore/Hssl/Hssl/IfxHssl_Hssl.h ****  * After initilaising HSSL module \ref IfxLld_Hssl_Hssl_InitModule
 388:../Libraries/iLLD/TC4xx/Tricore/Hssl/Hssl/IfxHssl_Hssl.h ****  *
 389:../Libraries/iLLD/TC4xx/Tricore/Hssl/Hssl/IfxHssl_Hssl.h ****  * choose what flags needs to be enabled for HSSL global error (EXI) interrupt and call the followi
 390:../Libraries/iLLD/TC4xx/Tricore/Hssl/Hssl/IfxHssl_Hssl.h ****  * and after choosing all the flags needed, enable the HSSL EXI interrupt with desired type of serv
 391:../Libraries/iLLD/TC4xx/Tricore/Hssl/Hssl/IfxHssl_Hssl.h ****  *
 392:../Libraries/iLLD/TC4xx/Tricore/Hssl/Hssl/IfxHssl_Hssl.h ****  * \code
 393:../Libraries/iLLD/TC4xx/Tricore/Hssl/Hssl/IfxHssl_Hssl.h ****  *     Ifx_HSSL *hssl = &MODULE_HSSL;
 394:../Libraries/iLLD/TC4xx/Tricore/Hssl/Hssl/IfxHssl_Hssl.h ****  *     IfxHssl_enableHsslGlobalErrorInterruptFlag(hssl, IfxHssl_Hssl_EXIInterruptSource_busAccessEr
 395:../Libraries/iLLD/TC4xx/Tricore/Hssl/Hssl/IfxHssl_Hssl.h ****  *     IfxHssl_enableHsslGlobalErrorInterruptFlag(hssl, IfxHssl_Hssl_EXIInterruptSource_dataLengthE
 396:../Libraries/iLLD/TC4xx/Tricore/Hssl/Hssl/IfxHssl_Hssl.h ****  *     IfxHssl_enableHsslGlobalErrorInterruptFlag(hssl, IfxHssl_Hssl_EXIInterruptSource_crcError);
 397:../Libraries/iLLD/TC4xx/Tricore/Hssl/Hssl/IfxHssl_Hssl.h ****  *
 398:../Libraries/iLLD/TC4xx/Tricore/Hssl/Hssl/IfxHssl_Hssl.h ****  *
 399:../Libraries/iLLD/TC4xx/Tricore/Hssl/Hssl/IfxHssl_Hssl.h ****  *     // enable the HSSL EXI interrupt
 400:../Libraries/iLLD/TC4xx/Tricore/Hssl/Hssl/IfxHssl_Hssl.h ****  *     IfxHssl_enableHsslEXIInterrupt(hssl, IfxSrc_Tos_cpu0, 6);
 401:../Libraries/iLLD/TC4xx/Tricore/Hssl/Hssl/IfxHssl_Hssl.h ****  * \endcode
 402:../Libraries/iLLD/TC4xx/Tricore/Hssl/Hssl/IfxHssl_Hssl.h ****  *
 403:../Libraries/iLLD/TC4xx/Tricore/Hssl/Hssl/IfxHssl_Hssl.h ****  * HSSL channel specific error interrupt (ERR)
 404:../Libraries/iLLD/TC4xx/Tricore/Hssl/Hssl/IfxHssl_Hssl.h ****  *
 405:../Libraries/iLLD/TC4xx/Tricore/Hssl/Hssl/IfxHssl_Hssl.h ****  * After initilaising HSSL channel \ref IfxLld_Hssl_Hssl_InitChannel
 406:../Libraries/iLLD/TC4xx/Tricore/Hssl/Hssl/IfxHssl_Hssl.h ****  *
 407:../Libraries/iLLD/TC4xx/Tricore/Hssl/Hssl/IfxHssl_Hssl.h ****  * choose what flags needs to be enabled for HSSL channel specific error (ERR) interrupt and call t
 408:../Libraries/iLLD/TC4xx/Tricore/Hssl/Hssl/IfxHssl_Hssl.h ****  * and after choosing all the flags needed, enable the HSSL ERR interrupt with desired channel, typ
 409:../Libraries/iLLD/TC4xx/Tricore/Hssl/Hssl/IfxHssl_Hssl.h ****  *
 410:../Libraries/iLLD/TC4xx/Tricore/Hssl/Hssl/IfxHssl_Hssl.h ****  * \code
 411:../Libraries/iLLD/TC4xx/Tricore/Hssl/Hssl/IfxHssl_Hssl.h ****  *     Ifx_HSSL *hssl = &MODULE_HSSL;
 412:../Libraries/iLLD/TC4xx/Tricore/Hssl/Hssl/IfxHssl_Hssl.h ****  *     IfxHssl_enableHsslChannelErrorInterruptFlag(hssl, channelId_0, IfxHssl_Hssl_ERRInterruptSour
 413:../Libraries/iLLD/TC4xx/Tricore/Hssl/Hssl/IfxHssl_Hssl.h ****  *     IfxHssl_enableHsslChannelErrorInterruptFlag(hssl, channelId_0, IfxHssl_Hssl_ERRInterruptSour
 414:../Libraries/iLLD/TC4xx/Tricore/Hssl/Hssl/IfxHssl_Hssl.h ****  *
 415:../Libraries/iLLD/TC4xx/Tricore/Hssl/Hssl/IfxHssl_Hssl.h ****  *     // enable the HSSL ERR interrupt
 416:../Libraries/iLLD/TC4xx/Tricore/Hssl/Hssl/IfxHssl_Hssl.h ****  *     IfxHssl_enableHsslERRInterrupt(hssl, channelId_0, IfxSrc_Tos_cpu0, 8);
 417:../Libraries/iLLD/TC4xx/Tricore/Hssl/Hssl/IfxHssl_Hssl.h ****  * \endcode
 418:../Libraries/iLLD/TC4xx/Tricore/Hssl/Hssl/IfxHssl_Hssl.h ****  *
 419:../Libraries/iLLD/TC4xx/Tricore/Hssl/Hssl/IfxHssl_Hssl.h ****  * you can define the ISR of your own and service the interrupt, please refer to more general usage
 420:../Libraries/iLLD/TC4xx/Tricore/Hssl/Hssl/IfxHssl_Hssl.h ****  *
 421:../Libraries/iLLD/TC4xx/Tricore/Hssl/Hssl/IfxHssl_Hssl.h ****  * some additional APIs to clear, disable interrupt flags and get flag status are also available.
 422:../Libraries/iLLD/TC4xx/Tricore/Hssl/Hssl/IfxHssl_Hssl.h ****  *
 423:../Libraries/iLLD/TC4xx/Tricore/Hssl/Hssl/IfxHssl_Hssl.h ****  * \defgroup IfxLld_Hssl_Hssl HSSL
 424:../Libraries/iLLD/TC4xx/Tricore/Hssl/Hssl/IfxHssl_Hssl.h ****  * \ingroup IfxLld_Hssl
 425:../Libraries/iLLD/TC4xx/Tricore/Hssl/Hssl/IfxHssl_Hssl.h ****  * \defgroup IfxLld_Hssl_Hssl_DataStructures Data Structures
 426:../Libraries/iLLD/TC4xx/Tricore/Hssl/Hssl/IfxHssl_Hssl.h ****  * \ingroup IfxLld_Hssl_Hssl
 427:../Libraries/iLLD/TC4xx/Tricore/Hssl/Hssl/IfxHssl_Hssl.h ****  * \defgroup IfxLld_Hssl_Hssl_Enumerations Enumerations
 428:../Libraries/iLLD/TC4xx/Tricore/Hssl/Hssl/IfxHssl_Hssl.h ****  * \ingroup IfxLld_Hssl_Hssl
 429:../Libraries/iLLD/TC4xx/Tricore/Hssl/Hssl/IfxHssl_Hssl.h ****  * \defgroup IfxLld_Hssl_Hssl_ModuleFunctions Module Functions
 430:../Libraries/iLLD/TC4xx/Tricore/Hssl/Hssl/IfxHssl_Hssl.h ****  * \ingroup IfxLld_Hssl_Hssl
 431:../Libraries/iLLD/TC4xx/Tricore/Hssl/Hssl/IfxHssl_Hssl.h ****  * \defgroup IfxLld_Hssl_Hssl_ChannelFunctions Channel Functions
 432:../Libraries/iLLD/TC4xx/Tricore/Hssl/Hssl/IfxHssl_Hssl.h ****  * \ingroup IfxLld_Hssl_Hssl
 433:../Libraries/iLLD/TC4xx/Tricore/Hssl/Hssl/IfxHssl_Hssl.h ****  * \defgroup IfxLld_Hssl_Hssl_SimpleCom Simple Communication
 434:../Libraries/iLLD/TC4xx/Tricore/Hssl/Hssl/IfxHssl_Hssl.h ****  * \ingroup IfxLld_Hssl_Hssl
 435:../Libraries/iLLD/TC4xx/Tricore/Hssl/Hssl/IfxHssl_Hssl.h ****  * \defgroup IfxLld_Hssl_Hssl_ErrorHandling Error Handling
 436:../Libraries/iLLD/TC4xx/Tricore/Hssl/Hssl/IfxHssl_Hssl.h ****  * \ingroup IfxLld_Hssl_Hssl
 437:../Libraries/iLLD/TC4xx/Tricore/Hssl/Hssl/IfxHssl_Hssl.h ****  * \defgroup IfxLld_Hssl_Hssl_StreamingCom Streaming Communication
 438:../Libraries/iLLD/TC4xx/Tricore/Hssl/Hssl/IfxHssl_Hssl.h ****  * \ingroup IfxLld_Hssl_Hssl
 439:../Libraries/iLLD/TC4xx/Tricore/Hssl/Hssl/IfxHssl_Hssl.h ****  */
 440:../Libraries/iLLD/TC4xx/Tricore/Hssl/Hssl/IfxHssl_Hssl.h **** 
 441:../Libraries/iLLD/TC4xx/Tricore/Hssl/Hssl/IfxHssl_Hssl.h **** #ifndef IFXHSSL_HSSL_H
 442:../Libraries/iLLD/TC4xx/Tricore/Hssl/Hssl/IfxHssl_Hssl.h **** #define IFXHSSL_HSSL_H 1
 443:../Libraries/iLLD/TC4xx/Tricore/Hssl/Hssl/IfxHssl_Hssl.h **** 
 444:../Libraries/iLLD/TC4xx/Tricore/Hssl/Hssl/IfxHssl_Hssl.h **** /******************************************************************************/
 445:../Libraries/iLLD/TC4xx/Tricore/Hssl/Hssl/IfxHssl_Hssl.h **** /*----------------------------------Includes----------------------------------*/
 446:../Libraries/iLLD/TC4xx/Tricore/Hssl/Hssl/IfxHssl_Hssl.h **** /******************************************************************************/
 447:../Libraries/iLLD/TC4xx/Tricore/Hssl/Hssl/IfxHssl_Hssl.h **** 
 448:../Libraries/iLLD/TC4xx/Tricore/Hssl/Hssl/IfxHssl_Hssl.h **** #include "Hssl/Std/IfxHssl.h"
 449:../Libraries/iLLD/TC4xx/Tricore/Hssl/Hssl/IfxHssl_Hssl.h **** 
 450:../Libraries/iLLD/TC4xx/Tricore/Hssl/Hssl/IfxHssl_Hssl.h **** /******************************************************************************/
 451:../Libraries/iLLD/TC4xx/Tricore/Hssl/Hssl/IfxHssl_Hssl.h **** /*--------------------------------Enumerations--------------------------------*/
 452:../Libraries/iLLD/TC4xx/Tricore/Hssl/Hssl/IfxHssl_Hssl.h **** /******************************************************************************/
 453:../Libraries/iLLD/TC4xx/Tricore/Hssl/Hssl/IfxHssl_Hssl.h **** 
 454:../Libraries/iLLD/TC4xx/Tricore/Hssl/Hssl/IfxHssl_Hssl.h **** /** \addtogroup IfxLld_Hssl_Hssl_Enumerations
 455:../Libraries/iLLD/TC4xx/Tricore/Hssl/Hssl/IfxHssl_Hssl.h ****  * \{ */
 456:../Libraries/iLLD/TC4xx/Tricore/Hssl/Hssl/IfxHssl_Hssl.h **** /** \brief frame request selection
 457:../Libraries/iLLD/TC4xx/Tricore/Hssl/Hssl/IfxHssl_Hssl.h ****  */
 458:../Libraries/iLLD/TC4xx/Tricore/Hssl/Hssl/IfxHssl_Hssl.h **** typedef enum
 459:../Libraries/iLLD/TC4xx/Tricore/Hssl/Hssl/IfxHssl_Hssl.h **** {
 460:../Libraries/iLLD/TC4xx/Tricore/Hssl/Hssl/IfxHssl_Hssl.h ****     IfxHssl_Hssl_FrameRequest_readFrame    = 1,  /**< \brief read frame rquest */
 461:../Libraries/iLLD/TC4xx/Tricore/Hssl/Hssl/IfxHssl_Hssl.h ****     IfxHssl_Hssl_FrameRequest_writeFrame   = 2,  /**< \brief write frame rquest */
 462:../Libraries/iLLD/TC4xx/Tricore/Hssl/Hssl/IfxHssl_Hssl.h ****     IfxHssl_Hssl_FrameRequest_triggerFrame = 3,  /**< \brief trigger frame rquest */
 463:../Libraries/iLLD/TC4xx/Tricore/Hssl/Hssl/IfxHssl_Hssl.h ****     IfxHssl_Hssl_FrameRequest_readId       = 4,  /**< \brief read id request */
 464:../Libraries/iLLD/TC4xx/Tricore/Hssl/Hssl/IfxHssl_Hssl.h ****     IfxHssl_Hssl_FrameRequest_noAction     = 5   /**< \brief no action */
 465:../Libraries/iLLD/TC4xx/Tricore/Hssl/Hssl/IfxHssl_Hssl.h **** } IfxHssl_Hssl_FrameRequest;
 466:../Libraries/iLLD/TC4xx/Tricore/Hssl/Hssl/IfxHssl_Hssl.h **** 
 467:../Libraries/iLLD/TC4xx/Tricore/Hssl/Hssl/IfxHssl_Hssl.h **** /** \brief module status
 468:../Libraries/iLLD/TC4xx/Tricore/Hssl/Hssl/IfxHssl_Hssl.h ****  */
 469:../Libraries/iLLD/TC4xx/Tricore/Hssl/Hssl/IfxHssl_Hssl.h **** typedef enum
 470:../Libraries/iLLD/TC4xx/Tricore/Hssl/Hssl/IfxHssl_Hssl.h **** {
 471:../Libraries/iLLD/TC4xx/Tricore/Hssl/Hssl/IfxHssl_Hssl.h ****     IfxHssl_Hssl_Status_ok    = 0, /**< \brief status ok */
 472:../Libraries/iLLD/TC4xx/Tricore/Hssl/Hssl/IfxHssl_Hssl.h ****     IfxHssl_Hssl_Status_busy  = 1, /**< \brief status busy */
 473:../Libraries/iLLD/TC4xx/Tricore/Hssl/Hssl/IfxHssl_Hssl.h ****     IfxHssl_Hssl_Status_error = 2  /**< \brief status error */
 474:../Libraries/iLLD/TC4xx/Tricore/Hssl/Hssl/IfxHssl_Hssl.h **** } IfxHssl_Hssl_Status;
 475:../Libraries/iLLD/TC4xx/Tricore/Hssl/Hssl/IfxHssl_Hssl.h **** 
 476:../Libraries/iLLD/TC4xx/Tricore/Hssl/Hssl/IfxHssl_Hssl.h **** /** \} */
 477:../Libraries/iLLD/TC4xx/Tricore/Hssl/Hssl/IfxHssl_Hssl.h **** 
 478:../Libraries/iLLD/TC4xx/Tricore/Hssl/Hssl/IfxHssl_Hssl.h **** /******************************************************************************/
 479:../Libraries/iLLD/TC4xx/Tricore/Hssl/Hssl/IfxHssl_Hssl.h **** /*-----------------------------Data Structures--------------------------------*/
 480:../Libraries/iLLD/TC4xx/Tricore/Hssl/Hssl/IfxHssl_Hssl.h **** /******************************************************************************/
 481:../Libraries/iLLD/TC4xx/Tricore/Hssl/Hssl/IfxHssl_Hssl.h **** 
 482:../Libraries/iLLD/TC4xx/Tricore/Hssl/Hssl/IfxHssl_Hssl.h **** /** \addtogroup IfxLld_Hssl_Hssl_DataStructures
 483:../Libraries/iLLD/TC4xx/Tricore/Hssl/Hssl/IfxHssl_Hssl.h ****  * \{ */
 484:../Libraries/iLLD/TC4xx/Tricore/Hssl/Hssl/IfxHssl_Hssl.h **** /** \brief structure for access windows
 485:../Libraries/iLLD/TC4xx/Tricore/Hssl/Hssl/IfxHssl_Hssl.h ****  */
 486:../Libraries/iLLD/TC4xx/Tricore/Hssl/Hssl/IfxHssl_Hssl.h **** typedef struct
 487:../Libraries/iLLD/TC4xx/Tricore/Hssl/Hssl/IfxHssl_Hssl.h **** {
 488:../Libraries/iLLD/TC4xx/Tricore/Hssl/Hssl/IfxHssl_Hssl.h ****     uint32 start;       /**< \brief start of the access */
 489:../Libraries/iLLD/TC4xx/Tricore/Hssl/Hssl/IfxHssl_Hssl.h ****     uint32 end;         /**< \brief end of the access */
 490:../Libraries/iLLD/TC4xx/Tricore/Hssl/Hssl/IfxHssl_Hssl.h **** } IfxHssl_Hssl_AccessWindow;
 491:../Libraries/iLLD/TC4xx/Tricore/Hssl/Hssl/IfxHssl_Hssl.h **** 
 492:../Libraries/iLLD/TC4xx/Tricore/Hssl/Hssl/IfxHssl_Hssl.h **** /** \} */
 493:../Libraries/iLLD/TC4xx/Tricore/Hssl/Hssl/IfxHssl_Hssl.h **** 
 494:../Libraries/iLLD/TC4xx/Tricore/Hssl/Hssl/IfxHssl_Hssl.h **** /** \brief structure for error flags
 495:../Libraries/iLLD/TC4xx/Tricore/Hssl/Hssl/IfxHssl_Hssl.h ****  */
 496:../Libraries/iLLD/TC4xx/Tricore/Hssl/Hssl/IfxHssl_Hssl.h **** typedef struct
 497:../Libraries/iLLD/TC4xx/Tricore/Hssl/Hssl/IfxHssl_Hssl.h **** {
 498:../Libraries/iLLD/TC4xx/Tricore/Hssl/Hssl/IfxHssl_Hssl.h ****     uint8 notAcknowledgeError : 1;        /**< \brief not acknowledge error / tag error */
 499:../Libraries/iLLD/TC4xx/Tricore/Hssl/Hssl/IfxHssl_Hssl.h ****     uint8 transactionTagError : 1;        /**< \brief transaction tag error */
 500:../Libraries/iLLD/TC4xx/Tricore/Hssl/Hssl/IfxHssl_Hssl.h ****     uint8 timeoutError : 1;               /**< \brief timeout error */
 501:../Libraries/iLLD/TC4xx/Tricore/Hssl/Hssl/IfxHssl_Hssl.h ****     uint8 unexpectedError : 1;            /**< \brief unexpected type of frame error */
 502:../Libraries/iLLD/TC4xx/Tricore/Hssl/Hssl/IfxHssl_Hssl.h ****     uint8 memoryAccessViolation : 1;      /**< \brief memory access violation */
 503:../Libraries/iLLD/TC4xx/Tricore/Hssl/Hssl/IfxHssl_Hssl.h ****     uint8 busAccessError : 1;             /**< \brief SRI/SPB bus access error */
 504:../Libraries/iLLD/TC4xx/Tricore/Hssl/Hssl/IfxHssl_Hssl.h ****     uint8 channelNumberCodeError : 1;     /**< \brief PHY inconsistency error 1 (channel number cod
 505:../Libraries/iLLD/TC4xx/Tricore/Hssl/Hssl/IfxHssl_Hssl.h ****     uint8 dataLengthError : 1;            /**< \brief PHY inconsistency error 2 (data length error)
 506:../Libraries/iLLD/TC4xx/Tricore/Hssl/Hssl/IfxHssl_Hssl.h ****     uint8 crcError : 1;                   /**< \brief CRC error */
 507:../Libraries/iLLD/TC4xx/Tricore/Hssl/Hssl/IfxHssl_Hssl.h **** } IfxHssl_Hssl_errorFlags;
 508:../Libraries/iLLD/TC4xx/Tricore/Hssl/Hssl/IfxHssl_Hssl.h **** 
 509:../Libraries/iLLD/TC4xx/Tricore/Hssl/Hssl/IfxHssl_Hssl.h **** /** \addtogroup IfxLld_Hssl_Hssl_DataStructures
 510:../Libraries/iLLD/TC4xx/Tricore/Hssl/Hssl/IfxHssl_Hssl.h ****  * \{ */
 511:../Libraries/iLLD/TC4xx/Tricore/Hssl/Hssl/IfxHssl_Hssl.h **** /** \brief HSSL Handle
 512:../Libraries/iLLD/TC4xx/Tricore/Hssl/Hssl/IfxHssl_Hssl.h ****  */
 513:../Libraries/iLLD/TC4xx/Tricore/Hssl/Hssl/IfxHssl_Hssl.h **** typedef struct
 514:../Libraries/iLLD/TC4xx/Tricore/Hssl/Hssl/IfxHssl_Hssl.h **** {
 515:../Libraries/iLLD/TC4xx/Tricore/Hssl/Hssl/IfxHssl_Hssl.h ****     Ifx_HSSL               *hssl;             /**< \brief pointer to HSSL register */
 516:../Libraries/iLLD/TC4xx/Tricore/Hssl/Hssl/IfxHssl_Hssl.h ****     IfxHssl_Hssl_errorFlags errorFlags;       /**< \brief structure for error flags */
 517:../Libraries/iLLD/TC4xx/Tricore/Hssl/Hssl/IfxHssl_Hssl.h ****     boolean                 loopBack;         /**< \brief loop back (enable / disable) for streamin
 518:../Libraries/iLLD/TC4xx/Tricore/Hssl/Hssl/IfxHssl_Hssl.h **** } IfxHssl_Hssl;
 519:../Libraries/iLLD/TC4xx/Tricore/Hssl/Hssl/IfxHssl_Hssl.h **** 
 520:../Libraries/iLLD/TC4xx/Tricore/Hssl/Hssl/IfxHssl_Hssl.h **** /** \brief channel handle
 521:../Libraries/iLLD/TC4xx/Tricore/Hssl/Hssl/IfxHssl_Hssl.h ****  */
 522:../Libraries/iLLD/TC4xx/Tricore/Hssl/Hssl/IfxHssl_Hssl.h **** typedef struct
 523:../Libraries/iLLD/TC4xx/Tricore/Hssl/Hssl/IfxHssl_Hssl.h **** {
 524:../Libraries/iLLD/TC4xx/Tricore/Hssl/Hssl/IfxHssl_Hssl.h ****     Ifx_HSSL                 *hssl;                      /**< \brief pointer to HSSL registers */
 525:../Libraries/iLLD/TC4xx/Tricore/Hssl/Hssl/IfxHssl_Hssl.h ****     Ifx_HSCT                 *hsct;                      /**< \brief pointer to HSCT registers */
 526:../Libraries/iLLD/TC4xx/Tricore/Hssl/Hssl/IfxHssl_Hssl.h ****     IfxHssl_ChannelId         channelId;                 /**< \brief channel number (id) */
 527:../Libraries/iLLD/TC4xx/Tricore/Hssl/Hssl/IfxHssl_Hssl.h ****     IfxHssl_Hssl_FrameRequest currentFrameRequest;       /**< \brief current frame request */
 528:../Libraries/iLLD/TC4xx/Tricore/Hssl/Hssl/IfxHssl_Hssl.h ****     IfxHssl_StreamingMode     streamingMode;             /**< \brief streaming mode selection ( sin
 529:../Libraries/iLLD/TC4xx/Tricore/Hssl/Hssl/IfxHssl_Hssl.h ****     boolean                   loopBack;                  /**< \brief loopback (enable / disable) fo
 530:../Libraries/iLLD/TC4xx/Tricore/Hssl/Hssl/IfxHssl_Hssl.h ****     boolean                   streamingModeOn;           /**< \brief streaming mode or command mode
 531:../Libraries/iLLD/TC4xx/Tricore/Hssl/Hssl/IfxHssl_Hssl.h **** } IfxHssl_Hssl_Channel;
 532:../Libraries/iLLD/TC4xx/Tricore/Hssl/Hssl/IfxHssl_Hssl.h **** 
 533:../Libraries/iLLD/TC4xx/Tricore/Hssl/Hssl/IfxHssl_Hssl.h **** /** \brief configuration structure for channel
 534:../Libraries/iLLD/TC4xx/Tricore/Hssl/Hssl/IfxHssl_Hssl.h ****  */
 535:../Libraries/iLLD/TC4xx/Tricore/Hssl/Hssl/IfxHssl_Hssl.h **** typedef struct
 536:../Libraries/iLLD/TC4xx/Tricore/Hssl/Hssl/IfxHssl_Hssl.h **** {
 537:../Libraries/iLLD/TC4xx/Tricore/Hssl/Hssl/IfxHssl_Hssl.h ****     Ifx_HSSL             *hssl;                /**< \brief pointer to HSSL registers */
 538:../Libraries/iLLD/TC4xx/Tricore/Hssl/Hssl/IfxHssl_Hssl.h ****     Ifx_HSCT             *hsct;                /**< \brief pointer to HSCT registers */
 539:../Libraries/iLLD/TC4xx/Tricore/Hssl/Hssl/IfxHssl_Hssl.h ****     IfxHssl_ChannelId     channelId;           /**< \brief channel number (id) */
 540:../Libraries/iLLD/TC4xx/Tricore/Hssl/Hssl/IfxHssl_Hssl.h ****     IfxHssl_StreamingMode streamingMode;       /**< \brief streaming mode selection ( single / cont
 541:../Libraries/iLLD/TC4xx/Tricore/Hssl/Hssl/IfxHssl_Hssl.h ****     boolean               loopBack;            /**< \brief loop back (enable / disable) for streami
 542:../Libraries/iLLD/TC4xx/Tricore/Hssl/Hssl/IfxHssl_Hssl.h **** } IfxHssl_Hssl_ChannelConfig;
 543:../Libraries/iLLD/TC4xx/Tricore/Hssl/Hssl/IfxHssl_Hssl.h **** 
 544:../Libraries/iLLD/TC4xx/Tricore/Hssl/Hssl/IfxHssl_Hssl.h **** /** \brief configuration structure of the HSSL module
 545:../Libraries/iLLD/TC4xx/Tricore/Hssl/Hssl/IfxHssl_Hssl.h ****  */
 546:../Libraries/iLLD/TC4xx/Tricore/Hssl/Hssl/IfxHssl_Hssl.h **** typedef struct
 547:../Libraries/iLLD/TC4xx/Tricore/Hssl/Hssl/IfxHssl_Hssl.h **** {
 548:../Libraries/iLLD/TC4xx/Tricore/Hssl/Hssl/IfxHssl_Hssl.h ****     Ifx_HSSL                 *hssl;                /**< \brief pointer to HSSL registers */
 549:../Libraries/iLLD/TC4xx/Tricore/Hssl/Hssl/IfxHssl_Hssl.h ****     IfxHssl_Hssl_AccessWindow accessWindow0;       /**< \brief access window of channel 0 */
 550:../Libraries/iLLD/TC4xx/Tricore/Hssl/Hssl/IfxHssl_Hssl.h ****     IfxHssl_Hssl_AccessWindow accessWindow1;       /**< \brief access window of channel 1 */
 551:../Libraries/iLLD/TC4xx/Tricore/Hssl/Hssl/IfxHssl_Hssl.h ****     IfxHssl_Hssl_AccessWindow accessWindow2;       /**< \brief access window of channel 2 */
 552:../Libraries/iLLD/TC4xx/Tricore/Hssl/Hssl/IfxHssl_Hssl.h ****     IfxHssl_Hssl_AccessWindow accessWindow3;       /**< \brief access window of channel 3 */
 553:../Libraries/iLLD/TC4xx/Tricore/Hssl/Hssl/IfxHssl_Hssl.h ****     uint16                    preDivider;          /**< \brief Defines the down-scaled module clock
 554:../Libraries/iLLD/TC4xx/Tricore/Hssl/Hssl/IfxHssl_Hssl.h **** } IfxHssl_Hssl_Config;
 555:../Libraries/iLLD/TC4xx/Tricore/Hssl/Hssl/IfxHssl_Hssl.h **** 
 556:../Libraries/iLLD/TC4xx/Tricore/Hssl/Hssl/IfxHssl_Hssl.h **** /** \} */
 557:../Libraries/iLLD/TC4xx/Tricore/Hssl/Hssl/IfxHssl_Hssl.h **** 
 558:../Libraries/iLLD/TC4xx/Tricore/Hssl/Hssl/IfxHssl_Hssl.h **** /** \addtogroup IfxLld_Hssl_Hssl_ModuleFunctions
 559:../Libraries/iLLD/TC4xx/Tricore/Hssl/Hssl/IfxHssl_Hssl.h ****  * \{ */
 560:../Libraries/iLLD/TC4xx/Tricore/Hssl/Hssl/IfxHssl_Hssl.h **** 
 561:../Libraries/iLLD/TC4xx/Tricore/Hssl/Hssl/IfxHssl_Hssl.h **** /******************************************************************************/
 562:../Libraries/iLLD/TC4xx/Tricore/Hssl/Hssl/IfxHssl_Hssl.h **** /*-------------------------Global Function Prototypes-------------------------*/
 563:../Libraries/iLLD/TC4xx/Tricore/Hssl/Hssl/IfxHssl_Hssl.h **** /******************************************************************************/
 564:../Libraries/iLLD/TC4xx/Tricore/Hssl/Hssl/IfxHssl_Hssl.h **** 
 565:../Libraries/iLLD/TC4xx/Tricore/Hssl/Hssl/IfxHssl_Hssl.h **** /** \brief Initialises the module
 566:../Libraries/iLLD/TC4xx/Tricore/Hssl/Hssl/IfxHssl_Hssl.h ****  * \param hsct HSCT Handle
 567:../Libraries/iLLD/TC4xx/Tricore/Hssl/Hssl/IfxHssl_Hssl.h ****  * \param config configuration structure of the HSCT module
 568:../Libraries/iLLD/TC4xx/Tricore/Hssl/Hssl/IfxHssl_Hssl.h ****  * \return None
 569:../Libraries/iLLD/TC4xx/Tricore/Hssl/Hssl/IfxHssl_Hssl.h ****  *
 570:../Libraries/iLLD/TC4xx/Tricore/Hssl/Hssl/IfxHssl_Hssl.h ****  * A coding example can be found in \ref IfxLld_Hssl_Hssl_Usage
 571:../Libraries/iLLD/TC4xx/Tricore/Hssl/Hssl/IfxHssl_Hssl.h ****  *
 572:../Libraries/iLLD/TC4xx/Tricore/Hssl/Hssl/IfxHssl_Hssl.h ****  */
 573:../Libraries/iLLD/TC4xx/Tricore/Hssl/Hssl/IfxHssl_Hssl.h **** IFX_EXTERN void IfxHssl_Hssl_initHsctModule(IfxHssl_Hsct *hsct, const IfxHssl_Hsct_Config *config);
 574:../Libraries/iLLD/TC4xx/Tricore/Hssl/Hssl/IfxHssl_Hssl.h **** 
 575:../Libraries/iLLD/TC4xx/Tricore/Hssl/Hssl/IfxHssl_Hssl.h **** /** \brief Fills the config structure with default values
 576:../Libraries/iLLD/TC4xx/Tricore/Hssl/Hssl/IfxHssl_Hssl.h ****  * \param config configuration structure of the HSCT module
 577:../Libraries/iLLD/TC4xx/Tricore/Hssl/Hssl/IfxHssl_Hssl.h ****  * \param hsct pointer to HSCT register
 578:../Libraries/iLLD/TC4xx/Tricore/Hssl/Hssl/IfxHssl_Hssl.h ****  * \return None
 579:../Libraries/iLLD/TC4xx/Tricore/Hssl/Hssl/IfxHssl_Hssl.h ****  *
 580:../Libraries/iLLD/TC4xx/Tricore/Hssl/Hssl/IfxHssl_Hssl.h ****  * A coding example can be found in \ref IfxLld_Hssl_Hssl_Usage
 581:../Libraries/iLLD/TC4xx/Tricore/Hssl/Hssl/IfxHssl_Hssl.h ****  *
 582:../Libraries/iLLD/TC4xx/Tricore/Hssl/Hssl/IfxHssl_Hssl.h ****  */
 583:../Libraries/iLLD/TC4xx/Tricore/Hssl/Hssl/IfxHssl_Hssl.h **** IFX_EXTERN void IfxHssl_Hssl_initHsctModuleConfig(IfxHssl_Hsct_Config *config, Ifx_HSCT *hsct);
 584:../Libraries/iLLD/TC4xx/Tricore/Hssl/Hssl/IfxHssl_Hssl.h **** 
 585:../Libraries/iLLD/TC4xx/Tricore/Hssl/Hssl/IfxHssl_Hssl.h **** /** \brief Initialises the Hssl module
 586:../Libraries/iLLD/TC4xx/Tricore/Hssl/Hssl/IfxHssl_Hssl.h ****  * \param hssl HSSL handle
 587:../Libraries/iLLD/TC4xx/Tricore/Hssl/Hssl/IfxHssl_Hssl.h ****  * \param config configuration structure of the module
 588:../Libraries/iLLD/TC4xx/Tricore/Hssl/Hssl/IfxHssl_Hssl.h ****  * \return None
 589:../Libraries/iLLD/TC4xx/Tricore/Hssl/Hssl/IfxHssl_Hssl.h ****  *
 590:../Libraries/iLLD/TC4xx/Tricore/Hssl/Hssl/IfxHssl_Hssl.h ****  * A coding example can be found in \ref IfxLld_Hssl_Hssl_Usage
 591:../Libraries/iLLD/TC4xx/Tricore/Hssl/Hssl/IfxHssl_Hssl.h ****  *
 592:../Libraries/iLLD/TC4xx/Tricore/Hssl/Hssl/IfxHssl_Hssl.h ****  */
 593:../Libraries/iLLD/TC4xx/Tricore/Hssl/Hssl/IfxHssl_Hssl.h **** IFX_EXTERN void IfxHssl_Hssl_initHsslModule(IfxHssl_Hssl *hssl, const IfxHssl_Hssl_Config *config);
 594:../Libraries/iLLD/TC4xx/Tricore/Hssl/Hssl/IfxHssl_Hssl.h **** 
 595:../Libraries/iLLD/TC4xx/Tricore/Hssl/Hssl/IfxHssl_Hssl.h **** /** \brief Fills the config structure with default values
 596:../Libraries/iLLD/TC4xx/Tricore/Hssl/Hssl/IfxHssl_Hssl.h ****  * \param config configuration structure of the module
 597:../Libraries/iLLD/TC4xx/Tricore/Hssl/Hssl/IfxHssl_Hssl.h ****  * \param hssl pointer to HSSL registers
 598:../Libraries/iLLD/TC4xx/Tricore/Hssl/Hssl/IfxHssl_Hssl.h ****  * \return None
 599:../Libraries/iLLD/TC4xx/Tricore/Hssl/Hssl/IfxHssl_Hssl.h ****  *
 600:../Libraries/iLLD/TC4xx/Tricore/Hssl/Hssl/IfxHssl_Hssl.h ****  * A coding example can be found in \ref IfxLld_Hssl_Hssl_Usage
 601:../Libraries/iLLD/TC4xx/Tricore/Hssl/Hssl/IfxHssl_Hssl.h ****  *
 602:../Libraries/iLLD/TC4xx/Tricore/Hssl/Hssl/IfxHssl_Hssl.h ****  */
 603:../Libraries/iLLD/TC4xx/Tricore/Hssl/Hssl/IfxHssl_Hssl.h **** IFX_EXTERN void IfxHssl_Hssl_initHsslModuleConfig(IfxHssl_Hssl_Config *config, Ifx_HSSL *hssl);
 604:../Libraries/iLLD/TC4xx/Tricore/Hssl/Hssl/IfxHssl_Hssl.h **** 
 605:../Libraries/iLLD/TC4xx/Tricore/Hssl/Hssl/IfxHssl_Hssl.h **** /** \} */
 606:../Libraries/iLLD/TC4xx/Tricore/Hssl/Hssl/IfxHssl_Hssl.h **** 
 607:../Libraries/iLLD/TC4xx/Tricore/Hssl/Hssl/IfxHssl_Hssl.h **** /** \addtogroup IfxLld_Hssl_Hssl_ChannelFunctions
 608:../Libraries/iLLD/TC4xx/Tricore/Hssl/Hssl/IfxHssl_Hssl.h ****  * \{ */
 609:../Libraries/iLLD/TC4xx/Tricore/Hssl/Hssl/IfxHssl_Hssl.h **** 
 610:../Libraries/iLLD/TC4xx/Tricore/Hssl/Hssl/IfxHssl_Hssl.h **** /******************************************************************************/
 611:../Libraries/iLLD/TC4xx/Tricore/Hssl/Hssl/IfxHssl_Hssl.h **** /*-------------------------Global Function Prototypes-------------------------*/
 612:../Libraries/iLLD/TC4xx/Tricore/Hssl/Hssl/IfxHssl_Hssl.h **** /******************************************************************************/
 613:../Libraries/iLLD/TC4xx/Tricore/Hssl/Hssl/IfxHssl_Hssl.h **** 
 614:../Libraries/iLLD/TC4xx/Tricore/Hssl/Hssl/IfxHssl_Hssl.h **** /** \brief Initialises the channel
 615:../Libraries/iLLD/TC4xx/Tricore/Hssl/Hssl/IfxHssl_Hssl.h ****  * \param channel channel handle
 616:../Libraries/iLLD/TC4xx/Tricore/Hssl/Hssl/IfxHssl_Hssl.h ****  * \param channelConfig configuration structure for channel
 617:../Libraries/iLLD/TC4xx/Tricore/Hssl/Hssl/IfxHssl_Hssl.h ****  * \return None
 618:../Libraries/iLLD/TC4xx/Tricore/Hssl/Hssl/IfxHssl_Hssl.h ****  *
 619:../Libraries/iLLD/TC4xx/Tricore/Hssl/Hssl/IfxHssl_Hssl.h ****  * A coding example can be found in \ref IfxLld_Hssl_Hssl_Usage
 620:../Libraries/iLLD/TC4xx/Tricore/Hssl/Hssl/IfxHssl_Hssl.h ****  *
 621:../Libraries/iLLD/TC4xx/Tricore/Hssl/Hssl/IfxHssl_Hssl.h ****  */
 622:../Libraries/iLLD/TC4xx/Tricore/Hssl/Hssl/IfxHssl_Hssl.h **** IFX_EXTERN void IfxHssl_Hssl_initChannel(IfxHssl_Hssl_Channel *channel, const IfxHssl_Hssl_ChannelC
 623:../Libraries/iLLD/TC4xx/Tricore/Hssl/Hssl/IfxHssl_Hssl.h **** 
 624:../Libraries/iLLD/TC4xx/Tricore/Hssl/Hssl/IfxHssl_Hssl.h **** /** \brief Fills the channel config structure with default values
 625:../Libraries/iLLD/TC4xx/Tricore/Hssl/Hssl/IfxHssl_Hssl.h ****  * \param channelConfig configuration structure for channel
 626:../Libraries/iLLD/TC4xx/Tricore/Hssl/Hssl/IfxHssl_Hssl.h ****  * \param hssl HSSL Handle
 627:../Libraries/iLLD/TC4xx/Tricore/Hssl/Hssl/IfxHssl_Hssl.h ****  * \param hsct HSCT Handle
 628:../Libraries/iLLD/TC4xx/Tricore/Hssl/Hssl/IfxHssl_Hssl.h ****  * \return None
 629:../Libraries/iLLD/TC4xx/Tricore/Hssl/Hssl/IfxHssl_Hssl.h ****  *
 630:../Libraries/iLLD/TC4xx/Tricore/Hssl/Hssl/IfxHssl_Hssl.h ****  * A coding example can be found in \ref IfxLld_Hssl_Hssl_Usage
 631:../Libraries/iLLD/TC4xx/Tricore/Hssl/Hssl/IfxHssl_Hssl.h ****  *
 632:../Libraries/iLLD/TC4xx/Tricore/Hssl/Hssl/IfxHssl_Hssl.h ****  */
 633:../Libraries/iLLD/TC4xx/Tricore/Hssl/Hssl/IfxHssl_Hssl.h **** IFX_EXTERN void IfxHssl_Hssl_initChannelConfig(IfxHssl_Hssl_ChannelConfig *channelConfig, IfxHssl_H
 634:../Libraries/iLLD/TC4xx/Tricore/Hssl/Hssl/IfxHssl_Hssl.h **** 
 635:../Libraries/iLLD/TC4xx/Tricore/Hssl/Hssl/IfxHssl_Hssl.h **** /** \} */
 636:../Libraries/iLLD/TC4xx/Tricore/Hssl/Hssl/IfxHssl_Hssl.h **** 
 637:../Libraries/iLLD/TC4xx/Tricore/Hssl/Hssl/IfxHssl_Hssl.h **** /** \addtogroup IfxLld_Hssl_Hssl_SimpleCom
 638:../Libraries/iLLD/TC4xx/Tricore/Hssl/Hssl/IfxHssl_Hssl.h ****  * \{ */
 639:../Libraries/iLLD/TC4xx/Tricore/Hssl/Hssl/IfxHssl_Hssl.h **** 
 640:../Libraries/iLLD/TC4xx/Tricore/Hssl/Hssl/IfxHssl_Hssl.h **** /******************************************************************************/
 641:../Libraries/iLLD/TC4xx/Tricore/Hssl/Hssl/IfxHssl_Hssl.h **** /*-------------------------Inline Function Prototypes-------------------------*/
 642:../Libraries/iLLD/TC4xx/Tricore/Hssl/Hssl/IfxHssl_Hssl.h **** /******************************************************************************/
 643:../Libraries/iLLD/TC4xx/Tricore/Hssl/Hssl/IfxHssl_Hssl.h **** 
 644:../Libraries/iLLD/TC4xx/Tricore/Hssl/Hssl/IfxHssl_Hssl.h **** /** \brief reads and returs the data
 645:../Libraries/iLLD/TC4xx/Tricore/Hssl/Hssl/IfxHssl_Hssl.h ****  * \param channel channel handle
 646:../Libraries/iLLD/TC4xx/Tricore/Hssl/Hssl/IfxHssl_Hssl.h ****  * \return data
 647:../Libraries/iLLD/TC4xx/Tricore/Hssl/Hssl/IfxHssl_Hssl.h ****  *
 648:../Libraries/iLLD/TC4xx/Tricore/Hssl/Hssl/IfxHssl_Hssl.h ****  * A coding example can be found in \ref IfxLld_Hssl_Hssl_Usage
 649:../Libraries/iLLD/TC4xx/Tricore/Hssl/Hssl/IfxHssl_Hssl.h ****  *
 650:../Libraries/iLLD/TC4xx/Tricore/Hssl/Hssl/IfxHssl_Hssl.h ****  */
 651:../Libraries/iLLD/TC4xx/Tricore/Hssl/Hssl/IfxHssl_Hssl.h **** IFX_INLINE uint32 IfxHssl_Hssl_getReadData(IfxHssl_Hssl_Channel *channel);
 652:../Libraries/iLLD/TC4xx/Tricore/Hssl/Hssl/IfxHssl_Hssl.h **** 
 653:../Libraries/iLLD/TC4xx/Tricore/Hssl/Hssl/IfxHssl_Hssl.h **** /******************************************************************************/
 654:../Libraries/iLLD/TC4xx/Tricore/Hssl/Hssl/IfxHssl_Hssl.h **** /*-------------------------Global Function Prototypes-------------------------*/
 655:../Libraries/iLLD/TC4xx/Tricore/Hssl/Hssl/IfxHssl_Hssl.h **** /******************************************************************************/
 656:../Libraries/iLLD/TC4xx/Tricore/Hssl/Hssl/IfxHssl_Hssl.h **** 
 657:../Libraries/iLLD/TC4xx/Tricore/Hssl/Hssl/IfxHssl_Hssl.h **** /** \brief Initiates read request
 658:../Libraries/iLLD/TC4xx/Tricore/Hssl/Hssl/IfxHssl_Hssl.h ****  * \param channel channel handle
 659:../Libraries/iLLD/TC4xx/Tricore/Hssl/Hssl/IfxHssl_Hssl.h ****  * \param address address of the location from where the data is to be read
 660:../Libraries/iLLD/TC4xx/Tricore/Hssl/Hssl/IfxHssl_Hssl.h ****  * \param dataLength length of the data
 661:../Libraries/iLLD/TC4xx/Tricore/Hssl/Hssl/IfxHssl_Hssl.h ****  * \return module status (ok, busy, error)
 662:../Libraries/iLLD/TC4xx/Tricore/Hssl/Hssl/IfxHssl_Hssl.h ****  *
 663:../Libraries/iLLD/TC4xx/Tricore/Hssl/Hssl/IfxHssl_Hssl.h ****  * A coding example can be found in \ref IfxLld_Hssl_Hssl_Usage
 664:../Libraries/iLLD/TC4xx/Tricore/Hssl/Hssl/IfxHssl_Hssl.h ****  *
 665:../Libraries/iLLD/TC4xx/Tricore/Hssl/Hssl/IfxHssl_Hssl.h ****  */
 666:../Libraries/iLLD/TC4xx/Tricore/Hssl/Hssl/IfxHssl_Hssl.h **** IFX_EXTERN IfxHssl_Hssl_Status IfxHssl_Hssl_read(IfxHssl_Hssl_Channel *channel, uint32 address, Ifx
 667:../Libraries/iLLD/TC4xx/Tricore/Hssl/Hssl/IfxHssl_Hssl.h **** 
 668:../Libraries/iLLD/TC4xx/Tricore/Hssl/Hssl/IfxHssl_Hssl.h **** /** \brief sends a predefined command from master to slave
 669:../Libraries/iLLD/TC4xx/Tricore/Hssl/Hssl/IfxHssl_Hssl.h ****  * \param hsct HSCT Handle
 670:../Libraries/iLLD/TC4xx/Tricore/Hssl/Hssl/IfxHssl_Hssl.h ****  * \param command command value
 671:../Libraries/iLLD/TC4xx/Tricore/Hssl/Hssl/IfxHssl_Hssl.h ****  * \return None
 672:../Libraries/iLLD/TC4xx/Tricore/Hssl/Hssl/IfxHssl_Hssl.h ****  *
 673:../Libraries/iLLD/TC4xx/Tricore/Hssl/Hssl/IfxHssl_Hssl.h ****  * Usage Example:
 674:../Libraries/iLLD/TC4xx/Tricore/Hssl/Hssl/IfxHssl_Hssl.h ****  * \code
 675:../Libraries/iLLD/TC4xx/Tricore/Hssl/Hssl/IfxHssl_Hssl.h ****  *     // enable slave Tx channel (Rx disable to Rx low peed)
 676:../Libraries/iLLD/TC4xx/Tricore/Hssl/Hssl/IfxHssl_Hssl.h ****  *     IfxHssl_Hssl_sendControlCommand(&channel, IfxHssl_ControlCommand_enableReception);
 677:../Libraries/iLLD/TC4xx/Tricore/Hssl/Hssl/IfxHssl_Hssl.h ****  * \endcode
 678:../Libraries/iLLD/TC4xx/Tricore/Hssl/Hssl/IfxHssl_Hssl.h ****  *
 679:../Libraries/iLLD/TC4xx/Tricore/Hssl/Hssl/IfxHssl_Hssl.h ****  */
 680:../Libraries/iLLD/TC4xx/Tricore/Hssl/Hssl/IfxHssl_Hssl.h **** IFX_EXTERN void IfxHssl_Hssl_sendControlCommand(IfxHssl_Hsct *hsct, uint8 command);
 681:../Libraries/iLLD/TC4xx/Tricore/Hssl/Hssl/IfxHssl_Hssl.h **** 
 682:../Libraries/iLLD/TC4xx/Tricore/Hssl/Hssl/IfxHssl_Hssl.h **** /** \brief serves the frame request (read, write, trigger frame and read id)
 683:../Libraries/iLLD/TC4xx/Tricore/Hssl/Hssl/IfxHssl_Hssl.h ****  * \param channel channel handle
 684:../Libraries/iLLD/TC4xx/Tricore/Hssl/Hssl/IfxHssl_Hssl.h ****  * \param frameRequest frame request
 685:../Libraries/iLLD/TC4xx/Tricore/Hssl/Hssl/IfxHssl_Hssl.h ****  * \param address address of the location (to be written into / read from)
 686:../Libraries/iLLD/TC4xx/Tricore/Hssl/Hssl/IfxHssl_Hssl.h ****  * \param data data to be written
 687:../Libraries/iLLD/TC4xx/Tricore/Hssl/Hssl/IfxHssl_Hssl.h ****  * \param dataLength length of the data
 688:../Libraries/iLLD/TC4xx/Tricore/Hssl/Hssl/IfxHssl_Hssl.h ****  * \return module status (ok, busy, error)
 689:../Libraries/iLLD/TC4xx/Tricore/Hssl/Hssl/IfxHssl_Hssl.h ****  */
 690:../Libraries/iLLD/TC4xx/Tricore/Hssl/Hssl/IfxHssl_Hssl.h **** IFX_EXTERN IfxHssl_Hssl_Status IfxHssl_Hssl_singleFrameRequest(IfxHssl_Hssl_Channel *channel, IfxHs
 691:../Libraries/iLLD/TC4xx/Tricore/Hssl/Hssl/IfxHssl_Hssl.h **** 
 692:../Libraries/iLLD/TC4xx/Tricore/Hssl/Hssl/IfxHssl_Hssl.h **** /** \brief waits until the current transaction is done
 693:../Libraries/iLLD/TC4xx/Tricore/Hssl/Hssl/IfxHssl_Hssl.h ****  * \param channel channel handle
 694:../Libraries/iLLD/TC4xx/Tricore/Hssl/Hssl/IfxHssl_Hssl.h ****  * \return module status (ok, busy, error)
 695:../Libraries/iLLD/TC4xx/Tricore/Hssl/Hssl/IfxHssl_Hssl.h ****  *
 696:../Libraries/iLLD/TC4xx/Tricore/Hssl/Hssl/IfxHssl_Hssl.h ****  * A coding example can be found in \ref IfxLld_Hssl_Hssl_Usage
 697:../Libraries/iLLD/TC4xx/Tricore/Hssl/Hssl/IfxHssl_Hssl.h ****  *
 698:../Libraries/iLLD/TC4xx/Tricore/Hssl/Hssl/IfxHssl_Hssl.h ****  */
 699:../Libraries/iLLD/TC4xx/Tricore/Hssl/Hssl/IfxHssl_Hssl.h **** IFX_EXTERN IfxHssl_Hssl_Status IfxHssl_Hssl_waitAcknowledge(IfxHssl_Hssl_Channel *channel);
 700:../Libraries/iLLD/TC4xx/Tricore/Hssl/Hssl/IfxHssl_Hssl.h **** 
 701:../Libraries/iLLD/TC4xx/Tricore/Hssl/Hssl/IfxHssl_Hssl.h **** /** \brief writes single frame of data into the specified address
 702:../Libraries/iLLD/TC4xx/Tricore/Hssl/Hssl/IfxHssl_Hssl.h ****  * \param channel channel handle
 703:../Libraries/iLLD/TC4xx/Tricore/Hssl/Hssl/IfxHssl_Hssl.h ****  * \param address address of the location where the data is to be written
 704:../Libraries/iLLD/TC4xx/Tricore/Hssl/Hssl/IfxHssl_Hssl.h ****  * \param data data that needs to be written
 705:../Libraries/iLLD/TC4xx/Tricore/Hssl/Hssl/IfxHssl_Hssl.h ****  * \param dataLength length of the data (8, 16, 32 bit)
 706:../Libraries/iLLD/TC4xx/Tricore/Hssl/Hssl/IfxHssl_Hssl.h ****  * \return module status (ok, busy, error)
 707:../Libraries/iLLD/TC4xx/Tricore/Hssl/Hssl/IfxHssl_Hssl.h ****  *
 708:../Libraries/iLLD/TC4xx/Tricore/Hssl/Hssl/IfxHssl_Hssl.h ****  * A coding example can be found in \ref IfxLld_Hssl_Hssl_Usage
 709:../Libraries/iLLD/TC4xx/Tricore/Hssl/Hssl/IfxHssl_Hssl.h ****  *
 710:../Libraries/iLLD/TC4xx/Tricore/Hssl/Hssl/IfxHssl_Hssl.h ****  */
 711:../Libraries/iLLD/TC4xx/Tricore/Hssl/Hssl/IfxHssl_Hssl.h **** IFX_EXTERN IfxHssl_Hssl_Status IfxHssl_Hssl_write(IfxHssl_Hssl_Channel *channel, uint32 address, ui
 712:../Libraries/iLLD/TC4xx/Tricore/Hssl/Hssl/IfxHssl_Hssl.h **** 
 713:../Libraries/iLLD/TC4xx/Tricore/Hssl/Hssl/IfxHssl_Hssl.h **** /** \} */
 714:../Libraries/iLLD/TC4xx/Tricore/Hssl/Hssl/IfxHssl_Hssl.h **** 
 715:../Libraries/iLLD/TC4xx/Tricore/Hssl/Hssl/IfxHssl_Hssl.h **** /** \addtogroup IfxLld_Hssl_Hssl_ErrorHandling
 716:../Libraries/iLLD/TC4xx/Tricore/Hssl/Hssl/IfxHssl_Hssl.h ****  * \{ */
 717:../Libraries/iLLD/TC4xx/Tricore/Hssl/Hssl/IfxHssl_Hssl.h **** 
 718:../Libraries/iLLD/TC4xx/Tricore/Hssl/Hssl/IfxHssl_Hssl.h **** /******************************************************************************/
 719:../Libraries/iLLD/TC4xx/Tricore/Hssl/Hssl/IfxHssl_Hssl.h **** /*-------------------------Global Function Prototypes-------------------------*/
 720:../Libraries/iLLD/TC4xx/Tricore/Hssl/Hssl/IfxHssl_Hssl.h **** /******************************************************************************/
 721:../Libraries/iLLD/TC4xx/Tricore/Hssl/Hssl/IfxHssl_Hssl.h **** 
 722:../Libraries/iLLD/TC4xx/Tricore/Hssl/Hssl/IfxHssl_Hssl.h **** /** \brief stores the status of errors in the respective members of the error flags structure
 723:../Libraries/iLLD/TC4xx/Tricore/Hssl/Hssl/IfxHssl_Hssl.h ****  * \param hssl HSSL Handle
 724:../Libraries/iLLD/TC4xx/Tricore/Hssl/Hssl/IfxHssl_Hssl.h ****  * \return None
 725:../Libraries/iLLD/TC4xx/Tricore/Hssl/Hssl/IfxHssl_Hssl.h ****  */
 726:../Libraries/iLLD/TC4xx/Tricore/Hssl/Hssl/IfxHssl_Hssl.h **** IFX_EXTERN void IfxHssl_Hssl_checkErrors(IfxHssl_Hssl *hssl);
 727:../Libraries/iLLD/TC4xx/Tricore/Hssl/Hssl/IfxHssl_Hssl.h **** 
 728:../Libraries/iLLD/TC4xx/Tricore/Hssl/Hssl/IfxHssl_Hssl.h **** /** \brief clears the status of members in the error flags structure
 729:../Libraries/iLLD/TC4xx/Tricore/Hssl/Hssl/IfxHssl_Hssl.h ****  * \param hssl HSSL Handle
 730:../Libraries/iLLD/TC4xx/Tricore/Hssl/Hssl/IfxHssl_Hssl.h ****  * \return None
 731:../Libraries/iLLD/TC4xx/Tricore/Hssl/Hssl/IfxHssl_Hssl.h ****  */
 732:../Libraries/iLLD/TC4xx/Tricore/Hssl/Hssl/IfxHssl_Hssl.h **** IFX_EXTERN void IfxHssl_Hssl_clearErrorFlags(IfxHssl_Hssl *hssl);
 733:../Libraries/iLLD/TC4xx/Tricore/Hssl/Hssl/IfxHssl_Hssl.h **** 
 734:../Libraries/iLLD/TC4xx/Tricore/Hssl/Hssl/IfxHssl_Hssl.h **** /** \brief a simple software delay
 735:../Libraries/iLLD/TC4xx/Tricore/Hssl/Hssl/IfxHssl_Hssl.h ****  * \param hsct HSCT Handle
 736:../Libraries/iLLD/TC4xx/Tricore/Hssl/Hssl/IfxHssl_Hssl.h ****  * \return None
 737:../Libraries/iLLD/TC4xx/Tricore/Hssl/Hssl/IfxHssl_Hssl.h ****  */
 738:../Libraries/iLLD/TC4xx/Tricore/Hssl/Hssl/IfxHssl_Hssl.h **** IFX_EXTERN void IfxHssl_Hssl_delay(IfxHssl_Hsct *hsct);
 739:../Libraries/iLLD/TC4xx/Tricore/Hssl/Hssl/IfxHssl_Hssl.h **** 
 740:../Libraries/iLLD/TC4xx/Tricore/Hssl/Hssl/IfxHssl_Hssl.h **** /** \} */
 741:../Libraries/iLLD/TC4xx/Tricore/Hssl/Hssl/IfxHssl_Hssl.h **** 
 742:../Libraries/iLLD/TC4xx/Tricore/Hssl/Hssl/IfxHssl_Hssl.h **** /** \addtogroup IfxLld_Hssl_Hssl_StreamingCom
 743:../Libraries/iLLD/TC4xx/Tricore/Hssl/Hssl/IfxHssl_Hssl.h ****  * \{ */
 744:../Libraries/iLLD/TC4xx/Tricore/Hssl/Hssl/IfxHssl_Hssl.h **** 
 745:../Libraries/iLLD/TC4xx/Tricore/Hssl/Hssl/IfxHssl_Hssl.h **** /******************************************************************************/
 746:../Libraries/iLLD/TC4xx/Tricore/Hssl/Hssl/IfxHssl_Hssl.h **** /*-------------------------Global Function Prototypes-------------------------*/
 747:../Libraries/iLLD/TC4xx/Tricore/Hssl/Hssl/IfxHssl_Hssl.h **** /******************************************************************************/
 748:../Libraries/iLLD/TC4xx/Tricore/Hssl/Hssl/IfxHssl_Hssl.h **** 
 749:../Libraries/iLLD/TC4xx/Tricore/Hssl/Hssl/IfxHssl_Hssl.h **** /** \brief Prepares the target device for streaming
 750:../Libraries/iLLD/TC4xx/Tricore/Hssl/Hssl/IfxHssl_Hssl.h ****  * \param channel channel handle
 751:../Libraries/iLLD/TC4xx/Tricore/Hssl/Hssl/IfxHssl_Hssl.h ****  * \param slaveTargetAddress address of the location on target device where the data needs to be tr
 752:../Libraries/iLLD/TC4xx/Tricore/Hssl/Hssl/IfxHssl_Hssl.h ****  * \param count Frame count (length of the data in the memory as 256 bytes per frame)
 753:../Libraries/iLLD/TC4xx/Tricore/Hssl/Hssl/IfxHssl_Hssl.h ****  * \return module status (ok, busy, error)
 754:../Libraries/iLLD/TC4xx/Tricore/Hssl/Hssl/IfxHssl_Hssl.h ****  *
 755:../Libraries/iLLD/TC4xx/Tricore/Hssl/Hssl/IfxHssl_Hssl.h ****  * A coding example can be found in \ref IfxLld_Hssl_Hssl_Usage
 756:../Libraries/iLLD/TC4xx/Tricore/Hssl/Hssl/IfxHssl_Hssl.h ****  *
 757:../Libraries/iLLD/TC4xx/Tricore/Hssl/Hssl/IfxHssl_Hssl.h ****  */
 758:../Libraries/iLLD/TC4xx/Tricore/Hssl/Hssl/IfxHssl_Hssl.h **** IFX_EXTERN IfxHssl_Hssl_Status IfxHssl_Hssl_prepareStream(IfxHssl_Hssl_Channel *channel, uint32 sla
 759:../Libraries/iLLD/TC4xx/Tricore/Hssl/Hssl/IfxHssl_Hssl.h **** 
 760:../Libraries/iLLD/TC4xx/Tricore/Hssl/Hssl/IfxHssl_Hssl.h **** /** \brief transfers one memory block of data
 761:../Libraries/iLLD/TC4xx/Tricore/Hssl/Hssl/IfxHssl_Hssl.h ****  * useful for transfering huge data from one location to another and between devices.
 762:../Libraries/iLLD/TC4xx/Tricore/Hssl/Hssl/IfxHssl_Hssl.h ****  * NOTE: This function should be called only for IfxHssl_ChannelId_2
 763:../Libraries/iLLD/TC4xx/Tricore/Hssl/Hssl/IfxHssl_Hssl.h ****  * \param hssl HSSL handle
 764:../Libraries/iLLD/TC4xx/Tricore/Hssl/Hssl/IfxHssl_Hssl.h ****  * \param data starting address of the location to be read from (memory block 0 / HSSL_ISSA0)
 765:../Libraries/iLLD/TC4xx/Tricore/Hssl/Hssl/IfxHssl_Hssl.h ****  * \param count Frame count (length of the data in the memory as 256 bytes per frame)
 766:../Libraries/iLLD/TC4xx/Tricore/Hssl/Hssl/IfxHssl_Hssl.h ****  * \return module status (ok, busy, error)
 767:../Libraries/iLLD/TC4xx/Tricore/Hssl/Hssl/IfxHssl_Hssl.h ****  *
 768:../Libraries/iLLD/TC4xx/Tricore/Hssl/Hssl/IfxHssl_Hssl.h ****  * A coding example can be found in \ref IfxLld_Hssl_Hssl_Usage
 769:../Libraries/iLLD/TC4xx/Tricore/Hssl/Hssl/IfxHssl_Hssl.h ****  *
 770:../Libraries/iLLD/TC4xx/Tricore/Hssl/Hssl/IfxHssl_Hssl.h ****  */
 771:../Libraries/iLLD/TC4xx/Tricore/Hssl/Hssl/IfxHssl_Hssl.h **** IFX_EXTERN IfxHssl_Hssl_Status IfxHssl_Hssl_writeStream(IfxHssl_Hssl *hssl, uint32 *data, Ifx_SizeT
 772:../Libraries/iLLD/TC4xx/Tricore/Hssl/Hssl/IfxHssl_Hssl.h **** 
 773:../Libraries/iLLD/TC4xx/Tricore/Hssl/Hssl/IfxHssl_Hssl.h **** /** \} */
 774:../Libraries/iLLD/TC4xx/Tricore/Hssl/Hssl/IfxHssl_Hssl.h **** 
 775:../Libraries/iLLD/TC4xx/Tricore/Hssl/Hssl/IfxHssl_Hssl.h **** /******************************************************************************/
 776:../Libraries/iLLD/TC4xx/Tricore/Hssl/Hssl/IfxHssl_Hssl.h **** /*---------------------Inline Function Implementations------------------------*/
 777:../Libraries/iLLD/TC4xx/Tricore/Hssl/Hssl/IfxHssl_Hssl.h **** /******************************************************************************/
 778:../Libraries/iLLD/TC4xx/Tricore/Hssl/Hssl/IfxHssl_Hssl.h **** 
 779:../Libraries/iLLD/TC4xx/Tricore/Hssl/Hssl/IfxHssl_Hssl.h **** IFX_INLINE uint32 IfxHssl_Hssl_getReadData(IfxHssl_Hssl_Channel *channel)
 780:../Libraries/iLLD/TC4xx/Tricore/Hssl/Hssl/IfxHssl_Hssl.h **** {
 781:../Libraries/iLLD/TC4xx/Tricore/Hssl/Hssl/IfxHssl_Hssl.h ****     Ifx_HSSL_I *hsslI = (Ifx_HSSL_I *)&channel->hssl->I[channel->channelId];
 1388              	 .loc 4 781 5
 1389              	 .loc 4 781 64 is_stmt 0
 1390 0062 19C20800 	 ld.w %d2,[%a12]8
 1391              	.LVL99:
 782:../Libraries/iLLD/TC4xx/Tricore/Hssl/Hssl/IfxHssl_Hssl.h ****     return hsslI->IRD.U;    /* retutn the data read from the data register */
 1392              	 .loc 4 782 5 is_stmt 1
 1393              	 .loc 4 782 22 is_stmt 0
 1394 0066 0642     	 sh %d2,4
 1395              	.LVL100:
 1396 0068 D4C2     	 ld.a %a2,[%a12]0
 1397 006a 01220026 	 addsc.a %a2,%a2,%d2,0
 1398 006e 19220C20 	 ld.w %d2,[%a2]140
 1399              	.LVL101:
 1400              	.LBE69:
 1401              	.LBE68:
 391:../Libraries/iLLD/TC4xx/Tricore/Hssl/Hssl/IfxHssl_Hssl.c ****     /* Set the RELCOUNT equal to CURCOUNT on the target */
 1402              	 .loc 1 391 5 is_stmt 1
 393:../Libraries/iLLD/TC4xx/Tricore/Hssl/Hssl/IfxHssl_Hssl.c **** 
 1403              	 .loc 1 393 5
 1404 0072 8217     	 mov %d7,1
 1405 0074 0296     	 mov %d6,%d9
 1406 0076 54C2     	 ld.w %d2,[%a12]0
 1407 0078 1BC21050 	 addi %d5,%d2,268
 1408 007c 8224     	 mov %d4,2
 1409 007e 40C4     	 mov.aa %a4,%a12
 1410 0080 6D000000 	 call IfxHssl_Hssl_singleFrameRequest
 1411              	.LVL102:
 395:../Libraries/iLLD/TC4xx/Tricore/Hssl/Hssl/IfxHssl_Hssl.c ****     {
 1412              	 .loc 1 395 5
 1413              	.L68:
 395:../Libraries/iLLD/TC4xx/Tricore/Hssl/Hssl/IfxHssl_Hssl.c ****     {
 1414              	 .loc 1 395 50
 395:../Libraries/iLLD/TC4xx/Tricore/Hssl/Hssl/IfxHssl_Hssl.c ****     {
 1415              	 .loc 1 395 12 is_stmt 0
 1416 0084 40C4     	 mov.aa %a4,%a12
 1417 0086 6D000000 	 call IfxHssl_Hssl_waitAcknowledge
 1418              	.LVL103:
 395:../Libraries/iLLD/TC4xx/Tricore/Hssl/Hssl/IfxHssl_Hssl.c ****     {
 1419              	 .loc 1 395 50
 1420 008a DF020000 	 jz %d2,.L87
 397:../Libraries/iLLD/TC4xx/Tricore/Hssl/Hssl/IfxHssl_Hssl.c ****         {
 1421              	 .loc 1 397 9 is_stmt 1
 397:../Libraries/iLLD/TC4xx/Tricore/Hssl/Hssl/IfxHssl_Hssl.c ****         {
 1422              	 .loc 1 397 13 is_stmt 0
 1423 008e 40C4     	 mov.aa %a4,%a12
 1424 0090 6D000000 	 call IfxHssl_Hssl_waitAcknowledge
 1425              	.LVL104:
 1426 0094 0228     	 mov %d8,%d2
 397:../Libraries/iLLD/TC4xx/Tricore/Hssl/Hssl/IfxHssl_Hssl.c ****         {
 1427              	 .loc 1 397 12
 1428 0096 DF220080 	 jne %d2,2,.L68
 1429 009a 1D000000 	 j .L62
 1430              	.L87:
 404:../Libraries/iLLD/TC4xx/Tricore/Hssl/Hssl/IfxHssl_Hssl.c **** 
 1431              	 .loc 1 404 5 is_stmt 1
 1432 009e 8227     	 mov %d7,2
 1433 00a0 7B000061 	 movh %d6,4096
 1434 00a4 54C2     	 ld.w %d2,[%a12]0
 1435 00a6 1B420750 	 addi %d5,%d2,116
 1436 00aa 0274     	 mov %d4,%d7
 1437 00ac 40C4     	 mov.aa %a4,%a12
 1438 00ae 6D000000 	 call IfxHssl_Hssl_singleFrameRequest
 1439              	.LVL105:
 406:../Libraries/iLLD/TC4xx/Tricore/Hssl/Hssl/IfxHssl_Hssl.c ****     {
 1440              	 .loc 1 406 5
 1441              	.L70:
 406:../Libraries/iLLD/TC4xx/Tricore/Hssl/Hssl/IfxHssl_Hssl.c ****     {
 1442              	 .loc 1 406 50
 406:../Libraries/iLLD/TC4xx/Tricore/Hssl/Hssl/IfxHssl_Hssl.c ****     {
 1443              	 .loc 1 406 12 is_stmt 0
 1444 00b2 40C4     	 mov.aa %a4,%a12
 1445 00b4 6D000000 	 call IfxHssl_Hssl_waitAcknowledge
 1446              	.LVL106:
 406:../Libraries/iLLD/TC4xx/Tricore/Hssl/Hssl/IfxHssl_Hssl.c ****     {
 1447              	 .loc 1 406 50
 1448 00b8 DF020000 	 jz %d2,.L88
 408:../Libraries/iLLD/TC4xx/Tricore/Hssl/Hssl/IfxHssl_Hssl.c ****         {
 1449              	 .loc 1 408 9 is_stmt 1
 408:../Libraries/iLLD/TC4xx/Tricore/Hssl/Hssl/IfxHssl_Hssl.c ****         {
 1450              	 .loc 1 408 13 is_stmt 0
 1451 00bc 40C4     	 mov.aa %a4,%a12
 1452 00be 6D000000 	 call IfxHssl_Hssl_waitAcknowledge
 1453              	.LVL107:
 1454 00c2 0228     	 mov %d8,%d2
 408:../Libraries/iLLD/TC4xx/Tricore/Hssl/Hssl/IfxHssl_Hssl.c ****         {
 1455              	 .loc 1 408 12
 1456 00c4 DF220080 	 jne %d2,2,.L70
 1457 00c8 1D000000 	 j .L62
 1458              	.L88:
 415:../Libraries/iLLD/TC4xx/Tricore/Hssl/Hssl/IfxHssl_Hssl.c **** 
 1459              	 .loc 1 415 5 is_stmt 1
 1460 00cc 8217     	 mov %d7,1
 1461 00ce 0296     	 mov %d6,%d9
 1462 00d0 54C2     	 ld.w %d2,[%a12]0
 1463 00d2 1BC21050 	 addi %d5,%d2,268
 1464 00d6 8224     	 mov %d4,2
 1465 00d8 40C4     	 mov.aa %a4,%a12
 1466 00da 6D000000 	 call IfxHssl_Hssl_singleFrameRequest
 1467              	.LVL108:
 417:../Libraries/iLLD/TC4xx/Tricore/Hssl/Hssl/IfxHssl_Hssl.c ****     {
 1468              	 .loc 1 417 5
 1469              	.L72:
 417:../Libraries/iLLD/TC4xx/Tricore/Hssl/Hssl/IfxHssl_Hssl.c ****     {
 1470              	 .loc 1 417 50
 417:../Libraries/iLLD/TC4xx/Tricore/Hssl/Hssl/IfxHssl_Hssl.c ****     {
 1471              	 .loc 1 417 12 is_stmt 0
 1472 00de 40C4     	 mov.aa %a4,%a12
 1473 00e0 6D000000 	 call IfxHssl_Hssl_waitAcknowledge
 1474              	.LVL109:
 1475 00e4 0228     	 mov %d8,%d2
 417:../Libraries/iLLD/TC4xx/Tricore/Hssl/Hssl/IfxHssl_Hssl.c ****     {
 1476              	 .loc 1 417 50
 1477 00e6 DF020000 	 jz %d2,.L89
 419:../Libraries/iLLD/TC4xx/Tricore/Hssl/Hssl/IfxHssl_Hssl.c ****         {
 1478              	 .loc 1 419 9 is_stmt 1
 419:../Libraries/iLLD/TC4xx/Tricore/Hssl/Hssl/IfxHssl_Hssl.c ****         {
 1479              	 .loc 1 419 13 is_stmt 0
 1480 00ea 40C4     	 mov.aa %a4,%a12
 1481 00ec 6D000000 	 call IfxHssl_Hssl_waitAcknowledge
 1482              	.LVL110:
 1483 00f0 0228     	 mov %d8,%d2
 419:../Libraries/iLLD/TC4xx/Tricore/Hssl/Hssl/IfxHssl_Hssl.c ****         {
 1484              	 .loc 1 419 12
 1485 00f2 DF220080 	 jne %d2,2,.L72
 1486 00f6 1D000000 	 j .L62
 1487              	.L89:
 426:../Libraries/iLLD/TC4xx/Tricore/Hssl/Hssl/IfxHssl_Hssl.c ****     {
 1488              	 .loc 1 426 5 is_stmt 1
 426:../Libraries/iLLD/TC4xx/Tricore/Hssl/Hssl/IfxHssl_Hssl.c ****     {
 1489              	 .loc 1 426 17 is_stmt 0
 1490 00fa 39C21400 	 ld.bu %d2,[%a12]20
 426:../Libraries/iLLD/TC4xx/Tricore/Hssl/Hssl/IfxHssl_Hssl.c ****     {
 1491              	 .loc 1 426 8
 1492 00fe DF020000 	 jz %d2,.L90
 1493              	.L74:
 466:../Libraries/iLLD/TC4xx/Tricore/Hssl/Hssl/IfxHssl_Hssl.c ****     /* preperation was successful */
 1494              	 .loc 1 466 5 is_stmt 1
 466:../Libraries/iLLD/TC4xx/Tricore/Hssl/Hssl/IfxHssl_Hssl.c ****     /* preperation was successful */
 1495              	 .loc 1 466 30 is_stmt 0
 1496 0102 8212     	 mov %d2,1
 1497 0104 E9C21500 	 st.b [%a12]21,%d2
 468:../Libraries/iLLD/TC4xx/Tricore/Hssl/Hssl/IfxHssl_Hssl.c **** }
 1498              	 .loc 1 468 5 is_stmt 1
 468:../Libraries/iLLD/TC4xx/Tricore/Hssl/Hssl/IfxHssl_Hssl.c **** }
 1499              	 .loc 1 468 12 is_stmt 0
 1500 0108 1D000000 	 j .L62
 1501              	.L90:
 429:../Libraries/iLLD/TC4xx/Tricore/Hssl/Hssl/IfxHssl_Hssl.c **** 
 1502              	 .loc 1 429 9 is_stmt 1
 1503 010c 8225     	 mov %d5,2
 1504 010e 54C2     	 ld.w %d2,[%a12]0
 1505 0110 1B420640 	 addi %d4,%d2,100
 1506 0114 40C4     	 mov.aa %a4,%a12
 1507 0116 6D000000 	 call IfxHssl_Hssl_read
 1508              	.LVL111:
 431:../Libraries/iLLD/TC4xx/Tricore/Hssl/Hssl/IfxHssl_Hssl.c ****         {
 1509              	 .loc 1 431 9
 1510              	.L75:
 431:../Libraries/iLLD/TC4xx/Tricore/Hssl/Hssl/IfxHssl_Hssl.c ****         {
 1511              	 .loc 1 431 54
 431:../Libraries/iLLD/TC4xx/Tricore/Hssl/Hssl/IfxHssl_Hssl.c ****         {
 1512              	 .loc 1 431 16 is_stmt 0
 1513 011a 40C4     	 mov.aa %a4,%a12
 1514 011c 6D000000 	 call IfxHssl_Hssl_waitAcknowledge
 1515              	.LVL112:
 431:../Libraries/iLLD/TC4xx/Tricore/Hssl/Hssl/IfxHssl_Hssl.c ****         {
 1516              	 .loc 1 431 54
 1517 0120 DF020000 	 jz %d2,.L91
 433:../Libraries/iLLD/TC4xx/Tricore/Hssl/Hssl/IfxHssl_Hssl.c ****             {
 1518              	 .loc 1 433 13 is_stmt 1
 433:../Libraries/iLLD/TC4xx/Tricore/Hssl/Hssl/IfxHssl_Hssl.c ****             {
 1519              	 .loc 1 433 17 is_stmt 0
 1520 0124 40C4     	 mov.aa %a4,%a12
 1521 0126 6D000000 	 call IfxHssl_Hssl_waitAcknowledge
 1522              	.LVL113:
 433:../Libraries/iLLD/TC4xx/Tricore/Hssl/Hssl/IfxHssl_Hssl.c ****             {
 1523              	 .loc 1 433 16
 1524 012a DF220080 	 jne %d2,2,.L75
 435:../Libraries/iLLD/TC4xx/Tricore/Hssl/Hssl/IfxHssl_Hssl.c ****             }
 1525              	 .loc 1 435 24
 1526 012e 0228     	 mov %d8,%d2
 1527 0130 1D000000 	 j .L62
 1528              	.L91:
 440:../Libraries/iLLD/TC4xx/Tricore/Hssl/Hssl/IfxHssl_Hssl.c ****         {
 1529              	 .loc 1 440 9 is_stmt 1
 1530              	.LVL114:
 1531              	.LBB70:
 1532              	.LBB71:
 781:../Libraries/iLLD/TC4xx/Tricore/Hssl/Hssl/IfxHssl_Hssl.h ****     return hsslI->IRD.U;    /* retutn the data read from the data register */
 1533              	 .loc 4 781 5
 781:../Libraries/iLLD/TC4xx/Tricore/Hssl/Hssl/IfxHssl_Hssl.h ****     return hsslI->IRD.U;    /* retutn the data read from the data register */
 1534              	 .loc 4 781 47 is_stmt 0
 1535 0134 54C5     	 ld.w %d5,[%a12]0
 781:../Libraries/iLLD/TC4xx/Tricore/Hssl/Hssl/IfxHssl_Hssl.h ****     return hsslI->IRD.U;    /* retutn the data read from the data register */
 1536              	 .loc 4 781 64
 1537 0136 19C20800 	 ld.w %d2,[%a12]8
 1538              	.LVL115:
 1539              	 .loc 4 782 5 is_stmt 1
 1540              	 .loc 4 782 22 is_stmt 0
 1541 013a 0642     	 sh %d2,4
 1542              	.LVL116:
 1543 013c 6052     	 mov.a %a2,%d5
 1544 013e 01220026 	 addsc.a %a2,%a2,%d2,0
 1545 0142 19230C20 	 ld.w %d3,[%a2]140
 1546              	.LVL117:
 1547              	.LBE71:
 1548              	.LBE70:
 440:../Libraries/iLLD/TC4xx/Tricore/Hssl/Hssl/IfxHssl_Hssl.c ****         {
 1549              	 .loc 1 440 48
 1550 0146 7B700020 	 movh %d2,7
 1551 014a 1B021020 	 addi %d2,%d2,256
 1552 014e 2623     	 and %d3,%d2
 440:../Libraries/iLLD/TC4xx/Tricore/Hssl/Hssl/IfxHssl_Hssl.c ****         {
 1553              	 .loc 1 440 12
 1554 0150 5F230000 	 jeq %d3,%d2,.L77
 443:../Libraries/iLLD/TC4xx/Tricore/Hssl/Hssl/IfxHssl_Hssl.c **** 
 1555              	 .loc 1 443 13 is_stmt 1
 1556 0154 8227     	 mov %d7,2
 1557 0156 0226     	 mov %d6,%d2
 1558 0158 1B450650 	 addi %d5,%d5,100
 1559              	.LVL118:
 1560 015c 0274     	 mov %d4,%d7
 1561 015e 40C4     	 mov.aa %a4,%a12
 1562 0160 6D000000 	 call IfxHssl_Hssl_singleFrameRequest
 1563              	.LVL119:
 445:../Libraries/iLLD/TC4xx/Tricore/Hssl/Hssl/IfxHssl_Hssl.c ****             {
 1564              	 .loc 1 445 13
 1565              	.L78:
 445:../Libraries/iLLD/TC4xx/Tricore/Hssl/Hssl/IfxHssl_Hssl.c ****             {
 1566              	 .loc 1 445 58
 445:../Libraries/iLLD/TC4xx/Tricore/Hssl/Hssl/IfxHssl_Hssl.c ****             {
 1567              	 .loc 1 445 20 is_stmt 0
 1568 0164 40C4     	 mov.aa %a4,%a12
 1569 0166 6D000000 	 call IfxHssl_Hssl_waitAcknowledge
 1570              	.LVL120:
 445:../Libraries/iLLD/TC4xx/Tricore/Hssl/Hssl/IfxHssl_Hssl.c ****             {
 1571              	 .loc 1 445 58
 1572 016a DF020000 	 jz %d2,.L77
 447:../Libraries/iLLD/TC4xx/Tricore/Hssl/Hssl/IfxHssl_Hssl.c ****                 {
 1573              	 .loc 1 447 17 is_stmt 1
 447:../Libraries/iLLD/TC4xx/Tricore/Hssl/Hssl/IfxHssl_Hssl.c ****                 {
 1574              	 .loc 1 447 21 is_stmt 0
 1575 016e 40C4     	 mov.aa %a4,%a12
 1576 0170 6D000000 	 call IfxHssl_Hssl_waitAcknowledge
 1577              	.LVL121:
 447:../Libraries/iLLD/TC4xx/Tricore/Hssl/Hssl/IfxHssl_Hssl.c ****                 {
 1578              	 .loc 1 447 20
 1579 0174 DF220080 	 jne %d2,2,.L78
 449:../Libraries/iLLD/TC4xx/Tricore/Hssl/Hssl/IfxHssl_Hssl.c ****                 }
 1580              	 .loc 1 449 28
 1581 0178 0228     	 mov %d8,%d2
 1582 017a 1D000000 	 j .L62
 1583              	.L77:
 455:../Libraries/iLLD/TC4xx/Tricore/Hssl/Hssl/IfxHssl_Hssl.c **** 
 1584              	 .loc 1 455 9 is_stmt 1
 1585 017e 8227     	 mov %d7,2
 1586 0180 7B000061 	 movh %d6,4096
 1587 0184 54C2     	 ld.w %d2,[%a12]0
 1588 0186 1B020750 	 addi %d5,%d2,112
 1589 018a 0274     	 mov %d4,%d7
 1590 018c 40C4     	 mov.aa %a4,%a12
 1591 018e 6D000000 	 call IfxHssl_Hssl_singleFrameRequest
 1592              	.LVL122:
 457:../Libraries/iLLD/TC4xx/Tricore/Hssl/Hssl/IfxHssl_Hssl.c ****         {
 1593              	 .loc 1 457 9
 1594              	.L80:
 457:../Libraries/iLLD/TC4xx/Tricore/Hssl/Hssl/IfxHssl_Hssl.c ****         {
 1595              	 .loc 1 457 54
 457:../Libraries/iLLD/TC4xx/Tricore/Hssl/Hssl/IfxHssl_Hssl.c ****         {
 1596              	 .loc 1 457 16 is_stmt 0
 1597 0192 40C4     	 mov.aa %a4,%a12
 1598 0194 6D000000 	 call IfxHssl_Hssl_waitAcknowledge
 1599              	.LVL123:
 457:../Libraries/iLLD/TC4xx/Tricore/Hssl/Hssl/IfxHssl_Hssl.c ****         {
 1600              	 .loc 1 457 54
 1601 0198 DF020000 	 jz %d2,.L74
 459:../Libraries/iLLD/TC4xx/Tricore/Hssl/Hssl/IfxHssl_Hssl.c ****             {
 1602              	 .loc 1 459 13 is_stmt 1
 459:../Libraries/iLLD/TC4xx/Tricore/Hssl/Hssl/IfxHssl_Hssl.c ****             {
 1603              	 .loc 1 459 17 is_stmt 0
 1604 019c 40C4     	 mov.aa %a4,%a12
 1605 019e 6D000000 	 call IfxHssl_Hssl_waitAcknowledge
 1606              	.LVL124:
 459:../Libraries/iLLD/TC4xx/Tricore/Hssl/Hssl/IfxHssl_Hssl.c ****             {
 1607              	 .loc 1 459 16
 1608 01a2 DF220080 	 jne %d2,2,.L80
 461:../Libraries/iLLD/TC4xx/Tricore/Hssl/Hssl/IfxHssl_Hssl.c ****             }
 1609              	 .loc 1 461 24
 1610 01a6 0228     	 mov %d8,%d2
 1611 01a8 1D000000 	 j .L62
 1612              	.LFE392:
 1614              	 .global IfxHssl_Hssl_prepareStream_end
 1615              	IfxHssl_Hssl_prepareStream_end:
 1616              	 .section .text.IfxHssl_Hssl_write,"ax",@progbits
 1617              	 .align 1
 1618              	 .global IfxHssl_Hssl_write
 1620              	IfxHssl_Hssl_write:
 1621              	.LFB397:
 590:../Libraries/iLLD/TC4xx/Tricore/Hssl/Hssl/IfxHssl_Hssl.c **** 
 591:../Libraries/iLLD/TC4xx/Tricore/Hssl/Hssl/IfxHssl_Hssl.c **** 
 592:../Libraries/iLLD/TC4xx/Tricore/Hssl/Hssl/IfxHssl_Hssl.c **** IfxHssl_Hssl_Status IfxHssl_Hssl_write(IfxHssl_Hssl_Channel *channel, uint32 address, uint32 data, 
 593:../Libraries/iLLD/TC4xx/Tricore/Hssl/Hssl/IfxHssl_Hssl.c **** {
 1622              	 .loc 1 593 1 is_stmt 1
 1623              	.LVL125:
 1624 0000 40AE     	 mov.aa %a14,%SP
 1625              	.LCFI14:
 594:../Libraries/iLLD/TC4xx/Tricore/Hssl/Hssl/IfxHssl_Hssl.c ****     return IfxHssl_Hssl_singleFrameRequest(channel, IfxHssl_Hssl_FrameRequest_writeFrame, address, 
 1626              	 .loc 1 594 5
 1627              	 .loc 1 594 12 is_stmt 0
 1628 0002 0267     	 mov %d7,%d6
 1629 0004 0256     	 mov %d6,%d5
 1630              	.LVL126:
 1631 0006 0245     	 mov %d5,%d4
 1632              	.LVL127:
 1633 0008 8224     	 mov %d4,2
 1634              	.LVL128:
 1635 000a 6D000000 	 call IfxHssl_Hssl_singleFrameRequest
 1636              	.LVL129:
 595:../Libraries/iLLD/TC4xx/Tricore/Hssl/Hssl/IfxHssl_Hssl.c **** }
 1637              	 .loc 1 595 1
 1638 000e 0090     	 ret 
 1639              	.LFE397:
 1641              	 .global IfxHssl_Hssl_write_end
 1642              	IfxHssl_Hssl_write_end:
 1643              	 .section .text.IfxHssl_Hssl_writeStream,"ax",@progbits
 1644              	 .align 1
 1645              	 .global IfxHssl_Hssl_writeStream
 1647              	IfxHssl_Hssl_writeStream:
 1648              	.LFB398:
 596:../Libraries/iLLD/TC4xx/Tricore/Hssl/Hssl/IfxHssl_Hssl.c **** 
 597:../Libraries/iLLD/TC4xx/Tricore/Hssl/Hssl/IfxHssl_Hssl.c **** 
 598:../Libraries/iLLD/TC4xx/Tricore/Hssl/Hssl/IfxHssl_Hssl.c **** IfxHssl_Hssl_Status IfxHssl_Hssl_writeStream(IfxHssl_Hssl *hssl, uint32 *data, Ifx_SizeT count)
 599:../Libraries/iLLD/TC4xx/Tricore/Hssl/Hssl/IfxHssl_Hssl.c **** {
 1649              	 .loc 1 599 1 is_stmt 1
 1650              	.LVL130:
 1651 0000 40AE     	 mov.aa %a14,%SP
 1652              	.LCFI15:
 600:../Libraries/iLLD/TC4xx/Tricore/Hssl/Hssl/IfxHssl_Hssl.c ****     Ifx_HSSL             *hsslSFR       = hssl->hssl;
 1653              	 .loc 1 600 5
 1654              	 .loc 1 600 27 is_stmt 0
 1655 0002 D442     	 ld.a %a2,[%a4]0
 1656              	.LVL131:
 601:../Libraries/iLLD/TC4xx/Tricore/Hssl/Hssl/IfxHssl_Hssl.c ****     Ifx_HSSL_IS          *hsslIS        = (Ifx_HSSL_IS *)&hsslSFR->IS;
 1657              	 .loc 1 601 5 is_stmt 1
 602:../Libraries/iLLD/TC4xx/Tricore/Hssl/Hssl/IfxHssl_Hssl.c ****     IfxHssl_StreamingMode streamingMode = IfxHssl_StreamingMode_single;
 1658              	 .loc 1 602 5
 603:../Libraries/iLLD/TC4xx/Tricore/Hssl/Hssl/IfxHssl_Hssl.c **** 
 604:../Libraries/iLLD/TC4xx/Tricore/Hssl/Hssl/IfxHssl_Hssl.c ****     /* single memory block streaming */
 605:../Libraries/iLLD/TC4xx/Tricore/Hssl/Hssl/IfxHssl_Hssl.c ****     hsslIS->SA[0].U                              = (uint32)data;  /* initiator start address to mem
 1659              	 .loc 1 605 5
 1660              	 .loc 1 605 50 is_stmt 0
 1661 0004 B5253030 	 st.a [%a2]240,%a5
 606:../Libraries/iLLD/TC4xx/Tricore/Hssl/Hssl/IfxHssl_Hssl.c **** 
 607:../Libraries/iLLD/TC4xx/Tricore/Hssl/Hssl/IfxHssl_Hssl.c ****     hsslIS->FC.B.RELCOUNT                        = count;         /* memory count into initiator re
 1662              	 .loc 1 607 5 is_stmt 1
 1663              	 .loc 1 607 50 is_stmt 0
 1664 0008 D9233C30 	 lea %a3,[%a2]252
 1665 000c 19223C30 	 ld.w %d2,[%a2]252
 1666 0010 37421020 	 insert %d2,%d2,%d4,0,16
 1667 0014 7432     	 st.w [%a3]0,%d2
 608:../Libraries/iLLD/TC4xx/Tricore/Hssl/Hssl/IfxHssl_Hssl.c **** 
 609:../Libraries/iLLD/TC4xx/Tricore/Hssl/Hssl/IfxHssl_Hssl.c ****     hsslSFR->CFG.B.SCM                           = 1;             /* enable streaming mode of chann
 1668              	 .loc 1 609 5 is_stmt 1
 1669              	 .loc 1 609 50 is_stmt 0
 1670 0016 D9232410 	 lea %a3,[%a2]100
 1671 001a 19222410 	 ld.w %d2,[%a2]100
 1672 001e B7120129 	 insert %d2,%d2,1,18,1
 1673 0022 7432     	 st.w [%a3]0,%d2
 610:../Libraries/iLLD/TC4xx/Tricore/Hssl/Hssl/IfxHssl_Hssl.c ****     hsslSFR->CFG.B.SMT                           = streamingMode; /* set transmitter streaming mode
 1674              	 .loc 1 610 5 is_stmt 1
 1675              	 .loc 1 610 50 is_stmt 0
 1676 0024 5432     	 ld.w %d2,[%a3]0
 1677 0026 B7120128 	 insert %d2,%d2,1,16,1
 1678 002a 7432     	 st.w [%a3]0,%d2
 611:../Libraries/iLLD/TC4xx/Tricore/Hssl/Hssl/IfxHssl_Hssl.c ****     hsslSFR->CFG.B.SMR                           = streamingMode; /* set receiver streaming mode ( 
 1679              	 .loc 1 611 5 is_stmt 1
 1680              	 .loc 1 611 50 is_stmt 0
 1681 002c 5432     	 ld.w %d2,[%a3]0
 1682 002e B7128128 	 insert %d2,%d2,1,17,1
 1683 0032 7432     	 st.w [%a3]0,%d2
 612:../Libraries/iLLD/TC4xx/Tricore/Hssl/Hssl/IfxHssl_Hssl.c ****     /* streaming is supported only on IfxHssl_ChannelId_2 */
 613:../Libraries/iLLD/TC4xx/Tricore/Hssl/Hssl/IfxHssl_Hssl.c ****     hsslSFR->I[IfxHssl_ChannelId_2].ICON.B.TOREL = 0xff;          /* set the transmitter reload val
 1684              	 .loc 1 613 5 is_stmt 1
 1685              	 .loc 1 613 50 is_stmt 0
 1686 0034 D9232420 	 lea %a3,[%a2]164
 1687 0038 19222420 	 ld.w %d2,[%a2]164
 1688 003c 3BF00F30 	 mov %d3,255
 1689 0040 3732082C 	 insert %d2,%d2,%d3,24,8
 1690 0044 7432     	 st.w [%a3]0,%d2
 614:../Libraries/iLLD/TC4xx/Tricore/Hssl/Hssl/IfxHssl_Hssl.c **** 
 615:../Libraries/iLLD/TC4xx/Tricore/Hssl/Hssl/IfxHssl_Hssl.c ****     /* incase of transfers within the device(loopback on) */
 616:../Libraries/iLLD/TC4xx/Tricore/Hssl/Hssl/IfxHssl_Hssl.c ****     if (hssl->loopBack)
 1691              	 .loc 1 616 5 is_stmt 1
 1692              	 .loc 1 616 13 is_stmt 0
 1693 0046 39420600 	 ld.bu %d2,[%a4]6
 1694              	 .loc 1 616 8
 1695 004a DF020000 	 jz %d2,.L94
 617:../Libraries/iLLD/TC4xx/Tricore/Hssl/Hssl/IfxHssl_Hssl.c ****     {
 618:../Libraries/iLLD/TC4xx/Tricore/Hssl/Hssl/IfxHssl_Hssl.c ****         hsslSFR->MFLAGSSET.B.TSES = 1; /* enable target */
 1696              	 .loc 1 618 9 is_stmt 1
 1697              	 .loc 1 618 35 is_stmt 0
 1698 004e D9233010 	 lea %a3,[%a2]112
 1699 0052 19223010 	 ld.w %d2,[%a2]112
 1700 0056 B712012E 	 insert %d2,%d2,1,28,1
 1701 005a 7432     	 st.w [%a3]0,%d2
 1702              	.L94:
 619:../Libraries/iLLD/TC4xx/Tricore/Hssl/Hssl/IfxHssl_Hssl.c ****     }
 620:../Libraries/iLLD/TC4xx/Tricore/Hssl/Hssl/IfxHssl_Hssl.c **** 
 621:../Libraries/iLLD/TC4xx/Tricore/Hssl/Hssl/IfxHssl_Hssl.c ****     /* initiate the transfer */
 622:../Libraries/iLLD/TC4xx/Tricore/Hssl/Hssl/IfxHssl_Hssl.c ****     hsslSFR->MFLAGSSET.B.ISBS = 1;
 1703              	 .loc 1 622 5 is_stmt 1
 1704              	 .loc 1 622 31 is_stmt 0
 1705 005c D9233010 	 lea %a3,[%a2]112
 1706 0060 19223010 	 ld.w %d2,[%a2]112
 1707 0064 B712012A 	 insert %d2,%d2,1,20,1
 1708 0068 7432     	 st.w [%a3]0,%d2
 623:../Libraries/iLLD/TC4xx/Tricore/Hssl/Hssl/IfxHssl_Hssl.c **** 
 624:../Libraries/iLLD/TC4xx/Tricore/Hssl/Hssl/IfxHssl_Hssl.c ****     /* streaming started */
 625:../Libraries/iLLD/TC4xx/Tricore/Hssl/Hssl/IfxHssl_Hssl.c ****     return IfxHssl_Hssl_Status_ok;
 1709              	 .loc 1 625 5 is_stmt 1
 626:../Libraries/iLLD/TC4xx/Tricore/Hssl/Hssl/IfxHssl_Hssl.c **** }
 1710              	 .loc 1 626 1 is_stmt 0
 1711 006a 8202     	 mov %d2,0
 1712 006c 0090     	 ret 
 1713              	.LFE398:
 1715              	 .global IfxHssl_Hssl_writeStream_end
 1716              	IfxHssl_Hssl_writeStream_end:
 1925              	.Letext0:
 1926              	 .file 5 "../Libraries/Infra/Platform/Compilers/Platform_Types.h"
 1927              	 .file 6 "../Libraries/Infra/Platform/Compilers/Ifx_Types.h"
 1928              	 .file 7 "../Libraries/Infra/Sfr/TC4Dx/Ifx_TypesReg.h"
 1929              	 .file 8 "../Libraries/Infra/Sfr/TC4Dx/IfxHssl_regdef.h"
 1930              	 .file 9 "../Libraries/Infra/Sfr/TC4Dx/IfxHsct_regdef.h"
 1931              	 .file 10 "../Libraries/Infra/Sfr/TC4Dx/IfxPort_regdef.h"
 1932              	 .file 11 "../Libraries/iLLD/TC4xx/Tricore/Hssl/Std/IfxHssl.h"
 24023 0000 00000000 	 .word IfxHssl_Hssl_checkErrors
 24024 0004 00000000 	 .word IfxHssl_Hssl_checkErrors_end
 24025 0008 04001C44 	 .word 0x441c0004
 24026 000c 00001000 	 .word 0x00100000
 24027 0010 00000000 	 .word 0x00000000
 24028 0014 C0000000 	 .word 0x000000c0
 24029 0018 00000000 	 .word IfxHssl_Hssl_clearErrorFlags
 24030 001c 00000000 	 .word IfxHssl_Hssl_clearErrorFlags_end
 24031 0020 04001044 	 .word 0x44100004
 24032 0024 00001000 	 .word 0x00100000
 24033 0028 00000000 	 .word 0x00000000
 24034 002c C0000000 	 .word 0x000000c0
 24035 0030 00000000 	 .word IfxHssl_Hssl_delay
 24036 0034 00000000 	 .word IfxHssl_Hssl_delay_end
 24037 0038 0C000044 	 .word 0x4400000c
 24038 003c 00001000 	 .word 0x00100000
 24039 0040 00000000 	 .word 0x00000000
 24040 0044 C0010000 	 .word 0x000001c0
 24041 0048 00000000 	 .word IfxHssl_Hssl_initChannel
 24042 004c 00000000 	 .word IfxHssl_Hssl_initChannel_end
 24043 0050 04003C44 	 .word 0x443c0004
 24044 0054 00003000 	 .word 0x00300000
 24045 0058 00000000 	 .word 0x00000000
 24046 005c C0000000 	 .word 0x000000c0
 24047 0060 00000000 	 .word IfxHssl_Hssl_initChannelConfig
 24048 0064 00000000 	 .word IfxHssl_Hssl_initChannelConfig_end
 24049 0068 04007444 	 .word 0x44740004
 24050 006c 00007000 	 .word 0x00700000
 24051 0070 00000000 	 .word 0x00000000
 24052 0074 C0000000 	 .word 0x000000c0
 24053 0078 00000000 	 .word IfxHssl_Hssl_initHsctModule
 24054 007c 00000000 	 .word IfxHssl_Hssl_initHsctModule_end
 24055 0080 3C003474 	 .word 0x7434003c
 24056 0084 00003000 	 .word 0x00300000
 24057 0088 00000000 	 .word 0x00000000
 24058 008c 40800200 	 .word 0x00028040
 24059 0090 00000000 	 .word IfxHssl_Hssl_initHsctModuleConfig
 24060 0094 00000000 	 .word IfxHssl_Hssl_initHsctModuleConfig_end
 24061 0098 04003444 	 .word 0x44340004
 24062 009c 00003000 	 .word 0x00300000
 24063 00a0 00000000 	 .word 0x00000000
 24064 00a4 C0000000 	 .word 0x000000c0
 24065 00a8 00000000 	 .word IfxHssl_Hssl_initHsslModule
 24066 00ac 00000000 	 .word IfxHssl_Hssl_initHsslModule_end
 24067 00b0 0C003C74 	 .word 0x743c000c
 24068 00b4 00003000 	 .word 0x00300000
 24069 00b8 00000000 	 .word 0x00000000
 24070 00bc 40000200 	 .word 0x00020040
 24071 00c0 00000000 	 .word IfxHssl_Hssl_initHsslModuleConfig
 24072 00c4 00000000 	 .word IfxHssl_Hssl_initHsslModuleConfig_end
 24073 00c8 0C003444 	 .word 0x4434000c
 24074 00cc 00003000 	 .word 0x00300000
 24075 00d0 00000000 	 .word 0x00000000
 24076 00d4 C0000000 	 .word 0x000000c0
 24077 00d8 00000000 	 .word IfxHssl_Hssl_sendControlCommand
 24078 00dc 00000000 	 .word IfxHssl_Hssl_sendControlCommand_end
 24079 00e0 14001C44 	 .word 0x441c0014
 24080 00e4 10001000 	 .word 0x00100010
 24081 00e8 00000000 	 .word 0x00000000
 24082 00ec 40000200 	 .word 0x00020040
 24083 00f0 00000000 	 .word IfxHssl_Hssl_singleFrameRequest
 24084 00f4 00000000 	 .word IfxHssl_Hssl_singleFrameRequest_end
 24085 00f8 FF001C44 	 .word 0x441c00ff
 24086 00fc F0001000 	 .word 0x001000f0
 24087 0100 04000000 	 .word 0x00000004
 24088 0104 C0000000 	 .word 0x000000c0
 24089 0108 00000000 	 .word IfxHssl_Hssl_read
 24090 010c 00000000 	 .word IfxHssl_Hssl_read_end
 24091 0110 F4001044 	 .word 0x441000f4
 24092 0114 30001000 	 .word 0x00100030
 24093 0118 04000000 	 .word 0x00000004
 24094 011c 40000200 	 .word 0x00020040
 24095 0120 00000000 	 .word IfxHssl_Hssl_waitAcknowledge
 24096 0124 00000000 	 .word IfxHssl_Hssl_waitAcknowledge_end
 24097 0128 FC001C44 	 .word 0x441c00fc
 24098 012c 00001000 	 .word 0x00100000
 24099 0130 04000000 	 .word 0x00000004
 24100 0134 C0000000 	 .word 0x000000c0
 24101 0138 00000000 	 .word IfxHssl_Hssl_prepareStream
 24102 013c 00000000 	 .word IfxHssl_Hssl_prepareStream_end
 24103 0140 FC031454 	 .word 0x541403fc
 24104 0144 30001000 	 .word 0x00100030
 24105 0148 04000000 	 .word 0x00000004
 24106 014c 40000200 	 .word 0x00020040
 24107 0150 00000000 	 .word IfxHssl_Hssl_write
 24108 0154 00000000 	 .word IfxHssl_Hssl_write_end
 24109 0158 F4001044 	 .word 0x441000f4
 24110 015c 70001000 	 .word 0x00100070
 24111 0160 04000000 	 .word 0x00000004
 24112 0164 40000200 	 .word 0x00020040
 24113 0168 00000000 	 .word IfxHssl_Hssl_writeStream
 24114 016c 00000000 	 .word IfxHssl_Hssl_writeStream_end
 24115 0170 1C003C44 	 .word 0x443c001c
 24116 0174 10003000 	 .word 0x00300010
 24117 0178 04000000 	 .word 0x00000004
 24118 017c C0000000 	 .word 0x000000c0
DEFINED SYMBOLS
                            *ABS*:00000000 IfxHssl_Hssl.c
                            *ABS*:00000000 IfxHssl_Hssl.c
    {standard input}:10     .text.IfxHssl_Hssl_checkErrors:00000000 IfxHssl_Hssl_checkErrors
    {standard input}:129    .text.IfxHssl_Hssl_checkErrors:000000ca IfxHssl_Hssl_checkErrors_end
    {standard input}:134    .text.IfxHssl_Hssl_clearErrorFlags:00000000 IfxHssl_Hssl_clearErrorFlags
    {standard input}:182    .text.IfxHssl_Hssl_clearErrorFlags:00000050 IfxHssl_Hssl_clearErrorFlags_end
    {standard input}:187    .text.IfxHssl_Hssl_delay:00000000 IfxHssl_Hssl_delay
    {standard input}:229    .text.IfxHssl_Hssl_delay:00000016 IfxHssl_Hssl_delay_end
    {standard input}:234    .text.IfxHssl_Hssl_initChannel:00000000 IfxHssl_Hssl_initChannel
    {standard input}:274    .text.IfxHssl_Hssl_initChannel:00000034 IfxHssl_Hssl_initChannel_end
    {standard input}:279    .text.IfxHssl_Hssl_initChannelConfig:00000000 IfxHssl_Hssl_initChannelConfig
    {standard input}:314    .text.IfxHssl_Hssl_initChannelConfig:00000026 IfxHssl_Hssl_initChannelConfig_end
    {standard input}:319    .text.IfxHssl_Hssl_initHsctModule:00000000 IfxHssl_Hssl_initHsctModule
    {standard input}:743    .text.IfxHssl_Hssl_initHsctModule:00000298 IfxHssl_Hssl_initHsctModule_end
    {standard input}:748    .text.IfxHssl_Hssl_initHsctModuleConfig:00000000 IfxHssl_Hssl_initHsctModuleConfig
    {standard input}:782    .text.IfxHssl_Hssl_initHsctModuleConfig:00000022 IfxHssl_Hssl_initHsctModuleConfig_end
    {standard input}:787    .text.IfxHssl_Hssl_initHsslModule:00000000 IfxHssl_Hssl_initHsslModule
    {standard input}:880    .text.IfxHssl_Hssl_initHsslModule:00000094 IfxHssl_Hssl_initHsslModule_end
    {standard input}:885    .text.IfxHssl_Hssl_initHsslModuleConfig:00000000 IfxHssl_Hssl_initHsslModuleConfig
    {standard input}:929    .text.IfxHssl_Hssl_initHsslModuleConfig:00000032 IfxHssl_Hssl_initHsslModuleConfig_end
    {standard input}:934    .text.IfxHssl_Hssl_sendControlCommand:00000000 IfxHssl_Hssl_sendControlCommand
    {standard input}:964    .text.IfxHssl_Hssl_sendControlCommand:00000020 IfxHssl_Hssl_sendControlCommand_end
    {standard input}:969    .text.IfxHssl_Hssl_singleFrameRequest:00000000 IfxHssl_Hssl_singleFrameRequest
    {standard input}:1126   .text.IfxHssl_Hssl_singleFrameRequest:00000100 IfxHssl_Hssl_singleFrameRequest_end
    {standard input}:1131   .text.IfxHssl_Hssl_read:00000000 IfxHssl_Hssl_read
    {standard input}:1154   .text.IfxHssl_Hssl_read:00000010 IfxHssl_Hssl_read_end
    {standard input}:1159   .text.IfxHssl_Hssl_waitAcknowledge:00000000 IfxHssl_Hssl_waitAcknowledge
    {standard input}:1304   .text.IfxHssl_Hssl_waitAcknowledge:000000a0 IfxHssl_Hssl_waitAcknowledge_end
    {standard input}:1309   .text.IfxHssl_Hssl_prepareStream:00000000 IfxHssl_Hssl_prepareStream
    {standard input}:1615   .text.IfxHssl_Hssl_prepareStream:000001ac IfxHssl_Hssl_prepareStream_end
    {standard input}:1620   .text.IfxHssl_Hssl_write:00000000 IfxHssl_Hssl_write
    {standard input}:1642   .text.IfxHssl_Hssl_write:00000010 IfxHssl_Hssl_write_end
    {standard input}:1647   .text.IfxHssl_Hssl_writeStream:00000000 IfxHssl_Hssl_writeStream
    {standard input}:1716   .text.IfxHssl_Hssl_writeStream:0000006e IfxHssl_Hssl_writeStream_end

UNDEFINED SYMBOLS
IfxPort_setPinMode
IfxPort_setPinControllerSelection
IfxPort_setPinPadDriver
IfxPort_setPinModeLVDS
IfxHssl_enableHsctModule
IfxHssl_enableHsslModule
