   1              	
   2              	 .file "IfxPcie.c"
   3              	 .file "IfxPcie.c"
   4              	.section .text,"ax",@progbits
   5              	.Ltext0:
   6              	 .section .text.IfxPcie_CfgRdb,"ax",@progbits
   7              	 .align 1
   8              	 .global IfxPcie_CfgRdb
  10              	IfxPcie_CfgRdb:
  11              	.LFB342:
  12              	 .file 1 "../Libraries/iLLD/TC4xx/CpuGeneric/Pcie/Std/IfxPcie.c"
   1:../Libraries/iLLD/TC4xx/CpuGeneric/Pcie/Std/IfxPcie.c **** /**
   2:../Libraries/iLLD/TC4xx/CpuGeneric/Pcie/Std/IfxPcie.c ****  * \file IfxPcie.c
   3:../Libraries/iLLD/TC4xx/CpuGeneric/Pcie/Std/IfxPcie.c ****  * \brief PCIE  basic functionality
   4:../Libraries/iLLD/TC4xx/CpuGeneric/Pcie/Std/IfxPcie.c ****  *
   5:../Libraries/iLLD/TC4xx/CpuGeneric/Pcie/Std/IfxPcie.c ****  * \version iLLD-TC4-v2.7.0
   6:../Libraries/iLLD/TC4xx/CpuGeneric/Pcie/Std/IfxPcie.c ****  * \copyright Copyright (c) 2026 Infineon Technologies AG. All rights reserved.
   7:../Libraries/iLLD/TC4xx/CpuGeneric/Pcie/Std/IfxPcie.c ****  *
   8:../Libraries/iLLD/TC4xx/CpuGeneric/Pcie/Std/IfxPcie.c ****  *
   9:../Libraries/iLLD/TC4xx/CpuGeneric/Pcie/Std/IfxPcie.c ****  *
  10:../Libraries/iLLD/TC4xx/CpuGeneric/Pcie/Std/IfxPcie.c ****  *                                 IMPORTANT NOTICE
  11:../Libraries/iLLD/TC4xx/CpuGeneric/Pcie/Std/IfxPcie.c ****  *
  12:../Libraries/iLLD/TC4xx/CpuGeneric/Pcie/Std/IfxPcie.c ****  * Infineon Technologies AG (Infineon) licenses this file to you under the
  13:../Libraries/iLLD/TC4xx/CpuGeneric/Pcie/Std/IfxPcie.c ****  * Infineon Automotive SW Lab License v2025-01 (IFASLL). You may not use
  14:../Libraries/iLLD/TC4xx/CpuGeneric/Pcie/Std/IfxPcie.c ****  * this file except in compliance with IFASLL.
  15:../Libraries/iLLD/TC4xx/CpuGeneric/Pcie/Std/IfxPcie.c ****  *
  16:../Libraries/iLLD/TC4xx/CpuGeneric/Pcie/Std/IfxPcie.c ****  * The full license text is contained in IFASLL202501.pdf delivered with this SW.
  17:../Libraries/iLLD/TC4xx/CpuGeneric/Pcie/Std/IfxPcie.c ****  * Unless required by applicable law or agreed to in writing, software distributed
  18:../Libraries/iLLD/TC4xx/CpuGeneric/Pcie/Std/IfxPcie.c ****  * under this license is distributed "AS IS" without any warranty or liability of any
  19:../Libraries/iLLD/TC4xx/CpuGeneric/Pcie/Std/IfxPcie.c ****  * kind and Infineon hereby expressly disclaims any warranties or representations,
  20:../Libraries/iLLD/TC4xx/CpuGeneric/Pcie/Std/IfxPcie.c ****  * whether express, implied, statutory or otherwise, including but not limited to
  21:../Libraries/iLLD/TC4xx/CpuGeneric/Pcie/Std/IfxPcie.c ****  * warranties of workmanship, merchantability, fitness for a particular purpose,
  22:../Libraries/iLLD/TC4xx/CpuGeneric/Pcie/Std/IfxPcie.c ****  * defects in the licensed items, or non-infringement of third parties'
  23:../Libraries/iLLD/TC4xx/CpuGeneric/Pcie/Std/IfxPcie.c ****  * intellectual property rights. See the full license text for the specific
  24:../Libraries/iLLD/TC4xx/CpuGeneric/Pcie/Std/IfxPcie.c ****  * language governing permissions and limitations under IFASLL.
  25:../Libraries/iLLD/TC4xx/CpuGeneric/Pcie/Std/IfxPcie.c ****  *
  26:../Libraries/iLLD/TC4xx/CpuGeneric/Pcie/Std/IfxPcie.c ****  *
  27:../Libraries/iLLD/TC4xx/CpuGeneric/Pcie/Std/IfxPcie.c ****  */
  28:../Libraries/iLLD/TC4xx/CpuGeneric/Pcie/Std/IfxPcie.c **** 
  29:../Libraries/iLLD/TC4xx/CpuGeneric/Pcie/Std/IfxPcie.c **** /******************************************************************************/
  30:../Libraries/iLLD/TC4xx/CpuGeneric/Pcie/Std/IfxPcie.c **** /*----------------------------------Includes----------------------------------*/
  31:../Libraries/iLLD/TC4xx/CpuGeneric/Pcie/Std/IfxPcie.c **** /******************************************************************************/
  32:../Libraries/iLLD/TC4xx/CpuGeneric/Pcie/Std/IfxPcie.c **** 
  33:../Libraries/iLLD/TC4xx/CpuGeneric/Pcie/Std/IfxPcie.c **** #include "Ifx_Cfg.h"
  34:../Libraries/iLLD/TC4xx/CpuGeneric/Pcie/Std/IfxPcie.c **** #if defined (__TASKING__)
  35:../Libraries/iLLD/TC4xx/CpuGeneric/Pcie/Std/IfxPcie.c **** #pragma warning 508		/* To suppress empty file warning */
  36:../Libraries/iLLD/TC4xx/CpuGeneric/Pcie/Std/IfxPcie.c **** #endif
  37:../Libraries/iLLD/TC4xx/CpuGeneric/Pcie/Std/IfxPcie.c **** #if defined (__ghs__)
  38:../Libraries/iLLD/TC4xx/CpuGeneric/Pcie/Std/IfxPcie.c **** #pragma diag_suppress 96		/* To suppress empty file warning */
  39:../Libraries/iLLD/TC4xx/CpuGeneric/Pcie/Std/IfxPcie.c **** #endif
  40:../Libraries/iLLD/TC4xx/CpuGeneric/Pcie/Std/IfxPcie.c **** 
  41:../Libraries/iLLD/TC4xx/CpuGeneric/Pcie/Std/IfxPcie.c **** #if defined(DEVICE_TC4DX) || defined(DEVICE_TC45X)
  42:../Libraries/iLLD/TC4xx/CpuGeneric/Pcie/Std/IfxPcie.c **** #include "IfxPcie.h"
  43:../Libraries/iLLD/TC4xx/CpuGeneric/Pcie/Std/IfxPcie.c **** #include "IfxPcie_usp_bf.h"
  44:../Libraries/iLLD/TC4xx/CpuGeneric/Pcie/Std/IfxPcie.c **** 
  45:../Libraries/iLLD/TC4xx/CpuGeneric/Pcie/Std/IfxPcie.c **** /******************************************************************************/
  46:../Libraries/iLLD/TC4xx/CpuGeneric/Pcie/Std/IfxPcie.c **** /*-------------------------Function Implementations---------------------------*/
  47:../Libraries/iLLD/TC4xx/CpuGeneric/Pcie/Std/IfxPcie.c **** /******************************************************************************/
  48:../Libraries/iLLD/TC4xx/CpuGeneric/Pcie/Std/IfxPcie.c **** 
  49:../Libraries/iLLD/TC4xx/CpuGeneric/Pcie/Std/IfxPcie.c **** void IfxPcie_CfgRdb(Ifx_PCIE_DSP *PcieRcReg, uint32 CfgstartAddr, uint32 offset, uint8 *val)
  50:../Libraries/iLLD/TC4xx/CpuGeneric/Pcie/Std/IfxPcie.c **** {
  13              	 .loc 1 50 1
  14              	.LVL0:
  15 0000 40AE     	 mov.aa %a14,%SP
  16              	.LCFI0:
  51:../Libraries/iLLD/TC4xx/CpuGeneric/Pcie/Std/IfxPcie.c ****     *val = *((uint8 *)(CfgstartAddr + offset));
  17              	 .loc 1 51 5
  18              	 .loc 1 51 37 is_stmt 0
  19 0002 6042     	 mov.a %a2,%d4
  20 0004 01250026 	 addsc.a %a2,%a2,%d5,0
  21              	 .loc 1 51 12
  22 0008 1422     	 ld.bu %d2,[%a2]0
  23              	 .loc 1 51 10
  24 000a 3452     	 st.b [%a5]0,%d2
  52:../Libraries/iLLD/TC4xx/CpuGeneric/Pcie/Std/IfxPcie.c **** }
  25              	 .loc 1 52 1
  26 000c 0090     	 ret 
  27              	.LFE342:
  29              	 .global IfxPcie_CfgRdb_end
  30              	IfxPcie_CfgRdb_end:
  31              	 .section .text.IfxPcie_CfgRdl,"ax",@progbits
  32              	 .align 1
  33              	 .global IfxPcie_CfgRdl
  35              	IfxPcie_CfgRdl:
  36              	.LFB343:
  53:../Libraries/iLLD/TC4xx/CpuGeneric/Pcie/Std/IfxPcie.c **** 
  54:../Libraries/iLLD/TC4xx/CpuGeneric/Pcie/Std/IfxPcie.c **** 
  55:../Libraries/iLLD/TC4xx/CpuGeneric/Pcie/Std/IfxPcie.c **** void IfxPcie_CfgRdl(uint32 CfgstartAddr, uint32 offset, uint32 *val)
  56:../Libraries/iLLD/TC4xx/CpuGeneric/Pcie/Std/IfxPcie.c **** {
  37              	 .loc 1 56 1 is_stmt 1
  38              	.LVL1:
  39 0000 40AE     	 mov.aa %a14,%SP
  40              	.LCFI1:
  57:../Libraries/iLLD/TC4xx/CpuGeneric/Pcie/Std/IfxPcie.c ****     *val = *((uint32 *)(CfgstartAddr + (offset)));
  41              	 .loc 1 57 5
  42              	 .loc 1 57 38 is_stmt 0
  43 0002 6042     	 mov.a %a2,%d4
  44 0004 01250026 	 addsc.a %a2,%a2,%d5,0
  45              	 .loc 1 57 12
  46 0008 5422     	 ld.w %d2,[%a2]0
  47 000a 7442     	 st.w [%a4]0,%d2
  58:../Libraries/iLLD/TC4xx/CpuGeneric/Pcie/Std/IfxPcie.c **** }
  48              	 .loc 1 58 1
  49 000c 0090     	 ret 
  50              	.LFE343:
  52              	 .global IfxPcie_CfgRdl_end
  53              	IfxPcie_CfgRdl_end:
  54              	 .section .text.IfxPcie_CfgRdw,"ax",@progbits
  55              	 .align 1
  56              	 .global IfxPcie_CfgRdw
  58              	IfxPcie_CfgRdw:
  59              	.LFB344:
  59:../Libraries/iLLD/TC4xx/CpuGeneric/Pcie/Std/IfxPcie.c **** 
  60:../Libraries/iLLD/TC4xx/CpuGeneric/Pcie/Std/IfxPcie.c **** 
  61:../Libraries/iLLD/TC4xx/CpuGeneric/Pcie/Std/IfxPcie.c **** void IfxPcie_CfgRdw(Ifx_PCIE_DSP *PcieRcReg, uint32 CfgstartAddr, uint32 offset, uint16 *val)
  62:../Libraries/iLLD/TC4xx/CpuGeneric/Pcie/Std/IfxPcie.c **** {
  60              	 .loc 1 62 1 is_stmt 1
  61              	.LVL2:
  62 0000 40AE     	 mov.aa %a14,%SP
  63              	.LCFI2:
  63:../Libraries/iLLD/TC4xx/CpuGeneric/Pcie/Std/IfxPcie.c ****     *val = *((uint16 *)(CfgstartAddr + offset));
  64              	 .loc 1 63 5
  65              	 .loc 1 63 38 is_stmt 0
  66 0002 6042     	 mov.a %a2,%d4
  67 0004 01250026 	 addsc.a %a2,%a2,%d5,0
  68              	 .loc 1 63 12
  69 0008 B9220000 	 ld.hu %d2,[%a2]0
  70              	 .loc 1 63 10
  71 000c B452     	 st.h [%a5]0,%d2
  64:../Libraries/iLLD/TC4xx/CpuGeneric/Pcie/Std/IfxPcie.c **** }
  72              	 .loc 1 64 1
  73 000e 0090     	 ret 
  74              	.LFE344:
  76              	 .global IfxPcie_CfgRdw_end
  77              	IfxPcie_CfgRdw_end:
  78              	 .section .text.IfxPcie_CfgWrb,"ax",@progbits
  79              	 .align 1
  80              	 .global IfxPcie_CfgWrb
  82              	IfxPcie_CfgWrb:
  83              	.LFB345:
  65:../Libraries/iLLD/TC4xx/CpuGeneric/Pcie/Std/IfxPcie.c **** 
  66:../Libraries/iLLD/TC4xx/CpuGeneric/Pcie/Std/IfxPcie.c **** 
  67:../Libraries/iLLD/TC4xx/CpuGeneric/Pcie/Std/IfxPcie.c **** void IfxPcie_CfgWrb(Ifx_PCIE_DSP *PcieRcReg, uint32 CfgstartAddr, uint32 offset, uint8 val)
  68:../Libraries/iLLD/TC4xx/CpuGeneric/Pcie/Std/IfxPcie.c **** {
  84              	 .loc 1 68 1 is_stmt 1
  85              	.LVL3:
  86 0000 40AE     	 mov.aa %a14,%SP
  87              	.LCFI3:
  69:../Libraries/iLLD/TC4xx/CpuGeneric/Pcie/Std/IfxPcie.c ****     *((uint8 *)(CfgstartAddr + offset)) = val;
  88              	 .loc 1 69 5
  89              	 .loc 1 69 30 is_stmt 0
  90 0002 6042     	 mov.a %a2,%d4
  91 0004 01250026 	 addsc.a %a2,%a2,%d5,0
  92              	 .loc 1 69 41
  93 0008 3426     	 st.b [%a2]0,%d6
  70:../Libraries/iLLD/TC4xx/CpuGeneric/Pcie/Std/IfxPcie.c **** }
  94              	 .loc 1 70 1
  95 000a 0090     	 ret 
  96              	.LFE345:
  98              	 .global IfxPcie_CfgWrb_end
  99              	IfxPcie_CfgWrb_end:
 100              	 .section .text.IfxPcie_CfgWrw,"ax",@progbits
 101              	 .align 1
 102              	 .global IfxPcie_CfgWrw
 104              	IfxPcie_CfgWrw:
 105              	.LFB346:
  71:../Libraries/iLLD/TC4xx/CpuGeneric/Pcie/Std/IfxPcie.c **** 
  72:../Libraries/iLLD/TC4xx/CpuGeneric/Pcie/Std/IfxPcie.c **** 
  73:../Libraries/iLLD/TC4xx/CpuGeneric/Pcie/Std/IfxPcie.c **** void IfxPcie_CfgWrw(Ifx_PCIE_DSP *PcieRcReg, uint32 CfgstartAddr, uint32 offset, uint16 val)
  74:../Libraries/iLLD/TC4xx/CpuGeneric/Pcie/Std/IfxPcie.c **** {
 106              	 .loc 1 74 1 is_stmt 1
 107              	.LVL4:
 108 0000 40AE     	 mov.aa %a14,%SP
 109              	.LCFI4:
  75:../Libraries/iLLD/TC4xx/CpuGeneric/Pcie/Std/IfxPcie.c ****     *((uint16 *)(CfgstartAddr + offset)) = val;
 110              	 .loc 1 75 5
 111              	 .loc 1 75 31 is_stmt 0
 112 0002 6042     	 mov.a %a2,%d4
 113 0004 01250026 	 addsc.a %a2,%a2,%d5,0
 114              	 .loc 1 75 42
 115 0008 B426     	 st.h [%a2]0,%d6
  76:../Libraries/iLLD/TC4xx/CpuGeneric/Pcie/Std/IfxPcie.c ****     //val = IfxPcie_getCapabilityPtr(CfgstartAddr, offset);
  77:../Libraries/iLLD/TC4xx/CpuGeneric/Pcie/Std/IfxPcie.c **** }
 116              	 .loc 1 77 1
 117 000a 0090     	 ret 
 118              	.LFE346:
 120              	 .global IfxPcie_CfgWrw_end
 121              	IfxPcie_CfgWrw_end:
 122              	 .section .text.IfxPcie_CfgWrl,"ax",@progbits
 123              	 .align 1
 124              	 .global IfxPcie_CfgWrl
 126              	IfxPcie_CfgWrl:
 127              	.LFB347:
  78:../Libraries/iLLD/TC4xx/CpuGeneric/Pcie/Std/IfxPcie.c **** 
  79:../Libraries/iLLD/TC4xx/CpuGeneric/Pcie/Std/IfxPcie.c **** 
  80:../Libraries/iLLD/TC4xx/CpuGeneric/Pcie/Std/IfxPcie.c **** void IfxPcie_CfgWrl(uint32 CfgstartAddr, uint32 offset, uint32 val)
  81:../Libraries/iLLD/TC4xx/CpuGeneric/Pcie/Std/IfxPcie.c **** {
 128              	 .loc 1 81 1 is_stmt 1
 129              	.LVL5:
 130 0000 40AE     	 mov.aa %a14,%SP
 131              	.LCFI5:
  82:../Libraries/iLLD/TC4xx/CpuGeneric/Pcie/Std/IfxPcie.c ****     *((uint32 *)(CfgstartAddr + (offset))) = val;
 132              	 .loc 1 82 5
 133              	 .loc 1 82 31 is_stmt 0
 134 0002 6042     	 mov.a %a2,%d4
 135 0004 01250026 	 addsc.a %a2,%a2,%d5,0
 136              	 .loc 1 82 44
 137 0008 7426     	 st.w [%a2]0,%d6
  83:../Libraries/iLLD/TC4xx/CpuGeneric/Pcie/Std/IfxPcie.c **** }
 138              	 .loc 1 83 1
 139 000a 0090     	 ret 
 140              	.LFE347:
 142              	 .global IfxPcie_CfgWrl_end
 143              	IfxPcie_CfgWrl_end:
 144              	 .section .text.IfxPcie_MemRdl,"ax",@progbits
 145              	 .align 1
 146              	 .global IfxPcie_MemRdl
 148              	IfxPcie_MemRdl:
 149              	.LFB348:
  84:../Libraries/iLLD/TC4xx/CpuGeneric/Pcie/Std/IfxPcie.c **** 
  85:../Libraries/iLLD/TC4xx/CpuGeneric/Pcie/Std/IfxPcie.c **** 
  86:../Libraries/iLLD/TC4xx/CpuGeneric/Pcie/Std/IfxPcie.c **** void IfxPcie_MemRdl(Ifx_PCIE_DSP *PcieRcReg, uint32 MemstartAddr, uint32 offset, uint32 *val)
  87:../Libraries/iLLD/TC4xx/CpuGeneric/Pcie/Std/IfxPcie.c **** {
 150              	 .loc 1 87 1 is_stmt 1
 151              	.LVL6:
 152 0000 40AE     	 mov.aa %a14,%SP
 153              	.LCFI6:
  88:../Libraries/iLLD/TC4xx/CpuGeneric/Pcie/Std/IfxPcie.c ****     *val = *((uint32 *)(MemstartAddr + offset));
 154              	 .loc 1 88 5
 155              	 .loc 1 88 38 is_stmt 0
 156 0002 6042     	 mov.a %a2,%d4
 157 0004 01250026 	 addsc.a %a2,%a2,%d5,0
 158              	 .loc 1 88 12
 159 0008 5422     	 ld.w %d2,[%a2]0
 160 000a 7452     	 st.w [%a5]0,%d2
  89:../Libraries/iLLD/TC4xx/CpuGeneric/Pcie/Std/IfxPcie.c **** }
 161              	 .loc 1 89 1
 162 000c 0090     	 ret 
 163              	.LFE348:
 165              	 .global IfxPcie_MemRdl_end
 166              	IfxPcie_MemRdl_end:
 167              	 .section .text.IfxPcie_MemWrl,"ax",@progbits
 168              	 .align 1
 169              	 .global IfxPcie_MemWrl
 171              	IfxPcie_MemWrl:
 172              	.LFB349:
  90:../Libraries/iLLD/TC4xx/CpuGeneric/Pcie/Std/IfxPcie.c **** 
  91:../Libraries/iLLD/TC4xx/CpuGeneric/Pcie/Std/IfxPcie.c **** 
  92:../Libraries/iLLD/TC4xx/CpuGeneric/Pcie/Std/IfxPcie.c **** void IfxPcie_MemWrl(Ifx_PCIE_DSP *PcieRcReg, uint32 MemstartAddr, uint32 offset, uint32 val)
  93:../Libraries/iLLD/TC4xx/CpuGeneric/Pcie/Std/IfxPcie.c **** {
 173              	 .loc 1 93 1 is_stmt 1
 174              	.LVL7:
 175 0000 40AE     	 mov.aa %a14,%SP
 176              	.LCFI7:
  94:../Libraries/iLLD/TC4xx/CpuGeneric/Pcie/Std/IfxPcie.c ****     *((uint32 *)(MemstartAddr + offset)) = val;
 177              	 .loc 1 94 5
 178              	 .loc 1 94 31 is_stmt 0
 179 0002 6042     	 mov.a %a2,%d4
 180 0004 01250026 	 addsc.a %a2,%a2,%d5,0
 181              	 .loc 1 94 42
 182 0008 7426     	 st.w [%a2]0,%d6
  95:../Libraries/iLLD/TC4xx/CpuGeneric/Pcie/Std/IfxPcie.c **** }
 183              	 .loc 1 95 1
 184 000a 0090     	 ret 
 185              	.LFE349:
 187              	 .global IfxPcie_MemWrl_end
 188              	IfxPcie_MemWrl_end:
 189              	 .section .text.IfxPcie_CpuMemRdl,"ax",@progbits
 190              	 .align 1
 191              	 .global IfxPcie_CpuMemRdl
 193              	IfxPcie_CpuMemRdl:
 194              	.LFB350:
  96:../Libraries/iLLD/TC4xx/CpuGeneric/Pcie/Std/IfxPcie.c **** 
  97:../Libraries/iLLD/TC4xx/CpuGeneric/Pcie/Std/IfxPcie.c **** 
  98:../Libraries/iLLD/TC4xx/CpuGeneric/Pcie/Std/IfxPcie.c **** void IfxPcie_CpuMemRdl(uint32 MemstartAddr, uint32 offset, uint32 *val)
  99:../Libraries/iLLD/TC4xx/CpuGeneric/Pcie/Std/IfxPcie.c **** {
 195              	 .loc 1 99 1 is_stmt 1
 196              	.LVL8:
 197 0000 40AE     	 mov.aa %a14,%SP
 198              	.LCFI8:
 100:../Libraries/iLLD/TC4xx/CpuGeneric/Pcie/Std/IfxPcie.c ****     *val = *((uint32 *)(MemstartAddr + offset));
 199              	 .loc 1 100 5
 200              	 .loc 1 100 38 is_stmt 0
 201 0002 6042     	 mov.a %a2,%d4
 202 0004 01250026 	 addsc.a %a2,%a2,%d5,0
 203              	 .loc 1 100 12
 204 0008 5422     	 ld.w %d2,[%a2]0
 205 000a 7442     	 st.w [%a4]0,%d2
 101:../Libraries/iLLD/TC4xx/CpuGeneric/Pcie/Std/IfxPcie.c **** }
 206              	 .loc 1 101 1
 207 000c 0090     	 ret 
 208              	.LFE350:
 210              	 .global IfxPcie_CpuMemRdl_end
 211              	IfxPcie_CpuMemRdl_end:
 212              	 .section .text.IfxPcie_CpuMemWrl,"ax",@progbits
 213              	 .align 1
 214              	 .global IfxPcie_CpuMemWrl
 216              	IfxPcie_CpuMemWrl:
 217              	.LFB351:
 102:../Libraries/iLLD/TC4xx/CpuGeneric/Pcie/Std/IfxPcie.c **** 
 103:../Libraries/iLLD/TC4xx/CpuGeneric/Pcie/Std/IfxPcie.c **** 
 104:../Libraries/iLLD/TC4xx/CpuGeneric/Pcie/Std/IfxPcie.c **** void IfxPcie_CpuMemWrl(uint32 MemstartAddr, uint32 offset, uint32 val)
 105:../Libraries/iLLD/TC4xx/CpuGeneric/Pcie/Std/IfxPcie.c **** {
 218              	 .loc 1 105 1 is_stmt 1
 219              	.LVL9:
 220 0000 40AE     	 mov.aa %a14,%SP
 221              	.LCFI9:
 106:../Libraries/iLLD/TC4xx/CpuGeneric/Pcie/Std/IfxPcie.c ****     *((uint32 *)(MemstartAddr + offset)) = val;
 222              	 .loc 1 106 5
 223              	 .loc 1 106 31 is_stmt 0
 224 0002 6042     	 mov.a %a2,%d4
 225 0004 01250026 	 addsc.a %a2,%a2,%d5,0
 226              	 .loc 1 106 42
 227 0008 7426     	 st.w [%a2]0,%d6
 107:../Libraries/iLLD/TC4xx/CpuGeneric/Pcie/Std/IfxPcie.c **** }
 228              	 .loc 1 107 1
 229 000a 0090     	 ret 
 230              	.LFE351:
 232              	 .global IfxPcie_CpuMemWrl_end
 233              	IfxPcie_CpuMemWrl_end:
 234              	 .section .text.IfxPcie_getBarMemSize,"ax",@progbits
 235              	 .align 1
 236              	 .global IfxPcie_getBarMemSize
 238              	IfxPcie_getBarMemSize:
 239              	.LFB352:
 108:../Libraries/iLLD/TC4xx/CpuGeneric/Pcie/Std/IfxPcie.c **** 
 109:../Libraries/iLLD/TC4xx/CpuGeneric/Pcie/Std/IfxPcie.c **** 
 110:../Libraries/iLLD/TC4xx/CpuGeneric/Pcie/Std/IfxPcie.c **** uint64 IfxPcie_getBarMemSize(volatile uint32 *barReg, boolean doubleWord)
 111:../Libraries/iLLD/TC4xx/CpuGeneric/Pcie/Std/IfxPcie.c **** {
 240              	 .loc 1 111 1 is_stmt 1
 241              	.LVL10:
 242 0000 40AE     	 mov.aa %a14,%SP
 243              	.LCFI10:
 244 0002 2008     	 sub.a %SP,8
 112:../Libraries/iLLD/TC4xx/CpuGeneric/Pcie/Std/IfxPcie.c ****     uint64 barMemSize        = 0u;
 245              	 .loc 1 112 5
 246              	.LVL11:
 113:../Libraries/iLLD/TC4xx/CpuGeneric/Pcie/Std/IfxPcie.c ****     uint64 barDoubleWordBase = 0u;
 247              	 .loc 1 113 5
 114:../Libraries/iLLD/TC4xx/CpuGeneric/Pcie/Std/IfxPcie.c ****     uint32 barWordBase       = 0u;
 248              	 .loc 1 114 5
 115:../Libraries/iLLD/TC4xx/CpuGeneric/Pcie/Std/IfxPcie.c **** 
 116:../Libraries/iLLD/TC4xx/CpuGeneric/Pcie/Std/IfxPcie.c ****     *barReg = 0xFFFFFFFFu;                                                      /* Write all 1's */
 249              	 .loc 1 116 5
 250              	 .loc 1 116 13 is_stmt 0
 251 0004 82F5     	 mov %d5,-1
 252 0006 7445     	 st.w [%a4]0,%d5
 253              	.LBB26:
 117:../Libraries/iLLD/TC4xx/CpuGeneric/Pcie/Std/IfxPcie.c **** 
 118:../Libraries/iLLD/TC4xx/CpuGeneric/Pcie/Std/IfxPcie.c ****     IFXPCIE_CONFIGWRITE_DELAY(IFXPCIE_CFG_CONFIGWRITE_DELAYCOUNT);
 254              	 .loc 1 118 5 is_stmt 1
 255              	 .loc 1 118 5
 256 0008 8205     	 mov %d5,0
 257 000a 59E5F8FF 	 st.w [%a14]-8,%d5
 258 000e 1D000000 	 j .L12
 259              	.L13:
 260              	 .loc 1 118 5 discriminator 3
 261              	 .loc 1 118 5 discriminator 3
 262 0012 19E5F8FF 	 ld.w %d5,[%a14]-8
 263 0016 C215     	 add %d5,1
 264 0018 59E5F8FF 	 st.w [%a14]-8,%d5
 265              	.L12:
 266              	 .loc 1 118 5 discriminator 1
 267 001c 19E5F8FF 	 ld.w %d5,[%a14]-8
 268 0020 8B856C52 	 lt.u %d5,%d5,200
 269 0024 DF050080 	 jnz %d5,.L13
 270              	.LBE26:
 271              	 .loc 1 118 66 discriminator 4
 119:../Libraries/iLLD/TC4xx/CpuGeneric/Pcie/Std/IfxPcie.c **** 
 120:../Libraries/iLLD/TC4xx/CpuGeneric/Pcie/Std/IfxPcie.c ****     if (doubleWord)
 272              	 .loc 1 120 5 discriminator 4
 273              	 .loc 1 120 8 is_stmt 0 discriminator 4
 274 0028 DF040000 	 jz %d4,.L14
 121:../Libraries/iLLD/TC4xx/CpuGeneric/Pcie/Std/IfxPcie.c ****     {
 122:../Libraries/iLLD/TC4xx/CpuGeneric/Pcie/Std/IfxPcie.c ****         barDoubleWordBase = (*barReg);
 275              	 .loc 1 122 9 is_stmt 1
 276              	 .loc 1 122 30 is_stmt 0
 277 002c 5440     	 ld.w %d0,[%a4]0
 278              	 .loc 1 122 27
 279 002e 53104080 	 mul.u %e8,%d0,1
 280              	.LVL12:
 123:../Libraries/iLLD/TC4xx/CpuGeneric/Pcie/Std/IfxPcie.c ****         barReg++;
 281              	 .loc 1 123 9 is_stmt 1
 124:../Libraries/iLLD/TC4xx/CpuGeneric/Pcie/Std/IfxPcie.c **** 
 125:../Libraries/iLLD/TC4xx/CpuGeneric/Pcie/Std/IfxPcie.c ****         *barReg = 0xFFFFFFFFu;
 282              	 .loc 1 125 9
 283              	 .loc 1 125 17 is_stmt 0
 284 0032 82F4     	 mov %d4,-1
 285              	.LVL13:
 286 0034 59440400 	 st.w [%a4]4,%d4
 287              	.LBB27:
 126:../Libraries/iLLD/TC4xx/CpuGeneric/Pcie/Std/IfxPcie.c **** 
 127:../Libraries/iLLD/TC4xx/CpuGeneric/Pcie/Std/IfxPcie.c ****         IFXPCIE_CONFIGWRITE_DELAY(IFXPCIE_CFG_CONFIGWRITE_DELAYCOUNT);
 288              	 .loc 1 127 9 is_stmt 1
 289              	 .loc 1 127 9
 290 0038 8204     	 mov %d4,0
 291 003a 59E4FCFF 	 st.w [%a14]-4,%d4
 292              	.L15:
 293              	 .loc 1 127 9 discriminator 1
 294 003e 19E4FCFF 	 ld.w %d4,[%a14]-4
 295 0042 8B846C42 	 lt.u %d4,%d4,200
 296 0046 DF040000 	 jz %d4,.L20
 297              	 .loc 1 127 9 discriminator 3
 298              	 .loc 1 127 9 discriminator 3
 299 004a 19E4FCFF 	 ld.w %d4,[%a14]-4
 300 004e C214     	 add %d4,1
 301 0050 59E4FCFF 	 st.w [%a14]-4,%d4
 302 0054 1D000000 	 j .L15
 303              	.L20:
 304              	.LBE27:
 305              	 .loc 1 127 70 discriminator 4
 128:../Libraries/iLLD/TC4xx/CpuGeneric/Pcie/Std/IfxPcie.c **** 
 129:../Libraries/iLLD/TC4xx/CpuGeneric/Pcie/Std/IfxPcie.c ****         barDoubleWordBase |= (uint64)(*barReg) << 32u;
 306              	 .loc 1 129 9 discriminator 4
 307              	 .loc 1 129 39 is_stmt 0 discriminator 4
 308 0058 19440400 	 ld.w %d4,[%a4]4
 309              	 .loc 1 129 48 discriminator 4
 310 005c 0246     	 mov %d6,%d4
 130:../Libraries/iLLD/TC4xx/CpuGeneric/Pcie/Std/IfxPcie.c ****         barDoubleWordBase  = barDoubleWordBase & (~(uint64)(0xFu));
 311              	 .loc 1 130 9 is_stmt 1 discriminator 4
 312              	 .loc 1 130 28 is_stmt 0 discriminator 4
 313 005e 8FF0C041 	 andn %d4,%d0,~(-16)
 314 0062 0F69A050 	 or %d5,%d9,%d6
 315              	.LVL14:
 131:../Libraries/iLLD/TC4xx/CpuGeneric/Pcie/Std/IfxPcie.c ****         barMemSize         = ~barDoubleWordBase + 1u;
 316              	 .loc 1 131 9 is_stmt 1 discriminator 4
 317              	 .loc 1 131 28 is_stmt 0 discriminator 4
 318 0066 8B050031 	 rsub %d3,%d5,0
 319 006a 8B040021 	 rsub %d2,%d4,0
 320 006e ABF31F34 	 cadd %d3,%d4,%d3,-1
 321              	.LVL15:
 322              	.L17:
 132:../Libraries/iLLD/TC4xx/CpuGeneric/Pcie/Std/IfxPcie.c ****     }
 133:../Libraries/iLLD/TC4xx/CpuGeneric/Pcie/Std/IfxPcie.c ****     else
 134:../Libraries/iLLD/TC4xx/CpuGeneric/Pcie/Std/IfxPcie.c ****     {
 135:../Libraries/iLLD/TC4xx/CpuGeneric/Pcie/Std/IfxPcie.c ****         barWordBase = *barReg;
 136:../Libraries/iLLD/TC4xx/CpuGeneric/Pcie/Std/IfxPcie.c ****         barWordBase = barWordBase & (~(uint32)(0xFu));
 137:../Libraries/iLLD/TC4xx/CpuGeneric/Pcie/Std/IfxPcie.c ****         barMemSize  = (uint64)((~barWordBase) + 1u);
 138:../Libraries/iLLD/TC4xx/CpuGeneric/Pcie/Std/IfxPcie.c ****     }
 139:../Libraries/iLLD/TC4xx/CpuGeneric/Pcie/Std/IfxPcie.c **** 
 140:../Libraries/iLLD/TC4xx/CpuGeneric/Pcie/Std/IfxPcie.c ****     barMemSize = (barMemSize == 1u) ? 0 : barMemSize;
 323              	 .loc 1 140 5 is_stmt 1
 324              	 .loc 1 140 41 is_stmt 0
 325 0072 8B030042 	 eq %d4,%d3,0
 326 0076 8B120044 	 and.eq %d4,%d2,1
 327 007a DF040080 	 jnz %d4,.L21
 328              	.LVL16:
 329              	.L11:
 141:../Libraries/iLLD/TC4xx/CpuGeneric/Pcie/Std/IfxPcie.c **** 
 142:../Libraries/iLLD/TC4xx/CpuGeneric/Pcie/Std/IfxPcie.c ****     return barMemSize;
 143:../Libraries/iLLD/TC4xx/CpuGeneric/Pcie/Std/IfxPcie.c **** }
 330              	 .loc 1 143 1
 331 007e 0090     	 ret 
 332              	.LVL17:
 333              	.L14:
 135:../Libraries/iLLD/TC4xx/CpuGeneric/Pcie/Std/IfxPcie.c ****         barWordBase = barWordBase & (~(uint32)(0xFu));
 334              	 .loc 1 135 9 is_stmt 1
 135:../Libraries/iLLD/TC4xx/CpuGeneric/Pcie/Std/IfxPcie.c ****         barWordBase = barWordBase & (~(uint32)(0xFu));
 335              	 .loc 1 135 21 is_stmt 0
 336 0080 5442     	 ld.w %d2,[%a4]0
 337              	.LVL18:
 136:../Libraries/iLLD/TC4xx/CpuGeneric/Pcie/Std/IfxPcie.c ****         barMemSize  = (uint64)((~barWordBase) + 1u);
 338              	 .loc 1 136 9 is_stmt 1
 136:../Libraries/iLLD/TC4xx/CpuGeneric/Pcie/Std/IfxPcie.c ****         barMemSize  = (uint64)((~barWordBase) + 1u);
 339              	 .loc 1 136 21 is_stmt 0
 340 0082 8FF2C021 	 andn %d2,%d2,~(-16)
 341              	.LVL19:
 137:../Libraries/iLLD/TC4xx/CpuGeneric/Pcie/Std/IfxPcie.c ****     }
 342              	 .loc 1 137 9 is_stmt 1
 137:../Libraries/iLLD/TC4xx/CpuGeneric/Pcie/Std/IfxPcie.c ****     }
 343              	 .loc 1 137 47 is_stmt 0
 344 0086 3252     	 rsub %d2
 345              	.LVL20:
 137:../Libraries/iLLD/TC4xx/CpuGeneric/Pcie/Std/IfxPcie.c ****     }
 346              	 .loc 1 137 21
 347 0088 8203     	 mov %d3,0
 348              	.LVL21:
 349 008a 1D000000 	 j .L17
 350              	.LVL22:
 351              	.L21:
 140:../Libraries/iLLD/TC4xx/CpuGeneric/Pcie/Std/IfxPcie.c **** 
 352              	 .loc 1 140 41
 353 008e D202     	 mov %e2,0
 354              	.LVL23:
 142:../Libraries/iLLD/TC4xx/CpuGeneric/Pcie/Std/IfxPcie.c **** }
 355              	 .loc 1 142 5 is_stmt 1
 142:../Libraries/iLLD/TC4xx/CpuGeneric/Pcie/Std/IfxPcie.c **** }
 356              	 .loc 1 142 12 is_stmt 0
 357 0090 1D000000 	 j .L11
 358              	.LFE352:
 360              	 .global IfxPcie_getBarMemSize_end
 361              	IfxPcie_getBarMemSize_end:
 362              	 .section .text.IfxPcie_getPmeEventStatus,"ax",@progbits
 363              	 .align 1
 364              	 .global IfxPcie_getPmeEventStatus
 366              	IfxPcie_getPmeEventStatus:
 367              	.LFB353:
 144:../Libraries/iLLD/TC4xx/CpuGeneric/Pcie/Std/IfxPcie.c **** 
 145:../Libraries/iLLD/TC4xx/CpuGeneric/Pcie/Std/IfxPcie.c **** 
 146:../Libraries/iLLD/TC4xx/CpuGeneric/Pcie/Std/IfxPcie.c **** boolean IfxPcie_getPmeEventStatus(IfxPcie *pcieSFR, IfxPcie_PmeEvent pmeEvent)
 147:../Libraries/iLLD/TC4xx/CpuGeneric/Pcie/Std/IfxPcie.c **** {
 368              	 .loc 1 147 1 is_stmt 1
 369              	.LVL24:
 370 0000 40AE     	 mov.aa %a14,%SP
 371              	.LCFI11:
 148:../Libraries/iLLD/TC4xx/CpuGeneric/Pcie/Std/IfxPcie.c ****     boolean eventOccurred = FALSE;
 372              	 .loc 1 148 5
 373              	.LVL25:
 149:../Libraries/iLLD/TC4xx/CpuGeneric/Pcie/Std/IfxPcie.c **** 
 150:../Libraries/iLLD/TC4xx/CpuGeneric/Pcie/Std/IfxPcie.c ****     if ((pmeEvent > IfxPcie_PmeEvent_none)
 374              	 .loc 1 150 5
 375              	 .loc 1 150 8 is_stmt 0
 376 0002 FF540080 	 jge.u %d4,5,.L30
 151:../Libraries/iLLD/TC4xx/CpuGeneric/Pcie/Std/IfxPcie.c ****         && (pmeEvent < IfxPcie_PmeEvent_count))
 152:../Libraries/iLLD/TC4xx/CpuGeneric/Pcie/Std/IfxPcie.c ****     {
 153:../Libraries/iLLD/TC4xx/CpuGeneric/Pcie/Std/IfxPcie.c ****         if (pmeEvent == IfxPcie_PmeEvent_wakeUp)
 377              	 .loc 1 153 9 is_stmt 1
 378              	 .loc 1 153 12 is_stmt 0
 379 0006 DF440000 	 jeq %d4,4,.L37
 154:../Libraries/iLLD/TC4xx/CpuGeneric/Pcie/Std/IfxPcie.c ****         {
 155:../Libraries/iLLD/TC4xx/CpuGeneric/Pcie/Std/IfxPcie.c ****             eventOccurred = (pcieSFR->DSP.PM.STAT1.B.WAKINT == 1u) ? TRUE : FALSE;
 156:../Libraries/iLLD/TC4xx/CpuGeneric/Pcie/Std/IfxPcie.c ****         }
 157:../Libraries/iLLD/TC4xx/CpuGeneric/Pcie/Std/IfxPcie.c ****         else
 158:../Libraries/iLLD/TC4xx/CpuGeneric/Pcie/Std/IfxPcie.c ****         {
 159:../Libraries/iLLD/TC4xx/CpuGeneric/Pcie/Std/IfxPcie.c ****             switch (pmeEvent)
 380              	 .loc 1 159 13 is_stmt 1
 381 000a FF440080 	 jge.u %d4,4,.L32
 382 000e 91000030 	 movh.a %a3,hi:.L26
 383 0012 D9330000 	 lea %a3,[%a3]lo:.L26
 384 0016 01340236 	 addsc.a %a3,%a3,%d4,2
 385 001a DC03     	 ji %a3
 386              	 .align 2
 387              	 .align 2
 388              	.L26:
 389              	 .code32
 390 001c 1D000000 	 j .L29
 391              	 .code32
 392 0020 1D000000 	 j .L28
 393              	 .code32
 394 0024 1D000000 	 j .L27
 395              	 .code32
 396 0028 1D000000 	 j .L25
 397              	.L37:
 155:../Libraries/iLLD/TC4xx/CpuGeneric/Pcie/Std/IfxPcie.c ****         }
 398              	 .loc 1 155 13
 155:../Libraries/iLLD/TC4xx/CpuGeneric/Pcie/Std/IfxPcie.c ****         }
 399              	 .loc 1 155 53 is_stmt 0
 400 002c 194224E0 	 ld.w %d2,[%a4]932
 155:../Libraries/iLLD/TC4xx/CpuGeneric/Pcie/Std/IfxPcie.c ****         }
 401              	 .loc 1 155 27
 402 0030 6F020080 	 jnz.t %d2,0,.L38
 403 0034 8202     	 mov %d2,0
 404 0036 0090     	 ret 
 405              	.L38:
 406 0038 8212     	 mov %d2,1
 407 003a 0090     	 ret 
 408              	.L29:
 160:../Libraries/iLLD/TC4xx/CpuGeneric/Pcie/Std/IfxPcie.c ****             {
 161:../Libraries/iLLD/TC4xx/CpuGeneric/Pcie/Std/IfxPcie.c ****             case IfxPcie_PmeEvent_pmEvent:
 162:../Libraries/iLLD/TC4xx/CpuGeneric/Pcie/Std/IfxPcie.c ****                 eventOccurred = (pcieSFR->DSP.PM.CTRL.B.PMEINT == 1u) ? TRUE : FALSE;
 409              	 .loc 1 162 17 is_stmt 1
 410              	 .loc 1 162 56 is_stmt 0
 411 003c 194218E0 	 ld.w %d2,[%a4]920
 412              	 .loc 1 162 31
 413 0040 6F820080 	 jnz.t %d2,8,.L39
 414 0044 8202     	 mov %d2,0
 415 0046 0090     	 ret 
 416              	.L39:
 417 0048 8212     	 mov %d2,1
 418 004a 0090     	 ret 
 419              	.L28:
 163:../Libraries/iLLD/TC4xx/CpuGeneric/Pcie/Std/IfxPcie.c ****                 break;
 164:../Libraries/iLLD/TC4xx/CpuGeneric/Pcie/Std/IfxPcie.c ****             case IfxPcie_PmeEvent_message:
 165:../Libraries/iLLD/TC4xx/CpuGeneric/Pcie/Std/IfxPcie.c ****                 eventOccurred = (pcieSFR->DSP.PM.CTRL.B.PMEMSG == 1u) ? TRUE : FALSE;
 420              	 .loc 1 165 17 is_stmt 1
 421              	 .loc 1 165 56 is_stmt 0
 422 004c 194218E0 	 ld.w %d2,[%a4]920
 423              	 .loc 1 165 31
 424 0050 6FF20080 	 jnz.t %d2,15,.L40
 425 0054 8202     	 mov %d2,0
 426 0056 0090     	 ret 
 427              	.L40:
 428 0058 8212     	 mov %d2,1
 429 005a 0090     	 ret 
 430              	.L27:
 166:../Libraries/iLLD/TC4xx/CpuGeneric/Pcie/Std/IfxPcie.c ****                 break;
 167:../Libraries/iLLD/TC4xx/CpuGeneric/Pcie/Std/IfxPcie.c ****             case IfxPcie_PmeEvent_turnOffAck:
 168:../Libraries/iLLD/TC4xx/CpuGeneric/Pcie/Std/IfxPcie.c ****                 eventOccurred = (pcieSFR->DSP.PM.CTRL.B.TRNACK == 1u) ? TRUE : FALSE;
 431              	 .loc 1 168 17 is_stmt 1
 432              	 .loc 1 168 56 is_stmt 0
 433 005c 194218E0 	 ld.w %d2,[%a4]920
 434              	 .loc 1 168 31
 435 0060 EF020080 	 jnz.t %d2,16,.L41
 436 0064 8202     	 mov %d2,0
 437 0066 0090     	 ret 
 438              	.L41:
 439 0068 8212     	 mov %d2,1
 440 006a 0090     	 ret 
 441              	.L25:
 169:../Libraries/iLLD/TC4xx/CpuGeneric/Pcie/Std/IfxPcie.c ****                 break;
 170:../Libraries/iLLD/TC4xx/CpuGeneric/Pcie/Std/IfxPcie.c ****             case IfxPcie_PmeEvent_turnOff:
 171:../Libraries/iLLD/TC4xx/CpuGeneric/Pcie/Std/IfxPcie.c ****                 eventOccurred = (pcieSFR->DSP.PM.CTRL.B.TURNOFF == 1u) ? TRUE : FALSE;
 442              	 .loc 1 171 17 is_stmt 1
 443              	 .loc 1 171 56 is_stmt 0
 444 006c 194218E0 	 ld.w %d2,[%a4]920
 445              	 .loc 1 171 31
 446 0070 6FE20080 	 jnz.t %d2,14,.L42
 447 0074 8202     	 mov %d2,0
 448              	.LVL26:
 172:../Libraries/iLLD/TC4xx/CpuGeneric/Pcie/Std/IfxPcie.c ****                 break;
 173:../Libraries/iLLD/TC4xx/CpuGeneric/Pcie/Std/IfxPcie.c ****             default:
 174:../Libraries/iLLD/TC4xx/CpuGeneric/Pcie/Std/IfxPcie.c ****                 break;
 175:../Libraries/iLLD/TC4xx/CpuGeneric/Pcie/Std/IfxPcie.c ****             }
 176:../Libraries/iLLD/TC4xx/CpuGeneric/Pcie/Std/IfxPcie.c ****         }
 177:../Libraries/iLLD/TC4xx/CpuGeneric/Pcie/Std/IfxPcie.c ****     }
 178:../Libraries/iLLD/TC4xx/CpuGeneric/Pcie/Std/IfxPcie.c **** 
 179:../Libraries/iLLD/TC4xx/CpuGeneric/Pcie/Std/IfxPcie.c ****     return eventOccurred;
 449              	 .loc 1 179 5 is_stmt 1
 180:../Libraries/iLLD/TC4xx/CpuGeneric/Pcie/Std/IfxPcie.c **** }
 450              	 .loc 1 180 1 is_stmt 0
 451 0076 0090     	 ret 
 452              	.LVL27:
 453              	.L42:
 171:../Libraries/iLLD/TC4xx/CpuGeneric/Pcie/Std/IfxPcie.c ****                 break;
 454              	 .loc 1 171 31
 455 0078 8212     	 mov %d2,1
 456 007a 0090     	 ret 
 457              	.L30:
 148:../Libraries/iLLD/TC4xx/CpuGeneric/Pcie/Std/IfxPcie.c **** 
 458              	 .loc 1 148 13
 459 007c 8202     	 mov %d2,0
 460 007e 0090     	 ret 
 461              	.L32:
 159:../Libraries/iLLD/TC4xx/CpuGeneric/Pcie/Std/IfxPcie.c ****             {
 462              	 .loc 1 159 13
 463 0080 8202     	 mov %d2,0
 464 0082 0090     	 ret 
 465              	.LFE353:
 467              	 .global IfxPcie_getPmeEventStatus_end
 468              	IfxPcie_getPmeEventStatus_end:
 469              	 .section .text.IfxPcie_getPendingPmeInterrupts,"ax",@progbits
 470              	 .align 1
 471              	 .global IfxPcie_getPendingPmeInterrupts
 473              	IfxPcie_getPendingPmeInterrupts:
 474              	.LFB354:
 181:../Libraries/iLLD/TC4xx/CpuGeneric/Pcie/Std/IfxPcie.c **** 
 182:../Libraries/iLLD/TC4xx/CpuGeneric/Pcie/Std/IfxPcie.c **** 
 183:../Libraries/iLLD/TC4xx/CpuGeneric/Pcie/Std/IfxPcie.c **** boolean IfxPcie_getPendingPmeInterrupts(IfxPcie *pcieSFR, IfxPcie_PmeInterrupt *pmeInterrupt)
 184:../Libraries/iLLD/TC4xx/CpuGeneric/Pcie/Std/IfxPcie.c **** {
 475              	 .loc 1 184 1 is_stmt 1
 476              	.LVL28:
 477 0000 40AE     	 mov.aa %a14,%SP
 478              	.LCFI12:
 185:../Libraries/iLLD/TC4xx/CpuGeneric/Pcie/Std/IfxPcie.c ****     boolean               eventOccurred = FALSE;
 479              	 .loc 1 185 5
 480              	.LVL29:
 186:../Libraries/iLLD/TC4xx/CpuGeneric/Pcie/Std/IfxPcie.c ****     Ifx_PCIE_DSP_PM_STAT1 pmStatus1Reg;
 481              	 .loc 1 186 5
 187:../Libraries/iLLD/TC4xx/CpuGeneric/Pcie/Std/IfxPcie.c ****     Ifx_PCIE_DSP_PM_CTRL  pmCtrl;
 482              	 .loc 1 187 5
 188:../Libraries/iLLD/TC4xx/CpuGeneric/Pcie/Std/IfxPcie.c ****     pmStatus1Reg.U = pcieSFR->DSP.PM.STAT1.U;
 483              	 .loc 1 188 5
 484              	 .loc 1 188 43 is_stmt 0
 485 0002 194424E0 	 ld.w %d4,[%a4]932
 189:../Libraries/iLLD/TC4xx/CpuGeneric/Pcie/Std/IfxPcie.c ****     pmCtrl.U       = pcieSFR->DSP.PM.CTRL.U;
 486              	 .loc 1 189 5 is_stmt 1
 487              	 .loc 1 189 42 is_stmt 0
 488 0006 194218E0 	 ld.w %d2,[%a4]920
 190:../Libraries/iLLD/TC4xx/CpuGeneric/Pcie/Std/IfxPcie.c **** 
 191:../Libraries/iLLD/TC4xx/CpuGeneric/Pcie/Std/IfxPcie.c ****     if (((pmStatus1Reg.U) | (pmCtrl.U)) != 0x0u)
 489              	 .loc 1 191 5 is_stmt 1
 490              	 .loc 1 191 27 is_stmt 0
 491 000a 0F24A030 	 or %d3,%d4,%d2
 492              	 .loc 1 191 8
 493 000e DF030000 	 jz %d3,.L45
 192:../Libraries/iLLD/TC4xx/CpuGeneric/Pcie/Std/IfxPcie.c ****     {
 193:../Libraries/iLLD/TC4xx/CpuGeneric/Pcie/Std/IfxPcie.c ****         eventOccurred                      = TRUE;
 494              	 .loc 1 193 9 is_stmt 1
 495              	.LVL30:
 194:../Libraries/iLLD/TC4xx/CpuGeneric/Pcie/Std/IfxPcie.c **** 
 195:../Libraries/iLLD/TC4xx/CpuGeneric/Pcie/Std/IfxPcie.c ****         pmeInterrupt->B.wakeUp             = (pmStatus1Reg.B.WAKINT == 1u) ? TRUE : FALSE;
 496              	 .loc 1 195 9
 497              	 .loc 1 195 44 is_stmt 0
 498 0012 5453     	 ld.w %d3,[%a5]0
 499 0014 67430430 	 ins.t %d3,%d3,4,%d4,0
 500 0018 7453     	 st.w [%a5]0,%d3
 196:../Libraries/iLLD/TC4xx/CpuGeneric/Pcie/Std/IfxPcie.c ****         pmeInterrupt->B.pmeEvent           = (pmCtrl.B.PMEINT == 1u) ? TRUE : FALSE;
 501              	 .loc 1 196 9 is_stmt 1
 502              	 .loc 1 196 44 is_stmt 0
 503 001a 67230034 	 ins.t %d3,%d3,0,%d2,8
 504 001e 7453     	 st.w [%a5]0,%d3
 197:../Libraries/iLLD/TC4xx/CpuGeneric/Pcie/Std/IfxPcie.c ****         pmeInterrupt->B.pmeMessage         = (pmCtrl.B.PMEMSG == 1u) ? TRUE : FALSE;
 505              	 .loc 1 197 9 is_stmt 1
 506              	 .loc 1 197 44 is_stmt 0
 507 0020 67238137 	 ins.t %d3,%d3,1,%d2,15
 508 0024 7453     	 st.w [%a5]0,%d3
 198:../Libraries/iLLD/TC4xx/CpuGeneric/Pcie/Std/IfxPcie.c ****         pmeInterrupt->B.turnOffAcknowledge = (pmCtrl.B.TRNACK == 1u) ? TRUE : FALSE;
 509              	 .loc 1 198 9 is_stmt 1
 510              	 .loc 1 198 44 is_stmt 0
 511 0026 67230238 	 ins.t %d3,%d3,2,%d2,16
 512 002a 7453     	 st.w [%a5]0,%d3
 199:../Libraries/iLLD/TC4xx/CpuGeneric/Pcie/Std/IfxPcie.c ****         pmeInterrupt->B.turnOff            = (pmCtrl.B.TURNOFF == 1u) ? TRUE : FALSE;
 513              	 .loc 1 199 9 is_stmt 1
 514              	 .loc 1 199 44 is_stmt 0
 515 002c 67230337 	 ins.t %d3,%d3,3,%d2,14
 516 0030 7453     	 st.w [%a5]0,%d3
 193:../Libraries/iLLD/TC4xx/CpuGeneric/Pcie/Std/IfxPcie.c **** 
 517              	 .loc 1 193 44
 518 0032 8212     	 mov %d2,1
 519 0034 0090     	 ret 
 520              	.LVL31:
 521              	.L45:
 185:../Libraries/iLLD/TC4xx/CpuGeneric/Pcie/Std/IfxPcie.c ****     Ifx_PCIE_DSP_PM_STAT1 pmStatus1Reg;
 522              	 .loc 1 185 27
 523 0036 8202     	 mov %d2,0
 524              	.LVL32:
 200:../Libraries/iLLD/TC4xx/CpuGeneric/Pcie/Std/IfxPcie.c ****     }
 201:../Libraries/iLLD/TC4xx/CpuGeneric/Pcie/Std/IfxPcie.c **** 
 202:../Libraries/iLLD/TC4xx/CpuGeneric/Pcie/Std/IfxPcie.c ****     return eventOccurred;
 525              	 .loc 1 202 5 is_stmt 1
 203:../Libraries/iLLD/TC4xx/CpuGeneric/Pcie/Std/IfxPcie.c **** }
 526              	 .loc 1 203 1 is_stmt 0
 527 0038 0090     	 ret 
 528              	.LFE354:
 530              	 .global IfxPcie_getPendingPmeInterrupts_end
 531              	IfxPcie_getPendingPmeInterrupts_end:
 532              	 .section .text.IfxPcie_enablePmeInterrupts,"ax",@progbits
 533              	 .align 1
 534              	 .global IfxPcie_enablePmeInterrupts
 536              	IfxPcie_enablePmeInterrupts:
 537              	.LFB355:
 204:../Libraries/iLLD/TC4xx/CpuGeneric/Pcie/Std/IfxPcie.c **** 
 205:../Libraries/iLLD/TC4xx/CpuGeneric/Pcie/Std/IfxPcie.c **** 
 206:../Libraries/iLLD/TC4xx/CpuGeneric/Pcie/Std/IfxPcie.c **** void IfxPcie_enablePmeInterrupts(IfxPcie *pcieSFR, uint32 enableMask)
 207:../Libraries/iLLD/TC4xx/CpuGeneric/Pcie/Std/IfxPcie.c **** {
 538              	 .loc 1 207 1 is_stmt 1
 539              	.LVL33:
 540 0000 40AE     	 mov.aa %a14,%SP
 541              	.LCFI13:
 208:../Libraries/iLLD/TC4xx/CpuGeneric/Pcie/Std/IfxPcie.c ****     pcieSFR->DSP.PM.INTEN.U |= enableMask;
 542              	 .loc 1 208 5
 543              	 .loc 1 208 29 is_stmt 0
 544 0002 D9422CE0 	 lea %a2,[%a4]940
 545 0006 19422CE0 	 ld.w %d2,[%a4]940
 546 000a A642     	 or %d2,%d4
 547 000c 7422     	 st.w [%a2]0,%d2
 209:../Libraries/iLLD/TC4xx/CpuGeneric/Pcie/Std/IfxPcie.c **** }
 548              	 .loc 1 209 1
 549 000e 0090     	 ret 
 550              	.LFE355:
 552              	 .global IfxPcie_enablePmeInterrupts_end
 553              	IfxPcie_enablePmeInterrupts_end:
 554              	 .section .text.IfxPcie_disablePmeInterrupts,"ax",@progbits
 555              	 .align 1
 556              	 .global IfxPcie_disablePmeInterrupts
 558              	IfxPcie_disablePmeInterrupts:
 559              	.LFB356:
 210:../Libraries/iLLD/TC4xx/CpuGeneric/Pcie/Std/IfxPcie.c **** 
 211:../Libraries/iLLD/TC4xx/CpuGeneric/Pcie/Std/IfxPcie.c **** 
 212:../Libraries/iLLD/TC4xx/CpuGeneric/Pcie/Std/IfxPcie.c **** void IfxPcie_disablePmeInterrupts(IfxPcie *pcieSFR, uint32 disableMask)
 213:../Libraries/iLLD/TC4xx/CpuGeneric/Pcie/Std/IfxPcie.c **** {
 560              	 .loc 1 213 1 is_stmt 1
 561              	.LVL34:
 562 0000 40AE     	 mov.aa %a14,%SP
 563              	.LCFI14:
 214:../Libraries/iLLD/TC4xx/CpuGeneric/Pcie/Std/IfxPcie.c ****     pcieSFR->DSP.PM.INTEN.U &= ~disableMask;
 564              	 .loc 1 214 5
 565              	 .loc 1 214 29 is_stmt 0
 566 0002 D9422CE0 	 lea %a2,[%a4]940
 567 0006 19422CE0 	 ld.w %d2,[%a4]940
 568 000a 0F42E020 	 andn %d2,%d2,%d4
 569 000e 7422     	 st.w [%a2]0,%d2
 215:../Libraries/iLLD/TC4xx/CpuGeneric/Pcie/Std/IfxPcie.c **** }
 570              	 .loc 1 215 1
 571 0010 0090     	 ret 
 572              	.LFE356:
 574              	 .global IfxPcie_disablePmeInterrupts_end
 575              	IfxPcie_disablePmeInterrupts_end:
 576              	 .section .text.IfxPcie_clearPmeInterrupts,"ax",@progbits
 577              	 .align 1
 578              	 .global IfxPcie_clearPmeInterrupts
 580              	IfxPcie_clearPmeInterrupts:
 581              	.LFB357:
 216:../Libraries/iLLD/TC4xx/CpuGeneric/Pcie/Std/IfxPcie.c **** 
 217:../Libraries/iLLD/TC4xx/CpuGeneric/Pcie/Std/IfxPcie.c **** 
 218:../Libraries/iLLD/TC4xx/CpuGeneric/Pcie/Std/IfxPcie.c **** void IfxPcie_clearPmeInterrupts(IfxPcie *pcieSFR, uint32 clearMask)
 219:../Libraries/iLLD/TC4xx/CpuGeneric/Pcie/Std/IfxPcie.c **** {
 582              	 .loc 1 219 1 is_stmt 1
 583              	.LVL35:
 584 0000 40AE     	 mov.aa %a14,%SP
 585              	.LCFI15:
 220:../Libraries/iLLD/TC4xx/CpuGeneric/Pcie/Std/IfxPcie.c ****     pcieSFR->DSP.PM.INTCLR.U |= clearMask;
 586              	 .loc 1 220 5
 587              	 .loc 1 220 30 is_stmt 0
 588 0002 D94228E0 	 lea %a2,[%a4]936
 589 0006 194228E0 	 ld.w %d2,[%a4]936
 590 000a A642     	 or %d2,%d4
 591 000c 7422     	 st.w [%a2]0,%d2
 221:../Libraries/iLLD/TC4xx/CpuGeneric/Pcie/Std/IfxPcie.c **** }
 592              	 .loc 1 221 1
 593 000e 0090     	 ret 
 594              	.LFE357:
 596              	 .global IfxPcie_clearPmeInterrupts_end
 597              	IfxPcie_clearPmeInterrupts_end:
 598              	 .section .text.IfxPcie_getErrorEventStatus,"ax",@progbits
 599              	 .align 1
 600              	 .global IfxPcie_getErrorEventStatus
 602              	IfxPcie_getErrorEventStatus:
 603              	.LFB358:
 222:../Libraries/iLLD/TC4xx/CpuGeneric/Pcie/Std/IfxPcie.c **** 
 223:../Libraries/iLLD/TC4xx/CpuGeneric/Pcie/Std/IfxPcie.c **** 
 224:../Libraries/iLLD/TC4xx/CpuGeneric/Pcie/Std/IfxPcie.c **** boolean IfxPcie_getErrorEventStatus(IfxPcie *pcieSFR, IfxPcie_ErrorEvent errorEvent)
 225:../Libraries/iLLD/TC4xx/CpuGeneric/Pcie/Std/IfxPcie.c **** {
 604              	 .loc 1 225 1 is_stmt 1
 605              	.LVL36:
 606 0000 40AE     	 mov.aa %a14,%SP
 607              	.LCFI16:
 226:../Libraries/iLLD/TC4xx/CpuGeneric/Pcie/Std/IfxPcie.c ****     boolean eventOccurred = FALSE;
 608              	 .loc 1 226 5
 609              	.LVL37:
 227:../Libraries/iLLD/TC4xx/CpuGeneric/Pcie/Std/IfxPcie.c **** 
 228:../Libraries/iLLD/TC4xx/CpuGeneric/Pcie/Std/IfxPcie.c ****     if ((errorEvent > IfxPcie_ErrorEvent_none)
 610              	 .loc 1 228 5
 611              	 .loc 1 228 8 is_stmt 0
 612 0002 FF340080 	 jge.u %d4,3,.L54
 613              	.LBB28:
 229:../Libraries/iLLD/TC4xx/CpuGeneric/Pcie/Std/IfxPcie.c ****         && (errorEvent < IfxPcie_ErrorEvent_count))
 230:../Libraries/iLLD/TC4xx/CpuGeneric/Pcie/Std/IfxPcie.c ****     {
 231:../Libraries/iLLD/TC4xx/CpuGeneric/Pcie/Std/IfxPcie.c ****         Ifx_PCIE_DSP_ERR_STAT errorStat;
 614              	 .loc 1 231 9 is_stmt 1
 232:../Libraries/iLLD/TC4xx/CpuGeneric/Pcie/Std/IfxPcie.c ****         errorStat.U = pcieSFR->DSP.ERR.STAT.U;
 615              	 .loc 1 232 9
 616              	 .loc 1 232 44 is_stmt 0
 617 0006 194230E0 	 ld.w %d2,[%a4]944
 233:../Libraries/iLLD/TC4xx/CpuGeneric/Pcie/Std/IfxPcie.c **** 
 234:../Libraries/iLLD/TC4xx/CpuGeneric/Pcie/Std/IfxPcie.c ****         switch (errorEvent)
 618              	 .loc 1 234 9 is_stmt 1
 619 000a DF140000 	 jeq %d4,1,.L51
 620 000e DF240000 	 jeq %d4,2,.L52
 621 0012 DF040000 	 jz %d4,.L56
 622 0016 8202     	 mov %d2,0
 623 0018 0090     	 ret 
 624              	.L56:
 235:../Libraries/iLLD/TC4xx/CpuGeneric/Pcie/Std/IfxPcie.c ****         {
 236:../Libraries/iLLD/TC4xx/CpuGeneric/Pcie/Std/IfxPcie.c ****         case IfxPcie_ErrorEvent_corr:
 237:../Libraries/iLLD/TC4xx/CpuGeneric/Pcie/Std/IfxPcie.c ****             eventOccurred = (errorStat.B.CORR == 1u) ? TRUE : FALSE;
 625              	 .loc 1 237 13
 626              	 .loc 1 237 27 is_stmt 0
 627 001a 8F120021 	 and %d2,%d2,1
 628              	.LVL38:
 238:../Libraries/iLLD/TC4xx/CpuGeneric/Pcie/Std/IfxPcie.c ****             break;
 629              	 .loc 1 238 13 is_stmt 1
 630 001e 0090     	 ret 
 631              	.LVL39:
 632              	.L51:
 239:../Libraries/iLLD/TC4xx/CpuGeneric/Pcie/Std/IfxPcie.c ****         case IfxPcie_ErrorEvent_nonFatal:
 240:../Libraries/iLLD/TC4xx/CpuGeneric/Pcie/Std/IfxPcie.c ****             eventOccurred = (errorStat.B.NFAT == 1u) ? TRUE : FALSE;
 633              	 .loc 1 240 13
 634              	 .loc 1 240 27 is_stmt 0
 635 0020 3702E120 	 extr.u %d2,%d2,1,1
 636              	.LVL40:
 241:../Libraries/iLLD/TC4xx/CpuGeneric/Pcie/Std/IfxPcie.c ****             break;
 637              	 .loc 1 241 13 is_stmt 1
 638 0024 0090     	 ret 
 639              	.LVL41:
 640              	.L52:
 242:../Libraries/iLLD/TC4xx/CpuGeneric/Pcie/Std/IfxPcie.c ****         case IfxPcie_ErrorEvent_fatal:
 243:../Libraries/iLLD/TC4xx/CpuGeneric/Pcie/Std/IfxPcie.c ****             eventOccurred = (errorStat.B.FAT == 1u) ? TRUE : FALSE;
 641              	 .loc 1 243 13
 642              	 .loc 1 243 27 is_stmt 0
 643 0026 37026121 	 extr.u %d2,%d2,2,1
 644              	.LVL42:
 244:../Libraries/iLLD/TC4xx/CpuGeneric/Pcie/Std/IfxPcie.c ****             break;
 645              	 .loc 1 244 13 is_stmt 1
 646 002a 0090     	 ret 
 647              	.LVL43:
 648              	.L54:
 649              	.LBE28:
 226:../Libraries/iLLD/TC4xx/CpuGeneric/Pcie/Std/IfxPcie.c **** 
 650              	 .loc 1 226 13 is_stmt 0
 651 002c 8202     	 mov %d2,0
 652              	.LVL44:
 245:../Libraries/iLLD/TC4xx/CpuGeneric/Pcie/Std/IfxPcie.c ****         default:
 246:../Libraries/iLLD/TC4xx/CpuGeneric/Pcie/Std/IfxPcie.c ****             break;
 247:../Libraries/iLLD/TC4xx/CpuGeneric/Pcie/Std/IfxPcie.c ****         }
 248:../Libraries/iLLD/TC4xx/CpuGeneric/Pcie/Std/IfxPcie.c ****     }
 249:../Libraries/iLLD/TC4xx/CpuGeneric/Pcie/Std/IfxPcie.c **** 
 250:../Libraries/iLLD/TC4xx/CpuGeneric/Pcie/Std/IfxPcie.c ****     return eventOccurred;
 653              	 .loc 1 250 5 is_stmt 1
 251:../Libraries/iLLD/TC4xx/CpuGeneric/Pcie/Std/IfxPcie.c **** }
 654              	 .loc 1 251 1 is_stmt 0
 655 002e 0090     	 ret 
 656              	.LFE358:
 658              	 .global IfxPcie_getErrorEventStatus_end
 659              	IfxPcie_getErrorEventStatus_end:
 660              	 .section .text.IfxPcie_getPendingErrorInterrupts,"ax",@progbits
 661              	 .align 1
 662              	 .global IfxPcie_getPendingErrorInterrupts
 664              	IfxPcie_getPendingErrorInterrupts:
 665              	.LFB359:
 252:../Libraries/iLLD/TC4xx/CpuGeneric/Pcie/Std/IfxPcie.c **** 
 253:../Libraries/iLLD/TC4xx/CpuGeneric/Pcie/Std/IfxPcie.c **** 
 254:../Libraries/iLLD/TC4xx/CpuGeneric/Pcie/Std/IfxPcie.c **** boolean IfxPcie_getPendingErrorInterrupts(IfxPcie *pcieSFR, IfxPcie_ErrorInterrupt *errorInterrupt)
 255:../Libraries/iLLD/TC4xx/CpuGeneric/Pcie/Std/IfxPcie.c **** {
 666              	 .loc 1 255 1 is_stmt 1
 667              	.LVL45:
 668 0000 40AE     	 mov.aa %a14,%SP
 669              	.LCFI17:
 256:../Libraries/iLLD/TC4xx/CpuGeneric/Pcie/Std/IfxPcie.c ****     boolean               eventOccurred = FALSE;
 670              	 .loc 1 256 5
 671              	.LVL46:
 257:../Libraries/iLLD/TC4xx/CpuGeneric/Pcie/Std/IfxPcie.c ****     Ifx_PCIE_DSP_ERR_STAT errorStat;
 672              	 .loc 1 257 5
 258:../Libraries/iLLD/TC4xx/CpuGeneric/Pcie/Std/IfxPcie.c ****     errorStat.U                = pcieSFR->DSP.ERR.STAT.U;
 673              	 .loc 1 258 5
 674              	 .loc 1 258 55 is_stmt 0
 675 0002 194330E0 	 ld.w %d3,[%a4]944
 259:../Libraries/iLLD/TC4xx/CpuGeneric/Pcie/Std/IfxPcie.c **** 
 260:../Libraries/iLLD/TC4xx/CpuGeneric/Pcie/Std/IfxPcie.c ****     eventOccurred              = TRUE;
 676              	 .loc 1 260 5 is_stmt 1
 677              	.LVL47:
 261:../Libraries/iLLD/TC4xx/CpuGeneric/Pcie/Std/IfxPcie.c ****     errorInterrupt->B.corr     = (errorStat.B.CORR == 1u) ? TRUE : FALSE;
 678              	 .loc 1 261 5
 679              	 .loc 1 261 32 is_stmt 0
 680 0006 5452     	 ld.w %d2,[%a5]0
 681 0008 67320020 	 ins.t %d2,%d2,0,%d3,0
 682 000c 7452     	 st.w [%a5]0,%d2
 262:../Libraries/iLLD/TC4xx/CpuGeneric/Pcie/Std/IfxPcie.c ****     errorInterrupt->B.nonFatal = (errorStat.B.NFAT == 1u) ? TRUE : FALSE;
 683              	 .loc 1 262 5 is_stmt 1
 684              	 .loc 1 262 32 is_stmt 0
 685 000e 67328120 	 ins.t %d2,%d2,1,%d3,1
 686 0012 7452     	 st.w [%a5]0,%d2
 263:../Libraries/iLLD/TC4xx/CpuGeneric/Pcie/Std/IfxPcie.c ****     errorInterrupt->B.fatal    = (errorStat.B.FAT == 1u) ? TRUE : FALSE;
 687              	 .loc 1 263 5 is_stmt 1
 688              	 .loc 1 263 32 is_stmt 0
 689 0014 67320221 	 ins.t %d2,%d2,2,%d3,2
 690 0018 7452     	 st.w [%a5]0,%d2
 264:../Libraries/iLLD/TC4xx/CpuGeneric/Pcie/Std/IfxPcie.c **** 
 265:../Libraries/iLLD/TC4xx/CpuGeneric/Pcie/Std/IfxPcie.c ****     return eventOccurred;
 691              	 .loc 1 265 5 is_stmt 1
 266:../Libraries/iLLD/TC4xx/CpuGeneric/Pcie/Std/IfxPcie.c **** }
 692              	 .loc 1 266 1 is_stmt 0
 693 001a 8212     	 mov %d2,1
 694 001c 0090     	 ret 
 695              	.LFE359:
 697              	 .global IfxPcie_getPendingErrorInterrupts_end
 698              	IfxPcie_getPendingErrorInterrupts_end:
 699              	 .section .text.IfxPcie_enableErrorInterrupts,"ax",@progbits
 700              	 .align 1
 701              	 .global IfxPcie_enableErrorInterrupts
 703              	IfxPcie_enableErrorInterrupts:
 704              	.LFB360:
 267:../Libraries/iLLD/TC4xx/CpuGeneric/Pcie/Std/IfxPcie.c **** 
 268:../Libraries/iLLD/TC4xx/CpuGeneric/Pcie/Std/IfxPcie.c **** 
 269:../Libraries/iLLD/TC4xx/CpuGeneric/Pcie/Std/IfxPcie.c **** void IfxPcie_enableErrorInterrupts(IfxPcie *pcieSFR, uint32 enableMask)
 270:../Libraries/iLLD/TC4xx/CpuGeneric/Pcie/Std/IfxPcie.c **** {
 705              	 .loc 1 270 1 is_stmt 1
 706              	.LVL48:
 707 0000 40AE     	 mov.aa %a14,%SP
 708              	.LCFI18:
 271:../Libraries/iLLD/TC4xx/CpuGeneric/Pcie/Std/IfxPcie.c ****     pcieSFR->DSP.ERR.INTEN.U |= enableMask;
 709              	 .loc 1 271 5
 710              	 .loc 1 271 30 is_stmt 0
 711 0002 D94238E0 	 lea %a2,[%a4]952
 712 0006 194238E0 	 ld.w %d2,[%a4]952
 713 000a A642     	 or %d2,%d4
 714 000c 7422     	 st.w [%a2]0,%d2
 272:../Libraries/iLLD/TC4xx/CpuGeneric/Pcie/Std/IfxPcie.c **** }
 715              	 .loc 1 272 1
 716 000e 0090     	 ret 
 717              	.LFE360:
 719              	 .global IfxPcie_enableErrorInterrupts_end
 720              	IfxPcie_enableErrorInterrupts_end:
 721              	 .section .text.IfxPcie_disableErrorInterrupts,"ax",@progbits
 722              	 .align 1
 723              	 .global IfxPcie_disableErrorInterrupts
 725              	IfxPcie_disableErrorInterrupts:
 726              	.LFB361:
 273:../Libraries/iLLD/TC4xx/CpuGeneric/Pcie/Std/IfxPcie.c **** 
 274:../Libraries/iLLD/TC4xx/CpuGeneric/Pcie/Std/IfxPcie.c **** 
 275:../Libraries/iLLD/TC4xx/CpuGeneric/Pcie/Std/IfxPcie.c **** void IfxPcie_disableErrorInterrupts(IfxPcie *pcieSFR, uint32 disableMask)
 276:../Libraries/iLLD/TC4xx/CpuGeneric/Pcie/Std/IfxPcie.c **** {
 727              	 .loc 1 276 1 is_stmt 1
 728              	.LVL49:
 729 0000 40AE     	 mov.aa %a14,%SP
 730              	.LCFI19:
 277:../Libraries/iLLD/TC4xx/CpuGeneric/Pcie/Std/IfxPcie.c ****     pcieSFR->DSP.ERR.INTEN.U &= ~disableMask;
 731              	 .loc 1 277 5
 732              	 .loc 1 277 30 is_stmt 0
 733 0002 D94238E0 	 lea %a2,[%a4]952
 734 0006 194238E0 	 ld.w %d2,[%a4]952
 735 000a 0F42E020 	 andn %d2,%d2,%d4
 736 000e 7422     	 st.w [%a2]0,%d2
 278:../Libraries/iLLD/TC4xx/CpuGeneric/Pcie/Std/IfxPcie.c **** }
 737              	 .loc 1 278 1
 738 0010 0090     	 ret 
 739              	.LFE361:
 741              	 .global IfxPcie_disableErrorInterrupts_end
 742              	IfxPcie_disableErrorInterrupts_end:
 743              	 .section .text.IfxPcie_clearErrorInterrupts,"ax",@progbits
 744              	 .align 1
 745              	 .global IfxPcie_clearErrorInterrupts
 747              	IfxPcie_clearErrorInterrupts:
 748              	.LFB362:
 279:../Libraries/iLLD/TC4xx/CpuGeneric/Pcie/Std/IfxPcie.c **** 
 280:../Libraries/iLLD/TC4xx/CpuGeneric/Pcie/Std/IfxPcie.c **** 
 281:../Libraries/iLLD/TC4xx/CpuGeneric/Pcie/Std/IfxPcie.c **** void IfxPcie_clearErrorInterrupts(IfxPcie *pcieSFR, uint32 clearMask)
 282:../Libraries/iLLD/TC4xx/CpuGeneric/Pcie/Std/IfxPcie.c **** {
 749              	 .loc 1 282 1 is_stmt 1
 750              	.LVL50:
 751 0000 40AE     	 mov.aa %a14,%SP
 752              	.LCFI20:
 283:../Libraries/iLLD/TC4xx/CpuGeneric/Pcie/Std/IfxPcie.c ****     pcieSFR->DSP.ERR.INTCLR.U |= clearMask;
 753              	 .loc 1 283 5
 754              	 .loc 1 283 31 is_stmt 0
 755 0002 D94234E0 	 lea %a2,[%a4]948
 756 0006 194234E0 	 ld.w %d2,[%a4]948
 757 000a A642     	 or %d2,%d4
 758 000c 7422     	 st.w [%a2]0,%d2
 284:../Libraries/iLLD/TC4xx/CpuGeneric/Pcie/Std/IfxPcie.c **** }
 759              	 .loc 1 284 1
 760 000e 0090     	 ret 
 761              	.LFE362:
 763              	 .global IfxPcie_clearErrorInterrupts_end
 764              	IfxPcie_clearErrorInterrupts_end:
 765              	 .section .text.IfxPcie_sendPmeTurnOffMessage,"ax",@progbits
 766              	 .align 1
 767              	 .global IfxPcie_sendPmeTurnOffMessage
 769              	IfxPcie_sendPmeTurnOffMessage:
 770              	.LFB363:
 285:../Libraries/iLLD/TC4xx/CpuGeneric/Pcie/Std/IfxPcie.c **** 
 286:../Libraries/iLLD/TC4xx/CpuGeneric/Pcie/Std/IfxPcie.c **** 
 287:../Libraries/iLLD/TC4xx/CpuGeneric/Pcie/Std/IfxPcie.c **** void IfxPcie_sendPmeTurnOffMessage(IfxPcie *pcieSFR)
 288:../Libraries/iLLD/TC4xx/CpuGeneric/Pcie/Std/IfxPcie.c **** {
 771              	 .loc 1 288 1 is_stmt 1
 772              	.LVL51:
 773 0000 40AE     	 mov.aa %a14,%SP
 774              	.LCFI21:
 289:../Libraries/iLLD/TC4xx/CpuGeneric/Pcie/Std/IfxPcie.c ****     pcieSFR->DSP.PM.CTRL.B.TURNOFF = 1u;
 775              	 .loc 1 289 5
 776              	 .loc 1 289 36 is_stmt 0
 777 0002 D94218E0 	 lea %a2,[%a4]920
 778 0006 194218E0 	 ld.w %d2,[%a4]920
 779 000a B7120127 	 insert %d2,%d2,1,14,1
 780 000e 7422     	 st.w [%a2]0,%d2
 290:../Libraries/iLLD/TC4xx/CpuGeneric/Pcie/Std/IfxPcie.c **** }
 781              	 .loc 1 290 1
 782 0010 0090     	 ret 
 783              	.LFE363:
 785              	 .global IfxPcie_sendPmeTurnOffMessage_end
 786              	IfxPcie_sendPmeTurnOffMessage_end:
 787              	 .section .text.IfxPcie_waitForHsphy,"ax",@progbits
 788              	 .align 1
 789              	 .global IfxPcie_waitForHsphy
 791              	IfxPcie_waitForHsphy:
 792              	.LFB364:
 291:../Libraries/iLLD/TC4xx/CpuGeneric/Pcie/Std/IfxPcie.c **** 
 292:../Libraries/iLLD/TC4xx/CpuGeneric/Pcie/Std/IfxPcie.c **** 
 293:../Libraries/iLLD/TC4xx/CpuGeneric/Pcie/Std/IfxPcie.c **** void IfxPcie_waitForHsphy(Ifx_HSPHY *hsphySFR, IfxHsphy_PhyIndex phyIndex)
 294:../Libraries/iLLD/TC4xx/CpuGeneric/Pcie/Std/IfxPcie.c **** {
 793              	 .loc 1 294 1 is_stmt 1
 794              	.LVL52:
 795 0000 40AE     	 mov.aa %a14,%SP
 796              	.LCFI22:
 797 0002 8049     	 mov.d %d9,%a4
 798 0004 0248     	 mov %d8,%d4
 295:../Libraries/iLLD/TC4xx/CpuGeneric/Pcie/Std/IfxPcie.c ****     /* STEP 1: HSPHY Initializations, if needed */
 296:../Libraries/iLLD/TC4xx/CpuGeneric/Pcie/Std/IfxPcie.c **** #if IFXPCIE_CFG_ENABLE_PHY == 1
 297:../Libraries/iLLD/TC4xx/CpuGeneric/Pcie/Std/IfxPcie.c ****     uint32 calibDone = 0;
 799              	 .loc 1 297 5
 800              	.LVL53:
 298:../Libraries/iLLD/TC4xx/CpuGeneric/Pcie/Std/IfxPcie.c **** 
 299:../Libraries/iLLD/TC4xx/CpuGeneric/Pcie/Std/IfxPcie.c ****     while (IfxHsphy_isPhyReady(hsphySFR, phyIndex) != TRUE)
 801              	 .loc 1 299 5
 802              	.L63:
 300:../Libraries/iLLD/TC4xx/CpuGeneric/Pcie/Std/IfxPcie.c ****     {}
 803              	 .loc 1 300 6 discriminator 1
 299:../Libraries/iLLD/TC4xx/CpuGeneric/Pcie/Std/IfxPcie.c ****     {}
 804              	 .loc 1 299 52 discriminator 1
 299:../Libraries/iLLD/TC4xx/CpuGeneric/Pcie/Std/IfxPcie.c ****     {}
 805              	 .loc 1 299 12 is_stmt 0 discriminator 1
 806 0006 0284     	 mov %d4,%d8
 807 0008 6094     	 mov.a %a4,%d9
 808 000a 6D000000 	 call IfxHsphy_isPhyReady
 809              	.LVL54:
 299:../Libraries/iLLD/TC4xx/CpuGeneric/Pcie/Std/IfxPcie.c ****     {}
 810              	 .loc 1 299 52 discriminator 1
 811 000e DF120080 	 jne %d2,1,.L63
 301:../Libraries/iLLD/TC4xx/CpuGeneric/Pcie/Std/IfxPcie.c **** 
 302:../Libraries/iLLD/TC4xx/CpuGeneric/Pcie/Std/IfxPcie.c ****     IfxHsphy_setExtLdDone(hsphySFR, phyIndex);
 812              	 .loc 1 302 5 is_stmt 1
 813 0012 0284     	 mov %d4,%d8
 814 0014 6094     	 mov.a %a4,%d9
 815 0016 6D000000 	 call IfxHsphy_setExtLdDone
 816              	.LVL55:
 303:../Libraries/iLLD/TC4xx/CpuGeneric/Pcie/Std/IfxPcie.c **** 
 304:../Libraries/iLLD/TC4xx/CpuGeneric/Pcie/Std/IfxPcie.c ****     /* Wait until PHY finish init */
 305:../Libraries/iLLD/TC4xx/CpuGeneric/Pcie/Std/IfxPcie.c ****     while (calibDone == 0)
 817              	 .loc 1 305 5
 297:../Libraries/iLLD/TC4xx/CpuGeneric/Pcie/Std/IfxPcie.c **** 
 818              	 .loc 1 297 12 is_stmt 0
 819 001a 8202     	 mov %d2,0
 820              	 .loc 1 305 11
 821 001c 1D000000 	 j .L64
 822              	.LVL56:
 823              	.L66:
 306:../Libraries/iLLD/TC4xx/CpuGeneric/Pcie/Std/IfxPcie.c ****     {
 307:../Libraries/iLLD/TC4xx/CpuGeneric/Pcie/Std/IfxPcie.c ****         hsphySFR->PHYREG[(uint32)phyIndex].CTRL.U = 0x000A4050u;   //Read Access to RAWCMN_DIG_AON_
 824              	 .loc 1 307 9 is_stmt 1
 825              	 .loc 1 307 51 is_stmt 0
 826 0020 1B680420 	 addi %d2,%d8,70
 827              	.LVL57:
 828 0024 0632     	 sh %d2,3
 829 0026 6092     	 mov.a %a2,%d9
 830 0028 01220026 	 addsc.a %a2,%a2,%d2,0
 831 002c 7BA00020 	 movh %d2,10
 832 0030 1B020524 	 addi %d2,%d2,16464
 833 0034 7422     	 st.w [%a2]0,%d2
 308:../Libraries/iLLD/TC4xx/CpuGeneric/Pcie/Std/IfxPcie.c **** 
 309:../Libraries/iLLD/TC4xx/CpuGeneric/Pcie/Std/IfxPcie.c ****         while (1 == hsphySFR->PHYREG[(uint32)phyIndex].CTRL.B.ACT) //wait until finish reading
 834              	 .loc 1 309 9 is_stmt 1
 835              	.L65:
 310:../Libraries/iLLD/TC4xx/CpuGeneric/Pcie/Std/IfxPcie.c ****         {}
 836              	 .loc 1 310 10 discriminator 1
 309:../Libraries/iLLD/TC4xx/CpuGeneric/Pcie/Std/IfxPcie.c ****         {}
 837              	 .loc 1 309 18 discriminator 1
 309:../Libraries/iLLD/TC4xx/CpuGeneric/Pcie/Std/IfxPcie.c ****         {}
 838              	 .loc 1 309 62 is_stmt 0 discriminator 1
 839 0036 1B680420 	 addi %d2,%d8,70
 840 003a 0632     	 sh %d2,3
 841 003c 6092     	 mov.a %a2,%d9
 842 003e 01220026 	 addsc.a %a2,%a2,%d2,0
 843 0042 5422     	 ld.w %d2,[%a2]0
 309:../Libraries/iLLD/TC4xx/CpuGeneric/Pcie/Std/IfxPcie.c ****         {}
 844              	 .loc 1 309 18 discriminator 1
 845 0044 EF320080 	 jnz.t %d2,19,.L65
 311:../Libraries/iLLD/TC4xx/CpuGeneric/Pcie/Std/IfxPcie.c **** 
 312:../Libraries/iLLD/TC4xx/CpuGeneric/Pcie/Std/IfxPcie.c ****         calibDone  = hsphySFR->PHYREG[(uint32)phyIndex].DATA.U;
 846              	 .loc 1 312 9 is_stmt 1
 847              	 .loc 1 312 20 is_stmt 0
 848 0048 8F380020 	 sh %d2,%d8,3
 849 004c 6092     	 mov.a %a2,%d9
 850 004e 01220026 	 addsc.a %a2,%a2,%d2,0
 851 0052 19223480 	 ld.w %d2,[%a2]564
 852              	.LVL58:
 313:../Libraries/iLLD/TC4xx/CpuGeneric/Pcie/Std/IfxPcie.c ****         calibDone &= 0x00000002; //second bit indicates whether calibration is completed
 853              	 .loc 1 313 9 is_stmt 1
 854              	 .loc 1 313 19 is_stmt 0
 855 0056 8F220021 	 and %d2,%d2,2
 856              	.LVL59:
 857              	.L64:
 305:../Libraries/iLLD/TC4xx/CpuGeneric/Pcie/Std/IfxPcie.c ****     {
 858              	 .loc 1 305 22 is_stmt 1
 859 005a DF020000 	 jz %d2,.L66
 314:../Libraries/iLLD/TC4xx/CpuGeneric/Pcie/Std/IfxPcie.c ****     }
 315:../Libraries/iLLD/TC4xx/CpuGeneric/Pcie/Std/IfxPcie.c **** 
 316:../Libraries/iLLD/TC4xx/CpuGeneric/Pcie/Std/IfxPcie.c **** #endif
 317:../Libraries/iLLD/TC4xx/CpuGeneric/Pcie/Std/IfxPcie.c **** }
 860              	 .loc 1 317 1 is_stmt 0
 861 005e 0090     	 ret 
 862              	.LFE364:
 864              	 .global IfxPcie_waitForHsphy_end
 865              	IfxPcie_waitForHsphy_end:
 866              	 .section .text.IfxPcie_enableLtrInterrupt,"ax",@progbits
 867              	 .align 1
 868              	 .global IfxPcie_enableLtrInterrupt
 870              	IfxPcie_enableLtrInterrupt:
 871              	.LFB365:
 318:../Libraries/iLLD/TC4xx/CpuGeneric/Pcie/Std/IfxPcie.c **** 
 319:../Libraries/iLLD/TC4xx/CpuGeneric/Pcie/Std/IfxPcie.c **** 
 320:../Libraries/iLLD/TC4xx/CpuGeneric/Pcie/Std/IfxPcie.c **** void IfxPcie_enableLtrInterrupt(IfxPcie *pcieSFR)
 321:../Libraries/iLLD/TC4xx/CpuGeneric/Pcie/Std/IfxPcie.c **** {
 872              	 .loc 1 321 1 is_stmt 1
 873              	.LVL60:
 874 0000 40AE     	 mov.aa %a14,%SP
 875              	.LCFI23:
 322:../Libraries/iLLD/TC4xx/CpuGeneric/Pcie/Std/IfxPcie.c ****     pcieSFR->DSP.LTR.CTRL.B.RLTREN = 1u;
 876              	 .loc 1 322 5
 877              	 .loc 1 322 36 is_stmt 0
 878 0002 D9420CF0 	 lea %a2,[%a4]972
 879 0006 19420CF0 	 ld.w %d2,[%a4]972
 880 000a B7128124 	 insert %d2,%d2,1,9,1
 881 000e 7422     	 st.w [%a2]0,%d2
 323:../Libraries/iLLD/TC4xx/CpuGeneric/Pcie/Std/IfxPcie.c **** }
 882              	 .loc 1 323 1
 883 0010 0090     	 ret 
 884              	.LFE365:
 886              	 .global IfxPcie_enableLtrInterrupt_end
 887              	IfxPcie_enableLtrInterrupt_end:
 888              	 .section .text.IfxPcie_disableLtrInterrupt,"ax",@progbits
 889              	 .align 1
 890              	 .global IfxPcie_disableLtrInterrupt
 892              	IfxPcie_disableLtrInterrupt:
 893              	.LFB366:
 324:../Libraries/iLLD/TC4xx/CpuGeneric/Pcie/Std/IfxPcie.c **** 
 325:../Libraries/iLLD/TC4xx/CpuGeneric/Pcie/Std/IfxPcie.c **** 
 326:../Libraries/iLLD/TC4xx/CpuGeneric/Pcie/Std/IfxPcie.c **** void IfxPcie_disableLtrInterrupt(IfxPcie *pcieSFR)
 327:../Libraries/iLLD/TC4xx/CpuGeneric/Pcie/Std/IfxPcie.c **** {
 894              	 .loc 1 327 1 is_stmt 1
 895              	.LVL61:
 896 0000 40AE     	 mov.aa %a14,%SP
 897              	.LCFI24:
 328:../Libraries/iLLD/TC4xx/CpuGeneric/Pcie/Std/IfxPcie.c ****     pcieSFR->DSP.LTR.CTRL.B.RLTREN = 0u;
 898              	 .loc 1 328 5
 899              	 .loc 1 328 36 is_stmt 0
 900 0002 D9420CF0 	 lea %a2,[%a4]972
 901 0006 19420CF0 	 ld.w %d2,[%a4]972
 902 000a B7028124 	 insert %d2,%d2,0,9,1
 903 000e 7422     	 st.w [%a2]0,%d2
 329:../Libraries/iLLD/TC4xx/CpuGeneric/Pcie/Std/IfxPcie.c **** }
 904              	 .loc 1 329 1
 905 0010 0090     	 ret 
 906              	.LFE366:
 908              	 .global IfxPcie_disableLtrInterrupt_end
 909              	IfxPcie_disableLtrInterrupt_end:
 910              	 .section .text.IfxPcie_isLtrEventPending,"ax",@progbits
 911              	 .align 1
 912              	 .global IfxPcie_isLtrEventPending
 914              	IfxPcie_isLtrEventPending:
 915              	.LFB367:
 330:../Libraries/iLLD/TC4xx/CpuGeneric/Pcie/Std/IfxPcie.c **** 
 331:../Libraries/iLLD/TC4xx/CpuGeneric/Pcie/Std/IfxPcie.c **** 
 332:../Libraries/iLLD/TC4xx/CpuGeneric/Pcie/Std/IfxPcie.c **** boolean IfxPcie_isLtrEventPending(IfxPcie *pcieSFR)
 333:../Libraries/iLLD/TC4xx/CpuGeneric/Pcie/Std/IfxPcie.c **** {
 916              	 .loc 1 333 1 is_stmt 1
 917              	.LVL62:
 918 0000 40AE     	 mov.aa %a14,%SP
 919              	.LCFI25:
 334:../Libraries/iLLD/TC4xx/CpuGeneric/Pcie/Std/IfxPcie.c ****     boolean ltrPending = FALSE;
 920              	 .loc 1 334 5
 921              	.LVL63:
 335:../Libraries/iLLD/TC4xx/CpuGeneric/Pcie/Std/IfxPcie.c **** 
 336:../Libraries/iLLD/TC4xx/CpuGeneric/Pcie/Std/IfxPcie.c ****     if (pcieSFR->DSP.LTR.CTRL.B.RLTR == 1u)
 922              	 .loc 1 336 5
 923              	 .loc 1 336 32 is_stmt 0
 924 0002 19420CF0 	 ld.w %d2,[%a4]972
 925              	 .loc 1 336 8
 926 0006 6F720080 	 jnz.t %d2,7,.L71
 334:../Libraries/iLLD/TC4xx/CpuGeneric/Pcie/Std/IfxPcie.c ****     boolean ltrPending = FALSE;
 927              	 .loc 1 334 13
 928 000a 8202     	 mov %d2,0
 929 000c 0090     	 ret 
 930              	.L71:
 337:../Libraries/iLLD/TC4xx/CpuGeneric/Pcie/Std/IfxPcie.c ****     {
 338:../Libraries/iLLD/TC4xx/CpuGeneric/Pcie/Std/IfxPcie.c ****         ltrPending = TRUE;
 931              	 .loc 1 338 20
 932 000e 8212     	 mov %d2,1
 933              	.LVL64:
 339:../Libraries/iLLD/TC4xx/CpuGeneric/Pcie/Std/IfxPcie.c ****     }
 340:../Libraries/iLLD/TC4xx/CpuGeneric/Pcie/Std/IfxPcie.c **** 
 341:../Libraries/iLLD/TC4xx/CpuGeneric/Pcie/Std/IfxPcie.c ****     return ltrPending;
 934              	 .loc 1 341 5 is_stmt 1
 342:../Libraries/iLLD/TC4xx/CpuGeneric/Pcie/Std/IfxPcie.c **** }
 935              	 .loc 1 342 1 is_stmt 0
 936 0010 0090     	 ret 
 937              	.LFE367:
 939              	 .global IfxPcie_isLtrEventPending_end
 940              	IfxPcie_isLtrEventPending_end:
 941              	 .section .text.IfxPcie_clearLtrEvent,"ax",@progbits
 942              	 .align 1
 943              	 .global IfxPcie_clearLtrEvent
 945              	IfxPcie_clearLtrEvent:
 946              	.LFB368:
 343:../Libraries/iLLD/TC4xx/CpuGeneric/Pcie/Std/IfxPcie.c **** 
 344:../Libraries/iLLD/TC4xx/CpuGeneric/Pcie/Std/IfxPcie.c **** 
 345:../Libraries/iLLD/TC4xx/CpuGeneric/Pcie/Std/IfxPcie.c **** void IfxPcie_clearLtrEvent(IfxPcie *pcieSFR)
 346:../Libraries/iLLD/TC4xx/CpuGeneric/Pcie/Std/IfxPcie.c **** {
 947              	 .loc 1 346 1 is_stmt 1
 948              	.LVL65:
 949 0000 40AE     	 mov.aa %a14,%SP
 950              	.LCFI26:
 347:../Libraries/iLLD/TC4xx/CpuGeneric/Pcie/Std/IfxPcie.c ****     pcieSFR->DSP.LTR.CTRL.B.RLTRCLR = 1u;
 951              	 .loc 1 347 5
 952              	 .loc 1 347 37 is_stmt 0
 953 0002 D9420CF0 	 lea %a2,[%a4]972
 954 0006 19420CF0 	 ld.w %d2,[%a4]972
 955 000a B7120124 	 insert %d2,%d2,1,8,1
 956 000e 7422     	 st.w [%a2]0,%d2
 348:../Libraries/iLLD/TC4xx/CpuGeneric/Pcie/Std/IfxPcie.c **** }
 957              	 .loc 1 348 1
 958 0010 0090     	 ret 
 959              	.LFE368:
 961              	 .global IfxPcie_clearLtrEvent_end
 962              	IfxPcie_clearLtrEvent_end:
 963              	 .section .text.IfxPcie_getLtrMessagePayload,"ax",@progbits
 964              	 .align 1
 965              	 .global IfxPcie_getLtrMessagePayload
 967              	IfxPcie_getLtrMessagePayload:
 968              	.LFB369:
 349:../Libraries/iLLD/TC4xx/CpuGeneric/Pcie/Std/IfxPcie.c **** 
 350:../Libraries/iLLD/TC4xx/CpuGeneric/Pcie/Std/IfxPcie.c **** 
 351:../Libraries/iLLD/TC4xx/CpuGeneric/Pcie/Std/IfxPcie.c **** uint32 IfxPcie_getLtrMessagePayload(IfxPcie *pcieSFR)
 352:../Libraries/iLLD/TC4xx/CpuGeneric/Pcie/Std/IfxPcie.c **** {
 969              	 .loc 1 352 1 is_stmt 1
 970              	.LVL66:
 971 0000 40AE     	 mov.aa %a14,%SP
 972              	.LCFI27:
 353:../Libraries/iLLD/TC4xx/CpuGeneric/Pcie/Std/IfxPcie.c ****     uint32 payload = pcieSFR->DSP.PORTLOGIC.PL_LTR_LATENCY_OFF.U;
 973              	 .loc 1 353 5
 974              	 .loc 1 353 12 is_stmt 0
 975 0002 1942B0C4 	 ld.w %d2,[%a4]19248
 976              	.LVL67:
 354:../Libraries/iLLD/TC4xx/CpuGeneric/Pcie/Std/IfxPcie.c ****     return payload;
 977              	 .loc 1 354 5 is_stmt 1
 355:../Libraries/iLLD/TC4xx/CpuGeneric/Pcie/Std/IfxPcie.c **** }
 978              	 .loc 1 355 1 is_stmt 0
 979 0006 0090     	 ret 
 980              	.LFE369:
 982              	 .global IfxPcie_getLtrMessagePayload_end
 983              	IfxPcie_getLtrMessagePayload_end:
 984              	 .section .text.IfxPcie_triggerLtrMessage,"ax",@progbits
 985              	 .align 1
 986              	 .global IfxPcie_triggerLtrMessage
 988              	IfxPcie_triggerLtrMessage:
 989              	.LFB370:
 356:../Libraries/iLLD/TC4xx/CpuGeneric/Pcie/Std/IfxPcie.c **** 
 357:../Libraries/iLLD/TC4xx/CpuGeneric/Pcie/Std/IfxPcie.c **** 
 358:../Libraries/iLLD/TC4xx/CpuGeneric/Pcie/Std/IfxPcie.c **** void IfxPcie_triggerLtrMessage(IfxPcie *pcieSFR)
 359:../Libraries/iLLD/TC4xx/CpuGeneric/Pcie/Std/IfxPcie.c **** {
 990              	 .loc 1 359 1 is_stmt 1
 991              	.LVL68:
 992 0000 40AE     	 mov.aa %a14,%SP
 993              	.LCFI28:
 360:../Libraries/iLLD/TC4xx/CpuGeneric/Pcie/Std/IfxPcie.c ****     pcieSFR->USP.LTR.CTRL.B.MSGREQ = 1u;
 994              	 .loc 1 360 5
 995              	 .loc 1 360 36 is_stmt 0
 996 0002 D9420CF0 	 lea %a2,[%a4]972
 997 0006 19420CF0 	 ld.w %d2,[%a4]972
 998 000a B7120120 	 insert %d2,%d2,1,0,1
 999 000e 7422     	 st.w [%a2]0,%d2
 361:../Libraries/iLLD/TC4xx/CpuGeneric/Pcie/Std/IfxPcie.c **** }
 1000              	 .loc 1 361 1
 1001 0010 0090     	 ret 
 1002              	.LFE370:
 1004              	 .global IfxPcie_triggerLtrMessage_end
 1005              	IfxPcie_triggerLtrMessage_end:
 1006              	 .section .text.IfxPcie_enableObffEventInterrupt,"ax",@progbits
 1007              	 .align 1
 1008              	 .global IfxPcie_enableObffEventInterrupt
 1010              	IfxPcie_enableObffEventInterrupt:
 1011              	.LFB371:
 362:../Libraries/iLLD/TC4xx/CpuGeneric/Pcie/Std/IfxPcie.c **** 
 363:../Libraries/iLLD/TC4xx/CpuGeneric/Pcie/Std/IfxPcie.c **** 
 364:../Libraries/iLLD/TC4xx/CpuGeneric/Pcie/Std/IfxPcie.c **** void IfxPcie_enableObffEventInterrupt(IfxPcie *pcieSFR, IfxPcie_ObffType obffType, IfxPcie_ObffEven
 365:../Libraries/iLLD/TC4xx/CpuGeneric/Pcie/Std/IfxPcie.c **** {
 1012              	 .loc 1 365 1 is_stmt 1
 1013              	.LVL69:
 1014 0000 40AE     	 mov.aa %a14,%SP
 1015              	.LCFI29:
 366:../Libraries/iLLD/TC4xx/CpuGeneric/Pcie/Std/IfxPcie.c ****     uint32 writeMask = 0x0u;
 1016              	 .loc 1 366 5
 1017              	.LVL70:
 367:../Libraries/iLLD/TC4xx/CpuGeneric/Pcie/Std/IfxPcie.c **** 
 368:../Libraries/iLLD/TC4xx/CpuGeneric/Pcie/Std/IfxPcie.c ****     if (obffEvent != IfxPcie_ObffEvent_none)
 1018              	 .loc 1 368 5
 1019              	 .loc 1 368 8 is_stmt 0
 1020 0002 DFF50000 	 jeq %d5,-1,.L75
 369:../Libraries/iLLD/TC4xx/CpuGeneric/Pcie/Std/IfxPcie.c ****     {
 370:../Libraries/iLLD/TC4xx/CpuGeneric/Pcie/Std/IfxPcie.c ****         if (obffType == IfxPcie_ObffType_Msg)
 1021              	 .loc 1 370 9 is_stmt 1
 1022              	 .loc 1 370 12 is_stmt 0
 1023 0006 DF140000 	 jeq %d4,1,.L78
 371:../Libraries/iLLD/TC4xx/CpuGeneric/Pcie/Std/IfxPcie.c ****         {
 372:../Libraries/iLLD/TC4xx/CpuGeneric/Pcie/Std/IfxPcie.c ****             writeMask = 1U << (IFX_PCIE_USP_OBFFMSG_IDLEEN_OFF + (uint32)(obffEvent * 3u));
 373:../Libraries/iLLD/TC4xx/CpuGeneric/Pcie/Std/IfxPcie.c ****             Ifx__ldmst(&(pcieSFR->USP.OBFFMSG), writeMask, writeMask);
 374:../Libraries/iLLD/TC4xx/CpuGeneric/Pcie/Std/IfxPcie.c ****         }
 375:../Libraries/iLLD/TC4xx/CpuGeneric/Pcie/Std/IfxPcie.c ****         else if (obffType == IfxPcie_ObffType_Wake)
 1024              	 .loc 1 375 14 is_stmt 1
 1025              	 .loc 1 375 17 is_stmt 0
 1026 000a DF240000 	 jeq %d4,2,.L79
 1027              	.LVL71:
 1028              	.L75:
 376:../Libraries/iLLD/TC4xx/CpuGeneric/Pcie/Std/IfxPcie.c ****         {
 377:../Libraries/iLLD/TC4xx/CpuGeneric/Pcie/Std/IfxPcie.c ****             writeMask = 1U << (IFX_PCIE_USP_OBFFWAKE_IDLEEN_OFF + (uint32)(obffEvent * 3u));
 378:../Libraries/iLLD/TC4xx/CpuGeneric/Pcie/Std/IfxPcie.c ****             Ifx__ldmst(&(pcieSFR->USP.OBFFWAKE), writeMask, writeMask);
 379:../Libraries/iLLD/TC4xx/CpuGeneric/Pcie/Std/IfxPcie.c ****         }
 380:../Libraries/iLLD/TC4xx/CpuGeneric/Pcie/Std/IfxPcie.c ****     }
 381:../Libraries/iLLD/TC4xx/CpuGeneric/Pcie/Std/IfxPcie.c **** }
 1029              	 .loc 1 381 1
 1030 000e 0090     	 ret 
 1031              	.LVL72:
 1032              	.L78:
 372:../Libraries/iLLD/TC4xx/CpuGeneric/Pcie/Std/IfxPcie.c ****             Ifx__ldmst(&(pcieSFR->USP.OBFFMSG), writeMask, writeMask);
 1033              	 .loc 1 372 13 is_stmt 1
 372:../Libraries/iLLD/TC4xx/CpuGeneric/Pcie/Std/IfxPcie.c ****             Ifx__ldmst(&(pcieSFR->USP.OBFFMSG), writeMask, writeMask);
 1034              	 .loc 1 372 85 is_stmt 0
 1035 0010 53352020 	 mul %d2,%d5,3
 372:../Libraries/iLLD/TC4xx/CpuGeneric/Pcie/Std/IfxPcie.c ****             Ifx__ldmst(&(pcieSFR->USP.OBFFMSG), writeMask, writeMask);
 1036              	 .loc 1 372 64
 1037 0014 C262     	 add %d2,6
 372:../Libraries/iLLD/TC4xx/CpuGeneric/Pcie/Std/IfxPcie.c ****             Ifx__ldmst(&(pcieSFR->USP.OBFFMSG), writeMask, writeMask);
 1038              	 .loc 1 372 23
 1039 0016 8214     	 mov %d4,1
 1040              	.LVL73:
 1041 0018 0F240040 	 sh %d4,%d4,%d2
 1042              	.LVL74:
 373:../Libraries/iLLD/TC4xx/CpuGeneric/Pcie/Std/IfxPcie.c ****         }
 1043              	 .loc 1 373 13 is_stmt 1
 373:../Libraries/iLLD/TC4xx/CpuGeneric/Pcie/Std/IfxPcie.c ****         }
 1044              	 .loc 1 373 24 is_stmt 0
 1045 001c D94230F0 	 lea %a2,[%a4]1008
 1046              	.LVL75:
 1047              	.LBB29:
 1048              	.LBB30:
 1049              	 .file 2 "../Libraries/iLLD/TC4xx/Tricore/Cpu/Std/IfxCpu_IntrinsicsGcc.h"
   1:../Libraries/iLLD/TC4xx/Tricore/Cpu/Std/IfxCpu_IntrinsicsGcc.h **** /**
   2:../Libraries/iLLD/TC4xx/Tricore/Cpu/Std/IfxCpu_IntrinsicsGcc.h ****  * \file IfxCpu_IntrinsicsGnuc.h
   3:../Libraries/iLLD/TC4xx/Tricore/Cpu/Std/IfxCpu_IntrinsicsGcc.h ****  *
   4:../Libraries/iLLD/TC4xx/Tricore/Cpu/Std/IfxCpu_IntrinsicsGcc.h ****  * \version iLLD-TC4-v2.7.0
   5:../Libraries/iLLD/TC4xx/Tricore/Cpu/Std/IfxCpu_IntrinsicsGcc.h ****  * \copyright Copyright (c) 2026 Infineon Technologies AG. All rights reserved.
   6:../Libraries/iLLD/TC4xx/Tricore/Cpu/Std/IfxCpu_IntrinsicsGcc.h ****  *
   7:../Libraries/iLLD/TC4xx/Tricore/Cpu/Std/IfxCpu_IntrinsicsGcc.h ****  *
   8:../Libraries/iLLD/TC4xx/Tricore/Cpu/Std/IfxCpu_IntrinsicsGcc.h ****  *
   9:../Libraries/iLLD/TC4xx/Tricore/Cpu/Std/IfxCpu_IntrinsicsGcc.h ****  *                                 IMPORTANT NOTICE
  10:../Libraries/iLLD/TC4xx/Tricore/Cpu/Std/IfxCpu_IntrinsicsGcc.h ****  *
  11:../Libraries/iLLD/TC4xx/Tricore/Cpu/Std/IfxCpu_IntrinsicsGcc.h ****  *
  12:../Libraries/iLLD/TC4xx/Tricore/Cpu/Std/IfxCpu_IntrinsicsGcc.h ****  * Infineon Technologies AG (Infineon) licenses this file to you under the
  13:../Libraries/iLLD/TC4xx/Tricore/Cpu/Std/IfxCpu_IntrinsicsGcc.h ****  * Infineon Automotive SW Lab License v2025-01 (IFASLL). You may not use
  14:../Libraries/iLLD/TC4xx/Tricore/Cpu/Std/IfxCpu_IntrinsicsGcc.h ****  * this file except in compliance with IFASLL.
  15:../Libraries/iLLD/TC4xx/Tricore/Cpu/Std/IfxCpu_IntrinsicsGcc.h ****  *
  16:../Libraries/iLLD/TC4xx/Tricore/Cpu/Std/IfxCpu_IntrinsicsGcc.h ****  * The full license text is contained in IFASLL202501.pdf delivered with this SW.
  17:../Libraries/iLLD/TC4xx/Tricore/Cpu/Std/IfxCpu_IntrinsicsGcc.h ****  * Unless required by applicable law or agreed to in writing, software distributed
  18:../Libraries/iLLD/TC4xx/Tricore/Cpu/Std/IfxCpu_IntrinsicsGcc.h ****  * under this license is distributed "AS IS" without any warranty or liability of any
  19:../Libraries/iLLD/TC4xx/Tricore/Cpu/Std/IfxCpu_IntrinsicsGcc.h ****  * kind and Infineon hereby expressly disclaims any warranties or representations,
  20:../Libraries/iLLD/TC4xx/Tricore/Cpu/Std/IfxCpu_IntrinsicsGcc.h ****  * whether express, implied, statutory or otherwise, including but not limited to
  21:../Libraries/iLLD/TC4xx/Tricore/Cpu/Std/IfxCpu_IntrinsicsGcc.h ****  * warranties of workmanship, merchantability, fitness for a particular purpose,
  22:../Libraries/iLLD/TC4xx/Tricore/Cpu/Std/IfxCpu_IntrinsicsGcc.h ****  * defects in the licensed items, or non-infringement of third parties'
  23:../Libraries/iLLD/TC4xx/Tricore/Cpu/Std/IfxCpu_IntrinsicsGcc.h ****  * intellectual property rights. See the full license text for the specific
  24:../Libraries/iLLD/TC4xx/Tricore/Cpu/Std/IfxCpu_IntrinsicsGcc.h ****  * language governing permissions and limitations under IFASLL.
  25:../Libraries/iLLD/TC4xx/Tricore/Cpu/Std/IfxCpu_IntrinsicsGcc.h ****  *
  26:../Libraries/iLLD/TC4xx/Tricore/Cpu/Std/IfxCpu_IntrinsicsGcc.h ****  * \defgroup IfxLld_Cpu_Intrinsics_Gnuc Intrinsics for GNU compiler
  27:../Libraries/iLLD/TC4xx/Tricore/Cpu/Std/IfxCpu_IntrinsicsGcc.h ****  * \ingroup IfxLld_Cpu_Intrinsics
  28:../Libraries/iLLD/TC4xx/Tricore/Cpu/Std/IfxCpu_IntrinsicsGcc.h ****  *
  29:../Libraries/iLLD/TC4xx/Tricore/Cpu/Std/IfxCpu_IntrinsicsGcc.h ****  */
  30:../Libraries/iLLD/TC4xx/Tricore/Cpu/Std/IfxCpu_IntrinsicsGcc.h **** 
  31:../Libraries/iLLD/TC4xx/Tricore/Cpu/Std/IfxCpu_IntrinsicsGcc.h **** #ifndef IFXCPU_INTRINSICSGCC_H
  32:../Libraries/iLLD/TC4xx/Tricore/Cpu/Std/IfxCpu_IntrinsicsGcc.h **** #define IFXCPU_INTRINSICSGCC_H 1
  33:../Libraries/iLLD/TC4xx/Tricore/Cpu/Std/IfxCpu_IntrinsicsGcc.h **** 
  34:../Libraries/iLLD/TC4xx/Tricore/Cpu/Std/IfxCpu_IntrinsicsGcc.h **** /* old style intrinsics handling for AGENtiX environment */
  35:../Libraries/iLLD/TC4xx/Tricore/Cpu/Std/IfxCpu_IntrinsicsGcc.h **** #if defined(SCTB_EMBEDDED)
  36:../Libraries/iLLD/TC4xx/Tricore/Cpu/Std/IfxCpu_IntrinsicsGcc.h **** # define IFXCPU_INTRINSICSGNUC_USE_MACHINE_INTRINSICS 0
  37:../Libraries/iLLD/TC4xx/Tricore/Cpu/Std/IfxCpu_IntrinsicsGcc.h **** #else
  38:../Libraries/iLLD/TC4xx/Tricore/Cpu/Std/IfxCpu_IntrinsicsGcc.h **** # define IFXCPU_INTRINSICSGNUC_USE_MACHINE_INTRINSICS 1
  39:../Libraries/iLLD/TC4xx/Tricore/Cpu/Std/IfxCpu_IntrinsicsGcc.h **** #endif
  40:../Libraries/iLLD/TC4xx/Tricore/Cpu/Std/IfxCpu_IntrinsicsGcc.h **** 
  41:../Libraries/iLLD/TC4xx/Tricore/Cpu/Std/IfxCpu_IntrinsicsGcc.h **** /******************************************************************************/
  42:../Libraries/iLLD/TC4xx/Tricore/Cpu/Std/IfxCpu_IntrinsicsGcc.h **** #include "Ifx_Types.h"
  43:../Libraries/iLLD/TC4xx/Tricore/Cpu/Std/IfxCpu_IntrinsicsGcc.h **** 
  44:../Libraries/iLLD/TC4xx/Tricore/Cpu/Std/IfxCpu_IntrinsicsGcc.h **** #if IFXCPU_INTRINSICSGNUC_USE_MACHINE_INTRINSICS
  45:../Libraries/iLLD/TC4xx/Tricore/Cpu/Std/IfxCpu_IntrinsicsGcc.h **** #include "machine/intrinsics.h"
  46:../Libraries/iLLD/TC4xx/Tricore/Cpu/Std/IfxCpu_IntrinsicsGcc.h **** #endif
  47:../Libraries/iLLD/TC4xx/Tricore/Cpu/Std/IfxCpu_IntrinsicsGcc.h **** 
  48:../Libraries/iLLD/TC4xx/Tricore/Cpu/Std/IfxCpu_IntrinsicsGcc.h **** /******************************************************************************/
  49:../Libraries/iLLD/TC4xx/Tricore/Cpu/Std/IfxCpu_IntrinsicsGcc.h **** /* *INDENT-OFF* */
  50:../Libraries/iLLD/TC4xx/Tricore/Cpu/Std/IfxCpu_IntrinsicsGcc.h **** #define STRINGIFY(x)    #x
  51:../Libraries/iLLD/TC4xx/Tricore/Cpu/Std/IfxCpu_IntrinsicsGcc.h **** 
  52:../Libraries/iLLD/TC4xx/Tricore/Cpu/Std/IfxCpu_IntrinsicsGcc.h **** /* Endian Swap for CRC32 Calculation*/
  53:../Libraries/iLLD/TC4xx/Tricore/Cpu/Std/IfxCpu_IntrinsicsGcc.h **** #define CPU_CRC_ENDIAN_SWAP 0  /* No Swap by default*/
  54:../Libraries/iLLD/TC4xx/Tricore/Cpu/Std/IfxCpu_IntrinsicsGcc.h **** 
  55:../Libraries/iLLD/TC4xx/Tricore/Cpu/Std/IfxCpu_IntrinsicsGcc.h **** /** Function call without return
  56:../Libraries/iLLD/TC4xx/Tricore/Cpu/Std/IfxCpu_IntrinsicsGcc.h ****  */
  57:../Libraries/iLLD/TC4xx/Tricore/Cpu/Std/IfxCpu_IntrinsicsGcc.h **** #define Ifx__non_return_call(fun)	__asm__ volatile ("ji %0"::"a"(fun))
  58:../Libraries/iLLD/TC4xx/Tricore/Cpu/Std/IfxCpu_IntrinsicsGcc.h **** 
  59:../Libraries/iLLD/TC4xx/Tricore/Cpu/Std/IfxCpu_IntrinsicsGcc.h **** /** Jump and link
  60:../Libraries/iLLD/TC4xx/Tricore/Cpu/Std/IfxCpu_IntrinsicsGcc.h ****  */
  61:../Libraries/iLLD/TC4xx/Tricore/Cpu/Std/IfxCpu_IntrinsicsGcc.h **** IFX_INLINE void Ifx__jump_and_link(void (*fun)(void))
  62:../Libraries/iLLD/TC4xx/Tricore/Cpu/Std/IfxCpu_IntrinsicsGcc.h **** {
  63:../Libraries/iLLD/TC4xx/Tricore/Cpu/Std/IfxCpu_IntrinsicsGcc.h **** 	__asm__ volatile ("jli %0"::"a"(fun));
  64:../Libraries/iLLD/TC4xx/Tricore/Cpu/Std/IfxCpu_IntrinsicsGcc.h **** }
  65:../Libraries/iLLD/TC4xx/Tricore/Cpu/Std/IfxCpu_IntrinsicsGcc.h **** 
  66:../Libraries/iLLD/TC4xx/Tricore/Cpu/Std/IfxCpu_IntrinsicsGcc.h **** IFX_INLINE void Ifx__moveToDataParam0(unsigned int var)
  67:../Libraries/iLLD/TC4xx/Tricore/Cpu/Std/IfxCpu_IntrinsicsGcc.h **** {
  68:../Libraries/iLLD/TC4xx/Tricore/Cpu/Std/IfxCpu_IntrinsicsGcc.h **** 	__asm__ volatile ("mov\t %%d4, %0"::"d"(var));
  69:../Libraries/iLLD/TC4xx/Tricore/Cpu/Std/IfxCpu_IntrinsicsGcc.h **** }
  70:../Libraries/iLLD/TC4xx/Tricore/Cpu/Std/IfxCpu_IntrinsicsGcc.h **** 
  71:../Libraries/iLLD/TC4xx/Tricore/Cpu/Std/IfxCpu_IntrinsicsGcc.h **** IFX_INLINE void Ifx__moveToDataParamRet(unsigned int var)
  72:../Libraries/iLLD/TC4xx/Tricore/Cpu/Std/IfxCpu_IntrinsicsGcc.h **** {
  73:../Libraries/iLLD/TC4xx/Tricore/Cpu/Std/IfxCpu_IntrinsicsGcc.h **** 	__asm__ volatile ("mov\t %%d2, %0"::"d"(var));
  74:../Libraries/iLLD/TC4xx/Tricore/Cpu/Std/IfxCpu_IntrinsicsGcc.h **** }
  75:../Libraries/iLLD/TC4xx/Tricore/Cpu/Std/IfxCpu_IntrinsicsGcc.h **** 
  76:../Libraries/iLLD/TC4xx/Tricore/Cpu/Std/IfxCpu_IntrinsicsGcc.h **** IFX_INLINE unsigned int Ifx__getDataParamRet(void)
  77:../Libraries/iLLD/TC4xx/Tricore/Cpu/Std/IfxCpu_IntrinsicsGcc.h **** {
  78:../Libraries/iLLD/TC4xx/Tricore/Cpu/Std/IfxCpu_IntrinsicsGcc.h **** 	unsigned int var;
  79:../Libraries/iLLD/TC4xx/Tricore/Cpu/Std/IfxCpu_IntrinsicsGcc.h **** 	__asm__ volatile (" mov\t %0, %%d2":"=d"(var));
  80:../Libraries/iLLD/TC4xx/Tricore/Cpu/Std/IfxCpu_IntrinsicsGcc.h **** 	return var;
  81:../Libraries/iLLD/TC4xx/Tricore/Cpu/Std/IfxCpu_IntrinsicsGcc.h **** }
  82:../Libraries/iLLD/TC4xx/Tricore/Cpu/Std/IfxCpu_IntrinsicsGcc.h **** 
  83:../Libraries/iLLD/TC4xx/Tricore/Cpu/Std/IfxCpu_IntrinsicsGcc.h **** IFX_INLINE void Ifx__moveToAddrParam0(const void *var)
  84:../Libraries/iLLD/TC4xx/Tricore/Cpu/Std/IfxCpu_IntrinsicsGcc.h **** {
  85:../Libraries/iLLD/TC4xx/Tricore/Cpu/Std/IfxCpu_IntrinsicsGcc.h **** 	__asm__ volatile ("mov.aa\t %%a4, %0"::"a"(var));
  86:../Libraries/iLLD/TC4xx/Tricore/Cpu/Std/IfxCpu_IntrinsicsGcc.h **** }
  87:../Libraries/iLLD/TC4xx/Tricore/Cpu/Std/IfxCpu_IntrinsicsGcc.h **** 
  88:../Libraries/iLLD/TC4xx/Tricore/Cpu/Std/IfxCpu_IntrinsicsGcc.h **** IFX_INLINE void Ifx__jumpToFunction(const void *fun)
  89:../Libraries/iLLD/TC4xx/Tricore/Cpu/Std/IfxCpu_IntrinsicsGcc.h **** {
  90:../Libraries/iLLD/TC4xx/Tricore/Cpu/Std/IfxCpu_IntrinsicsGcc.h **** 	Ifx__non_return_call(fun);
  91:../Libraries/iLLD/TC4xx/Tricore/Cpu/Std/IfxCpu_IntrinsicsGcc.h **** }
  92:../Libraries/iLLD/TC4xx/Tricore/Cpu/Std/IfxCpu_IntrinsicsGcc.h **** 
  93:../Libraries/iLLD/TC4xx/Tricore/Cpu/Std/IfxCpu_IntrinsicsGcc.h **** IFX_INLINE void Ifx__jumpToFunctionWithLink(const void *fun)
  94:../Libraries/iLLD/TC4xx/Tricore/Cpu/Std/IfxCpu_IntrinsicsGcc.h **** {
  95:../Libraries/iLLD/TC4xx/Tricore/Cpu/Std/IfxCpu_IntrinsicsGcc.h **** 	Ifx__jump_and_link((void (*)(void))fun);
  96:../Libraries/iLLD/TC4xx/Tricore/Cpu/Std/IfxCpu_IntrinsicsGcc.h **** }
  97:../Libraries/iLLD/TC4xx/Tricore/Cpu/Std/IfxCpu_IntrinsicsGcc.h **** 
  98:../Libraries/iLLD/TC4xx/Tricore/Cpu/Std/IfxCpu_IntrinsicsGcc.h **** IFX_INLINE void Ifx__jumpBackToLink(void)
  99:../Libraries/iLLD/TC4xx/Tricore/Cpu/Std/IfxCpu_IntrinsicsGcc.h **** {
 100:../Libraries/iLLD/TC4xx/Tricore/Cpu/Std/IfxCpu_IntrinsicsGcc.h **** 	__asm__ volatile ("ji %a11");
 101:../Libraries/iLLD/TC4xx/Tricore/Cpu/Std/IfxCpu_IntrinsicsGcc.h **** }
 102:../Libraries/iLLD/TC4xx/Tricore/Cpu/Std/IfxCpu_IntrinsicsGcc.h **** 
 103:../Libraries/iLLD/TC4xx/Tricore/Cpu/Std/IfxCpu_IntrinsicsGcc.h **** /** Function to copy 128 bit data from source to destination
 104:../Libraries/iLLD/TC4xx/Tricore/Cpu/Std/IfxCpu_IntrinsicsGcc.h ****  * Addresses must be 128 bit aligned.
 105:../Libraries/iLLD/TC4xx/Tricore/Cpu/Std/IfxCpu_IntrinsicsGcc.h ****  */
 106:../Libraries/iLLD/TC4xx/Tricore/Cpu/Std/IfxCpu_IntrinsicsGcc.h **** IFX_INLINE void Ifx__copyDoubleDouble(volatile uint32 *src, volatile uint32 *dst)
 107:../Libraries/iLLD/TC4xx/Tricore/Cpu/Std/IfxCpu_IntrinsicsGcc.h **** {
 108:../Libraries/iLLD/TC4xx/Tricore/Cpu/Std/IfxCpu_IntrinsicsGcc.h ****     __asm__ ("\t ld.d %%e0, [%0] 0 \n"
 109:../Libraries/iLLD/TC4xx/Tricore/Cpu/Std/IfxCpu_IntrinsicsGcc.h ****              "\t st.d [%1] 0, %%e0 \n"
 110:../Libraries/iLLD/TC4xx/Tricore/Cpu/Std/IfxCpu_IntrinsicsGcc.h ****              "\t ld.d %%e0, [%0] 8 \n"
 111:../Libraries/iLLD/TC4xx/Tricore/Cpu/Std/IfxCpu_IntrinsicsGcc.h ****              "\t st.d [%1] 8, %%e0 \n"
 112:../Libraries/iLLD/TC4xx/Tricore/Cpu/Std/IfxCpu_IntrinsicsGcc.h ****              ::"a" (src), "a" (dst):);
 113:../Libraries/iLLD/TC4xx/Tricore/Cpu/Std/IfxCpu_IntrinsicsGcc.h **** }
 114:../Libraries/iLLD/TC4xx/Tricore/Cpu/Std/IfxCpu_IntrinsicsGcc.h **** 
 115:../Libraries/iLLD/TC4xx/Tricore/Cpu/Std/IfxCpu_IntrinsicsGcc.h **** /** \defgroup IfxLld_Cpu_Intrinsics_Gnuc_any_type Cross type arithmetic operation
 116:../Libraries/iLLD/TC4xx/Tricore/Cpu/Std/IfxCpu_IntrinsicsGcc.h ****  *
 117:../Libraries/iLLD/TC4xx/Tricore/Cpu/Std/IfxCpu_IntrinsicsGcc.h ****  * Macro compatible with float, fix point, signed integer and unsigned integer
 118:../Libraries/iLLD/TC4xx/Tricore/Cpu/Std/IfxCpu_IntrinsicsGcc.h ****  *
 119:../Libraries/iLLD/TC4xx/Tricore/Cpu/Std/IfxCpu_IntrinsicsGcc.h ****  * \ingroup IfxLld_Cpu_Intrinsics_Gnuc
 120:../Libraries/iLLD/TC4xx/Tricore/Cpu/Std/IfxCpu_IntrinsicsGcc.h ****  * \{
 121:../Libraries/iLLD/TC4xx/Tricore/Cpu/Std/IfxCpu_IntrinsicsGcc.h ****  */
 122:../Libraries/iLLD/TC4xx/Tricore/Cpu/Std/IfxCpu_IntrinsicsGcc.h **** #define Ifx__minX(X,Y)                     ( ((X) < (Y)) ? (X) : (Y) )
 123:../Libraries/iLLD/TC4xx/Tricore/Cpu/Std/IfxCpu_IntrinsicsGcc.h **** #define Ifx__maxX(X,Y)                     ( ((X) > (Y)) ? (X) : (Y) )
 124:../Libraries/iLLD/TC4xx/Tricore/Cpu/Std/IfxCpu_IntrinsicsGcc.h **** #define Ifx__saturateX(X,Min,Max)          ( Ifx__minX(Ifx__maxX(X, Min), Max) )
 125:../Libraries/iLLD/TC4xx/Tricore/Cpu/Std/IfxCpu_IntrinsicsGcc.h **** #define Ifx__checkrangeX(X,Min,Max)        (((X) >= (Min)) && ((X) <= (Max)))
 126:../Libraries/iLLD/TC4xx/Tricore/Cpu/Std/IfxCpu_IntrinsicsGcc.h **** /** \} */
 127:../Libraries/iLLD/TC4xx/Tricore/Cpu/Std/IfxCpu_IntrinsicsGcc.h **** 
 128:../Libraries/iLLD/TC4xx/Tricore/Cpu/Std/IfxCpu_IntrinsicsGcc.h **** /** \defgroup IfxLld_Cpu_Intrinsics_Gnuc_singed_integer Signed integer operation
 129:../Libraries/iLLD/TC4xx/Tricore/Cpu/Std/IfxCpu_IntrinsicsGcc.h ****  * \ingroup IfxLld_Cpu_Intrinsics_Gnuc
 130:../Libraries/iLLD/TC4xx/Tricore/Cpu/Std/IfxCpu_IntrinsicsGcc.h ****  * \{
 131:../Libraries/iLLD/TC4xx/Tricore/Cpu/Std/IfxCpu_IntrinsicsGcc.h ****  */
 132:../Libraries/iLLD/TC4xx/Tricore/Cpu/Std/IfxCpu_IntrinsicsGcc.h **** #define Ifx__saturate(X,Min,Max)           ( Ifx__min(Ifx__max(X, Min), Max) )
 133:../Libraries/iLLD/TC4xx/Tricore/Cpu/Std/IfxCpu_IntrinsicsGcc.h **** /** \} */
 134:../Libraries/iLLD/TC4xx/Tricore/Cpu/Std/IfxCpu_IntrinsicsGcc.h **** 
 135:../Libraries/iLLD/TC4xx/Tricore/Cpu/Std/IfxCpu_IntrinsicsGcc.h **** /** \defgroup IfxLld_Cpu_Intrinsics_Gnuc_unsinged_integer Unsigned integer operation
 136:../Libraries/iLLD/TC4xx/Tricore/Cpu/Std/IfxCpu_IntrinsicsGcc.h ****  * \ingroup IfxLld_Cpu_Intrinsics_Gnuc
 137:../Libraries/iLLD/TC4xx/Tricore/Cpu/Std/IfxCpu_IntrinsicsGcc.h ****  * \{
 138:../Libraries/iLLD/TC4xx/Tricore/Cpu/Std/IfxCpu_IntrinsicsGcc.h ****  */
 139:../Libraries/iLLD/TC4xx/Tricore/Cpu/Std/IfxCpu_IntrinsicsGcc.h **** #define Ifx__saturateu(X,Min,Max)           ( Ifx__minu(Ifx__maxu(X, Min), Max) )
 140:../Libraries/iLLD/TC4xx/Tricore/Cpu/Std/IfxCpu_IntrinsicsGcc.h **** /** \} */
 141:../Libraries/iLLD/TC4xx/Tricore/Cpu/Std/IfxCpu_IntrinsicsGcc.h **** 
 142:../Libraries/iLLD/TC4xx/Tricore/Cpu/Std/IfxCpu_IntrinsicsGcc.h **** /** \defgroup IfxLld_Cpu_Intrinsics_Gnucmin_max Minimum and Maximum of (sint16) Integers
 143:../Libraries/iLLD/TC4xx/Tricore/Cpu/Std/IfxCpu_IntrinsicsGcc.h ****  These intrinsic functions return the minimum or maximum of a sint16, uint16 or sint16
 144:../Libraries/iLLD/TC4xx/Tricore/Cpu/Std/IfxCpu_IntrinsicsGcc.h ****  * \ingroup IfxLld_Cpu_Intrinsics_Gnuc
 145:../Libraries/iLLD/TC4xx/Tricore/Cpu/Std/IfxCpu_IntrinsicsGcc.h ****  * \{
 146:../Libraries/iLLD/TC4xx/Tricore/Cpu/Std/IfxCpu_IntrinsicsGcc.h ****  */
 147:../Libraries/iLLD/TC4xx/Tricore/Cpu/Std/IfxCpu_IntrinsicsGcc.h **** 
 148:../Libraries/iLLD/TC4xx/Tricore/Cpu/Std/IfxCpu_IntrinsicsGcc.h **** /** Return maximum of two integers
 149:../Libraries/iLLD/TC4xx/Tricore/Cpu/Std/IfxCpu_IntrinsicsGcc.h ****  */
 150:../Libraries/iLLD/TC4xx/Tricore/Cpu/Std/IfxCpu_IntrinsicsGcc.h **** IFX_INLINE sint32 Ifx__max(sint32 a, sint32 b)
 151:../Libraries/iLLD/TC4xx/Tricore/Cpu/Std/IfxCpu_IntrinsicsGcc.h **** {
 152:../Libraries/iLLD/TC4xx/Tricore/Cpu/Std/IfxCpu_IntrinsicsGcc.h ****     sint32 res;
 153:../Libraries/iLLD/TC4xx/Tricore/Cpu/Std/IfxCpu_IntrinsicsGcc.h ****     __asm__ volatile ("max %0, %1, %2": "=d" (res) : "d" (a), "d" (b));
 154:../Libraries/iLLD/TC4xx/Tricore/Cpu/Std/IfxCpu_IntrinsicsGcc.h ****     return res;
 155:../Libraries/iLLD/TC4xx/Tricore/Cpu/Std/IfxCpu_IntrinsicsGcc.h **** }
 156:../Libraries/iLLD/TC4xx/Tricore/Cpu/Std/IfxCpu_IntrinsicsGcc.h **** 
 157:../Libraries/iLLD/TC4xx/Tricore/Cpu/Std/IfxCpu_IntrinsicsGcc.h **** /** Return maximum of two sint16
 158:../Libraries/iLLD/TC4xx/Tricore/Cpu/Std/IfxCpu_IntrinsicsGcc.h ****  */
 159:../Libraries/iLLD/TC4xx/Tricore/Cpu/Std/IfxCpu_IntrinsicsGcc.h **** IFX_INLINE sint32 Ifx__maxs(sint16 a, sint16 b)
 160:../Libraries/iLLD/TC4xx/Tricore/Cpu/Std/IfxCpu_IntrinsicsGcc.h **** {
 161:../Libraries/iLLD/TC4xx/Tricore/Cpu/Std/IfxCpu_IntrinsicsGcc.h ****     sint32 res;
 162:../Libraries/iLLD/TC4xx/Tricore/Cpu/Std/IfxCpu_IntrinsicsGcc.h ****     __asm__ volatile ("max.h %0, %1, %2": "=d" (res) : "d" (a), "d" (b));
 163:../Libraries/iLLD/TC4xx/Tricore/Cpu/Std/IfxCpu_IntrinsicsGcc.h ****     return res;
 164:../Libraries/iLLD/TC4xx/Tricore/Cpu/Std/IfxCpu_IntrinsicsGcc.h **** }
 165:../Libraries/iLLD/TC4xx/Tricore/Cpu/Std/IfxCpu_IntrinsicsGcc.h **** /** Return maximum of two unsigned integers
 166:../Libraries/iLLD/TC4xx/Tricore/Cpu/Std/IfxCpu_IntrinsicsGcc.h ****  */
 167:../Libraries/iLLD/TC4xx/Tricore/Cpu/Std/IfxCpu_IntrinsicsGcc.h **** IFX_INLINE uint32 Ifx__maxu(uint32 a, uint32 b)
 168:../Libraries/iLLD/TC4xx/Tricore/Cpu/Std/IfxCpu_IntrinsicsGcc.h **** {
 169:../Libraries/iLLD/TC4xx/Tricore/Cpu/Std/IfxCpu_IntrinsicsGcc.h ****     uint32 res;
 170:../Libraries/iLLD/TC4xx/Tricore/Cpu/Std/IfxCpu_IntrinsicsGcc.h ****     __asm__ volatile ("max.u %0, %1, %2": "=d" (res) : "d" (a), "d" (b));
 171:../Libraries/iLLD/TC4xx/Tricore/Cpu/Std/IfxCpu_IntrinsicsGcc.h ****     return res;
 172:../Libraries/iLLD/TC4xx/Tricore/Cpu/Std/IfxCpu_IntrinsicsGcc.h **** }
 173:../Libraries/iLLD/TC4xx/Tricore/Cpu/Std/IfxCpu_IntrinsicsGcc.h **** 
 174:../Libraries/iLLD/TC4xx/Tricore/Cpu/Std/IfxCpu_IntrinsicsGcc.h **** /** Return minimum of two integers
 175:../Libraries/iLLD/TC4xx/Tricore/Cpu/Std/IfxCpu_IntrinsicsGcc.h ****  */
 176:../Libraries/iLLD/TC4xx/Tricore/Cpu/Std/IfxCpu_IntrinsicsGcc.h **** IFX_INLINE sint32 Ifx__min(sint32 a, sint32 b)
 177:../Libraries/iLLD/TC4xx/Tricore/Cpu/Std/IfxCpu_IntrinsicsGcc.h **** {
 178:../Libraries/iLLD/TC4xx/Tricore/Cpu/Std/IfxCpu_IntrinsicsGcc.h ****     sint32 res;
 179:../Libraries/iLLD/TC4xx/Tricore/Cpu/Std/IfxCpu_IntrinsicsGcc.h ****     __asm__ volatile ("min %0, %1, %2": "=d" (res) : "d" (a), "d" (b));
 180:../Libraries/iLLD/TC4xx/Tricore/Cpu/Std/IfxCpu_IntrinsicsGcc.h ****     return res;
 181:../Libraries/iLLD/TC4xx/Tricore/Cpu/Std/IfxCpu_IntrinsicsGcc.h **** }
 182:../Libraries/iLLD/TC4xx/Tricore/Cpu/Std/IfxCpu_IntrinsicsGcc.h **** 
 183:../Libraries/iLLD/TC4xx/Tricore/Cpu/Std/IfxCpu_IntrinsicsGcc.h **** /** Return minimum of two sint16
 184:../Libraries/iLLD/TC4xx/Tricore/Cpu/Std/IfxCpu_IntrinsicsGcc.h ****  */
 185:../Libraries/iLLD/TC4xx/Tricore/Cpu/Std/IfxCpu_IntrinsicsGcc.h **** IFX_INLINE sint16 Ifx__mins(sint16 a, sint16 b)
 186:../Libraries/iLLD/TC4xx/Tricore/Cpu/Std/IfxCpu_IntrinsicsGcc.h **** {
 187:../Libraries/iLLD/TC4xx/Tricore/Cpu/Std/IfxCpu_IntrinsicsGcc.h ****     sint16 res;
 188:../Libraries/iLLD/TC4xx/Tricore/Cpu/Std/IfxCpu_IntrinsicsGcc.h ****     __asm__ volatile ("min.h %0, %1, %2": "=d" (res) : "d" (a), "d" (b));
 189:../Libraries/iLLD/TC4xx/Tricore/Cpu/Std/IfxCpu_IntrinsicsGcc.h ****     return res;
 190:../Libraries/iLLD/TC4xx/Tricore/Cpu/Std/IfxCpu_IntrinsicsGcc.h **** }
 191:../Libraries/iLLD/TC4xx/Tricore/Cpu/Std/IfxCpu_IntrinsicsGcc.h **** 
 192:../Libraries/iLLD/TC4xx/Tricore/Cpu/Std/IfxCpu_IntrinsicsGcc.h **** /** Return minimum of two unsigned integers
 193:../Libraries/iLLD/TC4xx/Tricore/Cpu/Std/IfxCpu_IntrinsicsGcc.h ****  */
 194:../Libraries/iLLD/TC4xx/Tricore/Cpu/Std/IfxCpu_IntrinsicsGcc.h **** IFX_INLINE uint32 Ifx__minu(uint32 a, uint32 b)
 195:../Libraries/iLLD/TC4xx/Tricore/Cpu/Std/IfxCpu_IntrinsicsGcc.h **** {
 196:../Libraries/iLLD/TC4xx/Tricore/Cpu/Std/IfxCpu_IntrinsicsGcc.h ****     uint32 res;
 197:../Libraries/iLLD/TC4xx/Tricore/Cpu/Std/IfxCpu_IntrinsicsGcc.h ****     __asm__ volatile ("min.u %0, %1, %2": "=d" (res) : "d" (a), "d" (b));
 198:../Libraries/iLLD/TC4xx/Tricore/Cpu/Std/IfxCpu_IntrinsicsGcc.h ****     return res;
 199:../Libraries/iLLD/TC4xx/Tricore/Cpu/Std/IfxCpu_IntrinsicsGcc.h **** }
 200:../Libraries/iLLD/TC4xx/Tricore/Cpu/Std/IfxCpu_IntrinsicsGcc.h **** 
 201:../Libraries/iLLD/TC4xx/Tricore/Cpu/Std/IfxCpu_IntrinsicsGcc.h **** /** \} */
 202:../Libraries/iLLD/TC4xx/Tricore/Cpu/Std/IfxCpu_IntrinsicsGcc.h **** 
 203:../Libraries/iLLD/TC4xx/Tricore/Cpu/Std/IfxCpu_IntrinsicsGcc.h **** /** \defgroup intrinsicsgnuc_float Floating point operation
 204:../Libraries/iLLD/TC4xx/Tricore/Cpu/Std/IfxCpu_IntrinsicsGcc.h ****  * \ingroup IfxLld_Cpu_Intrinsics_Gnuc
 205:../Libraries/iLLD/TC4xx/Tricore/Cpu/Std/IfxCpu_IntrinsicsGcc.h ****  * \{
 206:../Libraries/iLLD/TC4xx/Tricore/Cpu/Std/IfxCpu_IntrinsicsGcc.h ****  */
 207:../Libraries/iLLD/TC4xx/Tricore/Cpu/Std/IfxCpu_IntrinsicsGcc.h **** 
 208:../Libraries/iLLD/TC4xx/Tricore/Cpu/Std/IfxCpu_IntrinsicsGcc.h **** #define Ifx__sqrf(X)                       ((X) * (X))
 209:../Libraries/iLLD/TC4xx/Tricore/Cpu/Std/IfxCpu_IntrinsicsGcc.h **** #define Ifx__sqrtf(X)                      sqrtf(X)
 210:../Libraries/iLLD/TC4xx/Tricore/Cpu/Std/IfxCpu_IntrinsicsGcc.h **** #define Ifx__checkrange(X,Min,Max)         (((X) >= (Min)) && ((X) <= (Max)))
 211:../Libraries/iLLD/TC4xx/Tricore/Cpu/Std/IfxCpu_IntrinsicsGcc.h **** 
 212:../Libraries/iLLD/TC4xx/Tricore/Cpu/Std/IfxCpu_IntrinsicsGcc.h **** #define Ifx__roundf(X)                     ((((X) - (sint32)(X)) > 0.5f) ? (1 + (sint32)(X)) : ((si
 213:../Libraries/iLLD/TC4xx/Tricore/Cpu/Std/IfxCpu_IntrinsicsGcc.h **** #define Ifx__absf(X)                       ( ((X) < 0.0f) ? -(X) : (X) )
 214:../Libraries/iLLD/TC4xx/Tricore/Cpu/Std/IfxCpu_IntrinsicsGcc.h **** #define Ifx__minf(X,Y)                     ( ((X) < (Y)) ? (X) : (Y) )
 215:../Libraries/iLLD/TC4xx/Tricore/Cpu/Std/IfxCpu_IntrinsicsGcc.h **** #define Ifx__maxf(X,Y)                     ( ((X) > (Y)) ? (X) : (Y) )
 216:../Libraries/iLLD/TC4xx/Tricore/Cpu/Std/IfxCpu_IntrinsicsGcc.h **** #define Ifx__saturatef(X,Min,Max)          ( Ifx__minf(Ifx__maxf(X, Min), Max) )
 217:../Libraries/iLLD/TC4xx/Tricore/Cpu/Std/IfxCpu_IntrinsicsGcc.h **** #define Ifx__checkrangef(X,Min,Max)        (((X) >= (Min)) && ((X) <= (Max)))
 218:../Libraries/iLLD/TC4xx/Tricore/Cpu/Std/IfxCpu_IntrinsicsGcc.h **** 
 219:../Libraries/iLLD/TC4xx/Tricore/Cpu/Std/IfxCpu_IntrinsicsGcc.h **** #define Ifx__abs_stdreal(X)                ( ((X) > 0.0f) ? (X) : -(X) )
 220:../Libraries/iLLD/TC4xx/Tricore/Cpu/Std/IfxCpu_IntrinsicsGcc.h **** #define Ifx__min_stdreal(X,Y)              ( ((X) < (Y)) ? (X) : (Y) )
 221:../Libraries/iLLD/TC4xx/Tricore/Cpu/Std/IfxCpu_IntrinsicsGcc.h **** #define Ifx__max_stdreal(X,Y)              ( ((X) > (Y)) ? (X) : (Y) )
 222:../Libraries/iLLD/TC4xx/Tricore/Cpu/Std/IfxCpu_IntrinsicsGcc.h **** #define Ifx__saturate_stdreal(X,Min,Max)   ( Ifx__min_stdreal(Ifx__max_stdreal(X, Min), Max) )
 223:../Libraries/iLLD/TC4xx/Tricore/Cpu/Std/IfxCpu_IntrinsicsGcc.h **** 
 224:../Libraries/iLLD/TC4xx/Tricore/Cpu/Std/IfxCpu_IntrinsicsGcc.h **** #define Ifx__neqf(X,Y)                     ( ((X) > (Y)) ||  ((X) < (Y)) )     /**< X != Y */
 225:../Libraries/iLLD/TC4xx/Tricore/Cpu/Std/IfxCpu_IntrinsicsGcc.h **** #define Ifx__leqf(X,Y)                     ( !((X) > (Y)) )     /**< X <= Y */
 226:../Libraries/iLLD/TC4xx/Tricore/Cpu/Std/IfxCpu_IntrinsicsGcc.h **** #define Ifx__geqf(X,Y)                     ( !((X) < (Y)) )     /**< X >= Y */
 227:../Libraries/iLLD/TC4xx/Tricore/Cpu/Std/IfxCpu_IntrinsicsGcc.h **** /** \} */
 228:../Libraries/iLLD/TC4xx/Tricore/Cpu/Std/IfxCpu_IntrinsicsGcc.h **** 
 229:../Libraries/iLLD/TC4xx/Tricore/Cpu/Std/IfxCpu_IntrinsicsGcc.h **** /** \defgroup IfxLld_Cpu_Intrinsics_Gnucfractional Fractional Arithmetic Support
 230:../Libraries/iLLD/TC4xx/Tricore/Cpu/Std/IfxCpu_IntrinsicsGcc.h ****  The next table provides an overview of intrinsic functions to convert fractional values. Note that
 231:../Libraries/iLLD/TC4xx/Tricore/Cpu/Std/IfxCpu_IntrinsicsGcc.h ****  TASKING VX-toolset C compiler for TriCore fully supports the fractional type so normally you shoul
 232:../Libraries/iLLD/TC4xx/Tricore/Cpu/Std/IfxCpu_IntrinsicsGcc.h ****  need these intrinsic functions (except for __mulfractlong). For compatibility reasons the TASKING 
 233:../Libraries/iLLD/TC4xx/Tricore/Cpu/Std/IfxCpu_IntrinsicsGcc.h ****  compiler does support these functions.
 234:../Libraries/iLLD/TC4xx/Tricore/Cpu/Std/IfxCpu_IntrinsicsGcc.h ****  * \ingroup IfxLld_Cpu_Intrinsics_Gnuc
 235:../Libraries/iLLD/TC4xx/Tricore/Cpu/Std/IfxCpu_IntrinsicsGcc.h ****  * \{
 236:../Libraries/iLLD/TC4xx/Tricore/Cpu/Std/IfxCpu_IntrinsicsGcc.h ****  */
 237:../Libraries/iLLD/TC4xx/Tricore/Cpu/Std/IfxCpu_IntrinsicsGcc.h **** 
 238:../Libraries/iLLD/TC4xx/Tricore/Cpu/Std/IfxCpu_IntrinsicsGcc.h **** /** Count the consecutive number of bits that have the same value as bit 15 of an sfract
 239:../Libraries/iLLD/TC4xx/Tricore/Cpu/Std/IfxCpu_IntrinsicsGcc.h ****  */
 240:../Libraries/iLLD/TC4xx/Tricore/Cpu/Std/IfxCpu_IntrinsicsGcc.h **** IFX_INLINE sint16 Ifx__clssf(sfract a)
 241:../Libraries/iLLD/TC4xx/Tricore/Cpu/Std/IfxCpu_IntrinsicsGcc.h **** {
 242:../Libraries/iLLD/TC4xx/Tricore/Cpu/Std/IfxCpu_IntrinsicsGcc.h ****     sint16 res;
 243:../Libraries/iLLD/TC4xx/Tricore/Cpu/Std/IfxCpu_IntrinsicsGcc.h ****     __asm__ volatile ("sh  %1,%1,16    \n\
 244:../Libraries/iLLD/TC4xx/Tricore/Cpu/Std/IfxCpu_IntrinsicsGcc.h ****                       cls  %0,%1":"=d"(res):"d"(a):"memory");
 245:../Libraries/iLLD/TC4xx/Tricore/Cpu/Std/IfxCpu_IntrinsicsGcc.h ****     return res;
 246:../Libraries/iLLD/TC4xx/Tricore/Cpu/Std/IfxCpu_IntrinsicsGcc.h **** }
 247:../Libraries/iLLD/TC4xx/Tricore/Cpu/Std/IfxCpu_IntrinsicsGcc.h **** 
 248:../Libraries/iLLD/TC4xx/Tricore/Cpu/Std/IfxCpu_IntrinsicsGcc.h **** /** Convert fract to float
 249:../Libraries/iLLD/TC4xx/Tricore/Cpu/Std/IfxCpu_IntrinsicsGcc.h ****  */
 250:../Libraries/iLLD/TC4xx/Tricore/Cpu/Std/IfxCpu_IntrinsicsGcc.h **** IFX_INLINE float Ifx__fract_to_float(fract a)
 251:../Libraries/iLLD/TC4xx/Tricore/Cpu/Std/IfxCpu_IntrinsicsGcc.h **** {
 252:../Libraries/iLLD/TC4xx/Tricore/Cpu/Std/IfxCpu_IntrinsicsGcc.h ****     float res;
 253:../Libraries/iLLD/TC4xx/Tricore/Cpu/Std/IfxCpu_IntrinsicsGcc.h ****     __asm__ volatile ("q31tof  %0,%1,%2":"=d"(res):"d"(a), "d"(0):"memory");
 254:../Libraries/iLLD/TC4xx/Tricore/Cpu/Std/IfxCpu_IntrinsicsGcc.h ****     return res;
 255:../Libraries/iLLD/TC4xx/Tricore/Cpu/Std/IfxCpu_IntrinsicsGcc.h **** }
 256:../Libraries/iLLD/TC4xx/Tricore/Cpu/Std/IfxCpu_IntrinsicsGcc.h **** 
 257:../Libraries/iLLD/TC4xx/Tricore/Cpu/Std/IfxCpu_IntrinsicsGcc.h **** /** Convert float to fract
 258:../Libraries/iLLD/TC4xx/Tricore/Cpu/Std/IfxCpu_IntrinsicsGcc.h ****  */
 259:../Libraries/iLLD/TC4xx/Tricore/Cpu/Std/IfxCpu_IntrinsicsGcc.h **** IFX_INLINE fract Ifx__float_to_fract(float a)
 260:../Libraries/iLLD/TC4xx/Tricore/Cpu/Std/IfxCpu_IntrinsicsGcc.h **** {
 261:../Libraries/iLLD/TC4xx/Tricore/Cpu/Std/IfxCpu_IntrinsicsGcc.h ****     fract res;
 262:../Libraries/iLLD/TC4xx/Tricore/Cpu/Std/IfxCpu_IntrinsicsGcc.h ****     __asm__ volatile ("ftoq31  %0,%1,%2":"=d"(res):"d"(a), "d"(0):"memory");
 263:../Libraries/iLLD/TC4xx/Tricore/Cpu/Std/IfxCpu_IntrinsicsGcc.h ****     return res;
 264:../Libraries/iLLD/TC4xx/Tricore/Cpu/Std/IfxCpu_IntrinsicsGcc.h **** }
 265:../Libraries/iLLD/TC4xx/Tricore/Cpu/Std/IfxCpu_IntrinsicsGcc.h **** 
 266:../Libraries/iLLD/TC4xx/Tricore/Cpu/Std/IfxCpu_IntrinsicsGcc.h **** /** Convert fract to sfract
 267:../Libraries/iLLD/TC4xx/Tricore/Cpu/Std/IfxCpu_IntrinsicsGcc.h ****  */
 268:../Libraries/iLLD/TC4xx/Tricore/Cpu/Std/IfxCpu_IntrinsicsGcc.h **** IFX_INLINE sfract Ifx__fract_to_sfract(fract a)
 269:../Libraries/iLLD/TC4xx/Tricore/Cpu/Std/IfxCpu_IntrinsicsGcc.h **** {
 270:../Libraries/iLLD/TC4xx/Tricore/Cpu/Std/IfxCpu_IntrinsicsGcc.h ****     sfract res;
 271:../Libraries/iLLD/TC4xx/Tricore/Cpu/Std/IfxCpu_IntrinsicsGcc.h ****     __asm__ volatile ("mov.u  %0,0x8000        \n\
 272:../Libraries/iLLD/TC4xx/Tricore/Cpu/Std/IfxCpu_IntrinsicsGcc.h ****                     adds  %0,%1              \n\
 273:../Libraries/iLLD/TC4xx/Tricore/Cpu/Std/IfxCpu_IntrinsicsGcc.h ****                     extr  %0,%0,0x10,0x10 "
 274:../Libraries/iLLD/TC4xx/Tricore/Cpu/Std/IfxCpu_IntrinsicsGcc.h ****                       :"=&d"(res):"d"(a):"memory");
 275:../Libraries/iLLD/TC4xx/Tricore/Cpu/Std/IfxCpu_IntrinsicsGcc.h ****     return res;
 276:../Libraries/iLLD/TC4xx/Tricore/Cpu/Std/IfxCpu_IntrinsicsGcc.h **** }
 277:../Libraries/iLLD/TC4xx/Tricore/Cpu/Std/IfxCpu_IntrinsicsGcc.h **** 
 278:../Libraries/iLLD/TC4xx/Tricore/Cpu/Std/IfxCpu_IntrinsicsGcc.h **** /** Convert float to sfract
 279:../Libraries/iLLD/TC4xx/Tricore/Cpu/Std/IfxCpu_IntrinsicsGcc.h ****  */
 280:../Libraries/iLLD/TC4xx/Tricore/Cpu/Std/IfxCpu_IntrinsicsGcc.h **** IFX_INLINE sfract Ifx__float_to_sfract(float a)
 281:../Libraries/iLLD/TC4xx/Tricore/Cpu/Std/IfxCpu_IntrinsicsGcc.h **** {
 282:../Libraries/iLLD/TC4xx/Tricore/Cpu/Std/IfxCpu_IntrinsicsGcc.h ****     fract tmp = Ifx__float_to_fract(a);
 283:../Libraries/iLLD/TC4xx/Tricore/Cpu/Std/IfxCpu_IntrinsicsGcc.h ****     return Ifx__fract_to_sfract(tmp);
 284:../Libraries/iLLD/TC4xx/Tricore/Cpu/Std/IfxCpu_IntrinsicsGcc.h **** }
 285:../Libraries/iLLD/TC4xx/Tricore/Cpu/Std/IfxCpu_IntrinsicsGcc.h **** 
 286:../Libraries/iLLD/TC4xx/Tricore/Cpu/Std/IfxCpu_IntrinsicsGcc.h **** /** Convert laccum to fract
 287:../Libraries/iLLD/TC4xx/Tricore/Cpu/Std/IfxCpu_IntrinsicsGcc.h ****  */
 288:../Libraries/iLLD/TC4xx/Tricore/Cpu/Std/IfxCpu_IntrinsicsGcc.h **** IFX_INLINE fract Ifx__getfract(laccum a)
 289:../Libraries/iLLD/TC4xx/Tricore/Cpu/Std/IfxCpu_IntrinsicsGcc.h **** {
 290:../Libraries/iLLD/TC4xx/Tricore/Cpu/Std/IfxCpu_IntrinsicsGcc.h ****     fract res;
 291:../Libraries/iLLD/TC4xx/Tricore/Cpu/Std/IfxCpu_IntrinsicsGcc.h ****     __asm__ volatile ("dextr  %0,%H1,%L1,0x11":"=&d" (res):"d" (a):"memory");
 292:../Libraries/iLLD/TC4xx/Tricore/Cpu/Std/IfxCpu_IntrinsicsGcc.h ****     return res;
 293:../Libraries/iLLD/TC4xx/Tricore/Cpu/Std/IfxCpu_IntrinsicsGcc.h **** }
 294:../Libraries/iLLD/TC4xx/Tricore/Cpu/Std/IfxCpu_IntrinsicsGcc.h **** 
 295:../Libraries/iLLD/TC4xx/Tricore/Cpu/Std/IfxCpu_IntrinsicsGcc.h **** /** Multiply-add with rounding. Returns the rounded result of ( a + b * c )
 296:../Libraries/iLLD/TC4xx/Tricore/Cpu/Std/IfxCpu_IntrinsicsGcc.h ****  */
 297:../Libraries/iLLD/TC4xx/Tricore/Cpu/Std/IfxCpu_IntrinsicsGcc.h **** IFX_INLINE sfract Ifx__mac_r_sf(sfract a, sfract b, sfract c)
 298:../Libraries/iLLD/TC4xx/Tricore/Cpu/Std/IfxCpu_IntrinsicsGcc.h **** {
 299:../Libraries/iLLD/TC4xx/Tricore/Cpu/Std/IfxCpu_IntrinsicsGcc.h ****     sfract res;
 300:../Libraries/iLLD/TC4xx/Tricore/Cpu/Std/IfxCpu_IntrinsicsGcc.h ****     __asm__ volatile ("sh  %1,%1,16        \n\
 301:../Libraries/iLLD/TC4xx/Tricore/Cpu/Std/IfxCpu_IntrinsicsGcc.h ****                        maddrs.q  %0,%1,%2L,%3L,1        \n\
 302:../Libraries/iLLD/TC4xx/Tricore/Cpu/Std/IfxCpu_IntrinsicsGcc.h ****                        sh %0,%0,-16":"=d"(res):"d"(a), "d"(b), "d"(c):"memory");
 303:../Libraries/iLLD/TC4xx/Tricore/Cpu/Std/IfxCpu_IntrinsicsGcc.h ****     return res;
 304:../Libraries/iLLD/TC4xx/Tricore/Cpu/Std/IfxCpu_IntrinsicsGcc.h **** }
 305:../Libraries/iLLD/TC4xx/Tricore/Cpu/Std/IfxCpu_IntrinsicsGcc.h **** 
 306:../Libraries/iLLD/TC4xx/Tricore/Cpu/Std/IfxCpu_IntrinsicsGcc.h **** /** Multiply-add sfract. Returns ( a + b * c )
 307:../Libraries/iLLD/TC4xx/Tricore/Cpu/Std/IfxCpu_IntrinsicsGcc.h ****  */
 308:../Libraries/iLLD/TC4xx/Tricore/Cpu/Std/IfxCpu_IntrinsicsGcc.h **** IFX_INLINE sfract Ifx__mac_sf(sfract a, sfract b, sfract c)
 309:../Libraries/iLLD/TC4xx/Tricore/Cpu/Std/IfxCpu_IntrinsicsGcc.h **** {
 310:../Libraries/iLLD/TC4xx/Tricore/Cpu/Std/IfxCpu_IntrinsicsGcc.h ****     sfract res;
 311:../Libraries/iLLD/TC4xx/Tricore/Cpu/Std/IfxCpu_IntrinsicsGcc.h ****     __asm__ volatile ("sh  %1,%1,16        \n\
 312:../Libraries/iLLD/TC4xx/Tricore/Cpu/Std/IfxCpu_IntrinsicsGcc.h ****                       madds.q  %0,%1,%2L,%3L,1        \n\
 313:../Libraries/iLLD/TC4xx/Tricore/Cpu/Std/IfxCpu_IntrinsicsGcc.h ****                       sh %0,%0,-16":"=d"(res):"d"(a), "d"(b), "d"(c):"memory");
 314:../Libraries/iLLD/TC4xx/Tricore/Cpu/Std/IfxCpu_IntrinsicsGcc.h ****     return res;
 315:../Libraries/iLLD/TC4xx/Tricore/Cpu/Std/IfxCpu_IntrinsicsGcc.h **** }
 316:../Libraries/iLLD/TC4xx/Tricore/Cpu/Std/IfxCpu_IntrinsicsGcc.h **** 
 317:../Libraries/iLLD/TC4xx/Tricore/Cpu/Std/IfxCpu_IntrinsicsGcc.h **** /** Integer part of the multiplication of a fract and a fract
 318:../Libraries/iLLD/TC4xx/Tricore/Cpu/Std/IfxCpu_IntrinsicsGcc.h ****  */
 319:../Libraries/iLLD/TC4xx/Tricore/Cpu/Std/IfxCpu_IntrinsicsGcc.h **** IFX_INLINE long Ifx__mulfractfract(fract a, fract b)
 320:../Libraries/iLLD/TC4xx/Tricore/Cpu/Std/IfxCpu_IntrinsicsGcc.h **** {
 321:../Libraries/iLLD/TC4xx/Tricore/Cpu/Std/IfxCpu_IntrinsicsGcc.h ****     long res;
 322:../Libraries/iLLD/TC4xx/Tricore/Cpu/Std/IfxCpu_IntrinsicsGcc.h ****     __asm__ volatile ("mul.q %0,%1,%2,1":"=d"(res):"d"(a), "d"(b):"memory");
 323:../Libraries/iLLD/TC4xx/Tricore/Cpu/Std/IfxCpu_IntrinsicsGcc.h ****     return res;
 324:../Libraries/iLLD/TC4xx/Tricore/Cpu/Std/IfxCpu_IntrinsicsGcc.h **** }
 325:../Libraries/iLLD/TC4xx/Tricore/Cpu/Std/IfxCpu_IntrinsicsGcc.h **** 
 326:../Libraries/iLLD/TC4xx/Tricore/Cpu/Std/IfxCpu_IntrinsicsGcc.h **** /** Integer part of the multiplication of a fract and a long
 327:../Libraries/iLLD/TC4xx/Tricore/Cpu/Std/IfxCpu_IntrinsicsGcc.h ****  */
 328:../Libraries/iLLD/TC4xx/Tricore/Cpu/Std/IfxCpu_IntrinsicsGcc.h **** IFX_INLINE long Ifx__mulfractlong(fract a, long b)
 329:../Libraries/iLLD/TC4xx/Tricore/Cpu/Std/IfxCpu_IntrinsicsGcc.h **** {
 330:../Libraries/iLLD/TC4xx/Tricore/Cpu/Std/IfxCpu_IntrinsicsGcc.h ****     long res;
 331:../Libraries/iLLD/TC4xx/Tricore/Cpu/Std/IfxCpu_IntrinsicsGcc.h ****     __asm__ volatile ("mul.q %0,%1,%2,1":"=d"(res):"d"(a), "d"(b):"memory");
 332:../Libraries/iLLD/TC4xx/Tricore/Cpu/Std/IfxCpu_IntrinsicsGcc.h ****     return res;
 333:../Libraries/iLLD/TC4xx/Tricore/Cpu/Std/IfxCpu_IntrinsicsGcc.h **** }
 334:../Libraries/iLLD/TC4xx/Tricore/Cpu/Std/IfxCpu_IntrinsicsGcc.h **** 
 335:../Libraries/iLLD/TC4xx/Tricore/Cpu/Std/IfxCpu_IntrinsicsGcc.h **** /** Convert fract to sfract
 336:../Libraries/iLLD/TC4xx/Tricore/Cpu/Std/IfxCpu_IntrinsicsGcc.h ****  */
 337:../Libraries/iLLD/TC4xx/Tricore/Cpu/Std/IfxCpu_IntrinsicsGcc.h **** IFX_INLINE sfract Ifx__round16(fract a)
 338:../Libraries/iLLD/TC4xx/Tricore/Cpu/Std/IfxCpu_IntrinsicsGcc.h **** {
 339:../Libraries/iLLD/TC4xx/Tricore/Cpu/Std/IfxCpu_IntrinsicsGcc.h ****     sfract res;
 340:../Libraries/iLLD/TC4xx/Tricore/Cpu/Std/IfxCpu_IntrinsicsGcc.h ****     __asm__ volatile ("mov.u  %0,0x8000        \n\
 341:../Libraries/iLLD/TC4xx/Tricore/Cpu/Std/IfxCpu_IntrinsicsGcc.h ****                     adds  %0,%1              \n\
 342:../Libraries/iLLD/TC4xx/Tricore/Cpu/Std/IfxCpu_IntrinsicsGcc.h ****                     insert  %0,%0,0,0,0x10 \n\
 343:../Libraries/iLLD/TC4xx/Tricore/Cpu/Std/IfxCpu_IntrinsicsGcc.h **** 					sh  %0,%0,-16"
 344:../Libraries/iLLD/TC4xx/Tricore/Cpu/Std/IfxCpu_IntrinsicsGcc.h ****                       :"=&d"(res):"d"(a):"memory");
 345:../Libraries/iLLD/TC4xx/Tricore/Cpu/Std/IfxCpu_IntrinsicsGcc.h ****     return res;
 346:../Libraries/iLLD/TC4xx/Tricore/Cpu/Std/IfxCpu_IntrinsicsGcc.h **** }
 347:../Libraries/iLLD/TC4xx/Tricore/Cpu/Std/IfxCpu_IntrinsicsGcc.h **** 
 348:../Libraries/iLLD/TC4xx/Tricore/Cpu/Std/IfxCpu_IntrinsicsGcc.h **** /** Convert signed sint16 to sfract
 349:../Libraries/iLLD/TC4xx/Tricore/Cpu/Std/IfxCpu_IntrinsicsGcc.h ****  */
 350:../Libraries/iLLD/TC4xx/Tricore/Cpu/Std/IfxCpu_IntrinsicsGcc.h **** IFX_INLINE sfract Ifx__s16_to_sfract(sint16 a)
 351:../Libraries/iLLD/TC4xx/Tricore/Cpu/Std/IfxCpu_IntrinsicsGcc.h **** {
 352:../Libraries/iLLD/TC4xx/Tricore/Cpu/Std/IfxCpu_IntrinsicsGcc.h ****     sfract res;
 353:../Libraries/iLLD/TC4xx/Tricore/Cpu/Std/IfxCpu_IntrinsicsGcc.h ****     __asm__ volatile ("sh  %0,%1,16    \n\
 354:../Libraries/iLLD/TC4xx/Tricore/Cpu/Std/IfxCpu_IntrinsicsGcc.h ****                        sh  %0,%1,-16":"=d"(res):"d"(a):"memory");
 355:../Libraries/iLLD/TC4xx/Tricore/Cpu/Std/IfxCpu_IntrinsicsGcc.h ****     return res;
 356:../Libraries/iLLD/TC4xx/Tricore/Cpu/Std/IfxCpu_IntrinsicsGcc.h **** }
 357:../Libraries/iLLD/TC4xx/Tricore/Cpu/Std/IfxCpu_IntrinsicsGcc.h **** 
 358:../Libraries/iLLD/TC4xx/Tricore/Cpu/Std/IfxCpu_IntrinsicsGcc.h **** /** Convert sfract to sint16
 359:../Libraries/iLLD/TC4xx/Tricore/Cpu/Std/IfxCpu_IntrinsicsGcc.h ****  */
 360:../Libraries/iLLD/TC4xx/Tricore/Cpu/Std/IfxCpu_IntrinsicsGcc.h **** IFX_INLINE sint16 Ifx__sfract_to_s16(sfract a)
 361:../Libraries/iLLD/TC4xx/Tricore/Cpu/Std/IfxCpu_IntrinsicsGcc.h **** {
 362:../Libraries/iLLD/TC4xx/Tricore/Cpu/Std/IfxCpu_IntrinsicsGcc.h ****     sint16 res;
 363:../Libraries/iLLD/TC4xx/Tricore/Cpu/Std/IfxCpu_IntrinsicsGcc.h ****     __asm__ volatile ("sh  %1,%1,16    \n\
 364:../Libraries/iLLD/TC4xx/Tricore/Cpu/Std/IfxCpu_IntrinsicsGcc.h ****                        sh  %0,%1,-16":"=d"(res):"d"(a):"memory");
 365:../Libraries/iLLD/TC4xx/Tricore/Cpu/Std/IfxCpu_IntrinsicsGcc.h ****     return res;
 366:../Libraries/iLLD/TC4xx/Tricore/Cpu/Std/IfxCpu_IntrinsicsGcc.h **** }
 367:../Libraries/iLLD/TC4xx/Tricore/Cpu/Std/IfxCpu_IntrinsicsGcc.h **** 
 368:../Libraries/iLLD/TC4xx/Tricore/Cpu/Std/IfxCpu_IntrinsicsGcc.h **** /** Convert sfract to uint16
 369:../Libraries/iLLD/TC4xx/Tricore/Cpu/Std/IfxCpu_IntrinsicsGcc.h ****  */
 370:../Libraries/iLLD/TC4xx/Tricore/Cpu/Std/IfxCpu_IntrinsicsGcc.h **** IFX_INLINE uint16 Ifx__sfract_to_u16(sfract a)
 371:../Libraries/iLLD/TC4xx/Tricore/Cpu/Std/IfxCpu_IntrinsicsGcc.h **** {
 372:../Libraries/iLLD/TC4xx/Tricore/Cpu/Std/IfxCpu_IntrinsicsGcc.h ****     uint16 res;
 373:../Libraries/iLLD/TC4xx/Tricore/Cpu/Std/IfxCpu_IntrinsicsGcc.h ****     __asm__ volatile ("sh  %1,%1,16    \n\
 374:../Libraries/iLLD/TC4xx/Tricore/Cpu/Std/IfxCpu_IntrinsicsGcc.h ****                        sh  %0,%1,-16":"=d"(res):"d"(a):"memory");
 375:../Libraries/iLLD/TC4xx/Tricore/Cpu/Std/IfxCpu_IntrinsicsGcc.h ****     return res;
 376:../Libraries/iLLD/TC4xx/Tricore/Cpu/Std/IfxCpu_IntrinsicsGcc.h **** }
 377:../Libraries/iLLD/TC4xx/Tricore/Cpu/Std/IfxCpu_IntrinsicsGcc.h **** 
 378:../Libraries/iLLD/TC4xx/Tricore/Cpu/Std/IfxCpu_IntrinsicsGcc.h **** /** Left/right shift of an laccum
 379:../Libraries/iLLD/TC4xx/Tricore/Cpu/Std/IfxCpu_IntrinsicsGcc.h ****  */
 380:../Libraries/iLLD/TC4xx/Tricore/Cpu/Std/IfxCpu_IntrinsicsGcc.h **** IFX_INLINE laccum Ifx__shaaccum(laccum a, sint32 b)
 381:../Libraries/iLLD/TC4xx/Tricore/Cpu/Std/IfxCpu_IntrinsicsGcc.h **** {
 382:../Libraries/iLLD/TC4xx/Tricore/Cpu/Std/IfxCpu_IntrinsicsGcc.h ****     laccum res;
 383:../Libraries/iLLD/TC4xx/Tricore/Cpu/Std/IfxCpu_IntrinsicsGcc.h ****     __asm__ volatile ("jge   %2,0,0f        \n\
 384:../Libraries/iLLD/TC4xx/Tricore/Cpu/Std/IfxCpu_IntrinsicsGcc.h ****                     sha   %H0,%H1,%2     \n\
 385:../Libraries/iLLD/TC4xx/Tricore/Cpu/Std/IfxCpu_IntrinsicsGcc.h ****                     rsub  %2,%2,0        \n\
 386:../Libraries/iLLD/TC4xx/Tricore/Cpu/Std/IfxCpu_IntrinsicsGcc.h ****                     dextr %L0,%H1,%L1,%2 \n\
 387:../Libraries/iLLD/TC4xx/Tricore/Cpu/Std/IfxCpu_IntrinsicsGcc.h ****                     j  1f                \n\
 388:../Libraries/iLLD/TC4xx/Tricore/Cpu/Std/IfxCpu_IntrinsicsGcc.h ****                     0:dextr %H0,%H1,%L1,%2 \n\
 389:../Libraries/iLLD/TC4xx/Tricore/Cpu/Std/IfxCpu_IntrinsicsGcc.h ****                     sha   %L0,%L1,%2     \n\
 390:../Libraries/iLLD/TC4xx/Tricore/Cpu/Std/IfxCpu_IntrinsicsGcc.h ****                     1:"
 391:../Libraries/iLLD/TC4xx/Tricore/Cpu/Std/IfxCpu_IntrinsicsGcc.h ****                       :"=d"(res):"d"(a), "d"(b):"memory");
 392:../Libraries/iLLD/TC4xx/Tricore/Cpu/Std/IfxCpu_IntrinsicsGcc.h ****     return res;
 393:../Libraries/iLLD/TC4xx/Tricore/Cpu/Std/IfxCpu_IntrinsicsGcc.h **** }
 394:../Libraries/iLLD/TC4xx/Tricore/Cpu/Std/IfxCpu_IntrinsicsGcc.h **** 
 395:../Libraries/iLLD/TC4xx/Tricore/Cpu/Std/IfxCpu_IntrinsicsGcc.h **** /** Left/right shift of an fract
 396:../Libraries/iLLD/TC4xx/Tricore/Cpu/Std/IfxCpu_IntrinsicsGcc.h ****  */
 397:../Libraries/iLLD/TC4xx/Tricore/Cpu/Std/IfxCpu_IntrinsicsGcc.h **** IFX_INLINE fract Ifx__shafracts(fract a, sint32 b)
 398:../Libraries/iLLD/TC4xx/Tricore/Cpu/Std/IfxCpu_IntrinsicsGcc.h **** {
 399:../Libraries/iLLD/TC4xx/Tricore/Cpu/Std/IfxCpu_IntrinsicsGcc.h ****     fract res;
 400:../Libraries/iLLD/TC4xx/Tricore/Cpu/Std/IfxCpu_IntrinsicsGcc.h ****     __asm__ volatile ("shas  %0,%1,%2":"=d"(res):"d"(a), "d"(b):"memory");
 401:../Libraries/iLLD/TC4xx/Tricore/Cpu/Std/IfxCpu_IntrinsicsGcc.h ****     return res;
 402:../Libraries/iLLD/TC4xx/Tricore/Cpu/Std/IfxCpu_IntrinsicsGcc.h **** }
 403:../Libraries/iLLD/TC4xx/Tricore/Cpu/Std/IfxCpu_IntrinsicsGcc.h **** 
 404:../Libraries/iLLD/TC4xx/Tricore/Cpu/Std/IfxCpu_IntrinsicsGcc.h **** /** Left/right shift of an sfract
 405:../Libraries/iLLD/TC4xx/Tricore/Cpu/Std/IfxCpu_IntrinsicsGcc.h ****  */
 406:../Libraries/iLLD/TC4xx/Tricore/Cpu/Std/IfxCpu_IntrinsicsGcc.h **** IFX_INLINE sfract Ifx__shasfracts(sfract a, sint32 b)
 407:../Libraries/iLLD/TC4xx/Tricore/Cpu/Std/IfxCpu_IntrinsicsGcc.h **** {
 408:../Libraries/iLLD/TC4xx/Tricore/Cpu/Std/IfxCpu_IntrinsicsGcc.h ****     sfract res;
 409:../Libraries/iLLD/TC4xx/Tricore/Cpu/Std/IfxCpu_IntrinsicsGcc.h ****     __asm__ volatile ("shas  %0,%1,%2":"=d"(res):"d"(a), "d"(b):"memory");
 410:../Libraries/iLLD/TC4xx/Tricore/Cpu/Std/IfxCpu_IntrinsicsGcc.h ****     return res;
 411:../Libraries/iLLD/TC4xx/Tricore/Cpu/Std/IfxCpu_IntrinsicsGcc.h **** }
 412:../Libraries/iLLD/TC4xx/Tricore/Cpu/Std/IfxCpu_IntrinsicsGcc.h **** 
 413:../Libraries/iLLD/TC4xx/Tricore/Cpu/Std/IfxCpu_IntrinsicsGcc.h **** /** Convert uint16 to sfract
 414:../Libraries/iLLD/TC4xx/Tricore/Cpu/Std/IfxCpu_IntrinsicsGcc.h ****  */
 415:../Libraries/iLLD/TC4xx/Tricore/Cpu/Std/IfxCpu_IntrinsicsGcc.h **** IFX_INLINE sfract Ifx__u16_to_sfract(uint16 a)
 416:../Libraries/iLLD/TC4xx/Tricore/Cpu/Std/IfxCpu_IntrinsicsGcc.h **** {
 417:../Libraries/iLLD/TC4xx/Tricore/Cpu/Std/IfxCpu_IntrinsicsGcc.h ****     sfract res;
 418:../Libraries/iLLD/TC4xx/Tricore/Cpu/Std/IfxCpu_IntrinsicsGcc.h ****     __asm__ volatile ("sh  %0,%1,16    \n\
 419:../Libraries/iLLD/TC4xx/Tricore/Cpu/Std/IfxCpu_IntrinsicsGcc.h ****                        sh  %0,%1,-16":"=d"(res):"d"(a):"memory");
 420:../Libraries/iLLD/TC4xx/Tricore/Cpu/Std/IfxCpu_IntrinsicsGcc.h ****     return res;
 421:../Libraries/iLLD/TC4xx/Tricore/Cpu/Std/IfxCpu_IntrinsicsGcc.h **** }
 422:../Libraries/iLLD/TC4xx/Tricore/Cpu/Std/IfxCpu_IntrinsicsGcc.h **** 
 423:../Libraries/iLLD/TC4xx/Tricore/Cpu/Std/IfxCpu_IntrinsicsGcc.h **** /** \} */
 424:../Libraries/iLLD/TC4xx/Tricore/Cpu/Std/IfxCpu_IntrinsicsGcc.h **** 
 425:../Libraries/iLLD/TC4xx/Tricore/Cpu/Std/IfxCpu_IntrinsicsGcc.h **** /** \defgroup IfxLld_Cpu_Intrinsics_Gnucinsert Insert / Extract Bit-fields and Bits
 426:../Libraries/iLLD/TC4xx/Tricore/Cpu/Std/IfxCpu_IntrinsicsGcc.h ****  * \ingroup IfxLld_Cpu_Intrinsics_Gnuc
 427:../Libraries/iLLD/TC4xx/Tricore/Cpu/Std/IfxCpu_IntrinsicsGcc.h ****  * \{
 428:../Libraries/iLLD/TC4xx/Tricore/Cpu/Std/IfxCpu_IntrinsicsGcc.h ****  */
 429:../Libraries/iLLD/TC4xx/Tricore/Cpu/Std/IfxCpu_IntrinsicsGcc.h **** 
 430:../Libraries/iLLD/TC4xx/Tricore/Cpu/Std/IfxCpu_IntrinsicsGcc.h **** /** Extract a bit-field (bit pos to bit pos+width) from value
 431:../Libraries/iLLD/TC4xx/Tricore/Cpu/Std/IfxCpu_IntrinsicsGcc.h ****  */
 432:../Libraries/iLLD/TC4xx/Tricore/Cpu/Std/IfxCpu_IntrinsicsGcc.h **** IFX_INLINE sint32 Ifx__extr(sint32 a, uint32 p, uint32 w)
 433:../Libraries/iLLD/TC4xx/Tricore/Cpu/Std/IfxCpu_IntrinsicsGcc.h **** {
 434:../Libraries/iLLD/TC4xx/Tricore/Cpu/Std/IfxCpu_IntrinsicsGcc.h ****     sint32 res;
 435:../Libraries/iLLD/TC4xx/Tricore/Cpu/Std/IfxCpu_IntrinsicsGcc.h ****     __asm__ volatile ("mov %%d14,%2  \n\
 436:../Libraries/iLLD/TC4xx/Tricore/Cpu/Std/IfxCpu_IntrinsicsGcc.h ****                      mov %%d15,%3  \n\
 437:../Libraries/iLLD/TC4xx/Tricore/Cpu/Std/IfxCpu_IntrinsicsGcc.h ****                      extr %0,%1,%%e14"
 438:../Libraries/iLLD/TC4xx/Tricore/Cpu/Std/IfxCpu_IntrinsicsGcc.h ****                       : "=d" (res) : "d" (a), "d" (p), "d" (w):"d14", "d15");
 439:../Libraries/iLLD/TC4xx/Tricore/Cpu/Std/IfxCpu_IntrinsicsGcc.h ****     return res;
 440:../Libraries/iLLD/TC4xx/Tricore/Cpu/Std/IfxCpu_IntrinsicsGcc.h **** }
 441:../Libraries/iLLD/TC4xx/Tricore/Cpu/Std/IfxCpu_IntrinsicsGcc.h **** 
 442:../Libraries/iLLD/TC4xx/Tricore/Cpu/Std/IfxCpu_IntrinsicsGcc.h **** /** Same as __extr() but return bit-field as unsigned integer
 443:../Libraries/iLLD/TC4xx/Tricore/Cpu/Std/IfxCpu_IntrinsicsGcc.h ****  */
 444:../Libraries/iLLD/TC4xx/Tricore/Cpu/Std/IfxCpu_IntrinsicsGcc.h **** IFX_INLINE uint32 Ifx__extru(uint32 a, uint32 p, uint32 w)
 445:../Libraries/iLLD/TC4xx/Tricore/Cpu/Std/IfxCpu_IntrinsicsGcc.h **** {
 446:../Libraries/iLLD/TC4xx/Tricore/Cpu/Std/IfxCpu_IntrinsicsGcc.h ****     uint32 res;
 447:../Libraries/iLLD/TC4xx/Tricore/Cpu/Std/IfxCpu_IntrinsicsGcc.h ****     __asm__ volatile ("mov %%d14,%2  \n\
 448:../Libraries/iLLD/TC4xx/Tricore/Cpu/Std/IfxCpu_IntrinsicsGcc.h ****                      mov %%d15,%3  \n\
 449:../Libraries/iLLD/TC4xx/Tricore/Cpu/Std/IfxCpu_IntrinsicsGcc.h ****                      extr.u %0,%1,%%e14"
 450:../Libraries/iLLD/TC4xx/Tricore/Cpu/Std/IfxCpu_IntrinsicsGcc.h ****                       : "=d" (res) : "d" (a), "d" (p), "d" (w):"d14", "d15");
 451:../Libraries/iLLD/TC4xx/Tricore/Cpu/Std/IfxCpu_IntrinsicsGcc.h ****     return res;
 452:../Libraries/iLLD/TC4xx/Tricore/Cpu/Std/IfxCpu_IntrinsicsGcc.h **** }
 453:../Libraries/iLLD/TC4xx/Tricore/Cpu/Std/IfxCpu_IntrinsicsGcc.h **** 
 454:../Libraries/iLLD/TC4xx/Tricore/Cpu/Std/IfxCpu_IntrinsicsGcc.h **** /** Load a single bit.
 455:../Libraries/iLLD/TC4xx/Tricore/Cpu/Std/IfxCpu_IntrinsicsGcc.h ****  */
 456:../Libraries/iLLD/TC4xx/Tricore/Cpu/Std/IfxCpu_IntrinsicsGcc.h **** //#define __getbit(address,bitoffset ) __extru( *(address), bitoffset, 1 )
 457:../Libraries/iLLD/TC4xx/Tricore/Cpu/Std/IfxCpu_IntrinsicsGcc.h **** #define Ifx__getbit(address, bitoffset) ((*(address) & (1U << (bitoffset))) != 0)
 458:../Libraries/iLLD/TC4xx/Tricore/Cpu/Std/IfxCpu_IntrinsicsGcc.h **** 
 459:../Libraries/iLLD/TC4xx/Tricore/Cpu/Std/IfxCpu_IntrinsicsGcc.h **** /** Atomic load-modify-store.
 460:../Libraries/iLLD/TC4xx/Tricore/Cpu/Std/IfxCpu_IntrinsicsGcc.h ****  */
 461:../Libraries/iLLD/TC4xx/Tricore/Cpu/Std/IfxCpu_IntrinsicsGcc.h **** #define Ifx__imaskldmst(address, value, bitoffset, bits) \
 462:../Libraries/iLLD/TC4xx/Tricore/Cpu/Std/IfxCpu_IntrinsicsGcc.h ****   {long long tmp;\
 463:../Libraries/iLLD/TC4xx/Tricore/Cpu/Std/IfxCpu_IntrinsicsGcc.h ****   __asm__("imask %A0,%1,%2,%3"\
 464:../Libraries/iLLD/TC4xx/Tricore/Cpu/Std/IfxCpu_IntrinsicsGcc.h ****           :"=d"((long long)tmp)\
 465:../Libraries/iLLD/TC4xx/Tricore/Cpu/Std/IfxCpu_IntrinsicsGcc.h ****           :"d"(value),"d"(bitoffset),"i"(bits): "memory");\
 466:../Libraries/iLLD/TC4xx/Tricore/Cpu/Std/IfxCpu_IntrinsicsGcc.h ****   __asm__("ldmst [%0]0,%A1"::"a"(address),"d"(tmp): "memory");}
 467:../Libraries/iLLD/TC4xx/Tricore/Cpu/Std/IfxCpu_IntrinsicsGcc.h **** 
 468:../Libraries/iLLD/TC4xx/Tricore/Cpu/Std/IfxCpu_IntrinsicsGcc.h **** /** Return trg but replace trgbit by srcbit in src.
 469:../Libraries/iLLD/TC4xx/Tricore/Cpu/Std/IfxCpu_IntrinsicsGcc.h ****  */
 470:../Libraries/iLLD/TC4xx/Tricore/Cpu/Std/IfxCpu_IntrinsicsGcc.h **** IFX_INLINE sint32 Ifx__ins(sint32 trg, const sint32 trgbit, sint32 src, const sint32 srcbit)
 471:../Libraries/iLLD/TC4xx/Tricore/Cpu/Std/IfxCpu_IntrinsicsGcc.h **** {
 472:../Libraries/iLLD/TC4xx/Tricore/Cpu/Std/IfxCpu_IntrinsicsGcc.h ****     sint32 res;
 473:../Libraries/iLLD/TC4xx/Tricore/Cpu/Std/IfxCpu_IntrinsicsGcc.h ****     __asm__ volatile ("ins.t %0,%1,%2,%3,%4":"=d"(res):"d"(trg), "i"(trgbit), "d"(src), "i"(srcbit)
 474:../Libraries/iLLD/TC4xx/Tricore/Cpu/Std/IfxCpu_IntrinsicsGcc.h ****     return res;
 475:../Libraries/iLLD/TC4xx/Tricore/Cpu/Std/IfxCpu_IntrinsicsGcc.h **** }
 476:../Libraries/iLLD/TC4xx/Tricore/Cpu/Std/IfxCpu_IntrinsicsGcc.h **** 
 477:../Libraries/iLLD/TC4xx/Tricore/Cpu/Std/IfxCpu_IntrinsicsGcc.h **** /** Extract bit-field (width bits starting at bit 0) from src and insert it in trg at pos.
 478:../Libraries/iLLD/TC4xx/Tricore/Cpu/Std/IfxCpu_IntrinsicsGcc.h ****  */
 479:../Libraries/iLLD/TC4xx/Tricore/Cpu/Std/IfxCpu_IntrinsicsGcc.h **** IFX_INLINE sint32 Ifx__insert(sint32 a, sint32 b, sint32 p, const sint32 w)
 480:../Libraries/iLLD/TC4xx/Tricore/Cpu/Std/IfxCpu_IntrinsicsGcc.h **** {
 481:../Libraries/iLLD/TC4xx/Tricore/Cpu/Std/IfxCpu_IntrinsicsGcc.h ****     sint32 res;
 482:../Libraries/iLLD/TC4xx/Tricore/Cpu/Std/IfxCpu_IntrinsicsGcc.h ****     __asm__ volatile ("mov %%d14,%3  \n\
 483:../Libraries/iLLD/TC4xx/Tricore/Cpu/Std/IfxCpu_IntrinsicsGcc.h ****                      mov %%d15,%4  \n\
 484:../Libraries/iLLD/TC4xx/Tricore/Cpu/Std/IfxCpu_IntrinsicsGcc.h ****                      insert %0,%1,%2,%%e14"
 485:../Libraries/iLLD/TC4xx/Tricore/Cpu/Std/IfxCpu_IntrinsicsGcc.h ****                       :"=d"(res):"d"(a), "d"(b), "d"(p), "d"(w):"d14", "d15");
 486:../Libraries/iLLD/TC4xx/Tricore/Cpu/Std/IfxCpu_IntrinsicsGcc.h ****     return res;
 487:../Libraries/iLLD/TC4xx/Tricore/Cpu/Std/IfxCpu_IntrinsicsGcc.h **** }
 488:../Libraries/iLLD/TC4xx/Tricore/Cpu/Std/IfxCpu_IntrinsicsGcc.h **** 
 489:../Libraries/iLLD/TC4xx/Tricore/Cpu/Std/IfxCpu_IntrinsicsGcc.h **** /** Return trg but replace trgbit by inverse of srcbit in src.
 490:../Libraries/iLLD/TC4xx/Tricore/Cpu/Std/IfxCpu_IntrinsicsGcc.h ****  */
 491:../Libraries/iLLD/TC4xx/Tricore/Cpu/Std/IfxCpu_IntrinsicsGcc.h **** IFX_INLINE sint32 Ifx__insn(sint32 trg, const sint32 trgbit, sint32 src, const sint32 srcbit)
 492:../Libraries/iLLD/TC4xx/Tricore/Cpu/Std/IfxCpu_IntrinsicsGcc.h **** {
 493:../Libraries/iLLD/TC4xx/Tricore/Cpu/Std/IfxCpu_IntrinsicsGcc.h ****     sint32 res;
 494:../Libraries/iLLD/TC4xx/Tricore/Cpu/Std/IfxCpu_IntrinsicsGcc.h ****     __asm__ volatile ("insn.t %0,%1,%2,%3,%4":"=d"(res):"d"(trg), "i"(trgbit), "d"(src), "i"(srcbit
 495:../Libraries/iLLD/TC4xx/Tricore/Cpu/Std/IfxCpu_IntrinsicsGcc.h ****     return res;
 496:../Libraries/iLLD/TC4xx/Tricore/Cpu/Std/IfxCpu_IntrinsicsGcc.h **** }
 497:../Libraries/iLLD/TC4xx/Tricore/Cpu/Std/IfxCpu_IntrinsicsGcc.h **** 
 498:../Libraries/iLLD/TC4xx/Tricore/Cpu/Std/IfxCpu_IntrinsicsGcc.h **** /** Store a single bit.
 499:../Libraries/iLLD/TC4xx/Tricore/Cpu/Std/IfxCpu_IntrinsicsGcc.h ****  */
 500:../Libraries/iLLD/TC4xx/Tricore/Cpu/Std/IfxCpu_IntrinsicsGcc.h **** #define Ifx__putbit(value,address,bitoffset ) Ifx__imaskldmst(address, value, bitoffset,1)
 501:../Libraries/iLLD/TC4xx/Tricore/Cpu/Std/IfxCpu_IntrinsicsGcc.h **** 
 502:../Libraries/iLLD/TC4xx/Tricore/Cpu/Std/IfxCpu_IntrinsicsGcc.h **** /** \} */
 503:../Libraries/iLLD/TC4xx/Tricore/Cpu/Std/IfxCpu_IntrinsicsGcc.h **** 
 504:../Libraries/iLLD/TC4xx/Tricore/Cpu/Std/IfxCpu_IntrinsicsGcc.h **** /** \defgroup IfxLld_Cpu_Intrinsics_Gnucinterrupt_handling Interrupt Handling
 505:../Libraries/iLLD/TC4xx/Tricore/Cpu/Std/IfxCpu_IntrinsicsGcc.h ****  The next table provides an overview of the intrinsic functions to read or set interrupt handling.
 506:../Libraries/iLLD/TC4xx/Tricore/Cpu/Std/IfxCpu_IntrinsicsGcc.h ****  * \ingroup IfxLld_Cpu_Intrinsics_Gnuc
 507:../Libraries/iLLD/TC4xx/Tricore/Cpu/Std/IfxCpu_IntrinsicsGcc.h ****  * \{
 508:../Libraries/iLLD/TC4xx/Tricore/Cpu/Std/IfxCpu_IntrinsicsGcc.h ****  */
 509:../Libraries/iLLD/TC4xx/Tricore/Cpu/Std/IfxCpu_IntrinsicsGcc.h **** 
 510:../Libraries/iLLD/TC4xx/Tricore/Cpu/Std/IfxCpu_IntrinsicsGcc.h **** #if !IFXCPU_INTRINSICSGNUC_USE_MACHINE_INTRINSICS
 511:../Libraries/iLLD/TC4xx/Tricore/Cpu/Std/IfxCpu_IntrinsicsGcc.h **** /** Set CPU priority number [0..255] (or [0..1023] for TriCore 1.6.x) and enable interrupts immedia
 512:../Libraries/iLLD/TC4xx/Tricore/Cpu/Std/IfxCpu_IntrinsicsGcc.h ****  */
 513:../Libraries/iLLD/TC4xx/Tricore/Cpu/Std/IfxCpu_IntrinsicsGcc.h **** #define Ifx__bisr(intlvl) __asm__ volatile ("bisr "#intlvl : : : "memory")
 514:../Libraries/iLLD/TC4xx/Tricore/Cpu/Std/IfxCpu_IntrinsicsGcc.h **** #endif
 515:../Libraries/iLLD/TC4xx/Tricore/Cpu/Std/IfxCpu_IntrinsicsGcc.h **** 
 516:../Libraries/iLLD/TC4xx/Tricore/Cpu/Std/IfxCpu_IntrinsicsGcc.h **** /** Disable interrupts. Only supported for TriCore1
 517:../Libraries/iLLD/TC4xx/Tricore/Cpu/Std/IfxCpu_IntrinsicsGcc.h ****  */
 518:../Libraries/iLLD/TC4xx/Tricore/Cpu/Std/IfxCpu_IntrinsicsGcc.h **** #define Ifx__disable() __asm__ volatile ("disable" : : : "memory")
 519:../Libraries/iLLD/TC4xx/Tricore/Cpu/Std/IfxCpu_IntrinsicsGcc.h **** 
 520:../Libraries/iLLD/TC4xx/Tricore/Cpu/Std/IfxCpu_IntrinsicsGcc.h **** /** Disable interrupts and return previous interrupt state (enabled or disabled). Direct supported 
 521:../Libraries/iLLD/TC4xx/Tricore/Cpu/Std/IfxCpu_IntrinsicsGcc.h ****  */
 522:../Libraries/iLLD/TC4xx/Tricore/Cpu/Std/IfxCpu_IntrinsicsGcc.h **** IFX_INLINE sint32 Ifx__disable_and_save(void)
 523:../Libraries/iLLD/TC4xx/Tricore/Cpu/Std/IfxCpu_IntrinsicsGcc.h **** {
 524:../Libraries/iLLD/TC4xx/Tricore/Cpu/Std/IfxCpu_IntrinsicsGcc.h ****     sint32 res;
 525:../Libraries/iLLD/TC4xx/Tricore/Cpu/Std/IfxCpu_IntrinsicsGcc.h ****     __asm__ volatile("disable %0":"=d"(res));
 526:../Libraries/iLLD/TC4xx/Tricore/Cpu/Std/IfxCpu_IntrinsicsGcc.h ****     return res;
 527:../Libraries/iLLD/TC4xx/Tricore/Cpu/Std/IfxCpu_IntrinsicsGcc.h **** }
 528:../Libraries/iLLD/TC4xx/Tricore/Cpu/Std/IfxCpu_IntrinsicsGcc.h **** 
 529:../Libraries/iLLD/TC4xx/Tricore/Cpu/Std/IfxCpu_IntrinsicsGcc.h **** /** Enable interrupts immediately at function entry
 530:../Libraries/iLLD/TC4xx/Tricore/Cpu/Std/IfxCpu_IntrinsicsGcc.h ****  */
 531:../Libraries/iLLD/TC4xx/Tricore/Cpu/Std/IfxCpu_IntrinsicsGcc.h **** #define Ifx__enable() __asm__ volatile ("enable" : : : "memory")
 532:../Libraries/iLLD/TC4xx/Tricore/Cpu/Std/IfxCpu_IntrinsicsGcc.h **** 
 533:../Libraries/iLLD/TC4xx/Tricore/Cpu/Std/IfxCpu_IntrinsicsGcc.h **** /** Restore interrupt state. Direct supported for TriCore1.6. Emulated on TC1.3.1
 534:../Libraries/iLLD/TC4xx/Tricore/Cpu/Std/IfxCpu_IntrinsicsGcc.h ****  */
 535:../Libraries/iLLD/TC4xx/Tricore/Cpu/Std/IfxCpu_IntrinsicsGcc.h **** IFX_INLINE void Ifx__restore(sint32 ie)
 536:../Libraries/iLLD/TC4xx/Tricore/Cpu/Std/IfxCpu_IntrinsicsGcc.h **** {
 537:../Libraries/iLLD/TC4xx/Tricore/Cpu/Std/IfxCpu_IntrinsicsGcc.h ****     __asm__ volatile ("restore %0"::"d"(ie));
 538:../Libraries/iLLD/TC4xx/Tricore/Cpu/Std/IfxCpu_IntrinsicsGcc.h **** }
 539:../Libraries/iLLD/TC4xx/Tricore/Cpu/Std/IfxCpu_IntrinsicsGcc.h **** 
 540:../Libraries/iLLD/TC4xx/Tricore/Cpu/Std/IfxCpu_IntrinsicsGcc.h **** #if !IFXCPU_INTRINSICSGNUC_USE_MACHINE_INTRINSICS
 541:../Libraries/iLLD/TC4xx/Tricore/Cpu/Std/IfxCpu_IntrinsicsGcc.h **** /** Call a system call function number
 542:../Libraries/iLLD/TC4xx/Tricore/Cpu/Std/IfxCpu_IntrinsicsGcc.h ****  */
 543:../Libraries/iLLD/TC4xx/Tricore/Cpu/Std/IfxCpu_IntrinsicsGcc.h **** #define Ifx__syscall(svcno) __tric_syscall(svcno)
 544:../Libraries/iLLD/TC4xx/Tricore/Cpu/Std/IfxCpu_IntrinsicsGcc.h **** #define Ifx__tric_syscall(svcno) __asm__ volatile ("syscall "STRINGIFY(svcno) : : : "memory")
 545:../Libraries/iLLD/TC4xx/Tricore/Cpu/Std/IfxCpu_IntrinsicsGcc.h **** #endif
 546:../Libraries/iLLD/TC4xx/Tricore/Cpu/Std/IfxCpu_IntrinsicsGcc.h **** 
 547:../Libraries/iLLD/TC4xx/Tricore/Cpu/Std/IfxCpu_IntrinsicsGcc.h **** #if (__TRICORE_CORE__ == 0x162)
 548:../Libraries/iLLD/TC4xx/Tricore/Cpu/Std/IfxCpu_IntrinsicsGcc.h **** #define Ifx__hvcall(hvcno) \
 549:../Libraries/iLLD/TC4xx/Tricore/Cpu/Std/IfxCpu_IntrinsicsGcc.h **** switch (hvcno) \
 550:../Libraries/iLLD/TC4xx/Tricore/Cpu/Std/IfxCpu_IntrinsicsGcc.h **** { \
 551:../Libraries/iLLD/TC4xx/Tricore/Cpu/Std/IfxCpu_IntrinsicsGcc.h **** case 1: \
 552:../Libraries/iLLD/TC4xx/Tricore/Cpu/Std/IfxCpu_IntrinsicsGcc.h **** {__asm volatile (".word 0x004010AD");}\
 553:../Libraries/iLLD/TC4xx/Tricore/Cpu/Std/IfxCpu_IntrinsicsGcc.h **** break; \
 554:../Libraries/iLLD/TC4xx/Tricore/Cpu/Std/IfxCpu_IntrinsicsGcc.h **** case 2: \
 555:../Libraries/iLLD/TC4xx/Tricore/Cpu/Std/IfxCpu_IntrinsicsGcc.h **** {__asm volatile (".word 0x004020AD");}\
 556:../Libraries/iLLD/TC4xx/Tricore/Cpu/Std/IfxCpu_IntrinsicsGcc.h **** break; \
 557:../Libraries/iLLD/TC4xx/Tricore/Cpu/Std/IfxCpu_IntrinsicsGcc.h **** case 3: \
 558:../Libraries/iLLD/TC4xx/Tricore/Cpu/Std/IfxCpu_IntrinsicsGcc.h **** {__asm volatile (".word 0x004030AD");}\
 559:../Libraries/iLLD/TC4xx/Tricore/Cpu/Std/IfxCpu_IntrinsicsGcc.h **** break; \
 560:../Libraries/iLLD/TC4xx/Tricore/Cpu/Std/IfxCpu_IntrinsicsGcc.h **** case 4: \
 561:../Libraries/iLLD/TC4xx/Tricore/Cpu/Std/IfxCpu_IntrinsicsGcc.h **** {__asm volatile (".word 0x004040AD");}\
 562:../Libraries/iLLD/TC4xx/Tricore/Cpu/Std/IfxCpu_IntrinsicsGcc.h **** break; \
 563:../Libraries/iLLD/TC4xx/Tricore/Cpu/Std/IfxCpu_IntrinsicsGcc.h **** case 5: \
 564:../Libraries/iLLD/TC4xx/Tricore/Cpu/Std/IfxCpu_IntrinsicsGcc.h **** {__asm volatile (".word 0x004050AD");}\
 565:../Libraries/iLLD/TC4xx/Tricore/Cpu/Std/IfxCpu_IntrinsicsGcc.h **** break; \
 566:../Libraries/iLLD/TC4xx/Tricore/Cpu/Std/IfxCpu_IntrinsicsGcc.h **** case 6: \
 567:../Libraries/iLLD/TC4xx/Tricore/Cpu/Std/IfxCpu_IntrinsicsGcc.h **** {__asm volatile (".word 0x004060AD");}\
 568:../Libraries/iLLD/TC4xx/Tricore/Cpu/Std/IfxCpu_IntrinsicsGcc.h **** break; \
 569:../Libraries/iLLD/TC4xx/Tricore/Cpu/Std/IfxCpu_IntrinsicsGcc.h **** case 7: \
 570:../Libraries/iLLD/TC4xx/Tricore/Cpu/Std/IfxCpu_IntrinsicsGcc.h **** {__asm volatile (".word 0x004070AD");}\
 571:../Libraries/iLLD/TC4xx/Tricore/Cpu/Std/IfxCpu_IntrinsicsGcc.h **** break; \
 572:../Libraries/iLLD/TC4xx/Tricore/Cpu/Std/IfxCpu_IntrinsicsGcc.h **** }
 573:../Libraries/iLLD/TC4xx/Tricore/Cpu/Std/IfxCpu_IntrinsicsGcc.h **** #define Ifx__rfh() \
 574:../Libraries/iLLD/TC4xx/Tricore/Cpu/Std/IfxCpu_IntrinsicsGcc.h **** __asm volatile (".word 0x05C0000D");
 575:../Libraries/iLLD/TC4xx/Tricore/Cpu/Std/IfxCpu_IntrinsicsGcc.h **** #else
 576:../Libraries/iLLD/TC4xx/Tricore/Cpu/Std/IfxCpu_IntrinsicsGcc.h **** #define Ifx__hvcall(hvcno) __asm__ volatile ("hvcall " STRINGIFY(hvcno) : : : "memory")
 577:../Libraries/iLLD/TC4xx/Tricore/Cpu/Std/IfxCpu_IntrinsicsGcc.h **** #define Ifx__rfh() __asm__ volatile ("rfh " STRINGIFY() : : : "memory")
 578:../Libraries/iLLD/TC4xx/Tricore/Cpu/Std/IfxCpu_IntrinsicsGcc.h **** #endif
 579:../Libraries/iLLD/TC4xx/Tricore/Cpu/Std/IfxCpu_IntrinsicsGcc.h **** /** \} */
 580:../Libraries/iLLD/TC4xx/Tricore/Cpu/Std/IfxCpu_IntrinsicsGcc.h **** 
 581:../Libraries/iLLD/TC4xx/Tricore/Cpu/Std/IfxCpu_IntrinsicsGcc.h **** /** \defgroup IfxLld_Cpu_Intrinsics_Gnucmiscellaneous Miscellaneous Intrinsic Functions
 582:../Libraries/iLLD/TC4xx/Tricore/Cpu/Std/IfxCpu_IntrinsicsGcc.h ****  * \ingroup IfxLld_Cpu_Intrinsics_Gnuc
 583:../Libraries/iLLD/TC4xx/Tricore/Cpu/Std/IfxCpu_IntrinsicsGcc.h ****  * \{
 584:../Libraries/iLLD/TC4xx/Tricore/Cpu/Std/IfxCpu_IntrinsicsGcc.h ****  */
 585:../Libraries/iLLD/TC4xx/Tricore/Cpu/Std/IfxCpu_IntrinsicsGcc.h **** 
 586:../Libraries/iLLD/TC4xx/Tricore/Cpu/Std/IfxCpu_IntrinsicsGcc.h **** /**  Write back and invalidate cache address "p". Generates CACHEA.WI [Ab].
 587:../Libraries/iLLD/TC4xx/Tricore/Cpu/Std/IfxCpu_IntrinsicsGcc.h ****  */
 588:../Libraries/iLLD/TC4xx/Tricore/Cpu/Std/IfxCpu_IntrinsicsGcc.h **** IFX_INLINE void Ifx__cacheawi(uint8* p)
 589:../Libraries/iLLD/TC4xx/Tricore/Cpu/Std/IfxCpu_IntrinsicsGcc.h **** {
 590:../Libraries/iLLD/TC4xx/Tricore/Cpu/Std/IfxCpu_IntrinsicsGcc.h ****     __asm__ volatile("cachea.wi [%0]0"::"a"(p));
 591:../Libraries/iLLD/TC4xx/Tricore/Cpu/Std/IfxCpu_IntrinsicsGcc.h **** }
 592:../Libraries/iLLD/TC4xx/Tricore/Cpu/Std/IfxCpu_IntrinsicsGcc.h **** /**  Write back and invalidate cache index "p". Generates CACHEI.WI [Ab].
 593:../Libraries/iLLD/TC4xx/Tricore/Cpu/Std/IfxCpu_IntrinsicsGcc.h ****  */
 594:../Libraries/iLLD/TC4xx/Tricore/Cpu/Std/IfxCpu_IntrinsicsGcc.h **** IFX_INLINE void Ifx__cacheiwi(uint8* p)
 595:../Libraries/iLLD/TC4xx/Tricore/Cpu/Std/IfxCpu_IntrinsicsGcc.h **** {
 596:../Libraries/iLLD/TC4xx/Tricore/Cpu/Std/IfxCpu_IntrinsicsGcc.h ****     __asm__ volatile("cachei.wi [%0]0"::"a"(p));
 597:../Libraries/iLLD/TC4xx/Tricore/Cpu/Std/IfxCpu_IntrinsicsGcc.h **** }
 598:../Libraries/iLLD/TC4xx/Tricore/Cpu/Std/IfxCpu_IntrinsicsGcc.h **** 
 599:../Libraries/iLLD/TC4xx/Tricore/Cpu/Std/IfxCpu_IntrinsicsGcc.h **** /**  Write back and invalidate cache address \"p\" and return post incremented
 600:../Libraries/iLLD/TC4xx/Tricore/Cpu/Std/IfxCpu_IntrinsicsGcc.h ****  * value of \"p\". Generates CACHEA.WI [Ab+].
 601:../Libraries/iLLD/TC4xx/Tricore/Cpu/Std/IfxCpu_IntrinsicsGcc.h ****  */
 602:../Libraries/iLLD/TC4xx/Tricore/Cpu/Std/IfxCpu_IntrinsicsGcc.h **** IFX_INLINE uint8* Ifx__cacheawi_bo_post_inc(uint8* p)
 603:../Libraries/iLLD/TC4xx/Tricore/Cpu/Std/IfxCpu_IntrinsicsGcc.h **** {
 604:../Libraries/iLLD/TC4xx/Tricore/Cpu/Std/IfxCpu_IntrinsicsGcc.h ****     __asm__ volatile("cachea.wi  [%0+]0"::"a"(p));
 605:../Libraries/iLLD/TC4xx/Tricore/Cpu/Std/IfxCpu_IntrinsicsGcc.h ****     return p;
 606:../Libraries/iLLD/TC4xx/Tricore/Cpu/Std/IfxCpu_IntrinsicsGcc.h **** }
 607:../Libraries/iLLD/TC4xx/Tricore/Cpu/Std/IfxCpu_IntrinsicsGcc.h **** 
 608:../Libraries/iLLD/TC4xx/Tricore/Cpu/Std/IfxCpu_IntrinsicsGcc.h **** /** Multiply two 32-bit numbers to an intermediate 64-bit result, and scale
 609:../Libraries/iLLD/TC4xx/Tricore/Cpu/Std/IfxCpu_IntrinsicsGcc.h ****  * back the result to 32 bits. To scale back the result, 32 bits are extracted
 610:../Libraries/iLLD/TC4xx/Tricore/Cpu/Std/IfxCpu_IntrinsicsGcc.h ****  * from the intermediate 64-bit result: bit 63-offset to bit 31-offset.
 611:../Libraries/iLLD/TC4xx/Tricore/Cpu/Std/IfxCpu_IntrinsicsGcc.h ****  */
 612:../Libraries/iLLD/TC4xx/Tricore/Cpu/Std/IfxCpu_IntrinsicsGcc.h **** IFX_INLINE sint32 Ifx__mulsc(sint32 a, sint32 b, sint32 offset)
 613:../Libraries/iLLD/TC4xx/Tricore/Cpu/Std/IfxCpu_IntrinsicsGcc.h **** {
 614:../Libraries/iLLD/TC4xx/Tricore/Cpu/Std/IfxCpu_IntrinsicsGcc.h ****     sint32 res;
 615:../Libraries/iLLD/TC4xx/Tricore/Cpu/Std/IfxCpu_IntrinsicsGcc.h ****     __asm__ volatile("mul  %%e12,%1,%2      \n\
 616:../Libraries/iLLD/TC4xx/Tricore/Cpu/Std/IfxCpu_IntrinsicsGcc.h ****                     dextr  %0,%%d13,%%d12,%3"
 617:../Libraries/iLLD/TC4xx/Tricore/Cpu/Std/IfxCpu_IntrinsicsGcc.h ****                      :"=d"(res):"d"(a), "d"(b), "d"(offset):"d12", "d13");
 618:../Libraries/iLLD/TC4xx/Tricore/Cpu/Std/IfxCpu_IntrinsicsGcc.h ****     return res;
 619:../Libraries/iLLD/TC4xx/Tricore/Cpu/Std/IfxCpu_IntrinsicsGcc.h **** }
 620:../Libraries/iLLD/TC4xx/Tricore/Cpu/Std/IfxCpu_IntrinsicsGcc.h **** 
 621:../Libraries/iLLD/TC4xx/Tricore/Cpu/Std/IfxCpu_IntrinsicsGcc.h **** /**  Rotate operand left count times. The bits that are shifted out are inserted at the right side 
 622:../Libraries/iLLD/TC4xx/Tricore/Cpu/Std/IfxCpu_IntrinsicsGcc.h ****  */
 623:../Libraries/iLLD/TC4xx/Tricore/Cpu/Std/IfxCpu_IntrinsicsGcc.h **** IFX_INLINE uint32 Ifx__rol(uint32 operand, uint32 count)
 624:../Libraries/iLLD/TC4xx/Tricore/Cpu/Std/IfxCpu_IntrinsicsGcc.h **** {
 625:../Libraries/iLLD/TC4xx/Tricore/Cpu/Std/IfxCpu_IntrinsicsGcc.h ****     uint32 res;
 626:../Libraries/iLLD/TC4xx/Tricore/Cpu/Std/IfxCpu_IntrinsicsGcc.h ****     __asm__ volatile("dextr  %0,%1,%1,%2":"=d"(res):"d"(operand), "d"(count):"memory");
 627:../Libraries/iLLD/TC4xx/Tricore/Cpu/Std/IfxCpu_IntrinsicsGcc.h ****     return res;
 628:../Libraries/iLLD/TC4xx/Tricore/Cpu/Std/IfxCpu_IntrinsicsGcc.h **** }
 629:../Libraries/iLLD/TC4xx/Tricore/Cpu/Std/IfxCpu_IntrinsicsGcc.h **** 
 630:../Libraries/iLLD/TC4xx/Tricore/Cpu/Std/IfxCpu_IntrinsicsGcc.h **** /**  Rotate operand right count times. The bits that are shifted out are inserted at the left side 
 631:../Libraries/iLLD/TC4xx/Tricore/Cpu/Std/IfxCpu_IntrinsicsGcc.h ****  */
 632:../Libraries/iLLD/TC4xx/Tricore/Cpu/Std/IfxCpu_IntrinsicsGcc.h **** IFX_INLINE uint32 Ifx__ror(uint32 operand, uint32 count)
 633:../Libraries/iLLD/TC4xx/Tricore/Cpu/Std/IfxCpu_IntrinsicsGcc.h **** {
 634:../Libraries/iLLD/TC4xx/Tricore/Cpu/Std/IfxCpu_IntrinsicsGcc.h ****     uint32 res;
 635:../Libraries/iLLD/TC4xx/Tricore/Cpu/Std/IfxCpu_IntrinsicsGcc.h ****     __asm__ volatile("rsub %2,%2,0 \n\
 636:../Libraries/iLLD/TC4xx/Tricore/Cpu/Std/IfxCpu_IntrinsicsGcc.h ****                     dextr  %0,%1,%1,%2"
 637:../Libraries/iLLD/TC4xx/Tricore/Cpu/Std/IfxCpu_IntrinsicsGcc.h ****                      :"=d"(res):"d"(operand), "d"(count):"memory");
 638:../Libraries/iLLD/TC4xx/Tricore/Cpu/Std/IfxCpu_IntrinsicsGcc.h ****     return res;
 639:../Libraries/iLLD/TC4xx/Tricore/Cpu/Std/IfxCpu_IntrinsicsGcc.h **** }
 640:../Libraries/iLLD/TC4xx/Tricore/Cpu/Std/IfxCpu_IntrinsicsGcc.h **** /** \} */
 641:../Libraries/iLLD/TC4xx/Tricore/Cpu/Std/IfxCpu_IntrinsicsGcc.h **** 
 642:../Libraries/iLLD/TC4xx/Tricore/Cpu/Std/IfxCpu_IntrinsicsGcc.h **** /** \defgroup IfxLld_Cpu_Intrinsics_Gnucpacked Packed Data Type Support
 643:../Libraries/iLLD/TC4xx/Tricore/Cpu/Std/IfxCpu_IntrinsicsGcc.h ****  The next table provides an overview of the intrinsic functions for initialization of packed data t
 644:../Libraries/iLLD/TC4xx/Tricore/Cpu/Std/IfxCpu_IntrinsicsGcc.h ****  * \ingroup IfxLld_Cpu_Intrinsics_Gnuc
 645:../Libraries/iLLD/TC4xx/Tricore/Cpu/Std/IfxCpu_IntrinsicsGcc.h ****  * \{
 646:../Libraries/iLLD/TC4xx/Tricore/Cpu/Std/IfxCpu_IntrinsicsGcc.h ****  */
 647:../Libraries/iLLD/TC4xx/Tricore/Cpu/Std/IfxCpu_IntrinsicsGcc.h **** 
 648:../Libraries/iLLD/TC4xx/Tricore/Cpu/Std/IfxCpu_IntrinsicsGcc.h **** /**  Absolute value of __packb
 649:../Libraries/iLLD/TC4xx/Tricore/Cpu/Std/IfxCpu_IntrinsicsGcc.h ****  */
 650:../Libraries/iLLD/TC4xx/Tricore/Cpu/Std/IfxCpu_IntrinsicsGcc.h **** IFX_INLINE __packb Ifx__absb(__packb a)
 651:../Libraries/iLLD/TC4xx/Tricore/Cpu/Std/IfxCpu_IntrinsicsGcc.h **** {
 652:../Libraries/iLLD/TC4xx/Tricore/Cpu/Std/IfxCpu_IntrinsicsGcc.h ****     __packb res;
 653:../Libraries/iLLD/TC4xx/Tricore/Cpu/Std/IfxCpu_IntrinsicsGcc.h ****     __asm__ volatile ("abs.b %0,%1"
 654:../Libraries/iLLD/TC4xx/Tricore/Cpu/Std/IfxCpu_IntrinsicsGcc.h ****                       :"=d"(res):"d"(a):"memory");
 655:../Libraries/iLLD/TC4xx/Tricore/Cpu/Std/IfxCpu_IntrinsicsGcc.h ****     return res;
 656:../Libraries/iLLD/TC4xx/Tricore/Cpu/Std/IfxCpu_IntrinsicsGcc.h **** }
 657:../Libraries/iLLD/TC4xx/Tricore/Cpu/Std/IfxCpu_IntrinsicsGcc.h **** 
 658:../Libraries/iLLD/TC4xx/Tricore/Cpu/Std/IfxCpu_IntrinsicsGcc.h **** /**  Absolute value of __packhw
 659:../Libraries/iLLD/TC4xx/Tricore/Cpu/Std/IfxCpu_IntrinsicsGcc.h ****  */
 660:../Libraries/iLLD/TC4xx/Tricore/Cpu/Std/IfxCpu_IntrinsicsGcc.h **** IFX_INLINE __packhw Ifx__absh(__packhw a)
 661:../Libraries/iLLD/TC4xx/Tricore/Cpu/Std/IfxCpu_IntrinsicsGcc.h **** {
 662:../Libraries/iLLD/TC4xx/Tricore/Cpu/Std/IfxCpu_IntrinsicsGcc.h ****     __packhw res;
 663:../Libraries/iLLD/TC4xx/Tricore/Cpu/Std/IfxCpu_IntrinsicsGcc.h ****     __asm__ volatile ("abs.h %0,%1"
 664:../Libraries/iLLD/TC4xx/Tricore/Cpu/Std/IfxCpu_IntrinsicsGcc.h ****                       :"=d"(res):"d"(a):"memory");
 665:../Libraries/iLLD/TC4xx/Tricore/Cpu/Std/IfxCpu_IntrinsicsGcc.h ****     return res;
 666:../Libraries/iLLD/TC4xx/Tricore/Cpu/Std/IfxCpu_IntrinsicsGcc.h **** }
 667:../Libraries/iLLD/TC4xx/Tricore/Cpu/Std/IfxCpu_IntrinsicsGcc.h **** 
 668:../Libraries/iLLD/TC4xx/Tricore/Cpu/Std/IfxCpu_IntrinsicsGcc.h **** /**  Absolute value of __packhw using saturation
 669:../Libraries/iLLD/TC4xx/Tricore/Cpu/Std/IfxCpu_IntrinsicsGcc.h ****  */
 670:../Libraries/iLLD/TC4xx/Tricore/Cpu/Std/IfxCpu_IntrinsicsGcc.h **** IFX_INLINE __packhw Ifx__abssh(__packhw a)
 671:../Libraries/iLLD/TC4xx/Tricore/Cpu/Std/IfxCpu_IntrinsicsGcc.h **** {
 672:../Libraries/iLLD/TC4xx/Tricore/Cpu/Std/IfxCpu_IntrinsicsGcc.h ****     __packb res;
 673:../Libraries/iLLD/TC4xx/Tricore/Cpu/Std/IfxCpu_IntrinsicsGcc.h ****     __asm__ volatile ("abss.h %0,%1"
 674:../Libraries/iLLD/TC4xx/Tricore/Cpu/Std/IfxCpu_IntrinsicsGcc.h ****                       :"=d"(res):"d"(a):"memory");
 675:../Libraries/iLLD/TC4xx/Tricore/Cpu/Std/IfxCpu_IntrinsicsGcc.h ****     return res;
 676:../Libraries/iLLD/TC4xx/Tricore/Cpu/Std/IfxCpu_IntrinsicsGcc.h **** }
 677:../Libraries/iLLD/TC4xx/Tricore/Cpu/Std/IfxCpu_IntrinsicsGcc.h **** 
 678:../Libraries/iLLD/TC4xx/Tricore/Cpu/Std/IfxCpu_IntrinsicsGcc.h **** /** Extract first byte from a __packb
 679:../Libraries/iLLD/TC4xx/Tricore/Cpu/Std/IfxCpu_IntrinsicsGcc.h ****  */
 680:../Libraries/iLLD/TC4xx/Tricore/Cpu/Std/IfxCpu_IntrinsicsGcc.h **** IFX_INLINE sint8 Ifx__extractbyte1(__packb a)
 681:../Libraries/iLLD/TC4xx/Tricore/Cpu/Std/IfxCpu_IntrinsicsGcc.h **** {
 682:../Libraries/iLLD/TC4xx/Tricore/Cpu/Std/IfxCpu_IntrinsicsGcc.h ****     sint8 res;
 683:../Libraries/iLLD/TC4xx/Tricore/Cpu/Std/IfxCpu_IntrinsicsGcc.h ****     __asm__ volatile ("extr  %0,%1,0,8"
 684:../Libraries/iLLD/TC4xx/Tricore/Cpu/Std/IfxCpu_IntrinsicsGcc.h ****                       :"=d"(res):"d"(a):"memory");
 685:../Libraries/iLLD/TC4xx/Tricore/Cpu/Std/IfxCpu_IntrinsicsGcc.h ****     return res;
 686:../Libraries/iLLD/TC4xx/Tricore/Cpu/Std/IfxCpu_IntrinsicsGcc.h **** }
 687:../Libraries/iLLD/TC4xx/Tricore/Cpu/Std/IfxCpu_IntrinsicsGcc.h **** 
 688:../Libraries/iLLD/TC4xx/Tricore/Cpu/Std/IfxCpu_IntrinsicsGcc.h **** /** Extract second byte from a __packb
 689:../Libraries/iLLD/TC4xx/Tricore/Cpu/Std/IfxCpu_IntrinsicsGcc.h ****  */
 690:../Libraries/iLLD/TC4xx/Tricore/Cpu/Std/IfxCpu_IntrinsicsGcc.h **** IFX_INLINE sint8 Ifx__extractbyte2(__packb a)
 691:../Libraries/iLLD/TC4xx/Tricore/Cpu/Std/IfxCpu_IntrinsicsGcc.h **** {
 692:../Libraries/iLLD/TC4xx/Tricore/Cpu/Std/IfxCpu_IntrinsicsGcc.h ****     sint8 res;
 693:../Libraries/iLLD/TC4xx/Tricore/Cpu/Std/IfxCpu_IntrinsicsGcc.h ****     __asm__ volatile ("extr  %0,%1,8,8"
 694:../Libraries/iLLD/TC4xx/Tricore/Cpu/Std/IfxCpu_IntrinsicsGcc.h ****                       :"=d"(res):"d"(a):"memory");
 695:../Libraries/iLLD/TC4xx/Tricore/Cpu/Std/IfxCpu_IntrinsicsGcc.h ****     return res;
 696:../Libraries/iLLD/TC4xx/Tricore/Cpu/Std/IfxCpu_IntrinsicsGcc.h **** }
 697:../Libraries/iLLD/TC4xx/Tricore/Cpu/Std/IfxCpu_IntrinsicsGcc.h **** 
 698:../Libraries/iLLD/TC4xx/Tricore/Cpu/Std/IfxCpu_IntrinsicsGcc.h **** /** Extract third byte from a __packb
 699:../Libraries/iLLD/TC4xx/Tricore/Cpu/Std/IfxCpu_IntrinsicsGcc.h ****  */
 700:../Libraries/iLLD/TC4xx/Tricore/Cpu/Std/IfxCpu_IntrinsicsGcc.h **** IFX_INLINE sint8 Ifx__extractbyte3(__packb a)
 701:../Libraries/iLLD/TC4xx/Tricore/Cpu/Std/IfxCpu_IntrinsicsGcc.h **** {
 702:../Libraries/iLLD/TC4xx/Tricore/Cpu/Std/IfxCpu_IntrinsicsGcc.h ****     sint8 res;
 703:../Libraries/iLLD/TC4xx/Tricore/Cpu/Std/IfxCpu_IntrinsicsGcc.h ****     __asm__ volatile ("extr  %0,%1,16,8"
 704:../Libraries/iLLD/TC4xx/Tricore/Cpu/Std/IfxCpu_IntrinsicsGcc.h ****                       :"=d"(res):"d"(a):"memory");
 705:../Libraries/iLLD/TC4xx/Tricore/Cpu/Std/IfxCpu_IntrinsicsGcc.h ****     return res;
 706:../Libraries/iLLD/TC4xx/Tricore/Cpu/Std/IfxCpu_IntrinsicsGcc.h **** }
 707:../Libraries/iLLD/TC4xx/Tricore/Cpu/Std/IfxCpu_IntrinsicsGcc.h **** 
 708:../Libraries/iLLD/TC4xx/Tricore/Cpu/Std/IfxCpu_IntrinsicsGcc.h **** /**  Extract fourth byte from a __packb
 709:../Libraries/iLLD/TC4xx/Tricore/Cpu/Std/IfxCpu_IntrinsicsGcc.h ****  */
 710:../Libraries/iLLD/TC4xx/Tricore/Cpu/Std/IfxCpu_IntrinsicsGcc.h **** IFX_INLINE sint8 Ifx__extractbyte4(__packb a)
 711:../Libraries/iLLD/TC4xx/Tricore/Cpu/Std/IfxCpu_IntrinsicsGcc.h **** {
 712:../Libraries/iLLD/TC4xx/Tricore/Cpu/Std/IfxCpu_IntrinsicsGcc.h ****     sint8 res;
 713:../Libraries/iLLD/TC4xx/Tricore/Cpu/Std/IfxCpu_IntrinsicsGcc.h ****     __asm__ volatile ("extr  %0,%1,24,8"
 714:../Libraries/iLLD/TC4xx/Tricore/Cpu/Std/IfxCpu_IntrinsicsGcc.h ****                       :"=d"(res):"d"(a):"memory");
 715:../Libraries/iLLD/TC4xx/Tricore/Cpu/Std/IfxCpu_IntrinsicsGcc.h ****     return res;
 716:../Libraries/iLLD/TC4xx/Tricore/Cpu/Std/IfxCpu_IntrinsicsGcc.h **** }
 717:../Libraries/iLLD/TC4xx/Tricore/Cpu/Std/IfxCpu_IntrinsicsGcc.h **** 
 718:../Libraries/iLLD/TC4xx/Tricore/Cpu/Std/IfxCpu_IntrinsicsGcc.h **** /** Extract first sint16 from a __packhw
 719:../Libraries/iLLD/TC4xx/Tricore/Cpu/Std/IfxCpu_IntrinsicsGcc.h ****  */
 720:../Libraries/iLLD/TC4xx/Tricore/Cpu/Std/IfxCpu_IntrinsicsGcc.h **** IFX_INLINE sint16 Ifx__extracthw1(__packhw a)
 721:../Libraries/iLLD/TC4xx/Tricore/Cpu/Std/IfxCpu_IntrinsicsGcc.h **** {
 722:../Libraries/iLLD/TC4xx/Tricore/Cpu/Std/IfxCpu_IntrinsicsGcc.h ****     sint16 res;
 723:../Libraries/iLLD/TC4xx/Tricore/Cpu/Std/IfxCpu_IntrinsicsGcc.h ****     __asm__ volatile ("extr  %0,%1,0,16"
 724:../Libraries/iLLD/TC4xx/Tricore/Cpu/Std/IfxCpu_IntrinsicsGcc.h ****                       :"=d"(res):"d"(a):"memory");
 725:../Libraries/iLLD/TC4xx/Tricore/Cpu/Std/IfxCpu_IntrinsicsGcc.h ****     return res;
 726:../Libraries/iLLD/TC4xx/Tricore/Cpu/Std/IfxCpu_IntrinsicsGcc.h **** }
 727:../Libraries/iLLD/TC4xx/Tricore/Cpu/Std/IfxCpu_IntrinsicsGcc.h **** 
 728:../Libraries/iLLD/TC4xx/Tricore/Cpu/Std/IfxCpu_IntrinsicsGcc.h **** /** Extract second sint16 from a __packhw
 729:../Libraries/iLLD/TC4xx/Tricore/Cpu/Std/IfxCpu_IntrinsicsGcc.h ****  */
 730:../Libraries/iLLD/TC4xx/Tricore/Cpu/Std/IfxCpu_IntrinsicsGcc.h **** IFX_INLINE sint16 Ifx__extracthw2(__packhw a)
 731:../Libraries/iLLD/TC4xx/Tricore/Cpu/Std/IfxCpu_IntrinsicsGcc.h **** {
 732:../Libraries/iLLD/TC4xx/Tricore/Cpu/Std/IfxCpu_IntrinsicsGcc.h ****     sint16 res;
 733:../Libraries/iLLD/TC4xx/Tricore/Cpu/Std/IfxCpu_IntrinsicsGcc.h ****     __asm__ volatile ("extr  %0,%1,16,16"
 734:../Libraries/iLLD/TC4xx/Tricore/Cpu/Std/IfxCpu_IntrinsicsGcc.h ****                       :"=d"(res):"d"(a):"memory");
 735:../Libraries/iLLD/TC4xx/Tricore/Cpu/Std/IfxCpu_IntrinsicsGcc.h ****     return res;
 736:../Libraries/iLLD/TC4xx/Tricore/Cpu/Std/IfxCpu_IntrinsicsGcc.h **** }
 737:../Libraries/iLLD/TC4xx/Tricore/Cpu/Std/IfxCpu_IntrinsicsGcc.h **** 
 738:../Libraries/iLLD/TC4xx/Tricore/Cpu/Std/IfxCpu_IntrinsicsGcc.h **** /** Extract first uint8 from a __packb
 739:../Libraries/iLLD/TC4xx/Tricore/Cpu/Std/IfxCpu_IntrinsicsGcc.h ****  */
 740:../Libraries/iLLD/TC4xx/Tricore/Cpu/Std/IfxCpu_IntrinsicsGcc.h **** IFX_INLINE uint8 Ifx__extractubyte1(__upackb a)
 741:../Libraries/iLLD/TC4xx/Tricore/Cpu/Std/IfxCpu_IntrinsicsGcc.h **** {
 742:../Libraries/iLLD/TC4xx/Tricore/Cpu/Std/IfxCpu_IntrinsicsGcc.h ****     uint8 res;
 743:../Libraries/iLLD/TC4xx/Tricore/Cpu/Std/IfxCpu_IntrinsicsGcc.h ****     __asm__ volatile ("extr  %0,%1,0,8"
 744:../Libraries/iLLD/TC4xx/Tricore/Cpu/Std/IfxCpu_IntrinsicsGcc.h ****                       :"=d"(res):"d"(a):"memory");
 745:../Libraries/iLLD/TC4xx/Tricore/Cpu/Std/IfxCpu_IntrinsicsGcc.h ****     return res;
 746:../Libraries/iLLD/TC4xx/Tricore/Cpu/Std/IfxCpu_IntrinsicsGcc.h **** }
 747:../Libraries/iLLD/TC4xx/Tricore/Cpu/Std/IfxCpu_IntrinsicsGcc.h **** 
 748:../Libraries/iLLD/TC4xx/Tricore/Cpu/Std/IfxCpu_IntrinsicsGcc.h **** /** Extract second uint8 from a __packb
 749:../Libraries/iLLD/TC4xx/Tricore/Cpu/Std/IfxCpu_IntrinsicsGcc.h ****  */
 750:../Libraries/iLLD/TC4xx/Tricore/Cpu/Std/IfxCpu_IntrinsicsGcc.h **** IFX_INLINE uint8 Ifx__extractubyte2(__upackb a)
 751:../Libraries/iLLD/TC4xx/Tricore/Cpu/Std/IfxCpu_IntrinsicsGcc.h **** {
 752:../Libraries/iLLD/TC4xx/Tricore/Cpu/Std/IfxCpu_IntrinsicsGcc.h ****     uint8 res;
 753:../Libraries/iLLD/TC4xx/Tricore/Cpu/Std/IfxCpu_IntrinsicsGcc.h ****     __asm__ volatile ("extr  %0,%1,8,8"
 754:../Libraries/iLLD/TC4xx/Tricore/Cpu/Std/IfxCpu_IntrinsicsGcc.h ****                       :"=d"(res):"d"(a):"memory");
 755:../Libraries/iLLD/TC4xx/Tricore/Cpu/Std/IfxCpu_IntrinsicsGcc.h ****     return res;
 756:../Libraries/iLLD/TC4xx/Tricore/Cpu/Std/IfxCpu_IntrinsicsGcc.h **** }
 757:../Libraries/iLLD/TC4xx/Tricore/Cpu/Std/IfxCpu_IntrinsicsGcc.h **** 
 758:../Libraries/iLLD/TC4xx/Tricore/Cpu/Std/IfxCpu_IntrinsicsGcc.h **** /** Extract third uint8 from a __packb
 759:../Libraries/iLLD/TC4xx/Tricore/Cpu/Std/IfxCpu_IntrinsicsGcc.h ****  */
 760:../Libraries/iLLD/TC4xx/Tricore/Cpu/Std/IfxCpu_IntrinsicsGcc.h **** IFX_INLINE uint8 Ifx__extractubyte3(__upackb a)
 761:../Libraries/iLLD/TC4xx/Tricore/Cpu/Std/IfxCpu_IntrinsicsGcc.h **** {
 762:../Libraries/iLLD/TC4xx/Tricore/Cpu/Std/IfxCpu_IntrinsicsGcc.h ****     uint8 res;
 763:../Libraries/iLLD/TC4xx/Tricore/Cpu/Std/IfxCpu_IntrinsicsGcc.h ****     __asm__ volatile ("extr  %0,%1,16,8"
 764:../Libraries/iLLD/TC4xx/Tricore/Cpu/Std/IfxCpu_IntrinsicsGcc.h ****                       :"=d"(res):"d"(a):"memory");
 765:../Libraries/iLLD/TC4xx/Tricore/Cpu/Std/IfxCpu_IntrinsicsGcc.h ****     return res;
 766:../Libraries/iLLD/TC4xx/Tricore/Cpu/Std/IfxCpu_IntrinsicsGcc.h **** }
 767:../Libraries/iLLD/TC4xx/Tricore/Cpu/Std/IfxCpu_IntrinsicsGcc.h **** 
 768:../Libraries/iLLD/TC4xx/Tricore/Cpu/Std/IfxCpu_IntrinsicsGcc.h **** /** Extract fourth uint8 from a __packb
 769:../Libraries/iLLD/TC4xx/Tricore/Cpu/Std/IfxCpu_IntrinsicsGcc.h ****  */
 770:../Libraries/iLLD/TC4xx/Tricore/Cpu/Std/IfxCpu_IntrinsicsGcc.h **** IFX_INLINE uint8 Ifx__extractubyte4(__upackb a)
 771:../Libraries/iLLD/TC4xx/Tricore/Cpu/Std/IfxCpu_IntrinsicsGcc.h **** {
 772:../Libraries/iLLD/TC4xx/Tricore/Cpu/Std/IfxCpu_IntrinsicsGcc.h ****     uint8 res;
 773:../Libraries/iLLD/TC4xx/Tricore/Cpu/Std/IfxCpu_IntrinsicsGcc.h ****     __asm__ volatile ("extr  %0,%1,24,8"
 774:../Libraries/iLLD/TC4xx/Tricore/Cpu/Std/IfxCpu_IntrinsicsGcc.h ****                       :"=d"(res):"d"(a):"memory");
 775:../Libraries/iLLD/TC4xx/Tricore/Cpu/Std/IfxCpu_IntrinsicsGcc.h ****     return res;
 776:../Libraries/iLLD/TC4xx/Tricore/Cpu/Std/IfxCpu_IntrinsicsGcc.h **** }
 777:../Libraries/iLLD/TC4xx/Tricore/Cpu/Std/IfxCpu_IntrinsicsGcc.h **** 
 778:../Libraries/iLLD/TC4xx/Tricore/Cpu/Std/IfxCpu_IntrinsicsGcc.h **** /** Extract first uint16 from a __packhw
 779:../Libraries/iLLD/TC4xx/Tricore/Cpu/Std/IfxCpu_IntrinsicsGcc.h ****  */
 780:../Libraries/iLLD/TC4xx/Tricore/Cpu/Std/IfxCpu_IntrinsicsGcc.h **** IFX_INLINE uint16 Ifx__extractuhw1(__upackhw a)
 781:../Libraries/iLLD/TC4xx/Tricore/Cpu/Std/IfxCpu_IntrinsicsGcc.h **** {
 782:../Libraries/iLLD/TC4xx/Tricore/Cpu/Std/IfxCpu_IntrinsicsGcc.h ****     uint16 res;
 783:../Libraries/iLLD/TC4xx/Tricore/Cpu/Std/IfxCpu_IntrinsicsGcc.h ****     __asm__ volatile ("extr  %0,%1,0,16"
 784:../Libraries/iLLD/TC4xx/Tricore/Cpu/Std/IfxCpu_IntrinsicsGcc.h ****                       :"=d"(res):"d"(a):"memory");
 785:../Libraries/iLLD/TC4xx/Tricore/Cpu/Std/IfxCpu_IntrinsicsGcc.h ****     return res;
 786:../Libraries/iLLD/TC4xx/Tricore/Cpu/Std/IfxCpu_IntrinsicsGcc.h **** }
 787:../Libraries/iLLD/TC4xx/Tricore/Cpu/Std/IfxCpu_IntrinsicsGcc.h **** 
 788:../Libraries/iLLD/TC4xx/Tricore/Cpu/Std/IfxCpu_IntrinsicsGcc.h **** /** Extract second uint16 from a __packhw
 789:../Libraries/iLLD/TC4xx/Tricore/Cpu/Std/IfxCpu_IntrinsicsGcc.h ****  */
 790:../Libraries/iLLD/TC4xx/Tricore/Cpu/Std/IfxCpu_IntrinsicsGcc.h **** IFX_INLINE uint16 Ifx__extractuhw2(__upackhw a)
 791:../Libraries/iLLD/TC4xx/Tricore/Cpu/Std/IfxCpu_IntrinsicsGcc.h **** {
 792:../Libraries/iLLD/TC4xx/Tricore/Cpu/Std/IfxCpu_IntrinsicsGcc.h ****     uint16 res;
 793:../Libraries/iLLD/TC4xx/Tricore/Cpu/Std/IfxCpu_IntrinsicsGcc.h ****     __asm__ volatile ("extr  %0,%1,16,16"
 794:../Libraries/iLLD/TC4xx/Tricore/Cpu/Std/IfxCpu_IntrinsicsGcc.h ****                       :"=d"(res):"d"(a):"memory");
 795:../Libraries/iLLD/TC4xx/Tricore/Cpu/Std/IfxCpu_IntrinsicsGcc.h ****     return res;
 796:../Libraries/iLLD/TC4xx/Tricore/Cpu/Std/IfxCpu_IntrinsicsGcc.h **** }
 797:../Libraries/iLLD/TC4xx/Tricore/Cpu/Std/IfxCpu_IntrinsicsGcc.h **** 
 798:../Libraries/iLLD/TC4xx/Tricore/Cpu/Std/IfxCpu_IntrinsicsGcc.h **** /**  Extract first byte from a __packb
 799:../Libraries/iLLD/TC4xx/Tricore/Cpu/Std/IfxCpu_IntrinsicsGcc.h ****  */
 800:../Libraries/iLLD/TC4xx/Tricore/Cpu/Std/IfxCpu_IntrinsicsGcc.h **** IFX_INLINE sint8 Ifx__getbyte1(__packb* a)
 801:../Libraries/iLLD/TC4xx/Tricore/Cpu/Std/IfxCpu_IntrinsicsGcc.h **** {
 802:../Libraries/iLLD/TC4xx/Tricore/Cpu/Std/IfxCpu_IntrinsicsGcc.h ****     sint8 res;
 803:../Libraries/iLLD/TC4xx/Tricore/Cpu/Std/IfxCpu_IntrinsicsGcc.h ****     __asm__ volatile ("ld.w  %0,[%1]0 \n\
 804:../Libraries/iLLD/TC4xx/Tricore/Cpu/Std/IfxCpu_IntrinsicsGcc.h ****                      extr  %0,%0,0,8"
 805:../Libraries/iLLD/TC4xx/Tricore/Cpu/Std/IfxCpu_IntrinsicsGcc.h ****                       :"=d"(res):"a"(a):"memory");
 806:../Libraries/iLLD/TC4xx/Tricore/Cpu/Std/IfxCpu_IntrinsicsGcc.h ****     return res;
 807:../Libraries/iLLD/TC4xx/Tricore/Cpu/Std/IfxCpu_IntrinsicsGcc.h **** 
 808:../Libraries/iLLD/TC4xx/Tricore/Cpu/Std/IfxCpu_IntrinsicsGcc.h **** }
 809:../Libraries/iLLD/TC4xx/Tricore/Cpu/Std/IfxCpu_IntrinsicsGcc.h **** 
 810:../Libraries/iLLD/TC4xx/Tricore/Cpu/Std/IfxCpu_IntrinsicsGcc.h **** /**  Extract second byte from a __packb
 811:../Libraries/iLLD/TC4xx/Tricore/Cpu/Std/IfxCpu_IntrinsicsGcc.h ****  */
 812:../Libraries/iLLD/TC4xx/Tricore/Cpu/Std/IfxCpu_IntrinsicsGcc.h **** IFX_INLINE sint8 Ifx__getbyte2(__packb* a)
 813:../Libraries/iLLD/TC4xx/Tricore/Cpu/Std/IfxCpu_IntrinsicsGcc.h **** {
 814:../Libraries/iLLD/TC4xx/Tricore/Cpu/Std/IfxCpu_IntrinsicsGcc.h ****     sint8 res;
 815:../Libraries/iLLD/TC4xx/Tricore/Cpu/Std/IfxCpu_IntrinsicsGcc.h ****     __asm__ volatile ("ld.w  %0,[%1]0 \n\
 816:../Libraries/iLLD/TC4xx/Tricore/Cpu/Std/IfxCpu_IntrinsicsGcc.h ****                      extr  %0,%0,8,8"
 817:../Libraries/iLLD/TC4xx/Tricore/Cpu/Std/IfxCpu_IntrinsicsGcc.h ****                       :"=d"(res):"a"(a):"memory");
 818:../Libraries/iLLD/TC4xx/Tricore/Cpu/Std/IfxCpu_IntrinsicsGcc.h ****     return res;
 819:../Libraries/iLLD/TC4xx/Tricore/Cpu/Std/IfxCpu_IntrinsicsGcc.h **** 
 820:../Libraries/iLLD/TC4xx/Tricore/Cpu/Std/IfxCpu_IntrinsicsGcc.h **** }
 821:../Libraries/iLLD/TC4xx/Tricore/Cpu/Std/IfxCpu_IntrinsicsGcc.h **** 
 822:../Libraries/iLLD/TC4xx/Tricore/Cpu/Std/IfxCpu_IntrinsicsGcc.h **** /**  Extract third byte from a __packb
 823:../Libraries/iLLD/TC4xx/Tricore/Cpu/Std/IfxCpu_IntrinsicsGcc.h ****  */
 824:../Libraries/iLLD/TC4xx/Tricore/Cpu/Std/IfxCpu_IntrinsicsGcc.h **** IFX_INLINE sint8 Ifx__getbyte3(__packb* a)
 825:../Libraries/iLLD/TC4xx/Tricore/Cpu/Std/IfxCpu_IntrinsicsGcc.h **** {
 826:../Libraries/iLLD/TC4xx/Tricore/Cpu/Std/IfxCpu_IntrinsicsGcc.h ****     sint8 res;
 827:../Libraries/iLLD/TC4xx/Tricore/Cpu/Std/IfxCpu_IntrinsicsGcc.h ****     __asm__ volatile ("ld.w  %0,[%1]0 \n\
 828:../Libraries/iLLD/TC4xx/Tricore/Cpu/Std/IfxCpu_IntrinsicsGcc.h ****                      extr  %0,%0,16,8"
 829:../Libraries/iLLD/TC4xx/Tricore/Cpu/Std/IfxCpu_IntrinsicsGcc.h ****                       :"=d"(res):"a"(a):"memory");
 830:../Libraries/iLLD/TC4xx/Tricore/Cpu/Std/IfxCpu_IntrinsicsGcc.h ****     return res;
 831:../Libraries/iLLD/TC4xx/Tricore/Cpu/Std/IfxCpu_IntrinsicsGcc.h **** 
 832:../Libraries/iLLD/TC4xx/Tricore/Cpu/Std/IfxCpu_IntrinsicsGcc.h **** }
 833:../Libraries/iLLD/TC4xx/Tricore/Cpu/Std/IfxCpu_IntrinsicsGcc.h **** 
 834:../Libraries/iLLD/TC4xx/Tricore/Cpu/Std/IfxCpu_IntrinsicsGcc.h **** /**  Extract fourth byte from a __packb
 835:../Libraries/iLLD/TC4xx/Tricore/Cpu/Std/IfxCpu_IntrinsicsGcc.h ****  */
 836:../Libraries/iLLD/TC4xx/Tricore/Cpu/Std/IfxCpu_IntrinsicsGcc.h **** IFX_INLINE sint8 Ifx__getbyte4(__packb* a)
 837:../Libraries/iLLD/TC4xx/Tricore/Cpu/Std/IfxCpu_IntrinsicsGcc.h **** {
 838:../Libraries/iLLD/TC4xx/Tricore/Cpu/Std/IfxCpu_IntrinsicsGcc.h ****     sint8 res;
 839:../Libraries/iLLD/TC4xx/Tricore/Cpu/Std/IfxCpu_IntrinsicsGcc.h ****     __asm__ volatile ("ld.w  %0,[%1]0 \n\
 840:../Libraries/iLLD/TC4xx/Tricore/Cpu/Std/IfxCpu_IntrinsicsGcc.h ****                      extr  %0,%0,24,8"
 841:../Libraries/iLLD/TC4xx/Tricore/Cpu/Std/IfxCpu_IntrinsicsGcc.h ****                       :"=d"(res):"a"(a):"memory");
 842:../Libraries/iLLD/TC4xx/Tricore/Cpu/Std/IfxCpu_IntrinsicsGcc.h ****     return res;
 843:../Libraries/iLLD/TC4xx/Tricore/Cpu/Std/IfxCpu_IntrinsicsGcc.h **** 
 844:../Libraries/iLLD/TC4xx/Tricore/Cpu/Std/IfxCpu_IntrinsicsGcc.h **** }
 845:../Libraries/iLLD/TC4xx/Tricore/Cpu/Std/IfxCpu_IntrinsicsGcc.h **** 
 846:../Libraries/iLLD/TC4xx/Tricore/Cpu/Std/IfxCpu_IntrinsicsGcc.h **** /**  Extract first sint16 from a __packhw
 847:../Libraries/iLLD/TC4xx/Tricore/Cpu/Std/IfxCpu_IntrinsicsGcc.h ****  */
 848:../Libraries/iLLD/TC4xx/Tricore/Cpu/Std/IfxCpu_IntrinsicsGcc.h **** IFX_INLINE sint16 Ifx__gethw1(__packhw* a)
 849:../Libraries/iLLD/TC4xx/Tricore/Cpu/Std/IfxCpu_IntrinsicsGcc.h **** {
 850:../Libraries/iLLD/TC4xx/Tricore/Cpu/Std/IfxCpu_IntrinsicsGcc.h ****     sint16 res;
 851:../Libraries/iLLD/TC4xx/Tricore/Cpu/Std/IfxCpu_IntrinsicsGcc.h ****     __asm__ volatile ("ld.w  %0,[%1]0 \n\
 852:../Libraries/iLLD/TC4xx/Tricore/Cpu/Std/IfxCpu_IntrinsicsGcc.h ****                      extr  %0,%0,0,16"
 853:../Libraries/iLLD/TC4xx/Tricore/Cpu/Std/IfxCpu_IntrinsicsGcc.h ****                       :"=d"(res):"a"(a):"memory");
 854:../Libraries/iLLD/TC4xx/Tricore/Cpu/Std/IfxCpu_IntrinsicsGcc.h ****     return res;
 855:../Libraries/iLLD/TC4xx/Tricore/Cpu/Std/IfxCpu_IntrinsicsGcc.h **** }
 856:../Libraries/iLLD/TC4xx/Tricore/Cpu/Std/IfxCpu_IntrinsicsGcc.h **** /**  Extract second sint16 from a __packhw
 857:../Libraries/iLLD/TC4xx/Tricore/Cpu/Std/IfxCpu_IntrinsicsGcc.h ****  */
 858:../Libraries/iLLD/TC4xx/Tricore/Cpu/Std/IfxCpu_IntrinsicsGcc.h **** IFX_INLINE sint16 Ifx__gethw2(__packhw* a)
 859:../Libraries/iLLD/TC4xx/Tricore/Cpu/Std/IfxCpu_IntrinsicsGcc.h **** {
 860:../Libraries/iLLD/TC4xx/Tricore/Cpu/Std/IfxCpu_IntrinsicsGcc.h ****     sint16 res;
 861:../Libraries/iLLD/TC4xx/Tricore/Cpu/Std/IfxCpu_IntrinsicsGcc.h ****     __asm__ volatile ("ld.w  %0,[%1]0 \n\
 862:../Libraries/iLLD/TC4xx/Tricore/Cpu/Std/IfxCpu_IntrinsicsGcc.h ****                      extr  %0,%0,16,16"
 863:../Libraries/iLLD/TC4xx/Tricore/Cpu/Std/IfxCpu_IntrinsicsGcc.h ****                       :"=d"(res):"a"(a):"memory");
 864:../Libraries/iLLD/TC4xx/Tricore/Cpu/Std/IfxCpu_IntrinsicsGcc.h ****     return res;
 865:../Libraries/iLLD/TC4xx/Tricore/Cpu/Std/IfxCpu_IntrinsicsGcc.h **** }
 866:../Libraries/iLLD/TC4xx/Tricore/Cpu/Std/IfxCpu_IntrinsicsGcc.h **** 
 867:../Libraries/iLLD/TC4xx/Tricore/Cpu/Std/IfxCpu_IntrinsicsGcc.h **** /**  Extract first uint8 from a __packb
 868:../Libraries/iLLD/TC4xx/Tricore/Cpu/Std/IfxCpu_IntrinsicsGcc.h ****  */
 869:../Libraries/iLLD/TC4xx/Tricore/Cpu/Std/IfxCpu_IntrinsicsGcc.h **** IFX_INLINE uint8 Ifx__getubyte1(__upackb* a)
 870:../Libraries/iLLD/TC4xx/Tricore/Cpu/Std/IfxCpu_IntrinsicsGcc.h **** {
 871:../Libraries/iLLD/TC4xx/Tricore/Cpu/Std/IfxCpu_IntrinsicsGcc.h ****     uint8 res;
 872:../Libraries/iLLD/TC4xx/Tricore/Cpu/Std/IfxCpu_IntrinsicsGcc.h ****     __asm__ volatile ("ld.w  %0,[%1]0 \n\
 873:../Libraries/iLLD/TC4xx/Tricore/Cpu/Std/IfxCpu_IntrinsicsGcc.h ****                      extr  %0,%0,0,8"
 874:../Libraries/iLLD/TC4xx/Tricore/Cpu/Std/IfxCpu_IntrinsicsGcc.h ****                       :"=d"(res):"a"(a):"memory");
 875:../Libraries/iLLD/TC4xx/Tricore/Cpu/Std/IfxCpu_IntrinsicsGcc.h ****     return res;
 876:../Libraries/iLLD/TC4xx/Tricore/Cpu/Std/IfxCpu_IntrinsicsGcc.h **** }
 877:../Libraries/iLLD/TC4xx/Tricore/Cpu/Std/IfxCpu_IntrinsicsGcc.h **** 
 878:../Libraries/iLLD/TC4xx/Tricore/Cpu/Std/IfxCpu_IntrinsicsGcc.h **** /**  Extract second uint8 from a __packb
 879:../Libraries/iLLD/TC4xx/Tricore/Cpu/Std/IfxCpu_IntrinsicsGcc.h ****  */
 880:../Libraries/iLLD/TC4xx/Tricore/Cpu/Std/IfxCpu_IntrinsicsGcc.h **** IFX_INLINE uint8 Ifx__getubyte2(__upackb* a)
 881:../Libraries/iLLD/TC4xx/Tricore/Cpu/Std/IfxCpu_IntrinsicsGcc.h **** {
 882:../Libraries/iLLD/TC4xx/Tricore/Cpu/Std/IfxCpu_IntrinsicsGcc.h ****     uint8 res;
 883:../Libraries/iLLD/TC4xx/Tricore/Cpu/Std/IfxCpu_IntrinsicsGcc.h ****     __asm__ volatile ("ld.w  %0,[%1]0 \n\
 884:../Libraries/iLLD/TC4xx/Tricore/Cpu/Std/IfxCpu_IntrinsicsGcc.h ****                      extr  %0,%0,8,8"
 885:../Libraries/iLLD/TC4xx/Tricore/Cpu/Std/IfxCpu_IntrinsicsGcc.h ****                       :"=d"(res):"a"(a):"memory");
 886:../Libraries/iLLD/TC4xx/Tricore/Cpu/Std/IfxCpu_IntrinsicsGcc.h ****     return res;
 887:../Libraries/iLLD/TC4xx/Tricore/Cpu/Std/IfxCpu_IntrinsicsGcc.h **** }
 888:../Libraries/iLLD/TC4xx/Tricore/Cpu/Std/IfxCpu_IntrinsicsGcc.h **** 
 889:../Libraries/iLLD/TC4xx/Tricore/Cpu/Std/IfxCpu_IntrinsicsGcc.h **** /**  Extract third uint8 from a __packb
 890:../Libraries/iLLD/TC4xx/Tricore/Cpu/Std/IfxCpu_IntrinsicsGcc.h ****  */
 891:../Libraries/iLLD/TC4xx/Tricore/Cpu/Std/IfxCpu_IntrinsicsGcc.h **** IFX_INLINE uint8 Ifx__getubyte3(__upackb* a)
 892:../Libraries/iLLD/TC4xx/Tricore/Cpu/Std/IfxCpu_IntrinsicsGcc.h **** {
 893:../Libraries/iLLD/TC4xx/Tricore/Cpu/Std/IfxCpu_IntrinsicsGcc.h ****     uint8 res;
 894:../Libraries/iLLD/TC4xx/Tricore/Cpu/Std/IfxCpu_IntrinsicsGcc.h ****     __asm__ volatile ("ld.w  %0,[%1]0 \n\
 895:../Libraries/iLLD/TC4xx/Tricore/Cpu/Std/IfxCpu_IntrinsicsGcc.h ****                      extr  %0,%0,16,8"
 896:../Libraries/iLLD/TC4xx/Tricore/Cpu/Std/IfxCpu_IntrinsicsGcc.h ****                       :"=d"(res):"a"(a):"memory");
 897:../Libraries/iLLD/TC4xx/Tricore/Cpu/Std/IfxCpu_IntrinsicsGcc.h ****     return res;
 898:../Libraries/iLLD/TC4xx/Tricore/Cpu/Std/IfxCpu_IntrinsicsGcc.h **** }
 899:../Libraries/iLLD/TC4xx/Tricore/Cpu/Std/IfxCpu_IntrinsicsGcc.h **** 
 900:../Libraries/iLLD/TC4xx/Tricore/Cpu/Std/IfxCpu_IntrinsicsGcc.h **** /**  Extract fourth uint8 from a __packb
 901:../Libraries/iLLD/TC4xx/Tricore/Cpu/Std/IfxCpu_IntrinsicsGcc.h ****  */
 902:../Libraries/iLLD/TC4xx/Tricore/Cpu/Std/IfxCpu_IntrinsicsGcc.h **** IFX_INLINE uint8 Ifx__getubyte4(__upackb* a)
 903:../Libraries/iLLD/TC4xx/Tricore/Cpu/Std/IfxCpu_IntrinsicsGcc.h **** {
 904:../Libraries/iLLD/TC4xx/Tricore/Cpu/Std/IfxCpu_IntrinsicsGcc.h ****     uint8 res;
 905:../Libraries/iLLD/TC4xx/Tricore/Cpu/Std/IfxCpu_IntrinsicsGcc.h ****     __asm__ volatile ("ld.w  %0,[%1]0 \n\
 906:../Libraries/iLLD/TC4xx/Tricore/Cpu/Std/IfxCpu_IntrinsicsGcc.h ****                      extr  %0,%0,24,8"
 907:../Libraries/iLLD/TC4xx/Tricore/Cpu/Std/IfxCpu_IntrinsicsGcc.h ****                       :"=d"(res):"a"(a):"memory");
 908:../Libraries/iLLD/TC4xx/Tricore/Cpu/Std/IfxCpu_IntrinsicsGcc.h ****     return res;
 909:../Libraries/iLLD/TC4xx/Tricore/Cpu/Std/IfxCpu_IntrinsicsGcc.h **** }
 910:../Libraries/iLLD/TC4xx/Tricore/Cpu/Std/IfxCpu_IntrinsicsGcc.h **** 
 911:../Libraries/iLLD/TC4xx/Tricore/Cpu/Std/IfxCpu_IntrinsicsGcc.h **** /**  Extract first uint16 from a __packhw
 912:../Libraries/iLLD/TC4xx/Tricore/Cpu/Std/IfxCpu_IntrinsicsGcc.h ****  */
 913:../Libraries/iLLD/TC4xx/Tricore/Cpu/Std/IfxCpu_IntrinsicsGcc.h **** IFX_INLINE uint16 Ifx__getuhw1(__upackhw* a)
 914:../Libraries/iLLD/TC4xx/Tricore/Cpu/Std/IfxCpu_IntrinsicsGcc.h **** {
 915:../Libraries/iLLD/TC4xx/Tricore/Cpu/Std/IfxCpu_IntrinsicsGcc.h ****     uint16 res;
 916:../Libraries/iLLD/TC4xx/Tricore/Cpu/Std/IfxCpu_IntrinsicsGcc.h ****     __asm__ volatile ("ld.w  %0,[%1]0 \n\
 917:../Libraries/iLLD/TC4xx/Tricore/Cpu/Std/IfxCpu_IntrinsicsGcc.h ****                      extr  %0,%0,0,16"
 918:../Libraries/iLLD/TC4xx/Tricore/Cpu/Std/IfxCpu_IntrinsicsGcc.h ****                       :"=d"(res):"a"(a):"memory");
 919:../Libraries/iLLD/TC4xx/Tricore/Cpu/Std/IfxCpu_IntrinsicsGcc.h ****     return res;
 920:../Libraries/iLLD/TC4xx/Tricore/Cpu/Std/IfxCpu_IntrinsicsGcc.h **** }
 921:../Libraries/iLLD/TC4xx/Tricore/Cpu/Std/IfxCpu_IntrinsicsGcc.h **** 
 922:../Libraries/iLLD/TC4xx/Tricore/Cpu/Std/IfxCpu_IntrinsicsGcc.h **** /**  Extract second uint16 from a __packhw
 923:../Libraries/iLLD/TC4xx/Tricore/Cpu/Std/IfxCpu_IntrinsicsGcc.h ****  */
 924:../Libraries/iLLD/TC4xx/Tricore/Cpu/Std/IfxCpu_IntrinsicsGcc.h **** IFX_INLINE uint16 Ifx__getuhw2(__upackhw* a)
 925:../Libraries/iLLD/TC4xx/Tricore/Cpu/Std/IfxCpu_IntrinsicsGcc.h **** {
 926:../Libraries/iLLD/TC4xx/Tricore/Cpu/Std/IfxCpu_IntrinsicsGcc.h ****     uint16 res;
 927:../Libraries/iLLD/TC4xx/Tricore/Cpu/Std/IfxCpu_IntrinsicsGcc.h ****     __asm__ volatile ("ld.w  %0,[%1]0 \n\
 928:../Libraries/iLLD/TC4xx/Tricore/Cpu/Std/IfxCpu_IntrinsicsGcc.h ****                      extr  %0,%0,16,16"
 929:../Libraries/iLLD/TC4xx/Tricore/Cpu/Std/IfxCpu_IntrinsicsGcc.h ****                       :"=d"(res):"a"(a):"memory");
 930:../Libraries/iLLD/TC4xx/Tricore/Cpu/Std/IfxCpu_IntrinsicsGcc.h ****     return res;
 931:../Libraries/iLLD/TC4xx/Tricore/Cpu/Std/IfxCpu_IntrinsicsGcc.h **** }
 932:../Libraries/iLLD/TC4xx/Tricore/Cpu/Std/IfxCpu_IntrinsicsGcc.h **** 
 933:../Libraries/iLLD/TC4xx/Tricore/Cpu/Std/IfxCpu_IntrinsicsGcc.h **** /**  Initialize  __packb with four integers
 934:../Libraries/iLLD/TC4xx/Tricore/Cpu/Std/IfxCpu_IntrinsicsGcc.h ****  */
 935:../Libraries/iLLD/TC4xx/Tricore/Cpu/Std/IfxCpu_IntrinsicsGcc.h **** IFX_INLINE __packb Ifx__initpackb(sint32 a, sint32 b, sint32 c, sint32 d)
 936:../Libraries/iLLD/TC4xx/Tricore/Cpu/Std/IfxCpu_IntrinsicsGcc.h **** {
 937:../Libraries/iLLD/TC4xx/Tricore/Cpu/Std/IfxCpu_IntrinsicsGcc.h ****     __packb res;
 938:../Libraries/iLLD/TC4xx/Tricore/Cpu/Std/IfxCpu_IntrinsicsGcc.h ****     __asm__ volatile ("insert  %3,%3,%4,8,8   \n\
 939:../Libraries/iLLD/TC4xx/Tricore/Cpu/Std/IfxCpu_IntrinsicsGcc.h ****                     insert  %4,%1,%2,8,8   \n\
 940:../Libraries/iLLD/TC4xx/Tricore/Cpu/Std/IfxCpu_IntrinsicsGcc.h ****                     insert  %0,%4,%3,16,16 "
 941:../Libraries/iLLD/TC4xx/Tricore/Cpu/Std/IfxCpu_IntrinsicsGcc.h ****                       :"=d"(res):"d"(a), "d"(b), "d"(c), "d"(d):"memory");
 942:../Libraries/iLLD/TC4xx/Tricore/Cpu/Std/IfxCpu_IntrinsicsGcc.h ****     return res;
 943:../Libraries/iLLD/TC4xx/Tricore/Cpu/Std/IfxCpu_IntrinsicsGcc.h **** }
 944:../Libraries/iLLD/TC4xx/Tricore/Cpu/Std/IfxCpu_IntrinsicsGcc.h **** 
 945:../Libraries/iLLD/TC4xx/Tricore/Cpu/Std/IfxCpu_IntrinsicsGcc.h **** /** Initialize  __packb with a long integer
 946:../Libraries/iLLD/TC4xx/Tricore/Cpu/Std/IfxCpu_IntrinsicsGcc.h ****  */
 947:../Libraries/iLLD/TC4xx/Tricore/Cpu/Std/IfxCpu_IntrinsicsGcc.h **** IFX_INLINE __packb Ifx__initpackbl(long a)
 948:../Libraries/iLLD/TC4xx/Tricore/Cpu/Std/IfxCpu_IntrinsicsGcc.h **** {
 949:../Libraries/iLLD/TC4xx/Tricore/Cpu/Std/IfxCpu_IntrinsicsGcc.h ****     return (__packb) a;
 950:../Libraries/iLLD/TC4xx/Tricore/Cpu/Std/IfxCpu_IntrinsicsGcc.h **** }
 951:../Libraries/iLLD/TC4xx/Tricore/Cpu/Std/IfxCpu_IntrinsicsGcc.h **** 
 952:../Libraries/iLLD/TC4xx/Tricore/Cpu/Std/IfxCpu_IntrinsicsGcc.h **** /** Initialize  __packhw with two integers
 953:../Libraries/iLLD/TC4xx/Tricore/Cpu/Std/IfxCpu_IntrinsicsGcc.h ****  */
 954:../Libraries/iLLD/TC4xx/Tricore/Cpu/Std/IfxCpu_IntrinsicsGcc.h **** IFX_INLINE __packhw Ifx__initpackhw(sint16 a, sint16 b)
 955:../Libraries/iLLD/TC4xx/Tricore/Cpu/Std/IfxCpu_IntrinsicsGcc.h **** {
 956:../Libraries/iLLD/TC4xx/Tricore/Cpu/Std/IfxCpu_IntrinsicsGcc.h ****     __packhw res;
 957:../Libraries/iLLD/TC4xx/Tricore/Cpu/Std/IfxCpu_IntrinsicsGcc.h ****     __asm__ volatile ("insert  %0,%1,%2,16,16"
 958:../Libraries/iLLD/TC4xx/Tricore/Cpu/Std/IfxCpu_IntrinsicsGcc.h ****                       :"=d"(res):"d"(a), "d"(b):"memory");
 959:../Libraries/iLLD/TC4xx/Tricore/Cpu/Std/IfxCpu_IntrinsicsGcc.h ****     return res;
 960:../Libraries/iLLD/TC4xx/Tricore/Cpu/Std/IfxCpu_IntrinsicsGcc.h **** }
 961:../Libraries/iLLD/TC4xx/Tricore/Cpu/Std/IfxCpu_IntrinsicsGcc.h **** 
 962:../Libraries/iLLD/TC4xx/Tricore/Cpu/Std/IfxCpu_IntrinsicsGcc.h **** /**  Initialize  __packhw with a long integer
 963:../Libraries/iLLD/TC4xx/Tricore/Cpu/Std/IfxCpu_IntrinsicsGcc.h ****  */
 964:../Libraries/iLLD/TC4xx/Tricore/Cpu/Std/IfxCpu_IntrinsicsGcc.h **** IFX_INLINE __packhw Ifx__initpackhwl(long a)
 965:../Libraries/iLLD/TC4xx/Tricore/Cpu/Std/IfxCpu_IntrinsicsGcc.h **** {
 966:../Libraries/iLLD/TC4xx/Tricore/Cpu/Std/IfxCpu_IntrinsicsGcc.h ****     return a;
 967:../Libraries/iLLD/TC4xx/Tricore/Cpu/Std/IfxCpu_IntrinsicsGcc.h **** }
 968:../Libraries/iLLD/TC4xx/Tricore/Cpu/Std/IfxCpu_IntrinsicsGcc.h **** 
 969:../Libraries/iLLD/TC4xx/Tricore/Cpu/Std/IfxCpu_IntrinsicsGcc.h **** /** Initialize  __packb with four unsigned integers
 970:../Libraries/iLLD/TC4xx/Tricore/Cpu/Std/IfxCpu_IntrinsicsGcc.h ****  */
 971:../Libraries/iLLD/TC4xx/Tricore/Cpu/Std/IfxCpu_IntrinsicsGcc.h **** IFX_INLINE __upackb    Ifx__initupackb( uint32 a, uint32 b, uint32 c, uint32 d)
 972:../Libraries/iLLD/TC4xx/Tricore/Cpu/Std/IfxCpu_IntrinsicsGcc.h **** {
 973:../Libraries/iLLD/TC4xx/Tricore/Cpu/Std/IfxCpu_IntrinsicsGcc.h ****     __upackb res;
 974:../Libraries/iLLD/TC4xx/Tricore/Cpu/Std/IfxCpu_IntrinsicsGcc.h ****     __asm__ volatile ("insert  %3,%3,%4,8,8   \n\
 975:../Libraries/iLLD/TC4xx/Tricore/Cpu/Std/IfxCpu_IntrinsicsGcc.h ****                     insert  %1,%1,%2,8,8   \n\
 976:../Libraries/iLLD/TC4xx/Tricore/Cpu/Std/IfxCpu_IntrinsicsGcc.h ****                     insert  %0,%1,%3,16,16"
 977:../Libraries/iLLD/TC4xx/Tricore/Cpu/Std/IfxCpu_IntrinsicsGcc.h ****                       :"=d"(res):"d"(a), "d"(b), "d"(c), "d"(d):"memory");
 978:../Libraries/iLLD/TC4xx/Tricore/Cpu/Std/IfxCpu_IntrinsicsGcc.h ****     return res;
 979:../Libraries/iLLD/TC4xx/Tricore/Cpu/Std/IfxCpu_IntrinsicsGcc.h **** }
 980:../Libraries/iLLD/TC4xx/Tricore/Cpu/Std/IfxCpu_IntrinsicsGcc.h **** 
 981:../Libraries/iLLD/TC4xx/Tricore/Cpu/Std/IfxCpu_IntrinsicsGcc.h **** /**  Initialize  __packhw with two unsigned integers
 982:../Libraries/iLLD/TC4xx/Tricore/Cpu/Std/IfxCpu_IntrinsicsGcc.h ****  */
 983:../Libraries/iLLD/TC4xx/Tricore/Cpu/Std/IfxCpu_IntrinsicsGcc.h **** IFX_INLINE __upackhw    Ifx__initupackhw( uint16 a, uint16 b)
 984:../Libraries/iLLD/TC4xx/Tricore/Cpu/Std/IfxCpu_IntrinsicsGcc.h **** {
 985:../Libraries/iLLD/TC4xx/Tricore/Cpu/Std/IfxCpu_IntrinsicsGcc.h ****     __upackhw res;
 986:../Libraries/iLLD/TC4xx/Tricore/Cpu/Std/IfxCpu_IntrinsicsGcc.h ****     __asm__ volatile ("insert  %0,%1,%2,16,16"
 987:../Libraries/iLLD/TC4xx/Tricore/Cpu/Std/IfxCpu_IntrinsicsGcc.h ****                       :"=d"(res):"d"(a), "d"(b):"memory");
 988:../Libraries/iLLD/TC4xx/Tricore/Cpu/Std/IfxCpu_IntrinsicsGcc.h ****     return res;
 989:../Libraries/iLLD/TC4xx/Tricore/Cpu/Std/IfxCpu_IntrinsicsGcc.h **** }
 990:../Libraries/iLLD/TC4xx/Tricore/Cpu/Std/IfxCpu_IntrinsicsGcc.h **** 
 991:../Libraries/iLLD/TC4xx/Tricore/Cpu/Std/IfxCpu_IntrinsicsGcc.h **** /** Insert sint8 into first byte of a __packb
 992:../Libraries/iLLD/TC4xx/Tricore/Cpu/Std/IfxCpu_IntrinsicsGcc.h ****  */
 993:../Libraries/iLLD/TC4xx/Tricore/Cpu/Std/IfxCpu_IntrinsicsGcc.h **** IFX_INLINE __packb Ifx__insertbyte1(__packb a, sint8 b)
 994:../Libraries/iLLD/TC4xx/Tricore/Cpu/Std/IfxCpu_IntrinsicsGcc.h **** {
 995:../Libraries/iLLD/TC4xx/Tricore/Cpu/Std/IfxCpu_IntrinsicsGcc.h ****     __packb res;
 996:../Libraries/iLLD/TC4xx/Tricore/Cpu/Std/IfxCpu_IntrinsicsGcc.h ****     __asm__ volatile ("insert  %0,%1,%2,0,8"
 997:../Libraries/iLLD/TC4xx/Tricore/Cpu/Std/IfxCpu_IntrinsicsGcc.h ****                       :"=d"(res):"d"(a), "d"(b):"memory");
 998:../Libraries/iLLD/TC4xx/Tricore/Cpu/Std/IfxCpu_IntrinsicsGcc.h ****     return res;
 999:../Libraries/iLLD/TC4xx/Tricore/Cpu/Std/IfxCpu_IntrinsicsGcc.h **** }
1000:../Libraries/iLLD/TC4xx/Tricore/Cpu/Std/IfxCpu_IntrinsicsGcc.h **** 
1001:../Libraries/iLLD/TC4xx/Tricore/Cpu/Std/IfxCpu_IntrinsicsGcc.h **** /** Insert sint8 into second byte of a __packb
1002:../Libraries/iLLD/TC4xx/Tricore/Cpu/Std/IfxCpu_IntrinsicsGcc.h ****  */
1003:../Libraries/iLLD/TC4xx/Tricore/Cpu/Std/IfxCpu_IntrinsicsGcc.h **** IFX_INLINE __packb Ifx__insertbyte2(__packb a, sint8 b)
1004:../Libraries/iLLD/TC4xx/Tricore/Cpu/Std/IfxCpu_IntrinsicsGcc.h **** {
1005:../Libraries/iLLD/TC4xx/Tricore/Cpu/Std/IfxCpu_IntrinsicsGcc.h ****     __packb res;
1006:../Libraries/iLLD/TC4xx/Tricore/Cpu/Std/IfxCpu_IntrinsicsGcc.h ****     __asm__ volatile ("insert  %0,%1,%2,8,8"
1007:../Libraries/iLLD/TC4xx/Tricore/Cpu/Std/IfxCpu_IntrinsicsGcc.h ****                       :"=d"(res):"d"(a), "d"(b):"memory");
1008:../Libraries/iLLD/TC4xx/Tricore/Cpu/Std/IfxCpu_IntrinsicsGcc.h ****     return res;
1009:../Libraries/iLLD/TC4xx/Tricore/Cpu/Std/IfxCpu_IntrinsicsGcc.h **** }
1010:../Libraries/iLLD/TC4xx/Tricore/Cpu/Std/IfxCpu_IntrinsicsGcc.h **** 
1011:../Libraries/iLLD/TC4xx/Tricore/Cpu/Std/IfxCpu_IntrinsicsGcc.h **** /** Insert sint8 into third byte of a __packb
1012:../Libraries/iLLD/TC4xx/Tricore/Cpu/Std/IfxCpu_IntrinsicsGcc.h ****  */
1013:../Libraries/iLLD/TC4xx/Tricore/Cpu/Std/IfxCpu_IntrinsicsGcc.h **** IFX_INLINE __packb Ifx__insertbyte3(__packb a, sint8 b)
1014:../Libraries/iLLD/TC4xx/Tricore/Cpu/Std/IfxCpu_IntrinsicsGcc.h **** {
1015:../Libraries/iLLD/TC4xx/Tricore/Cpu/Std/IfxCpu_IntrinsicsGcc.h ****     __packb res;
1016:../Libraries/iLLD/TC4xx/Tricore/Cpu/Std/IfxCpu_IntrinsicsGcc.h ****     __asm__ volatile ("insert  %0,%1,%2,16,8"
1017:../Libraries/iLLD/TC4xx/Tricore/Cpu/Std/IfxCpu_IntrinsicsGcc.h ****                       :"=d"(res):"d"(a), "d"(b):"memory");
1018:../Libraries/iLLD/TC4xx/Tricore/Cpu/Std/IfxCpu_IntrinsicsGcc.h ****     return res;
1019:../Libraries/iLLD/TC4xx/Tricore/Cpu/Std/IfxCpu_IntrinsicsGcc.h **** }
1020:../Libraries/iLLD/TC4xx/Tricore/Cpu/Std/IfxCpu_IntrinsicsGcc.h **** 
1021:../Libraries/iLLD/TC4xx/Tricore/Cpu/Std/IfxCpu_IntrinsicsGcc.h **** /** Insert sint8 into fourth byte of a __packb
1022:../Libraries/iLLD/TC4xx/Tricore/Cpu/Std/IfxCpu_IntrinsicsGcc.h ****  */
1023:../Libraries/iLLD/TC4xx/Tricore/Cpu/Std/IfxCpu_IntrinsicsGcc.h **** IFX_INLINE __packb Ifx__insertbyte4(__packb a, sint8 b)
1024:../Libraries/iLLD/TC4xx/Tricore/Cpu/Std/IfxCpu_IntrinsicsGcc.h **** {
1025:../Libraries/iLLD/TC4xx/Tricore/Cpu/Std/IfxCpu_IntrinsicsGcc.h ****     __packb res;
1026:../Libraries/iLLD/TC4xx/Tricore/Cpu/Std/IfxCpu_IntrinsicsGcc.h ****     __asm__ volatile ("insert  %0,%1,%2,24,8"
1027:../Libraries/iLLD/TC4xx/Tricore/Cpu/Std/IfxCpu_IntrinsicsGcc.h ****                       :"=d"(res):"d"(a), "d"(b):"memory");
1028:../Libraries/iLLD/TC4xx/Tricore/Cpu/Std/IfxCpu_IntrinsicsGcc.h ****     return res;
1029:../Libraries/iLLD/TC4xx/Tricore/Cpu/Std/IfxCpu_IntrinsicsGcc.h **** }
1030:../Libraries/iLLD/TC4xx/Tricore/Cpu/Std/IfxCpu_IntrinsicsGcc.h **** 
1031:../Libraries/iLLD/TC4xx/Tricore/Cpu/Std/IfxCpu_IntrinsicsGcc.h **** /** Insert sint8 into first uint8 of a __packb
1032:../Libraries/iLLD/TC4xx/Tricore/Cpu/Std/IfxCpu_IntrinsicsGcc.h ****  */
1033:../Libraries/iLLD/TC4xx/Tricore/Cpu/Std/IfxCpu_IntrinsicsGcc.h **** IFX_INLINE __upackb    Ifx__insertubyte1( __upackb a, uint8 b)
1034:../Libraries/iLLD/TC4xx/Tricore/Cpu/Std/IfxCpu_IntrinsicsGcc.h **** {
1035:../Libraries/iLLD/TC4xx/Tricore/Cpu/Std/IfxCpu_IntrinsicsGcc.h ****     __upackb res;
1036:../Libraries/iLLD/TC4xx/Tricore/Cpu/Std/IfxCpu_IntrinsicsGcc.h ****     __asm__ volatile ("insert  %0,%1,%2,0,8"
1037:../Libraries/iLLD/TC4xx/Tricore/Cpu/Std/IfxCpu_IntrinsicsGcc.h ****                       :"=d"(res):"d"(a), "d"(b):"memory");
1038:../Libraries/iLLD/TC4xx/Tricore/Cpu/Std/IfxCpu_IntrinsicsGcc.h ****     return res;
1039:../Libraries/iLLD/TC4xx/Tricore/Cpu/Std/IfxCpu_IntrinsicsGcc.h **** }
1040:../Libraries/iLLD/TC4xx/Tricore/Cpu/Std/IfxCpu_IntrinsicsGcc.h **** 
1041:../Libraries/iLLD/TC4xx/Tricore/Cpu/Std/IfxCpu_IntrinsicsGcc.h **** /** Insert sint8 into second uint8 of a __packb
1042:../Libraries/iLLD/TC4xx/Tricore/Cpu/Std/IfxCpu_IntrinsicsGcc.h ****  */
1043:../Libraries/iLLD/TC4xx/Tricore/Cpu/Std/IfxCpu_IntrinsicsGcc.h **** IFX_INLINE __upackb    Ifx__insertubyte2( __upackb a, uint8 b)
1044:../Libraries/iLLD/TC4xx/Tricore/Cpu/Std/IfxCpu_IntrinsicsGcc.h **** {
1045:../Libraries/iLLD/TC4xx/Tricore/Cpu/Std/IfxCpu_IntrinsicsGcc.h ****     __upackb res;
1046:../Libraries/iLLD/TC4xx/Tricore/Cpu/Std/IfxCpu_IntrinsicsGcc.h ****     __asm__ volatile ("insert  %0,%1,%2,8,8"
1047:../Libraries/iLLD/TC4xx/Tricore/Cpu/Std/IfxCpu_IntrinsicsGcc.h ****                       :"=d"(res):"d"(a), "d"(b):"memory");
1048:../Libraries/iLLD/TC4xx/Tricore/Cpu/Std/IfxCpu_IntrinsicsGcc.h ****     return res;
1049:../Libraries/iLLD/TC4xx/Tricore/Cpu/Std/IfxCpu_IntrinsicsGcc.h **** }
1050:../Libraries/iLLD/TC4xx/Tricore/Cpu/Std/IfxCpu_IntrinsicsGcc.h **** 
1051:../Libraries/iLLD/TC4xx/Tricore/Cpu/Std/IfxCpu_IntrinsicsGcc.h **** /** Insert sint8 into third uint8 of a __packb
1052:../Libraries/iLLD/TC4xx/Tricore/Cpu/Std/IfxCpu_IntrinsicsGcc.h ****  */
1053:../Libraries/iLLD/TC4xx/Tricore/Cpu/Std/IfxCpu_IntrinsicsGcc.h **** IFX_INLINE __upackb     Ifx__insertubyte3( __upackb a, uint8 b)
1054:../Libraries/iLLD/TC4xx/Tricore/Cpu/Std/IfxCpu_IntrinsicsGcc.h **** {
1055:../Libraries/iLLD/TC4xx/Tricore/Cpu/Std/IfxCpu_IntrinsicsGcc.h ****     __upackb res;
1056:../Libraries/iLLD/TC4xx/Tricore/Cpu/Std/IfxCpu_IntrinsicsGcc.h ****     __asm__ volatile ("insert  %0,%1,%2,16,8"
1057:../Libraries/iLLD/TC4xx/Tricore/Cpu/Std/IfxCpu_IntrinsicsGcc.h ****                       :"=d"(res):"d"(a), "d"(b):"memory");
1058:../Libraries/iLLD/TC4xx/Tricore/Cpu/Std/IfxCpu_IntrinsicsGcc.h ****     return res;
1059:../Libraries/iLLD/TC4xx/Tricore/Cpu/Std/IfxCpu_IntrinsicsGcc.h **** }
1060:../Libraries/iLLD/TC4xx/Tricore/Cpu/Std/IfxCpu_IntrinsicsGcc.h **** 
1061:../Libraries/iLLD/TC4xx/Tricore/Cpu/Std/IfxCpu_IntrinsicsGcc.h **** /** Insert sint8 into fourth uint8 of a __packb
1062:../Libraries/iLLD/TC4xx/Tricore/Cpu/Std/IfxCpu_IntrinsicsGcc.h ****  */
1063:../Libraries/iLLD/TC4xx/Tricore/Cpu/Std/IfxCpu_IntrinsicsGcc.h **** IFX_INLINE __upackb     Ifx__insertubyte4( __upackb a, uint8 b)
1064:../Libraries/iLLD/TC4xx/Tricore/Cpu/Std/IfxCpu_IntrinsicsGcc.h **** {
1065:../Libraries/iLLD/TC4xx/Tricore/Cpu/Std/IfxCpu_IntrinsicsGcc.h ****     __upackb res;
1066:../Libraries/iLLD/TC4xx/Tricore/Cpu/Std/IfxCpu_IntrinsicsGcc.h ****     __asm__ volatile ("insert  %0,%1,%2,24,8"
1067:../Libraries/iLLD/TC4xx/Tricore/Cpu/Std/IfxCpu_IntrinsicsGcc.h ****                       :"=d"(res):"d"(a), "d"(b):"memory");
1068:../Libraries/iLLD/TC4xx/Tricore/Cpu/Std/IfxCpu_IntrinsicsGcc.h ****     return res;
1069:../Libraries/iLLD/TC4xx/Tricore/Cpu/Std/IfxCpu_IntrinsicsGcc.h **** }
1070:../Libraries/iLLD/TC4xx/Tricore/Cpu/Std/IfxCpu_IntrinsicsGcc.h **** 
1071:../Libraries/iLLD/TC4xx/Tricore/Cpu/Std/IfxCpu_IntrinsicsGcc.h **** /**  Insert sint16 into first halfword of a __packhw
1072:../Libraries/iLLD/TC4xx/Tricore/Cpu/Std/IfxCpu_IntrinsicsGcc.h ****  */
1073:../Libraries/iLLD/TC4xx/Tricore/Cpu/Std/IfxCpu_IntrinsicsGcc.h **** IFX_INLINE __packhw Ifx__inserthw1(__packhw a, sint16 b)
1074:../Libraries/iLLD/TC4xx/Tricore/Cpu/Std/IfxCpu_IntrinsicsGcc.h **** {
1075:../Libraries/iLLD/TC4xx/Tricore/Cpu/Std/IfxCpu_IntrinsicsGcc.h ****     __packhw res;
1076:../Libraries/iLLD/TC4xx/Tricore/Cpu/Std/IfxCpu_IntrinsicsGcc.h ****     __asm__ volatile ("insert  %0,%1,%2,0,16"
1077:../Libraries/iLLD/TC4xx/Tricore/Cpu/Std/IfxCpu_IntrinsicsGcc.h ****                       :"=d"(res):"d"(a), "d"(b):"memory");
1078:../Libraries/iLLD/TC4xx/Tricore/Cpu/Std/IfxCpu_IntrinsicsGcc.h ****     return res;
1079:../Libraries/iLLD/TC4xx/Tricore/Cpu/Std/IfxCpu_IntrinsicsGcc.h **** }
1080:../Libraries/iLLD/TC4xx/Tricore/Cpu/Std/IfxCpu_IntrinsicsGcc.h **** 
1081:../Libraries/iLLD/TC4xx/Tricore/Cpu/Std/IfxCpu_IntrinsicsGcc.h **** /**  Insert sint16 into second halfword of a __packhw
1082:../Libraries/iLLD/TC4xx/Tricore/Cpu/Std/IfxCpu_IntrinsicsGcc.h ****  */
1083:../Libraries/iLLD/TC4xx/Tricore/Cpu/Std/IfxCpu_IntrinsicsGcc.h **** IFX_INLINE __packhw Ifx__inserthw2(__packhw a, sint16 b)
1084:../Libraries/iLLD/TC4xx/Tricore/Cpu/Std/IfxCpu_IntrinsicsGcc.h **** {
1085:../Libraries/iLLD/TC4xx/Tricore/Cpu/Std/IfxCpu_IntrinsicsGcc.h ****     __packhw res;
1086:../Libraries/iLLD/TC4xx/Tricore/Cpu/Std/IfxCpu_IntrinsicsGcc.h ****     __asm__ volatile ("insert  %0,%1,%2,16,16"
1087:../Libraries/iLLD/TC4xx/Tricore/Cpu/Std/IfxCpu_IntrinsicsGcc.h ****                       :"=d"(res):"d"(a), "d"(b):"memory");
1088:../Libraries/iLLD/TC4xx/Tricore/Cpu/Std/IfxCpu_IntrinsicsGcc.h ****     return res;
1089:../Libraries/iLLD/TC4xx/Tricore/Cpu/Std/IfxCpu_IntrinsicsGcc.h **** }
1090:../Libraries/iLLD/TC4xx/Tricore/Cpu/Std/IfxCpu_IntrinsicsGcc.h **** 
1091:../Libraries/iLLD/TC4xx/Tricore/Cpu/Std/IfxCpu_IntrinsicsGcc.h **** /** Insert uint16 into first halfword of a __upackhw
1092:../Libraries/iLLD/TC4xx/Tricore/Cpu/Std/IfxCpu_IntrinsicsGcc.h ****  */
1093:../Libraries/iLLD/TC4xx/Tricore/Cpu/Std/IfxCpu_IntrinsicsGcc.h **** IFX_INLINE __upackhw    Ifx__insertuhw1( __upackhw a, uint16 b)
1094:../Libraries/iLLD/TC4xx/Tricore/Cpu/Std/IfxCpu_IntrinsicsGcc.h **** {
1095:../Libraries/iLLD/TC4xx/Tricore/Cpu/Std/IfxCpu_IntrinsicsGcc.h ****     __upackhw res;
1096:../Libraries/iLLD/TC4xx/Tricore/Cpu/Std/IfxCpu_IntrinsicsGcc.h ****     __asm__ volatile ("insert  %0,%1,%2,0,16"
1097:../Libraries/iLLD/TC4xx/Tricore/Cpu/Std/IfxCpu_IntrinsicsGcc.h ****                       :"=d"(res):"d"(a), "d"(b):"memory");
1098:../Libraries/iLLD/TC4xx/Tricore/Cpu/Std/IfxCpu_IntrinsicsGcc.h ****     return res;
1099:../Libraries/iLLD/TC4xx/Tricore/Cpu/Std/IfxCpu_IntrinsicsGcc.h **** }
1100:../Libraries/iLLD/TC4xx/Tricore/Cpu/Std/IfxCpu_IntrinsicsGcc.h **** 
1101:../Libraries/iLLD/TC4xx/Tricore/Cpu/Std/IfxCpu_IntrinsicsGcc.h **** /** Insert uint16 into second halfword of a __upackhw
1102:../Libraries/iLLD/TC4xx/Tricore/Cpu/Std/IfxCpu_IntrinsicsGcc.h ****  */
1103:../Libraries/iLLD/TC4xx/Tricore/Cpu/Std/IfxCpu_IntrinsicsGcc.h **** IFX_INLINE __upackhw    Ifx__insertuhw2( __upackhw a, uint16 b)
1104:../Libraries/iLLD/TC4xx/Tricore/Cpu/Std/IfxCpu_IntrinsicsGcc.h **** {
1105:../Libraries/iLLD/TC4xx/Tricore/Cpu/Std/IfxCpu_IntrinsicsGcc.h ****     __upackhw res;
1106:../Libraries/iLLD/TC4xx/Tricore/Cpu/Std/IfxCpu_IntrinsicsGcc.h ****     __asm__ volatile ("insert  %0,%1,%2,16,16"
1107:../Libraries/iLLD/TC4xx/Tricore/Cpu/Std/IfxCpu_IntrinsicsGcc.h ****                       :"=d"(res):"d"(a), "d"(b):"memory");
1108:../Libraries/iLLD/TC4xx/Tricore/Cpu/Std/IfxCpu_IntrinsicsGcc.h ****     return res;
1109:../Libraries/iLLD/TC4xx/Tricore/Cpu/Std/IfxCpu_IntrinsicsGcc.h **** }
1110:../Libraries/iLLD/TC4xx/Tricore/Cpu/Std/IfxCpu_IntrinsicsGcc.h **** 
1111:../Libraries/iLLD/TC4xx/Tricore/Cpu/Std/IfxCpu_IntrinsicsGcc.h **** /**  Minimum of two  __packb values
1112:../Libraries/iLLD/TC4xx/Tricore/Cpu/Std/IfxCpu_IntrinsicsGcc.h ****  */
1113:../Libraries/iLLD/TC4xx/Tricore/Cpu/Std/IfxCpu_IntrinsicsGcc.h **** IFX_INLINE __packb Ifx__minb(__packb a, __packb b)
1114:../Libraries/iLLD/TC4xx/Tricore/Cpu/Std/IfxCpu_IntrinsicsGcc.h **** {
1115:../Libraries/iLLD/TC4xx/Tricore/Cpu/Std/IfxCpu_IntrinsicsGcc.h ****     __packb res;
1116:../Libraries/iLLD/TC4xx/Tricore/Cpu/Std/IfxCpu_IntrinsicsGcc.h ****     __asm__ volatile ("min.b %0,%1,%2"
1117:../Libraries/iLLD/TC4xx/Tricore/Cpu/Std/IfxCpu_IntrinsicsGcc.h ****                       :"=d"(res):"d"(a), "d"(b):"memory");
1118:../Libraries/iLLD/TC4xx/Tricore/Cpu/Std/IfxCpu_IntrinsicsGcc.h ****     return res;
1119:../Libraries/iLLD/TC4xx/Tricore/Cpu/Std/IfxCpu_IntrinsicsGcc.h **** }
1120:../Libraries/iLLD/TC4xx/Tricore/Cpu/Std/IfxCpu_IntrinsicsGcc.h **** 
1121:../Libraries/iLLD/TC4xx/Tricore/Cpu/Std/IfxCpu_IntrinsicsGcc.h **** /**  Minimum of two __upackb  values
1122:../Libraries/iLLD/TC4xx/Tricore/Cpu/Std/IfxCpu_IntrinsicsGcc.h ****  */
1123:../Libraries/iLLD/TC4xx/Tricore/Cpu/Std/IfxCpu_IntrinsicsGcc.h **** IFX_INLINE __upackb     Ifx__minbu( __upackb  a, __upackb  b)
1124:../Libraries/iLLD/TC4xx/Tricore/Cpu/Std/IfxCpu_IntrinsicsGcc.h **** {
1125:../Libraries/iLLD/TC4xx/Tricore/Cpu/Std/IfxCpu_IntrinsicsGcc.h ****     __upackb res;
1126:../Libraries/iLLD/TC4xx/Tricore/Cpu/Std/IfxCpu_IntrinsicsGcc.h ****     __asm__ volatile ("min.bu %0,%1,%2"
1127:../Libraries/iLLD/TC4xx/Tricore/Cpu/Std/IfxCpu_IntrinsicsGcc.h ****                       :"=d"(res):"d"(a), "d"(b):"memory");
1128:../Libraries/iLLD/TC4xx/Tricore/Cpu/Std/IfxCpu_IntrinsicsGcc.h ****     return res;
1129:../Libraries/iLLD/TC4xx/Tricore/Cpu/Std/IfxCpu_IntrinsicsGcc.h **** }
1130:../Libraries/iLLD/TC4xx/Tricore/Cpu/Std/IfxCpu_IntrinsicsGcc.h **** 
1131:../Libraries/iLLD/TC4xx/Tricore/Cpu/Std/IfxCpu_IntrinsicsGcc.h **** /**  Minimum of two  __packhw values
1132:../Libraries/iLLD/TC4xx/Tricore/Cpu/Std/IfxCpu_IntrinsicsGcc.h ****  */
1133:../Libraries/iLLD/TC4xx/Tricore/Cpu/Std/IfxCpu_IntrinsicsGcc.h **** IFX_INLINE __packhw Ifx__minh(__packhw a, __packhw b)
1134:../Libraries/iLLD/TC4xx/Tricore/Cpu/Std/IfxCpu_IntrinsicsGcc.h **** {
1135:../Libraries/iLLD/TC4xx/Tricore/Cpu/Std/IfxCpu_IntrinsicsGcc.h ****     __packhw res;
1136:../Libraries/iLLD/TC4xx/Tricore/Cpu/Std/IfxCpu_IntrinsicsGcc.h ****     __asm__ volatile ("min.h %0,%1,%2"
1137:../Libraries/iLLD/TC4xx/Tricore/Cpu/Std/IfxCpu_IntrinsicsGcc.h ****                       :"=d"(res):"d"(a), "d"(b):"memory");
1138:../Libraries/iLLD/TC4xx/Tricore/Cpu/Std/IfxCpu_IntrinsicsGcc.h ****     return res;
1139:../Libraries/iLLD/TC4xx/Tricore/Cpu/Std/IfxCpu_IntrinsicsGcc.h **** }
1140:../Libraries/iLLD/TC4xx/Tricore/Cpu/Std/IfxCpu_IntrinsicsGcc.h **** 
1141:../Libraries/iLLD/TC4xx/Tricore/Cpu/Std/IfxCpu_IntrinsicsGcc.h **** /**  Minimum of two __upackhw values
1142:../Libraries/iLLD/TC4xx/Tricore/Cpu/Std/IfxCpu_IntrinsicsGcc.h ****  */
1143:../Libraries/iLLD/TC4xx/Tricore/Cpu/Std/IfxCpu_IntrinsicsGcc.h **** IFX_INLINE __upackhw    Ifx__minhu( __upackhw a, __upackhw b)
1144:../Libraries/iLLD/TC4xx/Tricore/Cpu/Std/IfxCpu_IntrinsicsGcc.h **** {
1145:../Libraries/iLLD/TC4xx/Tricore/Cpu/Std/IfxCpu_IntrinsicsGcc.h ****     __upackhw res;
1146:../Libraries/iLLD/TC4xx/Tricore/Cpu/Std/IfxCpu_IntrinsicsGcc.h ****     __asm__ volatile ("min.hu %0,%1,%2"
1147:../Libraries/iLLD/TC4xx/Tricore/Cpu/Std/IfxCpu_IntrinsicsGcc.h ****                       :"=d"(res):"d"(a), "d"(b):"memory");
1148:../Libraries/iLLD/TC4xx/Tricore/Cpu/Std/IfxCpu_IntrinsicsGcc.h ****     return res;
1149:../Libraries/iLLD/TC4xx/Tricore/Cpu/Std/IfxCpu_IntrinsicsGcc.h **** }
1150:../Libraries/iLLD/TC4xx/Tricore/Cpu/Std/IfxCpu_IntrinsicsGcc.h **** 
1151:../Libraries/iLLD/TC4xx/Tricore/Cpu/Std/IfxCpu_IntrinsicsGcc.h **** /**  Insert sint8 into first byte of a __packb
1152:../Libraries/iLLD/TC4xx/Tricore/Cpu/Std/IfxCpu_IntrinsicsGcc.h ****  */
1153:../Libraries/iLLD/TC4xx/Tricore/Cpu/Std/IfxCpu_IntrinsicsGcc.h **** IFX_INLINE void Ifx__setbyte1(__packb* a, sint8 b)
1154:../Libraries/iLLD/TC4xx/Tricore/Cpu/Std/IfxCpu_IntrinsicsGcc.h **** {
1155:../Libraries/iLLD/TC4xx/Tricore/Cpu/Std/IfxCpu_IntrinsicsGcc.h ****     __asm__ volatile ("ld.w  %%d15,[%0] \n\
1156:../Libraries/iLLD/TC4xx/Tricore/Cpu/Std/IfxCpu_IntrinsicsGcc.h ****                     insert  %%d15,%%d15,%1,0,8 \n\
1157:../Libraries/iLLD/TC4xx/Tricore/Cpu/Std/IfxCpu_IntrinsicsGcc.h ****                     st.w [%0],%%d15"
1158:../Libraries/iLLD/TC4xx/Tricore/Cpu/Std/IfxCpu_IntrinsicsGcc.h ****                       ::"a"(a), "d"(b):"d15", "memory");
1159:../Libraries/iLLD/TC4xx/Tricore/Cpu/Std/IfxCpu_IntrinsicsGcc.h **** }
1160:../Libraries/iLLD/TC4xx/Tricore/Cpu/Std/IfxCpu_IntrinsicsGcc.h **** 
1161:../Libraries/iLLD/TC4xx/Tricore/Cpu/Std/IfxCpu_IntrinsicsGcc.h **** /**  Insert sint8 into second byte of a __packb
1162:../Libraries/iLLD/TC4xx/Tricore/Cpu/Std/IfxCpu_IntrinsicsGcc.h ****  */
1163:../Libraries/iLLD/TC4xx/Tricore/Cpu/Std/IfxCpu_IntrinsicsGcc.h **** IFX_INLINE void Ifx__setbyte2(__packb* a, sint8 b)
1164:../Libraries/iLLD/TC4xx/Tricore/Cpu/Std/IfxCpu_IntrinsicsGcc.h **** {
1165:../Libraries/iLLD/TC4xx/Tricore/Cpu/Std/IfxCpu_IntrinsicsGcc.h ****     __asm__ volatile ("ld.w  %%d15,[%0] \n\
1166:../Libraries/iLLD/TC4xx/Tricore/Cpu/Std/IfxCpu_IntrinsicsGcc.h ****                     insert  %%d15,%%d15,%1,8,8 \n\
1167:../Libraries/iLLD/TC4xx/Tricore/Cpu/Std/IfxCpu_IntrinsicsGcc.h ****                     st.w [%0],%%d15"
1168:../Libraries/iLLD/TC4xx/Tricore/Cpu/Std/IfxCpu_IntrinsicsGcc.h ****                       ::"a"(a), "d"(b):"d15", "memory");
1169:../Libraries/iLLD/TC4xx/Tricore/Cpu/Std/IfxCpu_IntrinsicsGcc.h **** }
1170:../Libraries/iLLD/TC4xx/Tricore/Cpu/Std/IfxCpu_IntrinsicsGcc.h **** 
1171:../Libraries/iLLD/TC4xx/Tricore/Cpu/Std/IfxCpu_IntrinsicsGcc.h **** /**  Insert sint8 into third byte of a __packb
1172:../Libraries/iLLD/TC4xx/Tricore/Cpu/Std/IfxCpu_IntrinsicsGcc.h ****  */
1173:../Libraries/iLLD/TC4xx/Tricore/Cpu/Std/IfxCpu_IntrinsicsGcc.h **** IFX_INLINE void Ifx__setbyte3(__packb* a, sint8 b)
1174:../Libraries/iLLD/TC4xx/Tricore/Cpu/Std/IfxCpu_IntrinsicsGcc.h **** {
1175:../Libraries/iLLD/TC4xx/Tricore/Cpu/Std/IfxCpu_IntrinsicsGcc.h ****     __asm__ volatile ("ld.w  %%d15,[%0] \n\
1176:../Libraries/iLLD/TC4xx/Tricore/Cpu/Std/IfxCpu_IntrinsicsGcc.h ****                     insert  %%d15,%%d15,%1,16,8 \n\
1177:../Libraries/iLLD/TC4xx/Tricore/Cpu/Std/IfxCpu_IntrinsicsGcc.h ****                     st.w [%0],%%d15"
1178:../Libraries/iLLD/TC4xx/Tricore/Cpu/Std/IfxCpu_IntrinsicsGcc.h ****                       ::"a"(a), "d"(b):"d15", "memory");
1179:../Libraries/iLLD/TC4xx/Tricore/Cpu/Std/IfxCpu_IntrinsicsGcc.h **** }
1180:../Libraries/iLLD/TC4xx/Tricore/Cpu/Std/IfxCpu_IntrinsicsGcc.h **** 
1181:../Libraries/iLLD/TC4xx/Tricore/Cpu/Std/IfxCpu_IntrinsicsGcc.h **** /**  Insert sint8 into fourth byte of a __packb
1182:../Libraries/iLLD/TC4xx/Tricore/Cpu/Std/IfxCpu_IntrinsicsGcc.h ****  */
1183:../Libraries/iLLD/TC4xx/Tricore/Cpu/Std/IfxCpu_IntrinsicsGcc.h **** IFX_INLINE void Ifx__setbyte4(__packb* a, sint8 b)
1184:../Libraries/iLLD/TC4xx/Tricore/Cpu/Std/IfxCpu_IntrinsicsGcc.h **** {
1185:../Libraries/iLLD/TC4xx/Tricore/Cpu/Std/IfxCpu_IntrinsicsGcc.h ****     __asm__ volatile ("ld.w  %%d15,[%0] \n\
1186:../Libraries/iLLD/TC4xx/Tricore/Cpu/Std/IfxCpu_IntrinsicsGcc.h ****                     insert  %%d15,%%d15,%1,24,8 \n\
1187:../Libraries/iLLD/TC4xx/Tricore/Cpu/Std/IfxCpu_IntrinsicsGcc.h ****                     st.w [%0],%%d15"
1188:../Libraries/iLLD/TC4xx/Tricore/Cpu/Std/IfxCpu_IntrinsicsGcc.h ****                       ::"a"(a), "d"(b):"d15", "memory");
1189:../Libraries/iLLD/TC4xx/Tricore/Cpu/Std/IfxCpu_IntrinsicsGcc.h **** }
1190:../Libraries/iLLD/TC4xx/Tricore/Cpu/Std/IfxCpu_IntrinsicsGcc.h **** 
1191:../Libraries/iLLD/TC4xx/Tricore/Cpu/Std/IfxCpu_IntrinsicsGcc.h **** /**  Insert sint16 into first halfword of a __packhw
1192:../Libraries/iLLD/TC4xx/Tricore/Cpu/Std/IfxCpu_IntrinsicsGcc.h ****  */
1193:../Libraries/iLLD/TC4xx/Tricore/Cpu/Std/IfxCpu_IntrinsicsGcc.h **** IFX_INLINE void Ifx__sethw1(__packhw* a, sint16 b)
1194:../Libraries/iLLD/TC4xx/Tricore/Cpu/Std/IfxCpu_IntrinsicsGcc.h **** {
1195:../Libraries/iLLD/TC4xx/Tricore/Cpu/Std/IfxCpu_IntrinsicsGcc.h ****     __asm__ volatile ("ld.w  %%d15,[%0] \n\
1196:../Libraries/iLLD/TC4xx/Tricore/Cpu/Std/IfxCpu_IntrinsicsGcc.h ****                     insert  %%d15,%%d15,%1,0,16 \n\
1197:../Libraries/iLLD/TC4xx/Tricore/Cpu/Std/IfxCpu_IntrinsicsGcc.h ****                     st.w [%0],%%d15"
1198:../Libraries/iLLD/TC4xx/Tricore/Cpu/Std/IfxCpu_IntrinsicsGcc.h ****                       ::"a"(a), "d"(b):"d15", "memory");
1199:../Libraries/iLLD/TC4xx/Tricore/Cpu/Std/IfxCpu_IntrinsicsGcc.h **** }
1200:../Libraries/iLLD/TC4xx/Tricore/Cpu/Std/IfxCpu_IntrinsicsGcc.h **** 
1201:../Libraries/iLLD/TC4xx/Tricore/Cpu/Std/IfxCpu_IntrinsicsGcc.h **** /**  Insert sint16 into second halfword of a __packhw
1202:../Libraries/iLLD/TC4xx/Tricore/Cpu/Std/IfxCpu_IntrinsicsGcc.h ****  */
1203:../Libraries/iLLD/TC4xx/Tricore/Cpu/Std/IfxCpu_IntrinsicsGcc.h **** IFX_INLINE void Ifx__sethw2(__packhw* a, sint16 b)
1204:../Libraries/iLLD/TC4xx/Tricore/Cpu/Std/IfxCpu_IntrinsicsGcc.h **** {
1205:../Libraries/iLLD/TC4xx/Tricore/Cpu/Std/IfxCpu_IntrinsicsGcc.h ****     __asm__ volatile ("ld.w  %%d15,[%0] \n\
1206:../Libraries/iLLD/TC4xx/Tricore/Cpu/Std/IfxCpu_IntrinsicsGcc.h ****                     insert  %%d15,%%d15,%1,16,16 \n\
1207:../Libraries/iLLD/TC4xx/Tricore/Cpu/Std/IfxCpu_IntrinsicsGcc.h ****                     st.w [%0],%%d15"
1208:../Libraries/iLLD/TC4xx/Tricore/Cpu/Std/IfxCpu_IntrinsicsGcc.h ****                       ::"a"(a), "d"(b):"d15", "memory");
1209:../Libraries/iLLD/TC4xx/Tricore/Cpu/Std/IfxCpu_IntrinsicsGcc.h **** }
1210:../Libraries/iLLD/TC4xx/Tricore/Cpu/Std/IfxCpu_IntrinsicsGcc.h **** 
1211:../Libraries/iLLD/TC4xx/Tricore/Cpu/Std/IfxCpu_IntrinsicsGcc.h **** /**  Insert uint8 into first byte of a __upackb
1212:../Libraries/iLLD/TC4xx/Tricore/Cpu/Std/IfxCpu_IntrinsicsGcc.h ****  */
1213:../Libraries/iLLD/TC4xx/Tricore/Cpu/Std/IfxCpu_IntrinsicsGcc.h **** IFX_INLINE void Ifx__setubyte1(__upackb* a, uint8 b)
1214:../Libraries/iLLD/TC4xx/Tricore/Cpu/Std/IfxCpu_IntrinsicsGcc.h **** {
1215:../Libraries/iLLD/TC4xx/Tricore/Cpu/Std/IfxCpu_IntrinsicsGcc.h ****     __asm__ volatile ("ld.w  %%d15,[%0] \n\
1216:../Libraries/iLLD/TC4xx/Tricore/Cpu/Std/IfxCpu_IntrinsicsGcc.h ****                     insert  %%d15,%%d15,%1,0,8 \n\
1217:../Libraries/iLLD/TC4xx/Tricore/Cpu/Std/IfxCpu_IntrinsicsGcc.h ****                     st.w [%0],%%d15"
1218:../Libraries/iLLD/TC4xx/Tricore/Cpu/Std/IfxCpu_IntrinsicsGcc.h ****                       ::"a"(a), "d"(b):"d15", "memory");
1219:../Libraries/iLLD/TC4xx/Tricore/Cpu/Std/IfxCpu_IntrinsicsGcc.h **** }
1220:../Libraries/iLLD/TC4xx/Tricore/Cpu/Std/IfxCpu_IntrinsicsGcc.h **** 
1221:../Libraries/iLLD/TC4xx/Tricore/Cpu/Std/IfxCpu_IntrinsicsGcc.h **** /**  Insert uint8 into second byte of a __upackb
1222:../Libraries/iLLD/TC4xx/Tricore/Cpu/Std/IfxCpu_IntrinsicsGcc.h ****  */
1223:../Libraries/iLLD/TC4xx/Tricore/Cpu/Std/IfxCpu_IntrinsicsGcc.h **** IFX_INLINE void Ifx__setubyte2(__upackb* a, uint8 b)
1224:../Libraries/iLLD/TC4xx/Tricore/Cpu/Std/IfxCpu_IntrinsicsGcc.h **** {
1225:../Libraries/iLLD/TC4xx/Tricore/Cpu/Std/IfxCpu_IntrinsicsGcc.h ****     __asm__ volatile ("ld.w  %%d15,[%0] \n\
1226:../Libraries/iLLD/TC4xx/Tricore/Cpu/Std/IfxCpu_IntrinsicsGcc.h ****                     insert  %%d15,%%d15,%1,8,8 \n\
1227:../Libraries/iLLD/TC4xx/Tricore/Cpu/Std/IfxCpu_IntrinsicsGcc.h ****                     st.w [%0],%%d15"
1228:../Libraries/iLLD/TC4xx/Tricore/Cpu/Std/IfxCpu_IntrinsicsGcc.h ****                       ::"a"(a), "d"(b):"d15", "memory");
1229:../Libraries/iLLD/TC4xx/Tricore/Cpu/Std/IfxCpu_IntrinsicsGcc.h **** }
1230:../Libraries/iLLD/TC4xx/Tricore/Cpu/Std/IfxCpu_IntrinsicsGcc.h **** 
1231:../Libraries/iLLD/TC4xx/Tricore/Cpu/Std/IfxCpu_IntrinsicsGcc.h **** /**  Insert uint8 into third byte of a __upackb
1232:../Libraries/iLLD/TC4xx/Tricore/Cpu/Std/IfxCpu_IntrinsicsGcc.h ****  */
1233:../Libraries/iLLD/TC4xx/Tricore/Cpu/Std/IfxCpu_IntrinsicsGcc.h **** IFX_INLINE void Ifx__setubyte3(__upackb* a, uint8 b)
1234:../Libraries/iLLD/TC4xx/Tricore/Cpu/Std/IfxCpu_IntrinsicsGcc.h **** {
1235:../Libraries/iLLD/TC4xx/Tricore/Cpu/Std/IfxCpu_IntrinsicsGcc.h ****     __asm__ volatile ("ld.w  %%d15,[%0] \n\
1236:../Libraries/iLLD/TC4xx/Tricore/Cpu/Std/IfxCpu_IntrinsicsGcc.h ****                     insert  %%d15,%%d15,%1,16,8 \n\
1237:../Libraries/iLLD/TC4xx/Tricore/Cpu/Std/IfxCpu_IntrinsicsGcc.h ****                     st.w [%0],%%d15"
1238:../Libraries/iLLD/TC4xx/Tricore/Cpu/Std/IfxCpu_IntrinsicsGcc.h ****                       ::"a"(a), "d"(b):"d15", "memory");
1239:../Libraries/iLLD/TC4xx/Tricore/Cpu/Std/IfxCpu_IntrinsicsGcc.h **** }
1240:../Libraries/iLLD/TC4xx/Tricore/Cpu/Std/IfxCpu_IntrinsicsGcc.h **** 
1241:../Libraries/iLLD/TC4xx/Tricore/Cpu/Std/IfxCpu_IntrinsicsGcc.h **** /**  Insert uint8 into fourth byte of a __upackb
1242:../Libraries/iLLD/TC4xx/Tricore/Cpu/Std/IfxCpu_IntrinsicsGcc.h ****  */
1243:../Libraries/iLLD/TC4xx/Tricore/Cpu/Std/IfxCpu_IntrinsicsGcc.h **** IFX_INLINE void Ifx__setubyte4(__upackb* a, uint8 b)
1244:../Libraries/iLLD/TC4xx/Tricore/Cpu/Std/IfxCpu_IntrinsicsGcc.h **** {
1245:../Libraries/iLLD/TC4xx/Tricore/Cpu/Std/IfxCpu_IntrinsicsGcc.h ****     __asm__ volatile ("ld.w  %%d15,[%0] \n\
1246:../Libraries/iLLD/TC4xx/Tricore/Cpu/Std/IfxCpu_IntrinsicsGcc.h ****                     insert  %%d15,%%d15,%1,24,8 \n\
1247:../Libraries/iLLD/TC4xx/Tricore/Cpu/Std/IfxCpu_IntrinsicsGcc.h ****                     st.w [%0],%%d15"
1248:../Libraries/iLLD/TC4xx/Tricore/Cpu/Std/IfxCpu_IntrinsicsGcc.h ****                       ::"a"(a), "d"(b):"d15", "memory");
1249:../Libraries/iLLD/TC4xx/Tricore/Cpu/Std/IfxCpu_IntrinsicsGcc.h **** }
1250:../Libraries/iLLD/TC4xx/Tricore/Cpu/Std/IfxCpu_IntrinsicsGcc.h **** 
1251:../Libraries/iLLD/TC4xx/Tricore/Cpu/Std/IfxCpu_IntrinsicsGcc.h **** /**  Insert uint16 into first halfword of a __upackhw
1252:../Libraries/iLLD/TC4xx/Tricore/Cpu/Std/IfxCpu_IntrinsicsGcc.h ****  */
1253:../Libraries/iLLD/TC4xx/Tricore/Cpu/Std/IfxCpu_IntrinsicsGcc.h **** IFX_INLINE void Ifx__setuhw1(__upackhw* a, uint16 b)
1254:../Libraries/iLLD/TC4xx/Tricore/Cpu/Std/IfxCpu_IntrinsicsGcc.h **** {
1255:../Libraries/iLLD/TC4xx/Tricore/Cpu/Std/IfxCpu_IntrinsicsGcc.h ****     __asm__ volatile ("ld.w  %%d15,[%0] \n\
1256:../Libraries/iLLD/TC4xx/Tricore/Cpu/Std/IfxCpu_IntrinsicsGcc.h ****                     insert  %%d15,%%d15,%1,0,16 \n\
1257:../Libraries/iLLD/TC4xx/Tricore/Cpu/Std/IfxCpu_IntrinsicsGcc.h ****                     st.w [%0],%%d15"
1258:../Libraries/iLLD/TC4xx/Tricore/Cpu/Std/IfxCpu_IntrinsicsGcc.h ****                       ::"a"(a), "d"(b):"d15", "memory");
1259:../Libraries/iLLD/TC4xx/Tricore/Cpu/Std/IfxCpu_IntrinsicsGcc.h **** }
1260:../Libraries/iLLD/TC4xx/Tricore/Cpu/Std/IfxCpu_IntrinsicsGcc.h **** 
1261:../Libraries/iLLD/TC4xx/Tricore/Cpu/Std/IfxCpu_IntrinsicsGcc.h **** /**  Insert uint16 into second halfword of a __upackhw
1262:../Libraries/iLLD/TC4xx/Tricore/Cpu/Std/IfxCpu_IntrinsicsGcc.h ****  */
1263:../Libraries/iLLD/TC4xx/Tricore/Cpu/Std/IfxCpu_IntrinsicsGcc.h **** IFX_INLINE void Ifx__setuhw2(__upackhw* a, uint16 b)
1264:../Libraries/iLLD/TC4xx/Tricore/Cpu/Std/IfxCpu_IntrinsicsGcc.h **** {
1265:../Libraries/iLLD/TC4xx/Tricore/Cpu/Std/IfxCpu_IntrinsicsGcc.h ****     __asm__ volatile ("ld.w  %%d15,[%0] \n\
1266:../Libraries/iLLD/TC4xx/Tricore/Cpu/Std/IfxCpu_IntrinsicsGcc.h ****                     insert  %%d15,%%d15,%1,16,16 \n\
1267:../Libraries/iLLD/TC4xx/Tricore/Cpu/Std/IfxCpu_IntrinsicsGcc.h ****                     st.w [%0],%%d15"
1268:../Libraries/iLLD/TC4xx/Tricore/Cpu/Std/IfxCpu_IntrinsicsGcc.h ****                       ::"a"(a), "d"(b):"d15", "memory");
1269:../Libraries/iLLD/TC4xx/Tricore/Cpu/Std/IfxCpu_IntrinsicsGcc.h **** }
1270:../Libraries/iLLD/TC4xx/Tricore/Cpu/Std/IfxCpu_IntrinsicsGcc.h **** 
1271:../Libraries/iLLD/TC4xx/Tricore/Cpu/Std/IfxCpu_IntrinsicsGcc.h **** /** \} */
1272:../Libraries/iLLD/TC4xx/Tricore/Cpu/Std/IfxCpu_IntrinsicsGcc.h **** 
1273:../Libraries/iLLD/TC4xx/Tricore/Cpu/Std/IfxCpu_IntrinsicsGcc.h **** /** \defgroup IfxLld_Cpu_Intrinsics_Gnucregister Register Handling
1274:../Libraries/iLLD/TC4xx/Tricore/Cpu/Std/IfxCpu_IntrinsicsGcc.h ****  The next table provides an overview of the intrinsic functions that you can use to access control 
1275:../Libraries/iLLD/TC4xx/Tricore/Cpu/Std/IfxCpu_IntrinsicsGcc.h ****  * \ingroup IfxLld_Cpu_Intrinsics_Gnuc
1276:../Libraries/iLLD/TC4xx/Tricore/Cpu/Std/IfxCpu_IntrinsicsGcc.h ****  * \{
1277:../Libraries/iLLD/TC4xx/Tricore/Cpu/Std/IfxCpu_IntrinsicsGcc.h ****  */
1278:../Libraries/iLLD/TC4xx/Tricore/Cpu/Std/IfxCpu_IntrinsicsGcc.h **** 
1279:../Libraries/iLLD/TC4xx/Tricore/Cpu/Std/IfxCpu_IntrinsicsGcc.h **** /**  Return absolute value
1280:../Libraries/iLLD/TC4xx/Tricore/Cpu/Std/IfxCpu_IntrinsicsGcc.h ****  */
1281:../Libraries/iLLD/TC4xx/Tricore/Cpu/Std/IfxCpu_IntrinsicsGcc.h **** #define Ifx__abs(a) __builtin_abs(a)
1282:../Libraries/iLLD/TC4xx/Tricore/Cpu/Std/IfxCpu_IntrinsicsGcc.h **** 
1283:../Libraries/iLLD/TC4xx/Tricore/Cpu/Std/IfxCpu_IntrinsicsGcc.h **** /** Return absolue difference of two integers
1284:../Libraries/iLLD/TC4xx/Tricore/Cpu/Std/IfxCpu_IntrinsicsGcc.h ****  */
1285:../Libraries/iLLD/TC4xx/Tricore/Cpu/Std/IfxCpu_IntrinsicsGcc.h **** IFX_INLINE sint32 Ifx__absdif(sint32 a, sint32 b)
1286:../Libraries/iLLD/TC4xx/Tricore/Cpu/Std/IfxCpu_IntrinsicsGcc.h **** {
1287:../Libraries/iLLD/TC4xx/Tricore/Cpu/Std/IfxCpu_IntrinsicsGcc.h ****     sint32 res;
1288:../Libraries/iLLD/TC4xx/Tricore/Cpu/Std/IfxCpu_IntrinsicsGcc.h ****     __asm__ volatile ("absdif %0, %1, %2": "=d" (res) : "d" (a), "d" (b));
1289:../Libraries/iLLD/TC4xx/Tricore/Cpu/Std/IfxCpu_IntrinsicsGcc.h ****     return res;
1290:../Libraries/iLLD/TC4xx/Tricore/Cpu/Std/IfxCpu_IntrinsicsGcc.h **** }
1291:../Libraries/iLLD/TC4xx/Tricore/Cpu/Std/IfxCpu_IntrinsicsGcc.h **** 
1292:../Libraries/iLLD/TC4xx/Tricore/Cpu/Std/IfxCpu_IntrinsicsGcc.h **** /**  Return absolute value with saturation
1293:../Libraries/iLLD/TC4xx/Tricore/Cpu/Std/IfxCpu_IntrinsicsGcc.h ****  */
1294:../Libraries/iLLD/TC4xx/Tricore/Cpu/Std/IfxCpu_IntrinsicsGcc.h **** IFX_INLINE sint32 Ifx__abss(sint32 a)
1295:../Libraries/iLLD/TC4xx/Tricore/Cpu/Std/IfxCpu_IntrinsicsGcc.h **** {
1296:../Libraries/iLLD/TC4xx/Tricore/Cpu/Std/IfxCpu_IntrinsicsGcc.h ****     sint32 res;
1297:../Libraries/iLLD/TC4xx/Tricore/Cpu/Std/IfxCpu_IntrinsicsGcc.h ****     __asm__ volatile ("abss %0, %1": "=d" (res) : "d" (a));
1298:../Libraries/iLLD/TC4xx/Tricore/Cpu/Std/IfxCpu_IntrinsicsGcc.h ****     return res;
1299:../Libraries/iLLD/TC4xx/Tricore/Cpu/Std/IfxCpu_IntrinsicsGcc.h **** }
1300:../Libraries/iLLD/TC4xx/Tricore/Cpu/Std/IfxCpu_IntrinsicsGcc.h **** 
1301:../Libraries/iLLD/TC4xx/Tricore/Cpu/Std/IfxCpu_IntrinsicsGcc.h **** /**  Count leading ones in int
1302:../Libraries/iLLD/TC4xx/Tricore/Cpu/Std/IfxCpu_IntrinsicsGcc.h ****  */
1303:../Libraries/iLLD/TC4xx/Tricore/Cpu/Std/IfxCpu_IntrinsicsGcc.h **** IFX_INLINE sint32 Ifx__clo(sint32 a)
1304:../Libraries/iLLD/TC4xx/Tricore/Cpu/Std/IfxCpu_IntrinsicsGcc.h **** {
1305:../Libraries/iLLD/TC4xx/Tricore/Cpu/Std/IfxCpu_IntrinsicsGcc.h ****     sint32 res;
1306:../Libraries/iLLD/TC4xx/Tricore/Cpu/Std/IfxCpu_IntrinsicsGcc.h ****     __asm__ volatile ("clo %0,%1":"=d"(res):"d"(a));
1307:../Libraries/iLLD/TC4xx/Tricore/Cpu/Std/IfxCpu_IntrinsicsGcc.h ****     return res;
1308:../Libraries/iLLD/TC4xx/Tricore/Cpu/Std/IfxCpu_IntrinsicsGcc.h **** }
1309:../Libraries/iLLD/TC4xx/Tricore/Cpu/Std/IfxCpu_IntrinsicsGcc.h **** 
1310:../Libraries/iLLD/TC4xx/Tricore/Cpu/Std/IfxCpu_IntrinsicsGcc.h **** /**  Count number of redundant sign bits (all consecutive bits with the same value as bit 31
1311:../Libraries/iLLD/TC4xx/Tricore/Cpu/Std/IfxCpu_IntrinsicsGcc.h ****  */
1312:../Libraries/iLLD/TC4xx/Tricore/Cpu/Std/IfxCpu_IntrinsicsGcc.h **** IFX_INLINE sint32 Ifx__cls(sint32 a)
1313:../Libraries/iLLD/TC4xx/Tricore/Cpu/Std/IfxCpu_IntrinsicsGcc.h **** {
1314:../Libraries/iLLD/TC4xx/Tricore/Cpu/Std/IfxCpu_IntrinsicsGcc.h ****     sint32 res;
1315:../Libraries/iLLD/TC4xx/Tricore/Cpu/Std/IfxCpu_IntrinsicsGcc.h ****     __asm__ volatile ("cls %0,%1":"=d"(res):"d"(a));
1316:../Libraries/iLLD/TC4xx/Tricore/Cpu/Std/IfxCpu_IntrinsicsGcc.h ****     return res;
1317:../Libraries/iLLD/TC4xx/Tricore/Cpu/Std/IfxCpu_IntrinsicsGcc.h **** }
1318:../Libraries/iLLD/TC4xx/Tricore/Cpu/Std/IfxCpu_IntrinsicsGcc.h **** 
1319:../Libraries/iLLD/TC4xx/Tricore/Cpu/Std/IfxCpu_IntrinsicsGcc.h **** /**  Count leading zeros in int
1320:../Libraries/iLLD/TC4xx/Tricore/Cpu/Std/IfxCpu_IntrinsicsGcc.h ****  */
1321:../Libraries/iLLD/TC4xx/Tricore/Cpu/Std/IfxCpu_IntrinsicsGcc.h **** #define  Ifx__clz(a) __builtin_clz(a)
1322:../Libraries/iLLD/TC4xx/Tricore/Cpu/Std/IfxCpu_IntrinsicsGcc.h **** 
1323:../Libraries/iLLD/TC4xx/Tricore/Cpu/Std/IfxCpu_IntrinsicsGcc.h **** /**  Return absolute double precision floating-point value
1324:../Libraries/iLLD/TC4xx/Tricore/Cpu/Std/IfxCpu_IntrinsicsGcc.h ****  */
1325:../Libraries/iLLD/TC4xx/Tricore/Cpu/Std/IfxCpu_IntrinsicsGcc.h **** IFX_INLINE double Ifx__fabs(double d)
1326:../Libraries/iLLD/TC4xx/Tricore/Cpu/Std/IfxCpu_IntrinsicsGcc.h **** {
1327:../Libraries/iLLD/TC4xx/Tricore/Cpu/Std/IfxCpu_IntrinsicsGcc.h ****     double res;
1328:../Libraries/iLLD/TC4xx/Tricore/Cpu/Std/IfxCpu_IntrinsicsGcc.h ****     __asm__ volatile ("insert  %0,%1,0,31,1": "=d" (res) : "d" (d):"memory");
1329:../Libraries/iLLD/TC4xx/Tricore/Cpu/Std/IfxCpu_IntrinsicsGcc.h ****     return res;
1330:../Libraries/iLLD/TC4xx/Tricore/Cpu/Std/IfxCpu_IntrinsicsGcc.h **** }
1331:../Libraries/iLLD/TC4xx/Tricore/Cpu/Std/IfxCpu_IntrinsicsGcc.h **** 
1332:../Libraries/iLLD/TC4xx/Tricore/Cpu/Std/IfxCpu_IntrinsicsGcc.h **** /**  Return absolute floating-point value
1333:../Libraries/iLLD/TC4xx/Tricore/Cpu/Std/IfxCpu_IntrinsicsGcc.h ****  */
1334:../Libraries/iLLD/TC4xx/Tricore/Cpu/Std/IfxCpu_IntrinsicsGcc.h **** IFX_INLINE float Ifx__fabsf(float f)
1335:../Libraries/iLLD/TC4xx/Tricore/Cpu/Std/IfxCpu_IntrinsicsGcc.h **** {
1336:../Libraries/iLLD/TC4xx/Tricore/Cpu/Std/IfxCpu_IntrinsicsGcc.h ****     float res;
1337:../Libraries/iLLD/TC4xx/Tricore/Cpu/Std/IfxCpu_IntrinsicsGcc.h ****     __asm__ volatile ("insert  %0,%1,0,31,1": "=d" (res) : "d" (f):"memory");
1338:../Libraries/iLLD/TC4xx/Tricore/Cpu/Std/IfxCpu_IntrinsicsGcc.h ****     return res;
1339:../Libraries/iLLD/TC4xx/Tricore/Cpu/Std/IfxCpu_IntrinsicsGcc.h **** }
1340:../Libraries/iLLD/TC4xx/Tricore/Cpu/Std/IfxCpu_IntrinsicsGcc.h **** 
1341:../Libraries/iLLD/TC4xx/Tricore/Cpu/Std/IfxCpu_IntrinsicsGcc.h **** #if !IFXCPU_INTRINSICSGNUC_USE_MACHINE_INTRINSICS
1342:../Libraries/iLLD/TC4xx/Tricore/Cpu/Std/IfxCpu_IntrinsicsGcc.h **** /**  Move contents of the addressed core SFR into a data register
1343:../Libraries/iLLD/TC4xx/Tricore/Cpu/Std/IfxCpu_IntrinsicsGcc.h ****  */
1344:../Libraries/iLLD/TC4xx/Tricore/Cpu/Std/IfxCpu_IntrinsicsGcc.h **** #define Ifx__mfcr(regaddr)  \
1345:../Libraries/iLLD/TC4xx/Tricore/Cpu/Std/IfxCpu_IntrinsicsGcc.h ****  ({ sint32 res; __asm__ volatile ("mfcr %0,%1": "=d" (res) :"i"(regaddr): "memory"); res; })
1346:../Libraries/iLLD/TC4xx/Tricore/Cpu/Std/IfxCpu_IntrinsicsGcc.h **** 
1347:../Libraries/iLLD/TC4xx/Tricore/Cpu/Std/IfxCpu_IntrinsicsGcc.h **** //({ sint32 res; __asm__ volatile ("mfcr %0,"#regaddr : "=d" (res) : : "memory"); res; })
1348:../Libraries/iLLD/TC4xx/Tricore/Cpu/Std/IfxCpu_IntrinsicsGcc.h **** 
1349:../Libraries/iLLD/TC4xx/Tricore/Cpu/Std/IfxCpu_IntrinsicsGcc.h **** /**  Move contents of a data register (second int) to the addressed core SFR (first int)
1350:../Libraries/iLLD/TC4xx/Tricore/Cpu/Std/IfxCpu_IntrinsicsGcc.h ****  */
1351:../Libraries/iLLD/TC4xx/Tricore/Cpu/Std/IfxCpu_IntrinsicsGcc.h **** #define Ifx__mtcr(regaddr,val) __asm__ volatile ("mtcr %0,%1\n\tisync"::"i"(regaddr),"d"(val):"memo
1352:../Libraries/iLLD/TC4xx/Tricore/Cpu/Std/IfxCpu_IntrinsicsGcc.h **** #endif
1353:../Libraries/iLLD/TC4xx/Tricore/Cpu/Std/IfxCpu_IntrinsicsGcc.h **** 
1354:../Libraries/iLLD/TC4xx/Tricore/Cpu/Std/IfxCpu_IntrinsicsGcc.h **** /**  Return parity
1355:../Libraries/iLLD/TC4xx/Tricore/Cpu/Std/IfxCpu_IntrinsicsGcc.h ****  */
1356:../Libraries/iLLD/TC4xx/Tricore/Cpu/Std/IfxCpu_IntrinsicsGcc.h **** IFX_INLINE sint32 Ifx__parity(sint32 a)
1357:../Libraries/iLLD/TC4xx/Tricore/Cpu/Std/IfxCpu_IntrinsicsGcc.h **** {
1358:../Libraries/iLLD/TC4xx/Tricore/Cpu/Std/IfxCpu_IntrinsicsGcc.h ****     sint32 res;
1359:../Libraries/iLLD/TC4xx/Tricore/Cpu/Std/IfxCpu_IntrinsicsGcc.h ****     __asm__ volatile ("parity  %0,%1": "=d" (res) : "d" (a):"memory");
1360:../Libraries/iLLD/TC4xx/Tricore/Cpu/Std/IfxCpu_IntrinsicsGcc.h ****     return res;
1361:../Libraries/iLLD/TC4xx/Tricore/Cpu/Std/IfxCpu_IntrinsicsGcc.h **** }
1362:../Libraries/iLLD/TC4xx/Tricore/Cpu/Std/IfxCpu_IntrinsicsGcc.h **** 
1363:../Libraries/iLLD/TC4xx/Tricore/Cpu/Std/IfxCpu_IntrinsicsGcc.h **** /**  Return saturated byte
1364:../Libraries/iLLD/TC4xx/Tricore/Cpu/Std/IfxCpu_IntrinsicsGcc.h ****  */
1365:../Libraries/iLLD/TC4xx/Tricore/Cpu/Std/IfxCpu_IntrinsicsGcc.h **** IFX_INLINE sint8 Ifx__satb(sint32 a)
1366:../Libraries/iLLD/TC4xx/Tricore/Cpu/Std/IfxCpu_IntrinsicsGcc.h **** {
1367:../Libraries/iLLD/TC4xx/Tricore/Cpu/Std/IfxCpu_IntrinsicsGcc.h ****     sint8 res;
1368:../Libraries/iLLD/TC4xx/Tricore/Cpu/Std/IfxCpu_IntrinsicsGcc.h ****     __asm__ volatile ("sat.b %0,%1":"=d"(res):"d"(a));
1369:../Libraries/iLLD/TC4xx/Tricore/Cpu/Std/IfxCpu_IntrinsicsGcc.h ****     return res;
1370:../Libraries/iLLD/TC4xx/Tricore/Cpu/Std/IfxCpu_IntrinsicsGcc.h **** }
1371:../Libraries/iLLD/TC4xx/Tricore/Cpu/Std/IfxCpu_IntrinsicsGcc.h **** 
1372:../Libraries/iLLD/TC4xx/Tricore/Cpu/Std/IfxCpu_IntrinsicsGcc.h **** /**  Return saturated uint8
1373:../Libraries/iLLD/TC4xx/Tricore/Cpu/Std/IfxCpu_IntrinsicsGcc.h ****  */
1374:../Libraries/iLLD/TC4xx/Tricore/Cpu/Std/IfxCpu_IntrinsicsGcc.h **** IFX_INLINE uint8 Ifx__satbu(uint32 a)
1375:../Libraries/iLLD/TC4xx/Tricore/Cpu/Std/IfxCpu_IntrinsicsGcc.h **** {
1376:../Libraries/iLLD/TC4xx/Tricore/Cpu/Std/IfxCpu_IntrinsicsGcc.h ****     uint8 res;
1377:../Libraries/iLLD/TC4xx/Tricore/Cpu/Std/IfxCpu_IntrinsicsGcc.h ****     __asm__ volatile ("sat.bu %0,%1":"=d"(res):"d"(a));
1378:../Libraries/iLLD/TC4xx/Tricore/Cpu/Std/IfxCpu_IntrinsicsGcc.h ****     return res;
1379:../Libraries/iLLD/TC4xx/Tricore/Cpu/Std/IfxCpu_IntrinsicsGcc.h **** }
1380:../Libraries/iLLD/TC4xx/Tricore/Cpu/Std/IfxCpu_IntrinsicsGcc.h **** 
1381:../Libraries/iLLD/TC4xx/Tricore/Cpu/Std/IfxCpu_IntrinsicsGcc.h **** /**  Return saturated halfword
1382:../Libraries/iLLD/TC4xx/Tricore/Cpu/Std/IfxCpu_IntrinsicsGcc.h ****  */
1383:../Libraries/iLLD/TC4xx/Tricore/Cpu/Std/IfxCpu_IntrinsicsGcc.h **** IFX_INLINE sint16 Ifx__sath(sint32 a)
1384:../Libraries/iLLD/TC4xx/Tricore/Cpu/Std/IfxCpu_IntrinsicsGcc.h **** {
1385:../Libraries/iLLD/TC4xx/Tricore/Cpu/Std/IfxCpu_IntrinsicsGcc.h ****     sint16 res;
1386:../Libraries/iLLD/TC4xx/Tricore/Cpu/Std/IfxCpu_IntrinsicsGcc.h ****     __asm__ volatile ("sat.h %0,%1":"=d"(res):"d"(a));
1387:../Libraries/iLLD/TC4xx/Tricore/Cpu/Std/IfxCpu_IntrinsicsGcc.h ****     return res;
1388:../Libraries/iLLD/TC4xx/Tricore/Cpu/Std/IfxCpu_IntrinsicsGcc.h **** }
1389:../Libraries/iLLD/TC4xx/Tricore/Cpu/Std/IfxCpu_IntrinsicsGcc.h **** 
1390:../Libraries/iLLD/TC4xx/Tricore/Cpu/Std/IfxCpu_IntrinsicsGcc.h **** /**  Return saturated unsigned halfword
1391:../Libraries/iLLD/TC4xx/Tricore/Cpu/Std/IfxCpu_IntrinsicsGcc.h ****  */
1392:../Libraries/iLLD/TC4xx/Tricore/Cpu/Std/IfxCpu_IntrinsicsGcc.h **** IFX_INLINE uint16 Ifx__sathu(uint32 a)
1393:../Libraries/iLLD/TC4xx/Tricore/Cpu/Std/IfxCpu_IntrinsicsGcc.h **** {
1394:../Libraries/iLLD/TC4xx/Tricore/Cpu/Std/IfxCpu_IntrinsicsGcc.h ****     uint16 res;
1395:../Libraries/iLLD/TC4xx/Tricore/Cpu/Std/IfxCpu_IntrinsicsGcc.h ****     __asm__ volatile ("sat.hu %0,%1":"=d"(res):"d"(a));
1396:../Libraries/iLLD/TC4xx/Tricore/Cpu/Std/IfxCpu_IntrinsicsGcc.h ****     return res;
1397:../Libraries/iLLD/TC4xx/Tricore/Cpu/Std/IfxCpu_IntrinsicsGcc.h **** }
1398:../Libraries/iLLD/TC4xx/Tricore/Cpu/Std/IfxCpu_IntrinsicsGcc.h **** 
1399:../Libraries/iLLD/TC4xx/Tricore/Cpu/Std/IfxCpu_IntrinsicsGcc.h **** /** \} */
1400:../Libraries/iLLD/TC4xx/Tricore/Cpu/Std/IfxCpu_IntrinsicsGcc.h **** 
1401:../Libraries/iLLD/TC4xx/Tricore/Cpu/Std/IfxCpu_IntrinsicsGcc.h **** /** \defgroup IfxLld_Cpu_Intrinsics_Gnucsaturation Saturation Arithmetic Support
1402:../Libraries/iLLD/TC4xx/Tricore/Cpu/Std/IfxCpu_IntrinsicsGcc.h ****  These intrinsics support saturation arithmetic
1403:../Libraries/iLLD/TC4xx/Tricore/Cpu/Std/IfxCpu_IntrinsicsGcc.h ****  * \ingroup IfxLld_Cpu_Intrinsics_Gnuc
1404:../Libraries/iLLD/TC4xx/Tricore/Cpu/Std/IfxCpu_IntrinsicsGcc.h ****  * \{
1405:../Libraries/iLLD/TC4xx/Tricore/Cpu/Std/IfxCpu_IntrinsicsGcc.h ****  */
1406:../Libraries/iLLD/TC4xx/Tricore/Cpu/Std/IfxCpu_IntrinsicsGcc.h **** 
1407:../Libraries/iLLD/TC4xx/Tricore/Cpu/Std/IfxCpu_IntrinsicsGcc.h **** /** add signed with saturation
1408:../Libraries/iLLD/TC4xx/Tricore/Cpu/Std/IfxCpu_IntrinsicsGcc.h ****  */
1409:../Libraries/iLLD/TC4xx/Tricore/Cpu/Std/IfxCpu_IntrinsicsGcc.h **** IFX_INLINE sint32 Ifx__adds(sint32 a, sint32 b)
1410:../Libraries/iLLD/TC4xx/Tricore/Cpu/Std/IfxCpu_IntrinsicsGcc.h **** {
1411:../Libraries/iLLD/TC4xx/Tricore/Cpu/Std/IfxCpu_IntrinsicsGcc.h ****     sint32 res;
1412:../Libraries/iLLD/TC4xx/Tricore/Cpu/Std/IfxCpu_IntrinsicsGcc.h ****     __asm__ volatile ("adds %0, %1, %2": "=d" (res) : "d" (a), "d" (b));
1413:../Libraries/iLLD/TC4xx/Tricore/Cpu/Std/IfxCpu_IntrinsicsGcc.h ****     return res;
1414:../Libraries/iLLD/TC4xx/Tricore/Cpu/Std/IfxCpu_IntrinsicsGcc.h **** }
1415:../Libraries/iLLD/TC4xx/Tricore/Cpu/Std/IfxCpu_IntrinsicsGcc.h **** 
1416:../Libraries/iLLD/TC4xx/Tricore/Cpu/Std/IfxCpu_IntrinsicsGcc.h **** /** add unsigned with saturation
1417:../Libraries/iLLD/TC4xx/Tricore/Cpu/Std/IfxCpu_IntrinsicsGcc.h ****  */
1418:../Libraries/iLLD/TC4xx/Tricore/Cpu/Std/IfxCpu_IntrinsicsGcc.h **** IFX_INLINE uint32 Ifx__addsu(uint32 a, uint32 b)
1419:../Libraries/iLLD/TC4xx/Tricore/Cpu/Std/IfxCpu_IntrinsicsGcc.h **** {
1420:../Libraries/iLLD/TC4xx/Tricore/Cpu/Std/IfxCpu_IntrinsicsGcc.h ****     uint32 res;
1421:../Libraries/iLLD/TC4xx/Tricore/Cpu/Std/IfxCpu_IntrinsicsGcc.h ****     __asm__ volatile ("adds.u %0, %1, %2": "=d" (res) : "d" (a), "d" (b));
1422:../Libraries/iLLD/TC4xx/Tricore/Cpu/Std/IfxCpu_IntrinsicsGcc.h ****     return res;
1423:../Libraries/iLLD/TC4xx/Tricore/Cpu/Std/IfxCpu_IntrinsicsGcc.h **** }
1424:../Libraries/iLLD/TC4xx/Tricore/Cpu/Std/IfxCpu_IntrinsicsGcc.h **** 
1425:../Libraries/iLLD/TC4xx/Tricore/Cpu/Std/IfxCpu_IntrinsicsGcc.h **** /** substract signed with saturation
1426:../Libraries/iLLD/TC4xx/Tricore/Cpu/Std/IfxCpu_IntrinsicsGcc.h ****  */
1427:../Libraries/iLLD/TC4xx/Tricore/Cpu/Std/IfxCpu_IntrinsicsGcc.h **** IFX_INLINE sint32 Ifx__subs(sint32 a, sint32 b)
1428:../Libraries/iLLD/TC4xx/Tricore/Cpu/Std/IfxCpu_IntrinsicsGcc.h **** {
1429:../Libraries/iLLD/TC4xx/Tricore/Cpu/Std/IfxCpu_IntrinsicsGcc.h ****     sint32 res;
1430:../Libraries/iLLD/TC4xx/Tricore/Cpu/Std/IfxCpu_IntrinsicsGcc.h ****     __asm__ volatile ("subs %0, %1, %2": "=d" (res) : "d" (a), "d" (b));
1431:../Libraries/iLLD/TC4xx/Tricore/Cpu/Std/IfxCpu_IntrinsicsGcc.h ****     return res;
1432:../Libraries/iLLD/TC4xx/Tricore/Cpu/Std/IfxCpu_IntrinsicsGcc.h **** }
1433:../Libraries/iLLD/TC4xx/Tricore/Cpu/Std/IfxCpu_IntrinsicsGcc.h **** 
1434:../Libraries/iLLD/TC4xx/Tricore/Cpu/Std/IfxCpu_IntrinsicsGcc.h **** /** substract unsigned with saturation
1435:../Libraries/iLLD/TC4xx/Tricore/Cpu/Std/IfxCpu_IntrinsicsGcc.h ****  */
1436:../Libraries/iLLD/TC4xx/Tricore/Cpu/Std/IfxCpu_IntrinsicsGcc.h **** IFX_INLINE uint32 Ifx__subsu(uint32 a, uint32 b)
1437:../Libraries/iLLD/TC4xx/Tricore/Cpu/Std/IfxCpu_IntrinsicsGcc.h **** {
1438:../Libraries/iLLD/TC4xx/Tricore/Cpu/Std/IfxCpu_IntrinsicsGcc.h ****     uint32 res;
1439:../Libraries/iLLD/TC4xx/Tricore/Cpu/Std/IfxCpu_IntrinsicsGcc.h ****     __asm__ volatile ("subs.u %0, %1, %2": "=d" (res) : "d" (a), "d" (b));
1440:../Libraries/iLLD/TC4xx/Tricore/Cpu/Std/IfxCpu_IntrinsicsGcc.h ****     return res;
1441:../Libraries/iLLD/TC4xx/Tricore/Cpu/Std/IfxCpu_IntrinsicsGcc.h **** }
1442:../Libraries/iLLD/TC4xx/Tricore/Cpu/Std/IfxCpu_IntrinsicsGcc.h **** 
1443:../Libraries/iLLD/TC4xx/Tricore/Cpu/Std/IfxCpu_IntrinsicsGcc.h **** /** \} */
1444:../Libraries/iLLD/TC4xx/Tricore/Cpu/Std/IfxCpu_IntrinsicsGcc.h **** 
1445:../Libraries/iLLD/TC4xx/Tricore/Cpu/Std/IfxCpu_IntrinsicsGcc.h **** /** \defgroup IfxLld_Cpu_Intrinsics_Gnucsingle_assembly Insert Single Assembly Instruction
1446:../Libraries/iLLD/TC4xx/Tricore/Cpu/Std/IfxCpu_IntrinsicsGcc.h ****  The next table provides an overview of the intrinsic functions that you can use to insert a single
1447:../Libraries/iLLD/TC4xx/Tricore/Cpu/Std/IfxCpu_IntrinsicsGcc.h ****  instruction.You can also use inline assembly but these intrinsics provide a shorthand for frequent
1448:../Libraries/iLLD/TC4xx/Tricore/Cpu/Std/IfxCpu_IntrinsicsGcc.h ****  assembly instructions.
1449:../Libraries/iLLD/TC4xx/Tricore/Cpu/Std/IfxCpu_IntrinsicsGcc.h ****  * \ingroup IfxLld_Cpu_Intrinsics_Gnuc
1450:../Libraries/iLLD/TC4xx/Tricore/Cpu/Std/IfxCpu_IntrinsicsGcc.h ****  * \{
1451:../Libraries/iLLD/TC4xx/Tricore/Cpu/Std/IfxCpu_IntrinsicsGcc.h ****  */
1452:../Libraries/iLLD/TC4xx/Tricore/Cpu/Std/IfxCpu_IntrinsicsGcc.h **** 
1453:../Libraries/iLLD/TC4xx/Tricore/Cpu/Std/IfxCpu_IntrinsicsGcc.h **** /** Insert DEBUG instruction
1454:../Libraries/iLLD/TC4xx/Tricore/Cpu/Std/IfxCpu_IntrinsicsGcc.h ****  */
1455:../Libraries/iLLD/TC4xx/Tricore/Cpu/Std/IfxCpu_IntrinsicsGcc.h **** IFX_INLINE void Ifx__debug(void)
1456:../Libraries/iLLD/TC4xx/Tricore/Cpu/Std/IfxCpu_IntrinsicsGcc.h **** {
1457:../Libraries/iLLD/TC4xx/Tricore/Cpu/Std/IfxCpu_IntrinsicsGcc.h ****     __asm__ volatile ("debug" : : : "memory");
1458:../Libraries/iLLD/TC4xx/Tricore/Cpu/Std/IfxCpu_IntrinsicsGcc.h **** }
1459:../Libraries/iLLD/TC4xx/Tricore/Cpu/Std/IfxCpu_IntrinsicsGcc.h **** 
1460:../Libraries/iLLD/TC4xx/Tricore/Cpu/Std/IfxCpu_IntrinsicsGcc.h **** /** Insert a memory barrier
1461:../Libraries/iLLD/TC4xx/Tricore/Cpu/Std/IfxCpu_IntrinsicsGcc.h ****  */
1462:../Libraries/iLLD/TC4xx/Tricore/Cpu/Std/IfxCpu_IntrinsicsGcc.h **** #define Ifx__mem_barrier __asm__ volatile("":::"memory");
1463:../Libraries/iLLD/TC4xx/Tricore/Cpu/Std/IfxCpu_IntrinsicsGcc.h **** 
1464:../Libraries/iLLD/TC4xx/Tricore/Cpu/Std/IfxCpu_IntrinsicsGcc.h **** /** Insert DSYNC instruction
1465:../Libraries/iLLD/TC4xx/Tricore/Cpu/Std/IfxCpu_IntrinsicsGcc.h ****  */
1466:../Libraries/iLLD/TC4xx/Tricore/Cpu/Std/IfxCpu_IntrinsicsGcc.h **** IFX_INLINE void Ifx__dsync(void)
1467:../Libraries/iLLD/TC4xx/Tricore/Cpu/Std/IfxCpu_IntrinsicsGcc.h **** {
1468:../Libraries/iLLD/TC4xx/Tricore/Cpu/Std/IfxCpu_IntrinsicsGcc.h ****     __asm__ volatile ("dsync" : : : "memory");
1469:../Libraries/iLLD/TC4xx/Tricore/Cpu/Std/IfxCpu_IntrinsicsGcc.h **** }
1470:../Libraries/iLLD/TC4xx/Tricore/Cpu/Std/IfxCpu_IntrinsicsGcc.h **** 
1471:../Libraries/iLLD/TC4xx/Tricore/Cpu/Std/IfxCpu_IntrinsicsGcc.h **** /** Insert ISYNC instruction
1472:../Libraries/iLLD/TC4xx/Tricore/Cpu/Std/IfxCpu_IntrinsicsGcc.h ****  */
1473:../Libraries/iLLD/TC4xx/Tricore/Cpu/Std/IfxCpu_IntrinsicsGcc.h **** IFX_INLINE void Ifx__isync(void)
1474:../Libraries/iLLD/TC4xx/Tricore/Cpu/Std/IfxCpu_IntrinsicsGcc.h **** {
1475:../Libraries/iLLD/TC4xx/Tricore/Cpu/Std/IfxCpu_IntrinsicsGcc.h ****     __asm__ volatile ("isync" : : : "memory");
1476:../Libraries/iLLD/TC4xx/Tricore/Cpu/Std/IfxCpu_IntrinsicsGcc.h **** }
1477:../Libraries/iLLD/TC4xx/Tricore/Cpu/Std/IfxCpu_IntrinsicsGcc.h **** 
1478:../Libraries/iLLD/TC4xx/Tricore/Cpu/Std/IfxCpu_IntrinsicsGcc.h **** /** Insert LDMST instruction. Note that all operands must be word-aligned.
1479:../Libraries/iLLD/TC4xx/Tricore/Cpu/Std/IfxCpu_IntrinsicsGcc.h ****  */
1480:../Libraries/iLLD/TC4xx/Tricore/Cpu/Std/IfxCpu_IntrinsicsGcc.h **** IFX_INLINE void Ifx__ldmst(volatile void* address, uint32 mask, uint32 value)
1481:../Libraries/iLLD/TC4xx/Tricore/Cpu/Std/IfxCpu_IntrinsicsGcc.h **** {
1482:../Libraries/iLLD/TC4xx/Tricore/Cpu/Std/IfxCpu_IntrinsicsGcc.h ****     __asm__ volatile("mov %H2,%1 \n\
 1050              	 .loc 2 1482 5 is_stmt 1
1483:../Libraries/iLLD/TC4xx/Tricore/Cpu/Std/IfxCpu_IntrinsicsGcc.h ****                   ldmst [%0]0,%A2"
1484:../Libraries/iLLD/TC4xx/Tricore/Cpu/Std/IfxCpu_IntrinsicsGcc.h ****                      ::"a"(address), "d"(mask), "d"((long long)value));
 1051              	 .loc 2 1484 53 is_stmt 0
 1052 0020 53144020 	 mul.u %e2,%d4,1
1482:../Libraries/iLLD/TC4xx/Tricore/Cpu/Std/IfxCpu_IntrinsicsGcc.h ****                   ldmst [%0]0,%A2"
 1053              	 .loc 2 1482 5
 1054              	
 1055              	 
 1056 0024 0243     	 mov %d3,%d4
 1057 0026 49224008 	 ldmst [%a2]0,%e2
 1058              	 
1485:../Libraries/iLLD/TC4xx/Tricore/Cpu/Std/IfxCpu_IntrinsicsGcc.h **** }
 1059              	 .loc 2 1485 1
 1060              	
 1061 002a 0090     	 ret 
 1062              	.LVL76:
 1063              	.L79:
 1064              	.LBE30:
 1065              	.LBE29:
 377:../Libraries/iLLD/TC4xx/CpuGeneric/Pcie/Std/IfxPcie.c ****             Ifx__ldmst(&(pcieSFR->USP.OBFFWAKE), writeMask, writeMask);
 1066              	 .loc 1 377 13 is_stmt 1
 377:../Libraries/iLLD/TC4xx/CpuGeneric/Pcie/Std/IfxPcie.c ****             Ifx__ldmst(&(pcieSFR->USP.OBFFWAKE), writeMask, writeMask);
 1067              	 .loc 1 377 86 is_stmt 0
 1068 002c 53352020 	 mul %d2,%d5,3
 377:../Libraries/iLLD/TC4xx/CpuGeneric/Pcie/Std/IfxPcie.c ****             Ifx__ldmst(&(pcieSFR->USP.OBFFWAKE), writeMask, writeMask);
 1069              	 .loc 1 377 65
 1070 0030 C262     	 add %d2,6
 377:../Libraries/iLLD/TC4xx/CpuGeneric/Pcie/Std/IfxPcie.c ****             Ifx__ldmst(&(pcieSFR->USP.OBFFWAKE), writeMask, writeMask);
 1071              	 .loc 1 377 23
 1072 0032 8214     	 mov %d4,1
 1073              	.LVL77:
 1074 0034 0F240040 	 sh %d4,%d4,%d2
 1075              	.LVL78:
 378:../Libraries/iLLD/TC4xx/CpuGeneric/Pcie/Std/IfxPcie.c ****         }
 1076              	 .loc 1 378 13 is_stmt 1
 378:../Libraries/iLLD/TC4xx/CpuGeneric/Pcie/Std/IfxPcie.c ****         }
 1077              	 .loc 1 378 24 is_stmt 0
 1078 0038 D94234F0 	 lea %a2,[%a4]1012
 1079              	.LVL79:
 1080              	.LBB31:
 1081              	.LBB32:
1482:../Libraries/iLLD/TC4xx/Tricore/Cpu/Std/IfxCpu_IntrinsicsGcc.h ****                   ldmst [%0]0,%A2"
 1082              	 .loc 2 1482 5 is_stmt 1
1484:../Libraries/iLLD/TC4xx/Tricore/Cpu/Std/IfxCpu_IntrinsicsGcc.h **** }
 1083              	 .loc 2 1484 53 is_stmt 0
 1084 003c 53144020 	 mul.u %e2,%d4,1
1482:../Libraries/iLLD/TC4xx/Tricore/Cpu/Std/IfxCpu_IntrinsicsGcc.h ****                   ldmst [%0]0,%A2"
 1085              	 .loc 2 1482 5
 1086              	
 1087              	 
 1088 0040 0243     	 mov %d3,%d4
 1089 0042 49224008 	 ldmst [%a2]0,%e2
 1090              	 
 1091              	.LVL80:
 1092              	
 1093              	.LBE32:
 1094              	.LBE31:
 1095              	 .loc 1 381 1
 1096 0046 1D000000 	 j .L75
 1097              	.LFE371:
 1099              	 .global IfxPcie_enableObffEventInterrupt_end
 1100              	IfxPcie_enableObffEventInterrupt_end:
 1101              	 .section .text.IfxPcie_disableObffEventInterrupt,"ax",@progbits
 1102              	 .align 1
 1103              	 .global IfxPcie_disableObffEventInterrupt
 1105              	IfxPcie_disableObffEventInterrupt:
 1106              	.LFB372:
 382:../Libraries/iLLD/TC4xx/CpuGeneric/Pcie/Std/IfxPcie.c **** 
 383:../Libraries/iLLD/TC4xx/CpuGeneric/Pcie/Std/IfxPcie.c **** 
 384:../Libraries/iLLD/TC4xx/CpuGeneric/Pcie/Std/IfxPcie.c **** void IfxPcie_disableObffEventInterrupt(IfxPcie *pcieSFR, IfxPcie_ObffType obffType, IfxPcie_ObffEve
 385:../Libraries/iLLD/TC4xx/CpuGeneric/Pcie/Std/IfxPcie.c **** {
 1107              	 .loc 1 385 1 is_stmt 1
 1108              	.LVL81:
 1109 0000 40AE     	 mov.aa %a14,%SP
 1110              	.LCFI30:
 386:../Libraries/iLLD/TC4xx/CpuGeneric/Pcie/Std/IfxPcie.c ****     uint32 writeMask = 0x0u;
 1111              	 .loc 1 386 5
 1112              	.LVL82:
 387:../Libraries/iLLD/TC4xx/CpuGeneric/Pcie/Std/IfxPcie.c **** 
 388:../Libraries/iLLD/TC4xx/CpuGeneric/Pcie/Std/IfxPcie.c ****     if (obffEvent != IfxPcie_ObffEvent_none)
 1113              	 .loc 1 388 5
 1114              	 .loc 1 388 8 is_stmt 0
 1115 0002 DFF50000 	 jeq %d5,-1,.L80
 389:../Libraries/iLLD/TC4xx/CpuGeneric/Pcie/Std/IfxPcie.c ****     {
 390:../Libraries/iLLD/TC4xx/CpuGeneric/Pcie/Std/IfxPcie.c ****         if (obffType == IfxPcie_ObffType_Msg)
 1116              	 .loc 1 390 9 is_stmt 1
 1117              	 .loc 1 390 12 is_stmt 0
 1118 0006 DF140000 	 jeq %d4,1,.L83
 391:../Libraries/iLLD/TC4xx/CpuGeneric/Pcie/Std/IfxPcie.c ****         {
 392:../Libraries/iLLD/TC4xx/CpuGeneric/Pcie/Std/IfxPcie.c ****             writeMask = 1U << (IFX_PCIE_USP_OBFFMSG_IDLEEN_OFF + (uint32)(obffEvent * 3u));
 393:../Libraries/iLLD/TC4xx/CpuGeneric/Pcie/Std/IfxPcie.c ****             Ifx__ldmst(&(pcieSFR->USP.OBFFMSG), writeMask, 0U);
 394:../Libraries/iLLD/TC4xx/CpuGeneric/Pcie/Std/IfxPcie.c ****         }
 395:../Libraries/iLLD/TC4xx/CpuGeneric/Pcie/Std/IfxPcie.c ****         else if (obffType == IfxPcie_ObffType_Wake)
 1119              	 .loc 1 395 14 is_stmt 1
 1120              	 .loc 1 395 17 is_stmt 0
 1121 000a DF240000 	 jeq %d4,2,.L84
 1122              	.LVL83:
 1123              	.L80:
 396:../Libraries/iLLD/TC4xx/CpuGeneric/Pcie/Std/IfxPcie.c ****         {
 397:../Libraries/iLLD/TC4xx/CpuGeneric/Pcie/Std/IfxPcie.c ****             writeMask = 1U << (IFX_PCIE_USP_OBFFWAKE_IDLEEN_OFF + (uint32)(obffEvent * 3u));
 398:../Libraries/iLLD/TC4xx/CpuGeneric/Pcie/Std/IfxPcie.c ****             Ifx__ldmst(&(pcieSFR->USP.OBFFWAKE), writeMask, 0U);
 399:../Libraries/iLLD/TC4xx/CpuGeneric/Pcie/Std/IfxPcie.c ****         }
 400:../Libraries/iLLD/TC4xx/CpuGeneric/Pcie/Std/IfxPcie.c ****     }
 401:../Libraries/iLLD/TC4xx/CpuGeneric/Pcie/Std/IfxPcie.c **** }
 1124              	 .loc 1 401 1
 1125 000e 0090     	 ret 
 1126              	.LVL84:
 1127              	.L83:
 392:../Libraries/iLLD/TC4xx/CpuGeneric/Pcie/Std/IfxPcie.c ****             Ifx__ldmst(&(pcieSFR->USP.OBFFMSG), writeMask, 0U);
 1128              	 .loc 1 392 13 is_stmt 1
 392:../Libraries/iLLD/TC4xx/CpuGeneric/Pcie/Std/IfxPcie.c ****             Ifx__ldmst(&(pcieSFR->USP.OBFFMSG), writeMask, 0U);
 1129              	 .loc 1 392 85 is_stmt 0
 1130 0010 53352020 	 mul %d2,%d5,3
 392:../Libraries/iLLD/TC4xx/CpuGeneric/Pcie/Std/IfxPcie.c ****             Ifx__ldmst(&(pcieSFR->USP.OBFFMSG), writeMask, 0U);
 1131              	 .loc 1 392 64
 1132 0014 C262     	 add %d2,6
 392:../Libraries/iLLD/TC4xx/CpuGeneric/Pcie/Std/IfxPcie.c ****             Ifx__ldmst(&(pcieSFR->USP.OBFFMSG), writeMask, 0U);
 1133              	 .loc 1 392 23
 1134 0016 8214     	 mov %d4,1
 1135              	.LVL85:
 1136 0018 0F240040 	 sh %d4,%d4,%d2
 1137              	.LVL86:
 393:../Libraries/iLLD/TC4xx/CpuGeneric/Pcie/Std/IfxPcie.c ****         }
 1138              	 .loc 1 393 13 is_stmt 1
 393:../Libraries/iLLD/TC4xx/CpuGeneric/Pcie/Std/IfxPcie.c ****         }
 1139              	 .loc 1 393 24 is_stmt 0
 1140 001c D94230F0 	 lea %a2,[%a4]1008
 1141              	.LVL87:
 1142              	.LBB33:
 1143              	.LBB34:
1482:../Libraries/iLLD/TC4xx/Tricore/Cpu/Std/IfxCpu_IntrinsicsGcc.h ****                   ldmst [%0]0,%A2"
 1144              	 .loc 2 1482 5 is_stmt 1
 1145 0020 D202     	 mov %e2,0
 1146              	
 1147              	 
 1148 0022 0243     	 mov %d3,%d4
 1149 0024 49224008 	 ldmst [%a2]0,%e2
 1150              	 
 1151              	 .loc 2 1485 1 is_stmt 0
 1152              	
 1153 0028 0090     	 ret 
 1154              	.LVL88:
 1155              	.L84:
 1156              	.LBE34:
 1157              	.LBE33:
 397:../Libraries/iLLD/TC4xx/CpuGeneric/Pcie/Std/IfxPcie.c ****             Ifx__ldmst(&(pcieSFR->USP.OBFFWAKE), writeMask, 0U);
 1158              	 .loc 1 397 13 is_stmt 1
 397:../Libraries/iLLD/TC4xx/CpuGeneric/Pcie/Std/IfxPcie.c ****             Ifx__ldmst(&(pcieSFR->USP.OBFFWAKE), writeMask, 0U);
 1159              	 .loc 1 397 86 is_stmt 0
 1160 002a 53352020 	 mul %d2,%d5,3
 397:../Libraries/iLLD/TC4xx/CpuGeneric/Pcie/Std/IfxPcie.c ****             Ifx__ldmst(&(pcieSFR->USP.OBFFWAKE), writeMask, 0U);
 1161              	 .loc 1 397 65
 1162 002e C262     	 add %d2,6
 397:../Libraries/iLLD/TC4xx/CpuGeneric/Pcie/Std/IfxPcie.c ****             Ifx__ldmst(&(pcieSFR->USP.OBFFWAKE), writeMask, 0U);
 1163              	 .loc 1 397 23
 1164 0030 8214     	 mov %d4,1
 1165              	.LVL89:
 1166 0032 0F240040 	 sh %d4,%d4,%d2
 1167              	.LVL90:
 398:../Libraries/iLLD/TC4xx/CpuGeneric/Pcie/Std/IfxPcie.c ****         }
 1168              	 .loc 1 398 13 is_stmt 1
 398:../Libraries/iLLD/TC4xx/CpuGeneric/Pcie/Std/IfxPcie.c ****         }
 1169              	 .loc 1 398 24 is_stmt 0
 1170 0036 D94234F0 	 lea %a2,[%a4]1012
 1171              	.LVL91:
 1172              	.LBB35:
 1173              	.LBB36:
1482:../Libraries/iLLD/TC4xx/Tricore/Cpu/Std/IfxCpu_IntrinsicsGcc.h ****                   ldmst [%0]0,%A2"
 1174              	 .loc 2 1482 5 is_stmt 1
 1175 003a D202     	 mov %e2,0
 1176              	
 1177              	 
 1178 003c 0243     	 mov %d3,%d4
 1179 003e 49224008 	 ldmst [%a2]0,%e2
 1180              	 
 1181              	.LVL92:
 1182              	
 1183              	.LBE36:
 1184              	.LBE35:
 1185              	 .loc 1 401 1 is_stmt 0
 1186 0042 1D000000 	 j .L80
 1187              	.LFE372:
 1189              	 .global IfxPcie_disableObffEventInterrupt_end
 1190              	IfxPcie_disableObffEventInterrupt_end:
 1191              	 .section .text.IfxPcie_enableObffInterrupts,"ax",@progbits
 1192              	 .align 1
 1193              	 .global IfxPcie_enableObffInterrupts
 1195              	IfxPcie_enableObffInterrupts:
 1196              	.LFB373:
 402:../Libraries/iLLD/TC4xx/CpuGeneric/Pcie/Std/IfxPcie.c **** 
 403:../Libraries/iLLD/TC4xx/CpuGeneric/Pcie/Std/IfxPcie.c **** 
 404:../Libraries/iLLD/TC4xx/CpuGeneric/Pcie/Std/IfxPcie.c **** void IfxPcie_enableObffInterrupts(IfxPcie *pcieSFR, IfxPcie_ObffType obffType)
 405:../Libraries/iLLD/TC4xx/CpuGeneric/Pcie/Std/IfxPcie.c **** {
 1197              	 .loc 1 405 1 is_stmt 1
 1198              	.LVL93:
 1199 0000 40AE     	 mov.aa %a14,%SP
 1200              	.LCFI31:
 406:../Libraries/iLLD/TC4xx/CpuGeneric/Pcie/Std/IfxPcie.c ****     uint32 writeMask = 0x0u;
 1201              	 .loc 1 406 5
 1202              	.LVL94:
 407:../Libraries/iLLD/TC4xx/CpuGeneric/Pcie/Std/IfxPcie.c **** 
 408:../Libraries/iLLD/TC4xx/CpuGeneric/Pcie/Std/IfxPcie.c ****     if (obffType == IfxPcie_ObffType_Msg)
 1203              	 .loc 1 408 5
 1204              	 .loc 1 408 8 is_stmt 0
 1205 0002 DF140000 	 jeq %d4,1,.L88
 409:../Libraries/iLLD/TC4xx/CpuGeneric/Pcie/Std/IfxPcie.c ****     {
 410:../Libraries/iLLD/TC4xx/CpuGeneric/Pcie/Std/IfxPcie.c ****         writeMask = ((uint32)(1U << IFX_PCIE_USP_OBFFMSG_IDLEEN_OFF)) | ((uint32)(1U << IFX_PCIE_US
 411:../Libraries/iLLD/TC4xx/CpuGeneric/Pcie/Std/IfxPcie.c ****         Ifx__ldmst(&(pcieSFR->USP.OBFFMSG), writeMask, writeMask);
 412:../Libraries/iLLD/TC4xx/CpuGeneric/Pcie/Std/IfxPcie.c ****     }
 413:../Libraries/iLLD/TC4xx/CpuGeneric/Pcie/Std/IfxPcie.c ****     else if (obffType == IfxPcie_ObffType_Wake)
 1206              	 .loc 1 413 10 is_stmt 1
 1207              	 .loc 1 413 13 is_stmt 0
 1208 0006 DF240000 	 jeq %d4,2,.L89
 1209              	.LVL95:
 1210              	.L85:
 414:../Libraries/iLLD/TC4xx/CpuGeneric/Pcie/Std/IfxPcie.c ****     {
 415:../Libraries/iLLD/TC4xx/CpuGeneric/Pcie/Std/IfxPcie.c ****         writeMask = ((uint32)(1U << IFX_PCIE_USP_OBFFWAKE_IDLEEN_OFF)) | ((uint32)(1U << IFX_PCIE_U
 416:../Libraries/iLLD/TC4xx/CpuGeneric/Pcie/Std/IfxPcie.c ****         Ifx__ldmst(&(pcieSFR->USP.OBFFWAKE), writeMask, writeMask);
 417:../Libraries/iLLD/TC4xx/CpuGeneric/Pcie/Std/IfxPcie.c ****     }
 418:../Libraries/iLLD/TC4xx/CpuGeneric/Pcie/Std/IfxPcie.c **** }
 1211              	 .loc 1 418 1
 1212 000a 0090     	 ret 
 1213              	.LVL96:
 1214              	.L88:
 410:../Libraries/iLLD/TC4xx/CpuGeneric/Pcie/Std/IfxPcie.c ****         Ifx__ldmst(&(pcieSFR->USP.OBFFMSG), writeMask, writeMask);
 1215              	 .loc 1 410 9 is_stmt 1
 411:../Libraries/iLLD/TC4xx/CpuGeneric/Pcie/Std/IfxPcie.c ****     }
 1216              	 .loc 1 411 9
 411:../Libraries/iLLD/TC4xx/CpuGeneric/Pcie/Std/IfxPcie.c ****     }
 1217              	 .loc 1 411 20 is_stmt 0
 1218 000c D94230F0 	 lea %a2,[%a4]1008
 1219              	.LVL97:
 1220              	.LBB37:
 1221              	.LBB38:
1482:../Libraries/iLLD/TC4xx/Tricore/Cpu/Std/IfxCpu_IntrinsicsGcc.h ****                   ldmst [%0]0,%A2"
 1222              	 .loc 2 1482 5 is_stmt 1
 1223 0010 3B002441 	 mov %d4,4672
 1224              	.LVL98:
 1225 0014 FB002421 	 mov %e2,4672
 1226              	
 1227              	 
 1228 0018 0243     	 mov %d3,%d4
 1229 001a 49224008 	 ldmst [%a2]0,%e2
 1230              	 
 1231              	 .loc 2 1485 1 is_stmt 0
 1232              	
 1233 001e 0090     	 ret 
 1234              	.LVL99:
 1235              	.L89:
 1236              	.LBE38:
 1237              	.LBE37:
 415:../Libraries/iLLD/TC4xx/CpuGeneric/Pcie/Std/IfxPcie.c ****         Ifx__ldmst(&(pcieSFR->USP.OBFFWAKE), writeMask, writeMask);
 1238              	 .loc 1 415 9 is_stmt 1
 416:../Libraries/iLLD/TC4xx/CpuGeneric/Pcie/Std/IfxPcie.c ****     }
 1239              	 .loc 1 416 9
 416:../Libraries/iLLD/TC4xx/CpuGeneric/Pcie/Std/IfxPcie.c ****     }
 1240              	 .loc 1 416 20 is_stmt 0
 1241 0020 D94234F0 	 lea %a2,[%a4]1012
 1242              	.LVL100:
 1243              	.LBB39:
 1244              	.LBB40:
1482:../Libraries/iLLD/TC4xx/Tricore/Cpu/Std/IfxCpu_IntrinsicsGcc.h ****                   ldmst [%0]0,%A2"
 1245              	 .loc 2 1482 5 is_stmt 1
 1246 0024 BB002449 	 mov.u %d4,37440
 1247              	.LVL101:
 1248 0028 BB002429 	 mov.u %d2,37440
 1249 002c 8203     	 mov %d3,0
 1250              	
 1251              	 
 1252 002e 0243     	 mov %d3,%d4
 1253 0030 49224008 	 ldmst [%a2]0,%e2
 1254              	 
 1255              	.LVL102:
 1256              	
 1257              	.LBE40:
 1258              	.LBE39:
 1259              	 .loc 1 418 1 is_stmt 0
 1260 0034 1D000000 	 j .L85
 1261              	.LFE373:
 1263              	 .global IfxPcie_enableObffInterrupts_end
 1264              	IfxPcie_enableObffInterrupts_end:
 1265              	 .section .text.IfxPcie_disableObffInterrupts,"ax",@progbits
 1266              	 .align 1
 1267              	 .global IfxPcie_disableObffInterrupts
 1269              	IfxPcie_disableObffInterrupts:
 1270              	.LFB374:
 419:../Libraries/iLLD/TC4xx/CpuGeneric/Pcie/Std/IfxPcie.c **** 
 420:../Libraries/iLLD/TC4xx/CpuGeneric/Pcie/Std/IfxPcie.c **** 
 421:../Libraries/iLLD/TC4xx/CpuGeneric/Pcie/Std/IfxPcie.c **** void IfxPcie_disableObffInterrupts(IfxPcie *pcieSFR, IfxPcie_ObffType obffType)
 422:../Libraries/iLLD/TC4xx/CpuGeneric/Pcie/Std/IfxPcie.c **** {
 1271              	 .loc 1 422 1 is_stmt 1
 1272              	.LVL103:
 1273 0000 40AE     	 mov.aa %a14,%SP
 1274              	.LCFI32:
 423:../Libraries/iLLD/TC4xx/CpuGeneric/Pcie/Std/IfxPcie.c ****     uint32 writeMask = 0x0u;
 1275              	 .loc 1 423 5
 1276              	.LVL104:
 424:../Libraries/iLLD/TC4xx/CpuGeneric/Pcie/Std/IfxPcie.c **** 
 425:../Libraries/iLLD/TC4xx/CpuGeneric/Pcie/Std/IfxPcie.c ****     if (obffType == IfxPcie_ObffType_Msg)
 1277              	 .loc 1 425 5
 1278              	 .loc 1 425 8 is_stmt 0
 1279 0002 DF140000 	 jeq %d4,1,.L93
 426:../Libraries/iLLD/TC4xx/CpuGeneric/Pcie/Std/IfxPcie.c ****     {
 427:../Libraries/iLLD/TC4xx/CpuGeneric/Pcie/Std/IfxPcie.c ****         writeMask = ((uint32)(1U << IFX_PCIE_USP_OBFFMSG_IDLEEN_OFF)) | ((uint32)(1U << IFX_PCIE_US
 428:../Libraries/iLLD/TC4xx/CpuGeneric/Pcie/Std/IfxPcie.c ****         Ifx__ldmst(&(pcieSFR->USP.OBFFMSG), writeMask, 0U);
 429:../Libraries/iLLD/TC4xx/CpuGeneric/Pcie/Std/IfxPcie.c ****     }
 430:../Libraries/iLLD/TC4xx/CpuGeneric/Pcie/Std/IfxPcie.c ****     else if (obffType == IfxPcie_ObffType_Wake)
 1280              	 .loc 1 430 10 is_stmt 1
 1281              	 .loc 1 430 13 is_stmt 0
 1282 0006 DF240000 	 jeq %d4,2,.L94
 1283              	.LVL105:
 1284              	.L90:
 431:../Libraries/iLLD/TC4xx/CpuGeneric/Pcie/Std/IfxPcie.c ****     {
 432:../Libraries/iLLD/TC4xx/CpuGeneric/Pcie/Std/IfxPcie.c ****         writeMask = ((uint32)(1U << IFX_PCIE_USP_OBFFWAKE_IDLEEN_OFF)) | ((uint32)(1U << IFX_PCIE_U
 433:../Libraries/iLLD/TC4xx/CpuGeneric/Pcie/Std/IfxPcie.c ****         Ifx__ldmst(&(pcieSFR->USP.OBFFWAKE), writeMask, 0U);
 434:../Libraries/iLLD/TC4xx/CpuGeneric/Pcie/Std/IfxPcie.c ****     }
 435:../Libraries/iLLD/TC4xx/CpuGeneric/Pcie/Std/IfxPcie.c **** }
 1285              	 .loc 1 435 1
 1286 000a 0090     	 ret 
 1287              	.LVL106:
 1288              	.L93:
 427:../Libraries/iLLD/TC4xx/CpuGeneric/Pcie/Std/IfxPcie.c ****         Ifx__ldmst(&(pcieSFR->USP.OBFFMSG), writeMask, 0U);
 1289              	 .loc 1 427 9 is_stmt 1
 428:../Libraries/iLLD/TC4xx/CpuGeneric/Pcie/Std/IfxPcie.c ****     }
 1290              	 .loc 1 428 9
 428:../Libraries/iLLD/TC4xx/CpuGeneric/Pcie/Std/IfxPcie.c ****     }
 1291              	 .loc 1 428 20 is_stmt 0
 1292 000c D94230F0 	 lea %a2,[%a4]1008
 1293              	.LVL107:
 1294              	.LBB41:
 1295              	.LBB42:
1482:../Libraries/iLLD/TC4xx/Tricore/Cpu/Std/IfxCpu_IntrinsicsGcc.h ****                   ldmst [%0]0,%A2"
 1296              	 .loc 2 1482 5 is_stmt 1
 1297 0010 3B002441 	 mov %d4,4672
 1298              	.LVL108:
 1299 0014 D202     	 mov %e2,0
 1300              	
 1301              	 
 1302 0016 0243     	 mov %d3,%d4
 1303 0018 49224008 	 ldmst [%a2]0,%e2
 1304              	 
 1305              	 .loc 2 1485 1 is_stmt 0
 1306              	
 1307 001c 0090     	 ret 
 1308              	.LVL109:
 1309              	.L94:
 1310              	.LBE42:
 1311              	.LBE41:
 432:../Libraries/iLLD/TC4xx/CpuGeneric/Pcie/Std/IfxPcie.c ****         Ifx__ldmst(&(pcieSFR->USP.OBFFWAKE), writeMask, 0U);
 1312              	 .loc 1 432 9 is_stmt 1
 433:../Libraries/iLLD/TC4xx/CpuGeneric/Pcie/Std/IfxPcie.c ****     }
 1313              	 .loc 1 433 9
 433:../Libraries/iLLD/TC4xx/CpuGeneric/Pcie/Std/IfxPcie.c ****     }
 1314              	 .loc 1 433 20 is_stmt 0
 1315 001e D94234F0 	 lea %a2,[%a4]1012
 1316              	.LVL110:
 1317              	.LBB43:
 1318              	.LBB44:
1482:../Libraries/iLLD/TC4xx/Tricore/Cpu/Std/IfxCpu_IntrinsicsGcc.h ****                   ldmst [%0]0,%A2"
 1319              	 .loc 2 1482 5 is_stmt 1
 1320 0022 BB002449 	 mov.u %d4,37440
 1321              	.LVL111:
 1322 0026 D202     	 mov %e2,0
 1323              	
 1324              	 
 1325 0028 0243     	 mov %d3,%d4
 1326 002a 49224008 	 ldmst [%a2]0,%e2
 1327              	 
 1328              	.LVL112:
 1329              	
 1330              	.LBE44:
 1331              	.LBE43:
 1332              	 .loc 1 435 1 is_stmt 0
 1333 002e 1D000000 	 j .L90
 1334              	.LFE374:
 1336              	 .global IfxPcie_disableObffInterrupts_end
 1337              	IfxPcie_disableObffInterrupts_end:
 1338              	 .section .text.IfxPcie_getPendingObffEvent,"ax",@progbits
 1339              	 .align 1
 1340              	 .global IfxPcie_getPendingObffEvent
 1342              	IfxPcie_getPendingObffEvent:
 1343              	.LFB375:
 436:../Libraries/iLLD/TC4xx/CpuGeneric/Pcie/Std/IfxPcie.c **** 
 437:../Libraries/iLLD/TC4xx/CpuGeneric/Pcie/Std/IfxPcie.c **** 
 438:../Libraries/iLLD/TC4xx/CpuGeneric/Pcie/Std/IfxPcie.c **** IfxPcie_ObffEvent IfxPcie_getPendingObffEvent(IfxPcie *pcieSFR, IfxPcie_ObffType obffType)
 439:../Libraries/iLLD/TC4xx/CpuGeneric/Pcie/Std/IfxPcie.c **** {
 1344              	 .loc 1 439 1 is_stmt 1
 1345              	.LVL113:
 1346 0000 40AE     	 mov.aa %a14,%SP
 1347              	.LCFI33:
 440:../Libraries/iLLD/TC4xx/CpuGeneric/Pcie/Std/IfxPcie.c ****     IfxPcie_ObffEvent event = IfxPcie_ObffEvent_none;
 1348              	 .loc 1 440 5
 1349              	.LVL114:
 441:../Libraries/iLLD/TC4xx/CpuGeneric/Pcie/Std/IfxPcie.c **** 
 442:../Libraries/iLLD/TC4xx/CpuGeneric/Pcie/Std/IfxPcie.c ****     if (obffType == IfxPcie_ObffType_Msg)
 1350              	 .loc 1 442 5
 1351              	 .loc 1 442 8 is_stmt 0
 1352 0002 DF140000 	 jeq %d4,1,.L108
 443:../Libraries/iLLD/TC4xx/CpuGeneric/Pcie/Std/IfxPcie.c ****     {
 444:../Libraries/iLLD/TC4xx/CpuGeneric/Pcie/Std/IfxPcie.c ****         Ifx_PCIE_USP_OBFFMSG msgReg;
 445:../Libraries/iLLD/TC4xx/CpuGeneric/Pcie/Std/IfxPcie.c ****         msgReg.U = pcieSFR->USP.OBFFMSG.U;
 446:../Libraries/iLLD/TC4xx/CpuGeneric/Pcie/Std/IfxPcie.c **** 
 447:../Libraries/iLLD/TC4xx/CpuGeneric/Pcie/Std/IfxPcie.c ****         if (msgReg.B.IDLE == 1u)
 448:../Libraries/iLLD/TC4xx/CpuGeneric/Pcie/Std/IfxPcie.c ****         {
 449:../Libraries/iLLD/TC4xx/CpuGeneric/Pcie/Std/IfxPcie.c ****             event = IfxPcie_ObffEvent_idle;
 450:../Libraries/iLLD/TC4xx/CpuGeneric/Pcie/Std/IfxPcie.c ****         }
 451:../Libraries/iLLD/TC4xx/CpuGeneric/Pcie/Std/IfxPcie.c ****         else if (msgReg.B.OBFF == 1u)
 452:../Libraries/iLLD/TC4xx/CpuGeneric/Pcie/Std/IfxPcie.c ****         {
 453:../Libraries/iLLD/TC4xx/CpuGeneric/Pcie/Std/IfxPcie.c ****             event = IfxPcie_ObffEvent_obff;
 454:../Libraries/iLLD/TC4xx/CpuGeneric/Pcie/Std/IfxPcie.c ****         }
 455:../Libraries/iLLD/TC4xx/CpuGeneric/Pcie/Std/IfxPcie.c ****         else if (msgReg.B.ACT == 1u)
 456:../Libraries/iLLD/TC4xx/CpuGeneric/Pcie/Std/IfxPcie.c ****         {
 457:../Libraries/iLLD/TC4xx/CpuGeneric/Pcie/Std/IfxPcie.c ****             event = IfxPcie_ObffEvent_cpuActive;
 458:../Libraries/iLLD/TC4xx/CpuGeneric/Pcie/Std/IfxPcie.c ****         }
 459:../Libraries/iLLD/TC4xx/CpuGeneric/Pcie/Std/IfxPcie.c ****     }
 460:../Libraries/iLLD/TC4xx/CpuGeneric/Pcie/Std/IfxPcie.c ****     else if (obffType == IfxPcie_ObffType_Wake)
 1353              	 .loc 1 460 10 is_stmt 1
 1354              	 .loc 1 460 13 is_stmt 0
 1355 0006 DF240080 	 jne %d4,2,.L103
 1356              	.LBB45:
 461:../Libraries/iLLD/TC4xx/CpuGeneric/Pcie/Std/IfxPcie.c ****     {
 462:../Libraries/iLLD/TC4xx/CpuGeneric/Pcie/Std/IfxPcie.c ****         Ifx_PCIE_USP_OBFFWAKE wakeReg;
 1357              	 .loc 1 462 9 is_stmt 1
 463:../Libraries/iLLD/TC4xx/CpuGeneric/Pcie/Std/IfxPcie.c ****         wakeReg.U = pcieSFR->USP.OBFFWAKE.U;
 1358              	 .loc 1 463 9
 1359              	 .loc 1 463 42 is_stmt 0
 1360 000a 194234F0 	 ld.w %d2,[%a4]1012
 464:../Libraries/iLLD/TC4xx/CpuGeneric/Pcie/Std/IfxPcie.c **** 
 465:../Libraries/iLLD/TC4xx/CpuGeneric/Pcie/Std/IfxPcie.c ****         if (wakeReg.B.IDLE == 1u)
 1361              	 .loc 1 465 9 is_stmt 1
 1362              	 .loc 1 465 12 is_stmt 0
 1363 000e 6F420080 	 jnz.t %d2,4,.L104
 466:../Libraries/iLLD/TC4xx/CpuGeneric/Pcie/Std/IfxPcie.c ****         {
 467:../Libraries/iLLD/TC4xx/CpuGeneric/Pcie/Std/IfxPcie.c ****             event = IfxPcie_ObffEvent_idle;
 468:../Libraries/iLLD/TC4xx/CpuGeneric/Pcie/Std/IfxPcie.c ****         }
 469:../Libraries/iLLD/TC4xx/CpuGeneric/Pcie/Std/IfxPcie.c ****         else if (wakeReg.B.OBFF == 1u)
 1364              	 .loc 1 469 14 is_stmt 1
 1365              	 .loc 1 469 17 is_stmt 0
 1366 0012 6F720080 	 jnz.t %d2,7,.L105
 470:../Libraries/iLLD/TC4xx/CpuGeneric/Pcie/Std/IfxPcie.c ****         {
 471:../Libraries/iLLD/TC4xx/CpuGeneric/Pcie/Std/IfxPcie.c ****             event = IfxPcie_ObffEvent_obff;
 472:../Libraries/iLLD/TC4xx/CpuGeneric/Pcie/Std/IfxPcie.c ****         }
 473:../Libraries/iLLD/TC4xx/CpuGeneric/Pcie/Std/IfxPcie.c ****         else if (wakeReg.B.ACT == 1u)
 1367              	 .loc 1 473 14 is_stmt 1
 1368              	 .loc 1 473 17 is_stmt 0
 1369 0016 6FA20080 	 jnz.t %d2,10,.L106
 474:../Libraries/iLLD/TC4xx/CpuGeneric/Pcie/Std/IfxPcie.c ****         {
 475:../Libraries/iLLD/TC4xx/CpuGeneric/Pcie/Std/IfxPcie.c ****             event = IfxPcie_ObffEvent_cpuActive;
 476:../Libraries/iLLD/TC4xx/CpuGeneric/Pcie/Std/IfxPcie.c ****         }
 477:../Libraries/iLLD/TC4xx/CpuGeneric/Pcie/Std/IfxPcie.c ****         else if (wakeReg.B.WAKERR == 1u)
 1370              	 .loc 1 477 14 is_stmt 1
 1371              	 .loc 1 477 17 is_stmt 0
 1372 001a 6FD20080 	 jnz.t %d2,13,.L107
 1373              	.LBE45:
 440:../Libraries/iLLD/TC4xx/CpuGeneric/Pcie/Std/IfxPcie.c **** 
 1374              	 .loc 1 440 23
 1375 001e 82F2     	 mov %d2,-1
 1376 0020 0090     	 ret 
 1377              	.L108:
 1378              	.LBB46:
 444:../Libraries/iLLD/TC4xx/CpuGeneric/Pcie/Std/IfxPcie.c ****         msgReg.U = pcieSFR->USP.OBFFMSG.U;
 1379              	 .loc 1 444 9 is_stmt 1
 445:../Libraries/iLLD/TC4xx/CpuGeneric/Pcie/Std/IfxPcie.c **** 
 1380              	 .loc 1 445 9
 445:../Libraries/iLLD/TC4xx/CpuGeneric/Pcie/Std/IfxPcie.c **** 
 1381              	 .loc 1 445 40 is_stmt 0
 1382 0022 194230F0 	 ld.w %d2,[%a4]1008
 447:../Libraries/iLLD/TC4xx/CpuGeneric/Pcie/Std/IfxPcie.c ****         {
 1383              	 .loc 1 447 9 is_stmt 1
 447:../Libraries/iLLD/TC4xx/CpuGeneric/Pcie/Std/IfxPcie.c ****         {
 1384              	 .loc 1 447 12 is_stmt 0
 1385 0026 6F420080 	 jnz.t %d2,4,.L100
 451:../Libraries/iLLD/TC4xx/CpuGeneric/Pcie/Std/IfxPcie.c ****         {
 1386              	 .loc 1 451 14 is_stmt 1
 451:../Libraries/iLLD/TC4xx/CpuGeneric/Pcie/Std/IfxPcie.c ****         {
 1387              	 .loc 1 451 17 is_stmt 0
 1388 002a 6F720080 	 jnz.t %d2,7,.L101
 455:../Libraries/iLLD/TC4xx/CpuGeneric/Pcie/Std/IfxPcie.c ****         {
 1389              	 .loc 1 455 14 is_stmt 1
 455:../Libraries/iLLD/TC4xx/CpuGeneric/Pcie/Std/IfxPcie.c ****         {
 1390              	 .loc 1 455 17 is_stmt 0
 1391 002e 6FA20080 	 jnz.t %d2,10,.L102
 1392              	.LBE46:
 440:../Libraries/iLLD/TC4xx/CpuGeneric/Pcie/Std/IfxPcie.c **** 
 1393              	 .loc 1 440 23
 1394 0032 82F2     	 mov %d2,-1
 1395 0034 0090     	 ret 
 1396              	.L100:
 1397              	.LBB47:
 449:../Libraries/iLLD/TC4xx/CpuGeneric/Pcie/Std/IfxPcie.c ****         }
 1398              	 .loc 1 449 19
 1399 0036 8202     	 mov %d2,0
 1400 0038 0090     	 ret 
 1401              	.L101:
 453:../Libraries/iLLD/TC4xx/CpuGeneric/Pcie/Std/IfxPcie.c ****         }
 1402              	 .loc 1 453 19
 1403 003a 8212     	 mov %d2,1
 1404 003c 0090     	 ret 
 1405              	.L102:
 457:../Libraries/iLLD/TC4xx/CpuGeneric/Pcie/Std/IfxPcie.c ****         }
 1406              	 .loc 1 457 19
 1407 003e 8222     	 mov %d2,2
 1408              	.LVL115:
 1409 0040 0090     	 ret 
 1410              	.LVL116:
 1411              	.L104:
 1412              	.LBE47:
 1413              	.LBB48:
 467:../Libraries/iLLD/TC4xx/CpuGeneric/Pcie/Std/IfxPcie.c ****         }
 1414              	 .loc 1 467 19
 1415 0042 8202     	 mov %d2,0
 1416 0044 0090     	 ret 
 1417              	.L105:
 471:../Libraries/iLLD/TC4xx/CpuGeneric/Pcie/Std/IfxPcie.c ****         }
 1418              	 .loc 1 471 19
 1419 0046 8212     	 mov %d2,1
 1420 0048 0090     	 ret 
 1421              	.L106:
 475:../Libraries/iLLD/TC4xx/CpuGeneric/Pcie/Std/IfxPcie.c ****         }
 1422              	 .loc 1 475 19
 1423 004a 8222     	 mov %d2,2
 1424 004c 0090     	 ret 
 1425              	.L107:
 478:../Libraries/iLLD/TC4xx/CpuGeneric/Pcie/Std/IfxPcie.c ****         {
 479:../Libraries/iLLD/TC4xx/CpuGeneric/Pcie/Std/IfxPcie.c ****             event = IfxPcie_ObffEvent_wakeError;
 1426              	 .loc 1 479 19
 1427 004e 8232     	 mov %d2,3
 1428              	.LVL117:
 1429 0050 0090     	 ret 
 1430              	.LVL118:
 1431              	.L103:
 1432              	.LBE48:
 440:../Libraries/iLLD/TC4xx/CpuGeneric/Pcie/Std/IfxPcie.c **** 
 1433              	 .loc 1 440 23
 1434 0052 82F2     	 mov %d2,-1
 480:../Libraries/iLLD/TC4xx/CpuGeneric/Pcie/Std/IfxPcie.c ****         }
 481:../Libraries/iLLD/TC4xx/CpuGeneric/Pcie/Std/IfxPcie.c ****     }
 482:../Libraries/iLLD/TC4xx/CpuGeneric/Pcie/Std/IfxPcie.c **** 
 483:../Libraries/iLLD/TC4xx/CpuGeneric/Pcie/Std/IfxPcie.c ****     return event;
 1435              	 .loc 1 483 5 is_stmt 1
 484:../Libraries/iLLD/TC4xx/CpuGeneric/Pcie/Std/IfxPcie.c **** }
 1436              	 .loc 1 484 1 is_stmt 0
 1437 0054 0090     	 ret 
 1438              	.LFE375:
 1440              	 .global IfxPcie_getPendingObffEvent_end
 1441              	IfxPcie_getPendingObffEvent_end:
 1442              	 .section .text.IfxPcie_clearPendingObffEvent,"ax",@progbits
 1443              	 .align 1
 1444              	 .global IfxPcie_clearPendingObffEvent
 1446              	IfxPcie_clearPendingObffEvent:
 1447              	.LFB376:
 485:../Libraries/iLLD/TC4xx/CpuGeneric/Pcie/Std/IfxPcie.c **** 
 486:../Libraries/iLLD/TC4xx/CpuGeneric/Pcie/Std/IfxPcie.c **** 
 487:../Libraries/iLLD/TC4xx/CpuGeneric/Pcie/Std/IfxPcie.c **** void IfxPcie_clearPendingObffEvent(IfxPcie *pcieSFR, IfxPcie_ObffType obffType, IfxPcie_ObffEvent o
 488:../Libraries/iLLD/TC4xx/CpuGeneric/Pcie/Std/IfxPcie.c **** {
 1448              	 .loc 1 488 1 is_stmt 1
 1449              	.LVL119:
 1450 0000 40AE     	 mov.aa %a14,%SP
 1451              	.LCFI34:
 489:../Libraries/iLLD/TC4xx/CpuGeneric/Pcie/Std/IfxPcie.c ****     uint32 writeMask = 0x0u;
 1452              	 .loc 1 489 5
 1453              	.LVL120:
 490:../Libraries/iLLD/TC4xx/CpuGeneric/Pcie/Std/IfxPcie.c **** 
 491:../Libraries/iLLD/TC4xx/CpuGeneric/Pcie/Std/IfxPcie.c ****     if (obffEvent != IfxPcie_ObffEvent_none)
 1454              	 .loc 1 491 5
 1455              	 .loc 1 491 8 is_stmt 0
 1456 0002 DFF50000 	 jeq %d5,-1,.L109
 492:../Libraries/iLLD/TC4xx/CpuGeneric/Pcie/Std/IfxPcie.c ****     {
 493:../Libraries/iLLD/TC4xx/CpuGeneric/Pcie/Std/IfxPcie.c ****         if (obffType == IfxPcie_ObffType_Msg)
 1457              	 .loc 1 493 9 is_stmt 1
 1458              	 .loc 1 493 12 is_stmt 0
 1459 0006 DF140000 	 jeq %d4,1,.L112
 494:../Libraries/iLLD/TC4xx/CpuGeneric/Pcie/Std/IfxPcie.c ****         {
 495:../Libraries/iLLD/TC4xx/CpuGeneric/Pcie/Std/IfxPcie.c ****             writeMask = 1U << (IFX_PCIE_USP_OBFFMSG_IDLECLR_OFF + (uint32)(obffEvent * 3u));
 496:../Libraries/iLLD/TC4xx/CpuGeneric/Pcie/Std/IfxPcie.c ****             Ifx__ldmst(&(pcieSFR->USP.OBFFMSG), writeMask, 0U);
 497:../Libraries/iLLD/TC4xx/CpuGeneric/Pcie/Std/IfxPcie.c ****         }
 498:../Libraries/iLLD/TC4xx/CpuGeneric/Pcie/Std/IfxPcie.c ****         else if (obffType == IfxPcie_ObffType_Wake)
 1460              	 .loc 1 498 14 is_stmt 1
 1461              	 .loc 1 498 17 is_stmt 0
 1462 000a DF240000 	 jeq %d4,2,.L113
 1463              	.LVL121:
 1464              	.L109:
 499:../Libraries/iLLD/TC4xx/CpuGeneric/Pcie/Std/IfxPcie.c ****         {
 500:../Libraries/iLLD/TC4xx/CpuGeneric/Pcie/Std/IfxPcie.c ****             writeMask = 1U << (IFX_PCIE_USP_OBFFWAKE_IDLECLR_OFF + (uint32)(obffEvent * 3u));
 501:../Libraries/iLLD/TC4xx/CpuGeneric/Pcie/Std/IfxPcie.c ****             Ifx__ldmst(&(pcieSFR->USP.OBFFWAKE), writeMask, 0U);
 502:../Libraries/iLLD/TC4xx/CpuGeneric/Pcie/Std/IfxPcie.c ****         }
 503:../Libraries/iLLD/TC4xx/CpuGeneric/Pcie/Std/IfxPcie.c ****     }
 504:../Libraries/iLLD/TC4xx/CpuGeneric/Pcie/Std/IfxPcie.c **** }
 1465              	 .loc 1 504 1
 1466 000e 0090     	 ret 
 1467              	.LVL122:
 1468              	.L112:
 495:../Libraries/iLLD/TC4xx/CpuGeneric/Pcie/Std/IfxPcie.c ****             Ifx__ldmst(&(pcieSFR->USP.OBFFMSG), writeMask, 0U);
 1469              	 .loc 1 495 13 is_stmt 1
 495:../Libraries/iLLD/TC4xx/CpuGeneric/Pcie/Std/IfxPcie.c ****             Ifx__ldmst(&(pcieSFR->USP.OBFFMSG), writeMask, 0U);
 1470              	 .loc 1 495 86 is_stmt 0
 1471 0010 53352020 	 mul %d2,%d5,3
 495:../Libraries/iLLD/TC4xx/CpuGeneric/Pcie/Std/IfxPcie.c ****             Ifx__ldmst(&(pcieSFR->USP.OBFFMSG), writeMask, 0U);
 1472              	 .loc 1 495 65
 1473 0014 C252     	 add %d2,5
 495:../Libraries/iLLD/TC4xx/CpuGeneric/Pcie/Std/IfxPcie.c ****             Ifx__ldmst(&(pcieSFR->USP.OBFFMSG), writeMask, 0U);
 1474              	 .loc 1 495 23
 1475 0016 8214     	 mov %d4,1
 1476              	.LVL123:
 1477 0018 0F240040 	 sh %d4,%d4,%d2
 1478              	.LVL124:
 496:../Libraries/iLLD/TC4xx/CpuGeneric/Pcie/Std/IfxPcie.c ****         }
 1479              	 .loc 1 496 13 is_stmt 1
 496:../Libraries/iLLD/TC4xx/CpuGeneric/Pcie/Std/IfxPcie.c ****         }
 1480              	 .loc 1 496 24 is_stmt 0
 1481 001c D94230F0 	 lea %a2,[%a4]1008
 1482              	.LVL125:
 1483              	.LBB49:
 1484              	.LBB50:
1482:../Libraries/iLLD/TC4xx/Tricore/Cpu/Std/IfxCpu_IntrinsicsGcc.h ****                   ldmst [%0]0,%A2"
 1485              	 .loc 2 1482 5 is_stmt 1
 1486 0020 D202     	 mov %e2,0
 1487              	
 1488              	 
 1489 0022 0243     	 mov %d3,%d4
 1490 0024 49224008 	 ldmst [%a2]0,%e2
 1491              	 
 1492              	 .loc 2 1485 1 is_stmt 0
 1493              	
 1494 0028 0090     	 ret 
 1495              	.LVL126:
 1496              	.L113:
 1497              	.LBE50:
 1498              	.LBE49:
 500:../Libraries/iLLD/TC4xx/CpuGeneric/Pcie/Std/IfxPcie.c ****             Ifx__ldmst(&(pcieSFR->USP.OBFFWAKE), writeMask, 0U);
 1499              	 .loc 1 500 13 is_stmt 1
 500:../Libraries/iLLD/TC4xx/CpuGeneric/Pcie/Std/IfxPcie.c ****             Ifx__ldmst(&(pcieSFR->USP.OBFFWAKE), writeMask, 0U);
 1500              	 .loc 1 500 87 is_stmt 0
 1501 002a 53352020 	 mul %d2,%d5,3
 500:../Libraries/iLLD/TC4xx/CpuGeneric/Pcie/Std/IfxPcie.c ****             Ifx__ldmst(&(pcieSFR->USP.OBFFWAKE), writeMask, 0U);
 1502              	 .loc 1 500 66
 1503 002e C252     	 add %d2,5
 500:../Libraries/iLLD/TC4xx/CpuGeneric/Pcie/Std/IfxPcie.c ****             Ifx__ldmst(&(pcieSFR->USP.OBFFWAKE), writeMask, 0U);
 1504              	 .loc 1 500 23
 1505 0030 8214     	 mov %d4,1
 1506              	.LVL127:
 1507 0032 0F240040 	 sh %d4,%d4,%d2
 1508              	.LVL128:
 501:../Libraries/iLLD/TC4xx/CpuGeneric/Pcie/Std/IfxPcie.c ****         }
 1509              	 .loc 1 501 13 is_stmt 1
 501:../Libraries/iLLD/TC4xx/CpuGeneric/Pcie/Std/IfxPcie.c ****         }
 1510              	 .loc 1 501 24 is_stmt 0
 1511 0036 D94234F0 	 lea %a2,[%a4]1012
 1512              	.LVL129:
 1513              	.LBB51:
 1514              	.LBB52:
1482:../Libraries/iLLD/TC4xx/Tricore/Cpu/Std/IfxCpu_IntrinsicsGcc.h ****                   ldmst [%0]0,%A2"
 1515              	 .loc 2 1482 5 is_stmt 1
 1516 003a D202     	 mov %e2,0
 1517              	
 1518              	 
 1519 003c 0243     	 mov %d3,%d4
 1520 003e 49224008 	 ldmst [%a2]0,%e2
 1521              	 
 1522              	.LVL130:
 1523              	
 1524              	.LBE52:
 1525              	.LBE51:
 1526              	 .loc 1 504 1 is_stmt 0
 1527 0042 1D000000 	 j .L109
 1528              	.LFE376:
 1530              	 .global IfxPcie_clearPendingObffEvent_end
 1531              	IfxPcie_clearPendingObffEvent_end:
 1532              	 .section .text.IfxPcie_triggerObff,"ax",@progbits
 1533              	 .align 1
 1534              	 .global IfxPcie_triggerObff
 1536              	IfxPcie_triggerObff:
 1537              	.LFB377:
 505:../Libraries/iLLD/TC4xx/CpuGeneric/Pcie/Std/IfxPcie.c **** 
 506:../Libraries/iLLD/TC4xx/CpuGeneric/Pcie/Std/IfxPcie.c **** 
 507:../Libraries/iLLD/TC4xx/CpuGeneric/Pcie/Std/IfxPcie.c **** void IfxPcie_triggerObff(IfxPcie *pcieSFR, IfxPcie_ObffType obffType, IfxPcie_ObffEvent obffEvent)
 508:../Libraries/iLLD/TC4xx/CpuGeneric/Pcie/Std/IfxPcie.c **** {
 1538              	 .loc 1 508 1 is_stmt 1
 1539              	.LVL131:
 1540 0000 40AE     	 mov.aa %a14,%SP
 1541              	.LCFI35:
 509:../Libraries/iLLD/TC4xx/CpuGeneric/Pcie/Std/IfxPcie.c ****     uint32 writeMask = 0x0u;
 1542              	 .loc 1 509 5
 1543              	.LVL132:
 510:../Libraries/iLLD/TC4xx/CpuGeneric/Pcie/Std/IfxPcie.c **** 
 511:../Libraries/iLLD/TC4xx/CpuGeneric/Pcie/Std/IfxPcie.c ****     if ((obffEvent != IfxPcie_ObffEvent_none) && (obffEvent != IfxPcie_ObffEvent_wakeError))
 1544              	 .loc 1 511 5
 1545              	 .loc 1 511 20 is_stmt 0
 1546 0002 8BF53F32 	 ne %d3,%d5,-1
 1547              	 .loc 1 511 61
 1548 0006 8B352022 	 ne %d2,%d5,3
 1549              	 .loc 1 511 47
 1550 000a 2632     	 and %d2,%d3
 1551              	 .loc 1 511 8
 1552 000c DF020000 	 jz %d2,.L114
 512:../Libraries/iLLD/TC4xx/CpuGeneric/Pcie/Std/IfxPcie.c ****     {
 513:../Libraries/iLLD/TC4xx/CpuGeneric/Pcie/Std/IfxPcie.c ****         if (obffType == IfxPcie_ObffType_Msg)
 1553              	 .loc 1 513 9 is_stmt 1
 1554              	 .loc 1 513 12 is_stmt 0
 1555 0010 DF140000 	 jeq %d4,1,.L117
 514:../Libraries/iLLD/TC4xx/CpuGeneric/Pcie/Std/IfxPcie.c ****         {
 515:../Libraries/iLLD/TC4xx/CpuGeneric/Pcie/Std/IfxPcie.c ****             writeMask = 1U << (IFX_PCIE_USP_OBFFMSG_IDLEREQ_OFF + (uint32)(obffEvent));
 516:../Libraries/iLLD/TC4xx/CpuGeneric/Pcie/Std/IfxPcie.c ****             Ifx__ldmst(&(pcieSFR->USP.OBFFMSG), writeMask, writeMask);
 517:../Libraries/iLLD/TC4xx/CpuGeneric/Pcie/Std/IfxPcie.c ****         }
 518:../Libraries/iLLD/TC4xx/CpuGeneric/Pcie/Std/IfxPcie.c ****         else if (obffType == IfxPcie_ObffType_Wake)
 1556              	 .loc 1 518 14 is_stmt 1
 1557              	 .loc 1 518 17 is_stmt 0
 1558 0014 DF240000 	 jeq %d4,2,.L118
 1559              	.LVL133:
 1560              	.L114:
 519:../Libraries/iLLD/TC4xx/CpuGeneric/Pcie/Std/IfxPcie.c ****         {
 520:../Libraries/iLLD/TC4xx/CpuGeneric/Pcie/Std/IfxPcie.c ****             writeMask = 1U << (IFX_PCIE_USP_OBFFWAKE_IDLEREQ_OFF + (uint32)(obffEvent));
 521:../Libraries/iLLD/TC4xx/CpuGeneric/Pcie/Std/IfxPcie.c ****             Ifx__ldmst(&(pcieSFR->USP.OBFFWAKE), writeMask, writeMask);
 522:../Libraries/iLLD/TC4xx/CpuGeneric/Pcie/Std/IfxPcie.c ****         }
 523:../Libraries/iLLD/TC4xx/CpuGeneric/Pcie/Std/IfxPcie.c ****     }
 524:../Libraries/iLLD/TC4xx/CpuGeneric/Pcie/Std/IfxPcie.c **** }
 1561              	 .loc 1 524 1
 1562 0018 0090     	 ret 
 1563              	.LVL134:
 1564              	.L117:
 515:../Libraries/iLLD/TC4xx/CpuGeneric/Pcie/Std/IfxPcie.c ****             Ifx__ldmst(&(pcieSFR->USP.OBFFMSG), writeMask, writeMask);
 1565              	 .loc 1 515 13 is_stmt 1
 515:../Libraries/iLLD/TC4xx/CpuGeneric/Pcie/Std/IfxPcie.c ****             Ifx__ldmst(&(pcieSFR->USP.OBFFMSG), writeMask, writeMask);
 1566              	 .loc 1 515 65 is_stmt 0
 1567 001a C215     	 add %d5,1
 1568              	.LVL135:
 515:../Libraries/iLLD/TC4xx/CpuGeneric/Pcie/Std/IfxPcie.c ****             Ifx__ldmst(&(pcieSFR->USP.OBFFMSG), writeMask, writeMask);
 1569              	 .loc 1 515 23
 1570 001c 8214     	 mov %d4,1
 1571              	.LVL136:
 1572 001e 0F540040 	 sh %d4,%d4,%d5
 1573              	.LVL137:
 516:../Libraries/iLLD/TC4xx/CpuGeneric/Pcie/Std/IfxPcie.c ****         }
 1574              	 .loc 1 516 13 is_stmt 1
 516:../Libraries/iLLD/TC4xx/CpuGeneric/Pcie/Std/IfxPcie.c ****         }
 1575              	 .loc 1 516 24 is_stmt 0
 1576 0022 D94230F0 	 lea %a2,[%a4]1008
 1577              	.LVL138:
 1578              	.LBB53:
 1579              	.LBB54:
1482:../Libraries/iLLD/TC4xx/Tricore/Cpu/Std/IfxCpu_IntrinsicsGcc.h ****                   ldmst [%0]0,%A2"
 1580              	 .loc 2 1482 5 is_stmt 1
1484:../Libraries/iLLD/TC4xx/Tricore/Cpu/Std/IfxCpu_IntrinsicsGcc.h **** }
 1581              	 .loc 2 1484 53 is_stmt 0
 1582 0026 53144020 	 mul.u %e2,%d4,1
1482:../Libraries/iLLD/TC4xx/Tricore/Cpu/Std/IfxCpu_IntrinsicsGcc.h ****                   ldmst [%0]0,%A2"
 1583              	 .loc 2 1482 5
 1584              	
 1585              	 
 1586 002a 0243     	 mov %d3,%d4
 1587 002c 49224008 	 ldmst [%a2]0,%e2
 1588              	 
 1589              	 .loc 2 1485 1
 1590              	
 1591 0030 0090     	 ret 
 1592              	.LVL139:
 1593              	.L118:
 1594              	.LBE54:
 1595              	.LBE53:
 520:../Libraries/iLLD/TC4xx/CpuGeneric/Pcie/Std/IfxPcie.c ****             Ifx__ldmst(&(pcieSFR->USP.OBFFWAKE), writeMask, writeMask);
 1596              	 .loc 1 520 13 is_stmt 1
 520:../Libraries/iLLD/TC4xx/CpuGeneric/Pcie/Std/IfxPcie.c ****             Ifx__ldmst(&(pcieSFR->USP.OBFFWAKE), writeMask, writeMask);
 1597              	 .loc 1 520 66 is_stmt 0
 1598 0032 C215     	 add %d5,1
 1599              	.LVL140:
 520:../Libraries/iLLD/TC4xx/CpuGeneric/Pcie/Std/IfxPcie.c ****             Ifx__ldmst(&(pcieSFR->USP.OBFFWAKE), writeMask, writeMask);
 1600              	 .loc 1 520 23
 1601 0034 8214     	 mov %d4,1
 1602              	.LVL141:
 1603 0036 0F540040 	 sh %d4,%d4,%d5
 1604              	.LVL142:
 521:../Libraries/iLLD/TC4xx/CpuGeneric/Pcie/Std/IfxPcie.c ****         }
 1605              	 .loc 1 521 13 is_stmt 1
 521:../Libraries/iLLD/TC4xx/CpuGeneric/Pcie/Std/IfxPcie.c ****         }
 1606              	 .loc 1 521 24 is_stmt 0
 1607 003a D94234F0 	 lea %a2,[%a4]1012
 1608              	.LVL143:
 1609              	.LBB55:
 1610              	.LBB56:
1482:../Libraries/iLLD/TC4xx/Tricore/Cpu/Std/IfxCpu_IntrinsicsGcc.h ****                   ldmst [%0]0,%A2"
 1611              	 .loc 2 1482 5 is_stmt 1
1484:../Libraries/iLLD/TC4xx/Tricore/Cpu/Std/IfxCpu_IntrinsicsGcc.h **** }
 1612              	 .loc 2 1484 53 is_stmt 0
 1613 003e 53144020 	 mul.u %e2,%d4,1
1482:../Libraries/iLLD/TC4xx/Tricore/Cpu/Std/IfxCpu_IntrinsicsGcc.h ****                   ldmst [%0]0,%A2"
 1614              	 .loc 2 1482 5
 1615              	
 1616              	 
 1617 0042 0243     	 mov %d3,%d4
 1618 0044 49224008 	 ldmst [%a2]0,%e2
 1619              	 
 1620              	.LVL144:
 1621              	
 1622              	.LBE56:
 1623              	.LBE55:
 1624              	 .loc 1 524 1
 1625 0048 1D000000 	 j .L114
 1626              	.LFE377:
 1628              	 .global IfxPcie_triggerObff_end
 1629              	IfxPcie_triggerObff_end:
 1630              	 .section .text.IfxPcie_configureAccessToPcies,"ax",@progbits
 1631              	 .align 1
 1632              	 .global IfxPcie_configureAccessToPcies
 1634              	IfxPcie_configureAccessToPcies:
 1635              	.LFB378:
 525:../Libraries/iLLD/TC4xx/CpuGeneric/Pcie/Std/IfxPcie.c **** 
 526:../Libraries/iLLD/TC4xx/CpuGeneric/Pcie/Std/IfxPcie.c **** 
 527:../Libraries/iLLD/TC4xx/CpuGeneric/Pcie/Std/IfxPcie.c **** void IfxPcie_configureAccessToPcies(IfxApApu_ApuConfig *apConfig)
 528:../Libraries/iLLD/TC4xx/CpuGeneric/Pcie/Std/IfxPcie.c **** {
 1636              	 .loc 1 528 1 is_stmt 1
 1637              	.LVL145:
 1638 0000 40AE     	 mov.aa %a14,%SP
 1639              	.LCFI36:
 1640 0002 8048     	 mov.d %d8,%a4
 529:../Libraries/iLLD/TC4xx/CpuGeneric/Pcie/Std/IfxPcie.c **** #if (IFXPCIE_CFG_NUM_MODULES >1)
 530:../Libraries/iLLD/TC4xx/CpuGeneric/Pcie/Std/IfxPcie.c ****     IfxApApu_init((Ifx_ACCEN_ACCEN *)&MODULE_PCIE0_DSP.ACCEN, apConfig);
 1641              	 .loc 1 530 5
 1642 0004 4045     	 mov.aa %a5,%a4
 1643 0006 91B0464F 	 movh.a %a4,62571
 1644              	.LVL146:
 1645 000a D9440018 	 lea %a4,[%a4]-32704
 1646 000e 6D000000 	 call IfxApApu_init
 1647              	.LVL147:
 531:../Libraries/iLLD/TC4xx/CpuGeneric/Pcie/Std/IfxPcie.c **** #endif /* #if (IFXPCIE_CFG_NUM_MODULES >1) */
 532:../Libraries/iLLD/TC4xx/CpuGeneric/Pcie/Std/IfxPcie.c ****     IfxApApu_init((Ifx_ACCEN_ACCEN *)&MODULE_PCIE1_DSP.ACCEN, apConfig);
 1648              	 .loc 1 532 5
 1649 0012 6085     	 mov.a %a5,%d8
 1650 0014 91A0464F 	 movh.a %a4,62570
 1651 0018 D9440010 	 lea %a4,[%a4]64
 1652 001c 6D000000 	 call IfxApApu_init
 1653              	.LVL148:
 533:../Libraries/iLLD/TC4xx/CpuGeneric/Pcie/Std/IfxPcie.c **** }
 1654              	 .loc 1 533 1 is_stmt 0
 1655 0020 0090     	 ret 
 1656              	.LFE378:
 1658              	 .global IfxPcie_configureAccessToPcies_end
 1659              	IfxPcie_configureAccessToPcies_end:
 2120              	.Letext0:
 2121              	 .file 3 "../Libraries/Infra/Platform/Compilers/Platform_Types.h"
 2122              	 .file 4 "../Libraries/Infra/Sfr/TC4Dx/Ifx_TypesReg.h"
 2123              	 .file 5 "../Libraries/Infra/Sfr/TC4Dx/IfxPcie_dsp_regdef.h"
 2124              	 .file 6 "../Libraries/Infra/Sfr/TC4Dx/IfxPcie_usp_regdef.h"
 2125              	 .file 7 "../Libraries/iLLD/TC4xx/CpuGeneric/Ap/IfxAccen_regdef.h"
 2126              	 .file 8 "../Libraries/iLLD/TC4xx/CpuGeneric/Ap/Std/IfxApApu.h"
 2127              	 .file 9 "../Libraries/Infra/Sfr/TC4Dx/IfxHsphy_regdef.h"
 2128              	 .file 10 "../Libraries/iLLD/TC4xx/CpuGeneric/_Impl/TC4Dx/IfxHsphy_cfg_TC4Dx.h"
 2129              	 .file 11 "../Libraries/iLLD/TC4xx/CpuGeneric/Pcie/Std/IfxPcie.h"
 2130              	 .file 12 "../Libraries/iLLD/TC4xx/CpuGeneric/Hsphy/Std/IfxHsphy.h"
 105905 0000 00000000 	 .word IfxPcie_CfgRdb
 105906 0004 00000000 	 .word IfxPcie_CfgRdb_end
 105907 0008 34002444 	 .word 0x44240034
 105908 000c 30003000 	 .word 0x00300030
 105909 0010 00000000 	 .word 0x00000000
 105910 0014 C0000000 	 .word 0x000000c0
 105911 0018 00000000 	 .word IfxPcie_CfgRdl
 105912 001c 00000000 	 .word IfxPcie_CfgRdl_end
 105913 0020 34001444 	 .word 0x44140034
 105914 0024 30001000 	 .word 0x00100030
 105915 0028 00000000 	 .word 0x00000000
 105916 002c C0000000 	 .word 0x000000c0
 105917 0030 00000000 	 .word IfxPcie_CfgRdw
 105918 0034 00000000 	 .word IfxPcie_CfgRdw_end
 105919 0038 34002444 	 .word 0x44240034
 105920 003c 30003000 	 .word 0x00300030
 105921 0040 00000000 	 .word 0x00000000
 105922 0044 C0000000 	 .word 0x000000c0
 105923 0048 00000000 	 .word IfxPcie_CfgWrb
 105924 004c 00000000 	 .word IfxPcie_CfgWrb_end
 105925 0050 70000444 	 .word 0x44040070
 105926 0054 70001000 	 .word 0x00100070
 105927 0058 00000000 	 .word 0x00000000
 105928 005c C0000000 	 .word 0x000000c0
 105929 0060 00000000 	 .word IfxPcie_CfgWrw
 105930 0064 00000000 	 .word IfxPcie_CfgWrw_end
 105931 0068 70000444 	 .word 0x44040070
 105932 006c 70001000 	 .word 0x00100070
 105933 0070 00000000 	 .word 0x00000000
 105934 0074 C0000000 	 .word 0x000000c0
 105935 0078 00000000 	 .word IfxPcie_CfgWrl
 105936 007c 00000000 	 .word IfxPcie_CfgWrl_end
 105937 0080 70000444 	 .word 0x44040070
 105938 0084 70000000 	 .word 0x00000070
 105939 0088 00000000 	 .word 0x00000000
 105940 008c C0000000 	 .word 0x000000c0
 105941 0090 00000000 	 .word IfxPcie_MemRdl
 105942 0094 00000000 	 .word IfxPcie_MemRdl_end
 105943 0098 34002444 	 .word 0x44240034
 105944 009c 30003000 	 .word 0x00300030
 105945 00a0 00000000 	 .word 0x00000000
 105946 00a4 C0000000 	 .word 0x000000c0
 105947 00a8 00000000 	 .word IfxPcie_MemWrl
 105948 00ac 00000000 	 .word IfxPcie_MemWrl_end
 105949 00b0 70000444 	 .word 0x44040070
 105950 00b4 70001000 	 .word 0x00100070
 105951 00b8 00000000 	 .word 0x00000000
 105952 00bc C0000000 	 .word 0x000000c0
 105953 00c0 00000000 	 .word IfxPcie_CpuMemRdl
 105954 00c4 00000000 	 .word IfxPcie_CpuMemRdl_end
 105955 00c8 34001444 	 .word 0x44140034
 105956 00cc 30001000 	 .word 0x00100030
 105957 00d0 00000000 	 .word 0x00000000
 105958 00d4 C0000000 	 .word 0x000000c0
 105959 00d8 00000000 	 .word IfxPcie_CpuMemWrl
 105960 00dc 00000000 	 .word IfxPcie_CpuMemWrl_end
 105961 00e0 70000444 	 .word 0x44040070
 105962 00e4 70000000 	 .word 0x00000070
 105963 00e8 00000000 	 .word 0x00000000
 105964 00ec C0000000 	 .word 0x000000c0
 105965 00f0 00000000 	 .word IfxPcie_getBarMemSize
 105966 00f4 00000000 	 .word IfxPcie_getBarMemSize_end
 105967 00f8 FD031444 	 .word 0x441403fd
 105968 00fc 10001000 	 .word 0x00100010
 105969 0100 0C000000 	 .word 0x0000000c
 105970 0104 C0800000 	 .word 0x000080c0
 105971 0108 00000000 	 .word IfxPcie_getPmeEventStatus
 105972 010c 00000000 	 .word IfxPcie_getPmeEventStatus_end
 105973 0110 14001C44 	 .word 0x441c0014
 105974 0114 10001000 	 .word 0x00100010
 105975 0118 04000000 	 .word 0x00000004
 105976 011c C0000000 	 .word 0x000000c0
 105977 0120 00000000 	 .word IfxPcie_getPendingPmeInterrupts
 105978 0124 00000000 	 .word IfxPcie_getPendingPmeInterrupts_end
 105979 0128 1C003444 	 .word 0x4434001c
 105980 012c 00003000 	 .word 0x00300000
 105981 0130 04000000 	 .word 0x00000004
 105982 0134 C0000000 	 .word 0x000000c0
 105983 0138 00000000 	 .word IfxPcie_enablePmeInterrupts
 105984 013c 00000000 	 .word IfxPcie_enablePmeInterrupts_end
 105985 0140 14001444 	 .word 0x44140014
 105986 0144 10001000 	 .word 0x00100010
 105987 0148 00000000 	 .word 0x00000000
 105988 014c C0000000 	 .word 0x000000c0
 105989 0150 00000000 	 .word IfxPcie_disablePmeInterrupts
 105990 0154 00000000 	 .word IfxPcie_disablePmeInterrupts_end
 105991 0158 14001444 	 .word 0x44140014
 105992 015c 10001000 	 .word 0x00100010
 105993 0160 00000000 	 .word 0x00000000
 105994 0164 C0000000 	 .word 0x000000c0
 105995 0168 00000000 	 .word IfxPcie_clearPmeInterrupts
 105996 016c 00000000 	 .word IfxPcie_clearPmeInterrupts_end
 105997 0170 14001444 	 .word 0x44140014
 105998 0174 10001000 	 .word 0x00100010
 105999 0178 00000000 	 .word 0x00000000
 106000 017c C0000000 	 .word 0x000000c0
 106001 0180 00000000 	 .word IfxPcie_getErrorEventStatus
 106002 0184 00000000 	 .word IfxPcie_getErrorEventStatus_end
 106003 0188 14001444 	 .word 0x44140014
 106004 018c 10001000 	 .word 0x00100010
 106005 0190 04000000 	 .word 0x00000004
 106006 0194 C0000000 	 .word 0x000000c0
 106007 0198 00000000 	 .word IfxPcie_getPendingErrorInterrupts
 106008 019c 00000000 	 .word IfxPcie_getPendingErrorInterrupts_end
 106009 01a0 0C003444 	 .word 0x4434000c
 106010 01a4 00003000 	 .word 0x00300000
 106011 01a8 04000000 	 .word 0x00000004
 106012 01ac C0000000 	 .word 0x000000c0
 106013 01b0 00000000 	 .word IfxPcie_enableErrorInterrupts
 106014 01b4 00000000 	 .word IfxPcie_enableErrorInterrupts_end
 106015 01b8 14001444 	 .word 0x44140014
 106016 01bc 10001000 	 .word 0x00100010
 106017 01c0 00000000 	 .word 0x00000000
 106018 01c4 C0000000 	 .word 0x000000c0
 106019 01c8 00000000 	 .word IfxPcie_disableErrorInterrupts
 106020 01cc 00000000 	 .word IfxPcie_disableErrorInterrupts_end
 106021 01d0 14001444 	 .word 0x44140014
 106022 01d4 10001000 	 .word 0x00100010
 106023 01d8 00000000 	 .word 0x00000000
 106024 01dc C0000000 	 .word 0x000000c0
 106025 01e0 00000000 	 .word IfxPcie_clearErrorInterrupts
 106026 01e4 00000000 	 .word IfxPcie_clearErrorInterrupts_end
 106027 01e8 14001444 	 .word 0x44140014
 106028 01ec 10001000 	 .word 0x00100010
 106029 01f0 00000000 	 .word 0x00000000
 106030 01f4 C0000000 	 .word 0x000000c0
 106031 01f8 00000000 	 .word IfxPcie_sendPmeTurnOffMessage
 106032 01fc 00000000 	 .word IfxPcie_sendPmeTurnOffMessage_end
 106033 0200 04001444 	 .word 0x44140004
 106034 0204 00001000 	 .word 0x00100000
 106035 0208 00000000 	 .word 0x00000000
 106036 020c C0000000 	 .word 0x000000c0
 106037 0210 00000000 	 .word IfxPcie_waitForHsphy
 106038 0214 00000000 	 .word IfxPcie_waitForHsphy_end
 106039 0218 14031444 	 .word 0x44140314
 106040 021c 10001000 	 .word 0x00100010
 106041 0220 00000000 	 .word 0x00000000
 106042 0224 40000200 	 .word 0x00020040
 106043 0228 00000000 	 .word IfxPcie_enableLtrInterrupt
 106044 022c 00000000 	 .word IfxPcie_enableLtrInterrupt_end
 106045 0230 04001444 	 .word 0x44140004
 106046 0234 00001000 	 .word 0x00100000
 106047 0238 00000000 	 .word 0x00000000
 106048 023c C0000000 	 .word 0x000000c0
 106049 0240 00000000 	 .word IfxPcie_disableLtrInterrupt
 106050 0244 00000000 	 .word IfxPcie_disableLtrInterrupt_end
 106051 0248 04001444 	 .word 0x44140004
 106052 024c 00001000 	 .word 0x00100000
 106053 0250 00000000 	 .word 0x00000000
 106054 0254 C0000000 	 .word 0x000000c0
 106055 0258 00000000 	 .word IfxPcie_isLtrEventPending
 106056 025c 00000000 	 .word IfxPcie_isLtrEventPending_end
 106057 0260 04001444 	 .word 0x44140004
 106058 0264 00001000 	 .word 0x00100000
 106059 0268 04000000 	 .word 0x00000004
 106060 026c C0000000 	 .word 0x000000c0
 106061 0270 00000000 	 .word IfxPcie_clearLtrEvent
 106062 0274 00000000 	 .word IfxPcie_clearLtrEvent_end
 106063 0278 04001444 	 .word 0x44140004
 106064 027c 00001000 	 .word 0x00100000
 106065 0280 00000000 	 .word 0x00000000
 106066 0284 C0000000 	 .word 0x000000c0
 106067 0288 00000000 	 .word IfxPcie_getLtrMessagePayload
 106068 028c 00000000 	 .word IfxPcie_getLtrMessagePayload_end
 106069 0290 04001444 	 .word 0x44140004
 106070 0294 00001000 	 .word 0x00100000
 106071 0298 04000000 	 .word 0x00000004
 106072 029c C0000000 	 .word 0x000000c0
 106073 02a0 00000000 	 .word IfxPcie_triggerLtrMessage
 106074 02a4 00000000 	 .word IfxPcie_triggerLtrMessage_end
 106075 02a8 04001444 	 .word 0x44140004
 106076 02ac 00001000 	 .word 0x00100000
 106077 02b0 00000000 	 .word 0x00000000
 106078 02b4 C0000000 	 .word 0x000000c0
 106079 02b8 00000000 	 .word IfxPcie_enableObffEventInterrupt
 106080 02bc 00000000 	 .word IfxPcie_enableObffEventInterrupt_end
 106081 02c0 3C001444 	 .word 0x4414003c
 106082 02c4 30001000 	 .word 0x00100030
 106083 02c8 00000000 	 .word 0x00000000
 106084 02cc C0010000 	 .word 0x000001c0
 106085 02d0 00000000 	 .word IfxPcie_disableObffEventInterrupt
 106086 02d4 00000000 	 .word IfxPcie_disableObffEventInterrupt_end
 106087 02d8 3C001444 	 .word 0x4414003c
 106088 02dc 30001000 	 .word 0x00100030
 106089 02e0 00000000 	 .word 0x00000000
 106090 02e4 C0010000 	 .word 0x000001c0
 106091 02e8 00000000 	 .word IfxPcie_enableObffInterrupts
 106092 02ec 00000000 	 .word IfxPcie_enableObffInterrupts_end
 106093 02f0 1C001444 	 .word 0x4414001c
 106094 02f4 10001000 	 .word 0x00100010
 106095 02f8 00000000 	 .word 0x00000000
 106096 02fc C0010000 	 .word 0x000001c0
 106097 0300 00000000 	 .word IfxPcie_disableObffInterrupts
 106098 0304 00000000 	 .word IfxPcie_disableObffInterrupts_end
 106099 0308 1C001444 	 .word 0x4414001c
 106100 030c 10001000 	 .word 0x00100010
 106101 0310 00000000 	 .word 0x00000000
 106102 0314 C0010000 	 .word 0x000001c0
 106103 0318 00000000 	 .word IfxPcie_getPendingObffEvent
 106104 031c 00000000 	 .word IfxPcie_getPendingObffEvent_end
 106105 0320 14001444 	 .word 0x44140014
 106106 0324 10001000 	 .word 0x00100010
 106107 0328 04000000 	 .word 0x00000004
 106108 032c C0000000 	 .word 0x000000c0
 106109 0330 00000000 	 .word IfxPcie_clearPendingObffEvent
 106110 0334 00000000 	 .word IfxPcie_clearPendingObffEvent_end
 106111 0338 3C001444 	 .word 0x4414003c
 106112 033c 30001000 	 .word 0x00100030
 106113 0340 00000000 	 .word 0x00000000
 106114 0344 C0010000 	 .word 0x000001c0
 106115 0348 00000000 	 .word IfxPcie_triggerObff
 106116 034c 00000000 	 .word IfxPcie_triggerObff_end
 106117 0350 7C001444 	 .word 0x4414007c
 106118 0354 30001000 	 .word 0x00100030
 106119 0358 00000000 	 .word 0x00000000
 106120 035c C0010000 	 .word 0x000001c0
 106121 0360 00000000 	 .word IfxPcie_configureAccessToPcies
 106122 0364 00000000 	 .word IfxPcie_configureAccessToPcies_end
 106123 0368 00013044 	 .word 0x44300100
 106124 036c 00001000 	 .word 0x00100000
 106125 0370 00000000 	 .word 0x00000000
 106126 0374 40000200 	 .word 0x00020040
DEFINED SYMBOLS
                            *ABS*:00000000 IfxPcie.c
                            *ABS*:00000000 IfxPcie.c
    {standard input}:10     .text.IfxPcie_CfgRdb:00000000 IfxPcie_CfgRdb
    {standard input}:30     .text.IfxPcie_CfgRdb:0000000e IfxPcie_CfgRdb_end
    {standard input}:35     .text.IfxPcie_CfgRdl:00000000 IfxPcie_CfgRdl
    {standard input}:53     .text.IfxPcie_CfgRdl:0000000e IfxPcie_CfgRdl_end
    {standard input}:58     .text.IfxPcie_CfgRdw:00000000 IfxPcie_CfgRdw
    {standard input}:77     .text.IfxPcie_CfgRdw:00000010 IfxPcie_CfgRdw_end
    {standard input}:82     .text.IfxPcie_CfgWrb:00000000 IfxPcie_CfgWrb
    {standard input}:99     .text.IfxPcie_CfgWrb:0000000c IfxPcie_CfgWrb_end
    {standard input}:104    .text.IfxPcie_CfgWrw:00000000 IfxPcie_CfgWrw
    {standard input}:121    .text.IfxPcie_CfgWrw:0000000c IfxPcie_CfgWrw_end
    {standard input}:126    .text.IfxPcie_CfgWrl:00000000 IfxPcie_CfgWrl
    {standard input}:143    .text.IfxPcie_CfgWrl:0000000c IfxPcie_CfgWrl_end
    {standard input}:148    .text.IfxPcie_MemRdl:00000000 IfxPcie_MemRdl
    {standard input}:166    .text.IfxPcie_MemRdl:0000000e IfxPcie_MemRdl_end
    {standard input}:171    .text.IfxPcie_MemWrl:00000000 IfxPcie_MemWrl
    {standard input}:188    .text.IfxPcie_MemWrl:0000000c IfxPcie_MemWrl_end
    {standard input}:193    .text.IfxPcie_CpuMemRdl:00000000 IfxPcie_CpuMemRdl
    {standard input}:211    .text.IfxPcie_CpuMemRdl:0000000e IfxPcie_CpuMemRdl_end
    {standard input}:216    .text.IfxPcie_CpuMemWrl:00000000 IfxPcie_CpuMemWrl
    {standard input}:233    .text.IfxPcie_CpuMemWrl:0000000c IfxPcie_CpuMemWrl_end
    {standard input}:238    .text.IfxPcie_getBarMemSize:00000000 IfxPcie_getBarMemSize
    {standard input}:361    .text.IfxPcie_getBarMemSize:00000094 IfxPcie_getBarMemSize_end
    {standard input}:366    .text.IfxPcie_getPmeEventStatus:00000000 IfxPcie_getPmeEventStatus
    {standard input}:468    .text.IfxPcie_getPmeEventStatus:00000084 IfxPcie_getPmeEventStatus_end
    {standard input}:473    .text.IfxPcie_getPendingPmeInterrupts:00000000 IfxPcie_getPendingPmeInterrupts
    {standard input}:531    .text.IfxPcie_getPendingPmeInterrupts:0000003a IfxPcie_getPendingPmeInterrupts_end
    {standard input}:536    .text.IfxPcie_enablePmeInterrupts:00000000 IfxPcie_enablePmeInterrupts
    {standard input}:553    .text.IfxPcie_enablePmeInterrupts:00000010 IfxPcie_enablePmeInterrupts_end
    {standard input}:558    .text.IfxPcie_disablePmeInterrupts:00000000 IfxPcie_disablePmeInterrupts
    {standard input}:575    .text.IfxPcie_disablePmeInterrupts:00000012 IfxPcie_disablePmeInterrupts_end
    {standard input}:580    .text.IfxPcie_clearPmeInterrupts:00000000 IfxPcie_clearPmeInterrupts
    {standard input}:597    .text.IfxPcie_clearPmeInterrupts:00000010 IfxPcie_clearPmeInterrupts_end
    {standard input}:602    .text.IfxPcie_getErrorEventStatus:00000000 IfxPcie_getErrorEventStatus
    {standard input}:659    .text.IfxPcie_getErrorEventStatus:00000030 IfxPcie_getErrorEventStatus_end
    {standard input}:664    .text.IfxPcie_getPendingErrorInterrupts:00000000 IfxPcie_getPendingErrorInterrupts
    {standard input}:698    .text.IfxPcie_getPendingErrorInterrupts:0000001e IfxPcie_getPendingErrorInterrupts_end
    {standard input}:703    .text.IfxPcie_enableErrorInterrupts:00000000 IfxPcie_enableErrorInterrupts
    {standard input}:720    .text.IfxPcie_enableErrorInterrupts:00000010 IfxPcie_enableErrorInterrupts_end
    {standard input}:725    .text.IfxPcie_disableErrorInterrupts:00000000 IfxPcie_disableErrorInterrupts
    {standard input}:742    .text.IfxPcie_disableErrorInterrupts:00000012 IfxPcie_disableErrorInterrupts_end
    {standard input}:747    .text.IfxPcie_clearErrorInterrupts:00000000 IfxPcie_clearErrorInterrupts
    {standard input}:764    .text.IfxPcie_clearErrorInterrupts:00000010 IfxPcie_clearErrorInterrupts_end
    {standard input}:769    .text.IfxPcie_sendPmeTurnOffMessage:00000000 IfxPcie_sendPmeTurnOffMessage
    {standard input}:786    .text.IfxPcie_sendPmeTurnOffMessage:00000012 IfxPcie_sendPmeTurnOffMessage_end
    {standard input}:791    .text.IfxPcie_waitForHsphy:00000000 IfxPcie_waitForHsphy
    {standard input}:865    .text.IfxPcie_waitForHsphy:00000060 IfxPcie_waitForHsphy_end
    {standard input}:870    .text.IfxPcie_enableLtrInterrupt:00000000 IfxPcie_enableLtrInterrupt
    {standard input}:887    .text.IfxPcie_enableLtrInterrupt:00000012 IfxPcie_enableLtrInterrupt_end
    {standard input}:892    .text.IfxPcie_disableLtrInterrupt:00000000 IfxPcie_disableLtrInterrupt
    {standard input}:909    .text.IfxPcie_disableLtrInterrupt:00000012 IfxPcie_disableLtrInterrupt_end
    {standard input}:914    .text.IfxPcie_isLtrEventPending:00000000 IfxPcie_isLtrEventPending
    {standard input}:940    .text.IfxPcie_isLtrEventPending:00000012 IfxPcie_isLtrEventPending_end
    {standard input}:945    .text.IfxPcie_clearLtrEvent:00000000 IfxPcie_clearLtrEvent
    {standard input}:962    .text.IfxPcie_clearLtrEvent:00000012 IfxPcie_clearLtrEvent_end
    {standard input}:967    .text.IfxPcie_getLtrMessagePayload:00000000 IfxPcie_getLtrMessagePayload
    {standard input}:983    .text.IfxPcie_getLtrMessagePayload:00000008 IfxPcie_getLtrMessagePayload_end
    {standard input}:988    .text.IfxPcie_triggerLtrMessage:00000000 IfxPcie_triggerLtrMessage
    {standard input}:1005   .text.IfxPcie_triggerLtrMessage:00000012 IfxPcie_triggerLtrMessage_end
    {standard input}:1010   .text.IfxPcie_enableObffEventInterrupt:00000000 IfxPcie_enableObffEventInterrupt
    {standard input}:1100   .text.IfxPcie_enableObffEventInterrupt:0000004a IfxPcie_enableObffEventInterrupt_end
    {standard input}:1105   .text.IfxPcie_disableObffEventInterrupt:00000000 IfxPcie_disableObffEventInterrupt
    {standard input}:1190   .text.IfxPcie_disableObffEventInterrupt:00000046 IfxPcie_disableObffEventInterrupt_end
    {standard input}:1195   .text.IfxPcie_enableObffInterrupts:00000000 IfxPcie_enableObffInterrupts
    {standard input}:1264   .text.IfxPcie_enableObffInterrupts:00000038 IfxPcie_enableObffInterrupts_end
    {standard input}:1269   .text.IfxPcie_disableObffInterrupts:00000000 IfxPcie_disableObffInterrupts
    {standard input}:1337   .text.IfxPcie_disableObffInterrupts:00000032 IfxPcie_disableObffInterrupts_end
    {standard input}:1342   .text.IfxPcie_getPendingObffEvent:00000000 IfxPcie_getPendingObffEvent
    {standard input}:1441   .text.IfxPcie_getPendingObffEvent:00000056 IfxPcie_getPendingObffEvent_end
    {standard input}:1446   .text.IfxPcie_clearPendingObffEvent:00000000 IfxPcie_clearPendingObffEvent
    {standard input}:1531   .text.IfxPcie_clearPendingObffEvent:00000046 IfxPcie_clearPendingObffEvent_end
    {standard input}:1536   .text.IfxPcie_triggerObff:00000000 IfxPcie_triggerObff
    {standard input}:1629   .text.IfxPcie_triggerObff:0000004c IfxPcie_triggerObff_end
    {standard input}:1634   .text.IfxPcie_configureAccessToPcies:00000000 IfxPcie_configureAccessToPcies
    {standard input}:1659   .text.IfxPcie_configureAccessToPcies:00000022 IfxPcie_configureAccessToPcies_end

UNDEFINED SYMBOLS
IfxHsphy_isPhyReady
IfxHsphy_setExtLdDone
IfxApApu_init
