   1              	
   2              	 .file "IfxDre.c"
   3              	 .file "IfxDre.c"
   4              	.section .text,"ax",@progbits
   5              	.Ltext0:
   6              	 .section .text.IfxDre_resetModule,"ax",@progbits
   7              	 .align 1
   8              	 .global IfxDre_resetModule
  10              	IfxDre_resetModule:
  11              	.LFB492:
  12              	 .file 1 "../Libraries/iLLD/TC4xx/Tricore/Dre/Std/IfxDre.c"
   1:../Libraries/iLLD/TC4xx/Tricore/Dre/Std/IfxDre.c **** /**
   2:../Libraries/iLLD/TC4xx/Tricore/Dre/Std/IfxDre.c ****  * \file IfxDre.c
   3:../Libraries/iLLD/TC4xx/Tricore/Dre/Std/IfxDre.c ****  * \brief DRE  basic functionality
   4:../Libraries/iLLD/TC4xx/Tricore/Dre/Std/IfxDre.c ****  *
   5:../Libraries/iLLD/TC4xx/Tricore/Dre/Std/IfxDre.c ****  * \version iLLD-TC4-v2.7.0
   6:../Libraries/iLLD/TC4xx/Tricore/Dre/Std/IfxDre.c ****  * \copyright Copyright (c) 2026 Infineon Technologies AG. All rights reserved.
   7:../Libraries/iLLD/TC4xx/Tricore/Dre/Std/IfxDre.c ****  *
   8:../Libraries/iLLD/TC4xx/Tricore/Dre/Std/IfxDre.c ****  *
   9:../Libraries/iLLD/TC4xx/Tricore/Dre/Std/IfxDre.c ****  *
  10:../Libraries/iLLD/TC4xx/Tricore/Dre/Std/IfxDre.c ****  *                                 IMPORTANT NOTICE
  11:../Libraries/iLLD/TC4xx/Tricore/Dre/Std/IfxDre.c ****  *
  12:../Libraries/iLLD/TC4xx/Tricore/Dre/Std/IfxDre.c ****  * Infineon Technologies AG (Infineon) licenses this file to you under the
  13:../Libraries/iLLD/TC4xx/Tricore/Dre/Std/IfxDre.c ****  * Infineon Automotive SW Lab License v2025-01 (IFASLL). You may not use
  14:../Libraries/iLLD/TC4xx/Tricore/Dre/Std/IfxDre.c ****  * this file except in compliance with IFASLL.
  15:../Libraries/iLLD/TC4xx/Tricore/Dre/Std/IfxDre.c ****  *
  16:../Libraries/iLLD/TC4xx/Tricore/Dre/Std/IfxDre.c ****  * The full license text is contained in IFASLL202501.pdf delivered with this SW.
  17:../Libraries/iLLD/TC4xx/Tricore/Dre/Std/IfxDre.c ****  * Unless required by applicable law or agreed to in writing, software distributed
  18:../Libraries/iLLD/TC4xx/Tricore/Dre/Std/IfxDre.c ****  * under this license is distributed "AS IS" without any warranty or liability of any
  19:../Libraries/iLLD/TC4xx/Tricore/Dre/Std/IfxDre.c ****  * kind and Infineon hereby expressly disclaims any warranties or representations,
  20:../Libraries/iLLD/TC4xx/Tricore/Dre/Std/IfxDre.c ****  * whether express, implied, statutory or otherwise, including but not limited to
  21:../Libraries/iLLD/TC4xx/Tricore/Dre/Std/IfxDre.c ****  * warranties of workmanship, merchantability, fitness for a particular purpose,
  22:../Libraries/iLLD/TC4xx/Tricore/Dre/Std/IfxDre.c ****  * defects in the licensed items, or non-infringement of third parties'
  23:../Libraries/iLLD/TC4xx/Tricore/Dre/Std/IfxDre.c ****  * intellectual property rights. See the full license text for the specific
  24:../Libraries/iLLD/TC4xx/Tricore/Dre/Std/IfxDre.c ****  * language governing permissions and limitations under IFASLL.
  25:../Libraries/iLLD/TC4xx/Tricore/Dre/Std/IfxDre.c ****  *
  26:../Libraries/iLLD/TC4xx/Tricore/Dre/Std/IfxDre.c ****  *
  27:../Libraries/iLLD/TC4xx/Tricore/Dre/Std/IfxDre.c ****  *
  28:../Libraries/iLLD/TC4xx/Tricore/Dre/Std/IfxDre.c ****  */
  29:../Libraries/iLLD/TC4xx/Tricore/Dre/Std/IfxDre.c **** 
  30:../Libraries/iLLD/TC4xx/Tricore/Dre/Std/IfxDre.c **** /******************************************************************************/
  31:../Libraries/iLLD/TC4xx/Tricore/Dre/Std/IfxDre.c **** /*----------------------------------Includes----------------------------------*/
  32:../Libraries/iLLD/TC4xx/Tricore/Dre/Std/IfxDre.c **** /******************************************************************************/
  33:../Libraries/iLLD/TC4xx/Tricore/Dre/Std/IfxDre.c **** 
  34:../Libraries/iLLD/TC4xx/Tricore/Dre/Std/IfxDre.c **** #include "Ifx_Cfg.h"
  35:../Libraries/iLLD/TC4xx/Tricore/Dre/Std/IfxDre.c **** #if defined (__TASKING__)
  36:../Libraries/iLLD/TC4xx/Tricore/Dre/Std/IfxDre.c **** #pragma warning 508		/* To suppress empty file warning */
  37:../Libraries/iLLD/TC4xx/Tricore/Dre/Std/IfxDre.c **** #endif
  38:../Libraries/iLLD/TC4xx/Tricore/Dre/Std/IfxDre.c **** #if defined (__ghs__)
  39:../Libraries/iLLD/TC4xx/Tricore/Dre/Std/IfxDre.c **** #pragma diag_suppress 96		/* To suppress empty file warning */
  40:../Libraries/iLLD/TC4xx/Tricore/Dre/Std/IfxDre.c **** #endif
  41:../Libraries/iLLD/TC4xx/Tricore/Dre/Std/IfxDre.c **** 
  42:../Libraries/iLLD/TC4xx/Tricore/Dre/Std/IfxDre.c **** #if !defined(DEVICE_TC45X)
  43:../Libraries/iLLD/TC4xx/Tricore/Dre/Std/IfxDre.c **** #include "IfxDre.h"
  44:../Libraries/iLLD/TC4xx/Tricore/Dre/Std/IfxDre.c **** 
  45:../Libraries/iLLD/TC4xx/Tricore/Dre/Std/IfxDre.c **** /******************************************************************************/
  46:../Libraries/iLLD/TC4xx/Tricore/Dre/Std/IfxDre.c **** /*-------------------------Function Implementations---------------------------*/
  47:../Libraries/iLLD/TC4xx/Tricore/Dre/Std/IfxDre.c **** /******************************************************************************/
  48:../Libraries/iLLD/TC4xx/Tricore/Dre/Std/IfxDre.c **** 
  49:../Libraries/iLLD/TC4xx/Tricore/Dre/Std/IfxDre.c **** void IfxDre_resetModule(Ifx_DRE *dre)
  50:../Libraries/iLLD/TC4xx/Tricore/Dre/Std/IfxDre.c **** {
  13              	 .loc 1 50 1
  14              	.LVL0:
  15 0000 40AE     	 mov.aa %a14,%SP
  16              	.LCFI0:
  51:../Libraries/iLLD/TC4xx/Tricore/Dre/Std/IfxDre.c **** 	/* Only if both Kernel reset bits are set a reset is executed */
  52:../Libraries/iLLD/TC4xx/Tricore/Dre/Std/IfxDre.c ****     dre->RST.CTRLA.B.KRST = 1;
  17              	 .loc 1 52 5
  18              	 .loc 1 52 27 is_stmt 0
  19 0002 D9420C00 	 lea %a2,[%a4]12
  20 0006 19420C00 	 ld.w %d2,[%a4]12
  21 000a B7120120 	 insert %d2,%d2,1,0,1
  22 000e 7422     	 st.w [%a2]0,%d2
  53:../Libraries/iLLD/TC4xx/Tricore/Dre/Std/IfxDre.c ****     dre->RST.CTRLB.B.KRST = 1;
  23              	 .loc 1 53 5 is_stmt 1
  24              	 .loc 1 53 27 is_stmt 0
  25 0010 D9421000 	 lea %a2,[%a4]16
  26 0014 19421000 	 ld.w %d2,[%a4]16
  27 0018 B7120120 	 insert %d2,%d2,1,0,1
  28 001c 7422     	 st.w [%a2]0,%d2
  54:../Libraries/iLLD/TC4xx/Tricore/Dre/Std/IfxDre.c **** 
  55:../Libraries/iLLD/TC4xx/Tricore/Dre/Std/IfxDre.c ****     /* Wait until reset is executed */
  56:../Libraries/iLLD/TC4xx/Tricore/Dre/Std/IfxDre.c ****     while (0 == dre->RST.STAT.B.KRST)
  29              	 .loc 1 56 5 is_stmt 1
  30              	.L2:
  57:../Libraries/iLLD/TC4xx/Tricore/Dre/Std/IfxDre.c ****     {}
  31              	 .loc 1 57 6 discriminator 1
  56:../Libraries/iLLD/TC4xx/Tricore/Dre/Std/IfxDre.c ****     {}
  32              	 .loc 1 56 14 discriminator 1
  56:../Libraries/iLLD/TC4xx/Tricore/Dre/Std/IfxDre.c ****     {}
  33              	 .loc 1 56 32 is_stmt 0 discriminator 1
  34 001e 19421400 	 ld.w %d2,[%a4]20
  56:../Libraries/iLLD/TC4xx/Tricore/Dre/Std/IfxDre.c ****     {}
  35              	 .loc 1 56 14 discriminator 1
  36 0022 6F020000 	 jz.t %d2,0,.L2
  58:../Libraries/iLLD/TC4xx/Tricore/Dre/Std/IfxDre.c **** 
  59:../Libraries/iLLD/TC4xx/Tricore/Dre/Std/IfxDre.c ****     /* Clear Kernel reset status bit */
  60:../Libraries/iLLD/TC4xx/Tricore/Dre/Std/IfxDre.c ****     dre->RST.CTRLB.B.STATCLR = 1;
  37              	 .loc 1 60 5 is_stmt 1
  38              	 .loc 1 60 30 is_stmt 0
  39 0026 D9421000 	 lea %a2,[%a4]16
  40 002a 19421000 	 ld.w %d2,[%a4]16
  41 002e B712812F 	 insert %d2,%d2,1,31,1
  42 0032 7422     	 st.w [%a2]0,%d2
  61:../Libraries/iLLD/TC4xx/Tricore/Dre/Std/IfxDre.c **** 
  62:../Libraries/iLLD/TC4xx/Tricore/Dre/Std/IfxDre.c ****     /* Wait until KRST is cleared, only after this reset sequence is completed */
  63:../Libraries/iLLD/TC4xx/Tricore/Dre/Std/IfxDre.c ****     while (dre->RST.STAT.B.KRST == 1)
  43              	 .loc 1 63 5 is_stmt 1
  44              	.L3:
  64:../Libraries/iLLD/TC4xx/Tricore/Dre/Std/IfxDre.c ****     {}
  45              	 .loc 1 64 6 discriminator 1
  63:../Libraries/iLLD/TC4xx/Tricore/Dre/Std/IfxDre.c ****     {}
  46              	 .loc 1 63 33 discriminator 1
  63:../Libraries/iLLD/TC4xx/Tricore/Dre/Std/IfxDre.c ****     {}
  47              	 .loc 1 63 27 is_stmt 0 discriminator 1
  48 0034 19421400 	 ld.w %d2,[%a4]20
  63:../Libraries/iLLD/TC4xx/Tricore/Dre/Std/IfxDre.c ****     {}
  49              	 .loc 1 63 33 discriminator 1
  50 0038 6F020080 	 jnz.t %d2,0,.L3
  65:../Libraries/iLLD/TC4xx/Tricore/Dre/Std/IfxDre.c **** }
  51              	 .loc 1 65 1
  52 003c 0090     	 ret 
  53              	.LFE492:
  55              	 .global IfxDre_resetModule_end
  56              	IfxDre_resetModule_end:
  57              	 .section .text.IfxDre_disableModule,"ax",@progbits
  58              	 .align 1
  59              	 .global IfxDre_disableModule
  61              	IfxDre_disableModule:
  62              	.LFB493:
  66:../Libraries/iLLD/TC4xx/Tricore/Dre/Std/IfxDre.c **** 
  67:../Libraries/iLLD/TC4xx/Tricore/Dre/Std/IfxDre.c **** 
  68:../Libraries/iLLD/TC4xx/Tricore/Dre/Std/IfxDre.c **** void IfxDre_disableModule(Ifx_DRE *dre)
  69:../Libraries/iLLD/TC4xx/Tricore/Dre/Std/IfxDre.c **** {
  63              	 .loc 1 69 1 is_stmt 1
  64              	.LVL1:
  65 0000 40AE     	 mov.aa %a14,%SP
  66              	.LCFI1:
  70:../Libraries/iLLD/TC4xx/Tricore/Dre/Std/IfxDre.c ****     /* Disable module */
  71:../Libraries/iLLD/TC4xx/Tricore/Dre/Std/IfxDre.c ****     dre->CLC.B.DISR = 1U;
  67              	 .loc 1 71 5
  68              	 .loc 1 71 21 is_stmt 0
  69 0002 5442     	 ld.w %d2,[%a4]0
  70 0004 B7120120 	 insert %d2,%d2,1,0,1
  71 0008 7442     	 st.w [%a4]0,%d2
  72:../Libraries/iLLD/TC4xx/Tricore/Dre/Std/IfxDre.c **** 
  73:../Libraries/iLLD/TC4xx/Tricore/Dre/Std/IfxDre.c ****     /* Wait until module is disabled */
  74:../Libraries/iLLD/TC4xx/Tricore/Dre/Std/IfxDre.c ****     while (IfxDre_isModuleEnabled(dre) == TRUE)
  72              	 .loc 1 74 5 is_stmt 1
  73              	.L5:
  75:../Libraries/iLLD/TC4xx/Tricore/Dre/Std/IfxDre.c ****     {}
  74              	 .loc 1 75 6 discriminator 1
  74:../Libraries/iLLD/TC4xx/Tricore/Dre/Std/IfxDre.c ****     {}
  75              	 .loc 1 74 40 discriminator 1
  76              	.LVL2:
  77              	.LBB6:
  78              	.LBB7:
  79              	 .file 2 "../Libraries/iLLD/TC4xx/Tricore/Dre/Std/IfxDre.h"
   1:../Libraries/iLLD/TC4xx/Tricore/Dre/Std/IfxDre.h **** /**
   2:../Libraries/iLLD/TC4xx/Tricore/Dre/Std/IfxDre.h ****  * \file IfxDre.h
   3:../Libraries/iLLD/TC4xx/Tricore/Dre/Std/IfxDre.h ****  * \brief DRE  basic functionality
   4:../Libraries/iLLD/TC4xx/Tricore/Dre/Std/IfxDre.h ****  * \ingroup IfxLld_Dre
   5:../Libraries/iLLD/TC4xx/Tricore/Dre/Std/IfxDre.h ****  *
   6:../Libraries/iLLD/TC4xx/Tricore/Dre/Std/IfxDre.h ****  * \version iLLD-TC4-v2.7.0
   7:../Libraries/iLLD/TC4xx/Tricore/Dre/Std/IfxDre.h ****  * \copyright Copyright (c) 2026 Infineon Technologies AG. All rights reserved.
   8:../Libraries/iLLD/TC4xx/Tricore/Dre/Std/IfxDre.h ****  *
   9:../Libraries/iLLD/TC4xx/Tricore/Dre/Std/IfxDre.h ****  *
  10:../Libraries/iLLD/TC4xx/Tricore/Dre/Std/IfxDre.h ****  *
  11:../Libraries/iLLD/TC4xx/Tricore/Dre/Std/IfxDre.h ****  *                                 IMPORTANT NOTICE
  12:../Libraries/iLLD/TC4xx/Tricore/Dre/Std/IfxDre.h ****  *
  13:../Libraries/iLLD/TC4xx/Tricore/Dre/Std/IfxDre.h ****  * Infineon Technologies AG (Infineon) licenses this file to you under the
  14:../Libraries/iLLD/TC4xx/Tricore/Dre/Std/IfxDre.h ****  * Infineon Automotive SW Lab License v2025-01 (IFASLL). You may not use
  15:../Libraries/iLLD/TC4xx/Tricore/Dre/Std/IfxDre.h ****  * this file except in compliance with IFASLL.
  16:../Libraries/iLLD/TC4xx/Tricore/Dre/Std/IfxDre.h ****  *
  17:../Libraries/iLLD/TC4xx/Tricore/Dre/Std/IfxDre.h ****  * The full license text is contained in IFASLL202501.pdf delivered with this SW.
  18:../Libraries/iLLD/TC4xx/Tricore/Dre/Std/IfxDre.h ****  * Unless required by applicable law or agreed to in writing, software distributed
  19:../Libraries/iLLD/TC4xx/Tricore/Dre/Std/IfxDre.h ****  * under this license is distributed "AS IS" without any warranty or liability of any
  20:../Libraries/iLLD/TC4xx/Tricore/Dre/Std/IfxDre.h ****  * kind and Infineon hereby expressly disclaims any warranties or representations,
  21:../Libraries/iLLD/TC4xx/Tricore/Dre/Std/IfxDre.h ****  * whether express, implied, statutory or otherwise, including but not limited to
  22:../Libraries/iLLD/TC4xx/Tricore/Dre/Std/IfxDre.h ****  * warranties of workmanship, merchantability, fitness for a particular purpose,
  23:../Libraries/iLLD/TC4xx/Tricore/Dre/Std/IfxDre.h ****  * defects in the licensed items, or non-infringement of third parties'
  24:../Libraries/iLLD/TC4xx/Tricore/Dre/Std/IfxDre.h ****  * intellectual property rights. See the full license text for the specific
  25:../Libraries/iLLD/TC4xx/Tricore/Dre/Std/IfxDre.h ****  * language governing permissions and limitations under IFASLL.
  26:../Libraries/iLLD/TC4xx/Tricore/Dre/Std/IfxDre.h ****  *
  27:../Libraries/iLLD/TC4xx/Tricore/Dre/Std/IfxDre.h ****  *
  28:../Libraries/iLLD/TC4xx/Tricore/Dre/Std/IfxDre.h ****  *
  29:../Libraries/iLLD/TC4xx/Tricore/Dre/Std/IfxDre.h ****  * \defgroup IfxLld_Dre_Std_Enumerations Enumerations
  30:../Libraries/iLLD/TC4xx/Tricore/Dre/Std/IfxDre.h ****  * \ingroup IfxLld_Dre_Std
  31:../Libraries/iLLD/TC4xx/Tricore/Dre/Std/IfxDre.h ****  * \defgroup IfxLld_Dre_Std_Data_Structures Data Structures
  32:../Libraries/iLLD/TC4xx/Tricore/Dre/Std/IfxDre.h ****  * \ingroup IfxLld_Dre_Std
  33:../Libraries/iLLD/TC4xx/Tricore/Dre/Std/IfxDre.h ****  * \defgroup IfxLld_Dre_Std_Functions Functions
  34:../Libraries/iLLD/TC4xx/Tricore/Dre/Std/IfxDre.h ****  * \ingroup IfxLld_Dre_Std
  35:../Libraries/iLLD/TC4xx/Tricore/Dre/Std/IfxDre.h ****  * \defgroup IfxLld_Dre_Std_Data_Structures_Group_1 Data_Structures_Group_1
  36:../Libraries/iLLD/TC4xx/Tricore/Dre/Std/IfxDre.h ****  * \ingroup IfxLld_Dre_Std
  37:../Libraries/iLLD/TC4xx/Tricore/Dre/Std/IfxDre.h ****  * \defgroup IfxLld_Dre_Std_Data_Structures_Group_2 Data_Structures_Group_2
  38:../Libraries/iLLD/TC4xx/Tricore/Dre/Std/IfxDre.h ****  * \ingroup IfxLld_Dre_Std
  39:../Libraries/iLLD/TC4xx/Tricore/Dre/Std/IfxDre.h ****  */ 
  40:../Libraries/iLLD/TC4xx/Tricore/Dre/Std/IfxDre.h **** 
  41:../Libraries/iLLD/TC4xx/Tricore/Dre/Std/IfxDre.h **** #ifndef IFXDRE_H
  42:../Libraries/iLLD/TC4xx/Tricore/Dre/Std/IfxDre.h **** #define IFXDRE_H 1
  43:../Libraries/iLLD/TC4xx/Tricore/Dre/Std/IfxDre.h **** 
  44:../Libraries/iLLD/TC4xx/Tricore/Dre/Std/IfxDre.h **** /******************************************************************************/
  45:../Libraries/iLLD/TC4xx/Tricore/Dre/Std/IfxDre.h **** /*----------------------------------Includes----------------------------------*/
  46:../Libraries/iLLD/TC4xx/Tricore/Dre/Std/IfxDre.h **** /******************************************************************************/
  47:../Libraries/iLLD/TC4xx/Tricore/Dre/Std/IfxDre.h **** 
  48:../Libraries/iLLD/TC4xx/Tricore/Dre/Std/IfxDre.h **** #include "_Impl/IfxDre_cfg.h"
  49:../Libraries/iLLD/TC4xx/Tricore/Dre/Std/IfxDre.h **** #include "Cpu/Std/IfxCpu_Intrinsics.h"
  50:../Libraries/iLLD/TC4xx/Tricore/Dre/Std/IfxDre.h **** #include "Src/Std/IfxSrc.h"
  51:../Libraries/iLLD/TC4xx/Tricore/Dre/Std/IfxDre.h **** #include "Clock/Std/IfxClock.h"
  52:../Libraries/iLLD/TC4xx/Tricore/Dre/Std/IfxDre.h **** #include "Can/Std/IfxCan.h"
  53:../Libraries/iLLD/TC4xx/Tricore/Dre/Std/IfxDre.h **** #if defined(DEVICE_TC4DX) || defined(DEVICE_TC48XAA) || defined(DEVICE_TC48X) || defined(DEVICE_TC4
  54:../Libraries/iLLD/TC4xx/Tricore/Dre/Std/IfxDre.h **** #include "Geth/Std/IfxGeth.h"
  55:../Libraries/iLLD/TC4xx/Tricore/Dre/Std/IfxDre.h **** #endif
  56:../Libraries/iLLD/TC4xx/Tricore/Dre/Std/IfxDre.h **** #include "Leth/Std/IfxLeth.h"
  57:../Libraries/iLLD/TC4xx/Tricore/Dre/Std/IfxDre.h **** 
  58:../Libraries/iLLD/TC4xx/Tricore/Dre/Std/IfxDre.h **** /******************************************************************************/
  59:../Libraries/iLLD/TC4xx/Tricore/Dre/Std/IfxDre.h **** /*--------------------------------Enumerations--------------------------------*/
  60:../Libraries/iLLD/TC4xx/Tricore/Dre/Std/IfxDre.h **** /******************************************************************************/
  61:../Libraries/iLLD/TC4xx/Tricore/Dre/Std/IfxDre.h **** 
  62:../Libraries/iLLD/TC4xx/Tricore/Dre/Std/IfxDre.h **** /** \addtogroup IfxLld_Dre_Std_Enumerations
  63:../Libraries/iLLD/TC4xx/Tricore/Dre/Std/IfxDre.h ****  * \{ */
  64:../Libraries/iLLD/TC4xx/Tricore/Dre/Std/IfxDre.h **** /** \brief CAD CAN Index. Refer to Figure: CAN Address Database RAM structure
  65:../Libraries/iLLD/TC4xx/Tricore/Dre/Std/IfxDre.h ****  */
  66:../Libraries/iLLD/TC4xx/Tricore/Dre/Std/IfxDre.h **** typedef enum
  67:../Libraries/iLLD/TC4xx/Tricore/Dre/Std/IfxDre.h **** {
  68:../Libraries/iLLD/TC4xx/Tricore/Dre/Std/IfxDre.h ****     IfxDre_CAD_Index_0  = 0,   /**< \brief Index of CAN0 element in CAD */
  69:../Libraries/iLLD/TC4xx/Tricore/Dre/Std/IfxDre.h ****     IfxDre_CAD_Index_1  = 1,   /**< \brief Index of CAN1 element in CAD */
  70:../Libraries/iLLD/TC4xx/Tricore/Dre/Std/IfxDre.h ****     IfxDre_CAD_Index_2  = 2,   /**< \brief Index of CAN2 element in CAD */
  71:../Libraries/iLLD/TC4xx/Tricore/Dre/Std/IfxDre.h ****     IfxDre_CAD_Index_3  = 3,   /**< \brief Index of CAN3 element in CAD */
  72:../Libraries/iLLD/TC4xx/Tricore/Dre/Std/IfxDre.h ****     IfxDre_CAD_Index_4  = 4,   /**< \brief Index of CAN4 element in CAD */
  73:../Libraries/iLLD/TC4xx/Tricore/Dre/Std/IfxDre.h ****     IfxDre_CAD_Index_5  = 5,   /**< \brief Index of CAN5 element in CAD */
  74:../Libraries/iLLD/TC4xx/Tricore/Dre/Std/IfxDre.h ****     IfxDre_CAD_Index_6  = 6,   /**< \brief Index of CAN6 element in CAD */
  75:../Libraries/iLLD/TC4xx/Tricore/Dre/Std/IfxDre.h ****     IfxDre_CAD_Index_7  = 7,   /**< \brief Index of CAN7 element in CAD */
  76:../Libraries/iLLD/TC4xx/Tricore/Dre/Std/IfxDre.h ****     IfxDre_CAD_Index_8  = 8,   /**< \brief Index of CAN8 element in CAD */
  77:../Libraries/iLLD/TC4xx/Tricore/Dre/Std/IfxDre.h ****     IfxDre_CAD_Index_9  = 9,   /**< \brief Index of CAN9 element in CAD */
  78:../Libraries/iLLD/TC4xx/Tricore/Dre/Std/IfxDre.h ****     IfxDre_CAD_Index_10 = 10,  /**< \brief Index of CAN10 element in CAD */
  79:../Libraries/iLLD/TC4xx/Tricore/Dre/Std/IfxDre.h ****     IfxDre_CAD_Index_11 = 11,  /**< \brief Index of CAN11 element in CAD */
  80:../Libraries/iLLD/TC4xx/Tricore/Dre/Std/IfxDre.h ****     IfxDre_CAD_Index_12 = 12,  /**< \brief Index of CAN12 element in CAD */
  81:../Libraries/iLLD/TC4xx/Tricore/Dre/Std/IfxDre.h ****     IfxDre_CAD_Index_13 = 13,  /**< \brief Index of CAN13 element in CAD */
  82:../Libraries/iLLD/TC4xx/Tricore/Dre/Std/IfxDre.h ****     IfxDre_CAD_Index_14 = 14,  /**< \brief Index of CAN14 element in CAD */
  83:../Libraries/iLLD/TC4xx/Tricore/Dre/Std/IfxDre.h ****     IfxDre_CAD_Index_15 = 15,  /**< \brief Index of CAN15 element in CAD */
  84:../Libraries/iLLD/TC4xx/Tricore/Dre/Std/IfxDre.h ****     IfxDre_CAD_Index_16 = 16,  /**< \brief Index of CAN16 element in CAD */
  85:../Libraries/iLLD/TC4xx/Tricore/Dre/Std/IfxDre.h ****     IfxDre_CAD_Index_17 = 17,  /**< \brief Index of CAN17 element in CAD */
  86:../Libraries/iLLD/TC4xx/Tricore/Dre/Std/IfxDre.h ****     IfxDre_CAD_Index_18 = 18,  /**< \brief Index of CAN18 element in CAD */
  87:../Libraries/iLLD/TC4xx/Tricore/Dre/Std/IfxDre.h ****     IfxDre_CAD_Index_19 = 19   /**< \brief Index of CAN19 element in CAD */
  88:../Libraries/iLLD/TC4xx/Tricore/Dre/Std/IfxDre.h **** } IfxDre_CAD_Index;
  89:../Libraries/iLLD/TC4xx/Tricore/Dre/Std/IfxDre.h **** 
  90:../Libraries/iLLD/TC4xx/Tricore/Dre/Std/IfxDre.h **** /** \brief Can Interface Index
  91:../Libraries/iLLD/TC4xx/Tricore/Dre/Std/IfxDre.h ****  */
  92:../Libraries/iLLD/TC4xx/Tricore/Dre/Std/IfxDre.h **** typedef enum
  93:../Libraries/iLLD/TC4xx/Tricore/Dre/Std/IfxDre.h **** {
  94:../Libraries/iLLD/TC4xx/Tricore/Dre/Std/IfxDre.h ****     IfxDre_CanIndex_Can0_Node0 = 0,  /**< \brief Node 0 of MCMCAN0 */
  95:../Libraries/iLLD/TC4xx/Tricore/Dre/Std/IfxDre.h ****     IfxDre_CanIndex_Can0_Node1,      /**< \brief Node 1 of MCMCAN0 */
  96:../Libraries/iLLD/TC4xx/Tricore/Dre/Std/IfxDre.h ****     IfxDre_CanIndex_Can0_Node2,      /**< \brief Node 2 of MCMCAN0 */
  97:../Libraries/iLLD/TC4xx/Tricore/Dre/Std/IfxDre.h ****     IfxDre_CanIndex_Can0_Node3,      /**< \brief Node 3 of MCMCAN0 */
  98:../Libraries/iLLD/TC4xx/Tricore/Dre/Std/IfxDre.h ****     IfxDre_CanIndex_Can1_Node0,      /**< \brief Node 0 of MCMCAN1 */
  99:../Libraries/iLLD/TC4xx/Tricore/Dre/Std/IfxDre.h ****     IfxDre_CanIndex_Can1_Node1,      /**< \brief Node 1 of MCMCAN1 */
 100:../Libraries/iLLD/TC4xx/Tricore/Dre/Std/IfxDre.h ****     IfxDre_CanIndex_Can1_Node2,      /**< \brief Node 2 of MCMCAN1 */
 101:../Libraries/iLLD/TC4xx/Tricore/Dre/Std/IfxDre.h ****     IfxDre_CanIndex_Can1_Node3,      /**< \brief Node 3 of MCMCAN1 */
 102:../Libraries/iLLD/TC4xx/Tricore/Dre/Std/IfxDre.h ****     IfxDre_CanIndex_Can2_Node0,      /**< \brief Node 0 of MCMCAN2 */
 103:../Libraries/iLLD/TC4xx/Tricore/Dre/Std/IfxDre.h ****     IfxDre_CanIndex_Can2_Node1,      /**< \brief Node 1 of MCMCAN2 */
 104:../Libraries/iLLD/TC4xx/Tricore/Dre/Std/IfxDre.h ****     IfxDre_CanIndex_Can2_Node2,      /**< \brief Node 2 of MCMCAN2 */
 105:../Libraries/iLLD/TC4xx/Tricore/Dre/Std/IfxDre.h ****     IfxDre_CanIndex_Can2_Node3,      /**< \brief Node 3 of MCMCAN2 */
 106:../Libraries/iLLD/TC4xx/Tricore/Dre/Std/IfxDre.h ****     IfxDre_CanIndex_Can3_Node0,      /**< \brief Node 0 of MCMCAN3 */
 107:../Libraries/iLLD/TC4xx/Tricore/Dre/Std/IfxDre.h ****     IfxDre_CanIndex_Can3_Node1,      /**< \brief Node 1 of MCMCAN3 */
 108:../Libraries/iLLD/TC4xx/Tricore/Dre/Std/IfxDre.h ****     IfxDre_CanIndex_Can3_Node2,      /**< \brief Node 2 of MCMCAN3 */
 109:../Libraries/iLLD/TC4xx/Tricore/Dre/Std/IfxDre.h ****     IfxDre_CanIndex_Can3_Node3,      /**< \brief Node 3 of MCMCAN3 */
 110:../Libraries/iLLD/TC4xx/Tricore/Dre/Std/IfxDre.h ****     IfxDre_CanIndex_Can4_Node0,      /**< \brief Node 0 of MCMCAN4 */
 111:../Libraries/iLLD/TC4xx/Tricore/Dre/Std/IfxDre.h ****     IfxDre_CanIndex_Can4_Node1,      /**< \brief Node 1 of MCMCAN4 */
 112:../Libraries/iLLD/TC4xx/Tricore/Dre/Std/IfxDre.h ****     IfxDre_CanIndex_Can4_Node2,      /**< \brief Node 2 of MCMCAN4 */
 113:../Libraries/iLLD/TC4xx/Tricore/Dre/Std/IfxDre.h ****     IfxDre_CanIndex_Can4_Node3       /**< \brief Node 3 of MCMCAN4 */
 114:../Libraries/iLLD/TC4xx/Tricore/Dre/Std/IfxDre.h **** } IfxDre_CanIndex;
 115:../Libraries/iLLD/TC4xx/Tricore/Dre/Std/IfxDre.h **** 
 116:../Libraries/iLLD/TC4xx/Tricore/Dre/Std/IfxDre.h **** /** \brief Destination Memory Buffer Mode, refer to DMEMi_MODE.BUF
 117:../Libraries/iLLD/TC4xx/Tricore/Dre/Std/IfxDre.h ****  */
 118:../Libraries/iLLD/TC4xx/Tricore/Dre/Std/IfxDre.h **** typedef enum
 119:../Libraries/iLLD/TC4xx/Tricore/Dre/Std/IfxDre.h **** {
 120:../Libraries/iLLD/TC4xx/Tricore/Dre/Std/IfxDre.h ****     IfxDre_DMemBufferMode_single     = 0, /**< \brief Single buffer mode */
 121:../Libraries/iLLD/TC4xx/Tricore/Dre/Std/IfxDre.h ****     IfxDre_DMemBufferMode_continuous = 1  /**< \brief Continuous buffer mode */
 122:../Libraries/iLLD/TC4xx/Tricore/Dre/Std/IfxDre.h **** } IfxDre_DMemBufferMode;
 123:../Libraries/iLLD/TC4xx/Tricore/Dre/Std/IfxDre.h **** 
 124:../Libraries/iLLD/TC4xx/Tricore/Dre/Std/IfxDre.h **** /** \brief DRE DMEM Interrupt Line Index
 125:../Libraries/iLLD/TC4xx/Tricore/Dre/Std/IfxDre.h ****  * Valid values are 0 - 7, 8 - 15 are reserved and considered as 0
 126:../Libraries/iLLD/TC4xx/Tricore/Dre/Std/IfxDre.h ****  * Interrupts of 28 DMEM blocks can be mapped to any of the 8 DRE DMEM Interrupt Lines.
 127:../Libraries/iLLD/TC4xx/Tricore/Dre/Std/IfxDre.h ****  * INTSIG.INTi and DMEMj_CONFIG.INP
 128:../Libraries/iLLD/TC4xx/Tricore/Dre/Std/IfxDre.h ****  */
 129:../Libraries/iLLD/TC4xx/Tricore/Dre/Std/IfxDre.h **** typedef enum
 130:../Libraries/iLLD/TC4xx/Tricore/Dre/Std/IfxDre.h **** {
 131:../Libraries/iLLD/TC4xx/Tricore/Dre/Std/IfxDre.h ****     IfxDre_DMemInterruptLine_0 = 0,  /**< \brief DMEM Interrupt Line 0 */
 132:../Libraries/iLLD/TC4xx/Tricore/Dre/Std/IfxDre.h ****     IfxDre_DMemInterruptLine_1 = 1,  /**< \brief DMEM Interrupt Line 1 */
 133:../Libraries/iLLD/TC4xx/Tricore/Dre/Std/IfxDre.h ****     IfxDre_DMemInterruptLine_2 = 2,  /**< \brief DMEM Interrupt Line 2 */
 134:../Libraries/iLLD/TC4xx/Tricore/Dre/Std/IfxDre.h ****     IfxDre_DMemInterruptLine_3 = 3,  /**< \brief DMEM Interrupt Line 3 */
 135:../Libraries/iLLD/TC4xx/Tricore/Dre/Std/IfxDre.h ****     IfxDre_DMemInterruptLine_4 = 4,  /**< \brief DMEM Interrupt Line 4 */
 136:../Libraries/iLLD/TC4xx/Tricore/Dre/Std/IfxDre.h ****     IfxDre_DMemInterruptLine_5 = 5,  /**< \brief DMEM Interrupt Line 5 */
 137:../Libraries/iLLD/TC4xx/Tricore/Dre/Std/IfxDre.h ****     IfxDre_DMemInterruptLine_6 = 6,  /**< \brief DMEM Interrupt Line 6 */
 138:../Libraries/iLLD/TC4xx/Tricore/Dre/Std/IfxDre.h ****     IfxDre_DMemInterruptLine_7 = 7   /**< \brief DMEM Interrupt Line 7 */
 139:../Libraries/iLLD/TC4xx/Tricore/Dre/Std/IfxDre.h **** } IfxDre_DMemInterruptLine;
 140:../Libraries/iLLD/TC4xx/Tricore/Dre/Std/IfxDre.h **** 
 141:../Libraries/iLLD/TC4xx/Tricore/Dre/Std/IfxDre.h **** /** \brief Type of CAN message, refer to DMEMi_CONFIG.CTYP
 142:../Libraries/iLLD/TC4xx/Tricore/Dre/Std/IfxDre.h ****  */
 143:../Libraries/iLLD/TC4xx/Tricore/Dre/Std/IfxDre.h **** typedef enum
 144:../Libraries/iLLD/TC4xx/Tricore/Dre/Std/IfxDre.h **** {
 145:../Libraries/iLLD/TC4xx/Tricore/Dre/Std/IfxDre.h ****     IfxDre_DMemMessageType_frame = 0,  /**< \brief CAN Frame */
 146:../Libraries/iLLD/TC4xx/Tricore/Dre/Std/IfxDre.h ****     IfxDre_DMemMessageType_iPdu  = 1   /**< \brief CAN I-PDU */
 147:../Libraries/iLLD/TC4xx/Tricore/Dre/Std/IfxDre.h **** } IfxDre_DMemMessageType;
 148:../Libraries/iLLD/TC4xx/Tricore/Dre/Std/IfxDre.h **** 
 149:../Libraries/iLLD/TC4xx/Tricore/Dre/Std/IfxDre.h **** /** \brief FDBI overflow mode, refer to DMEMi_MODE.CTYP
 150:../Libraries/iLLD/TC4xx/Tricore/Dre/Std/IfxDre.h ****  */
 151:../Libraries/iLLD/TC4xx/Tricore/Dre/Std/IfxDre.h **** typedef enum
 152:../Libraries/iLLD/TC4xx/Tricore/Dre/Std/IfxDre.h **** {
 153:../Libraries/iLLD/TC4xx/Tricore/Dre/Std/IfxDre.h ****     IfxDre_DMemOverflowMode_continue = 0,  /**< \brief Continue mode */
 154:../Libraries/iLLD/TC4xx/Tricore/Dre/Std/IfxDre.h ****     IfxDre_DMemOverflowMode_overflow = 1   /**< \brief Overflow mode */
 155:../Libraries/iLLD/TC4xx/Tricore/Dre/Std/IfxDre.h **** } IfxDre_DMemOverflowMode;
 156:../Libraries/iLLD/TC4xx/Tricore/Dre/Std/IfxDre.h **** 
 157:../Libraries/iLLD/TC4xx/Tricore/Dre/Std/IfxDre.h **** /** \brief DMEM Parameter Index. Refer to Figure: DMEM parameter table layout structure
 158:../Libraries/iLLD/TC4xx/Tricore/Dre/Std/IfxDre.h ****  */
 159:../Libraries/iLLD/TC4xx/Tricore/Dre/Std/IfxDre.h **** typedef enum
 160:../Libraries/iLLD/TC4xx/Tricore/Dre/Std/IfxDre.h **** {
 161:../Libraries/iLLD/TC4xx/Tricore/Dre/Std/IfxDre.h ****     IfxDre_DMemParamIndex_0  = 0,   /**< \brief Index of DMEM parameter element 0 in parameter tabl
 162:../Libraries/iLLD/TC4xx/Tricore/Dre/Std/IfxDre.h ****     IfxDre_DMemParamIndex_1  = 1,   /**< \brief Index of DMEM parameter element 1 in parameter tabl
 163:../Libraries/iLLD/TC4xx/Tricore/Dre/Std/IfxDre.h ****     IfxDre_DMemParamIndex_2  = 2,   /**< \brief Index of DMEM parameter element 2 in parameter tabl
 164:../Libraries/iLLD/TC4xx/Tricore/Dre/Std/IfxDre.h ****     IfxDre_DMemParamIndex_3  = 3,   /**< \brief Index of DMEM parameter element 3 in parameter tabl
 165:../Libraries/iLLD/TC4xx/Tricore/Dre/Std/IfxDre.h ****     IfxDre_DMemParamIndex_4  = 4,   /**< \brief Index of DMEM parameter element 4 in parameter tabl
 166:../Libraries/iLLD/TC4xx/Tricore/Dre/Std/IfxDre.h ****     IfxDre_DMemParamIndex_5  = 5,   /**< \brief Index of DMEM parameter element 5 in parameter tabl
 167:../Libraries/iLLD/TC4xx/Tricore/Dre/Std/IfxDre.h ****     IfxDre_DMemParamIndex_6  = 6,   /**< \brief Index of DMEM parameter element 6 in parameter tabl
 168:../Libraries/iLLD/TC4xx/Tricore/Dre/Std/IfxDre.h ****     IfxDre_DMemParamIndex_7  = 7,   /**< \brief Index of DMEM parameter element 7 in parameter tabl
 169:../Libraries/iLLD/TC4xx/Tricore/Dre/Std/IfxDre.h ****     IfxDre_DMemParamIndex_8  = 8,   /**< \brief Index of DMEM parameter element 8 in parameter tabl
 170:../Libraries/iLLD/TC4xx/Tricore/Dre/Std/IfxDre.h ****     IfxDre_DMemParamIndex_9  = 9,   /**< \brief Index of DMEM parameter element 9 in parameter tabl
 171:../Libraries/iLLD/TC4xx/Tricore/Dre/Std/IfxDre.h ****     IfxDre_DMemParamIndex_10 = 10,  /**< \brief Index of DMEM parameter element 10 in parameter tab
 172:../Libraries/iLLD/TC4xx/Tricore/Dre/Std/IfxDre.h ****     IfxDre_DMemParamIndex_11 = 11,  /**< \brief Index of DMEM parameter element 11 in parameter tab
 173:../Libraries/iLLD/TC4xx/Tricore/Dre/Std/IfxDre.h ****     IfxDre_DMemParamIndex_12 = 12,  /**< \brief Index of DMEM parameter element 12 in parameter tab
 174:../Libraries/iLLD/TC4xx/Tricore/Dre/Std/IfxDre.h ****     IfxDre_DMemParamIndex_13 = 13,  /**< \brief Index of DMEM parameter element 13 in parameter tab
 175:../Libraries/iLLD/TC4xx/Tricore/Dre/Std/IfxDre.h ****     IfxDre_DMemParamIndex_14 = 14,  /**< \brief Index of DMEM parameter element 14 in parameter tab
 176:../Libraries/iLLD/TC4xx/Tricore/Dre/Std/IfxDre.h ****     IfxDre_DMemParamIndex_15 = 15,  /**< \brief Index of DMEM parameter element 15 in parameter tab
 177:../Libraries/iLLD/TC4xx/Tricore/Dre/Std/IfxDre.h ****     IfxDre_DMemParamIndex_16 = 16,  /**< \brief Index of DMEM parameter element 16 in parameter tab
 178:../Libraries/iLLD/TC4xx/Tricore/Dre/Std/IfxDre.h ****     IfxDre_DMemParamIndex_17 = 17,  /**< \brief Index of DMEM parameter element 17 in parameter tab
 179:../Libraries/iLLD/TC4xx/Tricore/Dre/Std/IfxDre.h ****     IfxDre_DMemParamIndex_18 = 18,  /**< \brief Index of DMEM parameter element 18 in parameter tab
 180:../Libraries/iLLD/TC4xx/Tricore/Dre/Std/IfxDre.h ****     IfxDre_DMemParamIndex_19 = 19,  /**< \brief Index of DMEM parameter element 19 in parameter tab
 181:../Libraries/iLLD/TC4xx/Tricore/Dre/Std/IfxDre.h ****     IfxDre_DMemParamIndex_20 = 20,  /**< \brief Index of DMEM parameter element 20 in parameter tab
 182:../Libraries/iLLD/TC4xx/Tricore/Dre/Std/IfxDre.h ****     IfxDre_DMemParamIndex_21 = 21,  /**< \brief Index of DMEM parameter element 21 in parameter tab
 183:../Libraries/iLLD/TC4xx/Tricore/Dre/Std/IfxDre.h ****     IfxDre_DMemParamIndex_22 = 22,  /**< \brief Index of DMEM parameter element 22 in parameter tab
 184:../Libraries/iLLD/TC4xx/Tricore/Dre/Std/IfxDre.h ****     IfxDre_DMemParamIndex_23 = 23,  /**< \brief Index of DMEM parameter element 23 in parameter tab
 185:../Libraries/iLLD/TC4xx/Tricore/Dre/Std/IfxDre.h ****     IfxDre_DMemParamIndex_24 = 24,  /**< \brief Index of DMEM parameter element 24 in parameter tab
 186:../Libraries/iLLD/TC4xx/Tricore/Dre/Std/IfxDre.h ****     IfxDre_DMemParamIndex_25 = 25,  /**< \brief Index of DMEM parameter element 25 in parameter tab
 187:../Libraries/iLLD/TC4xx/Tricore/Dre/Std/IfxDre.h ****     IfxDre_DMemParamIndex_26 = 26,  /**< \brief Index of DMEM parameter element 26 in parameter tab
 188:../Libraries/iLLD/TC4xx/Tricore/Dre/Std/IfxDre.h ****     IfxDre_DMemParamIndex_27 = 27   /**< \brief Index of DMEM parameter element 27 in parameter tab
 189:../Libraries/iLLD/TC4xx/Tricore/Dre/Std/IfxDre.h **** } IfxDre_DMemParamIndex;
 190:../Libraries/iLLD/TC4xx/Tricore/Dre/Std/IfxDre.h **** 
 191:../Libraries/iLLD/TC4xx/Tricore/Dre/Std/IfxDre.h **** /** \brief Destination Memory Pdu Mode, refer to DMEMi_MODE.TYP
 192:../Libraries/iLLD/TC4xx/Tricore/Dre/Std/IfxDre.h ****  */
 193:../Libraries/iLLD/TC4xx/Tricore/Dre/Std/IfxDre.h **** typedef enum
 194:../Libraries/iLLD/TC4xx/Tricore/Dre/Std/IfxDre.h **** {
 195:../Libraries/iLLD/TC4xx/Tricore/Dre/Std/IfxDre.h ****     IfxDre_DMemPduMode_muxDisabled = 0,  /**< \brief Pdu mode is disabled */
 196:../Libraries/iLLD/TC4xx/Tricore/Dre/Std/IfxDre.h ****     IfxDre_DMemPduMode_muxEnabled  = 1   /**< \brief Pdu mode is enabled */
 197:../Libraries/iLLD/TC4xx/Tricore/Dre/Std/IfxDre.h **** } IfxDre_DMemPduMode;
 198:../Libraries/iLLD/TC4xx/Tricore/Dre/Std/IfxDre.h **** 
 199:../Libraries/iLLD/TC4xx/Tricore/Dre/Std/IfxDre.h **** /** \brief Destination Memory Interrupt Trigger Mode, refer to DMEMi_MODE.TRIG
 200:../Libraries/iLLD/TC4xx/Tricore/Dre/Std/IfxDre.h ****  */
 201:../Libraries/iLLD/TC4xx/Tricore/Dre/Std/IfxDre.h **** typedef enum
 202:../Libraries/iLLD/TC4xx/Tricore/Dre/Std/IfxDre.h **** {
 203:../Libraries/iLLD/TC4xx/Tricore/Dre/Std/IfxDre.h ****     IfxDre_DMemTriggerMode_index = 0,  /**< \brief Index based Interrupt trigger */
 204:../Libraries/iLLD/TC4xx/Tricore/Dre/Std/IfxDre.h ****     IfxDre_DMemTriggerMode_count = 1   /**< \brief Count based Interrupt trigger */
 205:../Libraries/iLLD/TC4xx/Tricore/Dre/Std/IfxDre.h **** } IfxDre_DMemTriggerMode;
 206:../Libraries/iLLD/TC4xx/Tricore/Dre/Std/IfxDre.h **** 
 207:../Libraries/iLLD/TC4xx/Tricore/Dre/Std/IfxDre.h **** /** \brief Ethernet DMA Channel. Refer to number of DMA Channels in GETH/LETH respective DMAs.
 208:../Libraries/iLLD/TC4xx/Tricore/Dre/Std/IfxDre.h ****  */
 209:../Libraries/iLLD/TC4xx/Tricore/Dre/Std/IfxDre.h **** typedef enum
 210:../Libraries/iLLD/TC4xx/Tricore/Dre/Std/IfxDre.h **** {
 211:../Libraries/iLLD/TC4xx/Tricore/Dre/Std/IfxDre.h ****     IfxDre_EthDmaChannel_0 = 0,  /**< \brief Eth DMA Channel 0 */
 212:../Libraries/iLLD/TC4xx/Tricore/Dre/Std/IfxDre.h ****     IfxDre_EthDmaChannel_1,      /**< \brief Eth DMA Channel 1 */
 213:../Libraries/iLLD/TC4xx/Tricore/Dre/Std/IfxDre.h ****     IfxDre_EthDmaChannel_2,      /**< \brief Eth DMA Channel 2 */
 214:../Libraries/iLLD/TC4xx/Tricore/Dre/Std/IfxDre.h ****     IfxDre_EthDmaChannel_3,      /**< \brief Eth DMA Channel 3 */
 215:../Libraries/iLLD/TC4xx/Tricore/Dre/Std/IfxDre.h ****     IfxDre_EthDmaChannel_4,      /**< \brief Eth DMA Channel 4 */
 216:../Libraries/iLLD/TC4xx/Tricore/Dre/Std/IfxDre.h ****     IfxDre_EthDmaChannel_5,      /**< \brief Eth DMA Channel 5 */
 217:../Libraries/iLLD/TC4xx/Tricore/Dre/Std/IfxDre.h ****     IfxDre_EthDmaChannel_6,      /**< \brief Eth DMA Channel 6 */
 218:../Libraries/iLLD/TC4xx/Tricore/Dre/Std/IfxDre.h ****     IfxDre_EthDmaChannel_7       /**< \brief Eth DMA Channel 7 */
 219:../Libraries/iLLD/TC4xx/Tricore/Dre/Std/IfxDre.h **** } IfxDre_EthDmaChannel;
 220:../Libraries/iLLD/TC4xx/Tricore/Dre/Std/IfxDre.h **** 
 221:../Libraries/iLLD/TC4xx/Tricore/Dre/Std/IfxDre.h **** /** \brief Eth Filter Mode, refer to FT_FEj_FRULE.FMODE
 222:../Libraries/iLLD/TC4xx/Tricore/Dre/Std/IfxDre.h ****  */
 223:../Libraries/iLLD/TC4xx/Tricore/Dre/Std/IfxDre.h **** typedef enum
 224:../Libraries/iLLD/TC4xx/Tricore/Dre/Std/IfxDre.h **** {
 225:../Libraries/iLLD/TC4xx/Tricore/Dre/Std/IfxDre.h ****     IfxDre_EthFilterMode_classic = 0,  /**< \brief Classic filter. Forward Filter ID1 = filter, For
 226:../Libraries/iLLD/TC4xx/Tricore/Dre/Std/IfxDre.h ****     IfxDre_EthFilterMode_dualId  = 1,  /**< \brief Dual ID filter. Forward Filter ID1 or Forward Fi
 227:../Libraries/iLLD/TC4xx/Tricore/Dre/Std/IfxDre.h ****     IfxDre_EthFilterMode_range   = 2   /**< \brief Range ID filter. Range of IDs between Forward Fi
 228:../Libraries/iLLD/TC4xx/Tricore/Dre/Std/IfxDre.h **** } IfxDre_EthFilterMode;
 229:../Libraries/iLLD/TC4xx/Tricore/Dre/Std/IfxDre.h **** 
 230:../Libraries/iLLD/TC4xx/Tricore/Dre/Std/IfxDre.h **** /** \brief Ethernet Interface
 231:../Libraries/iLLD/TC4xx/Tricore/Dre/Std/IfxDre.h ****  */
 232:../Libraries/iLLD/TC4xx/Tricore/Dre/Std/IfxDre.h **** typedef enum
 233:../Libraries/iLLD/TC4xx/Tricore/Dre/Std/IfxDre.h **** {
 234:../Libraries/iLLD/TC4xx/Tricore/Dre/Std/IfxDre.h ****     IfxDre_EthInterface_GethMac0 = 0,  /**< \brief Geth Mac0 */
 235:../Libraries/iLLD/TC4xx/Tricore/Dre/Std/IfxDre.h ****     IfxDre_EthInterface_GethMac1,      /**< \brief Geth Mac1 */
 236:../Libraries/iLLD/TC4xx/Tricore/Dre/Std/IfxDre.h ****     IfxDre_EthInterface_LethMac0,      /**< \brief Leth Mac0 */
 237:../Libraries/iLLD/TC4xx/Tricore/Dre/Std/IfxDre.h ****     IfxDre_EthInterface_LethMac1,      /**< \brief Leth Mac1 */
 238:../Libraries/iLLD/TC4xx/Tricore/Dre/Std/IfxDre.h ****     IfxDre_EthInterface_LethMac2,      /**< \brief Leth Mac2 */
 239:../Libraries/iLLD/TC4xx/Tricore/Dre/Std/IfxDre.h ****     IfxDre_EthInterface_LethMac3       /**< \brief Leth Mac3 */
 240:../Libraries/iLLD/TC4xx/Tricore/Dre/Std/IfxDre.h **** } IfxDre_EthInterface;
 241:../Libraries/iLLD/TC4xx/Tricore/Dre/Std/IfxDre.h **** 
 242:../Libraries/iLLD/TC4xx/Tricore/Dre/Std/IfxDre.h **** /** \brief ETH DMA RP Index, refer to Resource partition configuration section in UM
 243:../Libraries/iLLD/TC4xx/Tricore/Dre/Std/IfxDre.h ****  */
 244:../Libraries/iLLD/TC4xx/Tricore/Dre/Std/IfxDre.h **** typedef enum
 245:../Libraries/iLLD/TC4xx/Tricore/Dre/Std/IfxDre.h **** {
 246:../Libraries/iLLD/TC4xx/Tricore/Dre/Std/IfxDre.h ****     IfxDre_EthRPIndex_GethMac0 = 0,  /**< \brief Geth Mac 0 */
 247:../Libraries/iLLD/TC4xx/Tricore/Dre/Std/IfxDre.h ****     IfxDre_EthRPIndex_GethMac1 = 1,  /**< \brief Geth Mac 1 */
 248:../Libraries/iLLD/TC4xx/Tricore/Dre/Std/IfxDre.h ****     IfxDre_EthRPIndex_LethMac0 = 2,  /**< \brief Leth Mac 0 */
 249:../Libraries/iLLD/TC4xx/Tricore/Dre/Std/IfxDre.h ****     IfxDre_EthRPIndex_LethMac1 = 3,  /**< \brief Leth Mac 1 */
 250:../Libraries/iLLD/TC4xx/Tricore/Dre/Std/IfxDre.h ****     IfxDre_EthRPIndex_LethMac2 = 4,  /**< \brief Leth Mac 2 */
 251:../Libraries/iLLD/TC4xx/Tricore/Dre/Std/IfxDre.h ****     IfxDre_EthRPIndex_LethMac3 = 5   /**< \brief Leth Mac 3 */
 252:../Libraries/iLLD/TC4xx/Tricore/Dre/Std/IfxDre.h **** } IfxDre_EthRPIndex;
 253:../Libraries/iLLD/TC4xx/Tricore/Dre/Std/IfxDre.h **** 
 254:../Libraries/iLLD/TC4xx/Tricore/Dre/Std/IfxDre.h **** /** \brief CAN Filter Mode, refer to CIDFC.MODE
 255:../Libraries/iLLD/TC4xx/Tricore/Dre/Std/IfxDre.h ****  */
 256:../Libraries/iLLD/TC4xx/Tricore/Dre/Std/IfxDre.h **** typedef enum
 257:../Libraries/iLLD/TC4xx/Tricore/Dre/Std/IfxDre.h **** {
 258:../Libraries/iLLD/TC4xx/Tricore/Dre/Std/IfxDre.h ****     IfxDre_FilterMode_classic = 0,  /**< \brief Classic filter: CAN ID1 = filter, CAN ID2 = mask */
 259:../Libraries/iLLD/TC4xx/Tricore/Dre/Std/IfxDre.h ****     IfxDre_FilterMode_dualId  = 1,  /**< \brief Dual ID filter for CAN ID1 or CAN ID2 */
 260:../Libraries/iLLD/TC4xx/Tricore/Dre/Std/IfxDre.h ****     IfxDre_FilterMode_range   = 2   /**< \brief Range filter from CAN ID1 to CAN ID2 (CAN ID1 is le
 261:../Libraries/iLLD/TC4xx/Tricore/Dre/Std/IfxDre.h **** } IfxDre_FilterMode;
 262:../Libraries/iLLD/TC4xx/Tricore/Dre/Std/IfxDre.h **** 
 263:../Libraries/iLLD/TC4xx/Tricore/Dre/Std/IfxDre.h **** /** \brief DRE Interrupt Line Index
 264:../Libraries/iLLD/TC4xx/Tricore/Dre/Std/IfxDre.h ****  */
 265:../Libraries/iLLD/TC4xx/Tricore/Dre/Std/IfxDre.h **** typedef enum
 266:../Libraries/iLLD/TC4xx/Tricore/Dre/Std/IfxDre.h **** {
 267:../Libraries/iLLD/TC4xx/Tricore/Dre/Std/IfxDre.h ****     IfxDre_InterruptLine_0  = 0,   /**< \brief Interrupt Line 0. DMEM Line option 0 */
 268:../Libraries/iLLD/TC4xx/Tricore/Dre/Std/IfxDre.h ****     IfxDre_InterruptLine_1  = 1,   /**< \brief Interrupt Line 1. DMEM Line option 1 */
 269:../Libraries/iLLD/TC4xx/Tricore/Dre/Std/IfxDre.h ****     IfxDre_InterruptLine_2  = 2,   /**< \brief Interrupt Line 2. DMEM Line option 2 */
 270:../Libraries/iLLD/TC4xx/Tricore/Dre/Std/IfxDre.h ****     IfxDre_InterruptLine_3  = 3,   /**< \brief Interrupt Line 3. DMEM Line option 3 */
 271:../Libraries/iLLD/TC4xx/Tricore/Dre/Std/IfxDre.h ****     IfxDre_InterruptLine_4  = 4,   /**< \brief Interrupt Line 4. DMEM Line option 4 */
 272:../Libraries/iLLD/TC4xx/Tricore/Dre/Std/IfxDre.h ****     IfxDre_InterruptLine_5  = 5,   /**< \brief Interrupt Line 5. DMEM Line option 5 */
 273:../Libraries/iLLD/TC4xx/Tricore/Dre/Std/IfxDre.h ****     IfxDre_InterruptLine_6  = 6,   /**< \brief Interrupt Line 6. DMEM Line option 6 */
 274:../Libraries/iLLD/TC4xx/Tricore/Dre/Std/IfxDre.h ****     IfxDre_InterruptLine_7  = 7,   /**< \brief Interrupt Line 7. DMEM Line option 7 */
 275:../Libraries/iLLD/TC4xx/Tricore/Dre/Std/IfxDre.h ****     IfxDre_InterruptLine_8  = 8,   /**< \brief Interrupt Line 8. CAN Input buffer list interrupts *
 276:../Libraries/iLLD/TC4xx/Tricore/Dre/Std/IfxDre.h ****     IfxDre_InterruptLine_9  = 9,   /**< \brief Interrupt Line 9. CAN Output buffer list interrupts 
 277:../Libraries/iLLD/TC4xx/Tricore/Dre/Std/IfxDre.h ****     IfxDre_InterruptLine_10 = 10,  /**< \brief Interrupt Line 10. EIBUF Error interrupts */
 278:../Libraries/iLLD/TC4xx/Tricore/Dre/Std/IfxDre.h ****     IfxDre_InterruptLine_11 = 11,  /**< \brief Interrupt Line 11. Ethernet Frame Receive Request In
 279:../Libraries/iLLD/TC4xx/Tricore/Dre/Std/IfxDre.h ****     IfxDre_InterruptLine_12 = 12,  /**< \brief Interrupt Line 12. Routing Table error interrupts */
 280:../Libraries/iLLD/TC4xx/Tricore/Dre/Std/IfxDre.h ****     IfxDre_InterruptLine_13 = 13,  /**< \brief Interrupt Line 13. ME Routing Transaction lost inter
 281:../Libraries/iLLD/TC4xx/Tricore/Dre/Std/IfxDre.h ****     IfxDre_InterruptLine_14 = 14,  /**< \brief Interrupt Line 14. EOBUF Error Interrupts */
 282:../Libraries/iLLD/TC4xx/Tricore/Dre/Std/IfxDre.h ****     IfxDre_InterruptLine_15 = 15   /**< \brief Interrupt Line 15. EOBUF Transmit request interrupts
 283:../Libraries/iLLD/TC4xx/Tricore/Dre/Std/IfxDre.h **** } IfxDre_InterruptLine;
 284:../Libraries/iLLD/TC4xx/Tricore/Dre/Std/IfxDre.h **** 
 285:../Libraries/iLLD/TC4xx/Tricore/Dre/Std/IfxDre.h **** /** \brief Type of Routing Rule
 286:../Libraries/iLLD/TC4xx/Tricore/Dre/Std/IfxDre.h ****  */
 287:../Libraries/iLLD/TC4xx/Tricore/Dre/Std/IfxDre.h **** typedef enum
 288:../Libraries/iLLD/TC4xx/Tricore/Dre/Std/IfxDre.h **** {
 289:../Libraries/iLLD/TC4xx/Tricore/Dre/Std/IfxDre.h ****     IfxDre_RoutingType_unicast   = 0, /**< \brief Unicast Routing Rule */
 290:../Libraries/iLLD/TC4xx/Tricore/Dre/Std/IfxDre.h ****     IfxDre_RoutingType_multicast = 1  /**< \brief Multicast Routing Rule */
 291:../Libraries/iLLD/TC4xx/Tricore/Dre/Std/IfxDre.h **** } IfxDre_RoutingType;
 292:../Libraries/iLLD/TC4xx/Tricore/Dre/Std/IfxDre.h **** 
 293:../Libraries/iLLD/TC4xx/Tricore/Dre/Std/IfxDre.h **** /** \brief Stream Filter Mode, refer to SIDF_FC.MODE
 294:../Libraries/iLLD/TC4xx/Tricore/Dre/Std/IfxDre.h ****  */
 295:../Libraries/iLLD/TC4xx/Tricore/Dre/Std/IfxDre.h **** typedef enum
 296:../Libraries/iLLD/TC4xx/Tricore/Dre/Std/IfxDre.h **** {
 297:../Libraries/iLLD/TC4xx/Tricore/Dre/Std/IfxDre.h ****     IfxDre_StreamFilterMode_classic = 0,  /**< \brief Classic filter: Stream Filter 1 = filter, Str
 298:../Libraries/iLLD/TC4xx/Tricore/Dre/Std/IfxDre.h ****     IfxDre_StreamFilterMode_range   = 1   /**< \brief Range Filter from Stream Filter 1 to Stream F
 299:../Libraries/iLLD/TC4xx/Tricore/Dre/Std/IfxDre.h **** } IfxDre_StreamFilterMode;
 300:../Libraries/iLLD/TC4xx/Tricore/Dre/Std/IfxDre.h **** 
 301:../Libraries/iLLD/TC4xx/Tricore/Dre/Std/IfxDre.h **** /** \brief Transmit Trigger Mode, refer to EOBUF.CONFIG.TTM
 302:../Libraries/iLLD/TC4xx/Tricore/Dre/Std/IfxDre.h ****  */
 303:../Libraries/iLLD/TC4xx/Tricore/Dre/Std/IfxDre.h **** typedef enum
 304:../Libraries/iLLD/TC4xx/Tricore/Dre/Std/IfxDre.h **** {
 305:../Libraries/iLLD/TC4xx/Tricore/Dre/Std/IfxDre.h ****     IfxDre_TriggerMode_software        = 0,  /**< \brief Software Trigger */
 306:../Libraries/iLLD/TC4xx/Tricore/Dre/Std/IfxDre.h ****     IfxDre_TriggerMode_frameCount      = 1,  /**< \brief Configured number of CAN frames */
 307:../Libraries/iLLD/TC4xx/Tricore/Dre/Std/IfxDre.h ****     IfxDre_TriggerMode_bufferFillLevel = 2,  /**< \brief Fill size of the EOBUF */
 308:../Libraries/iLLD/TC4xx/Tricore/Dre/Std/IfxDre.h ****     IfxDre_TriggerMode_timeTriggered   = 3   /**< \brief Time Triggered Transmit Mode */
 309:../Libraries/iLLD/TC4xx/Tricore/Dre/Std/IfxDre.h **** } IfxDre_TriggerMode;
 310:../Libraries/iLLD/TC4xx/Tricore/Dre/Std/IfxDre.h **** 
 311:../Libraries/iLLD/TC4xx/Tricore/Dre/Std/IfxDre.h **** #if defined(DEVICE_TC49XN) || defined(DEVICE_TC49XNAA) || defined(DEVICE_TC46X) || defined(DEVICE_T
 312:../Libraries/iLLD/TC4xx/Tricore/Dre/Std/IfxDre.h **** /** \brief 3 bit Option for Source Address Insertion Control in Transmit Packets.
 313:../Libraries/iLLD/TC4xx/Tricore/Dre/Std/IfxDre.h ****  * Definition in Tx Normal Descriptor TDES3.R.SAIC. Bit 25 of TDES3 (SAIC[2]) specifies the MAC Add
 314:../Libraries/iLLD/TC4xx/Tricore/Dre/Std/IfxDre.h ****  */
 315:../Libraries/iLLD/TC4xx/Tricore/Dre/Std/IfxDre.h **** typedef enum
 316:../Libraries/iLLD/TC4xx/Tricore/Dre/Std/IfxDre.h **** {
 317:../Libraries/iLLD/TC4xx/Tricore/Dre/Std/IfxDre.h ****     IfxDre_Eth_SourceAddressControl_notIncluded            = 0,  /**< \brief Do not include the sou
 318:../Libraries/iLLD/TC4xx/Tricore/Dre/Std/IfxDre.h ****     IfxDre_Eth_SourceAddressControl_insertMacAddress0      = 1,  /**< \brief Insert source address 
 319:../Libraries/iLLD/TC4xx/Tricore/Dre/Std/IfxDre.h ****     IfxDre_Eth_SourceAddressControl_replaceWithMacAddress0 = 2,  /**< \brief Replace source address
 320:../Libraries/iLLD/TC4xx/Tricore/Dre/Std/IfxDre.h ****     IfxDre_Eth_SourceAddressControl_insertMacAddress1      = 5,  /**< \brief Insert source address 
 321:../Libraries/iLLD/TC4xx/Tricore/Dre/Std/IfxDre.h ****     IfxDre_Eth_SourceAddressControl_replaceWithMacAddress1 = 6   /**< \brief Replace source address
 322:../Libraries/iLLD/TC4xx/Tricore/Dre/Std/IfxDre.h **** } IfxDre_Eth_SourceAddressControl;
 323:../Libraries/iLLD/TC4xx/Tricore/Dre/Std/IfxDre.h **** #endif /* #if defined(DEVICE_TC49XN) || defined(DEVICE_TC49XNAA) || defined(DEVICE_TC46X) || define
 324:../Libraries/iLLD/TC4xx/Tricore/Dre/Std/IfxDre.h **** 
 325:../Libraries/iLLD/TC4xx/Tricore/Dre/Std/IfxDre.h **** /** \} */
 326:../Libraries/iLLD/TC4xx/Tricore/Dre/Std/IfxDre.h **** 
 327:../Libraries/iLLD/TC4xx/Tricore/Dre/Std/IfxDre.h **** /******************************************************************************/
 328:../Libraries/iLLD/TC4xx/Tricore/Dre/Std/IfxDre.h **** /*-----------------------------Data Structures--------------------------------*/
 329:../Libraries/iLLD/TC4xx/Tricore/Dre/Std/IfxDre.h **** /******************************************************************************/
 330:../Libraries/iLLD/TC4xx/Tricore/Dre/Std/IfxDre.h **** 
 331:../Libraries/iLLD/TC4xx/Tricore/Dre/Std/IfxDre.h **** /** \addtogroup IfxLld_Dre_Std_Data_Structures_Group_1
 332:../Libraries/iLLD/TC4xx/Tricore/Dre/Std/IfxDre.h ****  * \{ */
 333:../Libraries/iLLD/TC4xx/Tricore/Dre/Std/IfxDre.h **** /** \brief Configuration for Timed Trigger Transmit of Ethernet Fames. Refer to EOBUF0/1.TTC.TP and
 334:../Libraries/iLLD/TC4xx/Tricore/Dre/Std/IfxDre.h ****  */
 335:../Libraries/iLLD/TC4xx/Tricore/Dre/Std/IfxDre.h **** typedef struct
 336:../Libraries/iLLD/TC4xx/Tricore/Dre/Std/IfxDre.h **** {
 337:../Libraries/iLLD/TC4xx/Tricore/Dre/Std/IfxDre.h ****     uint8  timerPrescalar;         /**< \brief Prescalar for timer. Range: 0 to 0xFF */
 338:../Libraries/iLLD/TC4xx/Tricore/Dre/Std/IfxDre.h ****     uint16 timerReloadValue;       /**< \brief Reload value for timer. Range: 0 to 0xFFFF */
 339:../Libraries/iLLD/TC4xx/Tricore/Dre/Std/IfxDre.h **** } IfxDre_TimerConfig;
 340:../Libraries/iLLD/TC4xx/Tricore/Dre/Std/IfxDre.h **** 
 341:../Libraries/iLLD/TC4xx/Tricore/Dre/Std/IfxDre.h **** /** \} */
 342:../Libraries/iLLD/TC4xx/Tricore/Dre/Std/IfxDre.h **** 
 343:../Libraries/iLLD/TC4xx/Tricore/Dre/Std/IfxDre.h **** /** \addtogroup IfxLld_Dre_Std_Data_Structures_Group_1
 344:../Libraries/iLLD/TC4xx/Tricore/Dre/Std/IfxDre.h ****  * \{ */
 345:../Libraries/iLLD/TC4xx/Tricore/Dre/Std/IfxDre.h **** /** \brief PROT and APU configuration
 346:../Libraries/iLLD/TC4xx/Tricore/Dre/Std/IfxDre.h ****  */
 347:../Libraries/iLLD/TC4xx/Tricore/Dre/Std/IfxDre.h **** typedef struct
 348:../Libraries/iLLD/TC4xx/Tricore/Dre/Std/IfxDre.h **** {
 349:../Libraries/iLLD/TC4xx/Tricore/Dre/Std/IfxDre.h ****     IfxApProt_ProtConfig proteConfig;                                  /**< \brief PROTE configurat
 350:../Libraries/iLLD/TC4xx/Tricore/Dre/Std/IfxDre.h ****     IfxApProt_ProtConfig protseConfig;                                 /**< \brief PROTSE Configura
 351:../Libraries/iLLD/TC4xx/Tricore/Dre/Std/IfxDre.h ****     IfxApApu_ApuConfig   apuConfig;                                    /**< \brief APU Configuratio
 352:../Libraries/iLLD/TC4xx/Tricore/Dre/Std/IfxDre.h ****     IfxApApu_ApuConfig   ethApuConfig[IFXDRE_NUM_EIBUF_BUFFERS];       /**< \brief ETH APU Configur
 353:../Libraries/iLLD/TC4xx/Tricore/Dre/Std/IfxDre.h **** } IfxDre_ApConfig;
 354:../Libraries/iLLD/TC4xx/Tricore/Dre/Std/IfxDre.h **** 
 355:../Libraries/iLLD/TC4xx/Tricore/Dre/Std/IfxDre.h **** /** \} */
 356:../Libraries/iLLD/TC4xx/Tricore/Dre/Std/IfxDre.h **** 
 357:../Libraries/iLLD/TC4xx/Tricore/Dre/Std/IfxDre.h **** /** \addtogroup IfxLld_Dre_Std_Data_Structures_Group_2
 358:../Libraries/iLLD/TC4xx/Tricore/Dre/Std/IfxDre.h ****  * \{ */
 359:../Libraries/iLLD/TC4xx/Tricore/Dre/Std/IfxDre.h **** /** \brief Ethernet descriptor list status. Refer to EDLSTAT
 360:../Libraries/iLLD/TC4xx/Tricore/Dre/Std/IfxDre.h ****  */
 361:../Libraries/iLLD/TC4xx/Tricore/Dre/Std/IfxDre.h **** typedef struct
 362:../Libraries/iLLD/TC4xx/Tricore/Dre/Std/IfxDre.h **** {
 363:../Libraries/iLLD/TC4xx/Tricore/Dre/Std/IfxDre.h ****     uint8 txCount;       /**< \brief Transmit and forward count. Range: 0 to 0xFF */
 364:../Libraries/iLLD/TC4xx/Tricore/Dre/Std/IfxDre.h ****     uint8 rxCount;       /**< \brief Receive count. Range: 0 to 0x3F  */
 365:../Libraries/iLLD/TC4xx/Tricore/Dre/Std/IfxDre.h **** } IfxDre_EdlStatus;
 366:../Libraries/iLLD/TC4xx/Tricore/Dre/Std/IfxDre.h **** 
 367:../Libraries/iLLD/TC4xx/Tricore/Dre/Std/IfxDre.h **** /** \brief Ethernet requests summary. Refer to EREQ
 368:../Libraries/iLLD/TC4xx/Tricore/Dre/Std/IfxDre.h ****  */
 369:../Libraries/iLLD/TC4xx/Tricore/Dre/Std/IfxDre.h **** typedef struct
 370:../Libraries/iLLD/TC4xx/Tricore/Dre/Std/IfxDre.h **** {
 371:../Libraries/iLLD/TC4xx/Tricore/Dre/Std/IfxDre.h ****     boolean tx0 : 1;                   /**< \brief Tx request from EOBUF 0. Range: 1 if ACF Etherne
 372:../Libraries/iLLD/TC4xx/Tricore/Dre/Std/IfxDre.h ****     boolean tx1 : 1;                   /**< \brief Tx request from EOBUF 1. Range: 1 if ACF Etherne
 373:../Libraries/iLLD/TC4xx/Tricore/Dre/Std/IfxDre.h ****     boolean tx2 : 1;                   /**< \brief Tx request from EOBUF 2. Range: 1 if ACF Etherne
 374:../Libraries/iLLD/TC4xx/Tricore/Dre/Std/IfxDre.h ****     boolean tx3 : 1;                   /**< \brief Tx request from EOBUF 3. Range: 1 if ACF Etherne
 375:../Libraries/iLLD/TC4xx/Tricore/Dre/Std/IfxDre.h ****     boolean tx4 : 1;                   /**< \brief Tx request from EOBUF 4. Range: 1 if ACF Etherne
 376:../Libraries/iLLD/TC4xx/Tricore/Dre/Std/IfxDre.h ****     boolean tx5 : 1;                   /**< \brief Tx request from EOBUF 5. Range: 1 if ACF Etherne
 377:../Libraries/iLLD/TC4xx/Tricore/Dre/Std/IfxDre.h ****     boolean fwd0 : 1;                  /**< \brief Forward request from EIBUF 0. Range: 1 if Ethern
 378:../Libraries/iLLD/TC4xx/Tricore/Dre/Std/IfxDre.h ****     boolean fwd1 : 1;                  /**< \brief Forward request from EIBUF 1. Range: 1 if Ethern
 379:../Libraries/iLLD/TC4xx/Tricore/Dre/Std/IfxDre.h ****     boolean fwd2 : 1;                  /**< \brief Forward request from EIBUF 2. Range: 1 if Ethern
 380:../Libraries/iLLD/TC4xx/Tricore/Dre/Std/IfxDre.h ****     boolean fwd3 : 1;                  /**< \brief Forward request from EIBUF 3. Range: 1 if Ethern
 381:../Libraries/iLLD/TC4xx/Tricore/Dre/Std/IfxDre.h ****     boolean fwd4 : 1;                  /**< \brief Forward request from EIBUF 4. Range: 1 if Ethern
 382:../Libraries/iLLD/TC4xx/Tricore/Dre/Std/IfxDre.h ****     boolean fwd5 : 1;                  /**< \brief Forward request from EIBUF 5. Range: 1 if Ethern
 383:../Libraries/iLLD/TC4xx/Tricore/Dre/Std/IfxDre.h ****     uint8   currentBufferIndex0;       /**< \brief Indicates the buffer index that is currently bei
 384:../Libraries/iLLD/TC4xx/Tricore/Dre/Std/IfxDre.h ****     uint8   currentBufferIndex1;       /**< \brief Indicates the buffer index that is currently bei
 385:../Libraries/iLLD/TC4xx/Tricore/Dre/Std/IfxDre.h ****     uint8   currentBufferIndex2;       /**< \brief Indicates the buffer index that is currently bei
 386:../Libraries/iLLD/TC4xx/Tricore/Dre/Std/IfxDre.h ****     uint8   currentBufferIndex3;       /**< \brief Indicates the buffer index that is currently bei
 387:../Libraries/iLLD/TC4xx/Tricore/Dre/Std/IfxDre.h ****     uint8   currentBufferIndex4;       /**< \brief Indicates the buffer index that is currently bei
 388:../Libraries/iLLD/TC4xx/Tricore/Dre/Std/IfxDre.h ****     uint8   currentBufferIndex5;       /**< \brief Indicates the buffer index that is currently bei
 389:../Libraries/iLLD/TC4xx/Tricore/Dre/Std/IfxDre.h **** } IfxDre_ErsStatus;
 390:../Libraries/iLLD/TC4xx/Tricore/Dre/Std/IfxDre.h **** 
 391:../Libraries/iLLD/TC4xx/Tricore/Dre/Std/IfxDre.h **** /** \brief Configuration Structure of Ethernet Input Buffer
 392:../Libraries/iLLD/TC4xx/Tricore/Dre/Std/IfxDre.h ****  */
 393:../Libraries/iLLD/TC4xx/Tricore/Dre/Std/IfxDre.h **** typedef struct
 394:../Libraries/iLLD/TC4xx/Tricore/Dre/Std/IfxDre.h **** {
 395:../Libraries/iLLD/TC4xx/Tricore/Dre/Std/IfxDre.h ****     uint8   ntscfStartAddress;             /**< \brief 32 bit aligned Offset address from EIBUF_SA.
 396:../Libraries/iLLD/TC4xx/Tricore/Dre/Std/IfxDre.h ****     boolean enableRejectRemoteFrame;       /**< \brief Enable(1)/disable(0) remote frame rejection.
 397:../Libraries/iLLD/TC4xx/Tricore/Dre/Std/IfxDre.h **** } IfxDre_EthernetInputBufConfig;
 398:../Libraries/iLLD/TC4xx/Tricore/Dre/Std/IfxDre.h **** 
 399:../Libraries/iLLD/TC4xx/Tricore/Dre/Std/IfxDre.h **** /** \brief Flags to store EIBUF status
 400:../Libraries/iLLD/TC4xx/Tricore/Dre/Std/IfxDre.h ****  */
 401:../Libraries/iLLD/TC4xx/Tricore/Dre/Std/IfxDre.h **** typedef struct
 402:../Libraries/iLLD/TC4xx/Tricore/Dre/Std/IfxDre.h **** {
 403:../Libraries/iLLD/TC4xx/Tricore/Dre/Std/IfxDre.h ****     boolean bufferPendingRequest;          /**< \brief Status flag for BPR. Range: 1 indicates a ne
 404:../Libraries/iLLD/TC4xx/Tricore/Dre/Std/IfxDre.h ****     boolean ethernetFrameError;            /**< \brief Status flag for FE. Range: 1 if Ethernet fra
 405:../Libraries/iLLD/TC4xx/Tricore/Dre/Std/IfxDre.h ****     boolean invalidFrameType;              /**< \brief Status flag for IFT. Range: 1 if the "Subtyp
 406:../Libraries/iLLD/TC4xx/Tricore/Dre/Std/IfxDre.h ****     boolean invalidDestinationId;          /**< \brief Status flag for IDID. Range: 1 if no matchin
 407:../Libraries/iLLD/TC4xx/Tricore/Dre/Std/IfxDre.h ****     boolean avtpLengthMismatchError;       /**< \brief Status flag for LME. Range: 1 if the calcula
 408:../Libraries/iLLD/TC4xx/Tricore/Dre/Std/IfxDre.h ****     boolean canFormatError;                /**< \brief Status flag for CFE. Range: 1 if the "ACF_MS
 409:../Libraries/iLLD/TC4xx/Tricore/Dre/Std/IfxDre.h ****     boolean remoteFrameError;              /**< \brief Status flag for RFE. Range: 1 if EIBUF_CONFI
 410:../Libraries/iLLD/TC4xx/Tricore/Dre/Std/IfxDre.h ****     boolean ethernetFrameComplete;         /**< \brief Status flag for FC. Range: 1 if input Ethern
 411:../Libraries/iLLD/TC4xx/Tricore/Dre/Std/IfxDre.h ****     boolean ethernetReceiveRequest;        /**< \brief Status flag for RXREQ. Range: 1 if a frame i
 412:../Libraries/iLLD/TC4xx/Tricore/Dre/Std/IfxDre.h **** } IfxDre_EthernetInputBufStatus;
 413:../Libraries/iLLD/TC4xx/Tricore/Dre/Std/IfxDre.h **** 
 414:../Libraries/iLLD/TC4xx/Tricore/Dre/Std/IfxDre.h **** /** \brief Configuration Structure of Ethernet Output Buffer
 415:../Libraries/iLLD/TC4xx/Tricore/Dre/Std/IfxDre.h ****  */
 416:../Libraries/iLLD/TC4xx/Tricore/Dre/Std/IfxDre.h **** typedef struct
 417:../Libraries/iLLD/TC4xx/Tricore/Dre/Std/IfxDre.h **** {
 418:../Libraries/iLLD/TC4xx/Tricore/Dre/Std/IfxDre.h ****     uint16               payloadLength;                /**< \brief ACF Payload Length in bytes. 0:B
 419:../Libraries/iLLD/TC4xx/Tricore/Dre/Std/IfxDre.h ****     IfxCan_DestinationId destinationId;                /**< \brief Only Ethernet IDs to be used. If
 420:../Libraries/iLLD/TC4xx/Tricore/Dre/Std/IfxDre.h ****     boolean              headerEnable;                 /**< \brief Enable(1)/Disable(0) Ethernet He
 421:../Libraries/iLLD/TC4xx/Tricore/Dre/Std/IfxDre.h ****     IfxDre_TriggerMode   triggerMode;                  /**< \brief Ethernet Frame Transmit Trigger 
 422:../Libraries/iLLD/TC4xx/Tricore/Dre/Std/IfxDre.h ****     uint16               macDestinationAddress0;       /**< \brief 16 bit Destination Address 0. Re
 423:../Libraries/iLLD/TC4xx/Tricore/Dre/Std/IfxDre.h ****     uint32               macDestinationAddress1;       /**< \brief 32 bit Destination Address 1. Re
 424:../Libraries/iLLD/TC4xx/Tricore/Dre/Std/IfxDre.h ****     uint32               macSourceAddress0;            /**< \brief 32 bit Source Address 0. Refer H
 425:../Libraries/iLLD/TC4xx/Tricore/Dre/Std/IfxDre.h ****     uint16               macSourceAddress1;            /**< \brief 16 bit Source Address 1. Refer H
 426:../Libraries/iLLD/TC4xx/Tricore/Dre/Std/IfxDre.h ****     uint16               tpId;                         /**< \brief 16 bit Tagged Protocol Identifie
 427:../Libraries/iLLD/TC4xx/Tricore/Dre/Std/IfxDre.h ****     uint16               vlanTag;                      /**< \brief 16 bit VLAN Tag. The VLAT tag co
 428:../Libraries/iLLD/TC4xx/Tricore/Dre/Std/IfxDre.h ****     uint16               avtpEtherType;                /**< \brief 16 bit AVTP EtherType. Range: 0x
 429:../Libraries/iLLD/TC4xx/Tricore/Dre/Std/IfxDre.h ****     boolean              isStreamIdValid;              /**< \brief Sets the validity of Stream ID f
 430:../Libraries/iLLD/TC4xx/Tricore/Dre/Std/IfxDre.h ****     uint8                ntscfSequenceNumber;          /**< \brief NTSCF Header Sequence Number. Ra
 431:../Libraries/iLLD/TC4xx/Tricore/Dre/Std/IfxDre.h ****     uint32               streamIdLower;                /**< \brief Lower 32-bits of 64-bit Stream I
 432:../Libraries/iLLD/TC4xx/Tricore/Dre/Std/IfxDre.h ****     uint32               streamIdHigher;               /**< \brief Higher 32-bits of 64-bit Stream 
 433:../Libraries/iLLD/TC4xx/Tricore/Dre/Std/IfxDre.h ****     uint16               bufferThreshold;              /**< \brief Threshold size of the EOBUF ACF 
 434:../Libraries/iLLD/TC4xx/Tricore/Dre/Std/IfxDre.h ****     uint8                triggerFillLevel;             /**< \brief Threshold for number of CAN fram
 435:../Libraries/iLLD/TC4xx/Tricore/Dre/Std/IfxDre.h ****     IfxDre_TimerConfig   timer;                        /**< \brief Timer Trigger Configuration */
 436:../Libraries/iLLD/TC4xx/Tricore/Dre/Std/IfxDre.h **** } IfxDre_EthernetOutputBufConfig;
 437:../Libraries/iLLD/TC4xx/Tricore/Dre/Std/IfxDre.h **** 
 438:../Libraries/iLLD/TC4xx/Tricore/Dre/Std/IfxDre.h **** /** \brief Interrupt configuration
 439:../Libraries/iLLD/TC4xx/Tricore/Dre/Std/IfxDre.h ****  */
 440:../Libraries/iLLD/TC4xx/Tricore/Dre/Std/IfxDre.h **** typedef struct
 441:../Libraries/iLLD/TC4xx/Tricore/Dre/Std/IfxDre.h **** {
 442:../Libraries/iLLD/TC4xx/Tricore/Dre/Std/IfxDre.h ****     boolean      enable;              /**< \brief Set as TRUE to configure the Interrupt Node. Rang
 443:../Libraries/iLLD/TC4xx/Tricore/Dre/Std/IfxDre.h ****     Ifx_Priority priority;            /**< \brief Priority of the interrupt */
 444:../Libraries/iLLD/TC4xx/Tricore/Dre/Std/IfxDre.h ****     IfxSrc_Tos   typeOfService;       /**< \brief Type of Service */
 445:../Libraries/iLLD/TC4xx/Tricore/Dre/Std/IfxDre.h ****     IfxSrc_VmId  vmId;                /**< \brief Virtual Machine Number */
 446:../Libraries/iLLD/TC4xx/Tricore/Dre/Std/IfxDre.h **** } IfxDre_InterruptConfig;
 447:../Libraries/iLLD/TC4xx/Tricore/Dre/Std/IfxDre.h **** 
 448:../Libraries/iLLD/TC4xx/Tricore/Dre/Std/IfxDre.h **** /** \brief EIBUF Error Interrupt Status (Interrupt Line 10)
 449:../Libraries/iLLD/TC4xx/Tricore/Dre/Std/IfxDre.h ****  */
 450:../Libraries/iLLD/TC4xx/Tricore/Dre/Std/IfxDre.h **** typedef struct
 451:../Libraries/iLLD/TC4xx/Tricore/Dre/Std/IfxDre.h **** {
 452:../Libraries/iLLD/TC4xx/Tricore/Dre/Std/IfxDre.h ****     uint32 EIBUF0_CFE : 1;           /**< \brief EIBUF0 CAN Format Error Status. Range: 1 if error 
 453:../Libraries/iLLD/TC4xx/Tricore/Dre/Std/IfxDre.h ****     uint32 EIBUF0_RFE : 1;           /**< \brief EIBUF0 Remote Format Error Status. Range: 1 if err
 454:../Libraries/iLLD/TC4xx/Tricore/Dre/Std/IfxDre.h ****     uint32 EIBUF0_FE : 1;            /**< \brief EIBUF0 Input Ethernet Frame Error Status. Range: 1
 455:../Libraries/iLLD/TC4xx/Tricore/Dre/Std/IfxDre.h ****     uint32 EIBUF0_IDID : 1;          /**< \brief EIBUF0 Invalid destination ID Status. Range: 1 if 
 456:../Libraries/iLLD/TC4xx/Tricore/Dre/Std/IfxDre.h ****     uint32 EIBUF0_WDTE : 1;          /**< \brief EIBUF0 Ethernet Watchdog Timeout Error Status. Ran
 457:../Libraries/iLLD/TC4xx/Tricore/Dre/Std/IfxDre.h ****     uint32 EIBUF0_RDESE : 1;         /**< \brief EIBUF0 Rx Descriptor Error Status. Range: 1 if err
 458:../Libraries/iLLD/TC4xx/Tricore/Dre/Std/IfxDre.h ****     uint32 EIBUF0_BF : 1;            /**< \brief EIBUF0 Buffer full Error Status. Range: 1 if error
 459:../Libraries/iLLD/TC4xx/Tricore/Dre/Std/IfxDre.h ****     uint32 EIBUF0_DERRTYP : 3;       /**< \brief EIBUF0 Descriptor error type. Range: 000b -> No Er
 460:../Libraries/iLLD/TC4xx/Tricore/Dre/Std/IfxDre.h ****                                                                                       100b -> PTR m
 461:../Libraries/iLLD/TC4xx/Tricore/Dre/Std/IfxDre.h ****     uint32 EIBUF1_CFE : 1;           /**< \brief EIBUF1 CAN Format Error Status. Range: 1 if error 
 462:../Libraries/iLLD/TC4xx/Tricore/Dre/Std/IfxDre.h ****     uint32 EIBUF1_RFE : 1;           /**< \brief EIBUF1 Remote Format Error Status. Range: 1 if err
 463:../Libraries/iLLD/TC4xx/Tricore/Dre/Std/IfxDre.h ****     uint32 EIBUF1_FE : 1;            /**< \brief EIBUF1 Input Ethernet Frame Error Status. Range: 1
 464:../Libraries/iLLD/TC4xx/Tricore/Dre/Std/IfxDre.h ****     uint32 EIBUF1_IDID : 1;          /**< \brief EIBUF1 Invalid destination ID Status. Range: 1 if 
 465:../Libraries/iLLD/TC4xx/Tricore/Dre/Std/IfxDre.h ****     uint32 EIBUF1_WDTE : 1;          /**< \brief EIBUF1 Ethernet Watchdog Timeout Error Status. Ran
 466:../Libraries/iLLD/TC4xx/Tricore/Dre/Std/IfxDre.h ****     uint32 EIBUF1_RDESE : 1;         /**< \brief EIBUF1 Rx Descriptor Error Status. Range: 1 if err
 467:../Libraries/iLLD/TC4xx/Tricore/Dre/Std/IfxDre.h ****     uint32 EIBUF1_BF : 1;            /**< \brief EIBUF1 Buffer full Error Status. Range: 1 if error
 468:../Libraries/iLLD/TC4xx/Tricore/Dre/Std/IfxDre.h ****     uint32 EIBUF1_DERRTYP : 3;       /**< \brief EIBUF1 Descriptor error type. Range: 000b -> No Er
 469:../Libraries/iLLD/TC4xx/Tricore/Dre/Std/IfxDre.h ****                                                                                       100b -> PTR m
 470:../Libraries/iLLD/TC4xx/Tricore/Dre/Std/IfxDre.h ****     uint32 EIBUF2_CFE : 1;           /**< \brief EIBUF2 CAN Format Error Status. Range: 1 if error 
 471:../Libraries/iLLD/TC4xx/Tricore/Dre/Std/IfxDre.h ****     uint32 EIBUF2_RFE : 1;           /**< \brief EIBUF2 Remote Format Error Status. Range: 1 if err
 472:../Libraries/iLLD/TC4xx/Tricore/Dre/Std/IfxDre.h ****     uint32 EIBUF2_FE : 1;            /**< \brief EIBUF2 Input Ethernet Frame Error Status. Range: 1
 473:../Libraries/iLLD/TC4xx/Tricore/Dre/Std/IfxDre.h ****     uint32 EIBUF2_IDID : 1;          /**< \brief EIBUF2 Invalid destination ID Status. Range: 1 if 
 474:../Libraries/iLLD/TC4xx/Tricore/Dre/Std/IfxDre.h ****     uint32 EIBUF2_WDTE : 1;          /**< \brief EIBUF2 Ethernet Watchdog Timeout Error Status. Ran
 475:../Libraries/iLLD/TC4xx/Tricore/Dre/Std/IfxDre.h ****     uint32 EIBUF2_RDESE : 1;         /**< \brief EIBUF2 Rx Descriptor Error Status. Range: 1 if err
 476:../Libraries/iLLD/TC4xx/Tricore/Dre/Std/IfxDre.h ****     uint32 EIBUF2_BF : 1;            /**< \brief EIBUF2 Buffer full Error Status. Range: 1 if error
 477:../Libraries/iLLD/TC4xx/Tricore/Dre/Std/IfxDre.h ****     uint32 EIBUF2_DERRTYP : 3;       /**< \brief EIBUF2 Descriptor error type. Range: 000b -> No Er
 478:../Libraries/iLLD/TC4xx/Tricore/Dre/Std/IfxDre.h ****                                                                                       100b -> PTR m
 479:../Libraries/iLLD/TC4xx/Tricore/Dre/Std/IfxDre.h ****     uint32 EIBUF3_CFE : 1;           /**< \brief EIBUF3 CAN Format Error Status. Range: 1 if error 
 480:../Libraries/iLLD/TC4xx/Tricore/Dre/Std/IfxDre.h ****     uint32 EIBUF3_RFE : 1;           /**< \brief EIBUF3 Remote Format Error Status. Range: 1 if err
 481:../Libraries/iLLD/TC4xx/Tricore/Dre/Std/IfxDre.h ****     uint32 EIBUF3_FE : 1;            /**< \brief EIBUF3 Input Ethernet Frame Error Status. Range: 1
 482:../Libraries/iLLD/TC4xx/Tricore/Dre/Std/IfxDre.h ****     uint32 EIBUF3_IDID : 1;          /**< \brief EIBUF3 Invalid destination ID Status. Range: 1 if 
 483:../Libraries/iLLD/TC4xx/Tricore/Dre/Std/IfxDre.h ****     uint32 EIBUF3_WDTE : 1;          /**< \brief EIBUF3 Ethernet Watchdog Timeout Error Status. Ran
 484:../Libraries/iLLD/TC4xx/Tricore/Dre/Std/IfxDre.h ****     uint32 EIBUF3_RDESE : 1;         /**< \brief EIBUF3 Rx Descriptor Error Status. Range: 1 if err
 485:../Libraries/iLLD/TC4xx/Tricore/Dre/Std/IfxDre.h ****     uint32 EIBUF3_BF : 1;            /**< \brief EIBUF3 Buffer full Error Status. Range: 1 if error
 486:../Libraries/iLLD/TC4xx/Tricore/Dre/Std/IfxDre.h ****     uint32 EIBUF3_DERRTYP : 3;       /**< \brief EIBUF3 Descriptor error type. Range: 000b -> No Er
 487:../Libraries/iLLD/TC4xx/Tricore/Dre/Std/IfxDre.h ****                                                                                       100b -> PTR m
 488:../Libraries/iLLD/TC4xx/Tricore/Dre/Std/IfxDre.h ****     uint32 EIBUF4_CFE : 1;           /**< \brief EIBUF4 CAN Format Error Status. Range: 1 if error 
 489:../Libraries/iLLD/TC4xx/Tricore/Dre/Std/IfxDre.h ****     uint32 EIBUF4_RFE : 1;           /**< \brief EIBUF4 Remote Format Error Status. Range: 1 if err
 490:../Libraries/iLLD/TC4xx/Tricore/Dre/Std/IfxDre.h ****     uint32 EIBUF4_FE : 1;            /**< \brief EIBUF4 Input Ethernet Frame Error Status. Range: 1
 491:../Libraries/iLLD/TC4xx/Tricore/Dre/Std/IfxDre.h ****     uint32 EIBUF4_IDID : 1;          /**< \brief EIBUF4 Invalid destination ID Status. Range: 1 if 
 492:../Libraries/iLLD/TC4xx/Tricore/Dre/Std/IfxDre.h ****     uint32 EIBUF4_WDTE : 1;          /**< \brief EIBUF4 Ethernet Watchdog Timeout Error Status. Ran
 493:../Libraries/iLLD/TC4xx/Tricore/Dre/Std/IfxDre.h ****     uint32 EIBUF4_RDESE : 1;         /**< \brief EIBUF4 Rx Descriptor Error Status. Range: 1 if err
 494:../Libraries/iLLD/TC4xx/Tricore/Dre/Std/IfxDre.h ****     uint32 EIBUF4_BF : 1;            /**< \brief EIBUF4 Buffer full Error Status. Range: 1 if error
 495:../Libraries/iLLD/TC4xx/Tricore/Dre/Std/IfxDre.h ****     uint32 EIBUF4_DERRTYP : 3;       /**< \brief EIBUF4 Descriptor error type. Range: 000b -> No Er
 496:../Libraries/iLLD/TC4xx/Tricore/Dre/Std/IfxDre.h ****                                                                                       100b -> PTR m
 497:../Libraries/iLLD/TC4xx/Tricore/Dre/Std/IfxDre.h ****     uint32 EIBUF5_CFE : 1;           /**< \brief EIBUF5 CAN Format Error Status. Range: 1 if error 
 498:../Libraries/iLLD/TC4xx/Tricore/Dre/Std/IfxDre.h ****     uint32 EIBUF5_RFE : 1;           /**< \brief EIBUF5 Remote Format Error Status. Range: 1 if err
 499:../Libraries/iLLD/TC4xx/Tricore/Dre/Std/IfxDre.h ****     uint32 EIBUF5_FE : 1;            /**< \brief EIBUF5 Input Ethernet Frame Error Status. Range: 1
 500:../Libraries/iLLD/TC4xx/Tricore/Dre/Std/IfxDre.h ****     uint32 EIBUF5_IDID : 1;          /**< \brief EIBUF5 Invalid destination ID Status. Range: 1 if 
 501:../Libraries/iLLD/TC4xx/Tricore/Dre/Std/IfxDre.h ****     uint32 EIBUF5_WDTE : 1;          /**< \brief EIBUF5 Ethernet Watchdog Timeout Error Status. Ran
 502:../Libraries/iLLD/TC4xx/Tricore/Dre/Std/IfxDre.h ****     uint32 EIBUF5_RDESE : 1;         /**< \brief EIBUF5 Rx Descriptor Error Status. Range: 1 if err
 503:../Libraries/iLLD/TC4xx/Tricore/Dre/Std/IfxDre.h ****     uint32 EIBUF5_BF : 1;            /**< \brief EIBUF5 Buffer full Error Status. Range: 1 if error
 504:../Libraries/iLLD/TC4xx/Tricore/Dre/Std/IfxDre.h ****     uint32 EIBUF5_DERRTYP : 3;       /**< \brief EIBUF5 Descriptor error type. Range: 000b -> No Er
 505:../Libraries/iLLD/TC4xx/Tricore/Dre/Std/IfxDre.h ****                                                                                       100b -> PTR m
 506:../Libraries/iLLD/TC4xx/Tricore/Dre/Std/IfxDre.h **** } IfxDre_Interrupt_Line10_Status;
 507:../Libraries/iLLD/TC4xx/Tricore/Dre/Std/IfxDre.h **** 
 508:../Libraries/iLLD/TC4xx/Tricore/Dre/Std/IfxDre.h **** /** \brief Ethernet Frame Receive Request Interrupt Status (Interrupt Line 11)
 509:../Libraries/iLLD/TC4xx/Tricore/Dre/Std/IfxDre.h ****  */
 510:../Libraries/iLLD/TC4xx/Tricore/Dre/Std/IfxDre.h **** typedef struct
 511:../Libraries/iLLD/TC4xx/Tricore/Dre/Std/IfxDre.h **** {
 512:../Libraries/iLLD/TC4xx/Tricore/Dre/Std/IfxDre.h ****     uint32 EIBUF0_RXREQ : 1;       /**< \brief EIBUF0 Ethernet receive request. Range: 1 if a frame
 513:../Libraries/iLLD/TC4xx/Tricore/Dre/Std/IfxDre.h ****     uint32 EIBUF1_RXREQ : 1;       /**< \brief EIBUF1 Ethernet receive request. Range: 1 if a frame
 514:../Libraries/iLLD/TC4xx/Tricore/Dre/Std/IfxDre.h ****     uint32 EIBUF2_RXREQ : 1;       /**< \brief EIBUF2 Ethernet receive request. Range: 1 if a frame
 515:../Libraries/iLLD/TC4xx/Tricore/Dre/Std/IfxDre.h ****     uint32 EIBUF3_RXREQ : 1;       /**< \brief EIBUF3 Ethernet receive request. Range: 1 if a frame
 516:../Libraries/iLLD/TC4xx/Tricore/Dre/Std/IfxDre.h ****     uint32 EIBUF4_RXREQ : 1;       /**< \brief EIBUF4 Ethernet receive request. Range: 1 if a frame
 517:../Libraries/iLLD/TC4xx/Tricore/Dre/Std/IfxDre.h ****     uint32 EIBUF5_RXREQ : 1;       /**< \brief EIBUF5 Ethernet receive request. Range: 1 if a frame
 518:../Libraries/iLLD/TC4xx/Tricore/Dre/Std/IfxDre.h **** } IfxDre_Interrupt_Line11_Status;
 519:../Libraries/iLLD/TC4xx/Tricore/Dre/Std/IfxDre.h **** 
 520:../Libraries/iLLD/TC4xx/Tricore/Dre/Std/IfxDre.h **** /** \brief Routing Table Error Interrupt Status (Interrupt Line 12)
 521:../Libraries/iLLD/TC4xx/Tricore/Dre/Std/IfxDre.h ****  */
 522:../Libraries/iLLD/TC4xx/Tricore/Dre/Std/IfxDre.h **** typedef struct
 523:../Libraries/iLLD/TC4xx/Tricore/Dre/Std/IfxDre.h **** {
 524:../Libraries/iLLD/TC4xx/Tricore/Dre/Std/IfxDre.h ****     uint32 RS_IRT : 1;        /**< \brief In-Valid Routing Table Status. Range: 1 if Invalid, 0 oth
 525:../Libraries/iLLD/TC4xx/Tricore/Dre/Std/IfxDre.h ****     uint32 RS_NMFE : 1;       /**< \brief Non-Matching Filter Element Error Status. Range: 1 if no 
 526:../Libraries/iLLD/TC4xx/Tricore/Dre/Std/IfxDre.h **** } IfxDre_Interrupt_Line12_Status;
 527:../Libraries/iLLD/TC4xx/Tricore/Dre/Std/IfxDre.h **** 
 528:../Libraries/iLLD/TC4xx/Tricore/Dre/Std/IfxDre.h **** /** \brief ME Routing Transaction Lost interrupt Status (Interrupt Line 13)
 529:../Libraries/iLLD/TC4xx/Tricore/Dre/Std/IfxDre.h ****  */
 530:../Libraries/iLLD/TC4xx/Tricore/Dre/Std/IfxDre.h **** typedef struct
 531:../Libraries/iLLD/TC4xx/Tricore/Dre/Std/IfxDre.h **** {
 532:../Libraries/iLLD/TC4xx/Tricore/Dre/Std/IfxDre.h ****     uint32  SPBBE : 1;       /**< \brief SPB Bus Transaction Error Status. Range: 1 if error occurr
 533:../Libraries/iLLD/TC4xx/Tricore/Dre/Std/IfxDre.h ****     uint32  SRIBE : 1;       /**< \brief SRI Bus Error Status. Range: 1 if error occurred, 0 otherw
 534:../Libraries/iLLD/TC4xx/Tricore/Dre/Std/IfxDre.h ****     uint32  DBOE : 1;        /**< \brief Destination Buffer Overflow Error Status. Range: 1 if erro
 535:../Libraries/iLLD/TC4xx/Tricore/Dre/Std/IfxDre.h ****     uint32  IRDE : 1;        /**< \brief Invalid Routing Destination Error Status. Range: 1 if erro
 536:../Libraries/iLLD/TC4xx/Tricore/Dre/Std/IfxDre.h ****     uint32  FEC : 3;         /**< \brief First Error Code. Range: 000b -> No error, 001b -> IRDE, 0
 537:../Libraries/iLLD/TC4xx/Tricore/Dre/Std/IfxDre.h ****     uint8   FESID;           /**< \brief First Error Source ID. Range: 111100b when a bus transacti
 538:../Libraries/iLLD/TC4xx/Tricore/Dre/Std/IfxDre.h ****                                                                        111101b when a bus transacti
 539:../Libraries/iLLD/TC4xx/Tricore/Dre/Std/IfxDre.h ****                                                                        b111110 when a bus transacti
 540:../Libraries/iLLD/TC4xx/Tricore/Dre/Std/IfxDre.h ****     uint8   FEDID;           /**< \brief First Error Destination ID. Range: 111111b when a bus tran
 541:../Libraries/iLLD/TC4xx/Tricore/Dre/Std/IfxDre.h ****      	 	 	 	 	 	 	 	 	 	 	 	 	 	                111100b when a bus transaction error occurs during 
 542:../Libraries/iLLD/TC4xx/Tricore/Dre/Std/IfxDre.h ****      	 	 	 	 	 	 	 	 	 	 	 	 	 	                111101b when a bus transaction error occurs during 
 543:../Libraries/iLLD/TC4xx/Tricore/Dre/Std/IfxDre.h ****      	 	 	 	 	 	 	 	 	 	 	 	 	 	                111110b when a bus transaction error occurs during 
 544:../Libraries/iLLD/TC4xx/Tricore/Dre/Std/IfxDre.h ****     boolean FEDIR;           /**< \brief First Error Direction. Range: 0 if access error was for re
 545:../Libraries/iLLD/TC4xx/Tricore/Dre/Std/IfxDre.h **** } IfxDre_Interrupt_Line13_Status;
 546:../Libraries/iLLD/TC4xx/Tricore/Dre/Std/IfxDre.h **** 
 547:../Libraries/iLLD/TC4xx/Tricore/Dre/Std/IfxDre.h **** /** \brief EOBUF Frame Error Interrupt Status (Interrupt Line 14)
 548:../Libraries/iLLD/TC4xx/Tricore/Dre/Std/IfxDre.h ****  */
 549:../Libraries/iLLD/TC4xx/Tricore/Dre/Std/IfxDre.h **** typedef struct
 550:../Libraries/iLLD/TC4xx/Tricore/Dre/Std/IfxDre.h **** {
 551:../Libraries/iLLD/TC4xx/Tricore/Dre/Std/IfxDre.h ****     uint32 EOBUF0_BF : 1;            /**< \brief EOBUF0 Buffer Full. Range: 1 if error occurred, 0 
 552:../Libraries/iLLD/TC4xx/Tricore/Dre/Std/IfxDre.h ****     uint32 EOBUF0_WDTE : 1;          /**< \brief EOBUF0 Ethernet watchdog timeout error. Range: 1 i
 553:../Libraries/iLLD/TC4xx/Tricore/Dre/Std/IfxDre.h ****     uint32 EOBUF0_TDESE : 1;         /**< \brief EOBUF0 Tx descriptor error. Range: 1 if error occu
 554:../Libraries/iLLD/TC4xx/Tricore/Dre/Std/IfxDre.h ****     uint32 EOBUF0_DERRTYP : 3;       /**< \brief EIBUF0 Descriptor error type. Range: 000b -> No Er
 555:../Libraries/iLLD/TC4xx/Tricore/Dre/Std/IfxDre.h ****                                                                                       100b -> PTR m
 556:../Libraries/iLLD/TC4xx/Tricore/Dre/Std/IfxDre.h ****     uint32 EOBUF1_BF : 1;            /**< \brief EOBUF1 Buffer Full. Range: 1 if error occurred, 0 
 557:../Libraries/iLLD/TC4xx/Tricore/Dre/Std/IfxDre.h ****     uint32 EOBUF1_WDTE : 1;          /**< \brief EOBUF1 Ethernet watchdog timeout error. Range: 1 i
 558:../Libraries/iLLD/TC4xx/Tricore/Dre/Std/IfxDre.h ****     uint32 EOBUF1_TDESE : 1;         /**< \brief EOBUF1 Tx descriptor error. Range: 1 if error occu
 559:../Libraries/iLLD/TC4xx/Tricore/Dre/Std/IfxDre.h ****     uint32 EOBUF1_DERRTYP : 3;       /**< \brief EIBUF1 Descriptor error type. Range: 000b -> No Er
 560:../Libraries/iLLD/TC4xx/Tricore/Dre/Std/IfxDre.h ****                                                                                       100b -> PTR m
 561:../Libraries/iLLD/TC4xx/Tricore/Dre/Std/IfxDre.h ****     uint32 EOBUF2_BF : 1;            /**< \brief EOBUF2 Buffer Full. Range: 1 if error occurred, 0 
 562:../Libraries/iLLD/TC4xx/Tricore/Dre/Std/IfxDre.h ****     uint32 EOBUF2_WDTE : 1;          /**< \brief EOBUF2 Ethernet watchdog timeout error. Range: 1 i
 563:../Libraries/iLLD/TC4xx/Tricore/Dre/Std/IfxDre.h ****     uint32 EOBUF2_TDESE : 1;         /**< \brief EOBUF2 Tx descriptor error. Range: 1 if error occu
 564:../Libraries/iLLD/TC4xx/Tricore/Dre/Std/IfxDre.h ****     uint32 EOBUF2_DERRTYP : 3;       /**< \brief EIBUF2 Descriptor error type. Range: 000b -> No Er
 565:../Libraries/iLLD/TC4xx/Tricore/Dre/Std/IfxDre.h ****                                                                                       100b -> PTR m
 566:../Libraries/iLLD/TC4xx/Tricore/Dre/Std/IfxDre.h ****     uint32 EOBUF3_BF : 1;            /**< \brief EOBUF3 Buffer Full. Range: 1 if error occurred, 0 
 567:../Libraries/iLLD/TC4xx/Tricore/Dre/Std/IfxDre.h ****     uint32 EOBUF3_WDTE : 1;          /**< \brief EOBUF3 Ethernet watchdog timeout error. Range: 1 i
 568:../Libraries/iLLD/TC4xx/Tricore/Dre/Std/IfxDre.h ****     uint32 EOBUF3_TDESE : 1;         /**< \brief EOBUF3 Tx descriptor error. Range: 1 if error occu
 569:../Libraries/iLLD/TC4xx/Tricore/Dre/Std/IfxDre.h ****     uint32 EOBUF3_DERRTYP : 3;       /**< \brief EIBUF3 Descriptor error type. Range: 000b -> No Er
 570:../Libraries/iLLD/TC4xx/Tricore/Dre/Std/IfxDre.h ****                                                                                       100b -> PTR m
 571:../Libraries/iLLD/TC4xx/Tricore/Dre/Std/IfxDre.h ****     uint32 EOBUF4_BF : 1;            /**< \brief EOBUF4 Buffer Full. Range: 1 if error occurred, 0 
 572:../Libraries/iLLD/TC4xx/Tricore/Dre/Std/IfxDre.h ****     uint32 EOBUF4_WDTE : 1;          /**< \brief EOBUF4 Ethernet watchdog timeout error. Range: 1 i
 573:../Libraries/iLLD/TC4xx/Tricore/Dre/Std/IfxDre.h ****     uint32 EOBUF4_TDESE : 1;         /**< \brief EOBUF4 Tx descriptor error. Range: 1 if error occu
 574:../Libraries/iLLD/TC4xx/Tricore/Dre/Std/IfxDre.h ****     uint32 EOBUF4_DERRTYP : 3;       /**< \brief EIBUF4 Descriptor error type. Range: 000b -> No Er
 575:../Libraries/iLLD/TC4xx/Tricore/Dre/Std/IfxDre.h ****                                                                                       100b -> PTR m
 576:../Libraries/iLLD/TC4xx/Tricore/Dre/Std/IfxDre.h ****     uint32 EOBUF5_BF : 1;            /**< \brief EOBUF5 Buffer Full. Range: 1 if error occurred, 0 
 577:../Libraries/iLLD/TC4xx/Tricore/Dre/Std/IfxDre.h ****     uint32 EOBUF5_WDTE : 1;          /**< \brief EOBUF5 Ethernet watchdog timeout error. Range: 1 i
 578:../Libraries/iLLD/TC4xx/Tricore/Dre/Std/IfxDre.h ****     uint32 EOBUF5_TDESE : 1;         /**< \brief EOBUF5 Tx descriptor error. Range: 1 if error occu
 579:../Libraries/iLLD/TC4xx/Tricore/Dre/Std/IfxDre.h ****     uint32 EOBUF5_DERRTYP : 3;       /**< \brief EIBUF5 Descriptor error type. Range: 000b -> No Er
 580:../Libraries/iLLD/TC4xx/Tricore/Dre/Std/IfxDre.h ****                                                                                       100b -> PTR m
 581:../Libraries/iLLD/TC4xx/Tricore/Dre/Std/IfxDre.h **** } IfxDre_Interrupt_Line14_Status;
 582:../Libraries/iLLD/TC4xx/Tricore/Dre/Std/IfxDre.h **** 
 583:../Libraries/iLLD/TC4xx/Tricore/Dre/Std/IfxDre.h **** /** \brief EOBUF Transmit Request Interrupt Status (Interrupt Line 15)
 584:../Libraries/iLLD/TC4xx/Tricore/Dre/Std/IfxDre.h ****  */
 585:../Libraries/iLLD/TC4xx/Tricore/Dre/Std/IfxDre.h **** typedef struct
 586:../Libraries/iLLD/TC4xx/Tricore/Dre/Std/IfxDre.h **** {
 587:../Libraries/iLLD/TC4xx/Tricore/Dre/Std/IfxDre.h ****     uint32 EOBUF0_TXREQ : 1;       /**< \brief EOBUF0 Ethernet transmit request. Range: 1 if valid 
 588:../Libraries/iLLD/TC4xx/Tricore/Dre/Std/IfxDre.h ****     uint32 EOBUF1_TXREQ : 1;       /**< \brief EOBUF1 Ethernet transmit request. Range: 1 if valid 
 589:../Libraries/iLLD/TC4xx/Tricore/Dre/Std/IfxDre.h ****     uint32 EOBUF2_TXREQ : 1;       /**< \brief EOBUF2 Ethernet transmit request. Range: 1 if valid 
 590:../Libraries/iLLD/TC4xx/Tricore/Dre/Std/IfxDre.h ****     uint32 EOBUF3_TXREQ : 1;       /**< \brief EOBUF3 Ethernet transmit request. Range: 1 if valid 
 591:../Libraries/iLLD/TC4xx/Tricore/Dre/Std/IfxDre.h ****     uint32 EOBUF4_TXREQ : 1;       /**< \brief EOBUF4 Ethernet transmit request. Range: 1 if valid 
 592:../Libraries/iLLD/TC4xx/Tricore/Dre/Std/IfxDre.h ****     uint32 EOBUF5_TXREQ : 1;       /**< \brief EOBUF5 Ethernet transmit request. Range: 1 if valid 
 593:../Libraries/iLLD/TC4xx/Tricore/Dre/Std/IfxDre.h **** } IfxDre_Interrupt_Line15_Status;
 594:../Libraries/iLLD/TC4xx/Tricore/Dre/Std/IfxDre.h **** 
 595:../Libraries/iLLD/TC4xx/Tricore/Dre/Std/IfxDre.h **** /** \brief CAN Input Buffer List Interrupt Status (Interrupt Line 8)
 596:../Libraries/iLLD/TC4xx/Tricore/Dre/Std/IfxDre.h ****  */
 597:../Libraries/iLLD/TC4xx/Tricore/Dre/Std/IfxDre.h **** typedef struct
 598:../Libraries/iLLD/TC4xx/Tricore/Dre/Std/IfxDre.h **** {
 599:../Libraries/iLLD/TC4xx/Tricore/Dre/Std/IfxDre.h ****     uint32 CIBL_BF : 1;         /**< \brief CIBL Buffer Full Status. Range: 0 if Free buffers avail
 600:../Libraries/iLLD/TC4xx/Tricore/Dre/Std/IfxDre.h ****     uint32 CIBL_CRCE : 1;       /**< \brief CIBL CRC error Status. Range: 1 if  CRC mismatch, 0 oth
 601:../Libraries/iLLD/TC4xx/Tricore/Dre/Std/IfxDre.h ****     uint32 CIBL_WDTE : 1;       /**< \brief CIBL Watchdog timeout error Status. Range 1 if  CAN Wat
 602:../Libraries/iLLD/TC4xx/Tricore/Dre/Std/IfxDre.h **** } IfxDre_Interrupt_Line8_Status;
 603:../Libraries/iLLD/TC4xx/Tricore/Dre/Std/IfxDre.h **** 
 604:../Libraries/iLLD/TC4xx/Tricore/Dre/Std/IfxDre.h **** /** \brief CAN Output Buffer List Interrupt Status (Interrupt Line 9)
 605:../Libraries/iLLD/TC4xx/Tricore/Dre/Std/IfxDre.h ****  */
 606:../Libraries/iLLD/TC4xx/Tricore/Dre/Std/IfxDre.h **** typedef struct
 607:../Libraries/iLLD/TC4xx/Tricore/Dre/Std/IfxDre.h **** {
 608:../Libraries/iLLD/TC4xx/Tricore/Dre/Std/IfxDre.h ****     uint32 COBL_BF : 1;         /**< \brief COBL Buffer Full Status. Range: 0 if Free buffers avail
 609:../Libraries/iLLD/TC4xx/Tricore/Dre/Std/IfxDre.h ****     uint32 COBL_WDTE : 1;       /**< \brief COBL Watchdog timeout error Status. Range 1 if  CAN Wat
 610:../Libraries/iLLD/TC4xx/Tricore/Dre/Std/IfxDre.h **** } IfxDre_Interrupt_Line9_Status;
 611:../Libraries/iLLD/TC4xx/Tricore/Dre/Std/IfxDre.h **** 
 612:../Libraries/iLLD/TC4xx/Tricore/Dre/Std/IfxDre.h **** /** \brief Configuration Structure for Destination Memory
 613:../Libraries/iLLD/TC4xx/Tricore/Dre/Std/IfxDre.h ****  */
 614:../Libraries/iLLD/TC4xx/Tricore/Dre/Std/IfxDre.h **** typedef struct
 615:../Libraries/iLLD/TC4xx/Tricore/Dre/Std/IfxDre.h **** {
 616:../Libraries/iLLD/TC4xx/Tricore/Dre/Std/IfxDre.h ****     boolean                  enable;                       /**< \brief Configure the corresponding 
 617:../Libraries/iLLD/TC4xx/Tricore/Dre/Std/IfxDre.h ****     uint8                    resourcePartitionIndex;       /**< \brief The RP allocated to memory d
 618:../Libraries/iLLD/TC4xx/Tricore/Dre/Std/IfxDre.h ****     boolean                  addressIncrement;             /**< \brief Specifies whether the addres
 619:../Libraries/iLLD/TC4xx/Tricore/Dre/Std/IfxDre.h ****     boolean                  appendStatus;                 /**< \brief Enables/disables the append 
 620:../Libraries/iLLD/TC4xx/Tricore/Dre/Std/IfxDre.h ****     boolean                  appendTiming;                 /**< \brief Enables/disables the append 
 621:../Libraries/iLLD/TC4xx/Tricore/Dre/Std/IfxDre.h ****     IfxDre_DMemInterruptLine interruptNodePointer;         /**< \brief Interrupt line to be trigger
 622:../Libraries/iLLD/TC4xx/Tricore/Dre/Std/IfxDre.h ****     uint8                    offsetAddress;                /**< \brief 64 bit aligned offset addres
 623:../Libraries/iLLD/TC4xx/Tricore/Dre/Std/IfxDre.h ****     IfxDre_DMemPduMode       pduMode;                      /**< \brief Destination Memory Pdu Mode 
 624:../Libraries/iLLD/TC4xx/Tricore/Dre/Std/IfxDre.h ****     IfxDre_DMemTriggerMode   triggerMode;                  /**< \brief Destination Memory Trigger M
 625:../Libraries/iLLD/TC4xx/Tricore/Dre/Std/IfxDre.h ****     IfxDre_DMemBufferMode    bufferMode;                   /**< \brief Destination Memory Buffer Mo
 626:../Libraries/iLLD/TC4xx/Tricore/Dre/Std/IfxDre.h ****     IfxDre_DMemMessageType   messageType;                  /**< \brief Type of CAN message */
 627:../Libraries/iLLD/TC4xx/Tricore/Dre/Std/IfxDre.h ****     IfxDre_DMemOverflowMode  overflowMode;                 /**< \brief Type of CAN message */
 628:../Libraries/iLLD/TC4xx/Tricore/Dre/Std/IfxDre.h **** } IfxDre_MemoryConfig;
 629:../Libraries/iLLD/TC4xx/Tricore/Dre/Std/IfxDre.h **** 
 630:../Libraries/iLLD/TC4xx/Tricore/Dre/Std/IfxDre.h **** /** \brief Routing Table Configurations. Refer to RT[i].SA and RT[i].CONFIG.
 631:../Libraries/iLLD/TC4xx/Tricore/Dre/Std/IfxDre.h ****  */
 632:../Libraries/iLLD/TC4xx/Tricore/Dre/Std/IfxDre.h **** typedef struct
 633:../Libraries/iLLD/TC4xx/Tricore/Dre/Std/IfxDre.h **** {
 634:../Libraries/iLLD/TC4xx/Tricore/Dre/Std/IfxDre.h ****     uint8 size;       /**< \brief Number of Routing Rules. Range: 0 to 128, 0:Disabled, 128: Max */
 635:../Libraries/iLLD/TC4xx/Tricore/Dre/Std/IfxDre.h **** } IfxDre_RoutingTableConfig;
 636:../Libraries/iLLD/TC4xx/Tricore/Dre/Std/IfxDre.h **** 
 637:../Libraries/iLLD/TC4xx/Tricore/Dre/Std/IfxDre.h **** /** \brief Configuration Structure for Stream ID Filter
 638:../Libraries/iLLD/TC4xx/Tricore/Dre/Std/IfxDre.h ****  */
 639:../Libraries/iLLD/TC4xx/Tricore/Dre/Std/IfxDre.h **** typedef struct
 640:../Libraries/iLLD/TC4xx/Tricore/Dre/Std/IfxDre.h **** {
 641:../Libraries/iLLD/TC4xx/Tricore/Dre/Std/IfxDre.h ****     boolean                 enable;                  /**< \brief Enable/disable the filter. Range: 
 642:../Libraries/iLLD/TC4xx/Tricore/Dre/Std/IfxDre.h ****     IfxDre_StreamFilterMode mode;                    /**< \brief Stream ID Filter Mode */
 643:../Libraries/iLLD/TC4xx/Tricore/Dre/Std/IfxDre.h ****     uint8                   routingTableIndex;       /**< \brief Index of the Routing Table to be u
 644:../Libraries/iLLD/TC4xx/Tricore/Dre/Std/IfxDre.h ****     uint32                  filter1LowerId;          /**< \brief Lower 32 bit of Stream ID Filter 1
 645:../Libraries/iLLD/TC4xx/Tricore/Dre/Std/IfxDre.h ****     uint32                  filter1HigherId;         /**< \brief Higher 32 bit of Stream ID Filter 
 646:../Libraries/iLLD/TC4xx/Tricore/Dre/Std/IfxDre.h ****     uint32                  filter2LowerId;          /**< \brief Lower 32 bit of Stream ID Filter 2
 647:../Libraries/iLLD/TC4xx/Tricore/Dre/Std/IfxDre.h ****     uint32                  filter2HigherId;         /**< \brief Higher 32 bit of Stream ID Filter 
 648:../Libraries/iLLD/TC4xx/Tricore/Dre/Std/IfxDre.h **** } IfxDre_StreamIdConfig;
 649:../Libraries/iLLD/TC4xx/Tricore/Dre/Std/IfxDre.h **** 
 650:../Libraries/iLLD/TC4xx/Tricore/Dre/Std/IfxDre.h **** /** \brief Watchdog configuration
 651:../Libraries/iLLD/TC4xx/Tricore/Dre/Std/IfxDre.h ****  */
 652:../Libraries/iLLD/TC4xx/Tricore/Dre/Std/IfxDre.h **** typedef struct
 653:../Libraries/iLLD/TC4xx/Tricore/Dre/Std/IfxDre.h **** {
 654:../Libraries/iLLD/TC4xx/Tricore/Dre/Std/IfxDre.h ****     boolean enable;                /**< \brief 1:Enables / 0:Disables watchdog */
 655:../Libraries/iLLD/TC4xx/Tricore/Dre/Std/IfxDre.h ****     boolean interruptEnable;       /**< \brief 1:Enables / 0:Disables the generation of interrupt w
 656:../Libraries/iLLD/TC4xx/Tricore/Dre/Std/IfxDre.h ****     uint16  timeoutValue;          /**< \brief Timeout prescaler of the fSRI clock. Range: 0 to 0xF
 657:../Libraries/iLLD/TC4xx/Tricore/Dre/Std/IfxDre.h **** #if defined(DEVICE_TC4EX) || defined(DEVICE_TC4ZX) || defined(DEVICE_TC4PX) || defined(DEVICE_TC48X
 658:../Libraries/iLLD/TC4xx/Tricore/Dre/Std/IfxDre.h ****     boolean multicastWaitWriteback; /**< \brief When this bitfield is set, DRE disables the preempt
 659:../Libraries/iLLD/TC4xx/Tricore/Dre/Std/IfxDre.h **** #endif /* #if defined(DEVICE_TC4EX) || defined(DEVICE_TC4ZX) || defined(DEVICE_TC4PX) || defined(DE
 660:../Libraries/iLLD/TC4xx/Tricore/Dre/Std/IfxDre.h **** } IfxDre_WatchDogConfig;
 661:../Libraries/iLLD/TC4xx/Tricore/Dre/Std/IfxDre.h **** 
 662:../Libraries/iLLD/TC4xx/Tricore/Dre/Std/IfxDre.h **** /** \} */
 663:../Libraries/iLLD/TC4xx/Tricore/Dre/Std/IfxDre.h **** 
 664:../Libraries/iLLD/TC4xx/Tricore/Dre/Std/IfxDre.h **** /** \addtogroup IfxLld_Dre_Std_Data_Structures
 665:../Libraries/iLLD/TC4xx/Tricore/Dre/Std/IfxDre.h ****  * \{ */
 666:../Libraries/iLLD/TC4xx/Tricore/Dre/Std/IfxDre.h **** 
 667:../Libraries/iLLD/TC4xx/Tricore/Dre/Std/IfxDre.h **** /******************************************************************************/
 668:../Libraries/iLLD/TC4xx/Tricore/Dre/Std/IfxDre.h **** /*-------------------------Inline Function Prototypes-------------------------*/
 669:../Libraries/iLLD/TC4xx/Tricore/Dre/Std/IfxDre.h **** /******************************************************************************/
 670:../Libraries/iLLD/TC4xx/Tricore/Dre/Std/IfxDre.h **** 
 671:../Libraries/iLLD/TC4xx/Tricore/Dre/Std/IfxDre.h **** /** \brief Returns the status of module (enabled or disabled)
 672:../Libraries/iLLD/TC4xx/Tricore/Dre/Std/IfxDre.h ****  *
 673:../Libraries/iLLD/TC4xx/Tricore/Dre/Std/IfxDre.h ****  * \param[in] dre Specifies the pointer to the DRE registers
 674:../Libraries/iLLD/TC4xx/Tricore/Dre/Std/IfxDre.h ****  *
 675:../Libraries/iLLD/TC4xx/Tricore/Dre/Std/IfxDre.h ****  * \retval Status TRUE: Enabled / FALSE: Disabled
 676:../Libraries/iLLD/TC4xx/Tricore/Dre/Std/IfxDre.h ****  */
 677:../Libraries/iLLD/TC4xx/Tricore/Dre/Std/IfxDre.h **** IFX_INLINE boolean IfxDre_isModuleEnabled(Ifx_DRE *dre);
 678:../Libraries/iLLD/TC4xx/Tricore/Dre/Std/IfxDre.h **** 
 679:../Libraries/iLLD/TC4xx/Tricore/Dre/Std/IfxDre.h **** /** \} */
 680:../Libraries/iLLD/TC4xx/Tricore/Dre/Std/IfxDre.h **** 
 681:../Libraries/iLLD/TC4xx/Tricore/Dre/Std/IfxDre.h **** /** \addtogroup IfxLld_Dre_Std_Functions
 682:../Libraries/iLLD/TC4xx/Tricore/Dre/Std/IfxDre.h ****  * \{ */
 683:../Libraries/iLLD/TC4xx/Tricore/Dre/Std/IfxDre.h **** 
 684:../Libraries/iLLD/TC4xx/Tricore/Dre/Std/IfxDre.h **** /******************************************************************************/
 685:../Libraries/iLLD/TC4xx/Tricore/Dre/Std/IfxDre.h **** /*-------------------------Global Function Prototypes-------------------------*/
 686:../Libraries/iLLD/TC4xx/Tricore/Dre/Std/IfxDre.h **** /******************************************************************************/
 687:../Libraries/iLLD/TC4xx/Tricore/Dre/Std/IfxDre.h **** 
 688:../Libraries/iLLD/TC4xx/Tricore/Dre/Std/IfxDre.h **** /** \brief Resets DRE kernel
 689:../Libraries/iLLD/TC4xx/Tricore/Dre/Std/IfxDre.h ****  *
 690:../Libraries/iLLD/TC4xx/Tricore/Dre/Std/IfxDre.h ****  * \param[inout] dre Specifies the pointer to the DRE registers
 691:../Libraries/iLLD/TC4xx/Tricore/Dre/Std/IfxDre.h ****  *
 692:../Libraries/iLLD/TC4xx/Tricore/Dre/Std/IfxDre.h ****  * \retval None
 693:../Libraries/iLLD/TC4xx/Tricore/Dre/Std/IfxDre.h ****  */
 694:../Libraries/iLLD/TC4xx/Tricore/Dre/Std/IfxDre.h **** IFX_EXTERN void IfxDre_resetModule(Ifx_DRE *dre);
 695:../Libraries/iLLD/TC4xx/Tricore/Dre/Std/IfxDre.h **** 
 696:../Libraries/iLLD/TC4xx/Tricore/Dre/Std/IfxDre.h **** /** \brief Disables the module (sets the disable request)
 697:../Libraries/iLLD/TC4xx/Tricore/Dre/Std/IfxDre.h ****  *
 698:../Libraries/iLLD/TC4xx/Tricore/Dre/Std/IfxDre.h ****  * \param[inout] dre Specifies the pointer to the DRE registers
 699:../Libraries/iLLD/TC4xx/Tricore/Dre/Std/IfxDre.h ****  *
 700:../Libraries/iLLD/TC4xx/Tricore/Dre/Std/IfxDre.h ****  * \retval None
 701:../Libraries/iLLD/TC4xx/Tricore/Dre/Std/IfxDre.h ****  */
 702:../Libraries/iLLD/TC4xx/Tricore/Dre/Std/IfxDre.h **** IFX_EXTERN void IfxDre_disableModule(Ifx_DRE *dre);
 703:../Libraries/iLLD/TC4xx/Tricore/Dre/Std/IfxDre.h **** 
 704:../Libraries/iLLD/TC4xx/Tricore/Dre/Std/IfxDre.h **** /** \brief Enables the module (clears the disable request)
 705:../Libraries/iLLD/TC4xx/Tricore/Dre/Std/IfxDre.h ****  *
 706:../Libraries/iLLD/TC4xx/Tricore/Dre/Std/IfxDre.h ****  * \param[inout] dre Specifies the pointer to the DRE registers
 707:../Libraries/iLLD/TC4xx/Tricore/Dre/Std/IfxDre.h ****  *
 708:../Libraries/iLLD/TC4xx/Tricore/Dre/Std/IfxDre.h ****  * \retval None
 709:../Libraries/iLLD/TC4xx/Tricore/Dre/Std/IfxDre.h ****  */
 710:../Libraries/iLLD/TC4xx/Tricore/Dre/Std/IfxDre.h **** IFX_EXTERN void IfxDre_enableModule(Ifx_DRE *dre);
 711:../Libraries/iLLD/TC4xx/Tricore/Dre/Std/IfxDre.h **** 
 712:../Libraries/iLLD/TC4xx/Tricore/Dre/Std/IfxDre.h **** /** \brief Gets the various flags of EIBUF_STATUS register
 713:../Libraries/iLLD/TC4xx/Tricore/Dre/Std/IfxDre.h ****  *
 714:../Libraries/iLLD/TC4xx/Tricore/Dre/Std/IfxDre.h ****  * \param[in]  dre         Specifies the pointer to the DRE registers
 715:../Libraries/iLLD/TC4xx/Tricore/Dre/Std/IfxDre.h ****  * \param[in]  bufferIndex Index of Ethernet Input Buffer. Range: 0 to (n-1), n = number of buffers
 716:../Libraries/iLLD/TC4xx/Tricore/Dre/Std/IfxDre.h ****  * \param[out] status      Specifies the pointer to the software flags
 717:../Libraries/iLLD/TC4xx/Tricore/Dre/Std/IfxDre.h ****  *
 718:../Libraries/iLLD/TC4xx/Tricore/Dre/Std/IfxDre.h ****  * \retval None
 719:../Libraries/iLLD/TC4xx/Tricore/Dre/Std/IfxDre.h ****  */
 720:../Libraries/iLLD/TC4xx/Tricore/Dre/Std/IfxDre.h **** IFX_EXTERN void IfxDre_getEibufStatusFlags(Ifx_DRE *dre, uint8 bufferIndex, IfxDre_EthernetInputBuf
 721:../Libraries/iLLD/TC4xx/Tricore/Dre/Std/IfxDre.h **** 
 722:../Libraries/iLLD/TC4xx/Tricore/Dre/Std/IfxDre.h **** /** \brief Sets the Ethernet receive request in EIBUF_STATUS register.
 723:../Libraries/iLLD/TC4xx/Tricore/Dre/Std/IfxDre.h ****  *
 724:../Libraries/iLLD/TC4xx/Tricore/Dre/Std/IfxDre.h ****  * \param[inout] dre         Specifies the pointer to the DRE registers
 725:../Libraries/iLLD/TC4xx/Tricore/Dre/Std/IfxDre.h ****  * \param[in]    bufferIndex Index of Ethernet Input Buffer. Range: 0 to (n-1), n = number of buffe
 726:../Libraries/iLLD/TC4xx/Tricore/Dre/Std/IfxDre.h ****  *
 727:../Libraries/iLLD/TC4xx/Tricore/Dre/Std/IfxDre.h ****  * \retval None
 728:../Libraries/iLLD/TC4xx/Tricore/Dre/Std/IfxDre.h ****  */
 729:../Libraries/iLLD/TC4xx/Tricore/Dre/Std/IfxDre.h **** IFX_EXTERN void IfxDre_setEibufNewEthernetFrameRequest(Ifx_DRE *dre, uint8 bufferIndex);
 730:../Libraries/iLLD/TC4xx/Tricore/Dre/Std/IfxDre.h **** 
 731:../Libraries/iLLD/TC4xx/Tricore/Dre/Std/IfxDre.h **** /** \brief Clear the EIBUF Buffer Pending Request Flag
 732:../Libraries/iLLD/TC4xx/Tricore/Dre/Std/IfxDre.h ****  *
 733:../Libraries/iLLD/TC4xx/Tricore/Dre/Std/IfxDre.h ****  * \param[inout] dre         Specifies the pointer to the DRE registers
 734:../Libraries/iLLD/TC4xx/Tricore/Dre/Std/IfxDre.h ****  * \param[in]    bufferIndex Index of EIBUF. Range: 0 to (n-1), n = number of buffers
 735:../Libraries/iLLD/TC4xx/Tricore/Dre/Std/IfxDre.h ****  *
 736:../Libraries/iLLD/TC4xx/Tricore/Dre/Std/IfxDre.h ****  * \retval None
 737:../Libraries/iLLD/TC4xx/Tricore/Dre/Std/IfxDre.h ****  */
 738:../Libraries/iLLD/TC4xx/Tricore/Dre/Std/IfxDre.h **** IFX_EXTERN void IfxDre_clearBufferPendingRequest(Ifx_DRE *dre, uint8 bufferIndex);
 739:../Libraries/iLLD/TC4xx/Tricore/Dre/Std/IfxDre.h **** 
 740:../Libraries/iLLD/TC4xx/Tricore/Dre/Std/IfxDre.h **** /** \brief Gets the status of corresponding Ethernet Input Buffer's Buffer Pending Request
 741:../Libraries/iLLD/TC4xx/Tricore/Dre/Std/IfxDre.h ****  *
 742:../Libraries/iLLD/TC4xx/Tricore/Dre/Std/IfxDre.h ****  * \param[in] dre         Specifies the pointer to the DRE registers
 743:../Libraries/iLLD/TC4xx/Tricore/Dre/Std/IfxDre.h ****  * \param[in] bufferIndex Index of EIBUF. Range: 0 to (n-1), n = number of buffers
 744:../Libraries/iLLD/TC4xx/Tricore/Dre/Std/IfxDre.h ****  *
 745:../Libraries/iLLD/TC4xx/Tricore/Dre/Std/IfxDre.h ****  * \retval Status of Buffer Pending Request. Range: 1 means pending, cleared by H/w
 746:../Libraries/iLLD/TC4xx/Tricore/Dre/Std/IfxDre.h ****  */
 747:../Libraries/iLLD/TC4xx/Tricore/Dre/Std/IfxDre.h **** IFX_EXTERN boolean IfxDre_getEibufPendingRequest(Ifx_DRE *dre, uint8 bufferIndex);
 748:../Libraries/iLLD/TC4xx/Tricore/Dre/Std/IfxDre.h **** 
 749:../Libraries/iLLD/TC4xx/Tricore/Dre/Std/IfxDre.h **** /** \brief Initialize the PROTs and APU with default configuration
 750:../Libraries/iLLD/TC4xx/Tricore/Dre/Std/IfxDre.h ****  *
 751:../Libraries/iLLD/TC4xx/Tricore/Dre/Std/IfxDre.h ****  * \param[inout] config Configuration pointer for the Access Protection
 752:../Libraries/iLLD/TC4xx/Tricore/Dre/Std/IfxDre.h ****  *
 753:../Libraries/iLLD/TC4xx/Tricore/Dre/Std/IfxDre.h ****  * \retval None
 754:../Libraries/iLLD/TC4xx/Tricore/Dre/Std/IfxDre.h ****  */
 755:../Libraries/iLLD/TC4xx/Tricore/Dre/Std/IfxDre.h **** IFX_EXTERN void IfxDre_initApConfig(IfxDre_ApConfig *config);
 756:../Libraries/iLLD/TC4xx/Tricore/Dre/Std/IfxDre.h **** 
 757:../Libraries/iLLD/TC4xx/Tricore/Dre/Std/IfxDre.h **** /** \brief Initialize the PORTs and APU register set
 758:../Libraries/iLLD/TC4xx/Tricore/Dre/Std/IfxDre.h ****  *
 759:../Libraries/iLLD/TC4xx/Tricore/Dre/Std/IfxDre.h ****  * \param[inout] dre DRE module pointer
 760:../Libraries/iLLD/TC4xx/Tricore/Dre/Std/IfxDre.h ****  * \param[in] config Configuration pointer to the AP Config structure
 761:../Libraries/iLLD/TC4xx/Tricore/Dre/Std/IfxDre.h ****  *
 762:../Libraries/iLLD/TC4xx/Tricore/Dre/Std/IfxDre.h ****  * \retval None
 763:../Libraries/iLLD/TC4xx/Tricore/Dre/Std/IfxDre.h ****  */
 764:../Libraries/iLLD/TC4xx/Tricore/Dre/Std/IfxDre.h **** IFX_EXTERN void IfxDre_initAp(Ifx_DRE *dre, IfxDre_ApConfig *config);
 765:../Libraries/iLLD/TC4xx/Tricore/Dre/Std/IfxDre.h **** 
 766:../Libraries/iLLD/TC4xx/Tricore/Dre/Std/IfxDre.h **** /** \brief Enable or Disable the DRE Interrupt Enable Bits
 767:../Libraries/iLLD/TC4xx/Tricore/Dre/Std/IfxDre.h ****  *
 768:../Libraries/iLLD/TC4xx/Tricore/Dre/Std/IfxDre.h ****  * \param[inout] dre    DRE module pointer
 769:../Libraries/iLLD/TC4xx/Tricore/Dre/Std/IfxDre.h ****  * \param[in]    Enable Enable choice. Range: TRUE: Enable the Interrupt Line. FALSE: Disable the I
 770:../Libraries/iLLD/TC4xx/Tricore/Dre/Std/IfxDre.h ****  * \param[in]    index  Interrupt Line Index. Range: \ref IfxDre_InterruptLine
 771:../Libraries/iLLD/TC4xx/Tricore/Dre/Std/IfxDre.h ****  *
 772:../Libraries/iLLD/TC4xx/Tricore/Dre/Std/IfxDre.h ****  * \retval None
 773:../Libraries/iLLD/TC4xx/Tricore/Dre/Std/IfxDre.h ****  */
 774:../Libraries/iLLD/TC4xx/Tricore/Dre/Std/IfxDre.h **** IFX_EXTERN void IfxDre_setInterruptEnable(Ifx_DRE *dre, boolean enable, IfxDre_InterruptLine index)
 775:../Libraries/iLLD/TC4xx/Tricore/Dre/Std/IfxDre.h **** 
 776:../Libraries/iLLD/TC4xx/Tricore/Dre/Std/IfxDre.h **** /** \brief Returns the DRE Interrupt Line status
 777:../Libraries/iLLD/TC4xx/Tricore/Dre/Std/IfxDre.h ****  *
 778:../Libraries/iLLD/TC4xx/Tricore/Dre/Std/IfxDre.h ****  * \param[in] dre   DRE module pointer
 779:../Libraries/iLLD/TC4xx/Tricore/Dre/Std/IfxDre.h ****  * \param[in] index Interrupt Line Index. Range: \ref IfxDre_InterruptLine
 780:../Libraries/iLLD/TC4xx/Tricore/Dre/Std/IfxDre.h ****  *
 781:../Libraries/iLLD/TC4xx/Tricore/Dre/Std/IfxDre.h ****  * \retval Interrupt flag status. Returns TRUE if interrupt occurred, FALSE otherwise.
 782:../Libraries/iLLD/TC4xx/Tricore/Dre/Std/IfxDre.h ****  */
 783:../Libraries/iLLD/TC4xx/Tricore/Dre/Std/IfxDre.h **** IFX_EXTERN boolean IfxDre_getInterruptLineStatusFlag(Ifx_DRE *dre, IfxDre_InterruptLine index);
 784:../Libraries/iLLD/TC4xx/Tricore/Dre/Std/IfxDre.h **** 
 785:../Libraries/iLLD/TC4xx/Tricore/Dre/Std/IfxDre.h **** /** \brief Returns the DMEM Water Mark Flag Status
 786:../Libraries/iLLD/TC4xx/Tricore/Dre/Std/IfxDre.h ****  *
 787:../Libraries/iLLD/TC4xx/Tricore/Dre/Std/IfxDre.h ****  * \param[in] dre   DRE module pointer
 788:../Libraries/iLLD/TC4xx/Tricore/Dre/Std/IfxDre.h ****  * \param[in] index DMEM Index. Range: 0 to 27
 789:../Libraries/iLLD/TC4xx/Tricore/Dre/Std/IfxDre.h ****  *
 790:../Libraries/iLLD/TC4xx/Tricore/Dre/Std/IfxDre.h ****  * \retval Water Mark Flag Status
 791:../Libraries/iLLD/TC4xx/Tricore/Dre/Std/IfxDre.h ****  */
 792:../Libraries/iLLD/TC4xx/Tricore/Dre/Std/IfxDre.h **** IFX_EXTERN boolean IfxDre_getDMemWaterMarkFlag(Ifx_DRE *dre, uint8 index);
 793:../Libraries/iLLD/TC4xx/Tricore/Dre/Std/IfxDre.h **** 
 794:../Libraries/iLLD/TC4xx/Tricore/Dre/Std/IfxDre.h **** /** \brief Returns the DMEM Warp Around Flag Status
 795:../Libraries/iLLD/TC4xx/Tricore/Dre/Std/IfxDre.h ****  *
 796:../Libraries/iLLD/TC4xx/Tricore/Dre/Std/IfxDre.h ****  * \param[in] dre   DRE module pointer
 797:../Libraries/iLLD/TC4xx/Tricore/Dre/Std/IfxDre.h ****  * \param[in] index DMEM Index. Range: 0 to 27
 798:../Libraries/iLLD/TC4xx/Tricore/Dre/Std/IfxDre.h ****  *
 799:../Libraries/iLLD/TC4xx/Tricore/Dre/Std/IfxDre.h ****  * \retval Warp Around Flag Status
 800:../Libraries/iLLD/TC4xx/Tricore/Dre/Std/IfxDre.h ****  */
 801:../Libraries/iLLD/TC4xx/Tricore/Dre/Std/IfxDre.h **** IFX_EXTERN boolean IfxDre_getDMemWrapAroundFlag(Ifx_DRE *dre, uint8 index);
 802:../Libraries/iLLD/TC4xx/Tricore/Dre/Std/IfxDre.h **** 
 803:../Libraries/iLLD/TC4xx/Tricore/Dre/Std/IfxDre.h **** /** \brief Clears the DMEM Water Mark Flag Status
 804:../Libraries/iLLD/TC4xx/Tricore/Dre/Std/IfxDre.h ****  *
 805:../Libraries/iLLD/TC4xx/Tricore/Dre/Std/IfxDre.h ****  * \param[inout] dre   DRE module pointer
 806:../Libraries/iLLD/TC4xx/Tricore/Dre/Std/IfxDre.h ****  * \param[in]    index DMEM Index. Range: 0 to 27
 807:../Libraries/iLLD/TC4xx/Tricore/Dre/Std/IfxDre.h ****  *
 808:../Libraries/iLLD/TC4xx/Tricore/Dre/Std/IfxDre.h ****  * \retval None
 809:../Libraries/iLLD/TC4xx/Tricore/Dre/Std/IfxDre.h ****  */
 810:../Libraries/iLLD/TC4xx/Tricore/Dre/Std/IfxDre.h **** IFX_EXTERN void IfxDre_clearDMemWaterMarkFlag(Ifx_DRE *dre, uint8 index);
 811:../Libraries/iLLD/TC4xx/Tricore/Dre/Std/IfxDre.h **** 
 812:../Libraries/iLLD/TC4xx/Tricore/Dre/Std/IfxDre.h **** /** \brief Clears the DMEM Wrap Around Flag Status
 813:../Libraries/iLLD/TC4xx/Tricore/Dre/Std/IfxDre.h ****  *
 814:../Libraries/iLLD/TC4xx/Tricore/Dre/Std/IfxDre.h ****  * \param[inout] dre   DRE module pointer
 815:../Libraries/iLLD/TC4xx/Tricore/Dre/Std/IfxDre.h ****  * \param[in]    index DMEM Index. Range: 0 to 27
 816:../Libraries/iLLD/TC4xx/Tricore/Dre/Std/IfxDre.h ****  *
 817:../Libraries/iLLD/TC4xx/Tricore/Dre/Std/IfxDre.h ****  * \retval None
 818:../Libraries/iLLD/TC4xx/Tricore/Dre/Std/IfxDre.h ****  */
 819:../Libraries/iLLD/TC4xx/Tricore/Dre/Std/IfxDre.h **** IFX_EXTERN void IfxDre_clearDMemWrapAroundFlag(Ifx_DRE *dre, uint8 index);
 820:../Libraries/iLLD/TC4xx/Tricore/Dre/Std/IfxDre.h **** 
 821:../Libraries/iLLD/TC4xx/Tricore/Dre/Std/IfxDre.h **** /** \brief Returns the status of Buffer Full Flag in CAN Input Buffer List Status register
 822:../Libraries/iLLD/TC4xx/Tricore/Dre/Std/IfxDre.h ****  *
 823:../Libraries/iLLD/TC4xx/Tricore/Dre/Std/IfxDre.h ****  * \param[in] dre DRE module pointer
 824:../Libraries/iLLD/TC4xx/Tricore/Dre/Std/IfxDre.h ****  *
 825:../Libraries/iLLD/TC4xx/Tricore/Dre/Std/IfxDre.h ****  * \retval Buffer Full Flag Status. Range: 0: Free buffers available, 1: CAN Input Buffer List is f
 826:../Libraries/iLLD/TC4xx/Tricore/Dre/Std/IfxDre.h ****  *
 827:../Libraries/iLLD/TC4xx/Tricore/Dre/Std/IfxDre.h ****  */
 828:../Libraries/iLLD/TC4xx/Tricore/Dre/Std/IfxDre.h **** IFX_EXTERN boolean IfxDre_get_CIBL_Status_BufferFullFlag(Ifx_DRE *dre);
 829:../Libraries/iLLD/TC4xx/Tricore/Dre/Std/IfxDre.h **** 
 830:../Libraries/iLLD/TC4xx/Tricore/Dre/Std/IfxDre.h **** /** \brief Returns the status of Buffer Full Flag in CAN Output Buffer List Status register
 831:../Libraries/iLLD/TC4xx/Tricore/Dre/Std/IfxDre.h ****  *
 832:../Libraries/iLLD/TC4xx/Tricore/Dre/Std/IfxDre.h ****  * \param[in] dre DRE module pointer
 833:../Libraries/iLLD/TC4xx/Tricore/Dre/Std/IfxDre.h ****  *
 834:../Libraries/iLLD/TC4xx/Tricore/Dre/Std/IfxDre.h ****  * \retval Buffer Full Flag Status. Range: 0: Free buffers available, 1: CAN Output Buffer List is 
 835:../Libraries/iLLD/TC4xx/Tricore/Dre/Std/IfxDre.h ****  */
 836:../Libraries/iLLD/TC4xx/Tricore/Dre/Std/IfxDre.h **** IFX_EXTERN boolean IfxDre_get_COBL_Status_BufferFullFlag(Ifx_DRE *dre);
 837:../Libraries/iLLD/TC4xx/Tricore/Dre/Std/IfxDre.h **** 
 838:../Libraries/iLLD/TC4xx/Tricore/Dre/Std/IfxDre.h **** /** \brief Returns the status of Ethernet Frame Error Flag in Ethernet Input Buffer Status register
 839:../Libraries/iLLD/TC4xx/Tricore/Dre/Std/IfxDre.h ****  *
 840:../Libraries/iLLD/TC4xx/Tricore/Dre/Std/IfxDre.h ****  * \param[in] dre   DRE module pointer
 841:../Libraries/iLLD/TC4xx/Tricore/Dre/Std/IfxDre.h ****  * \param[in] index EIBUF index. Range: 0 to 5
 842:../Libraries/iLLD/TC4xx/Tricore/Dre/Std/IfxDre.h ****  *
 843:../Libraries/iLLD/TC4xx/Tricore/Dre/Std/IfxDre.h ****  * \retval Frame Error Flag Status. Returns TRUE if in case of Ethernet frame error or if any of th
 844:../Libraries/iLLD/TC4xx/Tricore/Dre/Std/IfxDre.h ****  */
 845:../Libraries/iLLD/TC4xx/Tricore/Dre/Std/IfxDre.h **** IFX_EXTERN boolean IfxDre_get_EIBUF_Status_EthernetFrameErrorFlag(Ifx_DRE *dre, uint8 index);
 846:../Libraries/iLLD/TC4xx/Tricore/Dre/Std/IfxDre.h **** 
 847:../Libraries/iLLD/TC4xx/Tricore/Dre/Std/IfxDre.h **** /** \brief Clears the status of Ethernet Frame Error Flag in Ethernet Input Buffer Status register
 848:../Libraries/iLLD/TC4xx/Tricore/Dre/Std/IfxDre.h ****  *
 849:../Libraries/iLLD/TC4xx/Tricore/Dre/Std/IfxDre.h ****  * \param[inout] dre   DRE module pointer
 850:../Libraries/iLLD/TC4xx/Tricore/Dre/Std/IfxDre.h ****  * \param[in]    index EIBUF index. Range: 0 to 5
 851:../Libraries/iLLD/TC4xx/Tricore/Dre/Std/IfxDre.h ****  *
 852:../Libraries/iLLD/TC4xx/Tricore/Dre/Std/IfxDre.h ****  * \retval None
 853:../Libraries/iLLD/TC4xx/Tricore/Dre/Std/IfxDre.h ****  */
 854:../Libraries/iLLD/TC4xx/Tricore/Dre/Std/IfxDre.h **** IFX_EXTERN void IfxDre_clear_EIBUF_Status_EthernetFrameErrorFlag(Ifx_DRE *dre, uint8 index);
 855:../Libraries/iLLD/TC4xx/Tricore/Dre/Std/IfxDre.h **** 
 856:../Libraries/iLLD/TC4xx/Tricore/Dre/Std/IfxDre.h **** /** \brief Returns the status of Transmit Request Flag in Ethernet Output Buffer Status register
 857:../Libraries/iLLD/TC4xx/Tricore/Dre/Std/IfxDre.h ****  *
 858:../Libraries/iLLD/TC4xx/Tricore/Dre/Std/IfxDre.h ****  * \param[in] dre   DRE module pointer
 859:../Libraries/iLLD/TC4xx/Tricore/Dre/Std/IfxDre.h ****  * \param[in] index EOBUF index. Range: 0 to 5
 860:../Libraries/iLLD/TC4xx/Tricore/Dre/Std/IfxDre.h ****  *
 861:../Libraries/iLLD/TC4xx/Tricore/Dre/Std/IfxDre.h ****  * \retval TXREQ Flag Status. Returns TRUE if valid transmit Ethernet frame in the Ethernet Output 
 862:../Libraries/iLLD/TC4xx/Tricore/Dre/Std/IfxDre.h ****  */
 863:../Libraries/iLLD/TC4xx/Tricore/Dre/Std/IfxDre.h **** IFX_EXTERN boolean IfxDre_get_EOBUF_Status_TxRequestFlag(Ifx_DRE *dre, uint8 index);
 864:../Libraries/iLLD/TC4xx/Tricore/Dre/Std/IfxDre.h **** 
 865:../Libraries/iLLD/TC4xx/Tricore/Dre/Std/IfxDre.h **** /** \brief Clears the status of Transmit Request Flag in Ethernet Output Buffer Status register
 866:../Libraries/iLLD/TC4xx/Tricore/Dre/Std/IfxDre.h ****  *
 867:../Libraries/iLLD/TC4xx/Tricore/Dre/Std/IfxDre.h ****  * \param[inout] dre   DRE module pointer
 868:../Libraries/iLLD/TC4xx/Tricore/Dre/Std/IfxDre.h ****  * \param[in]    index EOBUF index. Range: 0 to 5
 869:../Libraries/iLLD/TC4xx/Tricore/Dre/Std/IfxDre.h ****  *
 870:../Libraries/iLLD/TC4xx/Tricore/Dre/Std/IfxDre.h ****  * \retval None
 871:../Libraries/iLLD/TC4xx/Tricore/Dre/Std/IfxDre.h ****  */
 872:../Libraries/iLLD/TC4xx/Tricore/Dre/Std/IfxDre.h **** IFX_EXTERN void IfxDre_clear_EOBUF_Status_TxRequestFlag(Ifx_DRE *dre, uint8 index);
 873:../Libraries/iLLD/TC4xx/Tricore/Dre/Std/IfxDre.h **** 
 874:../Libraries/iLLD/TC4xx/Tricore/Dre/Std/IfxDre.h **** /** \brief Returns the status of Frame Complete Flag in Ethernet Input Buffer Status register
 875:../Libraries/iLLD/TC4xx/Tricore/Dre/Std/IfxDre.h ****  *
 876:../Libraries/iLLD/TC4xx/Tricore/Dre/Std/IfxDre.h ****  * \param[in] dre   DRE module pointer
 877:../Libraries/iLLD/TC4xx/Tricore/Dre/Std/IfxDre.h ****  * \param[in] index EIBUF index. Range: 0 to 5
 878:../Libraries/iLLD/TC4xx/Tricore/Dre/Std/IfxDre.h ****  *
 879:../Libraries/iLLD/TC4xx/Tricore/Dre/Std/IfxDre.h ****  * \retval FC Flag Status. Returns TRUE when the input Ethernet frame is processed by ACF CAN-Ether
 880:../Libraries/iLLD/TC4xx/Tricore/Dre/Std/IfxDre.h ****  */
 881:../Libraries/iLLD/TC4xx/Tricore/Dre/Std/IfxDre.h **** IFX_EXTERN boolean IfxDre_get_EIBUF_Status_EthernetFrameCompleteFlag(Ifx_DRE *dre, uint8 index);
 882:../Libraries/iLLD/TC4xx/Tricore/Dre/Std/IfxDre.h **** 
 883:../Libraries/iLLD/TC4xx/Tricore/Dre/Std/IfxDre.h **** /** \brief Clears the status of Frame Complete Flag in Ethernet Input Buffer Status register
 884:../Libraries/iLLD/TC4xx/Tricore/Dre/Std/IfxDre.h ****  *
 885:../Libraries/iLLD/TC4xx/Tricore/Dre/Std/IfxDre.h ****  * \param[inout] dre   DRE module pointer
 886:../Libraries/iLLD/TC4xx/Tricore/Dre/Std/IfxDre.h ****  * \param[in]    index EOBUF index. Range: 0 to 5
 887:../Libraries/iLLD/TC4xx/Tricore/Dre/Std/IfxDre.h ****  *
 888:../Libraries/iLLD/TC4xx/Tricore/Dre/Std/IfxDre.h ****  * \retval None
 889:../Libraries/iLLD/TC4xx/Tricore/Dre/Std/IfxDre.h ****  */
 890:../Libraries/iLLD/TC4xx/Tricore/Dre/Std/IfxDre.h **** IFX_EXTERN void IfxDre_clear_EIBUF_Status_EthernetFrameCompleteFlag(Ifx_DRE *dre, uint8 index);
 891:../Libraries/iLLD/TC4xx/Tricore/Dre/Std/IfxDre.h **** 
 892:../Libraries/iLLD/TC4xx/Tricore/Dre/Std/IfxDre.h **** /** \brief Gets and Clears the Flags linked to Interrupt Line 8
 893:../Libraries/iLLD/TC4xx/Tricore/Dre/Std/IfxDre.h ****  *
 894:../Libraries/iLLD/TC4xx/Tricore/Dre/Std/IfxDre.h ****  * \param[inout] dre    DRE module pointer
 895:../Libraries/iLLD/TC4xx/Tricore/Dre/Std/IfxDre.h ****  * \param[inout] status Pointer to structure containing interrupt line 8 flags
 896:../Libraries/iLLD/TC4xx/Tricore/Dre/Std/IfxDre.h ****  *
 897:../Libraries/iLLD/TC4xx/Tricore/Dre/Std/IfxDre.h ****  * \retval None
 898:../Libraries/iLLD/TC4xx/Tricore/Dre/Std/IfxDre.h ****  */
 899:../Libraries/iLLD/TC4xx/Tricore/Dre/Std/IfxDre.h **** IFX_EXTERN void IfxDre_getAndClearInterruptLine8Status(Ifx_DRE *dre, IfxDre_Interrupt_Line8_Status 
 900:../Libraries/iLLD/TC4xx/Tricore/Dre/Std/IfxDre.h **** 
 901:../Libraries/iLLD/TC4xx/Tricore/Dre/Std/IfxDre.h **** /** \brief Gets and Clears the Flags linked to Interrupt Line 9
 902:../Libraries/iLLD/TC4xx/Tricore/Dre/Std/IfxDre.h ****  *
 903:../Libraries/iLLD/TC4xx/Tricore/Dre/Std/IfxDre.h ****  * \param[inout] dre    DRE module pointer
 904:../Libraries/iLLD/TC4xx/Tricore/Dre/Std/IfxDre.h ****  * \param[inout] status Pointer to structure containing interrupt line 9 flags
 905:../Libraries/iLLD/TC4xx/Tricore/Dre/Std/IfxDre.h ****  *
 906:../Libraries/iLLD/TC4xx/Tricore/Dre/Std/IfxDre.h ****  * \retval None
 907:../Libraries/iLLD/TC4xx/Tricore/Dre/Std/IfxDre.h ****  */
 908:../Libraries/iLLD/TC4xx/Tricore/Dre/Std/IfxDre.h **** IFX_EXTERN void IfxDre_getAndClearInterruptLine9Status(Ifx_DRE *dre, IfxDre_Interrupt_Line9_Status 
 909:../Libraries/iLLD/TC4xx/Tricore/Dre/Std/IfxDre.h **** 
 910:../Libraries/iLLD/TC4xx/Tricore/Dre/Std/IfxDre.h **** /** \brief Gets and Clears the Flags linked to Interrupt Line 10
 911:../Libraries/iLLD/TC4xx/Tricore/Dre/Std/IfxDre.h ****  *
 912:../Libraries/iLLD/TC4xx/Tricore/Dre/Std/IfxDre.h ****  * \param[inout] dre    DRE module pointer
 913:../Libraries/iLLD/TC4xx/Tricore/Dre/Std/IfxDre.h ****  * \param[inout] status Pointer to structure containing interrupt line 10 flags
 914:../Libraries/iLLD/TC4xx/Tricore/Dre/Std/IfxDre.h ****  *
 915:../Libraries/iLLD/TC4xx/Tricore/Dre/Std/IfxDre.h ****  * \retval None
 916:../Libraries/iLLD/TC4xx/Tricore/Dre/Std/IfxDre.h ****  */
 917:../Libraries/iLLD/TC4xx/Tricore/Dre/Std/IfxDre.h **** IFX_EXTERN void IfxDre_getAndClearInterruptLine10Status(Ifx_DRE *dre, IfxDre_Interrupt_Line10_Statu
 918:../Libraries/iLLD/TC4xx/Tricore/Dre/Std/IfxDre.h **** 
 919:../Libraries/iLLD/TC4xx/Tricore/Dre/Std/IfxDre.h **** /** \brief Gets and Clears the Flags linked to Interrupt Line 11
 920:../Libraries/iLLD/TC4xx/Tricore/Dre/Std/IfxDre.h ****  *
 921:../Libraries/iLLD/TC4xx/Tricore/Dre/Std/IfxDre.h ****  * \param[inout] dre    DRE module pointer
 922:../Libraries/iLLD/TC4xx/Tricore/Dre/Std/IfxDre.h ****  * \param[inout] status Pointer to structure containing interrupt line 11 flags
 923:../Libraries/iLLD/TC4xx/Tricore/Dre/Std/IfxDre.h ****  *
 924:../Libraries/iLLD/TC4xx/Tricore/Dre/Std/IfxDre.h ****  * \retval None
 925:../Libraries/iLLD/TC4xx/Tricore/Dre/Std/IfxDre.h ****  */
 926:../Libraries/iLLD/TC4xx/Tricore/Dre/Std/IfxDre.h **** IFX_EXTERN void IfxDre_getAndClearInterruptLine11Status(Ifx_DRE *dre, IfxDre_Interrupt_Line11_Statu
 927:../Libraries/iLLD/TC4xx/Tricore/Dre/Std/IfxDre.h **** 
 928:../Libraries/iLLD/TC4xx/Tricore/Dre/Std/IfxDre.h **** /** \brief Gets and Clears the Flags linked to Interrupt Line 12
 929:../Libraries/iLLD/TC4xx/Tricore/Dre/Std/IfxDre.h ****  *
 930:../Libraries/iLLD/TC4xx/Tricore/Dre/Std/IfxDre.h ****  * \param[inout] dre    DRE module pointer
 931:../Libraries/iLLD/TC4xx/Tricore/Dre/Std/IfxDre.h ****  * \param[inout] status Pointer to structure containing interrupt line 12 flags
 932:../Libraries/iLLD/TC4xx/Tricore/Dre/Std/IfxDre.h ****  *
 933:../Libraries/iLLD/TC4xx/Tricore/Dre/Std/IfxDre.h ****  * \retval None
 934:../Libraries/iLLD/TC4xx/Tricore/Dre/Std/IfxDre.h ****  */
 935:../Libraries/iLLD/TC4xx/Tricore/Dre/Std/IfxDre.h **** IFX_EXTERN void IfxDre_getAndClearInterruptLine12Status(Ifx_DRE *dre, IfxDre_Interrupt_Line12_Statu
 936:../Libraries/iLLD/TC4xx/Tricore/Dre/Std/IfxDre.h **** 
 937:../Libraries/iLLD/TC4xx/Tricore/Dre/Std/IfxDre.h **** /** \brief Gets and Clears the Flags linked to Interrupt Line 13
 938:../Libraries/iLLD/TC4xx/Tricore/Dre/Std/IfxDre.h ****  *
 939:../Libraries/iLLD/TC4xx/Tricore/Dre/Std/IfxDre.h ****  * \param[inout] dre    DRE module pointer
 940:../Libraries/iLLD/TC4xx/Tricore/Dre/Std/IfxDre.h ****  * \param[inout] status Pointer to structure containing interrupt line 13 flags
 941:../Libraries/iLLD/TC4xx/Tricore/Dre/Std/IfxDre.h ****  *
 942:../Libraries/iLLD/TC4xx/Tricore/Dre/Std/IfxDre.h ****  * \retval None
 943:../Libraries/iLLD/TC4xx/Tricore/Dre/Std/IfxDre.h ****  */
 944:../Libraries/iLLD/TC4xx/Tricore/Dre/Std/IfxDre.h **** IFX_EXTERN void IfxDre_getAndClearInterruptLine13Status(Ifx_DRE *dre, IfxDre_Interrupt_Line13_Statu
 945:../Libraries/iLLD/TC4xx/Tricore/Dre/Std/IfxDre.h **** 
 946:../Libraries/iLLD/TC4xx/Tricore/Dre/Std/IfxDre.h **** /** \brief Gets and Clears the Flags linked to Interrupt Line 14
 947:../Libraries/iLLD/TC4xx/Tricore/Dre/Std/IfxDre.h ****  *
 948:../Libraries/iLLD/TC4xx/Tricore/Dre/Std/IfxDre.h ****  * \param[inout] dre    DRE module pointer
 949:../Libraries/iLLD/TC4xx/Tricore/Dre/Std/IfxDre.h ****  * \param[inout] status Pointer to structure containing interrupt line 14 flags
 950:../Libraries/iLLD/TC4xx/Tricore/Dre/Std/IfxDre.h ****  *
 951:../Libraries/iLLD/TC4xx/Tricore/Dre/Std/IfxDre.h ****  * \retval None
 952:../Libraries/iLLD/TC4xx/Tricore/Dre/Std/IfxDre.h ****  */
 953:../Libraries/iLLD/TC4xx/Tricore/Dre/Std/IfxDre.h **** IFX_EXTERN void IfxDre_getAndClearInterruptLine14Status(Ifx_DRE *dre, IfxDre_Interrupt_Line14_Statu
 954:../Libraries/iLLD/TC4xx/Tricore/Dre/Std/IfxDre.h **** 
 955:../Libraries/iLLD/TC4xx/Tricore/Dre/Std/IfxDre.h **** /** \brief Gets and Clears the Flags linked to Interrupt Line 15
 956:../Libraries/iLLD/TC4xx/Tricore/Dre/Std/IfxDre.h ****  *
 957:../Libraries/iLLD/TC4xx/Tricore/Dre/Std/IfxDre.h ****  * \param[inout] dre    DRE module pointer
 958:../Libraries/iLLD/TC4xx/Tricore/Dre/Std/IfxDre.h ****  * \param[inout] status Pointer to structure containing interrupt line 15 flags
 959:../Libraries/iLLD/TC4xx/Tricore/Dre/Std/IfxDre.h ****  *
 960:../Libraries/iLLD/TC4xx/Tricore/Dre/Std/IfxDre.h ****  * \retval None
 961:../Libraries/iLLD/TC4xx/Tricore/Dre/Std/IfxDre.h ****  */
 962:../Libraries/iLLD/TC4xx/Tricore/Dre/Std/IfxDre.h **** IFX_EXTERN void IfxDre_getAndClearInterruptLine15Status(Ifx_DRE *dre, IfxDre_Interrupt_Line15_Statu
 963:../Libraries/iLLD/TC4xx/Tricore/Dre/Std/IfxDre.h **** 
 964:../Libraries/iLLD/TC4xx/Tricore/Dre/Std/IfxDre.h **** /** \brief Returns the SRC pointer for corresponding line
 965:../Libraries/iLLD/TC4xx/Tricore/Dre/Std/IfxDre.h ****  *
 966:../Libraries/iLLD/TC4xx/Tricore/Dre/Std/IfxDre.h ****  * \param[in] index Index of interrupt line. Range: \ref IfxDre_InterruptLine
 967:../Libraries/iLLD/TC4xx/Tricore/Dre/Std/IfxDre.h ****  *
 968:../Libraries/iLLD/TC4xx/Tricore/Dre/Std/IfxDre.h ****  * \retval volatile Ifx_SRC_SRCR* Address of SRC register
 969:../Libraries/iLLD/TC4xx/Tricore/Dre/Std/IfxDre.h ****  */
 970:../Libraries/iLLD/TC4xx/Tricore/Dre/Std/IfxDre.h **** IFX_EXTERN volatile Ifx_SRC_SRCR *IfxDre_getSrcAddress(IfxDre_InterruptLine index);
 971:../Libraries/iLLD/TC4xx/Tricore/Dre/Std/IfxDre.h **** 
 972:../Libraries/iLLD/TC4xx/Tricore/Dre/Std/IfxDre.h **** /** \brief Clears Tx Count in Ethernet descriptor list status
 973:../Libraries/iLLD/TC4xx/Tricore/Dre/Std/IfxDre.h ****  *
 974:../Libraries/iLLD/TC4xx/Tricore/Dre/Std/IfxDre.h ****  * \param[inout] dre DRE module pointer
 975:../Libraries/iLLD/TC4xx/Tricore/Dre/Std/IfxDre.h ****  *
 976:../Libraries/iLLD/TC4xx/Tricore/Dre/Std/IfxDre.h ****  * \retval None
 977:../Libraries/iLLD/TC4xx/Tricore/Dre/Std/IfxDre.h ****  */
 978:../Libraries/iLLD/TC4xx/Tricore/Dre/Std/IfxDre.h **** IFX_EXTERN void IfxDre_resetEthTxCount(Ifx_DRE *dre);
 979:../Libraries/iLLD/TC4xx/Tricore/Dre/Std/IfxDre.h **** 
 980:../Libraries/iLLD/TC4xx/Tricore/Dre/Std/IfxDre.h **** /** \brief Clears Rx Count in Ethernet descriptor list status
 981:../Libraries/iLLD/TC4xx/Tricore/Dre/Std/IfxDre.h ****  *
 982:../Libraries/iLLD/TC4xx/Tricore/Dre/Std/IfxDre.h ****  * \param[inout] dre DRE module pointer
 983:../Libraries/iLLD/TC4xx/Tricore/Dre/Std/IfxDre.h ****  *
 984:../Libraries/iLLD/TC4xx/Tricore/Dre/Std/IfxDre.h ****  * \retval None
 985:../Libraries/iLLD/TC4xx/Tricore/Dre/Std/IfxDre.h ****  */
 986:../Libraries/iLLD/TC4xx/Tricore/Dre/Std/IfxDre.h **** IFX_EXTERN void IfxDre_resetEthRxCount(Ifx_DRE *dre);
 987:../Libraries/iLLD/TC4xx/Tricore/Dre/Std/IfxDre.h **** 
 988:../Libraries/iLLD/TC4xx/Tricore/Dre/Std/IfxDre.h **** /** \brief Get Ethernet descriptor list status
 989:../Libraries/iLLD/TC4xx/Tricore/Dre/Std/IfxDre.h ****  *
 990:../Libraries/iLLD/TC4xx/Tricore/Dre/Std/IfxDre.h ****  * \param[in]    dre    DRE module pointer
 991:../Libraries/iLLD/TC4xx/Tricore/Dre/Std/IfxDre.h ****  * \param[inout] status Pointer to store status
 992:../Libraries/iLLD/TC4xx/Tricore/Dre/Std/IfxDre.h ****  *
 993:../Libraries/iLLD/TC4xx/Tricore/Dre/Std/IfxDre.h ****  * \retval None
 994:../Libraries/iLLD/TC4xx/Tricore/Dre/Std/IfxDre.h ****  */
 995:../Libraries/iLLD/TC4xx/Tricore/Dre/Std/IfxDre.h **** IFX_EXTERN void IfxDre_getEthDescListStatus(Ifx_DRE *dre, IfxDre_EdlStatus *status);
 996:../Libraries/iLLD/TC4xx/Tricore/Dre/Std/IfxDre.h **** 
 997:../Libraries/iLLD/TC4xx/Tricore/Dre/Std/IfxDre.h **** /** \brief Clears Tx Requests in Ethernet requests summary. Refer to EREQ.
 998:../Libraries/iLLD/TC4xx/Tricore/Dre/Std/IfxDre.h ****  *
 999:../Libraries/iLLD/TC4xx/Tricore/Dre/Std/IfxDre.h ****  * \param[inout] dre   DRE module pointer
1000:../Libraries/iLLD/TC4xx/Tricore/Dre/Std/IfxDre.h ****  * \param[in]    value Clear logic. Set the respective bit to 1 to clear. Setting Bit[n] in value c
1001:../Libraries/iLLD/TC4xx/Tricore/Dre/Std/IfxDre.h ****  *
1002:../Libraries/iLLD/TC4xx/Tricore/Dre/Std/IfxDre.h ****  * \retval None
1003:../Libraries/iLLD/TC4xx/Tricore/Dre/Std/IfxDre.h ****  */
1004:../Libraries/iLLD/TC4xx/Tricore/Dre/Std/IfxDre.h **** IFX_EXTERN void IfxDre_clearEthTxSummary(Ifx_DRE *dre, uint8 value);
1005:../Libraries/iLLD/TC4xx/Tricore/Dre/Std/IfxDre.h **** 
1006:../Libraries/iLLD/TC4xx/Tricore/Dre/Std/IfxDre.h **** /** \brief Clears Forward Requests in Ethernet requests summary. Refer to EREQ.
1007:../Libraries/iLLD/TC4xx/Tricore/Dre/Std/IfxDre.h ****  *
1008:../Libraries/iLLD/TC4xx/Tricore/Dre/Std/IfxDre.h ****  * \param[inout] dre   DRE module pointer
1009:../Libraries/iLLD/TC4xx/Tricore/Dre/Std/IfxDre.h ****  * \param[in]    value Clear logic. Set the respective bit to 1 to clear. Setting Bit[n] in value c
1010:../Libraries/iLLD/TC4xx/Tricore/Dre/Std/IfxDre.h ****  *
1011:../Libraries/iLLD/TC4xx/Tricore/Dre/Std/IfxDre.h ****  * \retval None
1012:../Libraries/iLLD/TC4xx/Tricore/Dre/Std/IfxDre.h ****  */
1013:../Libraries/iLLD/TC4xx/Tricore/Dre/Std/IfxDre.h **** IFX_EXTERN void IfxDre_clearEthFwdSummary(Ifx_DRE *dre, uint8 value);
1014:../Libraries/iLLD/TC4xx/Tricore/Dre/Std/IfxDre.h **** 
1015:../Libraries/iLLD/TC4xx/Tricore/Dre/Std/IfxDre.h **** /** \brief Get Ethernet request summary status
1016:../Libraries/iLLD/TC4xx/Tricore/Dre/Std/IfxDre.h ****  *
1017:../Libraries/iLLD/TC4xx/Tricore/Dre/Std/IfxDre.h ****  * \param[in]    dre    DRE module pointer
1018:../Libraries/iLLD/TC4xx/Tricore/Dre/Std/IfxDre.h ****  * \param[inout] status Pointer to store status
1019:../Libraries/iLLD/TC4xx/Tricore/Dre/Std/IfxDre.h ****  *
1020:../Libraries/iLLD/TC4xx/Tricore/Dre/Std/IfxDre.h ****  * \retval None
1021:../Libraries/iLLD/TC4xx/Tricore/Dre/Std/IfxDre.h ****  */
1022:../Libraries/iLLD/TC4xx/Tricore/Dre/Std/IfxDre.h **** IFX_EXTERN void IfxDre_getEthReqSummary(Ifx_DRE *dre, IfxDre_ErsStatus *status);
1023:../Libraries/iLLD/TC4xx/Tricore/Dre/Std/IfxDre.h **** 
1024:../Libraries/iLLD/TC4xx/Tricore/Dre/Std/IfxDre.h **** /** \brief Configures access to all masters to all the DRE in the device
1025:../Libraries/iLLD/TC4xx/Tricore/Dre/Std/IfxDre.h ****  *
1026:../Libraries/iLLD/TC4xx/Tricore/Dre/Std/IfxDre.h ****  * \param[in] apConfig pointer to configuration structure.
1027:../Libraries/iLLD/TC4xx/Tricore/Dre/Std/IfxDre.h ****  *
1028:../Libraries/iLLD/TC4xx/Tricore/Dre/Std/IfxDre.h ****  * \retval None
1029:../Libraries/iLLD/TC4xx/Tricore/Dre/Std/IfxDre.h ****  */
1030:../Libraries/iLLD/TC4xx/Tricore/Dre/Std/IfxDre.h **** IFX_EXTERN void IfxDre_configureAccessToDre(IfxApApu_ApuConfig *apConfig);
1031:../Libraries/iLLD/TC4xx/Tricore/Dre/Std/IfxDre.h **** 
1032:../Libraries/iLLD/TC4xx/Tricore/Dre/Std/IfxDre.h **** /** \} */
1033:../Libraries/iLLD/TC4xx/Tricore/Dre/Std/IfxDre.h **** 
1034:../Libraries/iLLD/TC4xx/Tricore/Dre/Std/IfxDre.h **** /******************************************************************************/
1035:../Libraries/iLLD/TC4xx/Tricore/Dre/Std/IfxDre.h **** /*---------------------Inline Function Implementations------------------------*/
1036:../Libraries/iLLD/TC4xx/Tricore/Dre/Std/IfxDre.h **** /******************************************************************************/
1037:../Libraries/iLLD/TC4xx/Tricore/Dre/Std/IfxDre.h **** 
1038:../Libraries/iLLD/TC4xx/Tricore/Dre/Std/IfxDre.h **** IFX_INLINE boolean IfxDre_isModuleEnabled(Ifx_DRE *dre)
1039:../Libraries/iLLD/TC4xx/Tricore/Dre/Std/IfxDre.h **** {
1040:../Libraries/iLLD/TC4xx/Tricore/Dre/Std/IfxDre.h ****     return dre->CLC.B.DISS == 0;
  80              	 .loc 2 1040 5 discriminator 1
  81              	 .loc 2 1040 22 is_stmt 0 discriminator 1
  82 000a 5442     	 ld.w %d2,[%a4]0
  83              	.LVL3:
  84              	.LBE7:
  85              	.LBE6:
  74:../Libraries/iLLD/TC4xx/Tricore/Dre/Std/IfxDre.c ****     {}
  86              	 .loc 1 74 40 discriminator 1
  87 000c 6F120000 	 jz.t %d2,1,.L5
  76:../Libraries/iLLD/TC4xx/Tricore/Dre/Std/IfxDre.c **** }
  88              	 .loc 1 76 1
  89 0010 0090     	 ret 
  90              	.LFE493:
  92              	 .global IfxDre_disableModule_end
  93              	IfxDre_disableModule_end:
  94              	 .section .text.IfxDre_enableModule,"ax",@progbits
  95              	 .align 1
  96              	 .global IfxDre_enableModule
  98              	IfxDre_enableModule:
  99              	.LFB494:
  77:../Libraries/iLLD/TC4xx/Tricore/Dre/Std/IfxDre.c **** 
  78:../Libraries/iLLD/TC4xx/Tricore/Dre/Std/IfxDre.c **** 
  79:../Libraries/iLLD/TC4xx/Tricore/Dre/Std/IfxDre.c **** void IfxDre_enableModule(Ifx_DRE *dre)
  80:../Libraries/iLLD/TC4xx/Tricore/Dre/Std/IfxDre.c **** {
 100              	 .loc 1 80 1 is_stmt 1
 101              	.LVL4:
 102 0000 40AE     	 mov.aa %a14,%SP
 103              	.LCFI2:
  81:../Libraries/iLLD/TC4xx/Tricore/Dre/Std/IfxDre.c ****     /* Enable module, disregard Sleep Mode request */
  82:../Libraries/iLLD/TC4xx/Tricore/Dre/Std/IfxDre.c ****     dre->CLC.B.DISR = 0U;
 104              	 .loc 1 82 5
 105              	 .loc 1 82 21 is_stmt 0
 106 0002 5442     	 ld.w %d2,[%a4]0
 107 0004 8F12C021 	 andn %d2,%d2,~(-2)
 108 0008 7442     	 st.w [%a4]0,%d2
  83:../Libraries/iLLD/TC4xx/Tricore/Dre/Std/IfxDre.c **** 
  84:../Libraries/iLLD/TC4xx/Tricore/Dre/Std/IfxDre.c ****     /* Wait until module is enabled */
  85:../Libraries/iLLD/TC4xx/Tricore/Dre/Std/IfxDre.c ****     while (IfxDre_isModuleEnabled(dre) == FALSE)
 109              	 .loc 1 85 5 is_stmt 1
 110              	.L7:
  86:../Libraries/iLLD/TC4xx/Tricore/Dre/Std/IfxDre.c ****     {}
 111              	 .loc 1 86 6 discriminator 1
  85:../Libraries/iLLD/TC4xx/Tricore/Dre/Std/IfxDre.c ****     {}
 112              	 .loc 1 85 40 discriminator 1
 113              	.LVL5:
 114              	.LBB8:
 115              	.LBB9:
 116              	 .loc 2 1040 5 discriminator 1
 117              	 .loc 2 1040 22 is_stmt 0 discriminator 1
 118 000a 5442     	 ld.w %d2,[%a4]0
 119              	.LVL6:
 120              	.LBE9:
 121              	.LBE8:
  85:../Libraries/iLLD/TC4xx/Tricore/Dre/Std/IfxDre.c ****     {}
 122              	 .loc 1 85 40 discriminator 1
 123 000c 6F120080 	 jnz.t %d2,1,.L7
  87:../Libraries/iLLD/TC4xx/Tricore/Dre/Std/IfxDre.c **** }
 124              	 .loc 1 87 1
 125 0010 0090     	 ret 
 126              	.LFE494:
 128              	 .global IfxDre_enableModule_end
 129              	IfxDre_enableModule_end:
 130              	 .section .text.IfxDre_getEibufStatusFlags,"ax",@progbits
 131              	 .align 1
 132              	 .global IfxDre_getEibufStatusFlags
 134              	IfxDre_getEibufStatusFlags:
 135              	.LFB495:
  88:../Libraries/iLLD/TC4xx/Tricore/Dre/Std/IfxDre.c **** 
  89:../Libraries/iLLD/TC4xx/Tricore/Dre/Std/IfxDre.c **** 
  90:../Libraries/iLLD/TC4xx/Tricore/Dre/Std/IfxDre.c **** void IfxDre_getEibufStatusFlags(Ifx_DRE *dre, uint8 bufferIndex, IfxDre_EthernetInputBufStatus *sta
  91:../Libraries/iLLD/TC4xx/Tricore/Dre/Std/IfxDre.c **** {
 136              	 .loc 1 91 1 is_stmt 1
 137              	.LVL7:
 138 0000 40AE     	 mov.aa %a14,%SP
 139              	.LCFI3:
  92:../Libraries/iLLD/TC4xx/Tricore/Dre/Std/IfxDre.c ****     if (bufferIndex < 6)
 140              	 .loc 1 92 5
 141              	 .loc 1 92 8 is_stmt 0
 142 0002 FF640080 	 jge.u %d4,6,.L8
 143              	.LBB10:
  93:../Libraries/iLLD/TC4xx/Tricore/Dre/Std/IfxDre.c ****     {
  94:../Libraries/iLLD/TC4xx/Tricore/Dre/Std/IfxDre.c ****         Ifx_DRE_EIBUF *eibuf = &(dre->EIBUF[bufferIndex]);
 144              	 .loc 1 94 9 is_stmt 1
 145              	.LVL8:
  95:../Libraries/iLLD/TC4xx/Tricore/Dre/Std/IfxDre.c **** 
  96:../Libraries/iLLD/TC4xx/Tricore/Dre/Std/IfxDre.c ****         status->bufferPendingRequest    = eibuf->STATUS.B.BPR;
 146              	 .loc 1 96 9
 147              	 .loc 1 96 58 is_stmt 0
 148 0006 53442120 	 mul %d2,%d4,20
 149 000a 01420046 	 addsc.a %a4,%a4,%d2,0
 150              	.LVL9:
 151 000e D9422431 	 lea %a2,[%a4]4324
 152 0012 19422431 	 ld.w %d2,[%a4]4324
 153 0016 3702E12F 	 extr.u %d2,%d2,31,1
 154              	 .loc 1 96 41
 155 001a 3452     	 st.b [%a5]0,%d2
  97:../Libraries/iLLD/TC4xx/Tricore/Dre/Std/IfxDre.c ****         status->ethernetFrameError      = eibuf->STATUS.B.FE;
 156              	 .loc 1 97 9 is_stmt 1
 157              	 .loc 1 97 58 is_stmt 0
 158 001c 5422     	 ld.w %d2,[%a2]0
 159 001e 3702E124 	 extr.u %d2,%d2,9,1
 160              	 .loc 1 97 41
 161 0022 E9520100 	 st.b [%a5]1,%d2
  98:../Libraries/iLLD/TC4xx/Tricore/Dre/Std/IfxDre.c ****         status->invalidFrameType        = eibuf->STATUS.B.IFT;
 162              	 .loc 1 98 9 is_stmt 1
 163              	 .loc 1 98 58 is_stmt 0
 164 0026 5422     	 ld.w %d2,[%a2]0
 165 0028 37026125 	 extr.u %d2,%d2,10,1
 166              	 .loc 1 98 41
 167 002c E9520200 	 st.b [%a5]2,%d2
  99:../Libraries/iLLD/TC4xx/Tricore/Dre/Std/IfxDre.c ****         status->invalidDestinationId    = eibuf->STATUS.B.IDID;
 168              	 .loc 1 99 9 is_stmt 1
 169              	 .loc 1 99 58 is_stmt 0
 170 0030 5422     	 ld.w %d2,[%a2]0
 171 0032 3702E125 	 extr.u %d2,%d2,11,1
 172              	 .loc 1 99 41
 173 0036 E9520300 	 st.b [%a5]3,%d2
 100:../Libraries/iLLD/TC4xx/Tricore/Dre/Std/IfxDre.c ****         status->avtpLengthMismatchError = eibuf->STATUS.B.LME;
 174              	 .loc 1 100 9 is_stmt 1
 175              	 .loc 1 100 58 is_stmt 0
 176 003a 5422     	 ld.w %d2,[%a2]0
 177 003c 37026126 	 extr.u %d2,%d2,12,1
 178              	 .loc 1 100 41
 179 0040 E9520400 	 st.b [%a5]4,%d2
 101:../Libraries/iLLD/TC4xx/Tricore/Dre/Std/IfxDre.c ****         status->canFormatError          = eibuf->STATUS.B.CFE;
 180              	 .loc 1 101 9 is_stmt 1
 181              	 .loc 1 101 58 is_stmt 0
 182 0044 5422     	 ld.w %d2,[%a2]0
 183 0046 3702E126 	 extr.u %d2,%d2,13,1
 184              	 .loc 1 101 41
 185 004a E9520500 	 st.b [%a5]5,%d2
 102:../Libraries/iLLD/TC4xx/Tricore/Dre/Std/IfxDre.c ****         status->remoteFrameError        = eibuf->STATUS.B.RFE;
 186              	 .loc 1 102 9 is_stmt 1
 187              	 .loc 1 102 58 is_stmt 0
 188 004e 5422     	 ld.w %d2,[%a2]0
 189 0050 37026127 	 extr.u %d2,%d2,14,1
 190              	 .loc 1 102 41
 191 0054 E9520600 	 st.b [%a5]6,%d2
 103:../Libraries/iLLD/TC4xx/Tricore/Dre/Std/IfxDre.c ****         status->ethernetFrameComplete   = eibuf->STATUS.B.FC;
 192              	 .loc 1 103 9 is_stmt 1
 193              	 .loc 1 103 58 is_stmt 0
 194 0058 5422     	 ld.w %d2,[%a2]0
 195 005a 3702E127 	 extr.u %d2,%d2,15,1
 196              	 .loc 1 103 41
 197 005e E9520700 	 st.b [%a5]7,%d2
 104:../Libraries/iLLD/TC4xx/Tricore/Dre/Std/IfxDre.c ****         status->ethernetReceiveRequest  = eibuf->STATUS.B.RXREQ;
 198              	 .loc 1 104 9 is_stmt 1
 199              	 .loc 1 104 58 is_stmt 0
 200 0062 5422     	 ld.w %d2,[%a2]0
 201 0064 3702E12E 	 extr.u %d2,%d2,29,1
 202              	 .loc 1 104 41
 203 0068 E9520800 	 st.b [%a5]8,%d2
 204              	.LVL10:
 205              	.L8:
 206              	.LBE10:
 105:../Libraries/iLLD/TC4xx/Tricore/Dre/Std/IfxDre.c ****     }
 106:../Libraries/iLLD/TC4xx/Tricore/Dre/Std/IfxDre.c **** }
 207              	 .loc 1 106 1
 208 006c 0090     	 ret 
 209              	.LFE495:
 211              	 .global IfxDre_getEibufStatusFlags_end
 212              	IfxDre_getEibufStatusFlags_end:
 213              	 .section .text.IfxDre_setEibufNewEthernetFrameRequest,"ax",@progbits
 214              	 .align 1
 215              	 .global IfxDre_setEibufNewEthernetFrameRequest
 217              	IfxDre_setEibufNewEthernetFrameRequest:
 218              	.LFB496:
 107:../Libraries/iLLD/TC4xx/Tricore/Dre/Std/IfxDre.c **** 
 108:../Libraries/iLLD/TC4xx/Tricore/Dre/Std/IfxDre.c **** 
 109:../Libraries/iLLD/TC4xx/Tricore/Dre/Std/IfxDre.c **** void IfxDre_setEibufNewEthernetFrameRequest(Ifx_DRE *dre, uint8 bufferIndex)
 110:../Libraries/iLLD/TC4xx/Tricore/Dre/Std/IfxDre.c **** {
 219              	 .loc 1 110 1 is_stmt 1
 220              	.LVL11:
 221 0000 40AE     	 mov.aa %a14,%SP
 222              	.LCFI4:
 111:../Libraries/iLLD/TC4xx/Tricore/Dre/Std/IfxDre.c ****     if (bufferIndex < 6)
 223              	 .loc 1 111 5
 224              	 .loc 1 111 8 is_stmt 0
 225 0002 FF640080 	 jge.u %d4,6,.L10
 112:../Libraries/iLLD/TC4xx/Tricore/Dre/Std/IfxDre.c ****     {
 113:../Libraries/iLLD/TC4xx/Tricore/Dre/Std/IfxDre.c ****         dre->EIBUF[bufferIndex].STATUS.B.RXREQ = 1;
 226              	 .loc 1 113 9 is_stmt 1
 227              	 .loc 1 113 48 is_stmt 0
 228 0006 53442120 	 mul %d2,%d4,20
 229 000a 01420046 	 addsc.a %a4,%a4,%d2,0
 230              	.LVL12:
 231 000e D9422431 	 lea %a2,[%a4]4324
 232 0012 19422431 	 ld.w %d2,[%a4]4324
 233 0016 B712812E 	 insert %d2,%d2,1,29,1
 234 001a 7422     	 st.w [%a2]0,%d2
 235              	.L10:
 114:../Libraries/iLLD/TC4xx/Tricore/Dre/Std/IfxDre.c ****     }
 115:../Libraries/iLLD/TC4xx/Tricore/Dre/Std/IfxDre.c **** }
 236              	 .loc 1 115 1
 237 001c 0090     	 ret 
 238              	.LFE496:
 240              	 .global IfxDre_setEibufNewEthernetFrameRequest_end
 241              	IfxDre_setEibufNewEthernetFrameRequest_end:
 242              	 .section .text.IfxDre_clearBufferPendingRequest,"ax",@progbits
 243              	 .align 1
 244              	 .global IfxDre_clearBufferPendingRequest
 246              	IfxDre_clearBufferPendingRequest:
 247              	.LFB497:
 116:../Libraries/iLLD/TC4xx/Tricore/Dre/Std/IfxDre.c **** 
 117:../Libraries/iLLD/TC4xx/Tricore/Dre/Std/IfxDre.c **** 
 118:../Libraries/iLLD/TC4xx/Tricore/Dre/Std/IfxDre.c **** void IfxDre_clearBufferPendingRequest(Ifx_DRE *dre, uint8 bufferIndex)
 119:../Libraries/iLLD/TC4xx/Tricore/Dre/Std/IfxDre.c **** {
 248              	 .loc 1 119 1 is_stmt 1
 249              	.LVL13:
 250 0000 40AE     	 mov.aa %a14,%SP
 251              	.LCFI5:
 120:../Libraries/iLLD/TC4xx/Tricore/Dre/Std/IfxDre.c ****     if (bufferIndex < 6)
 252              	 .loc 1 120 5
 253              	 .loc 1 120 8 is_stmt 0
 254 0002 FF640080 	 jge.u %d4,6,.L12
 121:../Libraries/iLLD/TC4xx/Tricore/Dre/Std/IfxDre.c ****     {
 122:../Libraries/iLLD/TC4xx/Tricore/Dre/Std/IfxDre.c ****     	/* Write 1 to clear */
 123:../Libraries/iLLD/TC4xx/Tricore/Dre/Std/IfxDre.c ****         dre->EIBUF[bufferIndex].STATUS.B.BPRC = 1;
 255              	 .loc 1 123 9 is_stmt 1
 256              	 .loc 1 123 47 is_stmt 0
 257 0006 53442120 	 mul %d2,%d4,20
 258 000a 01420046 	 addsc.a %a4,%a4,%d2,0
 259              	.LVL14:
 260 000e D9422431 	 lea %a2,[%a4]4324
 261 0012 19422431 	 ld.w %d2,[%a4]4324
 262 0016 B712012F 	 insert %d2,%d2,1,30,1
 263 001a 7422     	 st.w [%a2]0,%d2
 264              	.L12:
 124:../Libraries/iLLD/TC4xx/Tricore/Dre/Std/IfxDre.c ****     }
 125:../Libraries/iLLD/TC4xx/Tricore/Dre/Std/IfxDre.c **** }
 265              	 .loc 1 125 1
 266 001c 0090     	 ret 
 267              	.LFE497:
 269              	 .global IfxDre_clearBufferPendingRequest_end
 270              	IfxDre_clearBufferPendingRequest_end:
 271              	 .section .text.IfxDre_getEibufPendingRequest,"ax",@progbits
 272              	 .align 1
 273              	 .global IfxDre_getEibufPendingRequest
 275              	IfxDre_getEibufPendingRequest:
 276              	.LFB498:
 126:../Libraries/iLLD/TC4xx/Tricore/Dre/Std/IfxDre.c **** 
 127:../Libraries/iLLD/TC4xx/Tricore/Dre/Std/IfxDre.c **** 
 128:../Libraries/iLLD/TC4xx/Tricore/Dre/Std/IfxDre.c **** boolean IfxDre_getEibufPendingRequest(Ifx_DRE *dre, uint8 bufferIndex)
 129:../Libraries/iLLD/TC4xx/Tricore/Dre/Std/IfxDre.c **** {
 277              	 .loc 1 129 1 is_stmt 1
 278              	.LVL15:
 279 0000 40AE     	 mov.aa %a14,%SP
 280              	.LCFI6:
 130:../Libraries/iLLD/TC4xx/Tricore/Dre/Std/IfxDre.c **** 	/* Gets and returns the status of corresponding Ethernet Input Buffer's Buffer Pending Request */
 131:../Libraries/iLLD/TC4xx/Tricore/Dre/Std/IfxDre.c ****     return (boolean)(dre->EIBUF[bufferIndex].STATUS.B.BPR);
 281              	 .loc 1 131 5
 282              	 .loc 1 131 54 is_stmt 0
 283 0002 8042     	 mov.d %d2,%a4
 284 0004 13442142 	 madd %d4,%d2,%d4,20
 285              	.LVL16:
 286 0008 6042     	 mov.a %a2,%d4
 287 000a 19222431 	 ld.w %d2,[%a2]4324
 132:../Libraries/iLLD/TC4xx/Tricore/Dre/Std/IfxDre.c **** }
 288              	 .loc 1 132 1
 289 000e 8F121E20 	 sh %d2,%d2,-31
 290 0012 0090     	 ret 
 291              	.LFE498:
 293              	 .global IfxDre_getEibufPendingRequest_end
 294              	IfxDre_getEibufPendingRequest_end:
 295              	 .section .text.IfxDre_initApConfig,"ax",@progbits
 296              	 .align 1
 297              	 .global IfxDre_initApConfig
 299              	IfxDre_initApConfig:
 300              	.LFB499:
 133:../Libraries/iLLD/TC4xx/Tricore/Dre/Std/IfxDre.c **** 
 134:../Libraries/iLLD/TC4xx/Tricore/Dre/Std/IfxDre.c **** 
 135:../Libraries/iLLD/TC4xx/Tricore/Dre/Std/IfxDre.c **** void IfxDre_initApConfig(IfxDre_ApConfig *config)
 136:../Libraries/iLLD/TC4xx/Tricore/Dre/Std/IfxDre.c **** {
 301              	 .loc 1 136 1 is_stmt 1
 302              	.LVL17:
 303 0000 40AE     	 mov.aa %a14,%SP
 304              	.LCFI7:
 305 0002 404C     	 mov.aa %a12,%a4
 137:../Libraries/iLLD/TC4xx/Tricore/Dre/Std/IfxDre.c **** 	/* Initialize PROTE configuration structure with default configuration */
 138:../Libraries/iLLD/TC4xx/Tricore/Dre/Std/IfxDre.c ****     IfxApProt_initConfig(&config->proteConfig);
 306              	 .loc 1 138 5
 307 0004 6D000000 	 call IfxApProt_initConfig
 308              	.LVL18:
 139:../Libraries/iLLD/TC4xx/Tricore/Dre/Std/IfxDre.c ****     /* Initialize PROTSE configuration structure with default configuration */
 140:../Libraries/iLLD/TC4xx/Tricore/Dre/Std/IfxDre.c ****     IfxApProt_initConfig(&config->protseConfig);
 309              	 .loc 1 140 5
 310 0008 D9C41400 	 lea %a4,[%a12]20
 311 000c 6D000000 	 call IfxApProt_initConfig
 312              	.LVL19:
 141:../Libraries/iLLD/TC4xx/Tricore/Dre/Std/IfxDre.c ****     /* Initialize APU configuration structure with default configuration */
 142:../Libraries/iLLD/TC4xx/Tricore/Dre/Std/IfxDre.c ****     IfxApApu_initConfig(&config->apuConfig);
 313              	 .loc 1 142 5
 314 0010 D9C42800 	 lea %a4,[%a12]40
 315 0014 6D000000 	 call IfxApApu_initConfig
 316              	.LVL20:
 143:../Libraries/iLLD/TC4xx/Tricore/Dre/Std/IfxDre.c **** 
 144:../Libraries/iLLD/TC4xx/Tricore/Dre/Std/IfxDre.c ****     uint8 i = 0;
 317              	 .loc 1 144 5
 145:../Libraries/iLLD/TC4xx/Tricore/Dre/Std/IfxDre.c **** 
 146:../Libraries/iLLD/TC4xx/Tricore/Dre/Std/IfxDre.c ****     for (i = 0; i < IFXDRE_NUM_EIBUF_BUFFERS; i++)
 318              	 .loc 1 146 5
 319              	 .loc 1 146 12 is_stmt 0
 320 0018 8208     	 mov %d8,0
 321              	 .loc 1 146 5
 322 001a 1D000000 	 j .L16
 323              	.LVL21:
 324              	.L17:
 147:../Libraries/iLLD/TC4xx/Tricore/Dre/Std/IfxDre.c ****     {
 148:../Libraries/iLLD/TC4xx/Tricore/Dre/Std/IfxDre.c ****     	/* Initialize ETH APU configuration structure with default configuration */
 149:../Libraries/iLLD/TC4xx/Tricore/Dre/Std/IfxDre.c ****         IfxApApu_initConfig(&config->ethApuConfig[i]);
 325              	 .loc 1 149 9 is_stmt 1 discriminator 3
 326 001e 53482120 	 mul %d2,%d8,20
 327 0022 6022     	 mov.a %a2,%d2
 328 0024 D9243C00 	 lea %a4,[%a2]60
 329 0028 30C4     	 add.a %a4,%a12
 330 002a 6D000000 	 call IfxApApu_initConfig
 331              	.LVL22:
 146:../Libraries/iLLD/TC4xx/Tricore/Dre/Std/IfxDre.c ****     {
 332              	 .loc 1 146 48 discriminator 3
 333 002e C218     	 add %d8,1
 334              	.LVL23:
 335 0030 8FF80F81 	 and %d8,%d8,255
 336              	.LVL24:
 337              	.L16:
 146:../Libraries/iLLD/TC4xx/Tricore/Dre/Std/IfxDre.c ****     {
 338              	 .loc 1 146 19 discriminator 1
 339 0034 BF680080 	 jlt.u %d8,6,.L17
 150:../Libraries/iLLD/TC4xx/Tricore/Dre/Std/IfxDre.c ****     }
 151:../Libraries/iLLD/TC4xx/Tricore/Dre/Std/IfxDre.c **** }
 340              	 .loc 1 151 1 is_stmt 0
 341 0038 0090     	 ret 
 342              	.LFE499:
 344              	 .global IfxDre_initApConfig_end
 345              	IfxDre_initApConfig_end:
 346              	 .section .text.IfxDre_initAp,"ax",@progbits
 347              	 .align 1
 348              	 .global IfxDre_initAp
 350              	IfxDre_initAp:
 351              	.LFB500:
 152:../Libraries/iLLD/TC4xx/Tricore/Dre/Std/IfxDre.c **** 
 153:../Libraries/iLLD/TC4xx/Tricore/Dre/Std/IfxDre.c **** 
 154:../Libraries/iLLD/TC4xx/Tricore/Dre/Std/IfxDre.c **** void IfxDre_initAp(Ifx_DRE *dre, IfxDre_ApConfig *config)
 155:../Libraries/iLLD/TC4xx/Tricore/Dre/Std/IfxDre.c **** {
 352              	 .loc 1 155 1 is_stmt 1
 353              	.LVL25:
 354 0000 40AE     	 mov.aa %a14,%SP
 355              	.LCFI8:
 356 0002 404C     	 mov.aa %a12,%a4
 357 0004 405D     	 mov.aa %a13,%a5
 156:../Libraries/iLLD/TC4xx/Tricore/Dre/Std/IfxDre.c ****     /* Initialize the PROTs */
 157:../Libraries/iLLD/TC4xx/Tricore/Dre/Std/IfxDre.c ****     IfxApProt_init((Ifx_PROT_PROT *)&dre->PROTE, &config->proteConfig);
 358              	 .loc 1 157 5
 359 0006 D9441800 	 lea %a4,[%a4]24
 360              	.LVL26:
 361 000a 6D000000 	 call IfxApProt_init
 362              	.LVL27:
 158:../Libraries/iLLD/TC4xx/Tricore/Dre/Std/IfxDre.c ****     IfxApProt_init((Ifx_PROT_PROT *)&dre->PROTSE, &config->protseConfig);
 363              	 .loc 1 158 5
 364              	 .loc 1 158 37 is_stmt 0
 365 000e 80C2     	 mov.d %d2,%a12
 366 0010 1BC20190 	 addi %d9,%d2,28
 367              	 .loc 1 158 5
 368 0014 D9D51400 	 lea %a5,[%a13]20
 369 0018 6094     	 mov.a %a4,%d9
 370 001a 6D000000 	 call IfxApProt_init
 371              	.LVL28:
 159:../Libraries/iLLD/TC4xx/Tricore/Dre/Std/IfxDre.c **** 
 160:../Libraries/iLLD/TC4xx/Tricore/Dre/Std/IfxDre.c ****     /* Change the state to CONFIG, Configure APU and set PROT state back to RUN */
 161:../Libraries/iLLD/TC4xx/Tricore/Dre/Std/IfxDre.c ****     IfxApProt_setState((Ifx_PROT_PROT *)&dre->PROTSE, IfxApProt_State_config);
 372              	 .loc 1 161 5 is_stmt 1
 373 001e 8214     	 mov %d4,1
 374 0020 6094     	 mov.a %a4,%d9
 375 0022 6D000000 	 call IfxApProt_setState
 376              	.LVL29:
 162:../Libraries/iLLD/TC4xx/Tricore/Dre/Std/IfxDre.c ****     /* Initialize the APU */
 163:../Libraries/iLLD/TC4xx/Tricore/Dre/Std/IfxDre.c ****     IfxApApu_init((Ifx_ACCEN_ACCEN *)&dre->ACCEN, &config->apuConfig);
 377              	 .loc 1 163 5
 378 0026 D9D52800 	 lea %a5,[%a13]40
 379 002a D9C42000 	 lea %a4,[%a12]32
 380 002e 6D000000 	 call IfxApApu_init
 381              	.LVL30:
 164:../Libraries/iLLD/TC4xx/Tricore/Dre/Std/IfxDre.c **** 
 165:../Libraries/iLLD/TC4xx/Tricore/Dre/Std/IfxDre.c ****     uint8 i = 0;
 382              	 .loc 1 165 5
 166:../Libraries/iLLD/TC4xx/Tricore/Dre/Std/IfxDre.c **** 
 167:../Libraries/iLLD/TC4xx/Tricore/Dre/Std/IfxDre.c ****     for (i = 0; i < IFXDRE_NUM_EIBUF_BUFFERS; i++)
 383              	 .loc 1 167 5
 384              	 .loc 1 167 12 is_stmt 0
 385 0032 8208     	 mov %d8,0
 386              	 .loc 1 167 5
 387 0034 1D000000 	 j .L19
 388              	.LVL31:
 389              	.L20:
 168:../Libraries/iLLD/TC4xx/Tricore/Dre/Std/IfxDre.c ****     {
 169:../Libraries/iLLD/TC4xx/Tricore/Dre/Std/IfxDre.c ****     	/* Initialize the APU */
 170:../Libraries/iLLD/TC4xx/Tricore/Dre/Std/IfxDre.c ****         IfxApApu_init((Ifx_ACCEN_ACCEN *)&dre->ETH[i].ACCEN, &config->ethApuConfig[i]);
 390              	 .loc 1 170 9 is_stmt 1 discriminator 3
 391              	 .loc 1 170 42 is_stmt 0 discriminator 3
 392 0038 1B280030 	 addi %d3,%d8,2
 393 003c 0653     	 sh %d3,5
 394              	 .loc 1 170 9 discriminator 3
 395 003e 53482120 	 mul %d2,%d8,20
 396 0042 6022     	 mov.a %a2,%d2
 397 0044 D9253C00 	 lea %a5,[%a2]60
 398 0048 30D5     	 add.a %a5,%a13
 399 004a 01C30046 	 addsc.a %a4,%a12,%d3,0
 400 004e 6D000000 	 call IfxApApu_init
 401              	.LVL32:
 167:../Libraries/iLLD/TC4xx/Tricore/Dre/Std/IfxDre.c ****     {
 402              	 .loc 1 167 48 is_stmt 1 discriminator 3
 403 0052 C218     	 add %d8,1
 404              	.LVL33:
 405 0054 8FF80F81 	 and %d8,%d8,255
 406              	.LVL34:
 407              	.L19:
 167:../Libraries/iLLD/TC4xx/Tricore/Dre/Std/IfxDre.c ****     {
 408              	 .loc 1 167 19 discriminator 1
 409 0058 BF680080 	 jlt.u %d8,6,.L20
 171:../Libraries/iLLD/TC4xx/Tricore/Dre/Std/IfxDre.c ****     }
 172:../Libraries/iLLD/TC4xx/Tricore/Dre/Std/IfxDre.c **** 
 173:../Libraries/iLLD/TC4xx/Tricore/Dre/Std/IfxDre.c ****     IfxApProt_setState((Ifx_PROT_PROT *)&dre->PROTSE, IfxApProt_State_run);
 410              	 .loc 1 173 5
 411 005c 8244     	 mov %d4,4
 412 005e 6094     	 mov.a %a4,%d9
 413 0060 6D000000 	 call IfxApProt_setState
 414              	.LVL35:
 174:../Libraries/iLLD/TC4xx/Tricore/Dre/Std/IfxDre.c **** }
 415              	 .loc 1 174 1 is_stmt 0
 416 0064 0090     	 ret 
 417              	.LFE500:
 419              	 .global IfxDre_initAp_end
 420              	IfxDre_initAp_end:
 421              	 .section .text.IfxDre_setInterruptEnable,"ax",@progbits
 422              	 .align 1
 423              	 .global IfxDre_setInterruptEnable
 425              	IfxDre_setInterruptEnable:
 426              	.LFB501:
 175:../Libraries/iLLD/TC4xx/Tricore/Dre/Std/IfxDre.c **** 
 176:../Libraries/iLLD/TC4xx/Tricore/Dre/Std/IfxDre.c **** 
 177:../Libraries/iLLD/TC4xx/Tricore/Dre/Std/IfxDre.c **** void IfxDre_setInterruptEnable(Ifx_DRE *dre, boolean enable, IfxDre_InterruptLine index)
 178:../Libraries/iLLD/TC4xx/Tricore/Dre/Std/IfxDre.c **** {
 427              	 .loc 1 178 1 is_stmt 1
 428              	.LVL36:
 429 0000 40AE     	 mov.aa %a14,%SP
 430              	.LCFI9:
 179:../Libraries/iLLD/TC4xx/Tricore/Dre/Std/IfxDre.c ****     if (enable)
 431              	 .loc 1 179 5
 432              	 .loc 1 179 8 is_stmt 0
 433 0002 DF040000 	 jz %d4,.L22
 180:../Libraries/iLLD/TC4xx/Tricore/Dre/Std/IfxDre.c ****     {
 181:../Libraries/iLLD/TC4xx/Tricore/Dre/Std/IfxDre.c ****         dre->IE.U = (dre->IE.U | (1 << index));
 434              	 .loc 1 181 9 is_stmt 1
 435              	 .loc 1 181 29 is_stmt 0
 436 0006 D94254C1 	 lea %a2,[%a4]5908
 437 000a 194354C1 	 ld.w %d3,[%a4]5908
 438              	 .loc 1 181 32
 439 000e D7130135 	 insert %d3,%d3,1,%d5,1
 440              	 .loc 1 181 19
 441 0012 7423     	 st.w [%a2]0,%d3
 442 0014 0090     	 ret 
 443              	.L22:
 444              	.LBB11:
 182:../Libraries/iLLD/TC4xx/Tricore/Dre/Std/IfxDre.c ****     }
 183:../Libraries/iLLD/TC4xx/Tricore/Dre/Std/IfxDre.c ****     else
 184:../Libraries/iLLD/TC4xx/Tricore/Dre/Std/IfxDre.c ****     {
 185:../Libraries/iLLD/TC4xx/Tricore/Dre/Std/IfxDre.c ****         uint32 fixedMaskUpper16 = 0x0000FFFF; /* Only 16 lines */
 445              	 .loc 1 185 9 is_stmt 1
 446              	.LVL37:
 186:../Libraries/iLLD/TC4xx/Tricore/Dre/Std/IfxDre.c ****         uint32 maskvalue        = ~(1 << index);
 447              	 .loc 1 186 9
 187:../Libraries/iLLD/TC4xx/Tricore/Dre/Std/IfxDre.c ****         dre->IE.U = (dre->IE.U & (fixedMaskUpper16 & maskvalue));
 448              	 .loc 1 187 9
 449              	 .loc 1 187 29 is_stmt 0
 450 0016 D94254C1 	 lea %a2,[%a4]5908
 451 001a 194354C1 	 ld.w %d3,[%a4]5908
 452              	 .loc 1 187 52
 453 001e BBF0FF4F 	 mov.u %d4,65535
 454              	.LVL38:
 455 0022 D7040125 	 insert %d2,%d4,0,%d5,1
 456              	 .loc 1 187 32
 457 0026 2632     	 and %d2,%d3
 458              	 .loc 1 187 19
 459 0028 7422     	 st.w [%a2]0,%d2
 460              	.LBE11:
 188:../Libraries/iLLD/TC4xx/Tricore/Dre/Std/IfxDre.c ****     }
 189:../Libraries/iLLD/TC4xx/Tricore/Dre/Std/IfxDre.c **** }
 461              	 .loc 1 189 1
 462 002a 0090     	 ret 
 463              	.LFE501:
 465              	 .global IfxDre_setInterruptEnable_end
 466              	IfxDre_setInterruptEnable_end:
 467              	 .section .text.IfxDre_getInterruptLineStatusFlag,"ax",@progbits
 468              	 .align 1
 469              	 .global IfxDre_getInterruptLineStatusFlag
 471              	IfxDre_getInterruptLineStatusFlag:
 472              	.LFB502:
 190:../Libraries/iLLD/TC4xx/Tricore/Dre/Std/IfxDre.c **** 
 191:../Libraries/iLLD/TC4xx/Tricore/Dre/Std/IfxDre.c **** 
 192:../Libraries/iLLD/TC4xx/Tricore/Dre/Std/IfxDre.c **** boolean IfxDre_getInterruptLineStatusFlag(Ifx_DRE *dre, IfxDre_InterruptLine index)
 193:../Libraries/iLLD/TC4xx/Tricore/Dre/Std/IfxDre.c **** {
 473              	 .loc 1 193 1 is_stmt 1
 474              	.LVL39:
 475 0000 40AE     	 mov.aa %a14,%SP
 476              	.LCFI10:
 194:../Libraries/iLLD/TC4xx/Tricore/Dre/Std/IfxDre.c **** 	/* Returns the DRE Interrupt Line status */
 195:../Libraries/iLLD/TC4xx/Tricore/Dre/Std/IfxDre.c ****     if (dre->INTSIG.U & (1 << index))
 477              	 .loc 1 195 5
 478              	 .loc 1 195 20 is_stmt 0
 479 0002 194350C1 	 ld.w %d3,[%a4]5904
 480              	 .loc 1 195 28
 481 0006 8212     	 mov %d2,1
 482 0008 0F420020 	 sh %d2,%d2,%d4
 483              	 .loc 1 195 23
 484 000c 2632     	 and %d2,%d3
 485              	 .loc 1 195 8
 486 000e DF020000 	 jz %d2,.L26
 196:../Libraries/iLLD/TC4xx/Tricore/Dre/Std/IfxDre.c ****     {
 197:../Libraries/iLLD/TC4xx/Tricore/Dre/Std/IfxDre.c ****         return TRUE;
 487              	 .loc 1 197 16
 488 0012 8212     	 mov %d2,1
 489 0014 0090     	 ret 
 490              	.L26:
 198:../Libraries/iLLD/TC4xx/Tricore/Dre/Std/IfxDre.c ****     }
 199:../Libraries/iLLD/TC4xx/Tricore/Dre/Std/IfxDre.c ****     else
 200:../Libraries/iLLD/TC4xx/Tricore/Dre/Std/IfxDre.c ****     {
 201:../Libraries/iLLD/TC4xx/Tricore/Dre/Std/IfxDre.c ****         return FALSE;
 491              	 .loc 1 201 16
 492 0016 8202     	 mov %d2,0
 202:../Libraries/iLLD/TC4xx/Tricore/Dre/Std/IfxDre.c ****     }
 203:../Libraries/iLLD/TC4xx/Tricore/Dre/Std/IfxDre.c **** }
 493              	 .loc 1 203 1
 494 0018 0090     	 ret 
 495              	.LFE502:
 497              	 .global IfxDre_getInterruptLineStatusFlag_end
 498              	IfxDre_getInterruptLineStatusFlag_end:
 499              	 .section .text.IfxDre_getDMemWaterMarkFlag,"ax",@progbits
 500              	 .align 1
 501              	 .global IfxDre_getDMemWaterMarkFlag
 503              	IfxDre_getDMemWaterMarkFlag:
 504              	.LFB503:
 204:../Libraries/iLLD/TC4xx/Tricore/Dre/Std/IfxDre.c **** 
 205:../Libraries/iLLD/TC4xx/Tricore/Dre/Std/IfxDre.c **** 
 206:../Libraries/iLLD/TC4xx/Tricore/Dre/Std/IfxDre.c **** boolean IfxDre_getDMemWaterMarkFlag(Ifx_DRE *dre, uint8 index)
 207:../Libraries/iLLD/TC4xx/Tricore/Dre/Std/IfxDre.c **** {
 505              	 .loc 1 207 1 is_stmt 1
 506              	.LVL40:
 507 0000 40AE     	 mov.aa %a14,%SP
 508              	.LCFI11:
 208:../Libraries/iLLD/TC4xx/Tricore/Dre/Std/IfxDre.c **** 	/* Gets and returns the DMEM Water Mark Flag Status */
 209:../Libraries/iLLD/TC4xx/Tricore/Dre/Std/IfxDre.c ****     return dre->DMEM[index].STATUS.B.WMF;
 509              	 .loc 1 209 5
 510              	 .loc 1 209 37 is_stmt 0
 511 0002 0654     	 sh %d4,5
 512              	.LVL41:
 513 0004 01440046 	 addsc.a %a4,%a4,%d4,0
 514              	.LVL42:
 515 0008 194210E1 	 ld.w %d2,[%a4]5008
 210:../Libraries/iLLD/TC4xx/Tricore/Dre/Std/IfxDre.c **** }
 516              	 .loc 1 210 1
 517 000c 37026128 	 extr.u %d2,%d2,16,1
 518 0010 0090     	 ret 
 519              	.LFE503:
 521              	 .global IfxDre_getDMemWaterMarkFlag_end
 522              	IfxDre_getDMemWaterMarkFlag_end:
 523              	 .section .text.IfxDre_getDMemWrapAroundFlag,"ax",@progbits
 524              	 .align 1
 525              	 .global IfxDre_getDMemWrapAroundFlag
 527              	IfxDre_getDMemWrapAroundFlag:
 528              	.LFB504:
 211:../Libraries/iLLD/TC4xx/Tricore/Dre/Std/IfxDre.c **** 
 212:../Libraries/iLLD/TC4xx/Tricore/Dre/Std/IfxDre.c **** 
 213:../Libraries/iLLD/TC4xx/Tricore/Dre/Std/IfxDre.c **** boolean IfxDre_getDMemWrapAroundFlag(Ifx_DRE *dre, uint8 index)
 214:../Libraries/iLLD/TC4xx/Tricore/Dre/Std/IfxDre.c **** {
 529              	 .loc 1 214 1 is_stmt 1
 530              	.LVL43:
 531 0000 40AE     	 mov.aa %a14,%SP
 532              	.LCFI12:
 215:../Libraries/iLLD/TC4xx/Tricore/Dre/Std/IfxDre.c **** 	/* Gets and returns the DMEM Warp Around Flag Status */
 216:../Libraries/iLLD/TC4xx/Tricore/Dre/Std/IfxDre.c ****     return dre->DMEM[index].STATUS.B.WAF;
 533              	 .loc 1 216 5
 534              	 .loc 1 216 37 is_stmt 0
 535 0002 0654     	 sh %d4,5
 536              	.LVL44:
 537 0004 01440046 	 addsc.a %a4,%a4,%d4,0
 538              	.LVL45:
 539 0008 194210E1 	 ld.w %d2,[%a4]5008
 217:../Libraries/iLLD/TC4xx/Tricore/Dre/Std/IfxDre.c **** }
 540              	 .loc 1 217 1
 541 000c 3702E128 	 extr.u %d2,%d2,17,1
 542 0010 0090     	 ret 
 543              	.LFE504:
 545              	 .global IfxDre_getDMemWrapAroundFlag_end
 546              	IfxDre_getDMemWrapAroundFlag_end:
 547              	 .section .text.IfxDre_clearDMemWaterMarkFlag,"ax",@progbits
 548              	 .align 1
 549              	 .global IfxDre_clearDMemWaterMarkFlag
 551              	IfxDre_clearDMemWaterMarkFlag:
 552              	.LFB505:
 218:../Libraries/iLLD/TC4xx/Tricore/Dre/Std/IfxDre.c **** 
 219:../Libraries/iLLD/TC4xx/Tricore/Dre/Std/IfxDre.c **** 
 220:../Libraries/iLLD/TC4xx/Tricore/Dre/Std/IfxDre.c **** void IfxDre_clearDMemWaterMarkFlag(Ifx_DRE *dre, uint8 index)
 221:../Libraries/iLLD/TC4xx/Tricore/Dre/Std/IfxDre.c **** {
 553              	 .loc 1 221 1 is_stmt 1
 554              	.LVL46:
 555 0000 40AE     	 mov.aa %a14,%SP
 556              	.LCFI13:
 222:../Libraries/iLLD/TC4xx/Tricore/Dre/Std/IfxDre.c **** 	/* Write 1 to clear */
 223:../Libraries/iLLD/TC4xx/Tricore/Dre/Std/IfxDre.c ****     dre->DMEM[index].STATUS.U = 1 << IFX_DRE_DMEM_STATUS_WMF_OFF;
 557              	 .loc 1 223 5
 558              	 .loc 1 223 31 is_stmt 0
 559 0002 0654     	 sh %d4,5
 560              	.LVL47:
 561 0004 01440046 	 addsc.a %a4,%a4,%d4,0
 562              	.LVL48:
 563 0008 7B100020 	 movh %d2,1
 564 000c 594210E1 	 st.w [%a4]5008,%d2
 224:../Libraries/iLLD/TC4xx/Tricore/Dre/Std/IfxDre.c **** }
 565              	 .loc 1 224 1
 566 0010 0090     	 ret 
 567              	.LFE505:
 569              	 .global IfxDre_clearDMemWaterMarkFlag_end
 570              	IfxDre_clearDMemWaterMarkFlag_end:
 571              	 .section .text.IfxDre_clearDMemWrapAroundFlag,"ax",@progbits
 572              	 .align 1
 573              	 .global IfxDre_clearDMemWrapAroundFlag
 575              	IfxDre_clearDMemWrapAroundFlag:
 576              	.LFB506:
 225:../Libraries/iLLD/TC4xx/Tricore/Dre/Std/IfxDre.c **** 
 226:../Libraries/iLLD/TC4xx/Tricore/Dre/Std/IfxDre.c **** 
 227:../Libraries/iLLD/TC4xx/Tricore/Dre/Std/IfxDre.c **** void IfxDre_clearDMemWrapAroundFlag(Ifx_DRE *dre, uint8 index)
 228:../Libraries/iLLD/TC4xx/Tricore/Dre/Std/IfxDre.c **** {
 577              	 .loc 1 228 1 is_stmt 1
 578              	.LVL49:
 579 0000 40AE     	 mov.aa %a14,%SP
 580              	.LCFI14:
 229:../Libraries/iLLD/TC4xx/Tricore/Dre/Std/IfxDre.c **** 	/* Write 1 to clear */
 230:../Libraries/iLLD/TC4xx/Tricore/Dre/Std/IfxDre.c ****     dre->DMEM[index].STATUS.U = 1 << IFX_DRE_DMEM_STATUS_WAF_OFF;
 581              	 .loc 1 230 5
 582              	 .loc 1 230 31 is_stmt 0
 583 0002 0654     	 sh %d4,5
 584              	.LVL50:
 585 0004 01440046 	 addsc.a %a4,%a4,%d4,0
 586              	.LVL51:
 587 0008 7B200020 	 movh %d2,2
 588 000c 594210E1 	 st.w [%a4]5008,%d2
 231:../Libraries/iLLD/TC4xx/Tricore/Dre/Std/IfxDre.c **** }
 589              	 .loc 1 231 1
 590 0010 0090     	 ret 
 591              	.LFE506:
 593              	 .global IfxDre_clearDMemWrapAroundFlag_end
 594              	IfxDre_clearDMemWrapAroundFlag_end:
 595              	 .section .text.IfxDre_get_CIBL_Status_BufferFullFlag,"ax",@progbits
 596              	 .align 1
 597              	 .global IfxDre_get_CIBL_Status_BufferFullFlag
 599              	IfxDre_get_CIBL_Status_BufferFullFlag:
 600              	.LFB507:
 232:../Libraries/iLLD/TC4xx/Tricore/Dre/Std/IfxDre.c **** 
 233:../Libraries/iLLD/TC4xx/Tricore/Dre/Std/IfxDre.c **** 
 234:../Libraries/iLLD/TC4xx/Tricore/Dre/Std/IfxDre.c **** boolean IfxDre_get_CIBL_Status_BufferFullFlag(Ifx_DRE *dre)
 235:../Libraries/iLLD/TC4xx/Tricore/Dre/Std/IfxDre.c **** {
 601              	 .loc 1 235 1 is_stmt 1
 602              	.LVL52:
 603 0000 40AE     	 mov.aa %a14,%SP
 604              	.LCFI15:
 236:../Libraries/iLLD/TC4xx/Tricore/Dre/Std/IfxDre.c **** 	/* Gets and returns the status of Buffer Full Flag in CAN Input Buffer List Status register */
 237:../Libraries/iLLD/TC4xx/Tricore/Dre/Std/IfxDre.c ****     return dre->CIBL.STATUS.B.BF;
 605              	 .loc 1 237 5
 606              	 .loc 1 237 30 is_stmt 0
 607 0002 19423C21 	 ld.w %d2,[%a4]4284
 238:../Libraries/iLLD/TC4xx/Tricore/Dre/Std/IfxDre.c **** }
 608              	 .loc 1 238 1
 609 0006 37026128 	 extr.u %d2,%d2,16,1
 610 000a 0090     	 ret 
 611              	.LFE507:
 613              	 .global IfxDre_get_CIBL_Status_BufferFullFlag_end
 614              	IfxDre_get_CIBL_Status_BufferFullFlag_end:
 615              	 .section .text.IfxDre_get_COBL_Status_BufferFullFlag,"ax",@progbits
 616              	 .align 1
 617              	 .global IfxDre_get_COBL_Status_BufferFullFlag
 619              	IfxDre_get_COBL_Status_BufferFullFlag:
 620              	.LFB508:
 239:../Libraries/iLLD/TC4xx/Tricore/Dre/Std/IfxDre.c **** 
 240:../Libraries/iLLD/TC4xx/Tricore/Dre/Std/IfxDre.c **** 
 241:../Libraries/iLLD/TC4xx/Tricore/Dre/Std/IfxDre.c **** boolean IfxDre_get_COBL_Status_BufferFullFlag(Ifx_DRE *dre)
 242:../Libraries/iLLD/TC4xx/Tricore/Dre/Std/IfxDre.c **** {
 621              	 .loc 1 242 1 is_stmt 1
 622              	.LVL53:
 623 0000 40AE     	 mov.aa %a14,%SP
 624              	.LCFI16:
 243:../Libraries/iLLD/TC4xx/Tricore/Dre/Std/IfxDre.c **** 	/* Gets and returns the status of Buffer Full Flag in CAN Output Buffer List Status register */
 244:../Libraries/iLLD/TC4xx/Tricore/Dre/Std/IfxDre.c ****     return dre->COBL.STATUS.B.BF;
 625              	 .loc 1 244 5
 626              	 .loc 1 244 30 is_stmt 0
 627 0002 19421031 	 ld.w %d2,[%a4]4304
 245:../Libraries/iLLD/TC4xx/Tricore/Dre/Std/IfxDre.c **** }
 628              	 .loc 1 245 1
 629 0006 37026128 	 extr.u %d2,%d2,16,1
 630 000a 0090     	 ret 
 631              	.LFE508:
 633              	 .global IfxDre_get_COBL_Status_BufferFullFlag_end
 634              	IfxDre_get_COBL_Status_BufferFullFlag_end:
 635              	 .section .text.IfxDre_get_EIBUF_Status_EthernetFrameErrorFlag,"ax",@progbits
 636              	 .align 1
 637              	 .global IfxDre_get_EIBUF_Status_EthernetFrameErrorFlag
 639              	IfxDre_get_EIBUF_Status_EthernetFrameErrorFlag:
 640              	.LFB509:
 246:../Libraries/iLLD/TC4xx/Tricore/Dre/Std/IfxDre.c **** 
 247:../Libraries/iLLD/TC4xx/Tricore/Dre/Std/IfxDre.c **** 
 248:../Libraries/iLLD/TC4xx/Tricore/Dre/Std/IfxDre.c **** boolean IfxDre_get_EIBUF_Status_EthernetFrameErrorFlag(Ifx_DRE *dre, uint8 index)
 249:../Libraries/iLLD/TC4xx/Tricore/Dre/Std/IfxDre.c **** {
 641              	 .loc 1 249 1 is_stmt 1
 642              	.LVL54:
 643 0000 40AE     	 mov.aa %a14,%SP
 644              	.LCFI17:
 250:../Libraries/iLLD/TC4xx/Tricore/Dre/Std/IfxDre.c **** 	/* Gets and returns the status of Ethernet Frame Error Flag in Ethernet Input Buffer Status regist
 251:../Libraries/iLLD/TC4xx/Tricore/Dre/Std/IfxDre.c ****     return dre->EIBUF[index].STATUS.B.FE;
 645              	 .loc 1 251 5
 646              	 .loc 1 251 38 is_stmt 0
 647 0002 8042     	 mov.d %d2,%a4
 648 0004 13442142 	 madd %d4,%d2,%d4,20
 649              	.LVL55:
 650 0008 6042     	 mov.a %a2,%d4
 651 000a 19222431 	 ld.w %d2,[%a2]4324
 252:../Libraries/iLLD/TC4xx/Tricore/Dre/Std/IfxDre.c **** }
 652              	 .loc 1 252 1
 653 000e 3702E124 	 extr.u %d2,%d2,9,1
 654 0012 0090     	 ret 
 655              	.LFE509:
 657              	 .global IfxDre_get_EIBUF_Status_EthernetFrameErrorFlag_end
 658              	IfxDre_get_EIBUF_Status_EthernetFrameErrorFlag_end:
 659              	 .section .text.IfxDre_clear_EIBUF_Status_EthernetFrameErrorFlag,"ax",@progbits
 660              	 .align 1
 661              	 .global IfxDre_clear_EIBUF_Status_EthernetFrameErrorFlag
 663              	IfxDre_clear_EIBUF_Status_EthernetFrameErrorFlag:
 664              	.LFB510:
 253:../Libraries/iLLD/TC4xx/Tricore/Dre/Std/IfxDre.c **** 
 254:../Libraries/iLLD/TC4xx/Tricore/Dre/Std/IfxDre.c **** 
 255:../Libraries/iLLD/TC4xx/Tricore/Dre/Std/IfxDre.c **** void IfxDre_clear_EIBUF_Status_EthernetFrameErrorFlag(Ifx_DRE *dre, uint8 index)
 256:../Libraries/iLLD/TC4xx/Tricore/Dre/Std/IfxDre.c **** {
 665              	 .loc 1 256 1 is_stmt 1
 666              	.LVL56:
 667 0000 40AE     	 mov.aa %a14,%SP
 668              	.LCFI18:
 257:../Libraries/iLLD/TC4xx/Tricore/Dre/Std/IfxDre.c **** 	/* Write 1 to clear */
 258:../Libraries/iLLD/TC4xx/Tricore/Dre/Std/IfxDre.c ****     dre->EIBUF[index].STATUS.B.FE = 1;
 669              	 .loc 1 258 5
 670              	 .loc 1 258 35 is_stmt 0
 671 0002 53442120 	 mul %d2,%d4,20
 672 0006 01420046 	 addsc.a %a4,%a4,%d2,0
 673              	.LVL57:
 674 000a D9422431 	 lea %a2,[%a4]4324
 675 000e 19422431 	 ld.w %d2,[%a4]4324
 676 0012 B7128124 	 insert %d2,%d2,1,9,1
 677 0016 7422     	 st.w [%a2]0,%d2
 259:../Libraries/iLLD/TC4xx/Tricore/Dre/Std/IfxDre.c **** }
 678              	 .loc 1 259 1
 679 0018 0090     	 ret 
 680              	.LFE510:
 682              	 .global IfxDre_clear_EIBUF_Status_EthernetFrameErrorFlag_end
 683              	IfxDre_clear_EIBUF_Status_EthernetFrameErrorFlag_end:
 684              	 .section .text.IfxDre_get_EOBUF_Status_TxRequestFlag,"ax",@progbits
 685              	 .align 1
 686              	 .global IfxDre_get_EOBUF_Status_TxRequestFlag
 688              	IfxDre_get_EOBUF_Status_TxRequestFlag:
 689              	.LFB511:
 260:../Libraries/iLLD/TC4xx/Tricore/Dre/Std/IfxDre.c **** 
 261:../Libraries/iLLD/TC4xx/Tricore/Dre/Std/IfxDre.c **** 
 262:../Libraries/iLLD/TC4xx/Tricore/Dre/Std/IfxDre.c **** boolean IfxDre_get_EOBUF_Status_TxRequestFlag(Ifx_DRE *dre, uint8 index)
 263:../Libraries/iLLD/TC4xx/Tricore/Dre/Std/IfxDre.c **** {
 690              	 .loc 1 263 1 is_stmt 1
 691              	.LVL58:
 692 0000 40AE     	 mov.aa %a14,%SP
 693              	.LCFI19:
 264:../Libraries/iLLD/TC4xx/Tricore/Dre/Std/IfxDre.c **** 	/* Gets and returns the status of Transmit Request Flag in Ethernet Output Buffer Status register 
 265:../Libraries/iLLD/TC4xx/Tricore/Dre/Std/IfxDre.c ****     return dre->EOBUF[index].STATUS.B.TXREQ;
 694              	 .loc 1 265 5
 695              	 .loc 1 265 38 is_stmt 0
 696 0002 8042     	 mov.d %d2,%a4
 697 0004 13842342 	 madd %d4,%d2,%d4,56
 698              	.LVL59:
 699 0008 6042     	 mov.a %a2,%d4
 700 000a 19223451 	 ld.w %d2,[%a2]4468
 266:../Libraries/iLLD/TC4xx/Tricore/Dre/Std/IfxDre.c **** }
 701              	 .loc 1 266 1
 702 000e 3702E125 	 extr.u %d2,%d2,11,1
 703 0012 0090     	 ret 
 704              	.LFE511:
 706              	 .global IfxDre_get_EOBUF_Status_TxRequestFlag_end
 707              	IfxDre_get_EOBUF_Status_TxRequestFlag_end:
 708              	 .section .text.IfxDre_clear_EOBUF_Status_TxRequestFlag,"ax",@progbits
 709              	 .align 1
 710              	 .global IfxDre_clear_EOBUF_Status_TxRequestFlag
 712              	IfxDre_clear_EOBUF_Status_TxRequestFlag:
 713              	.LFB512:
 267:../Libraries/iLLD/TC4xx/Tricore/Dre/Std/IfxDre.c **** 
 268:../Libraries/iLLD/TC4xx/Tricore/Dre/Std/IfxDre.c **** 
 269:../Libraries/iLLD/TC4xx/Tricore/Dre/Std/IfxDre.c **** void IfxDre_clear_EOBUF_Status_TxRequestFlag(Ifx_DRE *dre, uint8 index)
 270:../Libraries/iLLD/TC4xx/Tricore/Dre/Std/IfxDre.c **** {
 714              	 .loc 1 270 1 is_stmt 1
 715              	.LVL60:
 716 0000 40AE     	 mov.aa %a14,%SP
 717              	.LCFI20:
 271:../Libraries/iLLD/TC4xx/Tricore/Dre/Std/IfxDre.c **** 	/* Write 1 to clear */
 272:../Libraries/iLLD/TC4xx/Tricore/Dre/Std/IfxDre.c ****     dre->EOBUF[index].STATUS.B.TXREQ = 1;
 718              	 .loc 1 272 5
 719              	 .loc 1 272 38 is_stmt 0
 720 0002 53842320 	 mul %d2,%d4,56
 721 0006 01420046 	 addsc.a %a4,%a4,%d2,0
 722              	.LVL61:
 723 000a D9423451 	 lea %a2,[%a4]4468
 724 000e 19423451 	 ld.w %d2,[%a4]4468
 725 0012 B7128125 	 insert %d2,%d2,1,11,1
 726 0016 7422     	 st.w [%a2]0,%d2
 273:../Libraries/iLLD/TC4xx/Tricore/Dre/Std/IfxDre.c **** }
 727              	 .loc 1 273 1
 728 0018 0090     	 ret 
 729              	.LFE512:
 731              	 .global IfxDre_clear_EOBUF_Status_TxRequestFlag_end
 732              	IfxDre_clear_EOBUF_Status_TxRequestFlag_end:
 733              	 .section .text.IfxDre_get_EIBUF_Status_EthernetFrameCompleteFlag,"ax",@progbits
 734              	 .align 1
 735              	 .global IfxDre_get_EIBUF_Status_EthernetFrameCompleteFlag
 737              	IfxDre_get_EIBUF_Status_EthernetFrameCompleteFlag:
 738              	.LFB513:
 274:../Libraries/iLLD/TC4xx/Tricore/Dre/Std/IfxDre.c **** 
 275:../Libraries/iLLD/TC4xx/Tricore/Dre/Std/IfxDre.c **** 
 276:../Libraries/iLLD/TC4xx/Tricore/Dre/Std/IfxDre.c **** boolean IfxDre_get_EIBUF_Status_EthernetFrameCompleteFlag(Ifx_DRE *dre, uint8 index)
 277:../Libraries/iLLD/TC4xx/Tricore/Dre/Std/IfxDre.c **** {
 739              	 .loc 1 277 1 is_stmt 1
 740              	.LVL62:
 741 0000 40AE     	 mov.aa %a14,%SP
 742              	.LCFI21:
 278:../Libraries/iLLD/TC4xx/Tricore/Dre/Std/IfxDre.c **** 	/* Gets and returns the status of Frame Complete Flag in Ethernet Input Buffer Status register */
 279:../Libraries/iLLD/TC4xx/Tricore/Dre/Std/IfxDre.c ****     return dre->EIBUF[index].STATUS.B.FC;
 743              	 .loc 1 279 5
 744              	 .loc 1 279 38 is_stmt 0
 745 0002 8042     	 mov.d %d2,%a4
 746 0004 13442142 	 madd %d4,%d2,%d4,20
 747              	.LVL63:
 748 0008 6042     	 mov.a %a2,%d4
 749 000a 19222431 	 ld.w %d2,[%a2]4324
 280:../Libraries/iLLD/TC4xx/Tricore/Dre/Std/IfxDre.c **** }
 750              	 .loc 1 280 1
 751 000e 3702E127 	 extr.u %d2,%d2,15,1
 752 0012 0090     	 ret 
 753              	.LFE513:
 755              	 .global IfxDre_get_EIBUF_Status_EthernetFrameCompleteFlag_end
 756              	IfxDre_get_EIBUF_Status_EthernetFrameCompleteFlag_end:
 757              	 .section .text.IfxDre_clear_EIBUF_Status_EthernetFrameCompleteFlag,"ax",@progbits
 758              	 .align 1
 759              	 .global IfxDre_clear_EIBUF_Status_EthernetFrameCompleteFlag
 761              	IfxDre_clear_EIBUF_Status_EthernetFrameCompleteFlag:
 762              	.LFB514:
 281:../Libraries/iLLD/TC4xx/Tricore/Dre/Std/IfxDre.c **** 
 282:../Libraries/iLLD/TC4xx/Tricore/Dre/Std/IfxDre.c **** 
 283:../Libraries/iLLD/TC4xx/Tricore/Dre/Std/IfxDre.c **** void IfxDre_clear_EIBUF_Status_EthernetFrameCompleteFlag(Ifx_DRE *dre, uint8 index)
 284:../Libraries/iLLD/TC4xx/Tricore/Dre/Std/IfxDre.c **** {
 763              	 .loc 1 284 1 is_stmt 1
 764              	.LVL64:
 765 0000 40AE     	 mov.aa %a14,%SP
 766              	.LCFI22:
 285:../Libraries/iLLD/TC4xx/Tricore/Dre/Std/IfxDre.c **** 	/* Write 1 to clear */
 286:../Libraries/iLLD/TC4xx/Tricore/Dre/Std/IfxDre.c ****     dre->EIBUF[index].STATUS.B.FC = 1;
 767              	 .loc 1 286 5
 768              	 .loc 1 286 35 is_stmt 0
 769 0002 53442120 	 mul %d2,%d4,20
 770 0006 01420046 	 addsc.a %a4,%a4,%d2,0
 771              	.LVL65:
 772 000a D9422431 	 lea %a2,[%a4]4324
 773 000e 19422431 	 ld.w %d2,[%a4]4324
 774 0012 B7128127 	 insert %d2,%d2,1,15,1
 775 0016 7422     	 st.w [%a2]0,%d2
 287:../Libraries/iLLD/TC4xx/Tricore/Dre/Std/IfxDre.c **** }
 776              	 .loc 1 287 1
 777 0018 0090     	 ret 
 778              	.LFE514:
 780              	 .global IfxDre_clear_EIBUF_Status_EthernetFrameCompleteFlag_end
 781              	IfxDre_clear_EIBUF_Status_EthernetFrameCompleteFlag_end:
 782              	 .section .text.IfxDre_getAndClearInterruptLine8Status,"ax",@progbits
 783              	 .align 1
 784              	 .global IfxDre_getAndClearInterruptLine8Status
 786              	IfxDre_getAndClearInterruptLine8Status:
 787              	.LFB515:
 288:../Libraries/iLLD/TC4xx/Tricore/Dre/Std/IfxDre.c **** 
 289:../Libraries/iLLD/TC4xx/Tricore/Dre/Std/IfxDre.c **** 
 290:../Libraries/iLLD/TC4xx/Tricore/Dre/Std/IfxDre.c **** void IfxDre_getAndClearInterruptLine8Status(Ifx_DRE *dre, IfxDre_Interrupt_Line8_Status *status)
 291:../Libraries/iLLD/TC4xx/Tricore/Dre/Std/IfxDre.c **** {
 788              	 .loc 1 291 1 is_stmt 1
 789              	.LVL66:
 790 0000 40AE     	 mov.aa %a14,%SP
 791              	.LCFI23:
 292:../Libraries/iLLD/TC4xx/Tricore/Dre/Std/IfxDre.c ****     Ifx_DRE_CIBL_STATUS ciblStatus;
 792              	 .loc 1 292 5
 293:../Libraries/iLLD/TC4xx/Tricore/Dre/Std/IfxDre.c ****     ciblStatus.U       = dre->CIBL.STATUS.U;
 793              	 .loc 1 293 5
 794              	 .loc 1 293 42 is_stmt 0
 795 0002 D9423C21 	 lea %a2,[%a4]4284
 796 0006 19433C21 	 ld.w %d3,[%a4]4284
 294:../Libraries/iLLD/TC4xx/Tricore/Dre/Std/IfxDre.c **** 
 295:../Libraries/iLLD/TC4xx/Tricore/Dre/Std/IfxDre.c ****     /* Write 1 to clear CRCE and WDTE, BF is read only and updated by H/w */
 296:../Libraries/iLLD/TC4xx/Tricore/Dre/Std/IfxDre.c ****     dre->CIBL.STATUS.U = 0xC0000;
 797              	 .loc 1 296 5 is_stmt 1
 798              	 .loc 1 296 24 is_stmt 0
 799 000a 7BC00020 	 movh %d2,12
 800 000e 7422     	 st.w [%a2]0,%d2
 297:../Libraries/iLLD/TC4xx/Tricore/Dre/Std/IfxDre.c **** 
 298:../Libraries/iLLD/TC4xx/Tricore/Dre/Std/IfxDre.c ****     status->CIBL_BF    = ciblStatus.B.BF;
 801              	 .loc 1 298 5 is_stmt 1
 802              	 .loc 1 298 24 is_stmt 0
 803 0010 1452     	 ld.bu %d2,[%a5]0
 804 0012 67320028 	 ins.t %d2,%d2,0,%d3,16
 805 0016 3452     	 st.b [%a5]0,%d2
 299:../Libraries/iLLD/TC4xx/Tricore/Dre/Std/IfxDre.c ****     status->CIBL_CRCE  = ciblStatus.B.CRCE;
 806              	 .loc 1 299 5 is_stmt 1
 807              	 .loc 1 299 24 is_stmt 0
 808 0018 67320129 	 ins.t %d2,%d2,1,%d3,18
 809 001c 3452     	 st.b [%a5]0,%d2
 300:../Libraries/iLLD/TC4xx/Tricore/Dre/Std/IfxDre.c ****     status->CIBL_WDTE  = ciblStatus.B.WDTE;
 810              	 .loc 1 300 5 is_stmt 1
 811              	 .loc 1 300 24 is_stmt 0
 812 001e 67328229 	 ins.t %d2,%d2,2,%d3,19
 813 0022 3452     	 st.b [%a5]0,%d2
 301:../Libraries/iLLD/TC4xx/Tricore/Dre/Std/IfxDre.c **** }
 814              	 .loc 1 301 1
 815 0024 0090     	 ret 
 816              	.LFE515:
 818              	 .global IfxDre_getAndClearInterruptLine8Status_end
 819              	IfxDre_getAndClearInterruptLine8Status_end:
 820              	 .section .text.IfxDre_getAndClearInterruptLine9Status,"ax",@progbits
 821              	 .align 1
 822              	 .global IfxDre_getAndClearInterruptLine9Status
 824              	IfxDre_getAndClearInterruptLine9Status:
 825              	.LFB516:
 302:../Libraries/iLLD/TC4xx/Tricore/Dre/Std/IfxDre.c **** 
 303:../Libraries/iLLD/TC4xx/Tricore/Dre/Std/IfxDre.c **** 
 304:../Libraries/iLLD/TC4xx/Tricore/Dre/Std/IfxDre.c **** void IfxDre_getAndClearInterruptLine9Status(Ifx_DRE *dre, IfxDre_Interrupt_Line9_Status *status)
 305:../Libraries/iLLD/TC4xx/Tricore/Dre/Std/IfxDre.c **** {
 826              	 .loc 1 305 1 is_stmt 1
 827              	.LVL67:
 828 0000 40AE     	 mov.aa %a14,%SP
 829              	.LCFI24:
 306:../Libraries/iLLD/TC4xx/Tricore/Dre/Std/IfxDre.c ****     Ifx_DRE_COBL_STATUS coblStatus;
 830              	 .loc 1 306 5
 307:../Libraries/iLLD/TC4xx/Tricore/Dre/Std/IfxDre.c ****     coblStatus.U            = dre->COBL.STATUS.U;
 831              	 .loc 1 307 5
 832              	 .loc 1 307 47 is_stmt 0
 833 0002 D9421031 	 lea %a2,[%a4]4304
 834 0006 19431031 	 ld.w %d3,[%a4]4304
 308:../Libraries/iLLD/TC4xx/Tricore/Dre/Std/IfxDre.c **** 
 309:../Libraries/iLLD/TC4xx/Tricore/Dre/Std/IfxDre.c ****     /* Write 1 to clear WDTE, BF is read only and updated by H/w */
 310:../Libraries/iLLD/TC4xx/Tricore/Dre/Std/IfxDre.c ****     dre->COBL.STATUS.B.WDTE = 1;
 835              	 .loc 1 310 5 is_stmt 1
 836              	 .loc 1 310 29 is_stmt 0
 837 000a 5422     	 ld.w %d2,[%a2]0
 838 000c B7128129 	 insert %d2,%d2,1,19,1
 839 0010 7422     	 st.w [%a2]0,%d2
 311:../Libraries/iLLD/TC4xx/Tricore/Dre/Std/IfxDre.c **** 
 312:../Libraries/iLLD/TC4xx/Tricore/Dre/Std/IfxDre.c ****     status->COBL_BF         = coblStatus.B.BF;
 840              	 .loc 1 312 5 is_stmt 1
 841              	 .loc 1 312 29 is_stmt 0
 842 0012 1452     	 ld.bu %d2,[%a5]0
 843 0014 67320028 	 ins.t %d2,%d2,0,%d3,16
 844 0018 3452     	 st.b [%a5]0,%d2
 313:../Libraries/iLLD/TC4xx/Tricore/Dre/Std/IfxDre.c ****     status->COBL_WDTE       = coblStatus.B.WDTE;
 845              	 .loc 1 313 5 is_stmt 1
 846              	 .loc 1 313 29 is_stmt 0
 847 001a 67328129 	 ins.t %d2,%d2,1,%d3,19
 848 001e 3452     	 st.b [%a5]0,%d2
 314:../Libraries/iLLD/TC4xx/Tricore/Dre/Std/IfxDre.c **** }
 849              	 .loc 1 314 1
 850 0020 0090     	 ret 
 851              	.LFE516:
 853              	 .global IfxDre_getAndClearInterruptLine9Status_end
 854              	IfxDre_getAndClearInterruptLine9Status_end:
 855              	 .section .text.IfxDre_getAndClearInterruptLine10Status,"ax",@progbits
 856              	 .align 1
 857              	 .global IfxDre_getAndClearInterruptLine10Status
 859              	IfxDre_getAndClearInterruptLine10Status:
 860              	.LFB517:
 315:../Libraries/iLLD/TC4xx/Tricore/Dre/Std/IfxDre.c **** 
 316:../Libraries/iLLD/TC4xx/Tricore/Dre/Std/IfxDre.c **** 
 317:../Libraries/iLLD/TC4xx/Tricore/Dre/Std/IfxDre.c **** void IfxDre_getAndClearInterruptLine10Status(Ifx_DRE *dre, IfxDre_Interrupt_Line10_Status *status)
 318:../Libraries/iLLD/TC4xx/Tricore/Dre/Std/IfxDre.c **** {
 861              	 .loc 1 318 1 is_stmt 1
 862              	.LVL68:
 863 0000 40AE     	 mov.aa %a14,%SP
 864              	.LCFI25:
 865 0002 2030     	 sub.a %SP,48
 866 0004 8045     	 mov.d %d5,%a4
 319:../Libraries/iLLD/TC4xx/Tricore/Dre/Std/IfxDre.c ****     Ifx_DRE_EIBUF_STATUS lvStatus[IFXDRE_NUM_EIBUF_BUFFERS];
 867              	 .loc 1 319 5
 320:../Libraries/iLLD/TC4xx/Tricore/Dre/Std/IfxDre.c ****     Ifx_DRE_EIBUF_ERROR  error[IFXDRE_NUM_EIBUF_BUFFERS];
 868              	 .loc 1 320 5
 321:../Libraries/iLLD/TC4xx/Tricore/Dre/Std/IfxDre.c **** 
 322:../Libraries/iLLD/TC4xx/Tricore/Dre/Std/IfxDre.c ****     uint8                i = 0;
 869              	 .loc 1 322 5
 870              	.LVL69:
 323:../Libraries/iLLD/TC4xx/Tricore/Dre/Std/IfxDre.c **** 
 324:../Libraries/iLLD/TC4xx/Tricore/Dre/Std/IfxDre.c ****     for (i = 0; i < IFXDRE_NUM_EIBUF_BUFFERS; i++)
 871              	 .loc 1 324 5
 872              	 .loc 1 324 12 is_stmt 0
 873 0006 8202     	 mov %d2,0
 874              	 .loc 1 324 5
 875 0008 1D000000 	 j .L42
 876              	.LVL70:
 877              	.L43:
 325:../Libraries/iLLD/TC4xx/Tricore/Dre/Std/IfxDre.c ****     {
 326:../Libraries/iLLD/TC4xx/Tricore/Dre/Std/IfxDre.c ****         lvStatus[i].U           = dre->EIBUF[i].STATUS.U;
 878              	 .loc 1 326 9 is_stmt 1 discriminator 3
 879              	 .loc 1 326 55 is_stmt 0 discriminator 3
 880 000c 13422135 	 madd %d3,%d5,%d2,20
 881 0010 6032     	 mov.a %a2,%d3
 882 0012 19242431 	 ld.w %d4,[%a2]4324
 883              	 .loc 1 326 33 discriminator 3
 884 0016 8F220030 	 sh %d3,%d2,2
 885 001a 01E30036 	 addsc.a %a3,%a14,%d3,0
 886 001e 5934E8FF 	 st.w [%a3]-24,%d4
 327:../Libraries/iLLD/TC4xx/Tricore/Dre/Std/IfxDre.c ****         error[i].U              = dre->EIBUF[i].ERROR.U;
 887              	 .loc 1 327 9 is_stmt 1 discriminator 3
 888              	 .loc 1 327 54 is_stmt 0 discriminator 3
 889 0022 D9242031 	 lea %a4,[%a2]4320
 890 0026 19232031 	 ld.w %d3,[%a2]4320
 891              	 .loc 1 327 33 discriminator 3
 892 002a 5933D0FF 	 st.w [%a3]-48,%d3
 328:../Libraries/iLLD/TC4xx/Tricore/Dre/Std/IfxDre.c **** 
 329:../Libraries/iLLD/TC4xx/Tricore/Dre/Std/IfxDre.c ****         /* Write 1 to clear */
 330:../Libraries/iLLD/TC4xx/Tricore/Dre/Std/IfxDre.c ****         dre->EIBUF[i].STATUS.U |= 0x6A00;
 893              	 .loc 1 330 9 is_stmt 1 discriminator 3
 894              	 .loc 1 330 32 is_stmt 0 discriminator 3
 895 002e D9232431 	 lea %a3,[%a2]4324
 896 0032 19232431 	 ld.w %d3,[%a2]4324
 897 0036 3B00A046 	 mov %d4,27136
 898 003a A643     	 or %d3,%d4
 899 003c 7433     	 st.w [%a3]0,%d3
 331:../Libraries/iLLD/TC4xx/Tricore/Dre/Std/IfxDre.c ****         /* Clear Logic: BF = 1, RDESE = 1, WDTE = 1 */
 332:../Libraries/iLLD/TC4xx/Tricore/Dre/Std/IfxDre.c ****         dre->EIBUF[i].ERROR.U   = 7;
 900              	 .loc 1 332 9 is_stmt 1 discriminator 3
 901              	 .loc 1 332 33 is_stmt 0 discriminator 3
 902 003e 8273     	 mov %d3,7
 903 0040 7443     	 st.w [%a4]0,%d3
 324:../Libraries/iLLD/TC4xx/Tricore/Dre/Std/IfxDre.c ****     {
 904              	 .loc 1 324 48 is_stmt 1 discriminator 3
 905 0042 C212     	 add %d2,1
 906              	.LVL71:
 907 0044 8FF20F21 	 and %d2,%d2,255
 908              	.LVL72:
 909              	.L42:
 324:../Libraries/iLLD/TC4xx/Tricore/Dre/Std/IfxDre.c ****     {
 910              	 .loc 1 324 19 discriminator 1
 911 0048 BF620080 	 jlt.u %d2,6,.L43
 333:../Libraries/iLLD/TC4xx/Tricore/Dre/Std/IfxDre.c ****     }
 334:../Libraries/iLLD/TC4xx/Tricore/Dre/Std/IfxDre.c **** 
 335:../Libraries/iLLD/TC4xx/Tricore/Dre/Std/IfxDre.c ****     status->EIBUF0_CFE     = lvStatus[0].B.CFE;
 912              	 .loc 1 335 5
 913              	 .loc 1 335 43 is_stmt 0
 914 004c 19E3E8FF 	 ld.w %d3,[%a14]-24
 915              	 .loc 1 335 28
 916 0050 9452     	 ld.h %d2,[%a5]0
 917              	.LVL73:
 918 0052 67328026 	 ins.t %d2,%d2,0,%d3,13
 919 0056 B452     	 st.h [%a5]0,%d2
 336:../Libraries/iLLD/TC4xx/Tricore/Dre/Std/IfxDre.c ****     status->EIBUF0_RFE     = lvStatus[0].B.RFE;
 920              	 .loc 1 336 5 is_stmt 1
 921              	 .loc 1 336 43 is_stmt 0
 922 0058 19E3E8FF 	 ld.w %d3,[%a14]-24
 923              	 .loc 1 336 28
 924 005c 67320127 	 ins.t %d2,%d2,1,%d3,14
 925 0060 B452     	 st.h [%a5]0,%d2
 337:../Libraries/iLLD/TC4xx/Tricore/Dre/Std/IfxDre.c ****     status->EIBUF0_FE      = lvStatus[0].B.FE;
 926              	 .loc 1 337 5 is_stmt 1
 927              	 .loc 1 337 43 is_stmt 0
 928 0062 19E3E8FF 	 ld.w %d3,[%a14]-24
 929              	 .loc 1 337 28
 930 0066 67328224 	 ins.t %d2,%d2,2,%d3,9
 931 006a B452     	 st.h [%a5]0,%d2
 338:../Libraries/iLLD/TC4xx/Tricore/Dre/Std/IfxDre.c ****     status->EIBUF0_IDID    = lvStatus[0].B.IDID;
 932              	 .loc 1 338 5 is_stmt 1
 933              	 .loc 1 338 43 is_stmt 0
 934 006c 19E3E8FF 	 ld.w %d3,[%a14]-24
 935              	 .loc 1 338 28
 936 0070 67328325 	 ins.t %d2,%d2,3,%d3,11
 937 0074 B452     	 st.h [%a5]0,%d2
 339:../Libraries/iLLD/TC4xx/Tricore/Dre/Std/IfxDre.c ****     status->EIBUF0_WDTE    = error[0].B.WDTE;
 938              	 .loc 1 339 5 is_stmt 1
 939              	 .loc 1 339 40 is_stmt 0
 940 0076 19E3D0FF 	 ld.w %d3,[%a14]-48
 941              	 .loc 1 339 28
 942 007a 67320420 	 ins.t %d2,%d2,4,%d3,0
 943 007e B452     	 st.h [%a5]0,%d2
 340:../Libraries/iLLD/TC4xx/Tricore/Dre/Std/IfxDre.c ****     status->EIBUF0_RDESE   = error[0].B.RDESE;
 944              	 .loc 1 340 5 is_stmt 1
 945              	 .loc 1 340 40 is_stmt 0
 946 0080 19E3D0FF 	 ld.w %d3,[%a14]-48
 947              	 .loc 1 340 28
 948 0084 67328520 	 ins.t %d2,%d2,5,%d3,1
 949 0088 B452     	 st.h [%a5]0,%d2
 341:../Libraries/iLLD/TC4xx/Tricore/Dre/Std/IfxDre.c ****     status->EIBUF0_BF      = error[0].B.BF;
 950              	 .loc 1 341 5 is_stmt 1
 951              	 .loc 1 341 40 is_stmt 0
 952 008a 19E3D0FF 	 ld.w %d3,[%a14]-48
 953              	 .loc 1 341 28
 954 008e 67320621 	 ins.t %d2,%d2,6,%d3,2
 955 0092 B452     	 st.h [%a5]0,%d2
 342:../Libraries/iLLD/TC4xx/Tricore/Dre/Std/IfxDre.c ****     status->EIBUF0_DERRTYP = error[0].B.DERRTYP;
 956              	 .loc 1 342 5 is_stmt 1
 957              	 .loc 1 342 40 is_stmt 0
 958 0094 19E3D0FF 	 ld.w %d3,[%a14]-48
 959 0098 3703E331 	 extr.u %d3,%d3,3,3
 960              	 .loc 1 342 28
 961 009c 37328323 	 insert %d2,%d2,%d3,7,3
 962 00a0 B452     	 st.h [%a5]0,%d2
 343:../Libraries/iLLD/TC4xx/Tricore/Dre/Std/IfxDre.c **** 
 344:../Libraries/iLLD/TC4xx/Tricore/Dre/Std/IfxDre.c ****     status->EIBUF1_CFE     = lvStatus[1].B.CFE;
 963              	 .loc 1 344 5 is_stmt 1
 964              	 .loc 1 344 43 is_stmt 0
 965 00a2 19E3ECFF 	 ld.w %d3,[%a14]-20
 966              	 .loc 1 344 28
 967 00a6 67328A26 	 ins.t %d2,%d2,10,%d3,13
 968 00aa B452     	 st.h [%a5]0,%d2
 345:../Libraries/iLLD/TC4xx/Tricore/Dre/Std/IfxDre.c ****     status->EIBUF1_RFE     = lvStatus[1].B.RFE;
 969              	 .loc 1 345 5 is_stmt 1
 970              	 .loc 1 345 43 is_stmt 0
 971 00ac 19E3ECFF 	 ld.w %d3,[%a14]-20
 972              	 .loc 1 345 28
 973 00b0 67320B27 	 ins.t %d2,%d2,11,%d3,14
 974 00b4 B452     	 st.h [%a5]0,%d2
 346:../Libraries/iLLD/TC4xx/Tricore/Dre/Std/IfxDre.c ****     status->EIBUF1_FE      = lvStatus[1].B.FE;
 975              	 .loc 1 346 5 is_stmt 1
 976              	 .loc 1 346 43 is_stmt 0
 977 00b6 19E3ECFF 	 ld.w %d3,[%a14]-20
 978              	 .loc 1 346 28
 979 00ba 67328C24 	 ins.t %d2,%d2,12,%d3,9
 980 00be B452     	 st.h [%a5]0,%d2
 347:../Libraries/iLLD/TC4xx/Tricore/Dre/Std/IfxDre.c ****     status->EIBUF1_IDID    = lvStatus[1].B.IDID;
 981              	 .loc 1 347 5 is_stmt 1
 982              	 .loc 1 347 43 is_stmt 0
 983 00c0 19E3ECFF 	 ld.w %d3,[%a14]-20
 984              	 .loc 1 347 28
 985 00c4 67328D25 	 ins.t %d2,%d2,13,%d3,11
 986 00c8 B452     	 st.h [%a5]0,%d2
 348:../Libraries/iLLD/TC4xx/Tricore/Dre/Std/IfxDre.c ****     status->EIBUF1_WDTE    = error[1].B.WDTE;
 987              	 .loc 1 348 5 is_stmt 1
 988              	 .loc 1 348 40 is_stmt 0
 989 00ca 19E3D4FF 	 ld.w %d3,[%a14]-44
 990              	 .loc 1 348 28
 991 00ce 67320E20 	 ins.t %d2,%d2,14,%d3,0
 992 00d2 B452     	 st.h [%a5]0,%d2
 349:../Libraries/iLLD/TC4xx/Tricore/Dre/Std/IfxDre.c ****     status->EIBUF1_RDESE   = error[1].B.RDESE;
 993              	 .loc 1 349 5 is_stmt 1
 994              	 .loc 1 349 40 is_stmt 0
 995 00d4 19E3D4FF 	 ld.w %d3,[%a14]-44
 996              	 .loc 1 349 28
 997 00d8 67328F20 	 ins.t %d2,%d2,15,%d3,1
 998 00dc B452     	 st.h [%a5]0,%d2
 350:../Libraries/iLLD/TC4xx/Tricore/Dre/Std/IfxDre.c ****     status->EIBUF1_BF      = error[1].B.BF;
 999              	 .loc 1 350 5 is_stmt 1
 1000              	 .loc 1 350 40 is_stmt 0
 1001 00de 19E3D4FF 	 ld.w %d3,[%a14]-44
 1002              	 .loc 1 350 28
 1003 00e2 C9520200 	 ld.h %d2,[%a5]2
 1004 00e6 67320021 	 ins.t %d2,%d2,0,%d3,2
 1005 00ea F9520200 	 st.h [%a5]2,%d2
 351:../Libraries/iLLD/TC4xx/Tricore/Dre/Std/IfxDre.c ****     status->EIBUF1_DERRTYP = error[1].B.DERRTYP;
 1006              	 .loc 1 351 5 is_stmt 1
 1007              	 .loc 1 351 40 is_stmt 0
 1008 00ee 19E3D4FF 	 ld.w %d3,[%a14]-44
 1009 00f2 3703E331 	 extr.u %d3,%d3,3,3
 1010              	 .loc 1 351 28
 1011 00f6 37328320 	 insert %d2,%d2,%d3,1,3
 1012 00fa F9520200 	 st.h [%a5]2,%d2
 352:../Libraries/iLLD/TC4xx/Tricore/Dre/Std/IfxDre.c **** 
 353:../Libraries/iLLD/TC4xx/Tricore/Dre/Std/IfxDre.c ****     status->EIBUF2_CFE     = lvStatus[2].B.CFE;
 1013              	 .loc 1 353 5 is_stmt 1
 1014              	 .loc 1 353 43 is_stmt 0
 1015 00fe 19E3F0FF 	 ld.w %d3,[%a14]-16
 1016              	 .loc 1 353 28
 1017 0102 67328426 	 ins.t %d2,%d2,4,%d3,13
 1018 0106 F9520200 	 st.h [%a5]2,%d2
 354:../Libraries/iLLD/TC4xx/Tricore/Dre/Std/IfxDre.c ****     status->EIBUF2_RFE     = lvStatus[2].B.RFE;
 1019              	 .loc 1 354 5 is_stmt 1
 1020              	 .loc 1 354 43 is_stmt 0
 1021 010a 19E3F0FF 	 ld.w %d3,[%a14]-16
 1022              	 .loc 1 354 28
 1023 010e 67320527 	 ins.t %d2,%d2,5,%d3,14
 1024 0112 F9520200 	 st.h [%a5]2,%d2
 355:../Libraries/iLLD/TC4xx/Tricore/Dre/Std/IfxDre.c ****     status->EIBUF2_FE      = lvStatus[2].B.FE;
 1025              	 .loc 1 355 5 is_stmt 1
 1026              	 .loc 1 355 43 is_stmt 0
 1027 0116 19E3F0FF 	 ld.w %d3,[%a14]-16
 1028              	 .loc 1 355 28
 1029 011a 67328624 	 ins.t %d2,%d2,6,%d3,9
 1030 011e F9520200 	 st.h [%a5]2,%d2
 356:../Libraries/iLLD/TC4xx/Tricore/Dre/Std/IfxDre.c ****     status->EIBUF2_IDID    = lvStatus[2].B.IDID;
 1031              	 .loc 1 356 5 is_stmt 1
 1032              	 .loc 1 356 43 is_stmt 0
 1033 0122 19E3F0FF 	 ld.w %d3,[%a14]-16
 1034              	 .loc 1 356 28
 1035 0126 67328725 	 ins.t %d2,%d2,7,%d3,11
 1036 012a F9520200 	 st.h [%a5]2,%d2
 357:../Libraries/iLLD/TC4xx/Tricore/Dre/Std/IfxDre.c ****     status->EIBUF2_WDTE    = error[2].B.WDTE;
 1037              	 .loc 1 357 5 is_stmt 1
 1038              	 .loc 1 357 40 is_stmt 0
 1039 012e 19E3D8FF 	 ld.w %d3,[%a14]-40
 1040              	 .loc 1 357 28
 1041 0132 67320820 	 ins.t %d2,%d2,8,%d3,0
 1042 0136 F9520200 	 st.h [%a5]2,%d2
 358:../Libraries/iLLD/TC4xx/Tricore/Dre/Std/IfxDre.c ****     status->EIBUF2_RDESE   = error[2].B.RDESE;
 1043              	 .loc 1 358 5 is_stmt 1
 1044              	 .loc 1 358 40 is_stmt 0
 1045 013a 19E3D8FF 	 ld.w %d3,[%a14]-40
 1046              	 .loc 1 358 28
 1047 013e 67328920 	 ins.t %d2,%d2,9,%d3,1
 1048 0142 F9520200 	 st.h [%a5]2,%d2
 359:../Libraries/iLLD/TC4xx/Tricore/Dre/Std/IfxDre.c ****     status->EIBUF2_BF      = error[2].B.BF;
 1049              	 .loc 1 359 5 is_stmt 1
 1050              	 .loc 1 359 40 is_stmt 0
 1051 0146 19E3D8FF 	 ld.w %d3,[%a14]-40
 1052              	 .loc 1 359 28
 1053 014a 67320A21 	 ins.t %d2,%d2,10,%d3,2
 1054 014e F9520200 	 st.h [%a5]2,%d2
 360:../Libraries/iLLD/TC4xx/Tricore/Dre/Std/IfxDre.c ****     status->EIBUF2_DERRTYP = error[2].B.DERRTYP;
 1055              	 .loc 1 360 5 is_stmt 1
 1056              	 .loc 1 360 40 is_stmt 0
 1057 0152 19E3D8FF 	 ld.w %d3,[%a14]-40
 1058 0156 3703E331 	 extr.u %d3,%d3,3,3
 1059              	 .loc 1 360 28
 1060 015a 37328325 	 insert %d2,%d2,%d3,11,3
 1061 015e F9520200 	 st.h [%a5]2,%d2
 361:../Libraries/iLLD/TC4xx/Tricore/Dre/Std/IfxDre.c **** 
 362:../Libraries/iLLD/TC4xx/Tricore/Dre/Std/IfxDre.c ****     status->EIBUF3_CFE     = lvStatus[3].B.CFE;
 1062              	 .loc 1 362 5 is_stmt 1
 1063              	 .loc 1 362 43 is_stmt 0
 1064 0162 19E3F4FF 	 ld.w %d3,[%a14]-12
 1065              	 .loc 1 362 28
 1066 0166 67328E26 	 ins.t %d2,%d2,14,%d3,13
 1067 016a F9520200 	 st.h [%a5]2,%d2
 363:../Libraries/iLLD/TC4xx/Tricore/Dre/Std/IfxDre.c ****     status->EIBUF3_RFE     = lvStatus[3].B.RFE;
 1068              	 .loc 1 363 5 is_stmt 1
 1069              	 .loc 1 363 43 is_stmt 0
 1070 016e 19E3F4FF 	 ld.w %d3,[%a14]-12
 1071              	 .loc 1 363 28
 1072 0172 67320F27 	 ins.t %d2,%d2,15,%d3,14
 1073 0176 F9520200 	 st.h [%a5]2,%d2
 364:../Libraries/iLLD/TC4xx/Tricore/Dre/Std/IfxDre.c ****     status->EIBUF3_FE      = lvStatus[3].B.FE;
 1074              	 .loc 1 364 5 is_stmt 1
 1075              	 .loc 1 364 43 is_stmt 0
 1076 017a 19E3F4FF 	 ld.w %d3,[%a14]-12
 1077              	 .loc 1 364 28
 1078 017e C9520400 	 ld.h %d2,[%a5]4
 1079 0182 67328024 	 ins.t %d2,%d2,0,%d3,9
 1080 0186 F9520400 	 st.h [%a5]4,%d2
 365:../Libraries/iLLD/TC4xx/Tricore/Dre/Std/IfxDre.c ****     status->EIBUF3_IDID    = lvStatus[3].B.IDID;
 1081              	 .loc 1 365 5 is_stmt 1
 1082              	 .loc 1 365 43 is_stmt 0
 1083 018a 19E3F4FF 	 ld.w %d3,[%a14]-12
 1084              	 .loc 1 365 28
 1085 018e 67328125 	 ins.t %d2,%d2,1,%d3,11
 1086 0192 F9520400 	 st.h [%a5]4,%d2
 366:../Libraries/iLLD/TC4xx/Tricore/Dre/Std/IfxDre.c ****     status->EIBUF3_WDTE    = error[3].B.WDTE;
 1087              	 .loc 1 366 5 is_stmt 1
 1088              	 .loc 1 366 40 is_stmt 0
 1089 0196 19E3DCFF 	 ld.w %d3,[%a14]-36
 1090              	 .loc 1 366 28
 1091 019a 67320220 	 ins.t %d2,%d2,2,%d3,0
 1092 019e F9520400 	 st.h [%a5]4,%d2
 367:../Libraries/iLLD/TC4xx/Tricore/Dre/Std/IfxDre.c ****     status->EIBUF3_RDESE   = error[3].B.RDESE;
 1093              	 .loc 1 367 5 is_stmt 1
 1094              	 .loc 1 367 40 is_stmt 0
 1095 01a2 19E3DCFF 	 ld.w %d3,[%a14]-36
 1096              	 .loc 1 367 28
 1097 01a6 67328320 	 ins.t %d2,%d2,3,%d3,1
 1098 01aa F9520400 	 st.h [%a5]4,%d2
 368:../Libraries/iLLD/TC4xx/Tricore/Dre/Std/IfxDre.c ****     status->EIBUF3_BF      = error[3].B.BF;
 1099              	 .loc 1 368 5 is_stmt 1
 1100              	 .loc 1 368 40 is_stmt 0
 1101 01ae 19E3DCFF 	 ld.w %d3,[%a14]-36
 1102              	 .loc 1 368 28
 1103 01b2 67320421 	 ins.t %d2,%d2,4,%d3,2
 1104 01b6 F9520400 	 st.h [%a5]4,%d2
 369:../Libraries/iLLD/TC4xx/Tricore/Dre/Std/IfxDre.c ****     status->EIBUF3_DERRTYP = error[3].B.DERRTYP;
 1105              	 .loc 1 369 5 is_stmt 1
 1106              	 .loc 1 369 40 is_stmt 0
 1107 01ba 19E3DCFF 	 ld.w %d3,[%a14]-36
 1108 01be 3703E331 	 extr.u %d3,%d3,3,3
 1109              	 .loc 1 369 28
 1110 01c2 37328322 	 insert %d2,%d2,%d3,5,3
 1111 01c6 F9520400 	 st.h [%a5]4,%d2
 370:../Libraries/iLLD/TC4xx/Tricore/Dre/Std/IfxDre.c **** 
 371:../Libraries/iLLD/TC4xx/Tricore/Dre/Std/IfxDre.c ****     status->EIBUF4_CFE     = lvStatus[4].B.CFE;
 1112              	 .loc 1 371 5 is_stmt 1
 1113              	 .loc 1 371 43 is_stmt 0
 1114 01ca 19E3F8FF 	 ld.w %d3,[%a14]-8
 1115              	 .loc 1 371 28
 1116 01ce 67328826 	 ins.t %d2,%d2,8,%d3,13
 1117 01d2 F9520400 	 st.h [%a5]4,%d2
 372:../Libraries/iLLD/TC4xx/Tricore/Dre/Std/IfxDre.c ****     status->EIBUF4_RFE     = lvStatus[4].B.RFE;
 1118              	 .loc 1 372 5 is_stmt 1
 1119              	 .loc 1 372 43 is_stmt 0
 1120 01d6 19E3F8FF 	 ld.w %d3,[%a14]-8
 1121              	 .loc 1 372 28
 1122 01da 67320927 	 ins.t %d2,%d2,9,%d3,14
 1123 01de F9520400 	 st.h [%a5]4,%d2
 373:../Libraries/iLLD/TC4xx/Tricore/Dre/Std/IfxDre.c ****     status->EIBUF4_FE      = lvStatus[4].B.FE;
 1124              	 .loc 1 373 5 is_stmt 1
 1125              	 .loc 1 373 43 is_stmt 0
 1126 01e2 19E3F8FF 	 ld.w %d3,[%a14]-8
 1127              	 .loc 1 373 28
 1128 01e6 67328A24 	 ins.t %d2,%d2,10,%d3,9
 1129 01ea F9520400 	 st.h [%a5]4,%d2
 374:../Libraries/iLLD/TC4xx/Tricore/Dre/Std/IfxDre.c ****     status->EIBUF4_IDID    = lvStatus[4].B.IDID;
 1130              	 .loc 1 374 5 is_stmt 1
 1131              	 .loc 1 374 43 is_stmt 0
 1132 01ee 19E3F8FF 	 ld.w %d3,[%a14]-8
 1133              	 .loc 1 374 28
 1134 01f2 67328B25 	 ins.t %d2,%d2,11,%d3,11
 1135 01f6 F9520400 	 st.h [%a5]4,%d2
 375:../Libraries/iLLD/TC4xx/Tricore/Dre/Std/IfxDre.c ****     status->EIBUF4_WDTE    = error[4].B.WDTE;
 1136              	 .loc 1 375 5 is_stmt 1
 1137              	 .loc 1 375 40 is_stmt 0
 1138 01fa 19E3E0FF 	 ld.w %d3,[%a14]-32
 1139              	 .loc 1 375 28
 1140 01fe 67320C20 	 ins.t %d2,%d2,12,%d3,0
 1141 0202 F9520400 	 st.h [%a5]4,%d2
 376:../Libraries/iLLD/TC4xx/Tricore/Dre/Std/IfxDre.c ****     status->EIBUF4_RDESE   = error[4].B.RDESE;
 1142              	 .loc 1 376 5 is_stmt 1
 1143              	 .loc 1 376 40 is_stmt 0
 1144 0206 19E3E0FF 	 ld.w %d3,[%a14]-32
 1145              	 .loc 1 376 28
 1146 020a 67328D20 	 ins.t %d2,%d2,13,%d3,1
 1147 020e F9520400 	 st.h [%a5]4,%d2
 377:../Libraries/iLLD/TC4xx/Tricore/Dre/Std/IfxDre.c ****     status->EIBUF4_BF      = error[4].B.BF;
 1148              	 .loc 1 377 5 is_stmt 1
 1149              	 .loc 1 377 40 is_stmt 0
 1150 0212 19E3E0FF 	 ld.w %d3,[%a14]-32
 1151              	 .loc 1 377 28
 1152 0216 67320E21 	 ins.t %d2,%d2,14,%d3,2
 1153 021a F9520400 	 st.h [%a5]4,%d2
 378:../Libraries/iLLD/TC4xx/Tricore/Dre/Std/IfxDre.c ****     status->EIBUF4_DERRTYP = error[4].B.DERRTYP;
 1154              	 .loc 1 378 5 is_stmt 1
 1155              	 .loc 1 378 40 is_stmt 0
 1156 021e 19E3E0FF 	 ld.w %d3,[%a14]-32
 1157              	 .loc 1 378 28
 1158 0222 3703E141 	 extr.u %d4,%d3,3,1
 1159 0226 8FF40040 	 sh %d4,%d4,15
 1160 022a B7029127 	 insert %d2,%d2,0,15,17
 1161 022e A642     	 or %d2,%d4
 1162 0230 F9520400 	 st.h [%a5]4,%d2
 1163 0234 37036222 	 extr.u %d2,%d3,4,2
 1164 0238 C9530600 	 ld.h %d3,[%a5]6
 1165 023c 8F33C031 	 andn %d3,%d3,~(-4)
 1166 0240 A632     	 or %d2,%d3
 1167 0242 F9520600 	 st.h [%a5]6,%d2
 379:../Libraries/iLLD/TC4xx/Tricore/Dre/Std/IfxDre.c **** 
 380:../Libraries/iLLD/TC4xx/Tricore/Dre/Std/IfxDre.c ****     status->EIBUF5_CFE     = lvStatus[5].B.CFE;
 1168              	 .loc 1 380 5 is_stmt 1
 1169              	 .loc 1 380 43 is_stmt 0
 1170 0246 19E3FCFF 	 ld.w %d3,[%a14]-4
 1171              	 .loc 1 380 28
 1172 024a 67328226 	 ins.t %d2,%d2,2,%d3,13
 1173 024e F9520600 	 st.h [%a5]6,%d2
 381:../Libraries/iLLD/TC4xx/Tricore/Dre/Std/IfxDre.c ****     status->EIBUF5_RFE     = lvStatus[5].B.RFE;
 1174              	 .loc 1 381 5 is_stmt 1
 1175              	 .loc 1 381 43 is_stmt 0
 1176 0252 19E3FCFF 	 ld.w %d3,[%a14]-4
 1177              	 .loc 1 381 28
 1178 0256 67320327 	 ins.t %d2,%d2,3,%d3,14
 1179 025a F9520600 	 st.h [%a5]6,%d2
 382:../Libraries/iLLD/TC4xx/Tricore/Dre/Std/IfxDre.c ****     status->EIBUF5_FE      = lvStatus[5].B.FE;
 1180              	 .loc 1 382 5 is_stmt 1
 1181              	 .loc 1 382 43 is_stmt 0
 1182 025e 19E3FCFF 	 ld.w %d3,[%a14]-4
 1183              	 .loc 1 382 28
 1184 0262 67328424 	 ins.t %d2,%d2,4,%d3,9
 1185 0266 F9520600 	 st.h [%a5]6,%d2
 383:../Libraries/iLLD/TC4xx/Tricore/Dre/Std/IfxDre.c ****     status->EIBUF5_IDID    = lvStatus[5].B.IDID;
 1186              	 .loc 1 383 5 is_stmt 1
 1187              	 .loc 1 383 43 is_stmt 0
 1188 026a 19E3FCFF 	 ld.w %d3,[%a14]-4
 1189              	 .loc 1 383 28
 1190 026e 67328525 	 ins.t %d2,%d2,5,%d3,11
 1191 0272 F9520600 	 st.h [%a5]6,%d2
 384:../Libraries/iLLD/TC4xx/Tricore/Dre/Std/IfxDre.c ****     status->EIBUF5_WDTE    = error[5].B.WDTE;
 1192              	 .loc 1 384 5 is_stmt 1
 1193              	 .loc 1 384 40 is_stmt 0
 1194 0276 19E3E4FF 	 ld.w %d3,[%a14]-28
 1195              	 .loc 1 384 28
 1196 027a 67320620 	 ins.t %d2,%d2,6,%d3,0
 1197 027e F9520600 	 st.h [%a5]6,%d2
 385:../Libraries/iLLD/TC4xx/Tricore/Dre/Std/IfxDre.c ****     status->EIBUF5_RDESE   = error[5].B.RDESE;
 1198              	 .loc 1 385 5 is_stmt 1
 1199              	 .loc 1 385 40 is_stmt 0
 1200 0282 19E3E4FF 	 ld.w %d3,[%a14]-28
 1201              	 .loc 1 385 28
 1202 0286 67328720 	 ins.t %d2,%d2,7,%d3,1
 1203 028a F9520600 	 st.h [%a5]6,%d2
 386:../Libraries/iLLD/TC4xx/Tricore/Dre/Std/IfxDre.c ****     status->EIBUF5_BF      = error[5].B.BF;
 1204              	 .loc 1 386 5 is_stmt 1
 1205              	 .loc 1 386 40 is_stmt 0
 1206 028e 19E3E4FF 	 ld.w %d3,[%a14]-28
 1207              	 .loc 1 386 28
 1208 0292 67320821 	 ins.t %d2,%d2,8,%d3,2
 1209 0296 F9520600 	 st.h [%a5]6,%d2
 387:../Libraries/iLLD/TC4xx/Tricore/Dre/Std/IfxDre.c ****     status->EIBUF5_DERRTYP = error[5].B.DERRTYP;
 1210              	 .loc 1 387 5 is_stmt 1
 1211              	 .loc 1 387 40 is_stmt 0
 1212 029a 19E3E4FF 	 ld.w %d3,[%a14]-28
 1213 029e 3703E331 	 extr.u %d3,%d3,3,3
 1214              	 .loc 1 387 28
 1215 02a2 37328324 	 insert %d2,%d2,%d3,9,3
 1216 02a6 F9520600 	 st.h [%a5]6,%d2
 388:../Libraries/iLLD/TC4xx/Tricore/Dre/Std/IfxDre.c **** }
 1217              	 .loc 1 388 1
 1218 02aa 0090     	 ret 
 1219              	.LFE517:
 1221              	 .global IfxDre_getAndClearInterruptLine10Status_end
 1222              	IfxDre_getAndClearInterruptLine10Status_end:
 1223              	 .section .text.IfxDre_getAndClearInterruptLine11Status,"ax",@progbits
 1224              	 .align 1
 1225              	 .global IfxDre_getAndClearInterruptLine11Status
 1227              	IfxDre_getAndClearInterruptLine11Status:
 1228              	.LFB518:
 389:../Libraries/iLLD/TC4xx/Tricore/Dre/Std/IfxDre.c **** 
 390:../Libraries/iLLD/TC4xx/Tricore/Dre/Std/IfxDre.c **** 
 391:../Libraries/iLLD/TC4xx/Tricore/Dre/Std/IfxDre.c **** void IfxDre_getAndClearInterruptLine11Status(Ifx_DRE *dre, IfxDre_Interrupt_Line11_Status *status)
 392:../Libraries/iLLD/TC4xx/Tricore/Dre/Std/IfxDre.c **** {
 1229              	 .loc 1 392 1 is_stmt 1
 1230              	.LVL74:
 1231 0000 40AE     	 mov.aa %a14,%SP
 1232              	.LCFI26:
 393:../Libraries/iLLD/TC4xx/Tricore/Dre/Std/IfxDre.c ****     status->EIBUF0_RXREQ    = dre->EIBUF[0].STATUS.B.RXREQ;
 1233              	 .loc 1 393 5
 1234              	 .loc 1 393 53 is_stmt 0
 1235 0002 19432431 	 ld.w %d3,[%a4]4324
 1236              	 .loc 1 393 29
 1237 0006 1452     	 ld.bu %d2,[%a5]0
 1238 0008 6732802E 	 ins.t %d2,%d2,0,%d3,29
 1239 000c 3452     	 st.b [%a5]0,%d2
 394:../Libraries/iLLD/TC4xx/Tricore/Dre/Std/IfxDre.c ****     status->EIBUF1_RXREQ    = dre->EIBUF[1].STATUS.B.RXREQ;
 1240              	 .loc 1 394 5 is_stmt 1
 1241              	 .loc 1 394 53 is_stmt 0
 1242 000e 19433831 	 ld.w %d3,[%a4]4344
 1243              	 .loc 1 394 29
 1244 0012 6732812E 	 ins.t %d2,%d2,1,%d3,29
 1245 0016 3452     	 st.b [%a5]0,%d2
 395:../Libraries/iLLD/TC4xx/Tricore/Dre/Std/IfxDre.c ****     status->EIBUF2_RXREQ    = dre->EIBUF[2].STATUS.B.RXREQ;
 1246              	 .loc 1 395 5 is_stmt 1
 1247              	 .loc 1 395 53 is_stmt 0
 1248 0018 19430C41 	 ld.w %d3,[%a4]4364
 1249              	 .loc 1 395 29
 1250 001c 6732822E 	 ins.t %d2,%d2,2,%d3,29
 1251 0020 3452     	 st.b [%a5]0,%d2
 396:../Libraries/iLLD/TC4xx/Tricore/Dre/Std/IfxDre.c ****     status->EIBUF3_RXREQ    = dre->EIBUF[3].STATUS.B.RXREQ;
 1252              	 .loc 1 396 5 is_stmt 1
 1253              	 .loc 1 396 53 is_stmt 0
 1254 0022 19432041 	 ld.w %d3,[%a4]4384
 1255              	 .loc 1 396 29
 1256 0026 6732832E 	 ins.t %d2,%d2,3,%d3,29
 1257 002a 3452     	 st.b [%a5]0,%d2
 397:../Libraries/iLLD/TC4xx/Tricore/Dre/Std/IfxDre.c ****     status->EIBUF4_RXREQ    = dre->EIBUF[4].STATUS.B.RXREQ;
 1258              	 .loc 1 397 5 is_stmt 1
 1259              	 .loc 1 397 53 is_stmt 0
 1260 002c 19433441 	 ld.w %d3,[%a4]4404
 1261              	 .loc 1 397 29
 1262 0030 6732842E 	 ins.t %d2,%d2,4,%d3,29
 1263 0034 3452     	 st.b [%a5]0,%d2
 398:../Libraries/iLLD/TC4xx/Tricore/Dre/Std/IfxDre.c ****     status->EIBUF5_RXREQ    = dre->EIBUF[5].STATUS.B.RXREQ;
 1264              	 .loc 1 398 5 is_stmt 1
 1265              	 .loc 1 398 53 is_stmt 0
 1266 0036 19430851 	 ld.w %d3,[%a4]4424
 1267              	 .loc 1 398 29
 1268 003a 6732852E 	 ins.t %d2,%d2,5,%d3,29
 1269 003e 3452     	 st.b [%a5]0,%d2
 399:../Libraries/iLLD/TC4xx/Tricore/Dre/Std/IfxDre.c **** 
 400:../Libraries/iLLD/TC4xx/Tricore/Dre/Std/IfxDre.c ****     /* Write 1 to clear */
 401:../Libraries/iLLD/TC4xx/Tricore/Dre/Std/IfxDre.c ****     dre->EIBUF[0].STATUS.U |= 0x2000;
 1270              	 .loc 1 401 5 is_stmt 1
 1271              	 .loc 1 401 28 is_stmt 0
 1272 0040 D9422431 	 lea %a2,[%a4]4324
 1273 0044 19432431 	 ld.w %d3,[%a4]4324
 1274 0048 3B000022 	 mov %d2,8192
 1275 004c A623     	 or %d3,%d2
 1276 004e 7423     	 st.w [%a2]0,%d3
 402:../Libraries/iLLD/TC4xx/Tricore/Dre/Std/IfxDre.c ****     dre->EIBUF[1].STATUS.U |= 0x2000;
 1277              	 .loc 1 402 5 is_stmt 1
 1278              	 .loc 1 402 28 is_stmt 0
 1279 0050 D9423831 	 lea %a2,[%a4]4344
 1280 0054 19433831 	 ld.w %d3,[%a4]4344
 1281 0058 A623     	 or %d3,%d2
 1282 005a 7423     	 st.w [%a2]0,%d3
 403:../Libraries/iLLD/TC4xx/Tricore/Dre/Std/IfxDre.c ****     dre->EIBUF[2].STATUS.U |= 0x2000;
 1283              	 .loc 1 403 5 is_stmt 1
 1284              	 .loc 1 403 28 is_stmt 0
 1285 005c D9420C41 	 lea %a2,[%a4]4364
 1286 0060 19430C41 	 ld.w %d3,[%a4]4364
 1287 0064 A623     	 or %d3,%d2
 1288 0066 7423     	 st.w [%a2]0,%d3
 404:../Libraries/iLLD/TC4xx/Tricore/Dre/Std/IfxDre.c ****     dre->EIBUF[3].STATUS.U |= 0x2000;
 1289              	 .loc 1 404 5 is_stmt 1
 1290              	 .loc 1 404 28 is_stmt 0
 1291 0068 D9422041 	 lea %a2,[%a4]4384
 1292 006c 19432041 	 ld.w %d3,[%a4]4384
 1293 0070 A623     	 or %d3,%d2
 1294 0072 7423     	 st.w [%a2]0,%d3
 405:../Libraries/iLLD/TC4xx/Tricore/Dre/Std/IfxDre.c ****     dre->EIBUF[4].STATUS.U |= 0x2000;
 1295              	 .loc 1 405 5 is_stmt 1
 1296              	 .loc 1 405 28 is_stmt 0
 1297 0074 D9423441 	 lea %a2,[%a4]4404
 1298 0078 19433441 	 ld.w %d3,[%a4]4404
 1299 007c A623     	 or %d3,%d2
 1300 007e 7423     	 st.w [%a2]0,%d3
 406:../Libraries/iLLD/TC4xx/Tricore/Dre/Std/IfxDre.c ****     dre->EIBUF[5].STATUS.U |= 0x2000;
 1301              	 .loc 1 406 5 is_stmt 1
 1302              	 .loc 1 406 28 is_stmt 0
 1303 0080 D9420851 	 lea %a2,[%a4]4424
 1304 0084 19430851 	 ld.w %d3,[%a4]4424
 1305 0088 A632     	 or %d2,%d3
 1306 008a 7422     	 st.w [%a2]0,%d2
 407:../Libraries/iLLD/TC4xx/Tricore/Dre/Std/IfxDre.c **** }
 1307              	 .loc 1 407 1
 1308 008c 0090     	 ret 
 1309              	.LFE518:
 1311              	 .global IfxDre_getAndClearInterruptLine11Status_end
 1312              	IfxDre_getAndClearInterruptLine11Status_end:
 1313              	 .section .text.IfxDre_getAndClearInterruptLine12Status,"ax",@progbits
 1314              	 .align 1
 1315              	 .global IfxDre_getAndClearInterruptLine12Status
 1317              	IfxDre_getAndClearInterruptLine12Status:
 1318              	.LFB519:
 408:../Libraries/iLLD/TC4xx/Tricore/Dre/Std/IfxDre.c **** 
 409:../Libraries/iLLD/TC4xx/Tricore/Dre/Std/IfxDre.c **** 
 410:../Libraries/iLLD/TC4xx/Tricore/Dre/Std/IfxDre.c **** void IfxDre_getAndClearInterruptLine12Status(Ifx_DRE *dre, IfxDre_Interrupt_Line12_Status *status)
 411:../Libraries/iLLD/TC4xx/Tricore/Dre/Std/IfxDre.c **** {
 1319              	 .loc 1 411 1 is_stmt 1
 1320              	.LVL75:
 1321 0000 40AE     	 mov.aa %a14,%SP
 1322              	.LCFI27:
 412:../Libraries/iLLD/TC4xx/Tricore/Dre/Std/IfxDre.c ****     Ifx_DRE_RS lRoutingStatus;
 1323              	 .loc 1 412 5
 413:../Libraries/iLLD/TC4xx/Tricore/Dre/Std/IfxDre.c ****     lRoutingStatus.U = dre->RS.U;
 1324              	 .loc 1 413 5
 1325              	 .loc 1 413 31 is_stmt 0
 1326 0002 D94228D1 	 lea %a2,[%a4]4968
 1327 0006 194328D1 	 ld.w %d3,[%a4]4968
 414:../Libraries/iLLD/TC4xx/Tricore/Dre/Std/IfxDre.c **** 
 415:../Libraries/iLLD/TC4xx/Tricore/Dre/Std/IfxDre.c ****     status->RS_IRT   = lRoutingStatus.B.IRT;
 1328              	 .loc 1 415 5 is_stmt 1
 1329              	 .loc 1 415 22 is_stmt 0
 1330 000a 1452     	 ld.bu %d2,[%a5]0
 1331 000c 67320028 	 ins.t %d2,%d2,0,%d3,16
 1332 0010 3452     	 st.b [%a5]0,%d2
 416:../Libraries/iLLD/TC4xx/Tricore/Dre/Std/IfxDre.c ****     status->RS_NMFE  = lRoutingStatus.B.NMFE;
 1333              	 .loc 1 416 5 is_stmt 1
 1334              	 .loc 1 416 22 is_stmt 0
 1335 0012 67328128 	 ins.t %d2,%d2,1,%d3,17
 1336 0016 3452     	 st.b [%a5]0,%d2
 417:../Libraries/iLLD/TC4xx/Tricore/Dre/Std/IfxDre.c **** 
 418:../Libraries/iLLD/TC4xx/Tricore/Dre/Std/IfxDre.c ****     /* Write 1 to clear bits */
 419:../Libraries/iLLD/TC4xx/Tricore/Dre/Std/IfxDre.c ****     dre->RS.U |= 0x00030000;
 1337              	 .loc 1 419 5 is_stmt 1
 1338              	 .loc 1 419 15 is_stmt 0
 1339 0018 5422     	 ld.w %d2,[%a2]0
 1340 001a B7F20228 	 insert %d2,%d2,15,16,2
 1341 001e 7422     	 st.w [%a2]0,%d2
 420:../Libraries/iLLD/TC4xx/Tricore/Dre/Std/IfxDre.c **** }
 1342              	 .loc 1 420 1
 1343 0020 0090     	 ret 
 1344              	.LFE519:
 1346              	 .global IfxDre_getAndClearInterruptLine12Status_end
 1347              	IfxDre_getAndClearInterruptLine12Status_end:
 1348              	 .section .text.IfxDre_getAndClearInterruptLine13Status,"ax",@progbits
 1349              	 .align 1
 1350              	 .global IfxDre_getAndClearInterruptLine13Status
 1352              	IfxDre_getAndClearInterruptLine13Status:
 1353              	.LFB520:
 421:../Libraries/iLLD/TC4xx/Tricore/Dre/Std/IfxDre.c **** 
 422:../Libraries/iLLD/TC4xx/Tricore/Dre/Std/IfxDre.c **** 
 423:../Libraries/iLLD/TC4xx/Tricore/Dre/Std/IfxDre.c **** void IfxDre_getAndClearInterruptLine13Status(Ifx_DRE *dre, IfxDre_Interrupt_Line13_Status *status)
 424:../Libraries/iLLD/TC4xx/Tricore/Dre/Std/IfxDre.c **** {
 1354              	 .loc 1 424 1 is_stmt 1
 1355              	.LVL76:
 1356 0000 40AE     	 mov.aa %a14,%SP
 1357              	.LCFI28:
 425:../Libraries/iLLD/TC4xx/Tricore/Dre/Std/IfxDre.c ****     Ifx_DRE_ME_ERR lMoveEngineErrorStatus;
 1358              	 .loc 1 425 5
 426:../Libraries/iLLD/TC4xx/Tricore/Dre/Std/IfxDre.c ****     lMoveEngineErrorStatus.U = dre->ME.ERR.U;
 1359              	 .loc 1 426 5
 1360              	 .loc 1 426 43 is_stmt 0
 1361 0002 D9424CC1 	 lea %a2,[%a4]5900
 1362 0006 19424CC1 	 ld.w %d2,[%a4]5900
 427:../Libraries/iLLD/TC4xx/Tricore/Dre/Std/IfxDre.c **** 
 428:../Libraries/iLLD/TC4xx/Tricore/Dre/Std/IfxDre.c ****     status->SPBBE            = lMoveEngineErrorStatus.B.SPBBE;
 1363              	 .loc 1 428 5 is_stmt 1
 1364              	 .loc 1 428 30 is_stmt 0
 1365 000a 1453     	 ld.bu %d3,[%a5]0
 1366 000c 67238030 	 ins.t %d3,%d3,0,%d2,1
 1367 0010 3453     	 st.b [%a5]0,%d3
 429:../Libraries/iLLD/TC4xx/Tricore/Dre/Std/IfxDre.c ****     status->SRIBE            = lMoveEngineErrorStatus.B.SRIBE;
 1368              	 .loc 1 429 5 is_stmt 1
 1369              	 .loc 1 429 30 is_stmt 0
 1370 0012 67230131 	 ins.t %d3,%d3,1,%d2,2
 1371 0016 3453     	 st.b [%a5]0,%d3
 430:../Libraries/iLLD/TC4xx/Tricore/Dre/Std/IfxDre.c ****     status->DBOE             = lMoveEngineErrorStatus.B.DBOE;
 1372              	 .loc 1 430 5 is_stmt 1
 1373              	 .loc 1 430 30 is_stmt 0
 1374 0018 67238231 	 ins.t %d3,%d3,2,%d2,3
 1375 001c 3453     	 st.b [%a5]0,%d3
 431:../Libraries/iLLD/TC4xx/Tricore/Dre/Std/IfxDre.c ****     status->IRDE             = lMoveEngineErrorStatus.B.IRDE;
 1376              	 .loc 1 431 5 is_stmt 1
 1377              	 .loc 1 431 30 is_stmt 0
 1378 001e 67230332 	 ins.t %d3,%d3,3,%d2,4
 1379 0022 3453     	 st.b [%a5]0,%d3
 432:../Libraries/iLLD/TC4xx/Tricore/Dre/Std/IfxDre.c **** 
 433:../Libraries/iLLD/TC4xx/Tricore/Dre/Std/IfxDre.c ****     status->FEC              = lMoveEngineErrorStatus.B.FEC;
 1380              	 .loc 1 433 5 is_stmt 1
 1381              	 .loc 1 433 56 is_stmt 0
 1382 0024 37026348 	 extr.u %d4,%d2,16,3
 1383              	 .loc 1 433 30
 1384 0028 37430332 	 insert %d3,%d3,%d4,4,3
 1385 002c 3453     	 st.b [%a5]0,%d3
 434:../Libraries/iLLD/TC4xx/Tricore/Dre/Std/IfxDre.c ****     status->FESID            = lMoveEngineErrorStatus.B.FESID;
 1386              	 .loc 1 434 5 is_stmt 1
 1387              	 .loc 1 434 56 is_stmt 0
 1388 002e 3702663A 	 extr.u %d3,%d2,20,6
 1389              	 .loc 1 434 30
 1390 0032 E9530100 	 st.b [%a5]1,%d3
 435:../Libraries/iLLD/TC4xx/Tricore/Dre/Std/IfxDre.c ****     status->FEDID            = lMoveEngineErrorStatus.B.FEDID;
 1391              	 .loc 1 435 5 is_stmt 1
 1392              	 .loc 1 435 56 is_stmt 0
 1393 0036 3702663D 	 extr.u %d3,%d2,26,6
 1394              	 .loc 1 435 30
 1395 003a E9530200 	 st.b [%a5]2,%d3
 436:../Libraries/iLLD/TC4xx/Tricore/Dre/Std/IfxDre.c ****     status->FEDIR            = lMoveEngineErrorStatus.B.FEDIR;
 1396              	 .loc 1 436 5 is_stmt 1
 1397              	 .loc 1 436 56 is_stmt 0
 1398 003e 3702E129 	 extr.u %d2,%d2,19,1
 1399              	 .loc 1 436 30
 1400 0042 E9520300 	 st.b [%a5]3,%d2
 437:../Libraries/iLLD/TC4xx/Tricore/Dre/Std/IfxDre.c **** 
 438:../Libraries/iLLD/TC4xx/Tricore/Dre/Std/IfxDre.c ****     /* Write 1 to clear bits */
 439:../Libraries/iLLD/TC4xx/Tricore/Dre/Std/IfxDre.c ****     dre->ME.ERR.U = 0x0000001E;
 1401              	 .loc 1 439 5 is_stmt 1
 1402              	 .loc 1 439 19 is_stmt 0
 1403 0046 3BE00120 	 mov %d2,30
 1404 004a 7422     	 st.w [%a2]0,%d2
 440:../Libraries/iLLD/TC4xx/Tricore/Dre/Std/IfxDre.c **** }
 1405              	 .loc 1 440 1
 1406 004c 0090     	 ret 
 1407              	.LFE520:
 1409              	 .global IfxDre_getAndClearInterruptLine13Status_end
 1410              	IfxDre_getAndClearInterruptLine13Status_end:
 1411              	 .section .text.IfxDre_getAndClearInterruptLine14Status,"ax",@progbits
 1412              	 .align 1
 1413              	 .global IfxDre_getAndClearInterruptLine14Status
 1415              	IfxDre_getAndClearInterruptLine14Status:
 1416              	.LFB521:
 441:../Libraries/iLLD/TC4xx/Tricore/Dre/Std/IfxDre.c **** 
 442:../Libraries/iLLD/TC4xx/Tricore/Dre/Std/IfxDre.c **** 
 443:../Libraries/iLLD/TC4xx/Tricore/Dre/Std/IfxDre.c **** void IfxDre_getAndClearInterruptLine14Status(Ifx_DRE *dre, IfxDre_Interrupt_Line14_Status *status)
 444:../Libraries/iLLD/TC4xx/Tricore/Dre/Std/IfxDre.c **** {
 1417              	 .loc 1 444 1 is_stmt 1
 1418              	.LVL77:
 1419 0000 40AE     	 mov.aa %a14,%SP
 1420              	.LCFI29:
 1421 0002 2030     	 sub.a %SP,48
 1422 0004 8044     	 mov.d %d4,%a4
 445:../Libraries/iLLD/TC4xx/Tricore/Dre/Std/IfxDre.c ****     Ifx_DRE_EOBUF_STATUS lvStatus[IFXDRE_NUM_EIBUF_BUFFERS];
 1423              	 .loc 1 445 5
 446:../Libraries/iLLD/TC4xx/Tricore/Dre/Std/IfxDre.c ****     Ifx_DRE_EOBUF_ERROR  error[IFXDRE_NUM_EIBUF_BUFFERS];
 1424              	 .loc 1 446 5
 447:../Libraries/iLLD/TC4xx/Tricore/Dre/Std/IfxDre.c **** 
 448:../Libraries/iLLD/TC4xx/Tricore/Dre/Std/IfxDre.c ****     uint8                i = 0;
 1425              	 .loc 1 448 5
 1426              	.LVL78:
 449:../Libraries/iLLD/TC4xx/Tricore/Dre/Std/IfxDre.c **** 
 450:../Libraries/iLLD/TC4xx/Tricore/Dre/Std/IfxDre.c ****     for (i = 0; i < IFXDRE_NUM_EOBUF_BUFFERS; i++)
 1427              	 .loc 1 450 5
 1428              	 .loc 1 450 12 is_stmt 0
 1429 0006 8202     	 mov %d2,0
 1430              	 .loc 1 450 5
 1431 0008 1D000000 	 j .L48
 1432              	.LVL79:
 1433              	.L49:
 451:../Libraries/iLLD/TC4xx/Tricore/Dre/Std/IfxDre.c ****     {
 452:../Libraries/iLLD/TC4xx/Tricore/Dre/Std/IfxDre.c ****         lvStatus[i].U = dre->EOBUF[i].STATUS.U;
 1434              	 .loc 1 452 9 is_stmt 1 discriminator 3
 1435              	 .loc 1 452 45 is_stmt 0 discriminator 3
 1436 000c 13822334 	 madd %d3,%d4,%d2,56
 1437 0010 6032     	 mov.a %a2,%d3
 1438 0012 19253451 	 ld.w %d5,[%a2]4468
 1439              	 .loc 1 452 23 discriminator 3
 1440 0016 8F220030 	 sh %d3,%d2,2
 1441 001a 01E30036 	 addsc.a %a3,%a14,%d3,0
 1442 001e 5935E8FF 	 st.w [%a3]-24,%d5
 453:../Libraries/iLLD/TC4xx/Tricore/Dre/Std/IfxDre.c ****         error[i].U    = dre->EOBUF[i].ERROR.U;
 1443              	 .loc 1 453 9 is_stmt 1 discriminator 3
 1444              	 .loc 1 453 44 is_stmt 0 discriminator 3
 1445 0022 D9240061 	 lea %a4,[%a2]4480
 1446 0026 19230061 	 ld.w %d3,[%a2]4480
 1447              	 .loc 1 453 23 discriminator 3
 1448 002a 5933D0FF 	 st.w [%a3]-48,%d3
 454:../Libraries/iLLD/TC4xx/Tricore/Dre/Std/IfxDre.c **** 
 455:../Libraries/iLLD/TC4xx/Tricore/Dre/Std/IfxDre.c ****         /* Write 1 to clear */
 456:../Libraries/iLLD/TC4xx/Tricore/Dre/Std/IfxDre.c ****         //dre->EOBUF[i].STATUS.B.BF = 1; //No longer writable by S/w. Application to clear using TX
 457:../Libraries/iLLD/TC4xx/Tricore/Dre/Std/IfxDre.c ****         dre->EOBUF[i].ERROR.U = 3;
 1449              	 .loc 1 457 9 is_stmt 1 discriminator 3
 1450              	 .loc 1 457 31 is_stmt 0 discriminator 3
 1451 002e 8233     	 mov %d3,3
 1452 0030 7443     	 st.w [%a4]0,%d3
 450:../Libraries/iLLD/TC4xx/Tricore/Dre/Std/IfxDre.c ****     {
 1453              	 .loc 1 450 48 is_stmt 1 discriminator 3
 1454 0032 C212     	 add %d2,1
 1455              	.LVL80:
 1456 0034 8FF20F21 	 and %d2,%d2,255
 1457              	.LVL81:
 1458              	.L48:
 450:../Libraries/iLLD/TC4xx/Tricore/Dre/Std/IfxDre.c ****     {
 1459              	 .loc 1 450 19 discriminator 1
 1460 0038 BF620080 	 jlt.u %d2,6,.L49
 458:../Libraries/iLLD/TC4xx/Tricore/Dre/Std/IfxDre.c ****     }
 459:../Libraries/iLLD/TC4xx/Tricore/Dre/Std/IfxDre.c **** 
 460:../Libraries/iLLD/TC4xx/Tricore/Dre/Std/IfxDre.c ****     status->EOBUF0_BF      = lvStatus[0].B.BF;
 1461              	 .loc 1 460 5
 1462              	 .loc 1 460 43 is_stmt 0
 1463 003c 19E3E8FF 	 ld.w %d3,[%a14]-24
 1464              	 .loc 1 460 28
 1465 0040 9452     	 ld.h %d2,[%a5]0
 1466              	.LVL82:
 1467 0042 67320024 	 ins.t %d2,%d2,0,%d3,8
 1468 0046 B452     	 st.h [%a5]0,%d2
 461:../Libraries/iLLD/TC4xx/Tricore/Dre/Std/IfxDre.c ****     status->EOBUF0_WDTE    = error[0].B.WDTE;
 1469              	 .loc 1 461 5 is_stmt 1
 1470              	 .loc 1 461 40 is_stmt 0
 1471 0048 19E3D0FF 	 ld.w %d3,[%a14]-48
 1472              	 .loc 1 461 28
 1473 004c 67320120 	 ins.t %d2,%d2,1,%d3,0
 1474 0050 B452     	 st.h [%a5]0,%d2
 462:../Libraries/iLLD/TC4xx/Tricore/Dre/Std/IfxDre.c ****     status->EOBUF0_TDESE   = error[0].B.TDESE;
 1475              	 .loc 1 462 5 is_stmt 1
 1476              	 .loc 1 462 40 is_stmt 0
 1477 0052 19E3D0FF 	 ld.w %d3,[%a14]-48
 1478              	 .loc 1 462 28
 1479 0056 67328220 	 ins.t %d2,%d2,2,%d3,1
 1480 005a B452     	 st.h [%a5]0,%d2
 463:../Libraries/iLLD/TC4xx/Tricore/Dre/Std/IfxDre.c ****     status->EOBUF0_DERRTYP = error[0].B.DERRTYP;
 1481              	 .loc 1 463 5 is_stmt 1
 1482              	 .loc 1 463 40 is_stmt 0
 1483 005c 19E3D0FF 	 ld.w %d3,[%a14]-48
 1484 0060 3703E331 	 extr.u %d3,%d3,3,3
 1485              	 .loc 1 463 28
 1486 0064 37328321 	 insert %d2,%d2,%d3,3,3
 1487 0068 B452     	 st.h [%a5]0,%d2
 464:../Libraries/iLLD/TC4xx/Tricore/Dre/Std/IfxDre.c **** 
 465:../Libraries/iLLD/TC4xx/Tricore/Dre/Std/IfxDre.c ****     status->EOBUF1_BF      = lvStatus[1].B.BF;
 1488              	 .loc 1 465 5 is_stmt 1
 1489              	 .loc 1 465 43 is_stmt 0
 1490 006a 19E3ECFF 	 ld.w %d3,[%a14]-20
 1491              	 .loc 1 465 28
 1492 006e 67320624 	 ins.t %d2,%d2,6,%d3,8
 1493 0072 B452     	 st.h [%a5]0,%d2
 466:../Libraries/iLLD/TC4xx/Tricore/Dre/Std/IfxDre.c ****     status->EOBUF1_WDTE    = error[1].B.WDTE;
 1494              	 .loc 1 466 5 is_stmt 1
 1495              	 .loc 1 466 40 is_stmt 0
 1496 0074 19E3D4FF 	 ld.w %d3,[%a14]-44
 1497              	 .loc 1 466 28
 1498 0078 67320720 	 ins.t %d2,%d2,7,%d3,0
 1499 007c B452     	 st.h [%a5]0,%d2
 467:../Libraries/iLLD/TC4xx/Tricore/Dre/Std/IfxDre.c ****     status->EOBUF1_TDESE   = error[1].B.TDESE;
 1500              	 .loc 1 467 5 is_stmt 1
 1501              	 .loc 1 467 40 is_stmt 0
 1502 007e 19E3D4FF 	 ld.w %d3,[%a14]-44
 1503              	 .loc 1 467 28
 1504 0082 67328820 	 ins.t %d2,%d2,8,%d3,1
 1505 0086 B452     	 st.h [%a5]0,%d2
 468:../Libraries/iLLD/TC4xx/Tricore/Dre/Std/IfxDre.c ****     status->EOBUF1_DERRTYP = error[1].B.DERRTYP;
 1506              	 .loc 1 468 5 is_stmt 1
 1507              	 .loc 1 468 40 is_stmt 0
 1508 0088 19E3D4FF 	 ld.w %d3,[%a14]-44
 1509 008c 3703E331 	 extr.u %d3,%d3,3,3
 1510              	 .loc 1 468 28
 1511 0090 37328324 	 insert %d2,%d2,%d3,9,3
 1512 0094 B452     	 st.h [%a5]0,%d2
 469:../Libraries/iLLD/TC4xx/Tricore/Dre/Std/IfxDre.c **** 
 470:../Libraries/iLLD/TC4xx/Tricore/Dre/Std/IfxDre.c ****     status->EOBUF2_BF      = lvStatus[2].B.BF;
 1513              	 .loc 1 470 5 is_stmt 1
 1514              	 .loc 1 470 43 is_stmt 0
 1515 0096 19E3F0FF 	 ld.w %d3,[%a14]-16
 1516              	 .loc 1 470 28
 1517 009a 67320C24 	 ins.t %d2,%d2,12,%d3,8
 1518 009e B452     	 st.h [%a5]0,%d2
 471:../Libraries/iLLD/TC4xx/Tricore/Dre/Std/IfxDre.c ****     status->EOBUF2_WDTE    = error[2].B.WDTE;
 1519              	 .loc 1 471 5 is_stmt 1
 1520              	 .loc 1 471 40 is_stmt 0
 1521 00a0 19E3D8FF 	 ld.w %d3,[%a14]-40
 1522              	 .loc 1 471 28
 1523 00a4 67320D20 	 ins.t %d2,%d2,13,%d3,0
 1524 00a8 B452     	 st.h [%a5]0,%d2
 472:../Libraries/iLLD/TC4xx/Tricore/Dre/Std/IfxDre.c ****     status->EOBUF2_TDESE   = error[2].B.TDESE;
 1525              	 .loc 1 472 5 is_stmt 1
 1526              	 .loc 1 472 40 is_stmt 0
 1527 00aa 19E3D8FF 	 ld.w %d3,[%a14]-40
 1528              	 .loc 1 472 28
 1529 00ae 67328E20 	 ins.t %d2,%d2,14,%d3,1
 1530 00b2 B452     	 st.h [%a5]0,%d2
 473:../Libraries/iLLD/TC4xx/Tricore/Dre/Std/IfxDre.c ****     status->EOBUF2_DERRTYP = error[2].B.DERRTYP;
 1531              	 .loc 1 473 5 is_stmt 1
 1532              	 .loc 1 473 40 is_stmt 0
 1533 00b4 19E3D8FF 	 ld.w %d3,[%a14]-40
 1534              	 .loc 1 473 28
 1535 00b8 3703E141 	 extr.u %d4,%d3,3,1
 1536              	.LVL83:
 1537 00bc 8FF40040 	 sh %d4,%d4,15
 1538 00c0 B7029127 	 insert %d2,%d2,0,15,17
 1539 00c4 A642     	 or %d2,%d4
 1540 00c6 B452     	 st.h [%a5]0,%d2
 1541 00c8 37036222 	 extr.u %d2,%d3,4,2
 1542 00cc C9530200 	 ld.h %d3,[%a5]2
 1543 00d0 8F33C031 	 andn %d3,%d3,~(-4)
 1544 00d4 A632     	 or %d2,%d3
 1545 00d6 F9520200 	 st.h [%a5]2,%d2
 474:../Libraries/iLLD/TC4xx/Tricore/Dre/Std/IfxDre.c **** 
 475:../Libraries/iLLD/TC4xx/Tricore/Dre/Std/IfxDre.c ****     status->EOBUF3_BF      = lvStatus[3].B.BF;
 1546              	 .loc 1 475 5 is_stmt 1
 1547              	 .loc 1 475 43 is_stmt 0
 1548 00da 19E3F4FF 	 ld.w %d3,[%a14]-12
 1549              	 .loc 1 475 28
 1550 00de 67320224 	 ins.t %d2,%d2,2,%d3,8
 1551 00e2 F9520200 	 st.h [%a5]2,%d2
 476:../Libraries/iLLD/TC4xx/Tricore/Dre/Std/IfxDre.c ****     status->EOBUF3_WDTE    = error[3].B.WDTE;
 1552              	 .loc 1 476 5 is_stmt 1
 1553              	 .loc 1 476 40 is_stmt 0
 1554 00e6 19E3DCFF 	 ld.w %d3,[%a14]-36
 1555              	 .loc 1 476 28
 1556 00ea 67320320 	 ins.t %d2,%d2,3,%d3,0
 1557 00ee F9520200 	 st.h [%a5]2,%d2
 477:../Libraries/iLLD/TC4xx/Tricore/Dre/Std/IfxDre.c ****     status->EOBUF3_TDESE   = error[3].B.TDESE;
 1558              	 .loc 1 477 5 is_stmt 1
 1559              	 .loc 1 477 40 is_stmt 0
 1560 00f2 19E3DCFF 	 ld.w %d3,[%a14]-36
 1561              	 .loc 1 477 28
 1562 00f6 67328420 	 ins.t %d2,%d2,4,%d3,1
 1563 00fa F9520200 	 st.h [%a5]2,%d2
 478:../Libraries/iLLD/TC4xx/Tricore/Dre/Std/IfxDre.c ****     status->EOBUF3_DERRTYP = error[3].B.DERRTYP;
 1564              	 .loc 1 478 5 is_stmt 1
 1565              	 .loc 1 478 40 is_stmt 0
 1566 00fe 19E3DCFF 	 ld.w %d3,[%a14]-36
 1567 0102 3703E331 	 extr.u %d3,%d3,3,3
 1568              	 .loc 1 478 28
 1569 0106 37328322 	 insert %d2,%d2,%d3,5,3
 1570 010a F9520200 	 st.h [%a5]2,%d2
 479:../Libraries/iLLD/TC4xx/Tricore/Dre/Std/IfxDre.c **** 
 480:../Libraries/iLLD/TC4xx/Tricore/Dre/Std/IfxDre.c ****     status->EOBUF4_BF      = lvStatus[4].B.BF;
 1571              	 .loc 1 480 5 is_stmt 1
 1572              	 .loc 1 480 43 is_stmt 0
 1573 010e 19E3F8FF 	 ld.w %d3,[%a14]-8
 1574              	 .loc 1 480 28
 1575 0112 67320824 	 ins.t %d2,%d2,8,%d3,8
 1576 0116 F9520200 	 st.h [%a5]2,%d2
 481:../Libraries/iLLD/TC4xx/Tricore/Dre/Std/IfxDre.c ****     status->EOBUF4_WDTE    = error[4].B.WDTE;
 1577              	 .loc 1 481 5 is_stmt 1
 1578              	 .loc 1 481 40 is_stmt 0
 1579 011a 19E3E0FF 	 ld.w %d3,[%a14]-32
 1580              	 .loc 1 481 28
 1581 011e 67320920 	 ins.t %d2,%d2,9,%d3,0
 1582 0122 F9520200 	 st.h [%a5]2,%d2
 482:../Libraries/iLLD/TC4xx/Tricore/Dre/Std/IfxDre.c ****     status->EOBUF4_TDESE   = error[4].B.TDESE;
 1583              	 .loc 1 482 5 is_stmt 1
 1584              	 .loc 1 482 40 is_stmt 0
 1585 0126 19E3E0FF 	 ld.w %d3,[%a14]-32
 1586              	 .loc 1 482 28
 1587 012a 67328A20 	 ins.t %d2,%d2,10,%d3,1
 1588 012e F9520200 	 st.h [%a5]2,%d2
 483:../Libraries/iLLD/TC4xx/Tricore/Dre/Std/IfxDre.c ****     status->EOBUF4_DERRTYP = error[4].B.DERRTYP;
 1589              	 .loc 1 483 5 is_stmt 1
 1590              	 .loc 1 483 40 is_stmt 0
 1591 0132 19E3E0FF 	 ld.w %d3,[%a14]-32
 1592 0136 3703E331 	 extr.u %d3,%d3,3,3
 1593              	 .loc 1 483 28
 1594 013a 37328325 	 insert %d2,%d2,%d3,11,3
 1595 013e F9520200 	 st.h [%a5]2,%d2
 484:../Libraries/iLLD/TC4xx/Tricore/Dre/Std/IfxDre.c **** 
 485:../Libraries/iLLD/TC4xx/Tricore/Dre/Std/IfxDre.c ****     status->EOBUF5_BF      = lvStatus[5].B.BF;
 1596              	 .loc 1 485 5 is_stmt 1
 1597              	 .loc 1 485 43 is_stmt 0
 1598 0142 19E3FCFF 	 ld.w %d3,[%a14]-4
 1599              	 .loc 1 485 28
 1600 0146 67320E24 	 ins.t %d2,%d2,14,%d3,8
 1601 014a F9520200 	 st.h [%a5]2,%d2
 486:../Libraries/iLLD/TC4xx/Tricore/Dre/Std/IfxDre.c ****     status->EOBUF5_WDTE    = error[5].B.WDTE;
 1602              	 .loc 1 486 5 is_stmt 1
 1603              	 .loc 1 486 40 is_stmt 0
 1604 014e 19E3E4FF 	 ld.w %d3,[%a14]-28
 1605              	 .loc 1 486 28
 1606 0152 67320F20 	 ins.t %d2,%d2,15,%d3,0
 1607 0156 F9520200 	 st.h [%a5]2,%d2
 487:../Libraries/iLLD/TC4xx/Tricore/Dre/Std/IfxDre.c ****     status->EOBUF5_TDESE   = error[5].B.TDESE;
 1608              	 .loc 1 487 5 is_stmt 1
 1609              	 .loc 1 487 40 is_stmt 0
 1610 015a 19E3E4FF 	 ld.w %d3,[%a14]-28
 1611              	 .loc 1 487 28
 1612 015e 39520400 	 ld.bu %d2,[%a5]4
 1613 0162 67328020 	 ins.t %d2,%d2,0,%d3,1
 1614 0166 E9520400 	 st.b [%a5]4,%d2
 488:../Libraries/iLLD/TC4xx/Tricore/Dre/Std/IfxDre.c ****     status->EOBUF5_DERRTYP = error[5].B.DERRTYP;
 1615              	 .loc 1 488 5 is_stmt 1
 1616              	 .loc 1 488 40 is_stmt 0
 1617 016a 19E3E4FF 	 ld.w %d3,[%a14]-28
 1618 016e 3703E331 	 extr.u %d3,%d3,3,3
 1619              	 .loc 1 488 28
 1620 0172 37328320 	 insert %d2,%d2,%d3,1,3
 1621 0176 E9520400 	 st.b [%a5]4,%d2
 489:../Libraries/iLLD/TC4xx/Tricore/Dre/Std/IfxDre.c **** }
 1622              	 .loc 1 489 1
 1623 017a 0090     	 ret 
 1624              	.LFE521:
 1626              	 .global IfxDre_getAndClearInterruptLine14Status_end
 1627              	IfxDre_getAndClearInterruptLine14Status_end:
 1628              	 .section .text.IfxDre_getAndClearInterruptLine15Status,"ax",@progbits
 1629              	 .align 1
 1630              	 .global IfxDre_getAndClearInterruptLine15Status
 1632              	IfxDre_getAndClearInterruptLine15Status:
 1633              	.LFB522:
 490:../Libraries/iLLD/TC4xx/Tricore/Dre/Std/IfxDre.c **** 
 491:../Libraries/iLLD/TC4xx/Tricore/Dre/Std/IfxDre.c **** 
 492:../Libraries/iLLD/TC4xx/Tricore/Dre/Std/IfxDre.c **** void IfxDre_getAndClearInterruptLine15Status(Ifx_DRE *dre, IfxDre_Interrupt_Line15_Status *status)
 493:../Libraries/iLLD/TC4xx/Tricore/Dre/Std/IfxDre.c **** {
 1634              	 .loc 1 493 1 is_stmt 1
 1635              	.LVL84:
 1636 0000 40AE     	 mov.aa %a14,%SP
 1637              	.LCFI30:
 494:../Libraries/iLLD/TC4xx/Tricore/Dre/Std/IfxDre.c ****     status->EOBUF0_TXREQ         = dre->EOBUF[0].STATUS.B.TXREQ;
 1638              	 .loc 1 494 5
 1639              	 .loc 1 494 58 is_stmt 0
 1640 0002 19433451 	 ld.w %d3,[%a4]4468
 1641              	 .loc 1 494 34
 1642 0006 1452     	 ld.bu %d2,[%a5]0
 1643 0008 67328025 	 ins.t %d2,%d2,0,%d3,11
 1644 000c 3452     	 st.b [%a5]0,%d2
 495:../Libraries/iLLD/TC4xx/Tricore/Dre/Std/IfxDre.c ****     status->EOBUF1_TXREQ         = dre->EOBUF[1].STATUS.B.TXREQ;
 1645              	 .loc 1 495 5 is_stmt 1
 1646              	 .loc 1 495 58 is_stmt 0
 1647 000e 19432C61 	 ld.w %d3,[%a4]4524
 1648              	 .loc 1 495 34
 1649 0012 67328125 	 ins.t %d2,%d2,1,%d3,11
 1650 0016 3452     	 st.b [%a5]0,%d2
 496:../Libraries/iLLD/TC4xx/Tricore/Dre/Std/IfxDre.c ****     status->EOBUF2_TXREQ         = dre->EOBUF[2].STATUS.B.TXREQ;
 1651              	 .loc 1 496 5 is_stmt 1
 1652              	 .loc 1 496 58 is_stmt 0
 1653 0018 19432471 	 ld.w %d3,[%a4]4580
 1654              	 .loc 1 496 34
 1655 001c 67328225 	 ins.t %d2,%d2,2,%d3,11
 1656 0020 3452     	 st.b [%a5]0,%d2
 497:../Libraries/iLLD/TC4xx/Tricore/Dre/Std/IfxDre.c ****     status->EOBUF3_TXREQ         = dre->EOBUF[3].STATUS.B.TXREQ;
 1657              	 .loc 1 497 5 is_stmt 1
 1658              	 .loc 1 497 58 is_stmt 0
 1659 0022 19431C81 	 ld.w %d3,[%a4]4636
 1660              	 .loc 1 497 34
 1661 0026 67328325 	 ins.t %d2,%d2,3,%d3,11
 1662 002a 3452     	 st.b [%a5]0,%d2
 498:../Libraries/iLLD/TC4xx/Tricore/Dre/Std/IfxDre.c ****     status->EOBUF4_TXREQ         = dre->EOBUF[4].STATUS.B.TXREQ;
 1663              	 .loc 1 498 5 is_stmt 1
 1664              	 .loc 1 498 58 is_stmt 0
 1665 002c 19431491 	 ld.w %d3,[%a4]4692
 1666              	 .loc 1 498 34
 1667 0030 67328425 	 ins.t %d2,%d2,4,%d3,11
 1668 0034 3452     	 st.b [%a5]0,%d2
 499:../Libraries/iLLD/TC4xx/Tricore/Dre/Std/IfxDre.c ****     status->EOBUF5_TXREQ         = dre->EOBUF[5].STATUS.B.TXREQ;
 1669              	 .loc 1 499 5 is_stmt 1
 1670              	 .loc 1 499 58 is_stmt 0
 1671 0036 19430CA1 	 ld.w %d3,[%a4]4748
 1672              	 .loc 1 499 34
 1673 003a 67328525 	 ins.t %d2,%d2,5,%d3,11
 1674 003e 3452     	 st.b [%a5]0,%d2
 500:../Libraries/iLLD/TC4xx/Tricore/Dre/Std/IfxDre.c **** 
 501:../Libraries/iLLD/TC4xx/Tricore/Dre/Std/IfxDre.c ****     /* Write 1 to clear */
 502:../Libraries/iLLD/TC4xx/Tricore/Dre/Std/IfxDre.c ****     dre->EOBUF[0].STATUS.B.TXREQ = 1;
 1675              	 .loc 1 502 5 is_stmt 1
 1676              	 .loc 1 502 34 is_stmt 0
 1677 0040 D9423451 	 lea %a2,[%a4]4468
 1678 0044 19423451 	 ld.w %d2,[%a4]4468
 1679 0048 B7128125 	 insert %d2,%d2,1,11,1
 1680 004c 7422     	 st.w [%a2]0,%d2
 503:../Libraries/iLLD/TC4xx/Tricore/Dre/Std/IfxDre.c ****     dre->EOBUF[1].STATUS.B.TXREQ = 1;
 1681              	 .loc 1 503 5 is_stmt 1
 1682              	 .loc 1 503 34 is_stmt 0
 1683 004e D9422C61 	 lea %a2,[%a4]4524
 1684 0052 19422C61 	 ld.w %d2,[%a4]4524
 1685 0056 B7128125 	 insert %d2,%d2,1,11,1
 1686 005a 7422     	 st.w [%a2]0,%d2
 504:../Libraries/iLLD/TC4xx/Tricore/Dre/Std/IfxDre.c ****     dre->EOBUF[2].STATUS.B.TXREQ = 1;
 1687              	 .loc 1 504 5 is_stmt 1
 1688              	 .loc 1 504 34 is_stmt 0
 1689 005c D9422471 	 lea %a2,[%a4]4580
 1690 0060 19422471 	 ld.w %d2,[%a4]4580
 1691 0064 B7128125 	 insert %d2,%d2,1,11,1
 1692 0068 7422     	 st.w [%a2]0,%d2
 505:../Libraries/iLLD/TC4xx/Tricore/Dre/Std/IfxDre.c ****     dre->EOBUF[3].STATUS.B.TXREQ = 1;
 1693              	 .loc 1 505 5 is_stmt 1
 1694              	 .loc 1 505 34 is_stmt 0
 1695 006a D9421C81 	 lea %a2,[%a4]4636
 1696 006e 19421C81 	 ld.w %d2,[%a4]4636
 1697 0072 B7128125 	 insert %d2,%d2,1,11,1
 1698 0076 7422     	 st.w [%a2]0,%d2
 506:../Libraries/iLLD/TC4xx/Tricore/Dre/Std/IfxDre.c ****     dre->EOBUF[4].STATUS.B.TXREQ = 1;
 1699              	 .loc 1 506 5 is_stmt 1
 1700              	 .loc 1 506 34 is_stmt 0
 1701 0078 D9421491 	 lea %a2,[%a4]4692
 1702 007c 19421491 	 ld.w %d2,[%a4]4692
 1703 0080 B7128125 	 insert %d2,%d2,1,11,1
 1704 0084 7422     	 st.w [%a2]0,%d2
 507:../Libraries/iLLD/TC4xx/Tricore/Dre/Std/IfxDre.c ****     dre->EOBUF[5].STATUS.B.TXREQ = 1;
 1705              	 .loc 1 507 5 is_stmt 1
 1706              	 .loc 1 507 34 is_stmt 0
 1707 0086 D9420CA1 	 lea %a2,[%a4]4748
 1708 008a 19420CA1 	 ld.w %d2,[%a4]4748
 1709 008e B7128125 	 insert %d2,%d2,1,11,1
 1710 0092 7422     	 st.w [%a2]0,%d2
 508:../Libraries/iLLD/TC4xx/Tricore/Dre/Std/IfxDre.c **** }
 1711              	 .loc 1 508 1
 1712 0094 0090     	 ret 
 1713              	.LFE522:
 1715              	 .global IfxDre_getAndClearInterruptLine15Status_end
 1716              	IfxDre_getAndClearInterruptLine15Status_end:
 1717              	 .section .text.IfxDre_getSrcAddress,"ax",@progbits
 1718              	 .align 1
 1719              	 .global IfxDre_getSrcAddress
 1721              	IfxDre_getSrcAddress:
 1722              	.LFB523:
 509:../Libraries/iLLD/TC4xx/Tricore/Dre/Std/IfxDre.c **** 
 510:../Libraries/iLLD/TC4xx/Tricore/Dre/Std/IfxDre.c **** 
 511:../Libraries/iLLD/TC4xx/Tricore/Dre/Std/IfxDre.c **** volatile Ifx_SRC_SRCR *IfxDre_getSrcAddress(IfxDre_InterruptLine index)
 512:../Libraries/iLLD/TC4xx/Tricore/Dre/Std/IfxDre.c **** {
 1723              	 .loc 1 512 1 is_stmt 1
 1724              	.LVL85:
 1725 0000 40AE     	 mov.aa %a14,%SP
 1726              	.LCFI31:
 513:../Libraries/iLLD/TC4xx/Tricore/Dre/Std/IfxDre.c ****     return (volatile Ifx_SRC_SRCR *)(&MODULE_SRC.DRE[index]);
 1727              	 .loc 1 513 5
 1728              	 .loc 1 513 12 is_stmt 0
 1729 0002 0624     	 sh %d4,2
 1730              	.LVL86:
 514:../Libraries/iLLD/TC4xx/Tricore/Dre/Std/IfxDre.c **** }
 1731              	 .loc 1 514 1
 1732 0004 9130442F 	 movh.a %a2,62531
 1733 0008 D9226053 	 lea %a2,[%a2]13664
 1734 000c 01240026 	 addsc.a %a2,%a2,%d4,0
 1735 0010 0090     	 ret 
 1736              	.LFE523:
 1738              	 .global IfxDre_getSrcAddress_end
 1739              	IfxDre_getSrcAddress_end:
 1740              	 .section .text.IfxDre_resetEthTxCount,"ax",@progbits
 1741              	 .align 1
 1742              	 .global IfxDre_resetEthTxCount
 1744              	IfxDre_resetEthTxCount:
 1745              	.LFB524:
 515:../Libraries/iLLD/TC4xx/Tricore/Dre/Std/IfxDre.c **** 
 516:../Libraries/iLLD/TC4xx/Tricore/Dre/Std/IfxDre.c **** 
 517:../Libraries/iLLD/TC4xx/Tricore/Dre/Std/IfxDre.c **** void IfxDre_resetEthTxCount(Ifx_DRE *dre)
 518:../Libraries/iLLD/TC4xx/Tricore/Dre/Std/IfxDre.c **** {
 1746              	 .loc 1 518 1 is_stmt 1
 1747              	.LVL87:
 1748 0000 40AE     	 mov.aa %a14,%SP
 1749              	.LCFI32:
 519:../Libraries/iLLD/TC4xx/Tricore/Dre/Std/IfxDre.c **** 	/* Write of non-zero to clear bit */
 520:../Libraries/iLLD/TC4xx/Tricore/Dre/Std/IfxDre.c ****     dre->EDLSTAT.B.TXCNT = 1;
 1750              	 .loc 1 520 5
 1751              	 .loc 1 520 26 is_stmt 0
 1752 0002 D94258F1 	 lea %a2,[%a4]6104
 1753 0006 194258F1 	 ld.w %d2,[%a4]6104
 1754 000a B7120823 	 insert %d2,%d2,1,6,8
 1755 000e 7422     	 st.w [%a2]0,%d2
 521:../Libraries/iLLD/TC4xx/Tricore/Dre/Std/IfxDre.c **** }
 1756              	 .loc 1 521 1
 1757 0010 0090     	 ret 
 1758              	.LFE524:
 1760              	 .global IfxDre_resetEthTxCount_end
 1761              	IfxDre_resetEthTxCount_end:
 1762              	 .section .text.IfxDre_resetEthRxCount,"ax",@progbits
 1763              	 .align 1
 1764              	 .global IfxDre_resetEthRxCount
 1766              	IfxDre_resetEthRxCount:
 1767              	.LFB525:
 522:../Libraries/iLLD/TC4xx/Tricore/Dre/Std/IfxDre.c **** 
 523:../Libraries/iLLD/TC4xx/Tricore/Dre/Std/IfxDre.c **** 
 524:../Libraries/iLLD/TC4xx/Tricore/Dre/Std/IfxDre.c **** void IfxDre_resetEthRxCount(Ifx_DRE *dre)
 525:../Libraries/iLLD/TC4xx/Tricore/Dre/Std/IfxDre.c **** {
 1768              	 .loc 1 525 1 is_stmt 1
 1769              	.LVL88:
 1770 0000 40AE     	 mov.aa %a14,%SP
 1771              	.LCFI33:
 526:../Libraries/iLLD/TC4xx/Tricore/Dre/Std/IfxDre.c **** 	/* Write of non-zero to clear bit */
 527:../Libraries/iLLD/TC4xx/Tricore/Dre/Std/IfxDre.c ****     dre->EDLSTAT.B.RXCNT = 1;
 1772              	 .loc 1 527 5
 1773              	 .loc 1 527 26 is_stmt 0
 1774 0002 D94258F1 	 lea %a2,[%a4]6104
 1775 0006 194258F1 	 ld.w %d2,[%a4]6104
 1776 000a B7120620 	 insert %d2,%d2,1,0,6
 1777 000e 7422     	 st.w [%a2]0,%d2
 528:../Libraries/iLLD/TC4xx/Tricore/Dre/Std/IfxDre.c **** }
 1778              	 .loc 1 528 1
 1779 0010 0090     	 ret 
 1780              	.LFE525:
 1782              	 .global IfxDre_resetEthRxCount_end
 1783              	IfxDre_resetEthRxCount_end:
 1784              	 .section .text.IfxDre_getEthDescListStatus,"ax",@progbits
 1785              	 .align 1
 1786              	 .global IfxDre_getEthDescListStatus
 1788              	IfxDre_getEthDescListStatus:
 1789              	.LFB526:
 529:../Libraries/iLLD/TC4xx/Tricore/Dre/Std/IfxDre.c **** 
 530:../Libraries/iLLD/TC4xx/Tricore/Dre/Std/IfxDre.c **** 
 531:../Libraries/iLLD/TC4xx/Tricore/Dre/Std/IfxDre.c **** void IfxDre_getEthDescListStatus(Ifx_DRE *dre, IfxDre_EdlStatus *status)
 532:../Libraries/iLLD/TC4xx/Tricore/Dre/Std/IfxDre.c **** {
 1790              	 .loc 1 532 1 is_stmt 1
 1791              	.LVL89:
 1792 0000 40AE     	 mov.aa %a14,%SP
 1793              	.LCFI34:
 533:../Libraries/iLLD/TC4xx/Tricore/Dre/Std/IfxDre.c ****     Ifx_DRE_EDLSTAT edlStatus;
 1794              	 .loc 1 533 5
 534:../Libraries/iLLD/TC4xx/Tricore/Dre/Std/IfxDre.c ****     edlStatus.U     = dre->EDLSTAT.U;
 1795              	 .loc 1 534 5
 1796              	 .loc 1 534 35 is_stmt 0
 1797 0002 194258F1 	 ld.w %d2,[%a4]6104
 535:../Libraries/iLLD/TC4xx/Tricore/Dre/Std/IfxDre.c **** 
 536:../Libraries/iLLD/TC4xx/Tricore/Dre/Std/IfxDre.c ****     status->rxCount = edlStatus.B.RXCNT;
 1798              	 .loc 1 536 5 is_stmt 1
 1799              	 .loc 1 536 34 is_stmt 0
 1800 0006 37026630 	 extr.u %d3,%d2,0,6
 1801              	 .loc 1 536 21
 1802 000a E9530100 	 st.b [%a5]1,%d3
 537:../Libraries/iLLD/TC4xx/Tricore/Dre/Std/IfxDre.c ****     status->txCount = edlStatus.B.TXCNT;
 1803              	 .loc 1 537 5 is_stmt 1
 1804              	 .loc 1 537 34 is_stmt 0
 1805 000e 37026823 	 extr.u %d2,%d2,6,8
 1806              	 .loc 1 537 21
 1807 0012 3452     	 st.b [%a5]0,%d2
 538:../Libraries/iLLD/TC4xx/Tricore/Dre/Std/IfxDre.c **** }
 1808              	 .loc 1 538 1
 1809 0014 0090     	 ret 
 1810              	.LFE526:
 1812              	 .global IfxDre_getEthDescListStatus_end
 1813              	IfxDre_getEthDescListStatus_end:
 1814              	 .section .text.IfxDre_clearEthTxSummary,"ax",@progbits
 1815              	 .align 1
 1816              	 .global IfxDre_clearEthTxSummary
 1818              	IfxDre_clearEthTxSummary:
 1819              	.LFB527:
 539:../Libraries/iLLD/TC4xx/Tricore/Dre/Std/IfxDre.c **** 
 540:../Libraries/iLLD/TC4xx/Tricore/Dre/Std/IfxDre.c **** 
 541:../Libraries/iLLD/TC4xx/Tricore/Dre/Std/IfxDre.c **** void IfxDre_clearEthTxSummary(Ifx_DRE *dre, uint8 value)
 542:../Libraries/iLLD/TC4xx/Tricore/Dre/Std/IfxDre.c **** {
 1820              	 .loc 1 542 1 is_stmt 1
 1821              	.LVL90:
 1822 0000 40AE     	 mov.aa %a14,%SP
 1823              	.LCFI35:
 543:../Libraries/iLLD/TC4xx/Tricore/Dre/Std/IfxDre.c **** 	/* Write of non-zero to clear bit */
 544:../Libraries/iLLD/TC4xx/Tricore/Dre/Std/IfxDre.c ****     dre->EREQ.U = (uint32)value;
 1824              	 .loc 1 544 5
 1825              	 .loc 1 544 17 is_stmt 0
 1826 0002 59445CF1 	 st.w [%a4]6108,%d4
 545:../Libraries/iLLD/TC4xx/Tricore/Dre/Std/IfxDre.c **** }
 1827              	 .loc 1 545 1
 1828 0006 0090     	 ret 
 1829              	.LFE527:
 1831              	 .global IfxDre_clearEthTxSummary_end
 1832              	IfxDre_clearEthTxSummary_end:
 1833              	 .section .text.IfxDre_clearEthFwdSummary,"ax",@progbits
 1834              	 .align 1
 1835              	 .global IfxDre_clearEthFwdSummary
 1837              	IfxDre_clearEthFwdSummary:
 1838              	.LFB528:
 546:../Libraries/iLLD/TC4xx/Tricore/Dre/Std/IfxDre.c **** 
 547:../Libraries/iLLD/TC4xx/Tricore/Dre/Std/IfxDre.c **** 
 548:../Libraries/iLLD/TC4xx/Tricore/Dre/Std/IfxDre.c **** void IfxDre_clearEthFwdSummary(Ifx_DRE *dre, uint8 value)
 549:../Libraries/iLLD/TC4xx/Tricore/Dre/Std/IfxDre.c **** {
 1839              	 .loc 1 549 1 is_stmt 1
 1840              	.LVL91:
 1841 0000 40AE     	 mov.aa %a14,%SP
 1842              	.LCFI36:
 550:../Libraries/iLLD/TC4xx/Tricore/Dre/Std/IfxDre.c **** 	/* Write of non-zero to clear bit */
 551:../Libraries/iLLD/TC4xx/Tricore/Dre/Std/IfxDre.c ****     dre->EREQ.U = (uint32)value << 16;
 1843              	 .loc 1 551 5
 1844              	 .loc 1 551 33 is_stmt 0
 1845 0002 8F040140 	 sh %d4,%d4,16
 1846              	.LVL92:
 1847              	 .loc 1 551 17
 1848 0006 59445CF1 	 st.w [%a4]6108,%d4
 552:../Libraries/iLLD/TC4xx/Tricore/Dre/Std/IfxDre.c **** }
 1849              	 .loc 1 552 1
 1850 000a 0090     	 ret 
 1851              	.LFE528:
 1853              	 .global IfxDre_clearEthFwdSummary_end
 1854              	IfxDre_clearEthFwdSummary_end:
 1855              	 .section .text.IfxDre_getEthReqSummary,"ax",@progbits
 1856              	 .align 1
 1857              	 .global IfxDre_getEthReqSummary
 1859              	IfxDre_getEthReqSummary:
 1860              	.LFB529:
 553:../Libraries/iLLD/TC4xx/Tricore/Dre/Std/IfxDre.c **** 
 554:../Libraries/iLLD/TC4xx/Tricore/Dre/Std/IfxDre.c **** 
 555:../Libraries/iLLD/TC4xx/Tricore/Dre/Std/IfxDre.c **** void IfxDre_getEthReqSummary(Ifx_DRE *dre, IfxDre_ErsStatus *status)
 556:../Libraries/iLLD/TC4xx/Tricore/Dre/Std/IfxDre.c **** {
 1861              	 .loc 1 556 1 is_stmt 1
 1862              	.LVL93:
 1863 0000 40AE     	 mov.aa %a14,%SP
 1864              	.LCFI37:
 557:../Libraries/iLLD/TC4xx/Tricore/Dre/Std/IfxDre.c ****     Ifx_DRE_EREQ ereqStatus;
 1865              	 .loc 1 557 5
 558:../Libraries/iLLD/TC4xx/Tricore/Dre/Std/IfxDre.c ****     ereqStatus.U                = dre->EREQ.U;
 1866              	 .loc 1 558 5
 1867              	 .loc 1 558 44 is_stmt 0
 1868 0002 19425CF1 	 ld.w %d2,[%a4]6108
 559:../Libraries/iLLD/TC4xx/Tricore/Dre/Std/IfxDre.c **** 
 560:../Libraries/iLLD/TC4xx/Tricore/Dre/Std/IfxDre.c ****     status->tx0                 = ereqStatus.B.TX0_REQ;
 1869              	 .loc 1 560 5 is_stmt 1
 1870              	 .loc 1 560 33 is_stmt 0
 1871 0006 9453     	 ld.h %d3,[%a5]0
 1872 0008 67230030 	 ins.t %d3,%d3,0,%d2,0
 1873 000c B453     	 st.h [%a5]0,%d3
 561:../Libraries/iLLD/TC4xx/Tricore/Dre/Std/IfxDre.c ****     status->tx1                 = ereqStatus.B.TX1_REQ;
 1874              	 .loc 1 561 5 is_stmt 1
 1875              	 .loc 1 561 33 is_stmt 0
 1876 000e 67238130 	 ins.t %d3,%d3,1,%d2,1
 1877 0012 B453     	 st.h [%a5]0,%d3
 562:../Libraries/iLLD/TC4xx/Tricore/Dre/Std/IfxDre.c ****     status->tx2                 = ereqStatus.B.TX2_REQ;
 1878              	 .loc 1 562 5 is_stmt 1
 1879              	 .loc 1 562 33 is_stmt 0
 1880 0014 67230231 	 ins.t %d3,%d3,2,%d2,2
 1881 0018 B453     	 st.h [%a5]0,%d3
 563:../Libraries/iLLD/TC4xx/Tricore/Dre/Std/IfxDre.c ****     status->tx3                 = ereqStatus.B.TX3_REQ;
 1882              	 .loc 1 563 5 is_stmt 1
 1883              	 .loc 1 563 33 is_stmt 0
 1884 001a 67238331 	 ins.t %d3,%d3,3,%d2,3
 1885 001e B453     	 st.h [%a5]0,%d3
 564:../Libraries/iLLD/TC4xx/Tricore/Dre/Std/IfxDre.c ****     status->tx4                 = ereqStatus.B.TX4_REQ;
 1886              	 .loc 1 564 5 is_stmt 1
 1887              	 .loc 1 564 33 is_stmt 0
 1888 0020 67230432 	 ins.t %d3,%d3,4,%d2,4
 1889 0024 B453     	 st.h [%a5]0,%d3
 565:../Libraries/iLLD/TC4xx/Tricore/Dre/Std/IfxDre.c ****     status->tx5                 = ereqStatus.B.TX5_REQ;
 1890              	 .loc 1 565 5 is_stmt 1
 1891              	 .loc 1 565 33 is_stmt 0
 1892 0026 67238532 	 ins.t %d3,%d3,5,%d2,5
 1893 002a B453     	 st.h [%a5]0,%d3
 566:../Libraries/iLLD/TC4xx/Tricore/Dre/Std/IfxDre.c **** 
 567:../Libraries/iLLD/TC4xx/Tricore/Dre/Std/IfxDre.c ****     status->fwd0                = ereqStatus.B.FWD0_REQ;
 1894              	 .loc 1 567 5 is_stmt 1
 1895              	 .loc 1 567 33 is_stmt 0
 1896 002c 67230633 	 ins.t %d3,%d3,6,%d2,6
 1897 0030 B453     	 st.h [%a5]0,%d3
 568:../Libraries/iLLD/TC4xx/Tricore/Dre/Std/IfxDre.c ****     status->fwd1                = ereqStatus.B.FWD1_REQ;
 1898              	 .loc 1 568 5 is_stmt 1
 1899              	 .loc 1 568 33 is_stmt 0
 1900 0032 67238733 	 ins.t %d3,%d3,7,%d2,7
 1901 0036 B453     	 st.h [%a5]0,%d3
 569:../Libraries/iLLD/TC4xx/Tricore/Dre/Std/IfxDre.c ****     status->fwd2                = ereqStatus.B.FWD2_REQ;
 1902              	 .loc 1 569 5 is_stmt 1
 1903              	 .loc 1 569 33 is_stmt 0
 1904 0038 67230834 	 ins.t %d3,%d3,8,%d2,8
 1905 003c B453     	 st.h [%a5]0,%d3
 570:../Libraries/iLLD/TC4xx/Tricore/Dre/Std/IfxDre.c ****     status->fwd3                = ereqStatus.B.FWD3_REQ;
 1906              	 .loc 1 570 5 is_stmt 1
 1907              	 .loc 1 570 33 is_stmt 0
 1908 003e 67238934 	 ins.t %d3,%d3,9,%d2,9
 1909 0042 B453     	 st.h [%a5]0,%d3
 571:../Libraries/iLLD/TC4xx/Tricore/Dre/Std/IfxDre.c ****     status->fwd4                = ereqStatus.B.FWD4_REQ;
 1910              	 .loc 1 571 5 is_stmt 1
 1911              	 .loc 1 571 33 is_stmt 0
 1912 0044 67230A35 	 ins.t %d3,%d3,10,%d2,10
 1913 0048 B453     	 st.h [%a5]0,%d3
 572:../Libraries/iLLD/TC4xx/Tricore/Dre/Std/IfxDre.c ****     status->fwd5                = ereqStatus.B.FWD5_REQ;
 1914              	 .loc 1 572 5 is_stmt 1
 1915              	 .loc 1 572 33 is_stmt 0
 1916 004a 67238B35 	 ins.t %d3,%d3,11,%d2,11
 1917 004e B453     	 st.h [%a5]0,%d3
 573:../Libraries/iLLD/TC4xx/Tricore/Dre/Std/IfxDre.c **** 
 574:../Libraries/iLLD/TC4xx/Tricore/Dre/Std/IfxDre.c ****     status->currentBufferIndex0 = ereqStatus.B.CBI0;
 1918              	 .loc 1 574 5 is_stmt 1
 1919              	 .loc 1 574 47 is_stmt 0
 1920 0050 3702E336 	 extr.u %d3,%d2,13,3
 1921              	 .loc 1 574 33
 1922 0054 E9530200 	 st.b [%a5]2,%d3
 575:../Libraries/iLLD/TC4xx/Tricore/Dre/Std/IfxDre.c ****     status->currentBufferIndex1 = ereqStatus.B.CBI1;
 1923              	 .loc 1 575 5 is_stmt 1
 1924              	 .loc 1 575 47 is_stmt 0
 1925 0058 3702E338 	 extr.u %d3,%d2,17,3
 1926              	 .loc 1 575 33
 1927 005c E9530300 	 st.b [%a5]3,%d3
 576:../Libraries/iLLD/TC4xx/Tricore/Dre/Std/IfxDre.c ****     status->currentBufferIndex2 = ereqStatus.B.CBI2;
 1928              	 .loc 1 576 5 is_stmt 1
 1929              	 .loc 1 576 47 is_stmt 0
 1930 0060 3702633A 	 extr.u %d3,%d2,20,3
 1931              	 .loc 1 576 33
 1932 0064 E9530400 	 st.b [%a5]4,%d3
 577:../Libraries/iLLD/TC4xx/Tricore/Dre/Std/IfxDre.c ****     status->currentBufferIndex3 = ereqStatus.B.CBI3;
 1933              	 .loc 1 577 5 is_stmt 1
 1934              	 .loc 1 577 47 is_stmt 0
 1935 0068 3702E33B 	 extr.u %d3,%d2,23,3
 1936              	 .loc 1 577 33
 1937 006c E9530500 	 st.b [%a5]5,%d3
 578:../Libraries/iLLD/TC4xx/Tricore/Dre/Std/IfxDre.c ****     status->currentBufferIndex4 = ereqStatus.B.CBI4;
 1938              	 .loc 1 578 5 is_stmt 1
 1939              	 .loc 1 578 47 is_stmt 0
 1940 0070 3702633D 	 extr.u %d3,%d2,26,3
 1941              	 .loc 1 578 33
 1942 0074 E9530600 	 st.b [%a5]6,%d3
 579:../Libraries/iLLD/TC4xx/Tricore/Dre/Std/IfxDre.c ****     status->currentBufferIndex5 = ereqStatus.B.CBI5;
 1943              	 .loc 1 579 5 is_stmt 1
 1944              	 .loc 1 579 47 is_stmt 0
 1945 0078 3702E32E 	 extr.u %d2,%d2,29,3
 1946              	 .loc 1 579 33
 1947 007c E9520700 	 st.b [%a5]7,%d2
 580:../Libraries/iLLD/TC4xx/Tricore/Dre/Std/IfxDre.c **** }
 1948              	 .loc 1 580 1
 1949 0080 0090     	 ret 
 1950              	.LFE529:
 1952              	 .global IfxDre_getEthReqSummary_end
 1953              	IfxDre_getEthReqSummary_end:
 1954              	 .section .text.IfxDre_configureAccessToDre,"ax",@progbits
 1955              	 .align 1
 1956              	 .global IfxDre_configureAccessToDre
 1958              	IfxDre_configureAccessToDre:
 1959              	.LFB530:
 581:../Libraries/iLLD/TC4xx/Tricore/Dre/Std/IfxDre.c **** 
 582:../Libraries/iLLD/TC4xx/Tricore/Dre/Std/IfxDre.c **** 
 583:../Libraries/iLLD/TC4xx/Tricore/Dre/Std/IfxDre.c **** void IfxDre_configureAccessToDre(IfxApApu_ApuConfig *apConfig)
 584:../Libraries/iLLD/TC4xx/Tricore/Dre/Std/IfxDre.c **** {
 1960              	 .loc 1 584 1 is_stmt 1
 1961              	.LVL94:
 1962 0000 40AE     	 mov.aa %a14,%SP
 1963              	.LCFI38:
 585:../Libraries/iLLD/TC4xx/Tricore/Dre/Std/IfxDre.c ****     /* Loop through all the Resource Partitions */
 586:../Libraries/iLLD/TC4xx/Tricore/Dre/Std/IfxDre.c ****     IfxApApu_init((Ifx_ACCEN_ACCEN *)&MODULE_DRE.ACCEN, apConfig);
 1964              	 .loc 1 586 5
 1965 0002 4045     	 mov.aa %a5,%a4
 1966 0004 9130904F 	 movh.a %a4,63747
 1967              	.LVL95:
 1968 0008 D9442000 	 lea %a4,[%a4]32
 1969 000c 6D000000 	 call IfxApApu_init
 1970              	.LVL96:
 587:../Libraries/iLLD/TC4xx/Tricore/Dre/Std/IfxDre.c **** }
 1971              	 .loc 1 587 1 is_stmt 0
 1972 0010 0090     	 ret 
 1973              	.LFE530:
 1975              	 .global IfxDre_configureAccessToDre_end
 1976              	IfxDre_configureAccessToDre_end:
 2461              	.Letext0:
 2462              	 .file 3 "../Libraries/Infra/Platform/Compilers/Platform_Types.h"
 2463              	 .file 4 "../Libraries/Infra/Sfr/TC4Dx/Ifx_TypesReg.h"
 2464              	 .file 5 "../Libraries/Infra/Sfr/TC4Dx/IfxDre_regdef.h"
 2465              	 .file 6 "../Libraries/Infra/Sfr/TC4Dx/IfxSrc_regdef.h"
 2466              	 .file 7 "../Libraries/iLLD/TC4xx/CpuGeneric/_Impl/TC4Dx/IfxAp_cfg_TC4Dx.h"
 2467              	 .file 8 "../Libraries/iLLD/TC4xx/CpuGeneric/Ap/IfxProt_regdef.h"
 2468              	 .file 9 "../Libraries/iLLD/TC4xx/CpuGeneric/Ap/Std/IfxApProt.h"
 2469              	 .file 10 "../Libraries/iLLD/TC4xx/CpuGeneric/Ap/IfxAccen_regdef.h"
 2470              	 .file 11 "../Libraries/iLLD/TC4xx/CpuGeneric/Ap/Std/IfxApApu.h"
 26982 0000 00000000 	 .word IfxDre_resetModule
 26983 0004 00000000 	 .word IfxDre_resetModule_end
 26984 0008 04001444 	 .word 0x44140004
 26985 000c 00001000 	 .word 0x00100000
 26986 0010 00000000 	 .word 0x00000000
 26987 0014 C0000000 	 .word 0x000000c0
 26988 0018 00000000 	 .word IfxDre_disableModule
 26989 001c 00000000 	 .word IfxDre_disableModule_end
 26990 0020 04001044 	 .word 0x44100004
 26991 0024 00001000 	 .word 0x00100000
 26992 0028 00000000 	 .word 0x00000000
 26993 002c C0000000 	 .word 0x000000c0
 26994 0030 00000000 	 .word IfxDre_enableModule
 26995 0034 00000000 	 .word IfxDre_enableModule_end
 26996 0038 04001044 	 .word 0x44100004
 26997 003c 00001000 	 .word 0x00100000
 26998 0040 00000000 	 .word 0x00000000
 26999 0044 C0000000 	 .word 0x000000c0
 27000 0048 00000000 	 .word IfxDre_getEibufStatusFlags
 27001 004c 00000000 	 .word IfxDre_getEibufStatusFlags_end
 27002 0050 14003444 	 .word 0x44340014
 27003 0054 10003000 	 .word 0x00300010
 27004 0058 00000000 	 .word 0x00000000
 27005 005c C0000000 	 .word 0x000000c0
 27006 0060 00000000 	 .word IfxDre_setEibufNewEthernetFrameRequest
 27007 0064 00000000 	 .word IfxDre_setEibufNewEthernetFrameRequest_end
 27008 0068 14001444 	 .word 0x44140014
 27009 006c 10001000 	 .word 0x00100010
 27010 0070 00000000 	 .word 0x00000000
 27011 0074 C0000000 	 .word 0x000000c0
 27012 0078 00000000 	 .word IfxDre_clearBufferPendingRequest
 27013 007c 00000000 	 .word IfxDre_clearBufferPendingRequest_end
 27014 0080 14001444 	 .word 0x44140014
 27015 0084 10001000 	 .word 0x00100010
 27016 0088 00000000 	 .word 0x00000000
 27017 008c C0000000 	 .word 0x000000c0
 27018 0090 00000000 	 .word IfxDre_getEibufPendingRequest
 27019 0094 00000000 	 .word IfxDre_getEibufPendingRequest_end
 27020 0098 14001444 	 .word 0x44140014
 27021 009c 10001000 	 .word 0x00100010
 27022 00a0 04000000 	 .word 0x00000004
 27023 00a4 C0000000 	 .word 0x000000c0
 27024 00a8 00000000 	 .word IfxDre_initApConfig
 27025 00ac 00000000 	 .word IfxDre_initApConfig_end
 27026 00b0 04011454 	 .word 0x54140104
 27027 00b4 00001000 	 .word 0x00100000
 27028 00b8 00000000 	 .word 0x00000000
 27029 00bc 40000200 	 .word 0x00020040
 27030 00c0 00000000 	 .word IfxDre_initAp
 27031 00c4 00000000 	 .word IfxDre_initAp_end
 27032 00c8 1C033474 	 .word 0x7434031c
 27033 00cc 00003000 	 .word 0x00300000
 27034 00d0 00000000 	 .word 0x00000000
 27035 00d4 40000200 	 .word 0x00020040
 27036 00d8 00000000 	 .word IfxDre_setInterruptEnable
 27037 00dc 00000000 	 .word IfxDre_setInterruptEnable_end
 27038 00e0 3C001444 	 .word 0x4414003c
 27039 00e4 30001000 	 .word 0x00100030
 27040 00e8 00000000 	 .word 0x00000000
 27041 00ec C0000000 	 .word 0x000000c0
 27042 00f0 00000000 	 .word IfxDre_getInterruptLineStatusFlag
 27043 00f4 00000000 	 .word IfxDre_getInterruptLineStatusFlag_end
 27044 00f8 1C001444 	 .word 0x4414001c
 27045 00fc 10001000 	 .word 0x00100010
 27046 0100 04000000 	 .word 0x00000004
 27047 0104 C0000000 	 .word 0x000000c0
 27048 0108 00000000 	 .word IfxDre_getDMemWaterMarkFlag
 27049 010c 00000000 	 .word IfxDre_getDMemWaterMarkFlag_end
 27050 0110 14001444 	 .word 0x44140014
 27051 0114 10001000 	 .word 0x00100010
 27052 0118 04000000 	 .word 0x00000004
 27053 011c C0000000 	 .word 0x000000c0
 27054 0120 00000000 	 .word IfxDre_getDMemWrapAroundFlag
 27055 0124 00000000 	 .word IfxDre_getDMemWrapAroundFlag_end
 27056 0128 14001444 	 .word 0x44140014
 27057 012c 10001000 	 .word 0x00100010
 27058 0130 04000000 	 .word 0x00000004
 27059 0134 C0000000 	 .word 0x000000c0
 27060 0138 00000000 	 .word IfxDre_clearDMemWaterMarkFlag
 27061 013c 00000000 	 .word IfxDre_clearDMemWaterMarkFlag_end
 27062 0140 14001444 	 .word 0x44140014
 27063 0144 10001000 	 .word 0x00100010
 27064 0148 00000000 	 .word 0x00000000
 27065 014c C0000000 	 .word 0x000000c0
 27066 0150 00000000 	 .word IfxDre_clearDMemWrapAroundFlag
 27067 0154 00000000 	 .word IfxDre_clearDMemWrapAroundFlag_end
 27068 0158 14001444 	 .word 0x44140014
 27069 015c 10001000 	 .word 0x00100010
 27070 0160 00000000 	 .word 0x00000000
 27071 0164 C0000000 	 .word 0x000000c0
 27072 0168 00000000 	 .word IfxDre_get_CIBL_Status_BufferFullFlag
 27073 016c 00000000 	 .word IfxDre_get_CIBL_Status_BufferFullFlag_end
 27074 0170 04001444 	 .word 0x44140004
 27075 0174 00001000 	 .word 0x00100000
 27076 0178 04000000 	 .word 0x00000004
 27077 017c C0000000 	 .word 0x000000c0
 27078 0180 00000000 	 .word IfxDre_get_COBL_Status_BufferFullFlag
 27079 0184 00000000 	 .word IfxDre_get_COBL_Status_BufferFullFlag_end
 27080 0188 04001444 	 .word 0x44140004
 27081 018c 00001000 	 .word 0x00100000
 27082 0190 04000000 	 .word 0x00000004
 27083 0194 C0000000 	 .word 0x000000c0
 27084 0198 00000000 	 .word IfxDre_get_EIBUF_Status_EthernetFrameErrorFlag
 27085 019c 00000000 	 .word IfxDre_get_EIBUF_Status_EthernetFrameErrorFlag_end
 27086 01a0 14001444 	 .word 0x44140014
 27087 01a4 10001000 	 .word 0x00100010
 27088 01a8 04000000 	 .word 0x00000004
 27089 01ac C0000000 	 .word 0x000000c0
 27090 01b0 00000000 	 .word IfxDre_clear_EIBUF_Status_EthernetFrameErrorFlag
 27091 01b4 00000000 	 .word IfxDre_clear_EIBUF_Status_EthernetFrameErrorFlag_end
 27092 01b8 14001444 	 .word 0x44140014
 27093 01bc 10001000 	 .word 0x00100010
 27094 01c0 00000000 	 .word 0x00000000
 27095 01c4 C0000000 	 .word 0x000000c0
 27096 01c8 00000000 	 .word IfxDre_get_EOBUF_Status_TxRequestFlag
 27097 01cc 00000000 	 .word IfxDre_get_EOBUF_Status_TxRequestFlag_end
 27098 01d0 14001444 	 .word 0x44140014
 27099 01d4 10001000 	 .word 0x00100010
 27100 01d8 04000000 	 .word 0x00000004
 27101 01dc C0000000 	 .word 0x000000c0
 27102 01e0 00000000 	 .word IfxDre_clear_EOBUF_Status_TxRequestFlag
 27103 01e4 00000000 	 .word IfxDre_clear_EOBUF_Status_TxRequestFlag_end
 27104 01e8 14001444 	 .word 0x44140014
 27105 01ec 10001000 	 .word 0x00100010
 27106 01f0 00000000 	 .word 0x00000000
 27107 01f4 C0000000 	 .word 0x000000c0
 27108 01f8 00000000 	 .word IfxDre_get_EIBUF_Status_EthernetFrameCompleteFlag
 27109 01fc 00000000 	 .word IfxDre_get_EIBUF_Status_EthernetFrameCompleteFlag_end
 27110 0200 14001444 	 .word 0x44140014
 27111 0204 10001000 	 .word 0x00100010
 27112 0208 04000000 	 .word 0x00000004
 27113 020c C0000000 	 .word 0x000000c0
 27114 0210 00000000 	 .word IfxDre_clear_EIBUF_Status_EthernetFrameCompleteFlag
 27115 0214 00000000 	 .word IfxDre_clear_EIBUF_Status_EthernetFrameCompleteFlag_end
 27116 0218 14001444 	 .word 0x44140014
 27117 021c 10001000 	 .word 0x00100010
 27118 0220 00000000 	 .word 0x00000000
 27119 0224 C0000000 	 .word 0x000000c0
 27120 0228 00000000 	 .word IfxDre_getAndClearInterruptLine8Status
 27121 022c 00000000 	 .word IfxDre_getAndClearInterruptLine8Status_end
 27122 0230 0C003444 	 .word 0x4434000c
 27123 0234 00003000 	 .word 0x00300000
 27124 0238 00000000 	 .word 0x00000000
 27125 023c C0000000 	 .word 0x000000c0
 27126 0240 00000000 	 .word IfxDre_getAndClearInterruptLine9Status
 27127 0244 00000000 	 .word IfxDre_getAndClearInterruptLine9Status_end
 27128 0248 0C003444 	 .word 0x4434000c
 27129 024c 00003000 	 .word 0x00300000
 27130 0250 00000000 	 .word 0x00000000
 27131 0254 C0000000 	 .word 0x000000c0
 27132 0258 00000000 	 .word IfxDre_getAndClearInterruptLine10Status
 27133 025c 00000000 	 .word IfxDre_getAndClearInterruptLine10Status_end
 27134 0260 3C003C44 	 .word 0x443c003c
 27135 0264 00003000 	 .word 0x00300000
 27136 0268 00000000 	 .word 0x00000000
 27137 026c C0800000 	 .word 0x000080c0
 27138 0270 00000000 	 .word IfxDre_getAndClearInterruptLine11Status
 27139 0274 00000000 	 .word IfxDre_getAndClearInterruptLine11Status_end
 27140 0278 0C003444 	 .word 0x4434000c
 27141 027c 00003000 	 .word 0x00300000
 27142 0280 00000000 	 .word 0x00000000
 27143 0284 C0000000 	 .word 0x000000c0
 27144 0288 00000000 	 .word IfxDre_getAndClearInterruptLine12Status
 27145 028c 00000000 	 .word IfxDre_getAndClearInterruptLine12Status_end
 27146 0290 0C003444 	 .word 0x4434000c
 27147 0294 00003000 	 .word 0x00300000
 27148 0298 00000000 	 .word 0x00000000
 27149 029c C0000000 	 .word 0x000000c0
 27150 02a0 00000000 	 .word IfxDre_getAndClearInterruptLine13Status
 27151 02a4 00000000 	 .word IfxDre_getAndClearInterruptLine13Status_end
 27152 02a8 1C003444 	 .word 0x4434001c
 27153 02ac 00003000 	 .word 0x00300000
 27154 02b0 00000000 	 .word 0x00000000
 27155 02b4 C0000000 	 .word 0x000000c0
 27156 02b8 00000000 	 .word IfxDre_getAndClearInterruptLine14Status
 27157 02bc 00000000 	 .word IfxDre_getAndClearInterruptLine14Status_end
 27158 02c0 3C003C44 	 .word 0x443c003c
 27159 02c4 00003000 	 .word 0x00300000
 27160 02c8 00000000 	 .word 0x00000000
 27161 02cc C0800000 	 .word 0x000080c0
 27162 02d0 00000000 	 .word IfxDre_getAndClearInterruptLine15Status
 27163 02d4 00000000 	 .word IfxDre_getAndClearInterruptLine15Status_end
 27164 02d8 0C003444 	 .word 0x4434000c
 27165 02dc 00003000 	 .word 0x00300000
 27166 02e0 00000000 	 .word 0x00000000
 27167 02e4 C0000000 	 .word 0x000000c0
 27168 02e8 00000000 	 .word IfxDre_getSrcAddress
 27169 02ec 00000000 	 .word IfxDre_getSrcAddress_end
 27170 02f0 10000444 	 .word 0x44040010
 27171 02f4 10000000 	 .word 0x00000010
 27172 02f8 00000400 	 .word 0x00040000
 27173 02fc C0000000 	 .word 0x000000c0
 27174 0300 00000000 	 .word IfxDre_resetEthTxCount
 27175 0304 00000000 	 .word IfxDre_resetEthTxCount_end
 27176 0308 04001444 	 .word 0x44140004
 27177 030c 00001000 	 .word 0x00100000
 27178 0310 00000000 	 .word 0x00000000
 27179 0314 C0000000 	 .word 0x000000c0
 27180 0318 00000000 	 .word IfxDre_resetEthRxCount
 27181 031c 00000000 	 .word IfxDre_resetEthRxCount_end
 27182 0320 04001444 	 .word 0x44140004
 27183 0324 00001000 	 .word 0x00100000
 27184 0328 00000000 	 .word 0x00000000
 27185 032c C0000000 	 .word 0x000000c0
 27186 0330 00000000 	 .word IfxDre_getEthDescListStatus
 27187 0334 00000000 	 .word IfxDre_getEthDescListStatus_end
 27188 0338 0C003444 	 .word 0x4434000c
 27189 033c 00003000 	 .word 0x00300000
 27190 0340 00000000 	 .word 0x00000000
 27191 0344 C0000000 	 .word 0x000000c0
 27192 0348 00000000 	 .word IfxDre_clearEthTxSummary
 27193 034c 00000000 	 .word IfxDre_clearEthTxSummary_end
 27194 0350 10001444 	 .word 0x44140010
 27195 0354 10001000 	 .word 0x00100010
 27196 0358 00000000 	 .word 0x00000000
 27197 035c C0000000 	 .word 0x000000c0
 27198 0360 00000000 	 .word IfxDre_clearEthFwdSummary
 27199 0364 00000000 	 .word IfxDre_clearEthFwdSummary_end
 27200 0368 10001444 	 .word 0x44140010
 27201 036c 10001000 	 .word 0x00100010
 27202 0370 00000000 	 .word 0x00000000
 27203 0374 C0000000 	 .word 0x000000c0
 27204 0378 00000000 	 .word IfxDre_getEthReqSummary
 27205 037c 00000000 	 .word IfxDre_getEthReqSummary_end
 27206 0380 0C003444 	 .word 0x4434000c
 27207 0384 00003000 	 .word 0x00300000
 27208 0388 00000000 	 .word 0x00000000
 27209 038c C0000000 	 .word 0x000000c0
 27210 0390 00000000 	 .word IfxDre_configureAccessToDre
 27211 0394 00000000 	 .word IfxDre_configureAccessToDre_end
 27212 0398 00003044 	 .word 0x44300000
 27213 039c 00001000 	 .word 0x00100000
 27214 03a0 00000000 	 .word 0x00000000
 27215 03a4 40000200 	 .word 0x00020040
DEFINED SYMBOLS
                            *ABS*:00000000 IfxDre.c
                            *ABS*:00000000 IfxDre.c
    {standard input}:10     .text.IfxDre_resetModule:00000000 IfxDre_resetModule
    {standard input}:56     .text.IfxDre_resetModule:0000003e IfxDre_resetModule_end
    {standard input}:61     .text.IfxDre_disableModule:00000000 IfxDre_disableModule
    {standard input}:93     .text.IfxDre_disableModule:00000012 IfxDre_disableModule_end
    {standard input}:98     .text.IfxDre_enableModule:00000000 IfxDre_enableModule
    {standard input}:129    .text.IfxDre_enableModule:00000012 IfxDre_enableModule_end
    {standard input}:134    .text.IfxDre_getEibufStatusFlags:00000000 IfxDre_getEibufStatusFlags
    {standard input}:212    .text.IfxDre_getEibufStatusFlags:0000006e IfxDre_getEibufStatusFlags_end
    {standard input}:217    .text.IfxDre_setEibufNewEthernetFrameRequest:00000000 IfxDre_setEibufNewEthernetFrameRequest
    {standard input}:241    .text.IfxDre_setEibufNewEthernetFrameRequest:0000001e IfxDre_setEibufNewEthernetFrameRequest_end
    {standard input}:246    .text.IfxDre_clearBufferPendingRequest:00000000 IfxDre_clearBufferPendingRequest
    {standard input}:270    .text.IfxDre_clearBufferPendingRequest:0000001e IfxDre_clearBufferPendingRequest_end
    {standard input}:275    .text.IfxDre_getEibufPendingRequest:00000000 IfxDre_getEibufPendingRequest
    {standard input}:294    .text.IfxDre_getEibufPendingRequest:00000014 IfxDre_getEibufPendingRequest_end
    {standard input}:299    .text.IfxDre_initApConfig:00000000 IfxDre_initApConfig
    {standard input}:345    .text.IfxDre_initApConfig:0000003a IfxDre_initApConfig_end
    {standard input}:350    .text.IfxDre_initAp:00000000 IfxDre_initAp
    {standard input}:420    .text.IfxDre_initAp:00000066 IfxDre_initAp_end
    {standard input}:425    .text.IfxDre_setInterruptEnable:00000000 IfxDre_setInterruptEnable
    {standard input}:466    .text.IfxDre_setInterruptEnable:0000002c IfxDre_setInterruptEnable_end
    {standard input}:471    .text.IfxDre_getInterruptLineStatusFlag:00000000 IfxDre_getInterruptLineStatusFlag
    {standard input}:498    .text.IfxDre_getInterruptLineStatusFlag:0000001a IfxDre_getInterruptLineStatusFlag_end
    {standard input}:503    .text.IfxDre_getDMemWaterMarkFlag:00000000 IfxDre_getDMemWaterMarkFlag
    {standard input}:522    .text.IfxDre_getDMemWaterMarkFlag:00000012 IfxDre_getDMemWaterMarkFlag_end
    {standard input}:527    .text.IfxDre_getDMemWrapAroundFlag:00000000 IfxDre_getDMemWrapAroundFlag
    {standard input}:546    .text.IfxDre_getDMemWrapAroundFlag:00000012 IfxDre_getDMemWrapAroundFlag_end
    {standard input}:551    .text.IfxDre_clearDMemWaterMarkFlag:00000000 IfxDre_clearDMemWaterMarkFlag
    {standard input}:570    .text.IfxDre_clearDMemWaterMarkFlag:00000012 IfxDre_clearDMemWaterMarkFlag_end
    {standard input}:575    .text.IfxDre_clearDMemWrapAroundFlag:00000000 IfxDre_clearDMemWrapAroundFlag
    {standard input}:594    .text.IfxDre_clearDMemWrapAroundFlag:00000012 IfxDre_clearDMemWrapAroundFlag_end
    {standard input}:599    .text.IfxDre_get_CIBL_Status_BufferFullFlag:00000000 IfxDre_get_CIBL_Status_BufferFullFlag
    {standard input}:614    .text.IfxDre_get_CIBL_Status_BufferFullFlag:0000000c IfxDre_get_CIBL_Status_BufferFullFlag_end
    {standard input}:619    .text.IfxDre_get_COBL_Status_BufferFullFlag:00000000 IfxDre_get_COBL_Status_BufferFullFlag
    {standard input}:634    .text.IfxDre_get_COBL_Status_BufferFullFlag:0000000c IfxDre_get_COBL_Status_BufferFullFlag_end
    {standard input}:639    .text.IfxDre_get_EIBUF_Status_EthernetFrameErrorFlag:00000000 IfxDre_get_EIBUF_Status_EthernetFrameErrorFlag
    {standard input}:658    .text.IfxDre_get_EIBUF_Status_EthernetFrameErrorFlag:00000014 IfxDre_get_EIBUF_Status_EthernetFrameErrorFlag_end
    {standard input}:663    .text.IfxDre_clear_EIBUF_Status_EthernetFrameErrorFlag:00000000 IfxDre_clear_EIBUF_Status_EthernetFrameErrorFlag
    {standard input}:683    .text.IfxDre_clear_EIBUF_Status_EthernetFrameErrorFlag:0000001a IfxDre_clear_EIBUF_Status_EthernetFrameErrorFlag_end
    {standard input}:688    .text.IfxDre_get_EOBUF_Status_TxRequestFlag:00000000 IfxDre_get_EOBUF_Status_TxRequestFlag
    {standard input}:707    .text.IfxDre_get_EOBUF_Status_TxRequestFlag:00000014 IfxDre_get_EOBUF_Status_TxRequestFlag_end
    {standard input}:712    .text.IfxDre_clear_EOBUF_Status_TxRequestFlag:00000000 IfxDre_clear_EOBUF_Status_TxRequestFlag
    {standard input}:732    .text.IfxDre_clear_EOBUF_Status_TxRequestFlag:0000001a IfxDre_clear_EOBUF_Status_TxRequestFlag_end
    {standard input}:737    .text.IfxDre_get_EIBUF_Status_EthernetFrameCompleteFlag:00000000 IfxDre_get_EIBUF_Status_EthernetFrameCompleteFlag
    {standard input}:756    .text.IfxDre_get_EIBUF_Status_EthernetFrameCompleteFlag:00000014 IfxDre_get_EIBUF_Status_EthernetFrameCompleteFlag_end
    {standard input}:761    .text.IfxDre_clear_EIBUF_Status_EthernetFrameCompleteFlag:00000000 IfxDre_clear_EIBUF_Status_EthernetFrameCompleteFlag
    {standard input}:781    .text.IfxDre_clear_EIBUF_Status_EthernetFrameCompleteFlag:0000001a IfxDre_clear_EIBUF_Status_EthernetFrameCompleteFlag_end
    {standard input}:786    .text.IfxDre_getAndClearInterruptLine8Status:00000000 IfxDre_getAndClearInterruptLine8Status
    {standard input}:819    .text.IfxDre_getAndClearInterruptLine8Status:00000026 IfxDre_getAndClearInterruptLine8Status_end
    {standard input}:824    .text.IfxDre_getAndClearInterruptLine9Status:00000000 IfxDre_getAndClearInterruptLine9Status
    {standard input}:854    .text.IfxDre_getAndClearInterruptLine9Status:00000022 IfxDre_getAndClearInterruptLine9Status_end
    {standard input}:859    .text.IfxDre_getAndClearInterruptLine10Status:00000000 IfxDre_getAndClearInterruptLine10Status
    {standard input}:1222   .text.IfxDre_getAndClearInterruptLine10Status:000002ac IfxDre_getAndClearInterruptLine10Status_end
    {standard input}:1227   .text.IfxDre_getAndClearInterruptLine11Status:00000000 IfxDre_getAndClearInterruptLine11Status
    {standard input}:1312   .text.IfxDre_getAndClearInterruptLine11Status:0000008e IfxDre_getAndClearInterruptLine11Status_end
    {standard input}:1317   .text.IfxDre_getAndClearInterruptLine12Status:00000000 IfxDre_getAndClearInterruptLine12Status
    {standard input}:1347   .text.IfxDre_getAndClearInterruptLine12Status:00000022 IfxDre_getAndClearInterruptLine12Status_end
    {standard input}:1352   .text.IfxDre_getAndClearInterruptLine13Status:00000000 IfxDre_getAndClearInterruptLine13Status
    {standard input}:1410   .text.IfxDre_getAndClearInterruptLine13Status:0000004e IfxDre_getAndClearInterruptLine13Status_end
    {standard input}:1415   .text.IfxDre_getAndClearInterruptLine14Status:00000000 IfxDre_getAndClearInterruptLine14Status
    {standard input}:1627   .text.IfxDre_getAndClearInterruptLine14Status:0000017c IfxDre_getAndClearInterruptLine14Status_end
    {standard input}:1632   .text.IfxDre_getAndClearInterruptLine15Status:00000000 IfxDre_getAndClearInterruptLine15Status
    {standard input}:1716   .text.IfxDre_getAndClearInterruptLine15Status:00000096 IfxDre_getAndClearInterruptLine15Status_end
    {standard input}:1721   .text.IfxDre_getSrcAddress:00000000 IfxDre_getSrcAddress
    {standard input}:1739   .text.IfxDre_getSrcAddress:00000012 IfxDre_getSrcAddress_end
    {standard input}:1744   .text.IfxDre_resetEthTxCount:00000000 IfxDre_resetEthTxCount
    {standard input}:1761   .text.IfxDre_resetEthTxCount:00000012 IfxDre_resetEthTxCount_end
    {standard input}:1766   .text.IfxDre_resetEthRxCount:00000000 IfxDre_resetEthRxCount
    {standard input}:1783   .text.IfxDre_resetEthRxCount:00000012 IfxDre_resetEthRxCount_end
    {standard input}:1788   .text.IfxDre_getEthDescListStatus:00000000 IfxDre_getEthDescListStatus
    {standard input}:1813   .text.IfxDre_getEthDescListStatus:00000016 IfxDre_getEthDescListStatus_end
    {standard input}:1818   .text.IfxDre_clearEthTxSummary:00000000 IfxDre_clearEthTxSummary
    {standard input}:1832   .text.IfxDre_clearEthTxSummary:00000008 IfxDre_clearEthTxSummary_end
    {standard input}:1837   .text.IfxDre_clearEthFwdSummary:00000000 IfxDre_clearEthFwdSummary
    {standard input}:1854   .text.IfxDre_clearEthFwdSummary:0000000c IfxDre_clearEthFwdSummary_end
    {standard input}:1859   .text.IfxDre_getEthReqSummary:00000000 IfxDre_getEthReqSummary
    {standard input}:1953   .text.IfxDre_getEthReqSummary:00000082 IfxDre_getEthReqSummary_end
    {standard input}:1958   .text.IfxDre_configureAccessToDre:00000000 IfxDre_configureAccessToDre
    {standard input}:1976   .text.IfxDre_configureAccessToDre:00000012 IfxDre_configureAccessToDre_end

UNDEFINED SYMBOLS
IfxApProt_initConfig
IfxApApu_initConfig
IfxApProt_init
IfxApProt_setState
IfxApApu_init
