   1              	
   2              	 .file "IfxCanxl.c"
   3              	 .file "IfxCanxl.c"
   4              	.section .text,"ax",@progbits
   5              	.Ltext0:
   6              	 .section .text.IfxCanxl_initApConfig,"ax",@progbits
   7              	 .align 1
   8              	 .global IfxCanxl_initApConfig
  10              	IfxCanxl_initApConfig:
  11              	.LFB393:
  12              	 .file 1 "../Libraries/iLLD/TC4xx/Tricore/Canxl/Std/IfxCanxl.c"
   1:../Libraries/iLLD/TC4xx/Tricore/Canxl/Std/IfxCanxl.c **** /**
   2:../Libraries/iLLD/TC4xx/Tricore/Canxl/Std/IfxCanxl.c ****  * \file IfxCanxl.c
   3:../Libraries/iLLD/TC4xx/Tricore/Canxl/Std/IfxCanxl.c ****  * \brief CANXL  basic functionality
   4:../Libraries/iLLD/TC4xx/Tricore/Canxl/Std/IfxCanxl.c ****  *
   5:../Libraries/iLLD/TC4xx/Tricore/Canxl/Std/IfxCanxl.c ****  * \version iLLD-TC4-v2.7.0
   6:../Libraries/iLLD/TC4xx/Tricore/Canxl/Std/IfxCanxl.c ****  * \copyright Copyright (c) 2026 Infineon Technologies AG. All rights reserved.
   7:../Libraries/iLLD/TC4xx/Tricore/Canxl/Std/IfxCanxl.c ****  *
   8:../Libraries/iLLD/TC4xx/Tricore/Canxl/Std/IfxCanxl.c ****  *
   9:../Libraries/iLLD/TC4xx/Tricore/Canxl/Std/IfxCanxl.c ****  *
  10:../Libraries/iLLD/TC4xx/Tricore/Canxl/Std/IfxCanxl.c ****  *                                 IMPORTANT NOTICE
  11:../Libraries/iLLD/TC4xx/Tricore/Canxl/Std/IfxCanxl.c ****  *
  12:../Libraries/iLLD/TC4xx/Tricore/Canxl/Std/IfxCanxl.c ****  * Infineon Technologies AG (Infineon) licenses this file to you under the
  13:../Libraries/iLLD/TC4xx/Tricore/Canxl/Std/IfxCanxl.c ****  * Infineon Automotive SW Lab License v2025-01 (IFASLL). You may not use
  14:../Libraries/iLLD/TC4xx/Tricore/Canxl/Std/IfxCanxl.c ****  * this file except in compliance with IFASLL.
  15:../Libraries/iLLD/TC4xx/Tricore/Canxl/Std/IfxCanxl.c ****  *
  16:../Libraries/iLLD/TC4xx/Tricore/Canxl/Std/IfxCanxl.c ****  * The full license text is contained in IFASLL202501.pdf delivered with this SW.
  17:../Libraries/iLLD/TC4xx/Tricore/Canxl/Std/IfxCanxl.c ****  * Unless required by applicable law or agreed to in writing, software distributed
  18:../Libraries/iLLD/TC4xx/Tricore/Canxl/Std/IfxCanxl.c ****  * under this license is distributed "AS IS" without any warranty or liability of any
  19:../Libraries/iLLD/TC4xx/Tricore/Canxl/Std/IfxCanxl.c ****  * kind and Infineon hereby expressly disclaims any warranties or representations,
  20:../Libraries/iLLD/TC4xx/Tricore/Canxl/Std/IfxCanxl.c ****  * whether express, implied, statutory or otherwise, including but not limited to
  21:../Libraries/iLLD/TC4xx/Tricore/Canxl/Std/IfxCanxl.c ****  * warranties of workmanship, merchantability, fitness for a particular purpose,
  22:../Libraries/iLLD/TC4xx/Tricore/Canxl/Std/IfxCanxl.c ****  * defects in the licensed items, or non-infringement of third parties'
  23:../Libraries/iLLD/TC4xx/Tricore/Canxl/Std/IfxCanxl.c ****  * intellectual property rights. See the full license text for the specific
  24:../Libraries/iLLD/TC4xx/Tricore/Canxl/Std/IfxCanxl.c ****  * language governing permissions and limitations under IFASLL.
  25:../Libraries/iLLD/TC4xx/Tricore/Canxl/Std/IfxCanxl.c ****  *
  26:../Libraries/iLLD/TC4xx/Tricore/Canxl/Std/IfxCanxl.c ****  *
  27:../Libraries/iLLD/TC4xx/Tricore/Canxl/Std/IfxCanxl.c ****  *
  28:../Libraries/iLLD/TC4xx/Tricore/Canxl/Std/IfxCanxl.c ****  */
  29:../Libraries/iLLD/TC4xx/Tricore/Canxl/Std/IfxCanxl.c **** 
  30:../Libraries/iLLD/TC4xx/Tricore/Canxl/Std/IfxCanxl.c **** /******************************************************************************/
  31:../Libraries/iLLD/TC4xx/Tricore/Canxl/Std/IfxCanxl.c **** /*----------------------------------Includes----------------------------------*/
  32:../Libraries/iLLD/TC4xx/Tricore/Canxl/Std/IfxCanxl.c **** /******************************************************************************/
  33:../Libraries/iLLD/TC4xx/Tricore/Canxl/Std/IfxCanxl.c **** 
  34:../Libraries/iLLD/TC4xx/Tricore/Canxl/Std/IfxCanxl.c **** #include "IfxCanxl.h"
  35:../Libraries/iLLD/TC4xx/Tricore/Canxl/Std/IfxCanxl.c **** 
  36:../Libraries/iLLD/TC4xx/Tricore/Canxl/Std/IfxCanxl.c **** /******************************************************************************/
  37:../Libraries/iLLD/TC4xx/Tricore/Canxl/Std/IfxCanxl.c **** /*-------------------------Function Implementations---------------------------*/
  38:../Libraries/iLLD/TC4xx/Tricore/Canxl/Std/IfxCanxl.c **** /******************************************************************************/
  39:../Libraries/iLLD/TC4xx/Tricore/Canxl/Std/IfxCanxl.c **** 
  40:../Libraries/iLLD/TC4xx/Tricore/Canxl/Std/IfxCanxl.c **** void IfxCanxl_initApConfig(IfxCanxl_ApConfig *config)
  41:../Libraries/iLLD/TC4xx/Tricore/Canxl/Std/IfxCanxl.c **** {
  13              	 .loc 1 41 1
  14              	.LVL0:
  15 0000 40AE     	 mov.aa %a14,%SP
  16              	.LCFI0:
  17 0002 404C     	 mov.aa %a12,%a4
  42:../Libraries/iLLD/TC4xx/Tricore/Canxl/Std/IfxCanxl.c ****     /* Initialize PROT configurations */
  43:../Libraries/iLLD/TC4xx/Tricore/Canxl/Std/IfxCanxl.c ****     IfxApProt_initConfig(&config->proteConfig);
  18              	 .loc 1 43 5
  19 0004 6D000000 	 call IfxApProt_initConfig
  20              	.LVL1:
  44:../Libraries/iLLD/TC4xx/Tricore/Canxl/Std/IfxCanxl.c ****     IfxApProt_initConfig(&config->protseConfig);
  21              	 .loc 1 44 5
  22 0008 D9C41400 	 lea %a4,[%a12]20
  23 000c 6D000000 	 call IfxApProt_initConfig
  24              	.LVL2:
  45:../Libraries/iLLD/TC4xx/Tricore/Canxl/Std/IfxCanxl.c **** 
  46:../Libraries/iLLD/TC4xx/Tricore/Canxl/Std/IfxCanxl.c ****     /* Initialize APU configurations */
  47:../Libraries/iLLD/TC4xx/Tricore/Canxl/Std/IfxCanxl.c ****     IfxApApu_initConfig(&config->apuCanxlConfig);
  25              	 .loc 1 47 5
  26 0010 D9C42800 	 lea %a4,[%a12]40
  27 0014 6D000000 	 call IfxApApu_initConfig
  28              	.LVL3:
  48:../Libraries/iLLD/TC4xx/Tricore/Canxl/Std/IfxCanxl.c ****     IfxApApu_initConfig(&config->apuNode0Config);
  29              	 .loc 1 48 5
  30 0018 D9C43C00 	 lea %a4,[%a12]60
  31 001c 6D000000 	 call IfxApApu_initConfig
  32              	.LVL4:
  49:../Libraries/iLLD/TC4xx/Tricore/Canxl/Std/IfxCanxl.c ****     IfxApApu_initConfig(&config->apuNode1Config);
  33              	 .loc 1 49 5
  34 0020 D9C41010 	 lea %a4,[%a12]80
  35 0024 6D000000 	 call IfxApApu_initConfig
  36              	.LVL5:
  50:../Libraries/iLLD/TC4xx/Tricore/Canxl/Std/IfxCanxl.c **** #if IFXCANXL_NUM_NODES > 2		
  51:../Libraries/iLLD/TC4xx/Tricore/Canxl/Std/IfxCanxl.c ****     IfxApApu_initConfig(&config->apuNode2Config);
  37              	 .loc 1 51 5
  38 0028 D9C42410 	 lea %a4,[%a12]100
  39 002c 6D000000 	 call IfxApApu_initConfig
  40              	.LVL6:
  52:../Libraries/iLLD/TC4xx/Tricore/Canxl/Std/IfxCanxl.c ****     IfxApApu_initConfig(&config->apuNode3Config);
  41              	 .loc 1 52 5
  42 0030 D9C43810 	 lea %a4,[%a12]120
  43 0034 6D000000 	 call IfxApApu_initConfig
  44              	.LVL7:
  53:../Libraries/iLLD/TC4xx/Tricore/Canxl/Std/IfxCanxl.c **** #endif  /* #if IFXCANXL_NUM_NODES > 2 */
  54:../Libraries/iLLD/TC4xx/Tricore/Canxl/Std/IfxCanxl.c **** }
  45              	 .loc 1 54 1 is_stmt 0
  46 0038 0090     	 ret 
  47              	.LFE393:
  49              	 .global IfxCanxl_initApConfig_end
  50              	IfxCanxl_initApConfig_end:
  51              	 .section .text.IfxCanxl_initAp,"ax",@progbits
  52              	 .align 1
  53              	 .global IfxCanxl_initAp
  55              	IfxCanxl_initAp:
  56              	.LFB394:
  55:../Libraries/iLLD/TC4xx/Tricore/Canxl/Std/IfxCanxl.c **** 
  56:../Libraries/iLLD/TC4xx/Tricore/Canxl/Std/IfxCanxl.c **** 
  57:../Libraries/iLLD/TC4xx/Tricore/Canxl/Std/IfxCanxl.c **** void IfxCanxl_initAp(Ifx_CANXL *canxl, IfxCanxl_ApConfig *config)
  58:../Libraries/iLLD/TC4xx/Tricore/Canxl/Std/IfxCanxl.c **** {
  57              	 .loc 1 58 1 is_stmt 1
  58              	.LVL8:
  59 0000 40AE     	 mov.aa %a14,%SP
  60              	.LCFI1:
  61 0002 404C     	 mov.aa %a12,%a4
  62 0004 405D     	 mov.aa %a13,%a5
  59:../Libraries/iLLD/TC4xx/Tricore/Canxl/Std/IfxCanxl.c ****     /* Initialize the PROTs */
  60:../Libraries/iLLD/TC4xx/Tricore/Canxl/Std/IfxCanxl.c ****     IfxApProt_init((Ifx_PROT_PROT *)&canxl->PROTE, &config->proteConfig);
  63              	 .loc 1 60 5
  64 0006 D9443800 	 lea %a4,[%a4]56
  65              	.LVL9:
  66 000a 6D000000 	 call IfxApProt_init
  67              	.LVL10:
  61:../Libraries/iLLD/TC4xx/Tricore/Canxl/Std/IfxCanxl.c ****     IfxApProt_init((Ifx_PROT_PROT *)&canxl->PROTSE, &config->protseConfig);
  68              	 .loc 1 61 5
  69              	 .loc 1 61 37 is_stmt 0
  70 000e 80C2     	 mov.d %d2,%a12
  71 0010 1BC20380 	 addi %d8,%d2,60
  72              	 .loc 1 61 5
  73 0014 D9D51400 	 lea %a5,[%a13]20
  74 0018 6084     	 mov.a %a4,%d8
  75 001a 6D000000 	 call IfxApProt_init
  76              	.LVL11:
  62:../Libraries/iLLD/TC4xx/Tricore/Canxl/Std/IfxCanxl.c **** 
  63:../Libraries/iLLD/TC4xx/Tricore/Canxl/Std/IfxCanxl.c ****     /* Change the state to CONFIG, Configure APU and set PROT state back to RUN
  64:../Libraries/iLLD/TC4xx/Tricore/Canxl/Std/IfxCanxl.c ****      * All the APUs are protected by PROTSE
  65:../Libraries/iLLD/TC4xx/Tricore/Canxl/Std/IfxCanxl.c ****      */
  66:../Libraries/iLLD/TC4xx/Tricore/Canxl/Std/IfxCanxl.c ****     IfxApProt_setState((Ifx_PROT_PROT *)&canxl->PROTSE, IfxApProt_State_config);
  77              	 .loc 1 66 5 is_stmt 1
  78 001e 8214     	 mov %d4,1
  79 0020 6084     	 mov.a %a4,%d8
  80 0022 6D000000 	 call IfxApProt_setState
  81              	.LVL12:
  67:../Libraries/iLLD/TC4xx/Tricore/Canxl/Std/IfxCanxl.c **** 
  68:../Libraries/iLLD/TC4xx/Tricore/Canxl/Std/IfxCanxl.c ****     /* Initialize the APUs */
  69:../Libraries/iLLD/TC4xx/Tricore/Canxl/Std/IfxCanxl.c ****     IfxApApu_init((Ifx_ACCEN_ACCEN *)&canxl->MODULE.ACCEN, &config->apuCanxlConfig);
  82              	 .loc 1 69 5
  83 0026 D9D52800 	 lea %a5,[%a13]40
  84 002a D9C41800 	 lea %a4,[%a12]24
  85 002e 6D000000 	 call IfxApApu_init
  86              	.LVL13:
  70:../Libraries/iLLD/TC4xx/Tricore/Canxl/Std/IfxCanxl.c ****     IfxApApu_init((Ifx_ACCEN_ACCEN *)&canxl->NODE[0].ACCENNODE, &config->apuNode0Config);
  87              	 .loc 1 70 5
  88 0032 D9D53C00 	 lea %a5,[%a13]60
  89 0036 D9C40C40 	 lea %a4,[%a12]268
  90 003a 6D000000 	 call IfxApApu_init
  91              	.LVL14:
  71:../Libraries/iLLD/TC4xx/Tricore/Canxl/Std/IfxCanxl.c ****     IfxApApu_init((Ifx_ACCEN_ACCEN *)&canxl->NODE[1].ACCENNODE, &config->apuNode1Config);
  92              	 .loc 1 71 5
  93 003e D9D51010 	 lea %a5,[%a13]80
  94 0042 D9C40C80 	 lea %a4,[%a12]524
  95 0046 6D000000 	 call IfxApApu_init
  96              	.LVL15:
  72:../Libraries/iLLD/TC4xx/Tricore/Canxl/Std/IfxCanxl.c **** #if IFXCANXL_NUM_NODES > 2	
  73:../Libraries/iLLD/TC4xx/Tricore/Canxl/Std/IfxCanxl.c ****     IfxApApu_init((Ifx_ACCEN_ACCEN *)&canxl->NODE[2].ACCENNODE, &config->apuNode2Config);
  97              	 .loc 1 73 5
  98 004a D9D52410 	 lea %a5,[%a13]100
  99 004e D9C40CC0 	 lea %a4,[%a12]780
 100 0052 6D000000 	 call IfxApApu_init
 101              	.LVL16:
  74:../Libraries/iLLD/TC4xx/Tricore/Canxl/Std/IfxCanxl.c ****     IfxApApu_init((Ifx_ACCEN_ACCEN *)&canxl->NODE[3].ACCENNODE, &config->apuNode3Config);
 102              	 .loc 1 74 5
 103 0056 D9D53810 	 lea %a5,[%a13]120
 104 005a D9C44C00 	 lea %a4,[%a12]1036
 105 005e 6D000000 	 call IfxApApu_init
 106              	.LVL17:
  75:../Libraries/iLLD/TC4xx/Tricore/Canxl/Std/IfxCanxl.c **** #endif	/* #if IFXCANXL_NUM_NODES > 2 */
  76:../Libraries/iLLD/TC4xx/Tricore/Canxl/Std/IfxCanxl.c **** 
  77:../Libraries/iLLD/TC4xx/Tricore/Canxl/Std/IfxCanxl.c ****     IfxApProt_setState((Ifx_PROT_PROT *)&canxl->PROTSE, IfxApProt_State_run);
 107              	 .loc 1 77 5
 108 0062 8244     	 mov %d4,4
 109 0064 6084     	 mov.a %a4,%d8
 110 0066 6D000000 	 call IfxApProt_setState
 111              	.LVL18:
  78:../Libraries/iLLD/TC4xx/Tricore/Canxl/Std/IfxCanxl.c **** }
 112              	 .loc 1 78 1 is_stmt 0
 113 006a 0090     	 ret 
 114              	.LFE394:
 116              	 .global IfxCanxl_initAp_end
 117              	IfxCanxl_initAp_end:
 118              	 .section .text.IfxCanxl_nodeBusIdConfig,"ax",@progbits
 119              	 .align 1
 120              	 .global IfxCanxl_nodeBusIdConfig
 122              	IfxCanxl_nodeBusIdConfig:
 123              	.LFB395:
  79:../Libraries/iLLD/TC4xx/Tricore/Canxl/Std/IfxCanxl.c **** 
  80:../Libraries/iLLD/TC4xx/Tricore/Canxl/Std/IfxCanxl.c **** 
  81:../Libraries/iLLD/TC4xx/Tricore/Canxl/Std/IfxCanxl.c **** void IfxCanxl_nodeBusIdConfig(Ifx_CANXL *canSFR, IfxCanxl_NodeId nodeId, IfxCanxl_nodeApuConfig *no
  82:../Libraries/iLLD/TC4xx/Tricore/Canxl/Std/IfxCanxl.c **** {
 124              	 .loc 1 82 1 is_stmt 1
 125              	.LVL19:
 126 0000 40AE     	 mov.aa %a14,%SP
 127              	.LCFI2:
  83:../Libraries/iLLD/TC4xx/Tricore/Canxl/Std/IfxCanxl.c **** #if (IFX_PROT_ENABLED == 1U)
  84:../Libraries/iLLD/TC4xx/Tricore/Canxl/Std/IfxCanxl.c ****     IfxApProt_setState((Ifx_PROT_PROT *)&(canSFR->PROTSE), IfxApProt_State_config);
  85:../Libraries/iLLD/TC4xx/Tricore/Canxl/Std/IfxCanxl.c **** #endif
  86:../Libraries/iLLD/TC4xx/Tricore/Canxl/Std/IfxCanxl.c **** 
  87:../Libraries/iLLD/TC4xx/Tricore/Canxl/Std/IfxCanxl.c ****     canSFR->NODE[nodeId].VMPRSCONFIG.B.PRS   = nodeApuConfig->prsId;
 128              	 .loc 1 87 5
 129              	 .loc 1 87 61 is_stmt 0
 130 0002 19530400 	 ld.w %d3,[%a5]4
 131              	 .loc 1 87 46
 132 0006 8F840040 	 sh %d4,%d4,8
 133              	.LVL20:
 134 000a 01440046 	 addsc.a %a4,%a4,%d4,0
 135              	.LVL21:
 136 000e D9422C40 	 lea %a2,[%a4]300
 137 0012 19422C40 	 ld.w %d2,[%a4]300
 138 0016 3732032A 	 insert %d2,%d2,%d3,20,3
 139 001a 7422     	 st.w [%a2]0,%d2
  88:../Libraries/iLLD/TC4xx/Tricore/Canxl/Std/IfxCanxl.c ****     canSFR->NODE[nodeId].VMPRSCONFIG.B.PRSEN = nodeApuConfig->prsEnable;
 140              	 .loc 1 88 5 is_stmt 1
 141              	 .loc 1 88 61 is_stmt 0
 142 001c 1453     	 ld.bu %d3,[%a5]0
 143              	 .loc 1 88 46
 144 001e 5422     	 ld.w %d2,[%a2]0
 145 0020 67321720 	 ins.t %d2,%d2,23,%d3,0
 146 0024 7422     	 st.w [%a2]0,%d2
  89:../Libraries/iLLD/TC4xx/Tricore/Canxl/Std/IfxCanxl.c ****     canSFR->NODE[nodeId].VMPRSCONFIG.B.VM    = nodeApuConfig->vmId;
 147              	 .loc 1 89 5 is_stmt 1
 148              	 .loc 1 89 61 is_stmt 0
 149 0026 19530800 	 ld.w %d3,[%a5]8
 150              	 .loc 1 89 46
 151 002a D9422C40 	 lea %a2,[%a4]300
 152 002e 19422C40 	 ld.w %d2,[%a4]300
 153 0032 37320328 	 insert %d2,%d2,%d3,16,3
 154 0036 7422     	 st.w [%a2]0,%d2
  90:../Libraries/iLLD/TC4xx/Tricore/Canxl/Std/IfxCanxl.c ****     canSFR->NODE[nodeId].VMPRSCONFIG.B.VMEN  = nodeApuConfig->vmEnable;
 155              	 .loc 1 90 5 is_stmt 1
 156              	 .loc 1 90 61 is_stmt 0
 157 0038 39530100 	 ld.bu %d3,[%a5]1
 158              	 .loc 1 90 46
 159 003c 5422     	 ld.w %d2,[%a2]0
 160 003e 67321320 	 ins.t %d2,%d2,19,%d3,0
 161 0042 7422     	 st.w [%a2]0,%d2
  91:../Libraries/iLLD/TC4xx/Tricore/Canxl/Std/IfxCanxl.c **** 
  92:../Libraries/iLLD/TC4xx/Tricore/Canxl/Std/IfxCanxl.c **** #if (IFX_PROT_ENABLED == 1U)
  93:../Libraries/iLLD/TC4xx/Tricore/Canxl/Std/IfxCanxl.c ****     IfxApProt_setState((Ifx_PROT_PROT *)&(canSFR->PROTSE), IfxApProt_State_run);
  94:../Libraries/iLLD/TC4xx/Tricore/Canxl/Std/IfxCanxl.c **** #endif
  95:../Libraries/iLLD/TC4xx/Tricore/Canxl/Std/IfxCanxl.c **** }
 162              	 .loc 1 95 1
 163 0044 0090     	 ret 
 164              	.LFE395:
 166              	 .global IfxCanxl_nodeBusIdConfig_end
 167              	IfxCanxl_nodeBusIdConfig_end:
 168              	 .section .text.IfxCanxl_disableModule,"ax",@progbits
 169              	 .align 1
 170              	 .global IfxCanxl_disableModule
 172              	IfxCanxl_disableModule:
 173              	.LFB396:
  96:../Libraries/iLLD/TC4xx/Tricore/Canxl/Std/IfxCanxl.c **** 
  97:../Libraries/iLLD/TC4xx/Tricore/Canxl/Std/IfxCanxl.c **** 
  98:../Libraries/iLLD/TC4xx/Tricore/Canxl/Std/IfxCanxl.c **** void IfxCanxl_disableModule(Ifx_CANXL *canxl)
  99:../Libraries/iLLD/TC4xx/Tricore/Canxl/Std/IfxCanxl.c **** {
 174              	 .loc 1 99 1 is_stmt 1
 175              	.LVL22:
 176 0000 40AE     	 mov.aa %a14,%SP
 177              	.LCFI3:
 100:../Libraries/iLLD/TC4xx/Tricore/Canxl/Std/IfxCanxl.c **** #if (IFX_PROT_ENABLED == 1U)
 101:../Libraries/iLLD/TC4xx/Tricore/Canxl/Std/IfxCanxl.c ****     IfxApProt_setState((Ifx_PROT_PROT *)&(canxl->PROTE), IfxApProt_State_config);
 102:../Libraries/iLLD/TC4xx/Tricore/Canxl/Std/IfxCanxl.c **** #endif
 103:../Libraries/iLLD/TC4xx/Tricore/Canxl/Std/IfxCanxl.c **** 
 104:../Libraries/iLLD/TC4xx/Tricore/Canxl/Std/IfxCanxl.c ****     /* Disable module */
 105:../Libraries/iLLD/TC4xx/Tricore/Canxl/Std/IfxCanxl.c ****     canxl->MODULE.CLC.B.DISR = 1U;
 178              	 .loc 1 105 5
 179              	 .loc 1 105 30 is_stmt 0
 180 0002 D9420800 	 lea %a2,[%a4]8
 181 0006 19420800 	 ld.w %d2,[%a4]8
 182 000a B7120120 	 insert %d2,%d2,1,0,1
 183 000e 7422     	 st.w [%a2]0,%d2
 106:../Libraries/iLLD/TC4xx/Tricore/Canxl/Std/IfxCanxl.c **** 
 107:../Libraries/iLLD/TC4xx/Tricore/Canxl/Std/IfxCanxl.c ****     /* Wait until module is disabled */
 108:../Libraries/iLLD/TC4xx/Tricore/Canxl/Std/IfxCanxl.c ****     while (IfxCanxl_isModuleEnabled(canxl) == TRUE)
 184              	 .loc 1 108 5 is_stmt 1
 185              	.L5:
 109:../Libraries/iLLD/TC4xx/Tricore/Canxl/Std/IfxCanxl.c ****     {}
 186              	 .loc 1 109 6 discriminator 1
 108:../Libraries/iLLD/TC4xx/Tricore/Canxl/Std/IfxCanxl.c ****     {}
 187              	 .loc 1 108 44 discriminator 1
 188              	.LVL23:
 189              	.LBB26:
 190              	.LBB27:
 191              	 .file 2 "../Libraries/iLLD/TC4xx/Tricore/Canxl/Std/IfxCanxl.h"
   1:../Libraries/iLLD/TC4xx/Tricore/Canxl/Std/IfxCanxl.h **** /**
   2:../Libraries/iLLD/TC4xx/Tricore/Canxl/Std/IfxCanxl.h ****  * \file IfxCanxl.h
   3:../Libraries/iLLD/TC4xx/Tricore/Canxl/Std/IfxCanxl.h ****  * \brief CANXL  basic functionality
   4:../Libraries/iLLD/TC4xx/Tricore/Canxl/Std/IfxCanxl.h ****  * \ingroup IfxLld_Canxl
   5:../Libraries/iLLD/TC4xx/Tricore/Canxl/Std/IfxCanxl.h ****  *
   6:../Libraries/iLLD/TC4xx/Tricore/Canxl/Std/IfxCanxl.h ****  * \version iLLD-TC4-v2.7.0
   7:../Libraries/iLLD/TC4xx/Tricore/Canxl/Std/IfxCanxl.h ****  * \copyright Copyright (c) 2026 Infineon Technologies AG. All rights reserved.
   8:../Libraries/iLLD/TC4xx/Tricore/Canxl/Std/IfxCanxl.h ****  *
   9:../Libraries/iLLD/TC4xx/Tricore/Canxl/Std/IfxCanxl.h ****  *
  10:../Libraries/iLLD/TC4xx/Tricore/Canxl/Std/IfxCanxl.h ****  *
  11:../Libraries/iLLD/TC4xx/Tricore/Canxl/Std/IfxCanxl.h ****  *                                 IMPORTANT NOTICE
  12:../Libraries/iLLD/TC4xx/Tricore/Canxl/Std/IfxCanxl.h ****  *
  13:../Libraries/iLLD/TC4xx/Tricore/Canxl/Std/IfxCanxl.h ****  * Infineon Technologies AG (Infineon) licenses this file to you under the
  14:../Libraries/iLLD/TC4xx/Tricore/Canxl/Std/IfxCanxl.h ****  * Infineon Automotive SW Lab License v2025-01 (IFASLL). You may not use
  15:../Libraries/iLLD/TC4xx/Tricore/Canxl/Std/IfxCanxl.h ****  * this file except in compliance with IFASLL.
  16:../Libraries/iLLD/TC4xx/Tricore/Canxl/Std/IfxCanxl.h ****  *
  17:../Libraries/iLLD/TC4xx/Tricore/Canxl/Std/IfxCanxl.h ****  * The full license text is contained in IFASLL202501.pdf delivered with this SW.
  18:../Libraries/iLLD/TC4xx/Tricore/Canxl/Std/IfxCanxl.h ****  * Unless required by applicable law or agreed to in writing, software distributed
  19:../Libraries/iLLD/TC4xx/Tricore/Canxl/Std/IfxCanxl.h ****  * under this license is distributed "AS IS" without any warranty or liability of any
  20:../Libraries/iLLD/TC4xx/Tricore/Canxl/Std/IfxCanxl.h ****  * kind and Infineon hereby expressly disclaims any warranties or representations,
  21:../Libraries/iLLD/TC4xx/Tricore/Canxl/Std/IfxCanxl.h ****  * whether express, implied, statutory or otherwise, including but not limited to
  22:../Libraries/iLLD/TC4xx/Tricore/Canxl/Std/IfxCanxl.h ****  * warranties of workmanship, merchantability, fitness for a particular purpose,
  23:../Libraries/iLLD/TC4xx/Tricore/Canxl/Std/IfxCanxl.h ****  * defects in the licensed items, or non-infringement of third parties'
  24:../Libraries/iLLD/TC4xx/Tricore/Canxl/Std/IfxCanxl.h ****  * intellectual property rights. See the full license text for the specific
  25:../Libraries/iLLD/TC4xx/Tricore/Canxl/Std/IfxCanxl.h ****  * language governing permissions and limitations under IFASLL.
  26:../Libraries/iLLD/TC4xx/Tricore/Canxl/Std/IfxCanxl.h ****  *
  27:../Libraries/iLLD/TC4xx/Tricore/Canxl/Std/IfxCanxl.h ****  *
  28:../Libraries/iLLD/TC4xx/Tricore/Canxl/Std/IfxCanxl.h ****  *
  29:../Libraries/iLLD/TC4xx/Tricore/Canxl/Std/IfxCanxl.h ****  * \defgroup IfxLld_Canxl_Std_Enum Enumerations
  30:../Libraries/iLLD/TC4xx/Tricore/Canxl/Std/IfxCanxl.h ****  * \ingroup IfxLld_Canxl_Std
  31:../Libraries/iLLD/TC4xx/Tricore/Canxl/Std/IfxCanxl.h ****  * \defgroup IfxLld_Canxl_Std_Structures_Tx_Header TX Header structures
  32:../Libraries/iLLD/TC4xx/Tricore/Canxl/Std/IfxCanxl.h ****  * \ingroup IfxLld_Canxl_Std
  33:../Libraries/iLLD/TC4xx/Tricore/Canxl/Std/IfxCanxl.h ****  * \defgroup IfxLld_Canxl_Std_Structures Data Structures
  34:../Libraries/iLLD/TC4xx/Tricore/Canxl/Std/IfxCanxl.h ****  * \ingroup IfxLld_Canxl_Std
  35:../Libraries/iLLD/TC4xx/Tricore/Canxl/Std/IfxCanxl.h ****  * \defgroup IfxLld_Canxl_Std_Structures_Rx_Header RX Header structures
  36:../Libraries/iLLD/TC4xx/Tricore/Canxl/Std/IfxCanxl.h ****  * \ingroup IfxLld_Canxl_Std
  37:../Libraries/iLLD/TC4xx/Tricore/Canxl/Std/IfxCanxl.h ****  * \defgroup IfxLld_Canxl_Std_Structures_Tx_Descriptors TX Descriptor Structures
  38:../Libraries/iLLD/TC4xx/Tricore/Canxl/Std/IfxCanxl.h ****  * \ingroup IfxLld_Canxl_Std
  39:../Libraries/iLLD/TC4xx/Tricore/Canxl/Std/IfxCanxl.h ****  * \defgroup IfxLld_Canxl_Std_Structures_Rx_Descriptors RX Descriptor Structures
  40:../Libraries/iLLD/TC4xx/Tricore/Canxl/Std/IfxCanxl.h ****  * \ingroup IfxLld_Canxl_Std
  41:../Libraries/iLLD/TC4xx/Tricore/Canxl/Std/IfxCanxl.h ****  * \defgroup IfxLld_Canxl_Std_Functions General Functions
  42:../Libraries/iLLD/TC4xx/Tricore/Canxl/Std/IfxCanxl.h ****  * \ingroup IfxLld_Canxl_Std
  43:../Libraries/iLLD/TC4xx/Tricore/Canxl/Std/IfxCanxl.h ****  * \defgroup IfxLld_Canxl_Std_Functions_Node Canxl Node level functions
  44:../Libraries/iLLD/TC4xx/Tricore/Canxl/Std/IfxCanxl.h ****  * \ingroup IfxLld_Canxl_Std
  45:../Libraries/iLLD/TC4xx/Tricore/Canxl/Std/IfxCanxl.h ****  */
  46:../Libraries/iLLD/TC4xx/Tricore/Canxl/Std/IfxCanxl.h **** 
  47:../Libraries/iLLD/TC4xx/Tricore/Canxl/Std/IfxCanxl.h **** #ifndef IFXCANXL_H
  48:../Libraries/iLLD/TC4xx/Tricore/Canxl/Std/IfxCanxl.h **** #define IFXCANXL_H 1
  49:../Libraries/iLLD/TC4xx/Tricore/Canxl/Std/IfxCanxl.h **** 
  50:../Libraries/iLLD/TC4xx/Tricore/Canxl/Std/IfxCanxl.h **** /******************************************************************************/
  51:../Libraries/iLLD/TC4xx/Tricore/Canxl/Std/IfxCanxl.h **** /*----------------------------------Includes----------------------------------*/
  52:../Libraries/iLLD/TC4xx/Tricore/Canxl/Std/IfxCanxl.h **** /******************************************************************************/
  53:../Libraries/iLLD/TC4xx/Tricore/Canxl/Std/IfxCanxl.h **** 
  54:../Libraries/iLLD/TC4xx/Tricore/Canxl/Std/IfxCanxl.h **** #include "_Impl/IfxCanxl_cfg.h"
  55:../Libraries/iLLD/TC4xx/Tricore/Canxl/Std/IfxCanxl.h **** #include "_PinMap/IfxCanxl_PinMap.h"
  56:../Libraries/iLLD/TC4xx/Tricore/Canxl/Std/IfxCanxl.h **** #include "Cpu/Std/IfxCpu_Intrinsics.h"
  57:../Libraries/iLLD/TC4xx/Tricore/Canxl/Std/IfxCanxl.h **** #include "IfxCanxl_bf.h"
  58:../Libraries/iLLD/TC4xx/Tricore/Canxl/Std/IfxCanxl.h **** #include "Src/Std/IfxSrc.h"
  59:../Libraries/iLLD/TC4xx/Tricore/Canxl/Std/IfxCanxl.h **** #include "Clock/Std/IfxClock.h"
  60:../Libraries/iLLD/TC4xx/Tricore/Canxl/Std/IfxCanxl.h **** #include "Ap/Std/IfxApProt.h"
  61:../Libraries/iLLD/TC4xx/Tricore/Canxl/Std/IfxCanxl.h **** #include "Ap/Std/IfxApApu.h"
  62:../Libraries/iLLD/TC4xx/Tricore/Canxl/Std/IfxCanxl.h **** 
  63:../Libraries/iLLD/TC4xx/Tricore/Canxl/Std/IfxCanxl.h **** /******************************************************************************/
  64:../Libraries/iLLD/TC4xx/Tricore/Canxl/Std/IfxCanxl.h **** /*-----------------------------------Macros-----------------------------------*/
  65:../Libraries/iLLD/TC4xx/Tricore/Canxl/Std/IfxCanxl.h **** /******************************************************************************/
  66:../Libraries/iLLD/TC4xx/Tricore/Canxl/Std/IfxCanxl.h **** 
  67:../Libraries/iLLD/TC4xx/Tricore/Canxl/Std/IfxCanxl.h **** /** \brief Macro that calculates PWM Symbol length (PWMS + PWML + 2)
  68:../Libraries/iLLD/TC4xx/Tricore/Canxl/Std/IfxCanxl.h ****  */
  69:../Libraries/iLLD/TC4xx/Tricore/Canxl/Std/IfxCanxl.h **** #define IFXCANXL_CALC_PWM_SYMBOL_LENGTH(shortPhase, longPhase) ((uint16)shortPhase + (uint16)longPh
  70:../Libraries/iLLD/TC4xx/Tricore/Canxl/Std/IfxCanxl.h **** 
  71:../Libraries/iLLD/TC4xx/Tricore/Canxl/Std/IfxCanxl.h **** /** \brief Macro that checks 32 bit multiplicity of input data byte size
  72:../Libraries/iLLD/TC4xx/Tricore/Canxl/Std/IfxCanxl.h ****  */
  73:../Libraries/iLLD/TC4xx/Tricore/Canxl/Std/IfxCanxl.h **** #define IFXCANXL_CHECK_INPUT_BYTE_SIZE(x)                      (((x & (uint32)(4 - 1)) == (uint32)0
  74:../Libraries/iLLD/TC4xx/Tricore/Canxl/Std/IfxCanxl.h **** 
  75:../Libraries/iLLD/TC4xx/Tricore/Canxl/Std/IfxCanxl.h **** /** \brief Macro that calculates 32 bit  memory words from input byte size
  76:../Libraries/iLLD/TC4xx/Tricore/Canxl/Std/IfxCanxl.h ****  */
  77:../Libraries/iLLD/TC4xx/Tricore/Canxl/Std/IfxCanxl.h **** #define IFXCANXL_CALC_WORDS_FROM_BYTES(x)                      (IFXCANXL_CHECK_INPUT_BYTE_SIZE(x) ?
  78:../Libraries/iLLD/TC4xx/Tricore/Canxl/Std/IfxCanxl.h **** 
  79:../Libraries/iLLD/TC4xx/Tricore/Canxl/Std/IfxCanxl.h **** /******************************************************************************/
  80:../Libraries/iLLD/TC4xx/Tricore/Canxl/Std/IfxCanxl.h **** /*--------------------------------Enumerations--------------------------------*/
  81:../Libraries/iLLD/TC4xx/Tricore/Canxl/Std/IfxCanxl.h **** /******************************************************************************/
  82:../Libraries/iLLD/TC4xx/Tricore/Canxl/Std/IfxCanxl.h **** 
  83:../Libraries/iLLD/TC4xx/Tricore/Canxl/Std/IfxCanxl.h **** /** \addtogroup IfxLld_Canxl_Std_Enum
  84:../Libraries/iLLD/TC4xx/Tricore/Canxl/Std/IfxCanxl.h ****  * \{ */
  85:../Libraries/iLLD/TC4xx/Tricore/Canxl/Std/IfxCanxl.h **** /** \brief Data Length code of the CAN Classic and FD Message
  86:../Libraries/iLLD/TC4xx/Tricore/Canxl/Std/IfxCanxl.h ****  */
  87:../Libraries/iLLD/TC4xx/Tricore/Canxl/Std/IfxCanxl.h **** typedef enum
  88:../Libraries/iLLD/TC4xx/Tricore/Canxl/Std/IfxCanxl.h **** {
  89:../Libraries/iLLD/TC4xx/Tricore/Canxl/Std/IfxCanxl.h ****     IfxCanxl_DataLengthCode_0 = 0,  /**< \brief 0 data bytes */
  90:../Libraries/iLLD/TC4xx/Tricore/Canxl/Std/IfxCanxl.h ****     IfxCanxl_DataLengthCode_1,      /**< \brief 1 data bytes */
  91:../Libraries/iLLD/TC4xx/Tricore/Canxl/Std/IfxCanxl.h ****     IfxCanxl_DataLengthCode_2,      /**< \brief 2 data bytes */
  92:../Libraries/iLLD/TC4xx/Tricore/Canxl/Std/IfxCanxl.h ****     IfxCanxl_DataLengthCode_3,      /**< \brief 3 data bytes */
  93:../Libraries/iLLD/TC4xx/Tricore/Canxl/Std/IfxCanxl.h ****     IfxCanxl_DataLengthCode_4,      /**< \brief 4 data bytes */
  94:../Libraries/iLLD/TC4xx/Tricore/Canxl/Std/IfxCanxl.h ****     IfxCanxl_DataLengthCode_5,      /**< \brief 5 data bytes */
  95:../Libraries/iLLD/TC4xx/Tricore/Canxl/Std/IfxCanxl.h ****     IfxCanxl_DataLengthCode_6,      /**< \brief 6 data bytes */
  96:../Libraries/iLLD/TC4xx/Tricore/Canxl/Std/IfxCanxl.h ****     IfxCanxl_DataLengthCode_7,      /**< \brief 7 data bytes */
  97:../Libraries/iLLD/TC4xx/Tricore/Canxl/Std/IfxCanxl.h ****     IfxCanxl_DataLengthCode_8,      /**< \brief 8 data bytes */
  98:../Libraries/iLLD/TC4xx/Tricore/Canxl/Std/IfxCanxl.h ****     IfxCanxl_DataLengthCode_12,     /**< \brief 12 data bytes */
  99:../Libraries/iLLD/TC4xx/Tricore/Canxl/Std/IfxCanxl.h ****     IfxCanxl_DataLengthCode_16,     /**< \brief 16 data bytes */
 100:../Libraries/iLLD/TC4xx/Tricore/Canxl/Std/IfxCanxl.h ****     IfxCanxl_DataLengthCode_20,     /**< \brief 20 data bytes */
 101:../Libraries/iLLD/TC4xx/Tricore/Canxl/Std/IfxCanxl.h ****     IfxCanxl_DataLengthCode_24,     /**< \brief 24 data bytes */
 102:../Libraries/iLLD/TC4xx/Tricore/Canxl/Std/IfxCanxl.h ****     IfxCanxl_DataLengthCode_32,     /**< \brief 32 data bytes */
 103:../Libraries/iLLD/TC4xx/Tricore/Canxl/Std/IfxCanxl.h ****     IfxCanxl_DataLengthCode_48,     /**< \brief 48 data bytes */
 104:../Libraries/iLLD/TC4xx/Tricore/Canxl/Std/IfxCanxl.h ****     IfxCanxl_DataLengthCode_64      /**< \brief 64 data bytes */
 105:../Libraries/iLLD/TC4xx/Tricore/Canxl/Std/IfxCanxl.h **** } IfxCanxl_DataLengthCode;
 106:../Libraries/iLLD/TC4xx/Tricore/Canxl/Std/IfxCanxl.h **** 
 107:../Libraries/iLLD/TC4xx/Tricore/Canxl/Std/IfxCanxl.h **** /** \brief CAN Frame formats
 108:../Libraries/iLLD/TC4xx/Tricore/Canxl/Std/IfxCanxl.h ****  */
 109:../Libraries/iLLD/TC4xx/Tricore/Canxl/Std/IfxCanxl.h **** typedef enum
 110:../Libraries/iLLD/TC4xx/Tricore/Canxl/Std/IfxCanxl.h **** {
 111:../Libraries/iLLD/TC4xx/Tricore/Canxl/Std/IfxCanxl.h ****     IfxCanxl_FrameMode_classic = 0,  /**< \brief Classic CAN */
 112:../Libraries/iLLD/TC4xx/Tricore/Canxl/Std/IfxCanxl.h ****     IfxCanxl_FrameMode_fd      = 2,  /**< \brief CAN FD */
 113:../Libraries/iLLD/TC4xx/Tricore/Canxl/Std/IfxCanxl.h ****     IfxCanxl_FrameMode_xl      = 3   /**< \brief CAN XL */
 114:../Libraries/iLLD/TC4xx/Tricore/Canxl/Std/IfxCanxl.h **** } IfxCanxl_FrameMode;
 115:../Libraries/iLLD/TC4xx/Tricore/Canxl/Std/IfxCanxl.h **** 
 116:../Libraries/iLLD/TC4xx/Tricore/Canxl/Std/IfxCanxl.h **** /** \brief Max number of possible DMA AXI transactions
 117:../Libraries/iLLD/TC4xx/Tricore/Canxl/Std/IfxCanxl.h ****  */
 118:../Libraries/iLLD/TC4xx/Tricore/Canxl/Std/IfxCanxl.h **** typedef enum
 119:../Libraries/iLLD/TC4xx/Tricore/Canxl/Std/IfxCanxl.h **** {
 120:../Libraries/iLLD/TC4xx/Tricore/Canxl/Std/IfxCanxl.h ****     IfxCanxl_MaxAxiTransactions_none = 0,  /**< \brief No transfer. DMA doesn't do any read/write *
 121:../Libraries/iLLD/TC4xx/Tricore/Canxl/Std/IfxCanxl.h ****     IfxCanxl_MaxAxiTransactions_1,         /**< \brief 1 outstanding transaction */
 122:../Libraries/iLLD/TC4xx/Tricore/Canxl/Std/IfxCanxl.h ****     IfxCanxl_MaxAxiTransactions_2,         /**< \brief 2 outstanding transaction */
 123:../Libraries/iLLD/TC4xx/Tricore/Canxl/Std/IfxCanxl.h ****     IfxCanxl_MaxAxiTransactions_3          /**< \brief 3 outstanding transaction */
 124:../Libraries/iLLD/TC4xx/Tricore/Canxl/Std/IfxCanxl.h **** } IfxCanxl_MaxAxiTransactions;
 125:../Libraries/iLLD/TC4xx/Tricore/Canxl/Std/IfxCanxl.h **** 
 126:../Libraries/iLLD/TC4xx/Tricore/Canxl/Std/IfxCanxl.h **** /** \brief Maximum number of TX message re-transmissions
 127:../Libraries/iLLD/TC4xx/Tricore/Canxl/Std/IfxCanxl.h ****  */
 128:../Libraries/iLLD/TC4xx/Tricore/Canxl/Std/IfxCanxl.h **** typedef enum
 129:../Libraries/iLLD/TC4xx/Tricore/Canxl/Std/IfxCanxl.h **** {
 130:../Libraries/iLLD/TC4xx/Tricore/Canxl/Std/IfxCanxl.h ****     IfxCanxl_MaxMsgRetransmissions_none      = 0, /**< \brief No re-transmission */
 131:../Libraries/iLLD/TC4xx/Tricore/Canxl/Std/IfxCanxl.h ****     IfxCanxl_MaxMsgRetransmissions_1         = 1, /**< \brief 1 re-transmission */
 132:../Libraries/iLLD/TC4xx/Tricore/Canxl/Std/IfxCanxl.h ****     IfxCanxl_MaxMsgRetransmissions_2         = 2, /**< \brief 2 re-transmissions */
 133:../Libraries/iLLD/TC4xx/Tricore/Canxl/Std/IfxCanxl.h ****     IfxCanxl_MaxMsgRetransmissions_3         = 3, /**< \brief 3 re-transmissions */
 134:../Libraries/iLLD/TC4xx/Tricore/Canxl/Std/IfxCanxl.h ****     IfxCanxl_MaxMsgRetransmissions_4         = 4, /**< \brief 4 re-transmissions */
 135:../Libraries/iLLD/TC4xx/Tricore/Canxl/Std/IfxCanxl.h ****     IfxCanxl_MaxMsgRetransmissions_5         = 5, /**< \brief 5 re-transmissions */
 136:../Libraries/iLLD/TC4xx/Tricore/Canxl/Std/IfxCanxl.h ****     IfxCanxl_MaxMsgRetransmissions_6         = 6, /**< \brief 6 re-transmissions */
 137:../Libraries/iLLD/TC4xx/Tricore/Canxl/Std/IfxCanxl.h ****     IfxCanxl_MaxMsgRetransmissions_unlimited = 7  /**< \brief Unlimited re-transmissions */
 138:../Libraries/iLLD/TC4xx/Tricore/Canxl/Std/IfxCanxl.h **** } IfxCanxl_MaxMsgRetransmissions;
 139:../Libraries/iLLD/TC4xx/Tricore/Canxl/Std/IfxCanxl.h **** 
 140:../Libraries/iLLD/TC4xx/Tricore/Canxl/Std/IfxCanxl.h **** /** \brief Node activity as defined by Ni_STAT.ACT
 141:../Libraries/iLLD/TC4xx/Tricore/Canxl/Std/IfxCanxl.h ****  */
 142:../Libraries/iLLD/TC4xx/Tricore/Canxl/Std/IfxCanxl.h **** typedef enum
 143:../Libraries/iLLD/TC4xx/Tricore/Canxl/Std/IfxCanxl.h **** {
 144:../Libraries/iLLD/TC4xx/Tricore/Canxl/Std/IfxCanxl.h ****     IfxCanxl_NodeActivity_inactive    = 0, /**< \brief Inactive state */
 145:../Libraries/iLLD/TC4xx/Tricore/Canxl/Std/IfxCanxl.h ****     IfxCanxl_NodeActivity_idle        = 1, /**< \brief Idle state */
 146:../Libraries/iLLD/TC4xx/Tricore/Canxl/Std/IfxCanxl.h ****     IfxCanxl_NodeActivity_receiver    = 2, /**< \brief Receiver state */
 147:../Libraries/iLLD/TC4xx/Tricore/Canxl/Std/IfxCanxl.h ****     IfxCanxl_NodeActivity_transmitter = 3  /**< \brief Transmitter state */
 148:../Libraries/iLLD/TC4xx/Tricore/Canxl/Std/IfxCanxl.h **** } IfxCanxl_NodeActivity;
 149:../Libraries/iLLD/TC4xx/Tricore/Canxl/Std/IfxCanxl.h **** 
 150:../Libraries/iLLD/TC4xx/Tricore/Canxl/Std/IfxCanxl.h **** /** \brief CAN-XL Node Operation modes
 151:../Libraries/iLLD/TC4xx/Tricore/Canxl/Std/IfxCanxl.h ****  */
 152:../Libraries/iLLD/TC4xx/Tricore/Canxl/Std/IfxCanxl.h **** typedef enum
 153:../Libraries/iLLD/TC4xx/Tricore/Canxl/Std/IfxCanxl.h **** {
 154:../Libraries/iLLD/TC4xx/Tricore/Canxl/Std/IfxCanxl.h ****     IfxCanxl_Node_OperationMode_classical,            /**< \brief Supports only Classical CAN frame
 155:../Libraries/iLLD/TC4xx/Tricore/Canxl/Std/IfxCanxl.h ****     IfxCanxl_Node_OperationMode_classicalAndFd,       /**< \brief Supports Classical CAN and CAN FD
 156:../Libraries/iLLD/TC4xx/Tricore/Canxl/Std/IfxCanxl.h ****     IfxCanxl_Node_OperationMode_classicalAndFdAndXl,  /**< \brief Supports Classical CAN, CAN FD, a
 157:../Libraries/iLLD/TC4xx/Tricore/Canxl/Std/IfxCanxl.h ****     IfxCanxl_Node_OperationMode_xl,                   /**< \brief Supports CAN-XL frame format only
 158:../Libraries/iLLD/TC4xx/Tricore/Canxl/Std/IfxCanxl.h ****     IfxCanxl_Node_OperationMode_xlWithTransciever     /**< \brief Supports CAN-XL frame format only
 159:../Libraries/iLLD/TC4xx/Tricore/Canxl/Std/IfxCanxl.h **** } IfxCanxl_Node_OperationMode;
 160:../Libraries/iLLD/TC4xx/Tricore/Canxl/Std/IfxCanxl.h **** 
 161:../Libraries/iLLD/TC4xx/Tricore/Canxl/Std/IfxCanxl.h **** /** \brief Select OTGB Bus (OCS.B.TGB)
 162:../Libraries/iLLD/TC4xx/Tricore/Canxl/Std/IfxCanxl.h ****  */
 163:../Libraries/iLLD/TC4xx/Tricore/Canxl/Std/IfxCanxl.h **** typedef enum
 164:../Libraries/iLLD/TC4xx/Tricore/Canxl/Std/IfxCanxl.h **** {
 165:../Libraries/iLLD/TC4xx/Tricore/Canxl/Std/IfxCanxl.h ****     IfxCanxl_OtgbBusSelect_0 = 0,  /**< \brief Trigger Set is output on OTGB0 */
 166:../Libraries/iLLD/TC4xx/Tricore/Canxl/Std/IfxCanxl.h ****     IfxCanxl_OtgbBusSelect_1       /**< \brief Trigger Set is output on OTGB1 */
 167:../Libraries/iLLD/TC4xx/Tricore/Canxl/Std/IfxCanxl.h **** } IfxCanxl_OtgbBusSelect;
 168:../Libraries/iLLD/TC4xx/Tricore/Canxl/Std/IfxCanxl.h **** 
 169:../Libraries/iLLD/TC4xx/Tricore/Canxl/Std/IfxCanxl.h **** /** \brief Select Trigger Set for OTGB0/1 (OCS.B.TGS)
 170:../Libraries/iLLD/TC4xx/Tricore/Canxl/Std/IfxCanxl.h ****  */
 171:../Libraries/iLLD/TC4xx/Tricore/Canxl/Std/IfxCanxl.h **** typedef enum
 172:../Libraries/iLLD/TC4xx/Tricore/Canxl/Std/IfxCanxl.h **** {
 173:../Libraries/iLLD/TC4xx/Tricore/Canxl/Std/IfxCanxl.h ****     IfxCanxl_OtgbTriggerSet_none = 0,  /**< \brief No Trigger Set output */
 174:../Libraries/iLLD/TC4xx/Tricore/Canxl/Std/IfxCanxl.h ****     IfxCanxl_OtgbTriggerSet_HDP  = 1   /**< \brief CANXL_HDP16, The HW signals defined by DEBUG_TES
 175:../Libraries/iLLD/TC4xx/Tricore/Canxl/Std/IfxCanxl.h **** } IfxCanxl_OtgbTriggerSet;
 176:../Libraries/iLLD/TC4xx/Tricore/Canxl/Std/IfxCanxl.h **** 
 177:../Libraries/iLLD/TC4xx/Tricore/Canxl/Std/IfxCanxl.h **** /** \brief CAN Protocol operations as defined in Ni_CTRL
 178:../Libraries/iLLD/TC4xx/Tricore/Canxl/Std/IfxCanxl.h ****  */
 179:../Libraries/iLLD/TC4xx/Tricore/Canxl/Std/IfxCanxl.h **** typedef enum
 180:../Libraries/iLLD/TC4xx/Tricore/Canxl/Std/IfxCanxl.h **** {
 181:../Libraries/iLLD/TC4xx/Tricore/Canxl/Std/IfxCanxl.h ****     IfxCanxl_ProtocolOperation_stop          = 1,    /**< \brief Stop CAN protocol operation */
 182:../Libraries/iLLD/TC4xx/Tricore/Canxl/Std/IfxCanxl.h ****     IfxCanxl_ProtocolOperation_immediateStop = 3,    /**< \brief Stop CAN protocol operation immedi
 183:../Libraries/iLLD/TC4xx/Tricore/Canxl/Std/IfxCanxl.h ****     IfxCanxl_ProtocolOperation_start         = 16,   /**< \brief Start CAN protocol operation */
 184:../Libraries/iLLD/TC4xx/Tricore/Canxl/Std/IfxCanxl.h ****     IfxCanxl_ProtocolOperation_softwareReset = 256,  /**< \brief Software Reset */
 185:../Libraries/iLLD/TC4xx/Tricore/Canxl/Std/IfxCanxl.h ****     IfxCanxl_ProtocolOperation_test          = 4096  /**< \brief Enable Test Mode */
 186:../Libraries/iLLD/TC4xx/Tricore/Canxl/Std/IfxCanxl.h **** } IfxCanxl_ProtocolOperation;
 187:../Libraries/iLLD/TC4xx/Tricore/Canxl/Std/IfxCanxl.h **** 
 188:../Libraries/iLLD/TC4xx/Tricore/Canxl/Std/IfxCanxl.h **** /** \brief Memory organization of RX Data containers
 189:../Libraries/iLLD/TC4xx/Tricore/Canxl/Std/IfxCanxl.h ****  */
 190:../Libraries/iLLD/TC4xx/Tricore/Canxl/Std/IfxCanxl.h **** typedef enum
 191:../Libraries/iLLD/TC4xx/Tricore/Canxl/Std/IfxCanxl.h **** {
 192:../Libraries/iLLD/TC4xx/Tricore/Canxl/Std/IfxCanxl.h ****     IfxCanxl_RxDataContainer_normal     = 0, /**< \brief RX messages split over several data contai
 193:../Libraries/iLLD/TC4xx/Tricore/Canxl/Std/IfxCanxl.h ****     IfxCanxl_RxDataContainer_continuous = 1  /**< \brief Single data container is defined per RX FI
 194:../Libraries/iLLD/TC4xx/Tricore/Canxl/Std/IfxCanxl.h **** } IfxCanxl_RxDataContainer;
 195:../Libraries/iLLD/TC4xx/Tricore/Canxl/Std/IfxCanxl.h **** 
 196:../Libraries/iLLD/TC4xx/Tricore/Canxl/Std/IfxCanxl.h **** /** \brief RX DMA FIFO fill level
 197:../Libraries/iLLD/TC4xx/Tricore/Canxl/Std/IfxCanxl.h ****  */
 198:../Libraries/iLLD/TC4xx/Tricore/Canxl/Std/IfxCanxl.h **** typedef enum
 199:../Libraries/iLLD/TC4xx/Tricore/Canxl/Std/IfxCanxl.h **** {
 200:../Libraries/iLLD/TC4xx/Tricore/Canxl/Std/IfxCanxl.h ****     IfxCanxl_RxDmaFifoLevel_0,   /**< \brief RX DMA FIFO Level 0 */
 201:../Libraries/iLLD/TC4xx/Tricore/Canxl/Std/IfxCanxl.h ****     IfxCanxl_RxDmaFifoLevel_1,   /**< \brief RX DMA FIFO Level 1 */
 202:../Libraries/iLLD/TC4xx/Tricore/Canxl/Std/IfxCanxl.h ****     IfxCanxl_RxDmaFifoLevel_2,   /**< \brief RX DMA FIFO Level 2 */
 203:../Libraries/iLLD/TC4xx/Tricore/Canxl/Std/IfxCanxl.h ****     IfxCanxl_RxDmaFifoLevel_3,   /**< \brief RX DMA FIFO Level 3 */
 204:../Libraries/iLLD/TC4xx/Tricore/Canxl/Std/IfxCanxl.h ****     IfxCanxl_RxDmaFifoLevel_4,   /**< \brief RX DMA FIFO Level 4 */
 205:../Libraries/iLLD/TC4xx/Tricore/Canxl/Std/IfxCanxl.h ****     IfxCanxl_RxDmaFifoLevel_5,   /**< \brief RX DMA FIFO Level 5 */
 206:../Libraries/iLLD/TC4xx/Tricore/Canxl/Std/IfxCanxl.h ****     IfxCanxl_RxDmaFifoLevel_6,   /**< \brief RX DMA FIFO Level 6 */
 207:../Libraries/iLLD/TC4xx/Tricore/Canxl/Std/IfxCanxl.h ****     IfxCanxl_RxDmaFifoLevel_7,   /**< \brief RX DMA FIFO Level 7 */
 208:../Libraries/iLLD/TC4xx/Tricore/Canxl/Std/IfxCanxl.h ****     IfxCanxl_RxDmaFifoLevel_8,   /**< \brief RX DMA FIFO Level 8 */
 209:../Libraries/iLLD/TC4xx/Tricore/Canxl/Std/IfxCanxl.h ****     IfxCanxl_RxDmaFifoLevel_9,   /**< \brief RX DMA FIFO Level 9 */
 210:../Libraries/iLLD/TC4xx/Tricore/Canxl/Std/IfxCanxl.h ****     IfxCanxl_RxDmaFifoLevel_10,  /**< \brief RX DMA FIFO Level 10 */
 211:../Libraries/iLLD/TC4xx/Tricore/Canxl/Std/IfxCanxl.h ****     IfxCanxl_RxDmaFifoLevel_11,  /**< \brief RX DMA FIFO Level 11 */
 212:../Libraries/iLLD/TC4xx/Tricore/Canxl/Std/IfxCanxl.h ****     IfxCanxl_RxDmaFifoLevel_12,  /**< \brief RX DMA FIFO Level 12 */
 213:../Libraries/iLLD/TC4xx/Tricore/Canxl/Std/IfxCanxl.h ****     IfxCanxl_RxDmaFifoLevel_13,  /**< \brief RX DMA FIFO Level 13 */
 214:../Libraries/iLLD/TC4xx/Tricore/Canxl/Std/IfxCanxl.h ****     IfxCanxl_RxDmaFifoLevel_14,  /**< \brief RX DMA FIFO Level 14 */
 215:../Libraries/iLLD/TC4xx/Tricore/Canxl/Std/IfxCanxl.h ****     IfxCanxl_RxDmaFifoLevel_15,  /**< \brief RX DMA FIFO Level 15 */
 216:../Libraries/iLLD/TC4xx/Tricore/Canxl/Std/IfxCanxl.h ****     IfxCanxl_RxDmaFifoLevel_16,  /**< \brief RX DMA FIFO Level 16 */
 217:../Libraries/iLLD/TC4xx/Tricore/Canxl/Std/IfxCanxl.h ****     IfxCanxl_RxDmaFifoLevel_17,  /**< \brief RX DMA FIFO Level 17 */
 218:../Libraries/iLLD/TC4xx/Tricore/Canxl/Std/IfxCanxl.h ****     IfxCanxl_RxDmaFifoLevel_18,  /**< \brief RX DMA FIFO Level 18 */
 219:../Libraries/iLLD/TC4xx/Tricore/Canxl/Std/IfxCanxl.h ****     IfxCanxl_RxDmaFifoLevel_19,  /**< \brief RX DMA FIFO Level 19 */
 220:../Libraries/iLLD/TC4xx/Tricore/Canxl/Std/IfxCanxl.h ****     IfxCanxl_RxDmaFifoLevel_20,  /**< \brief RX DMA FIFO Level 20 */
 221:../Libraries/iLLD/TC4xx/Tricore/Canxl/Std/IfxCanxl.h ****     IfxCanxl_RxDmaFifoLevel_21,  /**< \brief RX DMA FIFO Level 21 */
 222:../Libraries/iLLD/TC4xx/Tricore/Canxl/Std/IfxCanxl.h ****     IfxCanxl_RxDmaFifoLevel_22,  /**< \brief RX DMA FIFO Level 22 */
 223:../Libraries/iLLD/TC4xx/Tricore/Canxl/Std/IfxCanxl.h ****     IfxCanxl_RxDmaFifoLevel_23,  /**< \brief RX DMA FIFO Level 23 */
 224:../Libraries/iLLD/TC4xx/Tricore/Canxl/Std/IfxCanxl.h ****     IfxCanxl_RxDmaFifoLevel_24,  /**< \brief RX DMA FIFO Level 24 */
 225:../Libraries/iLLD/TC4xx/Tricore/Canxl/Std/IfxCanxl.h ****     IfxCanxl_RxDmaFifoLevel_25,  /**< \brief RX DMA FIFO Level 25 */
 226:../Libraries/iLLD/TC4xx/Tricore/Canxl/Std/IfxCanxl.h ****     IfxCanxl_RxDmaFifoLevel_26,  /**< \brief RX DMA FIFO Level 26 */
 227:../Libraries/iLLD/TC4xx/Tricore/Canxl/Std/IfxCanxl.h ****     IfxCanxl_RxDmaFifoLevel_27,  /**< \brief RX DMA FIFO Level 27 */
 228:../Libraries/iLLD/TC4xx/Tricore/Canxl/Std/IfxCanxl.h ****     IfxCanxl_RxDmaFifoLevel_28,  /**< \brief RX DMA FIFO Level 28 */
 229:../Libraries/iLLD/TC4xx/Tricore/Canxl/Std/IfxCanxl.h ****     IfxCanxl_RxDmaFifoLevel_29,  /**< \brief RX DMA FIFO Level 29 */
 230:../Libraries/iLLD/TC4xx/Tricore/Canxl/Std/IfxCanxl.h ****     IfxCanxl_RxDmaFifoLevel_30,  /**< \brief RX DMA FIFO Level 30 */
 231:../Libraries/iLLD/TC4xx/Tricore/Canxl/Std/IfxCanxl.h ****     IfxCanxl_RxDmaFifoLevel_31   /**< \brief RX DMA FIFO Level 31 */
 232:../Libraries/iLLD/TC4xx/Tricore/Canxl/Std/IfxCanxl.h **** } IfxCanxl_RxDmaFifoLevel;
 233:../Libraries/iLLD/TC4xx/Tricore/Canxl/Std/IfxCanxl.h **** 
 234:../Libraries/iLLD/TC4xx/Tricore/Canxl/Std/IfxCanxl.h **** /** \brief RX FIFO Queue Index
 235:../Libraries/iLLD/TC4xx/Tricore/Canxl/Std/IfxCanxl.h ****  */
 236:../Libraries/iLLD/TC4xx/Tricore/Canxl/Std/IfxCanxl.h **** typedef enum
 237:../Libraries/iLLD/TC4xx/Tricore/Canxl/Std/IfxCanxl.h **** {
 238:../Libraries/iLLD/TC4xx/Tricore/Canxl/Std/IfxCanxl.h ****     IfxCanxl_RxFifoQueue_0 = 0,  /**< \brief RX FIFO Queue Index 0 */
 239:../Libraries/iLLD/TC4xx/Tricore/Canxl/Std/IfxCanxl.h ****     IfxCanxl_RxFifoQueue_1 = 1,  /**< \brief RX FIFO Queue Index 1 */
 240:../Libraries/iLLD/TC4xx/Tricore/Canxl/Std/IfxCanxl.h ****     IfxCanxl_RxFifoQueue_2 = 2,  /**< \brief RX FIFO Queue Index 2 */
 241:../Libraries/iLLD/TC4xx/Tricore/Canxl/Std/IfxCanxl.h ****     IfxCanxl_RxFifoQueue_3 = 3,  /**< \brief RX FIFO Queue Index 3 */
 242:../Libraries/iLLD/TC4xx/Tricore/Canxl/Std/IfxCanxl.h ****     IfxCanxl_RxFifoQueue_4 = 4,  /**< \brief RX FIFO Queue Index 4 */
 243:../Libraries/iLLD/TC4xx/Tricore/Canxl/Std/IfxCanxl.h ****     IfxCanxl_RxFifoQueue_5 = 5,  /**< \brief RX FIFO Queue Index 5 */
 244:../Libraries/iLLD/TC4xx/Tricore/Canxl/Std/IfxCanxl.h ****     IfxCanxl_RxFifoQueue_6 = 6,  /**< \brief RX FIFO Queue Index 6 */
 245:../Libraries/iLLD/TC4xx/Tricore/Canxl/Std/IfxCanxl.h ****     IfxCanxl_RxFifoQueue_7 = 7   /**< \brief RX FIFO Queue Index 7 */
 246:../Libraries/iLLD/TC4xx/Tricore/Canxl/Std/IfxCanxl.h **** } IfxCanxl_RxFifoQueue;
 247:../Libraries/iLLD/TC4xx/Tricore/Canxl/Std/IfxCanxl.h **** 
 248:../Libraries/iLLD/TC4xx/Tricore/Canxl/Std/IfxCanxl.h **** /** \brief Status of the RX message received
 249:../Libraries/iLLD/TC4xx/Tricore/Canxl/Std/IfxCanxl.h ****  */
 250:../Libraries/iLLD/TC4xx/Tricore/Canxl/Std/IfxCanxl.h **** typedef enum
 251:../Libraries/iLLD/TC4xx/Tricore/Canxl/Std/IfxCanxl.h **** {
 252:../Libraries/iLLD/TC4xx/Tricore/Canxl/Std/IfxCanxl.h ****     IfxCanxl_RxMsgStatus_none        = 0,  /**< \brief None */
 253:../Libraries/iLLD/TC4xx/Tricore/Canxl/Std/IfxCanxl.h ****     IfxCanxl_RxMsgStatus_success     = 1,  /**< \brief message received successfully */
 254:../Libraries/iLLD/TC4xx/Tricore/Canxl/Std/IfxCanxl.h ****     IfxCanxl_RxMsgStatus_notFiltered = 2,  /**< \brief message received but not filtered */
 255:../Libraries/iLLD/TC4xx/Tricore/Canxl/Std/IfxCanxl.h ****     IfxCanxl_RxMsgStatus_parityError = 15  /**< \brief message acknowledged with parity error */
 256:../Libraries/iLLD/TC4xx/Tricore/Canxl/Std/IfxCanxl.h **** } IfxCanxl_RxMsgStatus;
 257:../Libraries/iLLD/TC4xx/Tricore/Canxl/Std/IfxCanxl.h **** 
 258:../Libraries/iLLD/TC4xx/Tricore/Canxl/Std/IfxCanxl.h **** /** \brief OCDS Suspend Control (OCS.B.SUS). Defines sensitivity to the suspend signal coming from 
 259:../Libraries/iLLD/TC4xx/Tricore/Canxl/Std/IfxCanxl.h ****  */
 260:../Libraries/iLLD/TC4xx/Tricore/Canxl/Std/IfxCanxl.h **** typedef enum
 261:../Libraries/iLLD/TC4xx/Tricore/Canxl/Std/IfxCanxl.h **** {
 262:../Libraries/iLLD/TC4xx/Tricore/Canxl/Std/IfxCanxl.h ****     IfxCanxl_SuspendMode_none = 0,  /**< \brief Will not suspend */
 263:../Libraries/iLLD/TC4xx/Tricore/Canxl/Std/IfxCanxl.h ****     IfxCanxl_SuspendMode_hard = 1,  /**< \brief Hard Suspend. Clock is off immediately. */
 264:../Libraries/iLLD/TC4xx/Tricore/Canxl/Std/IfxCanxl.h ****     IfxCanxl_SuspendMode_soft = 2   /**< \brief Soft Suspend. Clock is switched off after completio
 265:../Libraries/iLLD/TC4xx/Tricore/Canxl/Std/IfxCanxl.h **** } IfxCanxl_SuspendMode;
 266:../Libraries/iLLD/TC4xx/Tricore/Canxl/Std/IfxCanxl.h **** 
 267:../Libraries/iLLD/TC4xx/Tricore/Canxl/Std/IfxCanxl.h **** /** \brief Select Time stamp position (Ni_MODE.SFS)
 268:../Libraries/iLLD/TC4xx/Tricore/Canxl/Std/IfxCanxl.h ****  */
 269:../Libraries/iLLD/TC4xx/Tricore/Canxl/Std/IfxCanxl.h **** typedef enum
 270:../Libraries/iLLD/TC4xx/Tricore/Canxl/Std/IfxCanxl.h **** {
 271:../Libraries/iLLD/TC4xx/Tricore/Canxl/Std/IfxCanxl.h ****     IfxCanxl_TimeStampPosition_endOfFrame   = 0, /**< \brief Time Stamp taken at end of the frame *
 272:../Libraries/iLLD/TC4xx/Tricore/Canxl/Std/IfxCanxl.h ****     IfxCanxl_TimeStampPosition_startOfFrame = 1  /**< \brief Time Stamp taken at start of the frame
 273:../Libraries/iLLD/TC4xx/Tricore/Canxl/Std/IfxCanxl.h **** } IfxCanxl_TimeStampPosition;
 274:../Libraries/iLLD/TC4xx/Tricore/Canxl/Std/IfxCanxl.h **** 
 275:../Libraries/iLLD/TC4xx/Tricore/Canxl/Std/IfxCanxl.h **** /** \brief Select prescaler for clock source (Ni_TS_CLOCK_CTL.PRESCALER)
 276:../Libraries/iLLD/TC4xx/Tricore/Canxl/Std/IfxCanxl.h ****  */
 277:../Libraries/iLLD/TC4xx/Tricore/Canxl/Std/IfxCanxl.h **** typedef enum
 278:../Libraries/iLLD/TC4xx/Tricore/Canxl/Std/IfxCanxl.h **** {
 279:../Libraries/iLLD/TC4xx/Tricore/Canxl/Std/IfxCanxl.h ****     IfxCanxl_TimebaseClockPrescaler_divBy0  = 0,   /**< \brief Divide option 0 */
 280:../Libraries/iLLD/TC4xx/Tricore/Canxl/Std/IfxCanxl.h ****     IfxCanxl_TimebaseClockPrescaler_divBy1  = 1,   /**< \brief Divide option 1 */
 281:../Libraries/iLLD/TC4xx/Tricore/Canxl/Std/IfxCanxl.h ****     IfxCanxl_TimebaseClockPrescaler_divBy2  = 2,   /**< \brief Divide option 2 */
 282:../Libraries/iLLD/TC4xx/Tricore/Canxl/Std/IfxCanxl.h ****     IfxCanxl_TimebaseClockPrescaler_divBy3  = 3,   /**< \brief Divide option 3 */
 283:../Libraries/iLLD/TC4xx/Tricore/Canxl/Std/IfxCanxl.h ****     IfxCanxl_TimebaseClockPrescaler_divBy4  = 4,   /**< \brief Divide option 4 */
 284:../Libraries/iLLD/TC4xx/Tricore/Canxl/Std/IfxCanxl.h ****     IfxCanxl_TimebaseClockPrescaler_divBy5  = 5,   /**< \brief Divide option 5 */
 285:../Libraries/iLLD/TC4xx/Tricore/Canxl/Std/IfxCanxl.h ****     IfxCanxl_TimebaseClockPrescaler_divBy6  = 6,   /**< \brief Divide option 6 */
 286:../Libraries/iLLD/TC4xx/Tricore/Canxl/Std/IfxCanxl.h ****     IfxCanxl_TimebaseClockPrescaler_divBy7  = 7,   /**< \brief Divide option 7 */
 287:../Libraries/iLLD/TC4xx/Tricore/Canxl/Std/IfxCanxl.h ****     IfxCanxl_TimebaseClockPrescaler_divBy8  = 8,   /**< \brief Divide option 8 */
 288:../Libraries/iLLD/TC4xx/Tricore/Canxl/Std/IfxCanxl.h ****     IfxCanxl_TimebaseClockPrescaler_divBy9  = 9,   /**< \brief Divide option 9 */
 289:../Libraries/iLLD/TC4xx/Tricore/Canxl/Std/IfxCanxl.h ****     IfxCanxl_TimebaseClockPrescaler_divBy10 = 10,  /**< \brief Divide option 10 */
 290:../Libraries/iLLD/TC4xx/Tricore/Canxl/Std/IfxCanxl.h ****     IfxCanxl_TimebaseClockPrescaler_divBy11 = 11,  /**< \brief Divide option 11 */
 291:../Libraries/iLLD/TC4xx/Tricore/Canxl/Std/IfxCanxl.h ****     IfxCanxl_TimebaseClockPrescaler_divBy12 = 12,  /**< \brief Divide option 12 */
 292:../Libraries/iLLD/TC4xx/Tricore/Canxl/Std/IfxCanxl.h ****     IfxCanxl_TimebaseClockPrescaler_divBy13 = 13,  /**< \brief Divide option 13 */
 293:../Libraries/iLLD/TC4xx/Tricore/Canxl/Std/IfxCanxl.h ****     IfxCanxl_TimebaseClockPrescaler_divBy14 = 14,  /**< \brief Divide option 14 */
 294:../Libraries/iLLD/TC4xx/Tricore/Canxl/Std/IfxCanxl.h ****     IfxCanxl_TimebaseClockPrescaler_divBy15 = 15   /**< \brief Divide option 15 */
 295:../Libraries/iLLD/TC4xx/Tricore/Canxl/Std/IfxCanxl.h **** } IfxCanxl_TimebaseClockPrescaler;
 296:../Libraries/iLLD/TC4xx/Tricore/Canxl/Std/IfxCanxl.h **** 
 297:../Libraries/iLLD/TC4xx/Tricore/Canxl/Std/IfxCanxl.h **** /** \brief Select clock source for timebase generation (Ni_TS_CLOCK_CTL.SRC_SEL)
 298:../Libraries/iLLD/TC4xx/Tricore/Canxl/Std/IfxCanxl.h ****  */
 299:../Libraries/iLLD/TC4xx/Tricore/Canxl/Std/IfxCanxl.h **** typedef enum
 300:../Libraries/iLLD/TC4xx/Tricore/Canxl/Std/IfxCanxl.h **** {
 301:../Libraries/iLLD/TC4xx/Tricore/Canxl/Std/IfxCanxl.h ****     IfxCanxl_TimebaseClockSource_canInternal = 0,  /**< \brief Host clock (fCANXLH) */
 302:../Libraries/iLLD/TC4xx/Tricore/Canxl/Std/IfxCanxl.h ****     IfxCanxl_TimebaseClockSource_stm         = 1,  /**< \brief External 0 (STM Trigger) */
 303:../Libraries/iLLD/TC4xx/Tricore/Canxl/Std/IfxCanxl.h ****     IfxCanxl_TimebaseClockSource_gtm         = 2,  /**< \brief External 1 (GTM Trigger) */
 304:../Libraries/iLLD/TC4xx/Tricore/Canxl/Std/IfxCanxl.h ****     IfxCanxl_TimebaseClockSource_egtm        = 3   /**< \brief External 2 (eGTM Trigger) */
 305:../Libraries/iLLD/TC4xx/Tricore/Canxl/Std/IfxCanxl.h **** } IfxCanxl_TimebaseClockSource;
 306:../Libraries/iLLD/TC4xx/Tricore/Canxl/Std/IfxCanxl.h **** 
 307:../Libraries/iLLD/TC4xx/Tricore/Canxl/Std/IfxCanxl.h **** /** \brief TX FIFO Queue Index
 308:../Libraries/iLLD/TC4xx/Tricore/Canxl/Std/IfxCanxl.h ****  */
 309:../Libraries/iLLD/TC4xx/Tricore/Canxl/Std/IfxCanxl.h **** typedef enum
 310:../Libraries/iLLD/TC4xx/Tricore/Canxl/Std/IfxCanxl.h **** {
 311:../Libraries/iLLD/TC4xx/Tricore/Canxl/Std/IfxCanxl.h ****     IfxCanxl_TxFifoQueue_0 = 0,  /**< \brief TX FIFO Queue Index 0 */
 312:../Libraries/iLLD/TC4xx/Tricore/Canxl/Std/IfxCanxl.h ****     IfxCanxl_TxFifoQueue_1 = 1,  /**< \brief TX FIFO Queue Index 1 */
 313:../Libraries/iLLD/TC4xx/Tricore/Canxl/Std/IfxCanxl.h ****     IfxCanxl_TxFifoQueue_2 = 2,  /**< \brief TX FIFO Queue Index 2 */
 314:../Libraries/iLLD/TC4xx/Tricore/Canxl/Std/IfxCanxl.h ****     IfxCanxl_TxFifoQueue_3 = 3,  /**< \brief TX FIFO Queue Index 3 */
 315:../Libraries/iLLD/TC4xx/Tricore/Canxl/Std/IfxCanxl.h ****     IfxCanxl_TxFifoQueue_4 = 4,  /**< \brief TX FIFO Queue Index 4 */
 316:../Libraries/iLLD/TC4xx/Tricore/Canxl/Std/IfxCanxl.h ****     IfxCanxl_TxFifoQueue_5 = 5,  /**< \brief TX FIFO Queue Index 5 */
 317:../Libraries/iLLD/TC4xx/Tricore/Canxl/Std/IfxCanxl.h ****     IfxCanxl_TxFifoQueue_6 = 6,  /**< \brief TX FIFO Queue Index 6 */
 318:../Libraries/iLLD/TC4xx/Tricore/Canxl/Std/IfxCanxl.h ****     IfxCanxl_TxFifoQueue_7 = 7   /**< \brief TX FIFO Queue Index 7 */
 319:../Libraries/iLLD/TC4xx/Tricore/Canxl/Std/IfxCanxl.h **** } IfxCanxl_TxFifoQueue;
 320:../Libraries/iLLD/TC4xx/Tricore/Canxl/Std/IfxCanxl.h **** 
 321:../Libraries/iLLD/TC4xx/Tricore/Canxl/Std/IfxCanxl.h **** /** \brief XCAN TX Queue Type
 322:../Libraries/iLLD/TC4xx/Tricore/Canxl/Std/IfxCanxl.h ****  */
 323:../Libraries/iLLD/TC4xx/Tricore/Canxl/Std/IfxCanxl.h **** typedef enum
 324:../Libraries/iLLD/TC4xx/Tricore/Canxl/Std/IfxCanxl.h **** {
 325:../Libraries/iLLD/TC4xx/Tricore/Canxl/Std/IfxCanxl.h ****     IfxCanxl_TxQueueType_fifo,     /**< \brief TX FIFO Queue */
 326:../Libraries/iLLD/TC4xx/Tricore/Canxl/Std/IfxCanxl.h ****     IfxCanxl_TxQueueType_priority  /**< \brief TX Priority Queue */
 327:../Libraries/iLLD/TC4xx/Tricore/Canxl/Std/IfxCanxl.h **** } IfxCanxl_TxQueueType;
 328:../Libraries/iLLD/TC4xx/Tricore/Canxl/Std/IfxCanxl.h **** 
 329:../Libraries/iLLD/TC4xx/Tricore/Canxl/Std/IfxCanxl.h **** /** \brief RX filter header frame in CANXL msg frame
 330:../Libraries/iLLD/TC4xx/Tricore/Canxl/Std/IfxCanxl.h ****  */
 331:../Libraries/iLLD/TC4xx/Tricore/Canxl/Std/IfxCanxl.h **** typedef enum
 332:../Libraries/iLLD/TC4xx/Tricore/Canxl/Std/IfxCanxl.h **** {
 333:../Libraries/iLLD/TC4xx/Tricore/Canxl/Std/IfxCanxl.h ****     IfxCanxl_frameHeaderWord_None,  /**< \brief CANXL frame header word None */
 334:../Libraries/iLLD/TC4xx/Tricore/Canxl/Std/IfxCanxl.h ****     IfxCanxl_frameHeaderWord_R0,    /**< \brief CANXL frame header word R0 */
 335:../Libraries/iLLD/TC4xx/Tricore/Canxl/Std/IfxCanxl.h ****     IfxCanxl_frameHeaderWord_R1,    /**< \brief CANXL frame header word R1 */
 336:../Libraries/iLLD/TC4xx/Tricore/Canxl/Std/IfxCanxl.h ****     IfxCanxl_frameHeaderWord_R2     /**< \brief CANXL frame header word R2 */
 337:../Libraries/iLLD/TC4xx/Tricore/Canxl/Std/IfxCanxl.h **** } IfxCanxl_frameHeaderWord;
 338:../Libraries/iLLD/TC4xx/Tricore/Canxl/Std/IfxCanxl.h **** 
 339:../Libraries/iLLD/TC4xx/Tricore/Canxl/Std/IfxCanxl.h **** /** \} */
 340:../Libraries/iLLD/TC4xx/Tricore/Canxl/Std/IfxCanxl.h **** 
 341:../Libraries/iLLD/TC4xx/Tricore/Canxl/Std/IfxCanxl.h **** /******************************************************************************/
 342:../Libraries/iLLD/TC4xx/Tricore/Canxl/Std/IfxCanxl.h **** /*-----------------------------Data Structures--------------------------------*/
 343:../Libraries/iLLD/TC4xx/Tricore/Canxl/Std/IfxCanxl.h **** /******************************************************************************/
 344:../Libraries/iLLD/TC4xx/Tricore/Canxl/Std/IfxCanxl.h **** 
 345:../Libraries/iLLD/TC4xx/Tricore/Canxl/Std/IfxCanxl.h **** /** \addtogroup IfxLld_Canxl_Std_Structures_Tx_Header
 346:../Libraries/iLLD/TC4xx/Tricore/Canxl/Std/IfxCanxl.h ****  * \{ */
 347:../Libraries/iLLD/TC4xx/Tricore/Canxl/Std/IfxCanxl.h **** /** \brief CAN Classical TX Header 0
 348:../Libraries/iLLD/TC4xx/Tricore/Canxl/Std/IfxCanxl.h ****  */
 349:../Libraries/iLLD/TC4xx/Tricore/Canxl/Std/IfxCanxl.h **** typedef struct
 350:../Libraries/iLLD/TC4xx/Tricore/Canxl/Std/IfxCanxl.h **** {
 351:../Libraries/iLLD/TC4xx/Tricore/Canxl/Std/IfxCanxl.h ****     uint32 ExtID : 18;        /**< \brief Extended ID */
 352:../Libraries/iLLD/TC4xx/Tricore/Canxl/Std/IfxCanxl.h ****     uint32 BaseID : 11;       /**< \brief Base ID */
 353:../Libraries/iLLD/TC4xx/Tricore/Canxl/Std/IfxCanxl.h ****     uint32 XTD : 1;           /**< \brief Extended Identifier */
 354:../Libraries/iLLD/TC4xx/Tricore/Canxl/Std/IfxCanxl.h ****     uint32 XLF : 1;           /**< \brief XL Format */
 355:../Libraries/iLLD/TC4xx/Tricore/Canxl/Std/IfxCanxl.h ****     uint32 FDF : 1;           /**< \brief FD Format */
 356:../Libraries/iLLD/TC4xx/Tricore/Canxl/Std/IfxCanxl.h **** } IfxCanxl_ClassicalTxHeader0_Bits;
 357:../Libraries/iLLD/TC4xx/Tricore/Canxl/Std/IfxCanxl.h **** 
 358:../Libraries/iLLD/TC4xx/Tricore/Canxl/Std/IfxCanxl.h **** /** \brief CAN Classical TX Header 1
 359:../Libraries/iLLD/TC4xx/Tricore/Canxl/Std/IfxCanxl.h ****  */
 360:../Libraries/iLLD/TC4xx/Tricore/Canxl/Std/IfxCanxl.h **** typedef struct
 361:../Libraries/iLLD/TC4xx/Tricore/Canxl/Std/IfxCanxl.h **** {
 362:../Libraries/iLLD/TC4xx/Tricore/Canxl/Std/IfxCanxl.h ****     uint32 reserved_0 : 16;       /**< \brief Reserved */
 363:../Libraries/iLLD/TC4xx/Tricore/Canxl/Std/IfxCanxl.h ****     uint32 DLC : 4;               /**< \brief Data Length Code */
 364:../Libraries/iLLD/TC4xx/Tricore/Canxl/Std/IfxCanxl.h ****     uint32 reserved_20 : 6;       /**< \brief Reserved */
 365:../Libraries/iLLD/TC4xx/Tricore/Canxl/Std/IfxCanxl.h ****     uint32 RTR : 1;               /**< \brief Remote Transmission Request */
 366:../Libraries/iLLD/TC4xx/Tricore/Canxl/Std/IfxCanxl.h ****     uint32 reserved_27 : 3;       /**< \brief FD Format */
 367:../Libraries/iLLD/TC4xx/Tricore/Canxl/Std/IfxCanxl.h ****     uint32 FIR : 1;               /**< \brief Fault Injection Request */
 368:../Libraries/iLLD/TC4xx/Tricore/Canxl/Std/IfxCanxl.h ****     uint32 reserved_31 : 1;       /**< \brief Reserved */
 369:../Libraries/iLLD/TC4xx/Tricore/Canxl/Std/IfxCanxl.h **** } IfxCanxl_ClassicalTxHeader1_Bits;
 370:../Libraries/iLLD/TC4xx/Tricore/Canxl/Std/IfxCanxl.h **** 
 371:../Libraries/iLLD/TC4xx/Tricore/Canxl/Std/IfxCanxl.h **** /** \brief CAN FD TX Header 0
 372:../Libraries/iLLD/TC4xx/Tricore/Canxl/Std/IfxCanxl.h ****  */
 373:../Libraries/iLLD/TC4xx/Tricore/Canxl/Std/IfxCanxl.h **** typedef struct
 374:../Libraries/iLLD/TC4xx/Tricore/Canxl/Std/IfxCanxl.h **** {
 375:../Libraries/iLLD/TC4xx/Tricore/Canxl/Std/IfxCanxl.h ****     uint32 ExtID : 18;        /**< \brief Extended ID */
 376:../Libraries/iLLD/TC4xx/Tricore/Canxl/Std/IfxCanxl.h ****     uint32 BaseID : 11;       /**< \brief Base ID */
 377:../Libraries/iLLD/TC4xx/Tricore/Canxl/Std/IfxCanxl.h ****     uint32 XTD : 1;           /**< \brief Extended Identifier */
 378:../Libraries/iLLD/TC4xx/Tricore/Canxl/Std/IfxCanxl.h ****     uint32 XLF : 1;           /**< \brief XL Format */
 379:../Libraries/iLLD/TC4xx/Tricore/Canxl/Std/IfxCanxl.h ****     uint32 FDF : 1;           /**< \brief FD Format */
 380:../Libraries/iLLD/TC4xx/Tricore/Canxl/Std/IfxCanxl.h **** } IfxCanxl_FdTxHeader0_Bits;
 381:../Libraries/iLLD/TC4xx/Tricore/Canxl/Std/IfxCanxl.h **** 
 382:../Libraries/iLLD/TC4xx/Tricore/Canxl/Std/IfxCanxl.h **** /** \brief CAN FD TX Header 1
 383:../Libraries/iLLD/TC4xx/Tricore/Canxl/Std/IfxCanxl.h ****  */
 384:../Libraries/iLLD/TC4xx/Tricore/Canxl/Std/IfxCanxl.h **** typedef struct
 385:../Libraries/iLLD/TC4xx/Tricore/Canxl/Std/IfxCanxl.h **** {
 386:../Libraries/iLLD/TC4xx/Tricore/Canxl/Std/IfxCanxl.h ****     uint32 reserved_0 : 16;       /**< \brief Reserved */
 387:../Libraries/iLLD/TC4xx/Tricore/Canxl/Std/IfxCanxl.h ****     uint32 DLC : 4;               /**< \brief Data Length Code */
 388:../Libraries/iLLD/TC4xx/Tricore/Canxl/Std/IfxCanxl.h ****     uint32 ESI : 1;               /**< \brief Error State Indicator */
 389:../Libraries/iLLD/TC4xx/Tricore/Canxl/Std/IfxCanxl.h ****     uint32 reserved_21 : 4;       /**< \brief Reserved */
 390:../Libraries/iLLD/TC4xx/Tricore/Canxl/Std/IfxCanxl.h ****     uint32 BRS : 1;               /**< \brief Bit Rate Switch */
 391:../Libraries/iLLD/TC4xx/Tricore/Canxl/Std/IfxCanxl.h ****     uint32 reserved_26 : 4;       /**< \brief Reserved */
 392:../Libraries/iLLD/TC4xx/Tricore/Canxl/Std/IfxCanxl.h ****     uint32 FIR : 1;               /**< \brief Fault Injection Request */
 393:../Libraries/iLLD/TC4xx/Tricore/Canxl/Std/IfxCanxl.h ****     uint32 reserved_31 : 1;       /**< \brief Reserved */
 394:../Libraries/iLLD/TC4xx/Tricore/Canxl/Std/IfxCanxl.h **** } IfxCanxl_FdTxHeader1_Bits;
 395:../Libraries/iLLD/TC4xx/Tricore/Canxl/Std/IfxCanxl.h **** 
 396:../Libraries/iLLD/TC4xx/Tricore/Canxl/Std/IfxCanxl.h **** /** \brief CAN XL TX Header 0
 397:../Libraries/iLLD/TC4xx/Tricore/Canxl/Std/IfxCanxl.h ****  */
 398:../Libraries/iLLD/TC4xx/Tricore/Canxl/Std/IfxCanxl.h **** typedef struct
 399:../Libraries/iLLD/TC4xx/Tricore/Canxl/Std/IfxCanxl.h **** {
 400:../Libraries/iLLD/TC4xx/Tricore/Canxl/Std/IfxCanxl.h ****     uint32 SDT : 8;               /**< \brief SDU Type */
 401:../Libraries/iLLD/TC4xx/Tricore/Canxl/Std/IfxCanxl.h ****     uint32 VCID : 8;              /**< \brief Virtual CAN Network ID */
 402:../Libraries/iLLD/TC4xx/Tricore/Canxl/Std/IfxCanxl.h ****     uint32 SEC : 1;               /**< \brief Simple Extended Content */
 403:../Libraries/iLLD/TC4xx/Tricore/Canxl/Std/IfxCanxl.h ****     uint32 RRS : 1;               /**< \brief Remote Request Substitution */
 404:../Libraries/iLLD/TC4xx/Tricore/Canxl/Std/IfxCanxl.h ****     uint32 PriorityID : 11;       /**< \brief Priority Identifier */
 405:../Libraries/iLLD/TC4xx/Tricore/Canxl/Std/IfxCanxl.h ****     uint32 XTD : 1;               /**< \brief Extended Identifier */
 406:../Libraries/iLLD/TC4xx/Tricore/Canxl/Std/IfxCanxl.h ****     uint32 XLF : 1;               /**< \brief XL Format */
 407:../Libraries/iLLD/TC4xx/Tricore/Canxl/Std/IfxCanxl.h ****     uint32 FDF : 1;               /**< \brief FD Format */
 408:../Libraries/iLLD/TC4xx/Tricore/Canxl/Std/IfxCanxl.h **** } IfxCanxl_XlTxHeader0_Bits;
 409:../Libraries/iLLD/TC4xx/Tricore/Canxl/Std/IfxCanxl.h **** 
 410:../Libraries/iLLD/TC4xx/Tricore/Canxl/Std/IfxCanxl.h **** /** \brief CAN XL TX Header 1
 411:../Libraries/iLLD/TC4xx/Tricore/Canxl/Std/IfxCanxl.h ****  */
 412:../Libraries/iLLD/TC4xx/Tricore/Canxl/Std/IfxCanxl.h **** typedef struct
 413:../Libraries/iLLD/TC4xx/Tricore/Canxl/Std/IfxCanxl.h **** {
 414:../Libraries/iLLD/TC4xx/Tricore/Canxl/Std/IfxCanxl.h ****     uint32 reserved_0 : 16;       /**< \brief Reserved */
 415:../Libraries/iLLD/TC4xx/Tricore/Canxl/Std/IfxCanxl.h ****     uint32 DLC_XL : 11;           /**< \brief Data Length Code with CAN XL encoding */
 416:../Libraries/iLLD/TC4xx/Tricore/Canxl/Std/IfxCanxl.h ****     uint32 reserved_27 : 3;       /**< \brief Reserved */
 417:../Libraries/iLLD/TC4xx/Tricore/Canxl/Std/IfxCanxl.h ****     uint32 FIR : 1;               /**< \brief Fault Injection Request */
 418:../Libraries/iLLD/TC4xx/Tricore/Canxl/Std/IfxCanxl.h ****     uint32 reserved_31 : 1;       /**< \brief Reserved */
 419:../Libraries/iLLD/TC4xx/Tricore/Canxl/Std/IfxCanxl.h **** } IfxCanxl_XlTxHeader1_Bits;
 420:../Libraries/iLLD/TC4xx/Tricore/Canxl/Std/IfxCanxl.h **** 
 421:../Libraries/iLLD/TC4xx/Tricore/Canxl/Std/IfxCanxl.h **** /** \brief CAN XL TX Header 2
 422:../Libraries/iLLD/TC4xx/Tricore/Canxl/Std/IfxCanxl.h ****  */
 423:../Libraries/iLLD/TC4xx/Tricore/Canxl/Std/IfxCanxl.h **** typedef struct
 424:../Libraries/iLLD/TC4xx/Tricore/Canxl/Std/IfxCanxl.h **** {
 425:../Libraries/iLLD/TC4xx/Tricore/Canxl/Std/IfxCanxl.h ****     uint32 AF : 32;       /**< \brief Acceptance Field */
 426:../Libraries/iLLD/TC4xx/Tricore/Canxl/Std/IfxCanxl.h **** } IfxCanxl_XlTxHeader2_Bits;
 427:../Libraries/iLLD/TC4xx/Tricore/Canxl/Std/IfxCanxl.h **** 
 428:../Libraries/iLLD/TC4xx/Tricore/Canxl/Std/IfxCanxl.h **** /** \} */
 429:../Libraries/iLLD/TC4xx/Tricore/Canxl/Std/IfxCanxl.h **** 
 430:../Libraries/iLLD/TC4xx/Tricore/Canxl/Std/IfxCanxl.h **** /** \addtogroup IfxLld_Canxl_Std_Structures_Rx_Header
 431:../Libraries/iLLD/TC4xx/Tricore/Canxl/Std/IfxCanxl.h ****  * \{ */
 432:../Libraries/iLLD/TC4xx/Tricore/Canxl/Std/IfxCanxl.h **** /** \brief CAN Classical RX Header 0
 433:../Libraries/iLLD/TC4xx/Tricore/Canxl/Std/IfxCanxl.h ****  */
 434:../Libraries/iLLD/TC4xx/Tricore/Canxl/Std/IfxCanxl.h **** typedef struct
 435:../Libraries/iLLD/TC4xx/Tricore/Canxl/Std/IfxCanxl.h **** {
 436:../Libraries/iLLD/TC4xx/Tricore/Canxl/Std/IfxCanxl.h ****     uint32 ExtID : 18;        /**< \brief Extended ID */
 437:../Libraries/iLLD/TC4xx/Tricore/Canxl/Std/IfxCanxl.h ****     uint32 BaseID : 11;       /**< \brief Base ID */
 438:../Libraries/iLLD/TC4xx/Tricore/Canxl/Std/IfxCanxl.h ****     uint32 XTD : 1;           /**< \brief Extended Identifier */
 439:../Libraries/iLLD/TC4xx/Tricore/Canxl/Std/IfxCanxl.h ****     uint32 XLF : 1;           /**< \brief XL Format */
 440:../Libraries/iLLD/TC4xx/Tricore/Canxl/Std/IfxCanxl.h ****     uint32 FDF : 1;           /**< \brief FD Format */
 441:../Libraries/iLLD/TC4xx/Tricore/Canxl/Std/IfxCanxl.h **** } IfxCanxl_ClassicalRxHeader0_Bits;
 442:../Libraries/iLLD/TC4xx/Tricore/Canxl/Std/IfxCanxl.h **** 
 443:../Libraries/iLLD/TC4xx/Tricore/Canxl/Std/IfxCanxl.h **** /** \brief CAN Classical RX Header 1
 444:../Libraries/iLLD/TC4xx/Tricore/Canxl/Std/IfxCanxl.h ****  */
 445:../Libraries/iLLD/TC4xx/Tricore/Canxl/Std/IfxCanxl.h **** typedef struct
 446:../Libraries/iLLD/TC4xx/Tricore/Canxl/Std/IfxCanxl.h **** {
 447:../Libraries/iLLD/TC4xx/Tricore/Canxl/Std/IfxCanxl.h ****     uint32 FIDX : 8;              /**< \brief Filter index */
 448:../Libraries/iLLD/TC4xx/Tricore/Canxl/Std/IfxCanxl.h ****     uint32 FM : 1;                /**< \brief Filter Match */
 449:../Libraries/iLLD/TC4xx/Tricore/Canxl/Std/IfxCanxl.h ****     uint32 BLK : 1;               /**< \brief Black List */
 450:../Libraries/iLLD/TC4xx/Tricore/Canxl/Std/IfxCanxl.h ****     uint32 FAB : 1;               /**< \brief Filter Aborted */
 451:../Libraries/iLLD/TC4xx/Tricore/Canxl/Std/IfxCanxl.h ****     uint32 reserved_11 : 5;       /**< \brief Reserved */
 452:../Libraries/iLLD/TC4xx/Tricore/Canxl/Std/IfxCanxl.h ****     uint32 DLC : 4;               /**< \brief Data Length Code */
 453:../Libraries/iLLD/TC4xx/Tricore/Canxl/Std/IfxCanxl.h ****     uint32 reserved_20 : 6;       /**< \brief Reserved */
 454:../Libraries/iLLD/TC4xx/Tricore/Canxl/Std/IfxCanxl.h ****     uint32 RTR : 1;               /**< \brief Remote Transmission Request */
 455:../Libraries/iLLD/TC4xx/Tricore/Canxl/Std/IfxCanxl.h ****     uint32 reserved_27 : 5;       /**< \brief Reserved */
 456:../Libraries/iLLD/TC4xx/Tricore/Canxl/Std/IfxCanxl.h **** } IfxCanxl_ClassicalRxHeader1_Bits;
 457:../Libraries/iLLD/TC4xx/Tricore/Canxl/Std/IfxCanxl.h **** 
 458:../Libraries/iLLD/TC4xx/Tricore/Canxl/Std/IfxCanxl.h **** /** \brief CAN FD RX Header 0
 459:../Libraries/iLLD/TC4xx/Tricore/Canxl/Std/IfxCanxl.h ****  */
 460:../Libraries/iLLD/TC4xx/Tricore/Canxl/Std/IfxCanxl.h **** typedef struct
 461:../Libraries/iLLD/TC4xx/Tricore/Canxl/Std/IfxCanxl.h **** {
 462:../Libraries/iLLD/TC4xx/Tricore/Canxl/Std/IfxCanxl.h ****     uint32 ExtID : 18;        /**< \brief Extended ID */
 463:../Libraries/iLLD/TC4xx/Tricore/Canxl/Std/IfxCanxl.h ****     uint32 BaseID : 11;       /**< \brief Base ID */
 464:../Libraries/iLLD/TC4xx/Tricore/Canxl/Std/IfxCanxl.h ****     uint32 XTD : 1;           /**< \brief Extended Identifier */
 465:../Libraries/iLLD/TC4xx/Tricore/Canxl/Std/IfxCanxl.h ****     uint32 XLF : 1;           /**< \brief XL Format */
 466:../Libraries/iLLD/TC4xx/Tricore/Canxl/Std/IfxCanxl.h ****     uint32 FDF : 1;           /**< \brief FD Format */
 467:../Libraries/iLLD/TC4xx/Tricore/Canxl/Std/IfxCanxl.h **** } IfxCanxl_FdRxHeader0_Bits;
 468:../Libraries/iLLD/TC4xx/Tricore/Canxl/Std/IfxCanxl.h **** 
 469:../Libraries/iLLD/TC4xx/Tricore/Canxl/Std/IfxCanxl.h **** /** \brief CAN FD RX Header 1
 470:../Libraries/iLLD/TC4xx/Tricore/Canxl/Std/IfxCanxl.h ****  */
 471:../Libraries/iLLD/TC4xx/Tricore/Canxl/Std/IfxCanxl.h **** typedef struct
 472:../Libraries/iLLD/TC4xx/Tricore/Canxl/Std/IfxCanxl.h **** {
 473:../Libraries/iLLD/TC4xx/Tricore/Canxl/Std/IfxCanxl.h ****     uint32 FIDX : 8;              /**< \brief Filter index */
 474:../Libraries/iLLD/TC4xx/Tricore/Canxl/Std/IfxCanxl.h ****     uint32 FM : 1;                /**< \brief Filter Match */
 475:../Libraries/iLLD/TC4xx/Tricore/Canxl/Std/IfxCanxl.h ****     uint32 BLK : 1;               /**< \brief Black List */
 476:../Libraries/iLLD/TC4xx/Tricore/Canxl/Std/IfxCanxl.h ****     uint32 FAB : 1;               /**< \brief Filter Aborted */
 477:../Libraries/iLLD/TC4xx/Tricore/Canxl/Std/IfxCanxl.h ****     uint32 reserved_11 : 5;       /**< \brief Reserved */
 478:../Libraries/iLLD/TC4xx/Tricore/Canxl/Std/IfxCanxl.h ****     uint32 DLC : 4;               /**< \brief Data Length Code */
 479:../Libraries/iLLD/TC4xx/Tricore/Canxl/Std/IfxCanxl.h ****     uint32 ESI : 1;               /**< \brief Error State Indicator */
 480:../Libraries/iLLD/TC4xx/Tricore/Canxl/Std/IfxCanxl.h ****     uint32 reserved_21 : 4;       /**< \brief Reserved */
 481:../Libraries/iLLD/TC4xx/Tricore/Canxl/Std/IfxCanxl.h ****     uint32 BRS : 1;               /**< \brief Bit Rate Switch */
 482:../Libraries/iLLD/TC4xx/Tricore/Canxl/Std/IfxCanxl.h ****     uint32 reserved_26 : 6;       /**< \brief Reserved */
 483:../Libraries/iLLD/TC4xx/Tricore/Canxl/Std/IfxCanxl.h **** } IfxCanxl_FdRxHeader1_Bits;
 484:../Libraries/iLLD/TC4xx/Tricore/Canxl/Std/IfxCanxl.h **** 
 485:../Libraries/iLLD/TC4xx/Tricore/Canxl/Std/IfxCanxl.h **** /** \brief CAN XL RX Header 0
 486:../Libraries/iLLD/TC4xx/Tricore/Canxl/Std/IfxCanxl.h ****  */
 487:../Libraries/iLLD/TC4xx/Tricore/Canxl/Std/IfxCanxl.h **** typedef struct
 488:../Libraries/iLLD/TC4xx/Tricore/Canxl/Std/IfxCanxl.h **** {
 489:../Libraries/iLLD/TC4xx/Tricore/Canxl/Std/IfxCanxl.h ****     uint32 SDT : 8;               /**< \brief SDU Type */
 490:../Libraries/iLLD/TC4xx/Tricore/Canxl/Std/IfxCanxl.h ****     uint32 VCID : 8;              /**< \brief Virtual CAN Network ID */
 491:../Libraries/iLLD/TC4xx/Tricore/Canxl/Std/IfxCanxl.h ****     uint32 SEC : 1;               /**< \brief Simple Extended Content */
 492:../Libraries/iLLD/TC4xx/Tricore/Canxl/Std/IfxCanxl.h ****     uint32 RRS : 1;               /**< \brief Remote Request Substitution */
 493:../Libraries/iLLD/TC4xx/Tricore/Canxl/Std/IfxCanxl.h ****     uint32 BriorityID : 11;       /**< \brief Priority ID */
 494:../Libraries/iLLD/TC4xx/Tricore/Canxl/Std/IfxCanxl.h ****     uint32 reserved_29 : 1;       /**< \brief Reserved */
 495:../Libraries/iLLD/TC4xx/Tricore/Canxl/Std/IfxCanxl.h ****     uint32 XLF : 1;               /**< \brief XL Format */
 496:../Libraries/iLLD/TC4xx/Tricore/Canxl/Std/IfxCanxl.h ****     uint32 FDF : 1;               /**< \brief FD Format */
 497:../Libraries/iLLD/TC4xx/Tricore/Canxl/Std/IfxCanxl.h **** } IfxCanxl_XlRxHeader0_Bits;
 498:../Libraries/iLLD/TC4xx/Tricore/Canxl/Std/IfxCanxl.h **** 
 499:../Libraries/iLLD/TC4xx/Tricore/Canxl/Std/IfxCanxl.h **** /** \brief CAN XL RX Header 1
 500:../Libraries/iLLD/TC4xx/Tricore/Canxl/Std/IfxCanxl.h ****  */
 501:../Libraries/iLLD/TC4xx/Tricore/Canxl/Std/IfxCanxl.h **** typedef struct
 502:../Libraries/iLLD/TC4xx/Tricore/Canxl/Std/IfxCanxl.h **** {
 503:../Libraries/iLLD/TC4xx/Tricore/Canxl/Std/IfxCanxl.h ****     uint32 FIDX : 8;              /**< \brief Filter index */
 504:../Libraries/iLLD/TC4xx/Tricore/Canxl/Std/IfxCanxl.h ****     uint32 FM : 1;                /**< \brief Filter Match */
 505:../Libraries/iLLD/TC4xx/Tricore/Canxl/Std/IfxCanxl.h ****     uint32 BLK : 1;               /**< \brief Black List */
 506:../Libraries/iLLD/TC4xx/Tricore/Canxl/Std/IfxCanxl.h ****     uint32 FAB : 1;               /**< \brief Filter Aborted */
 507:../Libraries/iLLD/TC4xx/Tricore/Canxl/Std/IfxCanxl.h ****     uint32 reserved_11 : 5;       /**< \brief Reserved */
 508:../Libraries/iLLD/TC4xx/Tricore/Canxl/Std/IfxCanxl.h ****     uint32 DLC_XL : 11;           /**< \brief Data Length Code with CAN XL encoding */
 509:../Libraries/iLLD/TC4xx/Tricore/Canxl/Std/IfxCanxl.h ****     uint32 reserved_27 : 6;       /**< \brief Reserved */
 510:../Libraries/iLLD/TC4xx/Tricore/Canxl/Std/IfxCanxl.h **** } IfxCanxl_XlRxHeader1_Bits;
 511:../Libraries/iLLD/TC4xx/Tricore/Canxl/Std/IfxCanxl.h **** 
 512:../Libraries/iLLD/TC4xx/Tricore/Canxl/Std/IfxCanxl.h **** /** \brief CAN XL RX Header 2
 513:../Libraries/iLLD/TC4xx/Tricore/Canxl/Std/IfxCanxl.h ****  */
 514:../Libraries/iLLD/TC4xx/Tricore/Canxl/Std/IfxCanxl.h **** typedef struct
 515:../Libraries/iLLD/TC4xx/Tricore/Canxl/Std/IfxCanxl.h **** {
 516:../Libraries/iLLD/TC4xx/Tricore/Canxl/Std/IfxCanxl.h ****     uint32 AF : 32;       /**< \brief Acceptance Field */
 517:../Libraries/iLLD/TC4xx/Tricore/Canxl/Std/IfxCanxl.h **** } IfxCanxl_XlRxHeader2_Bits;
 518:../Libraries/iLLD/TC4xx/Tricore/Canxl/Std/IfxCanxl.h **** 
 519:../Libraries/iLLD/TC4xx/Tricore/Canxl/Std/IfxCanxl.h **** /** \} */
 520:../Libraries/iLLD/TC4xx/Tricore/Canxl/Std/IfxCanxl.h **** 
 521:../Libraries/iLLD/TC4xx/Tricore/Canxl/Std/IfxCanxl.h **** /** \addtogroup IfxLld_Canxl_Std_Structures_Rx_Header
 522:../Libraries/iLLD/TC4xx/Tricore/Canxl/Std/IfxCanxl.h ****  * \{ */
 523:../Libraries/iLLD/TC4xx/Tricore/Canxl/Std/IfxCanxl.h **** /** \brief CAN Classical RX Header 0
 524:../Libraries/iLLD/TC4xx/Tricore/Canxl/Std/IfxCanxl.h ****  */
 525:../Libraries/iLLD/TC4xx/Tricore/Canxl/Std/IfxCanxl.h **** typedef union
 526:../Libraries/iLLD/TC4xx/Tricore/Canxl/Std/IfxCanxl.h **** {
 527:../Libraries/iLLD/TC4xx/Tricore/Canxl/Std/IfxCanxl.h ****     IfxCanxl_ClassicalRxHeader0_Bits B;       /**< \brief Bitwise access */
 528:../Libraries/iLLD/TC4xx/Tricore/Canxl/Std/IfxCanxl.h ****     uint32                           U;       /**< \brief Unsigned access */
 529:../Libraries/iLLD/TC4xx/Tricore/Canxl/Std/IfxCanxl.h **** } IfxCanxl_ClassicalRxHeader0;
 530:../Libraries/iLLD/TC4xx/Tricore/Canxl/Std/IfxCanxl.h **** 
 531:../Libraries/iLLD/TC4xx/Tricore/Canxl/Std/IfxCanxl.h **** /** \brief CAN Classical RX Header 1
 532:../Libraries/iLLD/TC4xx/Tricore/Canxl/Std/IfxCanxl.h ****  */
 533:../Libraries/iLLD/TC4xx/Tricore/Canxl/Std/IfxCanxl.h **** typedef union
 534:../Libraries/iLLD/TC4xx/Tricore/Canxl/Std/IfxCanxl.h **** {
 535:../Libraries/iLLD/TC4xx/Tricore/Canxl/Std/IfxCanxl.h ****     IfxCanxl_ClassicalRxHeader1_Bits B;       /**< \brief Bitwise access */
 536:../Libraries/iLLD/TC4xx/Tricore/Canxl/Std/IfxCanxl.h ****     uint32                           U;       /**< \brief Unsigned access */
 537:../Libraries/iLLD/TC4xx/Tricore/Canxl/Std/IfxCanxl.h **** } IfxCanxl_ClassicalRxHeader1;
 538:../Libraries/iLLD/TC4xx/Tricore/Canxl/Std/IfxCanxl.h **** 
 539:../Libraries/iLLD/TC4xx/Tricore/Canxl/Std/IfxCanxl.h **** /** \brief CAN FD RX Header 0
 540:../Libraries/iLLD/TC4xx/Tricore/Canxl/Std/IfxCanxl.h ****  */
 541:../Libraries/iLLD/TC4xx/Tricore/Canxl/Std/IfxCanxl.h **** typedef union
 542:../Libraries/iLLD/TC4xx/Tricore/Canxl/Std/IfxCanxl.h **** {
 543:../Libraries/iLLD/TC4xx/Tricore/Canxl/Std/IfxCanxl.h ****     IfxCanxl_FdRxHeader0_Bits B;       /**< \brief Bitwise access */
 544:../Libraries/iLLD/TC4xx/Tricore/Canxl/Std/IfxCanxl.h ****     uint32                    U;       /**< \brief Unsigned access */
 545:../Libraries/iLLD/TC4xx/Tricore/Canxl/Std/IfxCanxl.h **** } IfxCanxl_FdRxHeader0;
 546:../Libraries/iLLD/TC4xx/Tricore/Canxl/Std/IfxCanxl.h **** 
 547:../Libraries/iLLD/TC4xx/Tricore/Canxl/Std/IfxCanxl.h **** /** \brief CAN FD RX Header 1
 548:../Libraries/iLLD/TC4xx/Tricore/Canxl/Std/IfxCanxl.h ****  */
 549:../Libraries/iLLD/TC4xx/Tricore/Canxl/Std/IfxCanxl.h **** typedef union
 550:../Libraries/iLLD/TC4xx/Tricore/Canxl/Std/IfxCanxl.h **** {
 551:../Libraries/iLLD/TC4xx/Tricore/Canxl/Std/IfxCanxl.h ****     IfxCanxl_FdRxHeader1_Bits B;       /**< \brief Bitwise access */
 552:../Libraries/iLLD/TC4xx/Tricore/Canxl/Std/IfxCanxl.h ****     uint32                    U;       /**< \brief Unsigned access */
 553:../Libraries/iLLD/TC4xx/Tricore/Canxl/Std/IfxCanxl.h **** } IfxCanxl_FdRxHeader1;
 554:../Libraries/iLLD/TC4xx/Tricore/Canxl/Std/IfxCanxl.h **** 
 555:../Libraries/iLLD/TC4xx/Tricore/Canxl/Std/IfxCanxl.h **** /** \brief CAN XL RX Header 0
 556:../Libraries/iLLD/TC4xx/Tricore/Canxl/Std/IfxCanxl.h ****  */
 557:../Libraries/iLLD/TC4xx/Tricore/Canxl/Std/IfxCanxl.h **** typedef union
 558:../Libraries/iLLD/TC4xx/Tricore/Canxl/Std/IfxCanxl.h **** {
 559:../Libraries/iLLD/TC4xx/Tricore/Canxl/Std/IfxCanxl.h ****     IfxCanxl_XlRxHeader0_Bits B;       /**< \brief Bitwise access */
 560:../Libraries/iLLD/TC4xx/Tricore/Canxl/Std/IfxCanxl.h ****     uint32                    U;       /**< \brief Unsigned access */
 561:../Libraries/iLLD/TC4xx/Tricore/Canxl/Std/IfxCanxl.h **** } IfxCanxl_XlRxHeader0;
 562:../Libraries/iLLD/TC4xx/Tricore/Canxl/Std/IfxCanxl.h **** 
 563:../Libraries/iLLD/TC4xx/Tricore/Canxl/Std/IfxCanxl.h **** /** \brief CAN XL RX Header 1
 564:../Libraries/iLLD/TC4xx/Tricore/Canxl/Std/IfxCanxl.h ****  */
 565:../Libraries/iLLD/TC4xx/Tricore/Canxl/Std/IfxCanxl.h **** typedef union
 566:../Libraries/iLLD/TC4xx/Tricore/Canxl/Std/IfxCanxl.h **** {
 567:../Libraries/iLLD/TC4xx/Tricore/Canxl/Std/IfxCanxl.h ****     IfxCanxl_XlRxHeader1_Bits B;       /**< \brief Bitwise access */
 568:../Libraries/iLLD/TC4xx/Tricore/Canxl/Std/IfxCanxl.h ****     uint32                    U;       /**< \brief Unsigned access */
 569:../Libraries/iLLD/TC4xx/Tricore/Canxl/Std/IfxCanxl.h **** } IfxCanxl_XlRxHeader1;
 570:../Libraries/iLLD/TC4xx/Tricore/Canxl/Std/IfxCanxl.h **** 
 571:../Libraries/iLLD/TC4xx/Tricore/Canxl/Std/IfxCanxl.h **** /** \brief CAN XL RX Header 2
 572:../Libraries/iLLD/TC4xx/Tricore/Canxl/Std/IfxCanxl.h ****  */
 573:../Libraries/iLLD/TC4xx/Tricore/Canxl/Std/IfxCanxl.h **** typedef union
 574:../Libraries/iLLD/TC4xx/Tricore/Canxl/Std/IfxCanxl.h **** {
 575:../Libraries/iLLD/TC4xx/Tricore/Canxl/Std/IfxCanxl.h ****     IfxCanxl_XlRxHeader2_Bits B;       /**< \brief Bitwise access */
 576:../Libraries/iLLD/TC4xx/Tricore/Canxl/Std/IfxCanxl.h ****     uint32                    U;       /**< \brief Unsigned access */
 577:../Libraries/iLLD/TC4xx/Tricore/Canxl/Std/IfxCanxl.h **** } IfxCanxl_XlRxHeader2;
 578:../Libraries/iLLD/TC4xx/Tricore/Canxl/Std/IfxCanxl.h **** 
 579:../Libraries/iLLD/TC4xx/Tricore/Canxl/Std/IfxCanxl.h **** /** \} */
 580:../Libraries/iLLD/TC4xx/Tricore/Canxl/Std/IfxCanxl.h **** 
 581:../Libraries/iLLD/TC4xx/Tricore/Canxl/Std/IfxCanxl.h **** /** \addtogroup IfxLld_Canxl_Std_Structures_Tx_Descriptors
 582:../Libraries/iLLD/TC4xx/Tricore/Canxl/Std/IfxCanxl.h ****  * \{ */
 583:../Libraries/iLLD/TC4xx/Tricore/Canxl/Std/IfxCanxl.h **** /** \brief TX Descriptor Element 0 managed by Message Handler
 584:../Libraries/iLLD/TC4xx/Tricore/Canxl/Std/IfxCanxl.h ****  */
 585:../Libraries/iLLD/TC4xx/Tricore/Canxl/Std/IfxCanxl.h **** typedef struct
 586:../Libraries/iLLD/TC4xx/Tricore/Canxl/Std/IfxCanxl.h **** {
 587:../Libraries/iLLD/TC4xx/Tricore/Canxl/Std/IfxCanxl.h ****     uint32 STS : 4;               /**< \brief Status[0:3] */
 588:../Libraries/iLLD/TC4xx/Tricore/Canxl/Std/IfxCanxl.h ****     uint32 reserved_4 : 27;       /**< \brief Reserved[4:30] */
 589:../Libraries/iLLD/TC4xx/Tricore/Canxl/Std/IfxCanxl.h ****     uint32 VALID : 1;             /**< \brief Valid[31] */
 590:../Libraries/iLLD/TC4xx/Tricore/Canxl/Std/IfxCanxl.h **** } IfxCanxl_TxDescr0_MH_Bits;
 591:../Libraries/iLLD/TC4xx/Tricore/Canxl/Std/IfxCanxl.h **** 
 592:../Libraries/iLLD/TC4xx/Tricore/Canxl/Std/IfxCanxl.h **** /** \brief TX Descriptor Element 0 managed by Software
 593:../Libraries/iLLD/TC4xx/Tricore/Canxl/Std/IfxCanxl.h ****  */
 594:../Libraries/iLLD/TC4xx/Tricore/Canxl/Std/IfxCanxl.h **** typedef struct
 595:../Libraries/iLLD/TC4xx/Tricore/Canxl/Std/IfxCanxl.h **** {
 596:../Libraries/iLLD/TC4xx/Tricore/Canxl/Std/IfxCanxl.h ****     uint32 reserved_0 : 4;       /**< \brief Reserved[0:3] */
 597:../Libraries/iLLD/TC4xx/Tricore/Canxl/Std/IfxCanxl.h ****     uint32 RC : 5;               /**< \brief Rolling Counter[4:8] */
 598:../Libraries/iLLD/TC4xx/Tricore/Canxl/Std/IfxCanxl.h ****     uint32 reserved_9 : 2;       /**< \brief Reserved[9:10] */
 599:../Libraries/iLLD/TC4xx/Tricore/Canxl/Std/IfxCanxl.h ****     uint32 PQSN0 : 1;            /**< \brief PQSN[0]: TX Priority FQ slot number [11] */
 600:../Libraries/iLLD/TC4xx/Tricore/Canxl/Std/IfxCanxl.h ****     uint32 FQN : 4;              /**< \brief TX FIFO Queue number / PQSN[1:4]: TX Priority FQ slot 
 601:../Libraries/iLLD/TC4xx/Tricore/Canxl/Std/IfxCanxl.h ****     uint32 CRC : 9;              /**< \brief CRC[16:24] */
 602:../Libraries/iLLD/TC4xx/Tricore/Canxl/Std/IfxCanxl.h ****     uint32 END : 1;              /**< \brief END[25] */
 603:../Libraries/iLLD/TC4xx/Tricore/Canxl/Std/IfxCanxl.h ****     uint32 PQ : 1;               /**< \brief PQ: When set to 1, descriptor belongs to PQ[26] */
 604:../Libraries/iLLD/TC4xx/Tricore/Canxl/Std/IfxCanxl.h ****     uint32 IRQ : 1;              /**< \brief Interrupt[27] */
 605:../Libraries/iLLD/TC4xx/Tricore/Canxl/Std/IfxCanxl.h ****     uint32 NEXT : 1;             /**< \brief NEXT: must be set to 0[28] */
 606:../Libraries/iLLD/TC4xx/Tricore/Canxl/Std/IfxCanxl.h ****     uint32 WRAP : 1;             /**< \brief WRAP[29] */
 607:../Libraries/iLLD/TC4xx/Tricore/Canxl/Std/IfxCanxl.h ****     uint32 HD : 1;               /**< \brief Message Header[30] */
 608:../Libraries/iLLD/TC4xx/Tricore/Canxl/Std/IfxCanxl.h ****     uint32 VALID : 1;            /**< \brief Valid[31] */
 609:../Libraries/iLLD/TC4xx/Tricore/Canxl/Std/IfxCanxl.h **** } IfxCanxl_TxDescr0_SW_Bits;
 610:../Libraries/iLLD/TC4xx/Tricore/Canxl/Std/IfxCanxl.h **** 
 611:../Libraries/iLLD/TC4xx/Tricore/Canxl/Std/IfxCanxl.h **** /** \brief TX Descriptor Element 1 managed by Message Handler
 612:../Libraries/iLLD/TC4xx/Tricore/Canxl/Std/IfxCanxl.h ****  */
 613:../Libraries/iLLD/TC4xx/Tricore/Canxl/Std/IfxCanxl.h **** typedef struct
 614:../Libraries/iLLD/TC4xx/Tricore/Canxl/Std/IfxCanxl.h **** {
 615:../Libraries/iLLD/TC4xx/Tricore/Canxl/Std/IfxCanxl.h ****     uint32 reserved_0 : 32;       /**< \brief Reserved[0:32] */
 616:../Libraries/iLLD/TC4xx/Tricore/Canxl/Std/IfxCanxl.h **** } IfxCanxl_TxDescr1_MH_Bits;
 617:../Libraries/iLLD/TC4xx/Tricore/Canxl/Std/IfxCanxl.h **** 
 618:../Libraries/iLLD/TC4xx/Tricore/Canxl/Std/IfxCanxl.h **** /** \brief TX Descriptor Element 1 managed by Software
 619:../Libraries/iLLD/TC4xx/Tricore/Canxl/Std/IfxCanxl.h ****  */
 620:../Libraries/iLLD/TC4xx/Tricore/Canxl/Std/IfxCanxl.h **** typedef struct
 621:../Libraries/iLLD/TC4xx/Tricore/Canxl/Std/IfxCanxl.h **** {
 622:../Libraries/iLLD/TC4xx/Tricore/Canxl/Std/IfxCanxl.h ****     uint32 reserved_0 : 2;        /**< \brief Reserved[0:1] */
 623:../Libraries/iLLD/TC4xx/Tricore/Canxl/Std/IfxCanxl.h ****     uint32 NHDO : 10;             /**< \brief TX FIFO Queue: set to 1, TX Priority queue: set to 0 
 624:../Libraries/iLLD/TC4xx/Tricore/Canxl/Std/IfxCanxl.h ****     uint32 reserved_12 : 1;       /**< \brief Reserved[12] */
 625:../Libraries/iLLD/TC4xx/Tricore/Canxl/Std/IfxCanxl.h ****     uint32 IN : 3;                /**< \brief Instance Number[13:15] */
 626:../Libraries/iLLD/TC4xx/Tricore/Canxl/Std/IfxCanxl.h ****     uint32 SIZE : 10;             /**< \brief Buffer Size[16:25] */
 627:../Libraries/iLLD/TC4xx/Tricore/Canxl/Std/IfxCanxl.h ****     uint32 PLSRC : 1;             /**< \brief Payload Source[26] */
 628:../Libraries/iLLD/TC4xx/Tricore/Canxl/Std/IfxCanxl.h ****     uint32 reserved_27 : 5;       /**< \brief Reserved[27:31] */
 629:../Libraries/iLLD/TC4xx/Tricore/Canxl/Std/IfxCanxl.h **** } IfxCanxl_TxDescr1_SW_Bits;
 630:../Libraries/iLLD/TC4xx/Tricore/Canxl/Std/IfxCanxl.h **** 
 631:../Libraries/iLLD/TC4xx/Tricore/Canxl/Std/IfxCanxl.h **** /** \brief TX Descriptor Element 2 managed by Message Handler
 632:../Libraries/iLLD/TC4xx/Tricore/Canxl/Std/IfxCanxl.h ****  */
 633:../Libraries/iLLD/TC4xx/Tricore/Canxl/Std/IfxCanxl.h **** typedef struct
 634:../Libraries/iLLD/TC4xx/Tricore/Canxl/Std/IfxCanxl.h **** {
 635:../Libraries/iLLD/TC4xx/Tricore/Canxl/Std/IfxCanxl.h ****     uint32 TS0 : 32;       /**< \brief LSB of the 64 bits timestamp[0:32] */
 636:../Libraries/iLLD/TC4xx/Tricore/Canxl/Std/IfxCanxl.h **** } IfxCanxl_TxDescr2_MH_Bits;
 637:../Libraries/iLLD/TC4xx/Tricore/Canxl/Std/IfxCanxl.h **** 
 638:../Libraries/iLLD/TC4xx/Tricore/Canxl/Std/IfxCanxl.h **** /** \brief TX Descriptor Element 2 managed by Software
 639:../Libraries/iLLD/TC4xx/Tricore/Canxl/Std/IfxCanxl.h ****  */
 640:../Libraries/iLLD/TC4xx/Tricore/Canxl/Std/IfxCanxl.h **** typedef struct
 641:../Libraries/iLLD/TC4xx/Tricore/Canxl/Std/IfxCanxl.h **** {
 642:../Libraries/iLLD/TC4xx/Tricore/Canxl/Std/IfxCanxl.h ****     uint32 reserved_0 : 32;       /**< \brief Reserved[0:32] */
 643:../Libraries/iLLD/TC4xx/Tricore/Canxl/Std/IfxCanxl.h **** } IfxCanxl_TxDescr2_SW_Bits;
 644:../Libraries/iLLD/TC4xx/Tricore/Canxl/Std/IfxCanxl.h **** 
 645:../Libraries/iLLD/TC4xx/Tricore/Canxl/Std/IfxCanxl.h **** /** \brief TX Descriptor Element 3 managed by Message Handler
 646:../Libraries/iLLD/TC4xx/Tricore/Canxl/Std/IfxCanxl.h ****  */
 647:../Libraries/iLLD/TC4xx/Tricore/Canxl/Std/IfxCanxl.h **** typedef struct
 648:../Libraries/iLLD/TC4xx/Tricore/Canxl/Std/IfxCanxl.h **** {
 649:../Libraries/iLLD/TC4xx/Tricore/Canxl/Std/IfxCanxl.h ****     uint32 TS1 : 32;       /**< \brief MSB of the 64 bits timestamp[0:32] */
 650:../Libraries/iLLD/TC4xx/Tricore/Canxl/Std/IfxCanxl.h **** } IfxCanxl_TxDescr3_MH_Bits;
 651:../Libraries/iLLD/TC4xx/Tricore/Canxl/Std/IfxCanxl.h **** 
 652:../Libraries/iLLD/TC4xx/Tricore/Canxl/Std/IfxCanxl.h **** /** \brief TX Descriptor Element 3 managed by Software
 653:../Libraries/iLLD/TC4xx/Tricore/Canxl/Std/IfxCanxl.h ****  */
 654:../Libraries/iLLD/TC4xx/Tricore/Canxl/Std/IfxCanxl.h **** typedef struct
 655:../Libraries/iLLD/TC4xx/Tricore/Canxl/Std/IfxCanxl.h **** {
 656:../Libraries/iLLD/TC4xx/Tricore/Canxl/Std/IfxCanxl.h ****     uint32 reserved_0 : 32;       /**< \brief Reserved[0:32] */
 657:../Libraries/iLLD/TC4xx/Tricore/Canxl/Std/IfxCanxl.h **** } IfxCanxl_TxDescr3_SW_Bits;
 658:../Libraries/iLLD/TC4xx/Tricore/Canxl/Std/IfxCanxl.h **** 
 659:../Libraries/iLLD/TC4xx/Tricore/Canxl/Std/IfxCanxl.h **** /** \brief TX Descriptor Element 4 managed by Message Handler
 660:../Libraries/iLLD/TC4xx/Tricore/Canxl/Std/IfxCanxl.h ****  */
 661:../Libraries/iLLD/TC4xx/Tricore/Canxl/Std/IfxCanxl.h **** typedef struct
 662:../Libraries/iLLD/TC4xx/Tricore/Canxl/Std/IfxCanxl.h **** {
 663:../Libraries/iLLD/TC4xx/Tricore/Canxl/Std/IfxCanxl.h ****     uint32 reserved_0 : 32;       /**< \brief Reserved[0:32] */
 664:../Libraries/iLLD/TC4xx/Tricore/Canxl/Std/IfxCanxl.h **** } IfxCanxl_TxDescr4_MH_Bits;
 665:../Libraries/iLLD/TC4xx/Tricore/Canxl/Std/IfxCanxl.h **** 
 666:../Libraries/iLLD/TC4xx/Tricore/Canxl/Std/IfxCanxl.h **** /** \brief TX Descriptor Element 4 managed by Software
 667:../Libraries/iLLD/TC4xx/Tricore/Canxl/Std/IfxCanxl.h ****  */
 668:../Libraries/iLLD/TC4xx/Tricore/Canxl/Std/IfxCanxl.h **** typedef union
 669:../Libraries/iLLD/TC4xx/Tricore/Canxl/Std/IfxCanxl.h **** {
 670:../Libraries/iLLD/TC4xx/Tricore/Canxl/Std/IfxCanxl.h ****     IfxCanxl_ClassicalTxHeader0_Bits cl;       /**< \brief Classical CAN bits */
 671:../Libraries/iLLD/TC4xx/Tricore/Canxl/Std/IfxCanxl.h ****     IfxCanxl_FdTxHeader0_Bits        fd;       /**< \brief CAN-FD bits */
 672:../Libraries/iLLD/TC4xx/Tricore/Canxl/Std/IfxCanxl.h ****     IfxCanxl_XlTxHeader0_Bits        xl;       /**< \brief CAN-XL bits */
 673:../Libraries/iLLD/TC4xx/Tricore/Canxl/Std/IfxCanxl.h **** } IfxCanxl_TxDescr4_SW_Bits;
 674:../Libraries/iLLD/TC4xx/Tricore/Canxl/Std/IfxCanxl.h **** 
 675:../Libraries/iLLD/TC4xx/Tricore/Canxl/Std/IfxCanxl.h **** /** \brief TX Descriptor Element 5 managed by Message Handler
 676:../Libraries/iLLD/TC4xx/Tricore/Canxl/Std/IfxCanxl.h ****  */
 677:../Libraries/iLLD/TC4xx/Tricore/Canxl/Std/IfxCanxl.h **** typedef struct
 678:../Libraries/iLLD/TC4xx/Tricore/Canxl/Std/IfxCanxl.h **** {
 679:../Libraries/iLLD/TC4xx/Tricore/Canxl/Std/IfxCanxl.h ****     uint32 reserved_0 : 32;       /**< \brief Reserved[0:32] */
 680:../Libraries/iLLD/TC4xx/Tricore/Canxl/Std/IfxCanxl.h **** } IfxCanxl_TxDescr5_MH_Bits;
 681:../Libraries/iLLD/TC4xx/Tricore/Canxl/Std/IfxCanxl.h **** 
 682:../Libraries/iLLD/TC4xx/Tricore/Canxl/Std/IfxCanxl.h **** /** \brief TX Descriptor Element 5 managed by Software
 683:../Libraries/iLLD/TC4xx/Tricore/Canxl/Std/IfxCanxl.h ****  */
 684:../Libraries/iLLD/TC4xx/Tricore/Canxl/Std/IfxCanxl.h **** typedef union
 685:../Libraries/iLLD/TC4xx/Tricore/Canxl/Std/IfxCanxl.h **** {
 686:../Libraries/iLLD/TC4xx/Tricore/Canxl/Std/IfxCanxl.h ****     IfxCanxl_ClassicalTxHeader1_Bits cl;       /**< \brief Classical CAN bits */
 687:../Libraries/iLLD/TC4xx/Tricore/Canxl/Std/IfxCanxl.h ****     IfxCanxl_FdTxHeader1_Bits        fd;       /**< \brief CAN-FD bits */
 688:../Libraries/iLLD/TC4xx/Tricore/Canxl/Std/IfxCanxl.h ****     IfxCanxl_XlTxHeader1_Bits        xl;       /**< \brief CAN-XL bits */
 689:../Libraries/iLLD/TC4xx/Tricore/Canxl/Std/IfxCanxl.h **** } IfxCanxl_TxDescr5_SW_Bits;
 690:../Libraries/iLLD/TC4xx/Tricore/Canxl/Std/IfxCanxl.h **** 
 691:../Libraries/iLLD/TC4xx/Tricore/Canxl/Std/IfxCanxl.h **** /** \brief TX Descriptor Element 6 managed by Message Handler
 692:../Libraries/iLLD/TC4xx/Tricore/Canxl/Std/IfxCanxl.h ****  */
 693:../Libraries/iLLD/TC4xx/Tricore/Canxl/Std/IfxCanxl.h **** typedef struct
 694:../Libraries/iLLD/TC4xx/Tricore/Canxl/Std/IfxCanxl.h **** {
 695:../Libraries/iLLD/TC4xx/Tricore/Canxl/Std/IfxCanxl.h ****     uint32 reserved_0 : 32;       /**< \brief Reserved[0:32] */
 696:../Libraries/iLLD/TC4xx/Tricore/Canxl/Std/IfxCanxl.h **** } IfxCanxl_TxDescr6_MH_Bits;
 697:../Libraries/iLLD/TC4xx/Tricore/Canxl/Std/IfxCanxl.h **** 
 698:../Libraries/iLLD/TC4xx/Tricore/Canxl/Std/IfxCanxl.h **** /** \brief TX Descriptor Element 6 managed by Software
 699:../Libraries/iLLD/TC4xx/Tricore/Canxl/Std/IfxCanxl.h ****  */
 700:../Libraries/iLLD/TC4xx/Tricore/Canxl/Std/IfxCanxl.h **** typedef union
 701:../Libraries/iLLD/TC4xx/Tricore/Canxl/Std/IfxCanxl.h **** {
 702:../Libraries/iLLD/TC4xx/Tricore/Canxl/Std/IfxCanxl.h ****     uint32                    TD0;       /**< \brief Classic CAN and CAN FD: define the first paylo
 703:../Libraries/iLLD/TC4xx/Tricore/Canxl/Std/IfxCanxl.h ****     IfxCanxl_XlTxHeader2_Bits T2;        /**< \brief T2[0:32] */
 704:../Libraries/iLLD/TC4xx/Tricore/Canxl/Std/IfxCanxl.h **** } IfxCanxl_TxDescr6_SW_Bits;
 705:../Libraries/iLLD/TC4xx/Tricore/Canxl/Std/IfxCanxl.h **** 
 706:../Libraries/iLLD/TC4xx/Tricore/Canxl/Std/IfxCanxl.h **** /** \brief TX Descriptor Element 7 managed by Message Handler
 707:../Libraries/iLLD/TC4xx/Tricore/Canxl/Std/IfxCanxl.h ****  */
 708:../Libraries/iLLD/TC4xx/Tricore/Canxl/Std/IfxCanxl.h **** typedef struct
 709:../Libraries/iLLD/TC4xx/Tricore/Canxl/Std/IfxCanxl.h **** {
 710:../Libraries/iLLD/TC4xx/Tricore/Canxl/Std/IfxCanxl.h ****     uint32 reserved_0 : 32;       /**< \brief Reserved[0:32] */
 711:../Libraries/iLLD/TC4xx/Tricore/Canxl/Std/IfxCanxl.h **** } IfxCanxl_TxDescr7_MH_Bits;
 712:../Libraries/iLLD/TC4xx/Tricore/Canxl/Std/IfxCanxl.h **** 
 713:../Libraries/iLLD/TC4xx/Tricore/Canxl/Std/IfxCanxl.h **** /** \brief TX Descriptor Element 7 managed by Software
 714:../Libraries/iLLD/TC4xx/Tricore/Canxl/Std/IfxCanxl.h ****  */
 715:../Libraries/iLLD/TC4xx/Tricore/Canxl/Std/IfxCanxl.h **** typedef union
 716:../Libraries/iLLD/TC4xx/Tricore/Canxl/Std/IfxCanxl.h **** {
 717:../Libraries/iLLD/TC4xx/Tricore/Canxl/Std/IfxCanxl.h ****     uint32 TD1 : 32;         /**< \brief Define the last payload data of the TX message for the Cla
 718:../Libraries/iLLD/TC4xx/Tricore/Canxl/Std/IfxCanxl.h ****     uint32 TX_AP : 32;       /**< \brief Address pointer to fetch the TX message payload data [0:32
 719:../Libraries/iLLD/TC4xx/Tricore/Canxl/Std/IfxCanxl.h **** } IfxCanxl_TxDescr7_SW_Bits;
 720:../Libraries/iLLD/TC4xx/Tricore/Canxl/Std/IfxCanxl.h **** 
 721:../Libraries/iLLD/TC4xx/Tricore/Canxl/Std/IfxCanxl.h **** /** \} */
 722:../Libraries/iLLD/TC4xx/Tricore/Canxl/Std/IfxCanxl.h **** 
 723:../Libraries/iLLD/TC4xx/Tricore/Canxl/Std/IfxCanxl.h **** /** \addtogroup IfxLld_Canxl_Std_Structures_Rx_Descriptors
 724:../Libraries/iLLD/TC4xx/Tricore/Canxl/Std/IfxCanxl.h ****  * \{ */
 725:../Libraries/iLLD/TC4xx/Tricore/Canxl/Std/IfxCanxl.h **** /** \brief RX Descriptor Element 0 managed by Message Handler
 726:../Libraries/iLLD/TC4xx/Tricore/Canxl/Std/IfxCanxl.h ****  */
 727:../Libraries/iLLD/TC4xx/Tricore/Canxl/Std/IfxCanxl.h **** typedef struct
 728:../Libraries/iLLD/TC4xx/Tricore/Canxl/Std/IfxCanxl.h **** {
 729:../Libraries/iLLD/TC4xx/Tricore/Canxl/Std/IfxCanxl.h ****     uint32 STS : 4;               /**< \brief Status[0:4] */
 730:../Libraries/iLLD/TC4xx/Tricore/Canxl/Std/IfxCanxl.h ****     uint32 reserved_4 : 24;       /**< \brief Reserved[4:27] */
 731:../Libraries/iLLD/TC4xx/Tricore/Canxl/Std/IfxCanxl.h ****     uint32 NEXT : 1;              /**< \brief Next bit[28] */
 732:../Libraries/iLLD/TC4xx/Tricore/Canxl/Std/IfxCanxl.h ****     uint32 reserved_29 : 1;       /**< \brief Reserved[29] */
 733:../Libraries/iLLD/TC4xx/Tricore/Canxl/Std/IfxCanxl.h ****     uint32 HD : 1;                /**< \brief Message Header[30] */
 734:../Libraries/iLLD/TC4xx/Tricore/Canxl/Std/IfxCanxl.h ****     uint32 VALID : 1;             /**< \brief Valid[32] */
 735:../Libraries/iLLD/TC4xx/Tricore/Canxl/Std/IfxCanxl.h **** } IfxCanxl_RxDescr0_MH_Bits;
 736:../Libraries/iLLD/TC4xx/Tricore/Canxl/Std/IfxCanxl.h **** 
 737:../Libraries/iLLD/TC4xx/Tricore/Canxl/Std/IfxCanxl.h **** /** \brief RX Descriptor Element 0 managed by Software
 738:../Libraries/iLLD/TC4xx/Tricore/Canxl/Std/IfxCanxl.h ****  */
 739:../Libraries/iLLD/TC4xx/Tricore/Canxl/Std/IfxCanxl.h **** typedef struct
 740:../Libraries/iLLD/TC4xx/Tricore/Canxl/Std/IfxCanxl.h **** {
 741:../Libraries/iLLD/TC4xx/Tricore/Canxl/Std/IfxCanxl.h ****     uint32 reserved_0 : 4;        /**< \brief Reserved[0:3] */
 742:../Libraries/iLLD/TC4xx/Tricore/Canxl/Std/IfxCanxl.h ****     uint32 RC : 5;                /**< \brief Rolling Counter[4:8] */
 743:../Libraries/iLLD/TC4xx/Tricore/Canxl/Std/IfxCanxl.h ****     uint32 IN : 3;                /**< \brief Instance Number[9:11] */
 744:../Libraries/iLLD/TC4xx/Tricore/Canxl/Std/IfxCanxl.h ****     uint32 FQN : 4;               /**< \brief RX FIFO Queue Number[12:15] */
 745:../Libraries/iLLD/TC4xx/Tricore/Canxl/Std/IfxCanxl.h ****     uint32 CRC : 9;               /**< \brief CRC[16:24] */
 746:../Libraries/iLLD/TC4xx/Tricore/Canxl/Std/IfxCanxl.h ****     uint32 reserved_25 : 2;       /**< \brief Reserved[25:26] */
 747:../Libraries/iLLD/TC4xx/Tricore/Canxl/Std/IfxCanxl.h ****     uint32 IRQ : 1;               /**< \brief Interrupt[27] */
 748:../Libraries/iLLD/TC4xx/Tricore/Canxl/Std/IfxCanxl.h ****     uint32 reserved_28 : 3;       /**< \brief Reserved[28:30] */
 749:../Libraries/iLLD/TC4xx/Tricore/Canxl/Std/IfxCanxl.h ****     uint32 VALID : 1;             /**< \brief Valid[32] */
 750:../Libraries/iLLD/TC4xx/Tricore/Canxl/Std/IfxCanxl.h **** } IfxCanxl_RxDescr0_SW_Bits;
 751:../Libraries/iLLD/TC4xx/Tricore/Canxl/Std/IfxCanxl.h **** 
 752:../Libraries/iLLD/TC4xx/Tricore/Canxl/Std/IfxCanxl.h **** /** \brief RX Descriptor Element 1 managed by Message Handler
 753:../Libraries/iLLD/TC4xx/Tricore/Canxl/Std/IfxCanxl.h ****  */
 754:../Libraries/iLLD/TC4xx/Tricore/Canxl/Std/IfxCanxl.h **** typedef struct
 755:../Libraries/iLLD/TC4xx/Tricore/Canxl/Std/IfxCanxl.h **** {
 756:../Libraries/iLLD/TC4xx/Tricore/Canxl/Std/IfxCanxl.h ****     uint32 RX_AP : 32;       /**< \brief RX Address pointer[0:32] */
 757:../Libraries/iLLD/TC4xx/Tricore/Canxl/Std/IfxCanxl.h **** } IfxCanxl_RxDescr1_MH_Bits;
 758:../Libraries/iLLD/TC4xx/Tricore/Canxl/Std/IfxCanxl.h **** 
 759:../Libraries/iLLD/TC4xx/Tricore/Canxl/Std/IfxCanxl.h **** /** \brief RX Descriptor Element 1 managed by Software
 760:../Libraries/iLLD/TC4xx/Tricore/Canxl/Std/IfxCanxl.h ****  */
 761:../Libraries/iLLD/TC4xx/Tricore/Canxl/Std/IfxCanxl.h **** typedef struct
 762:../Libraries/iLLD/TC4xx/Tricore/Canxl/Std/IfxCanxl.h **** {
 763:../Libraries/iLLD/TC4xx/Tricore/Canxl/Std/IfxCanxl.h ****     uint32 RX_AP : 32;       /**< \brief RX Address pointer[0:32] */
 764:../Libraries/iLLD/TC4xx/Tricore/Canxl/Std/IfxCanxl.h **** } IfxCanxl_RxDescr1_SW_Bits;
 765:../Libraries/iLLD/TC4xx/Tricore/Canxl/Std/IfxCanxl.h **** 
 766:../Libraries/iLLD/TC4xx/Tricore/Canxl/Std/IfxCanxl.h **** /** \brief RX Descriptor Element 2 managed by Message Handler
 767:../Libraries/iLLD/TC4xx/Tricore/Canxl/Std/IfxCanxl.h ****  */
 768:../Libraries/iLLD/TC4xx/Tricore/Canxl/Std/IfxCanxl.h **** typedef struct
 769:../Libraries/iLLD/TC4xx/Tricore/Canxl/Std/IfxCanxl.h **** {
 770:../Libraries/iLLD/TC4xx/Tricore/Canxl/Std/IfxCanxl.h ****     uint32 TS0 : 32;       /**< \brief LSB of the 64 bits timestamp[0:32] */
 771:../Libraries/iLLD/TC4xx/Tricore/Canxl/Std/IfxCanxl.h **** } IfxCanxl_RxDescr2_MH_Bits;
 772:../Libraries/iLLD/TC4xx/Tricore/Canxl/Std/IfxCanxl.h **** 
 773:../Libraries/iLLD/TC4xx/Tricore/Canxl/Std/IfxCanxl.h **** /** \brief RX Descriptor Element 2 managed by Software
 774:../Libraries/iLLD/TC4xx/Tricore/Canxl/Std/IfxCanxl.h ****  */
 775:../Libraries/iLLD/TC4xx/Tricore/Canxl/Std/IfxCanxl.h **** typedef struct
 776:../Libraries/iLLD/TC4xx/Tricore/Canxl/Std/IfxCanxl.h **** {
 777:../Libraries/iLLD/TC4xx/Tricore/Canxl/Std/IfxCanxl.h ****     uint32 reserved_0 : 32;       /**< \brief Reserved[0:32] */
 778:../Libraries/iLLD/TC4xx/Tricore/Canxl/Std/IfxCanxl.h **** } IfxCanxl_RxDescr2_SW_Bits;
 779:../Libraries/iLLD/TC4xx/Tricore/Canxl/Std/IfxCanxl.h **** 
 780:../Libraries/iLLD/TC4xx/Tricore/Canxl/Std/IfxCanxl.h **** /** \brief RX Descriptor Element 3 managed by Message Handler
 781:../Libraries/iLLD/TC4xx/Tricore/Canxl/Std/IfxCanxl.h ****  */
 782:../Libraries/iLLD/TC4xx/Tricore/Canxl/Std/IfxCanxl.h **** typedef struct
 783:../Libraries/iLLD/TC4xx/Tricore/Canxl/Std/IfxCanxl.h **** {
 784:../Libraries/iLLD/TC4xx/Tricore/Canxl/Std/IfxCanxl.h ****     uint32 TS1 : 32;       /**< \brief MSB of the 64 bits timestamp[0:32] */
 785:../Libraries/iLLD/TC4xx/Tricore/Canxl/Std/IfxCanxl.h **** } IfxCanxl_RxDescr3_MH_Bits;
 786:../Libraries/iLLD/TC4xx/Tricore/Canxl/Std/IfxCanxl.h **** 
 787:../Libraries/iLLD/TC4xx/Tricore/Canxl/Std/IfxCanxl.h **** /** \brief RX Descriptor Element 3 managed by Software
 788:../Libraries/iLLD/TC4xx/Tricore/Canxl/Std/IfxCanxl.h ****  */
 789:../Libraries/iLLD/TC4xx/Tricore/Canxl/Std/IfxCanxl.h **** typedef struct
 790:../Libraries/iLLD/TC4xx/Tricore/Canxl/Std/IfxCanxl.h **** {
 791:../Libraries/iLLD/TC4xx/Tricore/Canxl/Std/IfxCanxl.h ****     uint32 reserved_0 : 32;       /**< \brief Reserved[0:32] */
 792:../Libraries/iLLD/TC4xx/Tricore/Canxl/Std/IfxCanxl.h **** } IfxCanxl_RxDescr3_SW_Bits;
 793:../Libraries/iLLD/TC4xx/Tricore/Canxl/Std/IfxCanxl.h **** 
 794:../Libraries/iLLD/TC4xx/Tricore/Canxl/Std/IfxCanxl.h **** /** \} */
 795:../Libraries/iLLD/TC4xx/Tricore/Canxl/Std/IfxCanxl.h **** 
 796:../Libraries/iLLD/TC4xx/Tricore/Canxl/Std/IfxCanxl.h **** /** \addtogroup IfxLld_Canxl_Std_Structures
 797:../Libraries/iLLD/TC4xx/Tricore/Canxl/Std/IfxCanxl.h ****  * \{ */
 798:../Libraries/iLLD/TC4xx/Tricore/Canxl/Std/IfxCanxl.h **** /** \brief define for RX filter element
 799:../Libraries/iLLD/TC4xx/Tricore/Canxl/Std/IfxCanxl.h ****  */
 800:../Libraries/iLLD/TC4xx/Tricore/Canxl/Std/IfxCanxl.h **** typedef struct
 801:../Libraries/iLLD/TC4xx/Tricore/Canxl/Std/IfxCanxl.h **** {
 802:../Libraries/iLLD/TC4xx/Tricore/Canxl/Std/IfxCanxl.h ****     uint32 CREF0 : 8;             /**< \brief Reference Index: provide the index of the reference p
 803:../Libraries/iLLD/TC4xx/Tricore/Canxl/Std/IfxCanxl.h ****     uint32 WI0 : 2;               /**< \brief Word Index: provide the index of the RX message heade
 804:../Libraries/iLLD/TC4xx/Tricore/Canxl/Std/IfxCanxl.h ****     uint32 AR0 : 1;               /**< \brief Accept or Reject on match: when set to 1 the RX messa
 805:../Libraries/iLLD/TC4xx/Tricore/Canxl/Std/IfxCanxl.h ****     uint32 reserved_11 : 1;       /**< \brief Reserved */
 806:../Libraries/iLLD/TC4xx/Tricore/Canxl/Std/IfxCanxl.h ****     uint32 CREF1 : 8;             /**< \brief Reference Index: provide the index of the reference p
 807:../Libraries/iLLD/TC4xx/Tricore/Canxl/Std/IfxCanxl.h ****     uint32 WI1 : 2;               /**< \brief Word Index: provide the index of the RX message heade
 808:../Libraries/iLLD/TC4xx/Tricore/Canxl/Std/IfxCanxl.h ****     uint32 AR1 : 1;               /**< \brief Accept or Reject on match: when set to 1 the RX messa
 809:../Libraries/iLLD/TC4xx/Tricore/Canxl/Std/IfxCanxl.h ****     uint32 reserved_23 : 3;       /**< \brief Reserved */
 810:../Libraries/iLLD/TC4xx/Tricore/Canxl/Std/IfxCanxl.h ****     uint32 BLK : 1;               /**< \brief BlackList: When set to 1 the BLK bit defined in the R
 811:../Libraries/iLLD/TC4xx/Tricore/Canxl/Std/IfxCanxl.h ****     uint32 IRQ : 1;               /**< \brief Interrupt: When set to 1 an interrupt is triggered to
 812:../Libraries/iLLD/TC4xx/Tricore/Canxl/Std/IfxCanxl.h ****     uint32 FIFO : 4;              /**< \brief RX FIFO Queue number to store the receive CAN data */
 813:../Libraries/iLLD/TC4xx/Tricore/Canxl/Std/IfxCanxl.h **** } IfxCanxl_RxFilterElement_Bits;
 814:../Libraries/iLLD/TC4xx/Tricore/Canxl/Std/IfxCanxl.h **** 
 815:../Libraries/iLLD/TC4xx/Tricore/Canxl/Std/IfxCanxl.h **** /** \} */
 816:../Libraries/iLLD/TC4xx/Tricore/Canxl/Std/IfxCanxl.h **** 
 817:../Libraries/iLLD/TC4xx/Tricore/Canxl/Std/IfxCanxl.h **** /** \addtogroup IfxLld_Canxl_Std_Structures_Rx_Header
 818:../Libraries/iLLD/TC4xx/Tricore/Canxl/Std/IfxCanxl.h ****  * \{ */
 819:../Libraries/iLLD/TC4xx/Tricore/Canxl/Std/IfxCanxl.h **** /** \brief Classic CAN RX Header
 820:../Libraries/iLLD/TC4xx/Tricore/Canxl/Std/IfxCanxl.h ****  */
 821:../Libraries/iLLD/TC4xx/Tricore/Canxl/Std/IfxCanxl.h **** typedef struct
 822:../Libraries/iLLD/TC4xx/Tricore/Canxl/Std/IfxCanxl.h **** {
 823:../Libraries/iLLD/TC4xx/Tricore/Canxl/Std/IfxCanxl.h ****     IfxCanxl_ClassicalRxHeader0 R0;       /**< \brief DWORD0 */
 824:../Libraries/iLLD/TC4xx/Tricore/Canxl/Std/IfxCanxl.h ****     IfxCanxl_ClassicalRxHeader1 R1;       /**< \brief DWORD1 */
 825:../Libraries/iLLD/TC4xx/Tricore/Canxl/Std/IfxCanxl.h **** } IfxCanxl_ClassicalRxHeader;
 826:../Libraries/iLLD/TC4xx/Tricore/Canxl/Std/IfxCanxl.h **** 
 827:../Libraries/iLLD/TC4xx/Tricore/Canxl/Std/IfxCanxl.h **** /** \brief CAN-FD RX Header
 828:../Libraries/iLLD/TC4xx/Tricore/Canxl/Std/IfxCanxl.h ****  */
 829:../Libraries/iLLD/TC4xx/Tricore/Canxl/Std/IfxCanxl.h **** typedef struct
 830:../Libraries/iLLD/TC4xx/Tricore/Canxl/Std/IfxCanxl.h **** {
 831:../Libraries/iLLD/TC4xx/Tricore/Canxl/Std/IfxCanxl.h ****     IfxCanxl_FdRxHeader0 R0;       /**< \brief DWORD0 */
 832:../Libraries/iLLD/TC4xx/Tricore/Canxl/Std/IfxCanxl.h ****     IfxCanxl_FdRxHeader1 R1;       /**< \brief DWORD1 */
 833:../Libraries/iLLD/TC4xx/Tricore/Canxl/Std/IfxCanxl.h **** } IfxCanxl_FdRxHeader;
 834:../Libraries/iLLD/TC4xx/Tricore/Canxl/Std/IfxCanxl.h **** 
 835:../Libraries/iLLD/TC4xx/Tricore/Canxl/Std/IfxCanxl.h **** /** \brief CAN-XL RX Header
 836:../Libraries/iLLD/TC4xx/Tricore/Canxl/Std/IfxCanxl.h ****  */
 837:../Libraries/iLLD/TC4xx/Tricore/Canxl/Std/IfxCanxl.h **** typedef struct
 838:../Libraries/iLLD/TC4xx/Tricore/Canxl/Std/IfxCanxl.h **** {
 839:../Libraries/iLLD/TC4xx/Tricore/Canxl/Std/IfxCanxl.h ****     IfxCanxl_XlRxHeader0 R0;       /**< \brief DWORD0 */
 840:../Libraries/iLLD/TC4xx/Tricore/Canxl/Std/IfxCanxl.h ****     IfxCanxl_XlRxHeader1 R1;       /**< \brief DWORD1 */
 841:../Libraries/iLLD/TC4xx/Tricore/Canxl/Std/IfxCanxl.h ****     IfxCanxl_XlRxHeader2 R2;       /**< \brief DWORD2 */
 842:../Libraries/iLLD/TC4xx/Tricore/Canxl/Std/IfxCanxl.h **** } IfxCanxl_XlRxHeader;
 843:../Libraries/iLLD/TC4xx/Tricore/Canxl/Std/IfxCanxl.h **** 
 844:../Libraries/iLLD/TC4xx/Tricore/Canxl/Std/IfxCanxl.h **** /** \} */
 845:../Libraries/iLLD/TC4xx/Tricore/Canxl/Std/IfxCanxl.h **** 
 846:../Libraries/iLLD/TC4xx/Tricore/Canxl/Std/IfxCanxl.h **** /** \addtogroup IfxLld_Canxl_Std_Structures_Tx_Descriptors
 847:../Libraries/iLLD/TC4xx/Tricore/Canxl/Std/IfxCanxl.h ****  * \{ */
 848:../Libraries/iLLD/TC4xx/Tricore/Canxl/Std/IfxCanxl.h **** /** \brief TX Descriptor Element 0
 849:../Libraries/iLLD/TC4xx/Tricore/Canxl/Std/IfxCanxl.h ****  */
 850:../Libraries/iLLD/TC4xx/Tricore/Canxl/Std/IfxCanxl.h **** typedef union
 851:../Libraries/iLLD/TC4xx/Tricore/Canxl/Std/IfxCanxl.h **** {
 852:../Libraries/iLLD/TC4xx/Tricore/Canxl/Std/IfxCanxl.h ****     IfxCanxl_TxDescr0_SW_Bits SW;       /**< \brief Managed by Software */
 853:../Libraries/iLLD/TC4xx/Tricore/Canxl/Std/IfxCanxl.h ****     IfxCanxl_TxDescr0_MH_Bits MH;       /**< \brief Managed by Message Handler */
 854:../Libraries/iLLD/TC4xx/Tricore/Canxl/Std/IfxCanxl.h ****     uint32                    U;        /**< \brief Unsigned Access */
 855:../Libraries/iLLD/TC4xx/Tricore/Canxl/Std/IfxCanxl.h **** } IfxCanxl_TxDescr0;
 856:../Libraries/iLLD/TC4xx/Tricore/Canxl/Std/IfxCanxl.h **** 
 857:../Libraries/iLLD/TC4xx/Tricore/Canxl/Std/IfxCanxl.h **** /** \brief TX Descriptor Element 1
 858:../Libraries/iLLD/TC4xx/Tricore/Canxl/Std/IfxCanxl.h ****  */
 859:../Libraries/iLLD/TC4xx/Tricore/Canxl/Std/IfxCanxl.h **** typedef union
 860:../Libraries/iLLD/TC4xx/Tricore/Canxl/Std/IfxCanxl.h **** {
 861:../Libraries/iLLD/TC4xx/Tricore/Canxl/Std/IfxCanxl.h ****     IfxCanxl_TxDescr1_SW_Bits SW;       /**< \brief Managed by Software */
 862:../Libraries/iLLD/TC4xx/Tricore/Canxl/Std/IfxCanxl.h ****     IfxCanxl_TxDescr1_MH_Bits MH;       /**< \brief Managed by Message Handler */
 863:../Libraries/iLLD/TC4xx/Tricore/Canxl/Std/IfxCanxl.h ****     uint32                    U;        /**< \brief Unsigned Access */
 864:../Libraries/iLLD/TC4xx/Tricore/Canxl/Std/IfxCanxl.h **** } IfxCanxl_TxDescr1;
 865:../Libraries/iLLD/TC4xx/Tricore/Canxl/Std/IfxCanxl.h **** 
 866:../Libraries/iLLD/TC4xx/Tricore/Canxl/Std/IfxCanxl.h **** /** \brief TX Descriptor Element 2
 867:../Libraries/iLLD/TC4xx/Tricore/Canxl/Std/IfxCanxl.h ****  */
 868:../Libraries/iLLD/TC4xx/Tricore/Canxl/Std/IfxCanxl.h **** typedef union
 869:../Libraries/iLLD/TC4xx/Tricore/Canxl/Std/IfxCanxl.h **** {
 870:../Libraries/iLLD/TC4xx/Tricore/Canxl/Std/IfxCanxl.h ****     IfxCanxl_TxDescr2_SW_Bits SW;       /**< \brief Managed by Software */
 871:../Libraries/iLLD/TC4xx/Tricore/Canxl/Std/IfxCanxl.h ****     IfxCanxl_TxDescr2_MH_Bits MH;       /**< \brief Managed by Message Handler */
 872:../Libraries/iLLD/TC4xx/Tricore/Canxl/Std/IfxCanxl.h ****     uint32                    U;        /**< \brief Unsigned Access */
 873:../Libraries/iLLD/TC4xx/Tricore/Canxl/Std/IfxCanxl.h **** } IfxCanxl_TxDescr2;
 874:../Libraries/iLLD/TC4xx/Tricore/Canxl/Std/IfxCanxl.h **** 
 875:../Libraries/iLLD/TC4xx/Tricore/Canxl/Std/IfxCanxl.h **** /** \brief TX Descriptor Element 3
 876:../Libraries/iLLD/TC4xx/Tricore/Canxl/Std/IfxCanxl.h ****  */
 877:../Libraries/iLLD/TC4xx/Tricore/Canxl/Std/IfxCanxl.h **** typedef union
 878:../Libraries/iLLD/TC4xx/Tricore/Canxl/Std/IfxCanxl.h **** {
 879:../Libraries/iLLD/TC4xx/Tricore/Canxl/Std/IfxCanxl.h ****     IfxCanxl_TxDescr3_SW_Bits SW;       /**< \brief Managed by Software */
 880:../Libraries/iLLD/TC4xx/Tricore/Canxl/Std/IfxCanxl.h ****     IfxCanxl_TxDescr3_MH_Bits MH;       /**< \brief Managed by Message Handler */
 881:../Libraries/iLLD/TC4xx/Tricore/Canxl/Std/IfxCanxl.h ****     uint32                    U;        /**< \brief Unsigned Access */
 882:../Libraries/iLLD/TC4xx/Tricore/Canxl/Std/IfxCanxl.h **** } IfxCanxl_TxDescr3;
 883:../Libraries/iLLD/TC4xx/Tricore/Canxl/Std/IfxCanxl.h **** 
 884:../Libraries/iLLD/TC4xx/Tricore/Canxl/Std/IfxCanxl.h **** /** \brief TX Descriptor Element 4
 885:../Libraries/iLLD/TC4xx/Tricore/Canxl/Std/IfxCanxl.h ****  */
 886:../Libraries/iLLD/TC4xx/Tricore/Canxl/Std/IfxCanxl.h **** typedef union
 887:../Libraries/iLLD/TC4xx/Tricore/Canxl/Std/IfxCanxl.h **** {
 888:../Libraries/iLLD/TC4xx/Tricore/Canxl/Std/IfxCanxl.h ****     IfxCanxl_TxDescr4_SW_Bits SW;       /**< \brief Managed by Software */
 889:../Libraries/iLLD/TC4xx/Tricore/Canxl/Std/IfxCanxl.h ****     IfxCanxl_TxDescr4_MH_Bits MH;       /**< \brief Managed by Message Handler */
 890:../Libraries/iLLD/TC4xx/Tricore/Canxl/Std/IfxCanxl.h ****     uint32                    U;        /**< \brief Unsigned Access */
 891:../Libraries/iLLD/TC4xx/Tricore/Canxl/Std/IfxCanxl.h **** } IfxCanxl_TxDescr4;
 892:../Libraries/iLLD/TC4xx/Tricore/Canxl/Std/IfxCanxl.h **** 
 893:../Libraries/iLLD/TC4xx/Tricore/Canxl/Std/IfxCanxl.h **** /** \brief TX Descriptor Element 5
 894:../Libraries/iLLD/TC4xx/Tricore/Canxl/Std/IfxCanxl.h ****  */
 895:../Libraries/iLLD/TC4xx/Tricore/Canxl/Std/IfxCanxl.h **** typedef union
 896:../Libraries/iLLD/TC4xx/Tricore/Canxl/Std/IfxCanxl.h **** {
 897:../Libraries/iLLD/TC4xx/Tricore/Canxl/Std/IfxCanxl.h ****     IfxCanxl_TxDescr5_SW_Bits SW;       /**< \brief Managed by Software */
 898:../Libraries/iLLD/TC4xx/Tricore/Canxl/Std/IfxCanxl.h ****     IfxCanxl_TxDescr5_MH_Bits MH;       /**< \brief Managed by Message Handler */
 899:../Libraries/iLLD/TC4xx/Tricore/Canxl/Std/IfxCanxl.h ****     uint32                    U;        /**< \brief Unsigned Access */
 900:../Libraries/iLLD/TC4xx/Tricore/Canxl/Std/IfxCanxl.h **** } IfxCanxl_TxDescr5;
 901:../Libraries/iLLD/TC4xx/Tricore/Canxl/Std/IfxCanxl.h **** 
 902:../Libraries/iLLD/TC4xx/Tricore/Canxl/Std/IfxCanxl.h **** /** \brief TX Descriptor Element 6
 903:../Libraries/iLLD/TC4xx/Tricore/Canxl/Std/IfxCanxl.h ****  */
 904:../Libraries/iLLD/TC4xx/Tricore/Canxl/Std/IfxCanxl.h **** typedef union
 905:../Libraries/iLLD/TC4xx/Tricore/Canxl/Std/IfxCanxl.h **** {
 906:../Libraries/iLLD/TC4xx/Tricore/Canxl/Std/IfxCanxl.h ****     IfxCanxl_TxDescr6_SW_Bits SW;       /**< \brief Managed by Software */
 907:../Libraries/iLLD/TC4xx/Tricore/Canxl/Std/IfxCanxl.h ****     IfxCanxl_TxDescr6_MH_Bits MH;       /**< \brief Managed by Message Handler */
 908:../Libraries/iLLD/TC4xx/Tricore/Canxl/Std/IfxCanxl.h ****     uint32                    U;        /**< \brief Unsigned Access */
 909:../Libraries/iLLD/TC4xx/Tricore/Canxl/Std/IfxCanxl.h **** } IfxCanxl_TxDescr6;
 910:../Libraries/iLLD/TC4xx/Tricore/Canxl/Std/IfxCanxl.h **** 
 911:../Libraries/iLLD/TC4xx/Tricore/Canxl/Std/IfxCanxl.h **** /** \brief TX Descriptor Element 7
 912:../Libraries/iLLD/TC4xx/Tricore/Canxl/Std/IfxCanxl.h ****  */
 913:../Libraries/iLLD/TC4xx/Tricore/Canxl/Std/IfxCanxl.h **** typedef union
 914:../Libraries/iLLD/TC4xx/Tricore/Canxl/Std/IfxCanxl.h **** {
 915:../Libraries/iLLD/TC4xx/Tricore/Canxl/Std/IfxCanxl.h ****     IfxCanxl_TxDescr7_SW_Bits SW;       /**< \brief Managed by Software */
 916:../Libraries/iLLD/TC4xx/Tricore/Canxl/Std/IfxCanxl.h ****     IfxCanxl_TxDescr7_MH_Bits MH;       /**< \brief Managed by Message Handler */
 917:../Libraries/iLLD/TC4xx/Tricore/Canxl/Std/IfxCanxl.h ****     uint32                    U;        /**< \brief Unsigned Access */
 918:../Libraries/iLLD/TC4xx/Tricore/Canxl/Std/IfxCanxl.h **** } IfxCanxl_TxDescr7;
 919:../Libraries/iLLD/TC4xx/Tricore/Canxl/Std/IfxCanxl.h **** 
 920:../Libraries/iLLD/TC4xx/Tricore/Canxl/Std/IfxCanxl.h **** /** \} */
 921:../Libraries/iLLD/TC4xx/Tricore/Canxl/Std/IfxCanxl.h **** 
 922:../Libraries/iLLD/TC4xx/Tricore/Canxl/Std/IfxCanxl.h **** /** \addtogroup IfxLld_Canxl_Std_Structures_Rx_Descriptors
 923:../Libraries/iLLD/TC4xx/Tricore/Canxl/Std/IfxCanxl.h ****  * \{ */
 924:../Libraries/iLLD/TC4xx/Tricore/Canxl/Std/IfxCanxl.h **** /** \brief RX Descriptor Element 0
 925:../Libraries/iLLD/TC4xx/Tricore/Canxl/Std/IfxCanxl.h ****  */
 926:../Libraries/iLLD/TC4xx/Tricore/Canxl/Std/IfxCanxl.h **** typedef union
 927:../Libraries/iLLD/TC4xx/Tricore/Canxl/Std/IfxCanxl.h **** {
 928:../Libraries/iLLD/TC4xx/Tricore/Canxl/Std/IfxCanxl.h ****     IfxCanxl_RxDescr0_SW_Bits SW;       /**< \brief Managed by Software */
 929:../Libraries/iLLD/TC4xx/Tricore/Canxl/Std/IfxCanxl.h ****     IfxCanxl_RxDescr0_MH_Bits MH;       /**< \brief Managed by Message Handler */
 930:../Libraries/iLLD/TC4xx/Tricore/Canxl/Std/IfxCanxl.h ****     uint32                    U;        /**< \brief Unsigned Access */
 931:../Libraries/iLLD/TC4xx/Tricore/Canxl/Std/IfxCanxl.h **** } IfxCanxl_RxDescr0;
 932:../Libraries/iLLD/TC4xx/Tricore/Canxl/Std/IfxCanxl.h **** 
 933:../Libraries/iLLD/TC4xx/Tricore/Canxl/Std/IfxCanxl.h **** /** \brief RX Descriptor Element 1
 934:../Libraries/iLLD/TC4xx/Tricore/Canxl/Std/IfxCanxl.h ****  */
 935:../Libraries/iLLD/TC4xx/Tricore/Canxl/Std/IfxCanxl.h **** typedef union
 936:../Libraries/iLLD/TC4xx/Tricore/Canxl/Std/IfxCanxl.h **** {
 937:../Libraries/iLLD/TC4xx/Tricore/Canxl/Std/IfxCanxl.h ****     IfxCanxl_RxDescr1_SW_Bits SW;       /**< \brief Managed by Software */
 938:../Libraries/iLLD/TC4xx/Tricore/Canxl/Std/IfxCanxl.h ****     IfxCanxl_RxDescr1_MH_Bits MH;       /**< \brief Managed by Message Handler */
 939:../Libraries/iLLD/TC4xx/Tricore/Canxl/Std/IfxCanxl.h ****     uint32                    U;        /**< \brief Unsigned Access */
 940:../Libraries/iLLD/TC4xx/Tricore/Canxl/Std/IfxCanxl.h **** } IfxCanxl_RxDescr1;
 941:../Libraries/iLLD/TC4xx/Tricore/Canxl/Std/IfxCanxl.h **** 
 942:../Libraries/iLLD/TC4xx/Tricore/Canxl/Std/IfxCanxl.h **** /** \brief RX Descriptor Element 2
 943:../Libraries/iLLD/TC4xx/Tricore/Canxl/Std/IfxCanxl.h ****  */
 944:../Libraries/iLLD/TC4xx/Tricore/Canxl/Std/IfxCanxl.h **** typedef union
 945:../Libraries/iLLD/TC4xx/Tricore/Canxl/Std/IfxCanxl.h **** {
 946:../Libraries/iLLD/TC4xx/Tricore/Canxl/Std/IfxCanxl.h ****     IfxCanxl_RxDescr2_SW_Bits SW;       /**< \brief Managed by Software */
 947:../Libraries/iLLD/TC4xx/Tricore/Canxl/Std/IfxCanxl.h ****     IfxCanxl_RxDescr2_MH_Bits MH;       /**< \brief Managed by Message Handler */
 948:../Libraries/iLLD/TC4xx/Tricore/Canxl/Std/IfxCanxl.h ****     uint32                    U;        /**< \brief Unsigned Access */
 949:../Libraries/iLLD/TC4xx/Tricore/Canxl/Std/IfxCanxl.h **** } IfxCanxl_RxDescr2;
 950:../Libraries/iLLD/TC4xx/Tricore/Canxl/Std/IfxCanxl.h **** 
 951:../Libraries/iLLD/TC4xx/Tricore/Canxl/Std/IfxCanxl.h **** /** \brief RX Descriptor Element 3
 952:../Libraries/iLLD/TC4xx/Tricore/Canxl/Std/IfxCanxl.h ****  */
 953:../Libraries/iLLD/TC4xx/Tricore/Canxl/Std/IfxCanxl.h **** typedef union
 954:../Libraries/iLLD/TC4xx/Tricore/Canxl/Std/IfxCanxl.h **** {
 955:../Libraries/iLLD/TC4xx/Tricore/Canxl/Std/IfxCanxl.h ****     IfxCanxl_RxDescr3_SW_Bits SW;       /**< \brief Managed by Software */
 956:../Libraries/iLLD/TC4xx/Tricore/Canxl/Std/IfxCanxl.h ****     IfxCanxl_RxDescr3_MH_Bits MH;       /**< \brief Managed by Message Handler */
 957:../Libraries/iLLD/TC4xx/Tricore/Canxl/Std/IfxCanxl.h ****     uint32                    U;        /**< \brief Unsigned Access */
 958:../Libraries/iLLD/TC4xx/Tricore/Canxl/Std/IfxCanxl.h **** } IfxCanxl_RxDescr3;
 959:../Libraries/iLLD/TC4xx/Tricore/Canxl/Std/IfxCanxl.h **** 
 960:../Libraries/iLLD/TC4xx/Tricore/Canxl/Std/IfxCanxl.h **** /** \} */
 961:../Libraries/iLLD/TC4xx/Tricore/Canxl/Std/IfxCanxl.h **** 
 962:../Libraries/iLLD/TC4xx/Tricore/Canxl/Std/IfxCanxl.h **** /** \addtogroup IfxLld_Canxl_Std_Structures_Tx_Header
 963:../Libraries/iLLD/TC4xx/Tricore/Canxl/Std/IfxCanxl.h ****  * \{ */
 964:../Libraries/iLLD/TC4xx/Tricore/Canxl/Std/IfxCanxl.h **** /** \brief CAN Classical TX Header 0
 965:../Libraries/iLLD/TC4xx/Tricore/Canxl/Std/IfxCanxl.h ****  */
 966:../Libraries/iLLD/TC4xx/Tricore/Canxl/Std/IfxCanxl.h **** typedef union
 967:../Libraries/iLLD/TC4xx/Tricore/Canxl/Std/IfxCanxl.h **** {
 968:../Libraries/iLLD/TC4xx/Tricore/Canxl/Std/IfxCanxl.h ****     IfxCanxl_ClassicalTxHeader0_Bits B;       /**< \brief Bitwise access */
 969:../Libraries/iLLD/TC4xx/Tricore/Canxl/Std/IfxCanxl.h ****     uint32                           U;       /**< \brief Unsigned access */
 970:../Libraries/iLLD/TC4xx/Tricore/Canxl/Std/IfxCanxl.h **** } IfxCanxl_ClassicalTxHeader0;
 971:../Libraries/iLLD/TC4xx/Tricore/Canxl/Std/IfxCanxl.h **** 
 972:../Libraries/iLLD/TC4xx/Tricore/Canxl/Std/IfxCanxl.h **** /** \brief CAN Classical TX Header 1
 973:../Libraries/iLLD/TC4xx/Tricore/Canxl/Std/IfxCanxl.h ****  */
 974:../Libraries/iLLD/TC4xx/Tricore/Canxl/Std/IfxCanxl.h **** typedef union
 975:../Libraries/iLLD/TC4xx/Tricore/Canxl/Std/IfxCanxl.h **** {
 976:../Libraries/iLLD/TC4xx/Tricore/Canxl/Std/IfxCanxl.h ****     IfxCanxl_ClassicalTxHeader1_Bits B;       /**< \brief Bitwise access */
 977:../Libraries/iLLD/TC4xx/Tricore/Canxl/Std/IfxCanxl.h ****     uint32                           U;       /**< \brief Unsigned access */
 978:../Libraries/iLLD/TC4xx/Tricore/Canxl/Std/IfxCanxl.h **** } IfxCanxl_ClassicalTxHeader1;
 979:../Libraries/iLLD/TC4xx/Tricore/Canxl/Std/IfxCanxl.h **** 
 980:../Libraries/iLLD/TC4xx/Tricore/Canxl/Std/IfxCanxl.h **** /** \brief CAN FD TX Header 0
 981:../Libraries/iLLD/TC4xx/Tricore/Canxl/Std/IfxCanxl.h ****  */
 982:../Libraries/iLLD/TC4xx/Tricore/Canxl/Std/IfxCanxl.h **** typedef union
 983:../Libraries/iLLD/TC4xx/Tricore/Canxl/Std/IfxCanxl.h **** {
 984:../Libraries/iLLD/TC4xx/Tricore/Canxl/Std/IfxCanxl.h ****     IfxCanxl_FdTxHeader0_Bits B;       /**< \brief Bitwise access */
 985:../Libraries/iLLD/TC4xx/Tricore/Canxl/Std/IfxCanxl.h ****     uint32                    U;       /**< \brief Unsigned access */
 986:../Libraries/iLLD/TC4xx/Tricore/Canxl/Std/IfxCanxl.h **** } IfxCanxl_FdTxHeader0;
 987:../Libraries/iLLD/TC4xx/Tricore/Canxl/Std/IfxCanxl.h **** 
 988:../Libraries/iLLD/TC4xx/Tricore/Canxl/Std/IfxCanxl.h **** /** \brief CAN FD TX Header 1
 989:../Libraries/iLLD/TC4xx/Tricore/Canxl/Std/IfxCanxl.h ****  */
 990:../Libraries/iLLD/TC4xx/Tricore/Canxl/Std/IfxCanxl.h **** typedef union
 991:../Libraries/iLLD/TC4xx/Tricore/Canxl/Std/IfxCanxl.h **** {
 992:../Libraries/iLLD/TC4xx/Tricore/Canxl/Std/IfxCanxl.h ****     IfxCanxl_FdTxHeader1_Bits B;       /**< \brief Bitwise access */
 993:../Libraries/iLLD/TC4xx/Tricore/Canxl/Std/IfxCanxl.h ****     uint32                    U;       /**< \brief Unsigned access */
 994:../Libraries/iLLD/TC4xx/Tricore/Canxl/Std/IfxCanxl.h **** } IfxCanxl_FdTxHeader1;
 995:../Libraries/iLLD/TC4xx/Tricore/Canxl/Std/IfxCanxl.h **** 
 996:../Libraries/iLLD/TC4xx/Tricore/Canxl/Std/IfxCanxl.h **** /** \brief CAN XL TX Header 0
 997:../Libraries/iLLD/TC4xx/Tricore/Canxl/Std/IfxCanxl.h ****  */
 998:../Libraries/iLLD/TC4xx/Tricore/Canxl/Std/IfxCanxl.h **** typedef union
 999:../Libraries/iLLD/TC4xx/Tricore/Canxl/Std/IfxCanxl.h **** {
1000:../Libraries/iLLD/TC4xx/Tricore/Canxl/Std/IfxCanxl.h ****     IfxCanxl_XlTxHeader0_Bits B;       /**< \brief Bitwise access */
1001:../Libraries/iLLD/TC4xx/Tricore/Canxl/Std/IfxCanxl.h ****     uint32                    U;       /**< \brief Unsigned access */
1002:../Libraries/iLLD/TC4xx/Tricore/Canxl/Std/IfxCanxl.h **** } IfxCanxl_XlTxHeader0;
1003:../Libraries/iLLD/TC4xx/Tricore/Canxl/Std/IfxCanxl.h **** 
1004:../Libraries/iLLD/TC4xx/Tricore/Canxl/Std/IfxCanxl.h **** /** \brief CAN XL TX Header 1
1005:../Libraries/iLLD/TC4xx/Tricore/Canxl/Std/IfxCanxl.h ****  */
1006:../Libraries/iLLD/TC4xx/Tricore/Canxl/Std/IfxCanxl.h **** typedef union
1007:../Libraries/iLLD/TC4xx/Tricore/Canxl/Std/IfxCanxl.h **** {
1008:../Libraries/iLLD/TC4xx/Tricore/Canxl/Std/IfxCanxl.h ****     IfxCanxl_XlTxHeader1_Bits B;       /**< \brief Bitwise access */
1009:../Libraries/iLLD/TC4xx/Tricore/Canxl/Std/IfxCanxl.h ****     uint32                    U;       /**< \brief Unsigned access */
1010:../Libraries/iLLD/TC4xx/Tricore/Canxl/Std/IfxCanxl.h **** } IfxCanxl_XlTxHeader1;
1011:../Libraries/iLLD/TC4xx/Tricore/Canxl/Std/IfxCanxl.h **** 
1012:../Libraries/iLLD/TC4xx/Tricore/Canxl/Std/IfxCanxl.h **** /** \brief CAN XL TX Header 2
1013:../Libraries/iLLD/TC4xx/Tricore/Canxl/Std/IfxCanxl.h ****  */
1014:../Libraries/iLLD/TC4xx/Tricore/Canxl/Std/IfxCanxl.h **** typedef union
1015:../Libraries/iLLD/TC4xx/Tricore/Canxl/Std/IfxCanxl.h **** {
1016:../Libraries/iLLD/TC4xx/Tricore/Canxl/Std/IfxCanxl.h ****     IfxCanxl_XlTxHeader2_Bits B;       /**< \brief Bitwise access */
1017:../Libraries/iLLD/TC4xx/Tricore/Canxl/Std/IfxCanxl.h ****     uint32                    U;       /**< \brief Unsigned access */
1018:../Libraries/iLLD/TC4xx/Tricore/Canxl/Std/IfxCanxl.h **** } IfxCanxl_XlTxHeader2;
1019:../Libraries/iLLD/TC4xx/Tricore/Canxl/Std/IfxCanxl.h **** 
1020:../Libraries/iLLD/TC4xx/Tricore/Canxl/Std/IfxCanxl.h **** /** \} */
1021:../Libraries/iLLD/TC4xx/Tricore/Canxl/Std/IfxCanxl.h **** 
1022:../Libraries/iLLD/TC4xx/Tricore/Canxl/Std/IfxCanxl.h **** /** \addtogroup IfxLld_Canxl_Std_Structures
1023:../Libraries/iLLD/TC4xx/Tricore/Canxl/Std/IfxCanxl.h ****  * \{ */
1024:../Libraries/iLLD/TC4xx/Tricore/Canxl/Std/IfxCanxl.h **** /** \brief PROT and APU configuration structure for CAN-XL
1025:../Libraries/iLLD/TC4xx/Tricore/Canxl/Std/IfxCanxl.h ****  */
1026:../Libraries/iLLD/TC4xx/Tricore/Canxl/Std/IfxCanxl.h **** typedef struct
1027:../Libraries/iLLD/TC4xx/Tricore/Canxl/Std/IfxCanxl.h **** {
1028:../Libraries/iLLD/TC4xx/Tricore/Canxl/Std/IfxCanxl.h ****     IfxApProt_ProtConfig proteConfig;          /**< \brief PROTE configurations */
1029:../Libraries/iLLD/TC4xx/Tricore/Canxl/Std/IfxCanxl.h ****     IfxApProt_ProtConfig protseConfig;         /**< \brief PROTSE Configuration */
1030:../Libraries/iLLD/TC4xx/Tricore/Canxl/Std/IfxCanxl.h ****     IfxApApu_ApuConfig   apuCanxlConfig;       /**< \brief APU Configurations for CAN-XL */
1031:../Libraries/iLLD/TC4xx/Tricore/Canxl/Std/IfxCanxl.h ****     IfxApApu_ApuConfig   apuNode0Config;       /**< \brief APU Configurations for Node 0 */
1032:../Libraries/iLLD/TC4xx/Tricore/Canxl/Std/IfxCanxl.h ****     IfxApApu_ApuConfig   apuNode1Config;       /**< \brief APU Configurations for Node 1 */
1033:../Libraries/iLLD/TC4xx/Tricore/Canxl/Std/IfxCanxl.h **** #if IFXCANXL_NUM_NODES > 2	
1034:../Libraries/iLLD/TC4xx/Tricore/Canxl/Std/IfxCanxl.h ****     IfxApApu_ApuConfig   apuNode2Config;       /**< \brief APU Configurations for Node 2 */
1035:../Libraries/iLLD/TC4xx/Tricore/Canxl/Std/IfxCanxl.h ****     IfxApApu_ApuConfig   apuNode3Config;       /**< \brief APU Configurations for Node 3 */
1036:../Libraries/iLLD/TC4xx/Tricore/Canxl/Std/IfxCanxl.h **** #endif  /* #if IFXCANXL_NUM_NODES > 2 */
1037:../Libraries/iLLD/TC4xx/Tricore/Canxl/Std/IfxCanxl.h **** } IfxCanxl_ApConfig;
1038:../Libraries/iLLD/TC4xx/Tricore/Canxl/Std/IfxCanxl.h **** 
1039:../Libraries/iLLD/TC4xx/Tricore/Canxl/Std/IfxCanxl.h **** /** \brief configuration structure for CANXL RX filter global settings
1040:../Libraries/iLLD/TC4xx/Tricore/Canxl/Std/IfxCanxl.h ****  */
1041:../Libraries/iLLD/TC4xx/Tricore/Canxl/Std/IfxCanxl.h **** typedef struct
1042:../Libraries/iLLD/TC4xx/Tricore/Canxl/Std/IfxCanxl.h **** {
1043:../Libraries/iLLD/TC4xx/Tricore/Canxl/Std/IfxCanxl.h ****     boolean                 acceptNoMatch;                 /**< \brief TRUE: Msg frames on no match
1044:../Libraries/iLLD/TC4xx/Tricore/Canxl/Std/IfxCanxl.h ****     boolean                 acceptNonFilterFrames;         /**< \brief TRUE: Msg frames which are n
1045:../Libraries/iLLD/TC4xx/Tricore/Canxl/Std/IfxCanxl.h ****     uint8                   numRxFilterElements;           /**< \brief Configure the number of RX f
1046:../Libraries/iLLD/TC4xx/Tricore/Canxl/Std/IfxCanxl.h ****     IfxCanxl_RxDmaFifoLevel thresholdRxDmaFifolevel;       /**< \brief 5-bit value to specify the t
1047:../Libraries/iLLD/TC4xx/Tricore/Canxl/Std/IfxCanxl.h ****     IfxCanxl_RxFifoQueue    defaultRxQueueNum;             /**< \brief Configure the default RX que
1048:../Libraries/iLLD/TC4xx/Tricore/Canxl/Std/IfxCanxl.h **** } IfxCanxl_Can_RxFilterGlobalConfig;
1049:../Libraries/iLLD/TC4xx/Tricore/Canxl/Std/IfxCanxl.h **** 
1050:../Libraries/iLLD/TC4xx/Tricore/Canxl/Std/IfxCanxl.h **** /** \brief Configuration structure for CAN-FD/CAN-XL Data phase
1051:../Libraries/iLLD/TC4xx/Tricore/Canxl/Std/IfxCanxl.h ****  */
1052:../Libraries/iLLD/TC4xx/Tricore/Canxl/Std/IfxCanxl.h **** typedef struct
1053:../Libraries/iLLD/TC4xx/Tricore/Canxl/Std/IfxCanxl.h **** {
1054:../Libraries/iLLD/TC4xx/Tricore/Canxl/Std/IfxCanxl.h ****     uint32 baudrate;            /**< \brief Baud rate. Unit: baud(bits per second). Max value: 8Mbp
1055:../Libraries/iLLD/TC4xx/Tricore/Canxl/Std/IfxCanxl.h ****     uint16 samplePoint;         /**< \brief Specifies the sample point. Range = [0, 10000] resp. [0
1056:../Libraries/iLLD/TC4xx/Tricore/Canxl/Std/IfxCanxl.h ****     uint8  syncJumpWidth;       /**< \brief Specifies the re-synchronization jump width. Range: 0x0
1057:../Libraries/iLLD/TC4xx/Tricore/Canxl/Std/IfxCanxl.h ****     uint8  delayOffset;         /**< \brief Transmitter Delay Compensation Offset for FD/XL frames.
1058:../Libraries/iLLD/TC4xx/Tricore/Canxl/Std/IfxCanxl.h **** } IfxCanxl_DataBaudrateConfig;
1059:../Libraries/iLLD/TC4xx/Tricore/Canxl/Std/IfxCanxl.h **** 
1060:../Libraries/iLLD/TC4xx/Tricore/Canxl/Std/IfxCanxl.h **** /** \brief Configuration structure for registers Ni_DBTP or Ni_XBTP
1061:../Libraries/iLLD/TC4xx/Tricore/Canxl/Std/IfxCanxl.h ****  */
1062:../Libraries/iLLD/TC4xx/Tricore/Canxl/Std/IfxCanxl.h **** typedef struct
1063:../Libraries/iLLD/TC4xx/Tricore/Canxl/Std/IfxCanxl.h **** {
1064:../Libraries/iLLD/TC4xx/Tricore/Canxl/Std/IfxCanxl.h ****     uint8 syncJumpWidth;       /**< \brief Synchronization Jump Width
1065:../Libraries/iLLD/TC4xx/Tricore/Canxl/Std/IfxCanxl.h ****                                 * Valid values: 0x00-0x7F | Actual interpretation by HW: FD data ph
1066:../Libraries/iLLD/TC4xx/Tricore/Canxl/Std/IfxCanxl.h ****     uint8 timeSegment2;        /**< \brief Time segment after sample point. Defines the length of P
1067:../Libraries/iLLD/TC4xx/Tricore/Canxl/Std/IfxCanxl.h ****                                 * Valid values: 0x01-0x7F | Actual interpretation by HW: (timeSegme
1068:../Libraries/iLLD/TC4xx/Tricore/Canxl/Std/IfxCanxl.h ****     uint8 timeSegment1;        /**< \brief Time segment before sample point. Defines the sum of Pro
1069:../Libraries/iLLD/TC4xx/Tricore/Canxl/Std/IfxCanxl.h ****                                 * Valid values: 0x00-0xFF | Actual interpretation by HW: (timeSegme
1070:../Libraries/iLLD/TC4xx/Tricore/Canxl/Std/IfxCanxl.h ****     uint8 delayOffset;         /**< \brief Transmitter Delay Compensation Offset for FD frames. Def
1071:../Libraries/iLLD/TC4xx/Tricore/Canxl/Std/IfxCanxl.h ****                                 * from CAN_TX to CAN_RX and the secondary sample point SSP, measure
1072:../Libraries/iLLD/TC4xx/Tricore/Canxl/Std/IfxCanxl.h **** } IfxCanxl_DataBaudrateRegConfig;
1073:../Libraries/iLLD/TC4xx/Tricore/Canxl/Std/IfxCanxl.h **** 
1074:../Libraries/iLLD/TC4xx/Tricore/Canxl/Std/IfxCanxl.h **** /** \brief Configuration structure for Nominal/Arbitration phase or Classical CAN frames
1075:../Libraries/iLLD/TC4xx/Tricore/Canxl/Std/IfxCanxl.h ****  */
1076:../Libraries/iLLD/TC4xx/Tricore/Canxl/Std/IfxCanxl.h **** typedef struct
1077:../Libraries/iLLD/TC4xx/Tricore/Canxl/Std/IfxCanxl.h **** {
1078:../Libraries/iLLD/TC4xx/Tricore/Canxl/Std/IfxCanxl.h ****     uint32 baudrate;            /**< \brief Baud rate. Unit: baud(bits per second). Max value: 1Mbp
1079:../Libraries/iLLD/TC4xx/Tricore/Canxl/Std/IfxCanxl.h ****     uint16 samplePoint;         /**< \brief Specifies the sample point. Range = [0, 10000] resp. [0
1080:../Libraries/iLLD/TC4xx/Tricore/Canxl/Std/IfxCanxl.h ****     uint8  syncJumpWidth;       /**< \brief Specifies the re-synchronization jump width. Range: 0x0
1081:../Libraries/iLLD/TC4xx/Tricore/Canxl/Std/IfxCanxl.h **** } IfxCanxl_NominalBaudrateConfig;
1082:../Libraries/iLLD/TC4xx/Tricore/Canxl/Std/IfxCanxl.h **** 
1083:../Libraries/iLLD/TC4xx/Tricore/Canxl/Std/IfxCanxl.h **** /** \brief Configuration structure for register Ni_NBTP
1084:../Libraries/iLLD/TC4xx/Tricore/Canxl/Std/IfxCanxl.h ****  */
1085:../Libraries/iLLD/TC4xx/Tricore/Canxl/Std/IfxCanxl.h **** typedef struct
1086:../Libraries/iLLD/TC4xx/Tricore/Canxl/Std/IfxCanxl.h **** {
1087:../Libraries/iLLD/TC4xx/Tricore/Canxl/Std/IfxCanxl.h ****     uint8  syncJumpWidth;       /**< \brief Synchronization Jump Width.
1088:../Libraries/iLLD/TC4xx/Tricore/Canxl/Std/IfxCanxl.h ****                                  * Valid values: 0x00-0x7F | Actual interpretation by HW: Nominal S
1089:../Libraries/iLLD/TC4xx/Tricore/Canxl/Std/IfxCanxl.h ****     uint8  timeSegment2;        /**< \brief Time segment after sample point. Defines the length of 
1090:../Libraries/iLLD/TC4xx/Tricore/Canxl/Std/IfxCanxl.h ****                                  * Valid values: 0x01-0x7F | Actual interpretation by HW: (timeSegm
1091:../Libraries/iLLD/TC4xx/Tricore/Canxl/Std/IfxCanxl.h ****     uint16 timeSegment1;        /**< \brief Time segment before sample point. Defines the sum of Pr
1092:../Libraries/iLLD/TC4xx/Tricore/Canxl/Std/IfxCanxl.h ****                                  * Valid values: 0x01-0x1FF | Actual interpretation by HW: (timeSeg
1093:../Libraries/iLLD/TC4xx/Tricore/Canxl/Std/IfxCanxl.h ****     uint8  prescaler;           /**< \brief Baud Rate Prescaler. Defines the length of the Time Qua
1094:../Libraries/iLLD/TC4xx/Tricore/Canxl/Std/IfxCanxl.h ****                                  * Valid values: 0x00-0x1F | Actual interpretation by HW: TQ is (pr
1095:../Libraries/iLLD/TC4xx/Tricore/Canxl/Std/IfxCanxl.h **** } IfxCanxl_NominalBaudrateRegConfig;
1096:../Libraries/iLLD/TC4xx/Tricore/Canxl/Std/IfxCanxl.h **** 
1097:../Libraries/iLLD/TC4xx/Tricore/Canxl/Std/IfxCanxl.h **** /** \brief RX filter element
1098:../Libraries/iLLD/TC4xx/Tricore/Canxl/Std/IfxCanxl.h ****  */
1099:../Libraries/iLLD/TC4xx/Tricore/Canxl/Std/IfxCanxl.h **** typedef union
1100:../Libraries/iLLD/TC4xx/Tricore/Canxl/Std/IfxCanxl.h **** {
1101:../Libraries/iLLD/TC4xx/Tricore/Canxl/Std/IfxCanxl.h ****     IfxCanxl_RxFilterElement_Bits B;       /**< \brief Bitfield access */
1102:../Libraries/iLLD/TC4xx/Tricore/Canxl/Std/IfxCanxl.h ****     uint32                        U;       /**< \brief Unsigned access */
1103:../Libraries/iLLD/TC4xx/Tricore/Canxl/Std/IfxCanxl.h **** } IfxCanxl_RxFilterElement;
1104:../Libraries/iLLD/TC4xx/Tricore/Canxl/Std/IfxCanxl.h **** 
1105:../Libraries/iLLD/TC4xx/Tricore/Canxl/Std/IfxCanxl.h **** /** \brief Node APU configuration structure for CAN-XL
1106:../Libraries/iLLD/TC4xx/Tricore/Canxl/Std/IfxCanxl.h ****  */
1107:../Libraries/iLLD/TC4xx/Tricore/Canxl/Std/IfxCanxl.h **** typedef struct
1108:../Libraries/iLLD/TC4xx/Tricore/Canxl/Std/IfxCanxl.h **** {
1109:../Libraries/iLLD/TC4xx/Tricore/Canxl/Std/IfxCanxl.h ****     boolean         prsEnable;       /**< \brief Protection set PRS Tag ID */
1110:../Libraries/iLLD/TC4xx/Tricore/Canxl/Std/IfxCanxl.h ****     boolean         vmEnable;        /**< \brief Virtual machine Enable True : VM Enabled False : V
1111:../Libraries/iLLD/TC4xx/Tricore/Canxl/Std/IfxCanxl.h ****     IfxApProt_PrsId prsId;           /**< \brief Protection set PRS ID */
1112:../Libraries/iLLD/TC4xx/Tricore/Canxl/Std/IfxCanxl.h ****     IfxApProt_VmId  vmId;            /**< \brief Virtual machine ID */
1113:../Libraries/iLLD/TC4xx/Tricore/Canxl/Std/IfxCanxl.h **** } IfxCanxl_nodeApuConfig;
1114:../Libraries/iLLD/TC4xx/Tricore/Canxl/Std/IfxCanxl.h **** 
1115:../Libraries/iLLD/TC4xx/Tricore/Canxl/Std/IfxCanxl.h **** /** \} */
1116:../Libraries/iLLD/TC4xx/Tricore/Canxl/Std/IfxCanxl.h **** 
1117:../Libraries/iLLD/TC4xx/Tricore/Canxl/Std/IfxCanxl.h **** /** \addtogroup IfxLld_Canxl_Std_Structures_Rx_Header
1118:../Libraries/iLLD/TC4xx/Tricore/Canxl/Std/IfxCanxl.h ****  * \{ */
1119:../Libraries/iLLD/TC4xx/Tricore/Canxl/Std/IfxCanxl.h **** /** \brief CAN RX Header
1120:../Libraries/iLLD/TC4xx/Tricore/Canxl/Std/IfxCanxl.h ****  */
1121:../Libraries/iLLD/TC4xx/Tricore/Canxl/Std/IfxCanxl.h **** typedef union
1122:../Libraries/iLLD/TC4xx/Tricore/Canxl/Std/IfxCanxl.h **** {
1123:../Libraries/iLLD/TC4xx/Tricore/Canxl/Std/IfxCanxl.h ****     IfxCanxl_ClassicalRxHeader cl;       /**< \brief Classic CAN header */
1124:../Libraries/iLLD/TC4xx/Tricore/Canxl/Std/IfxCanxl.h ****     IfxCanxl_FdRxHeader        fd;       /**< \brief CAN-FD header */
1125:../Libraries/iLLD/TC4xx/Tricore/Canxl/Std/IfxCanxl.h ****     IfxCanxl_XlRxHeader        xl;       /**< \brief CAN-XL header */
1126:../Libraries/iLLD/TC4xx/Tricore/Canxl/Std/IfxCanxl.h **** } IfxCanxl_RxHeader;
1127:../Libraries/iLLD/TC4xx/Tricore/Canxl/Std/IfxCanxl.h **** 
1128:../Libraries/iLLD/TC4xx/Tricore/Canxl/Std/IfxCanxl.h **** /** \} */
1129:../Libraries/iLLD/TC4xx/Tricore/Canxl/Std/IfxCanxl.h **** 
1130:../Libraries/iLLD/TC4xx/Tricore/Canxl/Std/IfxCanxl.h **** /** \addtogroup IfxLld_Canxl_Std_Structures_Tx_Descriptors
1131:../Libraries/iLLD/TC4xx/Tricore/Canxl/Std/IfxCanxl.h ****  * \{ */
1132:../Libraries/iLLD/TC4xx/Tricore/Canxl/Std/IfxCanxl.h **** /** \brief TX Descriptor
1133:../Libraries/iLLD/TC4xx/Tricore/Canxl/Std/IfxCanxl.h ****  */
1134:../Libraries/iLLD/TC4xx/Tricore/Canxl/Std/IfxCanxl.h **** typedef struct
1135:../Libraries/iLLD/TC4xx/Tricore/Canxl/Std/IfxCanxl.h **** {
1136:../Libraries/iLLD/TC4xx/Tricore/Canxl/Std/IfxCanxl.h ****     IfxCanxl_TxDescr0 TXDES0;       /**< \brief TX Descriptor DWORD 0 */
1137:../Libraries/iLLD/TC4xx/Tricore/Canxl/Std/IfxCanxl.h ****     IfxCanxl_TxDescr1 TXDES1;       /**< \brief TX Descriptor DWORD 1 */
1138:../Libraries/iLLD/TC4xx/Tricore/Canxl/Std/IfxCanxl.h ****     IfxCanxl_TxDescr2 TXDES2;       /**< \brief TX Descriptor DWORD 2 */
1139:../Libraries/iLLD/TC4xx/Tricore/Canxl/Std/IfxCanxl.h ****     IfxCanxl_TxDescr3 TXDES3;       /**< \brief TX Descriptor DWORD 3 */
1140:../Libraries/iLLD/TC4xx/Tricore/Canxl/Std/IfxCanxl.h ****     IfxCanxl_TxDescr4 TXDES4;       /**< \brief TX Descriptor DWORD 4 */
1141:../Libraries/iLLD/TC4xx/Tricore/Canxl/Std/IfxCanxl.h ****     IfxCanxl_TxDescr5 TXDES5;       /**< \brief TX Descriptor DWORD 5 */
1142:../Libraries/iLLD/TC4xx/Tricore/Canxl/Std/IfxCanxl.h ****     IfxCanxl_TxDescr6 TXDES6;       /**< \brief TX Descriptor DWORD 6 */
1143:../Libraries/iLLD/TC4xx/Tricore/Canxl/Std/IfxCanxl.h ****     IfxCanxl_TxDescr7 TXDES7;       /**< \brief TX Descriptor DWORD 7 */
1144:../Libraries/iLLD/TC4xx/Tricore/Canxl/Std/IfxCanxl.h **** } IfxCanxl_TxDescr;
1145:../Libraries/iLLD/TC4xx/Tricore/Canxl/Std/IfxCanxl.h **** 
1146:../Libraries/iLLD/TC4xx/Tricore/Canxl/Std/IfxCanxl.h **** /** \} */
1147:../Libraries/iLLD/TC4xx/Tricore/Canxl/Std/IfxCanxl.h **** 
1148:../Libraries/iLLD/TC4xx/Tricore/Canxl/Std/IfxCanxl.h **** /** \addtogroup IfxLld_Canxl_Std_Structures_Rx_Descriptors
1149:../Libraries/iLLD/TC4xx/Tricore/Canxl/Std/IfxCanxl.h ****  * \{ */
1150:../Libraries/iLLD/TC4xx/Tricore/Canxl/Std/IfxCanxl.h **** /** \brief RX Descriptor
1151:../Libraries/iLLD/TC4xx/Tricore/Canxl/Std/IfxCanxl.h ****  */
1152:../Libraries/iLLD/TC4xx/Tricore/Canxl/Std/IfxCanxl.h **** typedef struct
1153:../Libraries/iLLD/TC4xx/Tricore/Canxl/Std/IfxCanxl.h **** {
1154:../Libraries/iLLD/TC4xx/Tricore/Canxl/Std/IfxCanxl.h ****     IfxCanxl_RxDescr0 RXDES0;       /**< \brief RX Descriptor DWORD 0 */
1155:../Libraries/iLLD/TC4xx/Tricore/Canxl/Std/IfxCanxl.h ****     IfxCanxl_RxDescr1 RXDES1;       /**< \brief RX Descriptor DWORD 1 */
1156:../Libraries/iLLD/TC4xx/Tricore/Canxl/Std/IfxCanxl.h ****     IfxCanxl_RxDescr2 RXDES2;       /**< \brief RX Descriptor DWORD 2 */
1157:../Libraries/iLLD/TC4xx/Tricore/Canxl/Std/IfxCanxl.h ****     IfxCanxl_RxDescr3 RXDES3;       /**< \brief RX Descriptor DWORD 3 */
1158:../Libraries/iLLD/TC4xx/Tricore/Canxl/Std/IfxCanxl.h **** } IfxCanxl_RxDescr;
1159:../Libraries/iLLD/TC4xx/Tricore/Canxl/Std/IfxCanxl.h **** 
1160:../Libraries/iLLD/TC4xx/Tricore/Canxl/Std/IfxCanxl.h **** /** \} */
1161:../Libraries/iLLD/TC4xx/Tricore/Canxl/Std/IfxCanxl.h **** 
1162:../Libraries/iLLD/TC4xx/Tricore/Canxl/Std/IfxCanxl.h **** /** \addtogroup IfxLld_Canxl_Std_Functions
1163:../Libraries/iLLD/TC4xx/Tricore/Canxl/Std/IfxCanxl.h ****  * \{ */
1164:../Libraries/iLLD/TC4xx/Tricore/Canxl/Std/IfxCanxl.h **** 
1165:../Libraries/iLLD/TC4xx/Tricore/Canxl/Std/IfxCanxl.h **** /******************************************************************************/
1166:../Libraries/iLLD/TC4xx/Tricore/Canxl/Std/IfxCanxl.h **** /*-------------------------Inline Function Prototypes-------------------------*/
1167:../Libraries/iLLD/TC4xx/Tricore/Canxl/Std/IfxCanxl.h **** /******************************************************************************/
1168:../Libraries/iLLD/TC4xx/Tricore/Canxl/Std/IfxCanxl.h **** 
1169:../Libraries/iLLD/TC4xx/Tricore/Canxl/Std/IfxCanxl.h **** /** \brief Returns the base address of the selected Node of CAN-XL module
1170:../Libraries/iLLD/TC4xx/Tricore/Canxl/Std/IfxCanxl.h ****  * \param canxl Specifies the pointer to the CAN-XL registers
1171:../Libraries/iLLD/TC4xx/Tricore/Canxl/Std/IfxCanxl.h ****  * \param nodeId Node number of the module
1172:../Libraries/iLLD/TC4xx/Tricore/Canxl/Std/IfxCanxl.h ****  * \return Specifies the pointer to the CAN-XL Node registers
1173:../Libraries/iLLD/TC4xx/Tricore/Canxl/Std/IfxCanxl.h ****  */
1174:../Libraries/iLLD/TC4xx/Tricore/Canxl/Std/IfxCanxl.h **** IFX_INLINE Ifx_CANXL_N *IfxCanxl_getNodePointer(Ifx_CANXL *canxl, IfxCanxl_NodeId nodeId);
1175:../Libraries/iLLD/TC4xx/Tricore/Canxl/Std/IfxCanxl.h **** 
1176:../Libraries/iLLD/TC4xx/Tricore/Canxl/Std/IfxCanxl.h **** /** \brief Returns the status of module enabled or disabled
1177:../Libraries/iLLD/TC4xx/Tricore/Canxl/Std/IfxCanxl.h ****  * \param canxl Specifies the pointer to the CAN-XL registers
1178:../Libraries/iLLD/TC4xx/Tricore/Canxl/Std/IfxCanxl.h ****  * \return Status (TRUE / FALSE)
1179:../Libraries/iLLD/TC4xx/Tricore/Canxl/Std/IfxCanxl.h ****  */
1180:../Libraries/iLLD/TC4xx/Tricore/Canxl/Std/IfxCanxl.h **** IFX_INLINE boolean IfxCanxl_isModuleEnabled(Ifx_CANXL *canxl);
1181:../Libraries/iLLD/TC4xx/Tricore/Canxl/Std/IfxCanxl.h **** 
1182:../Libraries/iLLD/TC4xx/Tricore/Canxl/Std/IfxCanxl.h **** /** \brief Returns the status of CAN-XL node enabled or disabled
1183:../Libraries/iLLD/TC4xx/Tricore/Canxl/Std/IfxCanxl.h ****  * \param canxl Specifies the pointer to the CAN-XL registers
1184:../Libraries/iLLD/TC4xx/Tricore/Canxl/Std/IfxCanxl.h ****  * \param nodeId Node index
1185:../Libraries/iLLD/TC4xx/Tricore/Canxl/Std/IfxCanxl.h ****  * \return Status (TRUE / FALSE)
1186:../Libraries/iLLD/TC4xx/Tricore/Canxl/Std/IfxCanxl.h ****  */
1187:../Libraries/iLLD/TC4xx/Tricore/Canxl/Std/IfxCanxl.h **** IFX_INLINE boolean IfxCanxl_isNodeEnabled(Ifx_CANXL *canxl, IfxCanxl_NodeId nodeId);
1188:../Libraries/iLLD/TC4xx/Tricore/Canxl/Std/IfxCanxl.h **** 
1189:../Libraries/iLLD/TC4xx/Tricore/Canxl/Std/IfxCanxl.h **** /** \brief Configure the Module to Hard/Soft suspend mode.
1190:../Libraries/iLLD/TC4xx/Tricore/Canxl/Std/IfxCanxl.h ****  * \param canxl Specifies the pointer to the CAN-XL registers
1191:../Libraries/iLLD/TC4xx/Tricore/Canxl/Std/IfxCanxl.h ****  * \param mode Module suspend mode
1192:../Libraries/iLLD/TC4xx/Tricore/Canxl/Std/IfxCanxl.h ****  * \return None
1193:../Libraries/iLLD/TC4xx/Tricore/Canxl/Std/IfxCanxl.h ****  */
1194:../Libraries/iLLD/TC4xx/Tricore/Canxl/Std/IfxCanxl.h **** IFX_INLINE void IfxCanxl_setSuspendMode(Ifx_CANXL *canxl, IfxCanxl_SuspendMode mode);
1195:../Libraries/iLLD/TC4xx/Tricore/Canxl/Std/IfxCanxl.h **** 
1196:../Libraries/iLLD/TC4xx/Tricore/Canxl/Std/IfxCanxl.h **** /** \brief Check if module is suspended
1197:../Libraries/iLLD/TC4xx/Tricore/Canxl/Std/IfxCanxl.h ****  * \param canxl Specifies the pointer to the CAN-XL registers
1198:../Libraries/iLLD/TC4xx/Tricore/Canxl/Std/IfxCanxl.h ****  * \return TRUE: Module is suspended. FALSE: Module is not (yet) suspended
1199:../Libraries/iLLD/TC4xx/Tricore/Canxl/Std/IfxCanxl.h ****  */
1200:../Libraries/iLLD/TC4xx/Tricore/Canxl/Std/IfxCanxl.h **** IFX_INLINE boolean IfxCanxl_isModuleSuspended(Ifx_CANXL *canxl);
1201:../Libraries/iLLD/TC4xx/Tricore/Canxl/Std/IfxCanxl.h **** 
1202:../Libraries/iLLD/TC4xx/Tricore/Canxl/Std/IfxCanxl.h **** /** \brief Configure the OTGB Trigger
1203:../Libraries/iLLD/TC4xx/Tricore/Canxl/Std/IfxCanxl.h ****  * \param canxl Specifies the pointer to the CAN-XL registers
1204:../Libraries/iLLD/TC4xx/Tricore/Canxl/Std/IfxCanxl.h ****  * \param triggerSet Trigger set for OTGB0/1
1205:../Libraries/iLLD/TC4xx/Tricore/Canxl/Std/IfxCanxl.h ****  * \param busSelect Select OTGB0/1
1206:../Libraries/iLLD/TC4xx/Tricore/Canxl/Std/IfxCanxl.h ****  * \return None
1207:../Libraries/iLLD/TC4xx/Tricore/Canxl/Std/IfxCanxl.h ****  */
1208:../Libraries/iLLD/TC4xx/Tricore/Canxl/Std/IfxCanxl.h **** IFX_INLINE void IfxCanxl_configureOtgbTrigger(Ifx_CANXL *canxl, IfxCanxl_OtgbTriggerSet triggerSet,
1209:../Libraries/iLLD/TC4xx/Tricore/Canxl/Std/IfxCanxl.h **** 
1210:../Libraries/iLLD/TC4xx/Tricore/Canxl/Std/IfxCanxl.h **** /******************************************************************************/
1211:../Libraries/iLLD/TC4xx/Tricore/Canxl/Std/IfxCanxl.h **** /*-------------------------Global Function Prototypes-------------------------*/
1212:../Libraries/iLLD/TC4xx/Tricore/Canxl/Std/IfxCanxl.h **** /******************************************************************************/
1213:../Libraries/iLLD/TC4xx/Tricore/Canxl/Std/IfxCanxl.h **** 
1214:../Libraries/iLLD/TC4xx/Tricore/Canxl/Std/IfxCanxl.h **** /** \brief Initialize the PROT and APU structures with default configuration
1215:../Libraries/iLLD/TC4xx/Tricore/Canxl/Std/IfxCanxl.h ****  * \param config Configuration pointer for the Access Protection
1216:../Libraries/iLLD/TC4xx/Tricore/Canxl/Std/IfxCanxl.h ****  * \return None
1217:../Libraries/iLLD/TC4xx/Tricore/Canxl/Std/IfxCanxl.h ****  */
1218:../Libraries/iLLD/TC4xx/Tricore/Canxl/Std/IfxCanxl.h **** IFX_EXTERN void IfxCanxl_initApConfig(IfxCanxl_ApConfig *config);
1219:../Libraries/iLLD/TC4xx/Tricore/Canxl/Std/IfxCanxl.h **** 
1220:../Libraries/iLLD/TC4xx/Tricore/Canxl/Std/IfxCanxl.h **** /** \brief Initialize the PROTs and all 5 APU register set
1221:../Libraries/iLLD/TC4xx/Tricore/Canxl/Std/IfxCanxl.h ****  * \param canxl Specifies the pointer to the CAN-XL registers
1222:../Libraries/iLLD/TC4xx/Tricore/Canxl/Std/IfxCanxl.h ****  * \param config Configuration pointer to the AP configuration structure
1223:../Libraries/iLLD/TC4xx/Tricore/Canxl/Std/IfxCanxl.h ****  * \return None
1224:../Libraries/iLLD/TC4xx/Tricore/Canxl/Std/IfxCanxl.h ****  */
1225:../Libraries/iLLD/TC4xx/Tricore/Canxl/Std/IfxCanxl.h **** IFX_EXTERN void IfxCanxl_initAp(Ifx_CANXL *canxl, IfxCanxl_ApConfig *config);
1226:../Libraries/iLLD/TC4xx/Tricore/Canxl/Std/IfxCanxl.h **** 
1227:../Libraries/iLLD/TC4xx/Tricore/Canxl/Std/IfxCanxl.h **** /** \brief Node bus ID APU configuration
1228:../Libraries/iLLD/TC4xx/Tricore/Canxl/Std/IfxCanxl.h ****  * \param canSFR CANXL module pointer
1229:../Libraries/iLLD/TC4xx/Tricore/Canxl/Std/IfxCanxl.h ****  * \param nodeId node index
1230:../Libraries/iLLD/TC4xx/Tricore/Canxl/Std/IfxCanxl.h ****  * \param nodeApuConfig Configuration pointer to the node VM and PRS
1231:../Libraries/iLLD/TC4xx/Tricore/Canxl/Std/IfxCanxl.h ****  * \return None
1232:../Libraries/iLLD/TC4xx/Tricore/Canxl/Std/IfxCanxl.h ****  */
1233:../Libraries/iLLD/TC4xx/Tricore/Canxl/Std/IfxCanxl.h **** IFX_EXTERN void IfxCanxl_nodeBusIdConfig(Ifx_CANXL *canSFR, IfxCanxl_NodeId nodeId, IfxCanxl_nodeAp
1234:../Libraries/iLLD/TC4xx/Tricore/Canxl/Std/IfxCanxl.h **** 
1235:../Libraries/iLLD/TC4xx/Tricore/Canxl/Std/IfxCanxl.h **** /** \brief Disables the module (sets the disable request)
1236:../Libraries/iLLD/TC4xx/Tricore/Canxl/Std/IfxCanxl.h ****  * \param canxl Specifies the pointer to the CAN-XL registers
1237:../Libraries/iLLD/TC4xx/Tricore/Canxl/Std/IfxCanxl.h ****  * \return None
1238:../Libraries/iLLD/TC4xx/Tricore/Canxl/Std/IfxCanxl.h ****  */
1239:../Libraries/iLLD/TC4xx/Tricore/Canxl/Std/IfxCanxl.h **** IFX_EXTERN void IfxCanxl_disableModule(Ifx_CANXL *canxl);
1240:../Libraries/iLLD/TC4xx/Tricore/Canxl/Std/IfxCanxl.h **** 
1241:../Libraries/iLLD/TC4xx/Tricore/Canxl/Std/IfxCanxl.h **** /** \brief Enables the module (clears the disable request)
1242:../Libraries/iLLD/TC4xx/Tricore/Canxl/Std/IfxCanxl.h ****  * \param canxl Specifies the pointer to the CAN-XL registers
1243:../Libraries/iLLD/TC4xx/Tricore/Canxl/Std/IfxCanxl.h ****  * \return None
1244:../Libraries/iLLD/TC4xx/Tricore/Canxl/Std/IfxCanxl.h ****  */
1245:../Libraries/iLLD/TC4xx/Tricore/Canxl/Std/IfxCanxl.h **** IFX_EXTERN void IfxCanxl_enableModule(Ifx_CANXL *canxl);
1246:../Libraries/iLLD/TC4xx/Tricore/Canxl/Std/IfxCanxl.h **** 
1247:../Libraries/iLLD/TC4xx/Tricore/Canxl/Std/IfxCanxl.h **** /** \brief Resets CAN-XL kernel
1248:../Libraries/iLLD/TC4xx/Tricore/Canxl/Std/IfxCanxl.h ****  * \param canxl Pointer to CAN-XL registers
1249:../Libraries/iLLD/TC4xx/Tricore/Canxl/Std/IfxCanxl.h ****  * \return None
1250:../Libraries/iLLD/TC4xx/Tricore/Canxl/Std/IfxCanxl.h ****  */
1251:../Libraries/iLLD/TC4xx/Tricore/Canxl/Std/IfxCanxl.h **** IFX_EXTERN void IfxCanxl_resetModule(Ifx_CANXL *canxl);
1252:../Libraries/iLLD/TC4xx/Tricore/Canxl/Std/IfxCanxl.h **** 
1253:../Libraries/iLLD/TC4xx/Tricore/Canxl/Std/IfxCanxl.h **** /** \brief Resets CAN-XL node kernel
1254:../Libraries/iLLD/TC4xx/Tricore/Canxl/Std/IfxCanxl.h ****  * \param canxl Pointer to CAN-XL registers
1255:../Libraries/iLLD/TC4xx/Tricore/Canxl/Std/IfxCanxl.h ****  * \param nodeId Node index
1256:../Libraries/iLLD/TC4xx/Tricore/Canxl/Std/IfxCanxl.h ****  * \return None
1257:../Libraries/iLLD/TC4xx/Tricore/Canxl/Std/IfxCanxl.h ****  */
1258:../Libraries/iLLD/TC4xx/Tricore/Canxl/Std/IfxCanxl.h **** IFX_EXTERN void IfxCanxl_resetNode(Ifx_CANXL *canxl, IfxCanxl_NodeId nodeId);
1259:../Libraries/iLLD/TC4xx/Tricore/Canxl/Std/IfxCanxl.h **** 
1260:../Libraries/iLLD/TC4xx/Tricore/Canxl/Std/IfxCanxl.h **** /** \brief Enables CAN-XL node clock
1261:../Libraries/iLLD/TC4xx/Tricore/Canxl/Std/IfxCanxl.h ****  * \param canxl Pointer to CAN-XL registers
1262:../Libraries/iLLD/TC4xx/Tricore/Canxl/Std/IfxCanxl.h ****  * \param nodeId Node index
1263:../Libraries/iLLD/TC4xx/Tricore/Canxl/Std/IfxCanxl.h ****  * \return None
1264:../Libraries/iLLD/TC4xx/Tricore/Canxl/Std/IfxCanxl.h ****  */
1265:../Libraries/iLLD/TC4xx/Tricore/Canxl/Std/IfxCanxl.h **** IFX_EXTERN void IfxCanxl_enableNode(Ifx_CANXL *canxl, IfxCanxl_NodeId nodeId);
1266:../Libraries/iLLD/TC4xx/Tricore/Canxl/Std/IfxCanxl.h **** 
1267:../Libraries/iLLD/TC4xx/Tricore/Canxl/Std/IfxCanxl.h **** /** \brief Disables CAN-XL node clock
1268:../Libraries/iLLD/TC4xx/Tricore/Canxl/Std/IfxCanxl.h ****  * \param canxl Pointer to CAN-XL registers
1269:../Libraries/iLLD/TC4xx/Tricore/Canxl/Std/IfxCanxl.h ****  * \param nodeId Node index
1270:../Libraries/iLLD/TC4xx/Tricore/Canxl/Std/IfxCanxl.h ****  * \return None
1271:../Libraries/iLLD/TC4xx/Tricore/Canxl/Std/IfxCanxl.h ****  */
1272:../Libraries/iLLD/TC4xx/Tricore/Canxl/Std/IfxCanxl.h **** IFX_EXTERN void IfxCanxl_disableNode(Ifx_CANXL *canxl, IfxCanxl_NodeId nodeId);
1273:../Libraries/iLLD/TC4xx/Tricore/Canxl/Std/IfxCanxl.h **** 
1274:../Libraries/iLLD/TC4xx/Tricore/Canxl/Std/IfxCanxl.h **** /** \brief Returns the operating frequency of the CAN-XL module
1275:../Libraries/iLLD/TC4xx/Tricore/Canxl/Std/IfxCanxl.h ****  * \return Module Frequency
1276:../Libraries/iLLD/TC4xx/Tricore/Canxl/Std/IfxCanxl.h ****  */
1277:../Libraries/iLLD/TC4xx/Tricore/Canxl/Std/IfxCanxl.h **** IFX_EXTERN uint32 IfxCanxl_getModuleFrequency(void);
1278:../Libraries/iLLD/TC4xx/Tricore/Canxl/Std/IfxCanxl.h **** 
1279:../Libraries/iLLD/TC4xx/Tricore/Canxl/Std/IfxCanxl.h **** /** \brief Configures access to all masters to all the CANXL module and nodes in the device
1280:../Libraries/iLLD/TC4xx/Tricore/Canxl/Std/IfxCanxl.h ****  * \param apConfig pointer to configuration structure.
1281:../Libraries/iLLD/TC4xx/Tricore/Canxl/Std/IfxCanxl.h ****  * \return None
1282:../Libraries/iLLD/TC4xx/Tricore/Canxl/Std/IfxCanxl.h ****  */
1283:../Libraries/iLLD/TC4xx/Tricore/Canxl/Std/IfxCanxl.h **** IFX_EXTERN void IfxCanxl_configureAccessToCanxls(IfxApApu_ApuConfig *apConfig);
1284:../Libraries/iLLD/TC4xx/Tricore/Canxl/Std/IfxCanxl.h **** 
1285:../Libraries/iLLD/TC4xx/Tricore/Canxl/Std/IfxCanxl.h **** /** \} */
1286:../Libraries/iLLD/TC4xx/Tricore/Canxl/Std/IfxCanxl.h **** 
1287:../Libraries/iLLD/TC4xx/Tricore/Canxl/Std/IfxCanxl.h **** /** \addtogroup IfxLld_Canxl_Std_Functions_Node
1288:../Libraries/iLLD/TC4xx/Tricore/Canxl/Std/IfxCanxl.h ****  * \{ */
1289:../Libraries/iLLD/TC4xx/Tricore/Canxl/Std/IfxCanxl.h **** 
1290:../Libraries/iLLD/TC4xx/Tricore/Canxl/Std/IfxCanxl.h **** /******************************************************************************/
1291:../Libraries/iLLD/TC4xx/Tricore/Canxl/Std/IfxCanxl.h **** /*-------------------------Inline Function Prototypes-------------------------*/
1292:../Libraries/iLLD/TC4xx/Tricore/Canxl/Std/IfxCanxl.h **** /******************************************************************************/
1293:../Libraries/iLLD/TC4xx/Tricore/Canxl/Std/IfxCanxl.h **** 
1294:../Libraries/iLLD/TC4xx/Tricore/Canxl/Std/IfxCanxl.h **** /** \brief Enables the Timestamp counter
1295:../Libraries/iLLD/TC4xx/Tricore/Canxl/Std/IfxCanxl.h ****  * \param node Specifies the pointer to the CAN-XL Node registers
1296:../Libraries/iLLD/TC4xx/Tricore/Canxl/Std/IfxCanxl.h ****  * \return None
1297:../Libraries/iLLD/TC4xx/Tricore/Canxl/Std/IfxCanxl.h ****  */
1298:../Libraries/iLLD/TC4xx/Tricore/Canxl/Std/IfxCanxl.h **** IFX_INLINE void IfxCanxl_Node_enableTimeStamp(Ifx_CANXL_N *node);
1299:../Libraries/iLLD/TC4xx/Tricore/Canxl/Std/IfxCanxl.h **** 
1300:../Libraries/iLLD/TC4xx/Tricore/Canxl/Std/IfxCanxl.h **** /** \brief Disables the Timestamp counter
1301:../Libraries/iLLD/TC4xx/Tricore/Canxl/Std/IfxCanxl.h ****  * \param node Specifies the pointer to the CAN-XL Node registers
1302:../Libraries/iLLD/TC4xx/Tricore/Canxl/Std/IfxCanxl.h ****  * \return None
1303:../Libraries/iLLD/TC4xx/Tricore/Canxl/Std/IfxCanxl.h ****  */
1304:../Libraries/iLLD/TC4xx/Tricore/Canxl/Std/IfxCanxl.h **** IFX_INLINE void IfxCanxl_Node_disableTimeStamp(Ifx_CANXL_N *node);
1305:../Libraries/iLLD/TC4xx/Tricore/Canxl/Std/IfxCanxl.h **** 
1306:../Libraries/iLLD/TC4xx/Tricore/Canxl/Std/IfxCanxl.h **** /** \brief Checks whether Timestamp is enabled
1307:../Libraries/iLLD/TC4xx/Tricore/Canxl/Std/IfxCanxl.h ****  * \param node Specifies the pointer to the CAN-XL Node registers
1308:../Libraries/iLLD/TC4xx/Tricore/Canxl/Std/IfxCanxl.h ****  * \return TRUE: Timestamp unit is enabled. FALSE: Timestamp unit is disabled.
1309:../Libraries/iLLD/TC4xx/Tricore/Canxl/Std/IfxCanxl.h ****  */
1310:../Libraries/iLLD/TC4xx/Tricore/Canxl/Std/IfxCanxl.h **** IFX_INLINE boolean IfxCanxl_Node_isTimeStampEnabled(Ifx_CANXL_N *node);
1311:../Libraries/iLLD/TC4xx/Tricore/Canxl/Std/IfxCanxl.h **** 
1312:../Libraries/iLLD/TC4xx/Tricore/Canxl/Std/IfxCanxl.h **** /** \brief Gets the Timestamp counter value
1313:../Libraries/iLLD/TC4xx/Tricore/Canxl/Std/IfxCanxl.h ****  * \param node Specifies the pointer to the CAN-XL Node registers
1314:../Libraries/iLLD/TC4xx/Tricore/Canxl/Std/IfxCanxl.h ****  * \return 64 bit count of current timestamp value
1315:../Libraries/iLLD/TC4xx/Tricore/Canxl/Std/IfxCanxl.h ****  */
1316:../Libraries/iLLD/TC4xx/Tricore/Canxl/Std/IfxCanxl.h **** IFX_INLINE uint64 IfxCanxl_Node_getTimeStampCount(Ifx_CANXL_N *node);
1317:../Libraries/iLLD/TC4xx/Tricore/Canxl/Std/IfxCanxl.h **** 
1318:../Libraries/iLLD/TC4xx/Tricore/Canxl/Std/IfxCanxl.h **** /** \brief Sends request to clear the Timestamp counter
1319:../Libraries/iLLD/TC4xx/Tricore/Canxl/Std/IfxCanxl.h ****  * Note: Ensure Timestamp unit is disabled before calling this API. Otherwise there is no effect.
1320:../Libraries/iLLD/TC4xx/Tricore/Canxl/Std/IfxCanxl.h ****  * \param node Specifies the pointer to the CAN-XL Node registers
1321:../Libraries/iLLD/TC4xx/Tricore/Canxl/Std/IfxCanxl.h ****  * \return None
1322:../Libraries/iLLD/TC4xx/Tricore/Canxl/Std/IfxCanxl.h ****  */
1323:../Libraries/iLLD/TC4xx/Tricore/Canxl/Std/IfxCanxl.h **** IFX_INLINE void IfxCanxl_Node_clearTimeStampCounter(Ifx_CANXL_N *node);
1324:../Libraries/iLLD/TC4xx/Tricore/Canxl/Std/IfxCanxl.h **** 
1325:../Libraries/iLLD/TC4xx/Tricore/Canxl/Std/IfxCanxl.h **** /** \brief Sets the Timestamp position
1326:../Libraries/iLLD/TC4xx/Tricore/Canxl/Std/IfxCanxl.h ****  * \param node Specifies the pointer to the CAN-XL Node registers
1327:../Libraries/iLLD/TC4xx/Tricore/Canxl/Std/IfxCanxl.h ****  * \param capturePosition Specifies the position of frame where timestamp is taken
1328:../Libraries/iLLD/TC4xx/Tricore/Canxl/Std/IfxCanxl.h ****  * \return None
1329:../Libraries/iLLD/TC4xx/Tricore/Canxl/Std/IfxCanxl.h ****  */
1330:../Libraries/iLLD/TC4xx/Tricore/Canxl/Std/IfxCanxl.h **** IFX_INLINE void IfxCanxl_Node_setTimeStampPosition(Ifx_CANXL_N *node, IfxCanxl_TimeStampPosition ca
1331:../Libraries/iLLD/TC4xx/Tricore/Canxl/Std/IfxCanxl.h **** 
1332:../Libraries/iLLD/TC4xx/Tricore/Canxl/Std/IfxCanxl.h **** /** \brief Returns the SRC pointer for FUNC node
1333:../Libraries/iLLD/TC4xx/Tricore/Canxl/Std/IfxCanxl.h ****  * \param nodeId CAN-XL Node ID
1334:../Libraries/iLLD/TC4xx/Tricore/Canxl/Std/IfxCanxl.h ****  * \return None
1335:../Libraries/iLLD/TC4xx/Tricore/Canxl/Std/IfxCanxl.h ****  */
1336:../Libraries/iLLD/TC4xx/Tricore/Canxl/Std/IfxCanxl.h **** IFX_INLINE Ifx_SRC_SRCR *IfxCanxl_Node_getSrcPointerFunc(IfxCanxl_NodeId nodeId);
1337:../Libraries/iLLD/TC4xx/Tricore/Canxl/Std/IfxCanxl.h **** 
1338:../Libraries/iLLD/TC4xx/Tricore/Canxl/Std/IfxCanxl.h **** /** \brief Returns the SRC pointer for ERR node
1339:../Libraries/iLLD/TC4xx/Tricore/Canxl/Std/IfxCanxl.h ****  * \param nodeId CAN-XL Node ID
1340:../Libraries/iLLD/TC4xx/Tricore/Canxl/Std/IfxCanxl.h ****  * \return None
1341:../Libraries/iLLD/TC4xx/Tricore/Canxl/Std/IfxCanxl.h ****  */
1342:../Libraries/iLLD/TC4xx/Tricore/Canxl/Std/IfxCanxl.h **** IFX_INLINE Ifx_SRC_SRCR *IfxCanxl_Node_getSrcPointerErr(IfxCanxl_NodeId nodeId);
1343:../Libraries/iLLD/TC4xx/Tricore/Canxl/Std/IfxCanxl.h **** 
1344:../Libraries/iLLD/TC4xx/Tricore/Canxl/Std/IfxCanxl.h **** /** \brief Returns the SRC pointer for SAFETY node
1345:../Libraries/iLLD/TC4xx/Tricore/Canxl/Std/IfxCanxl.h ****  * \param nodeId CAN-XL Node ID
1346:../Libraries/iLLD/TC4xx/Tricore/Canxl/Std/IfxCanxl.h ****  * \return None
1347:../Libraries/iLLD/TC4xx/Tricore/Canxl/Std/IfxCanxl.h ****  */
1348:../Libraries/iLLD/TC4xx/Tricore/Canxl/Std/IfxCanxl.h **** IFX_INLINE Ifx_SRC_SRCR *IfxCanxl_Node_getSrcPointerSafety(IfxCanxl_NodeId nodeId);
1349:../Libraries/iLLD/TC4xx/Tricore/Canxl/Std/IfxCanxl.h **** 
1350:../Libraries/iLLD/TC4xx/Tricore/Canxl/Std/IfxCanxl.h **** /** \brief Enables Transmitter Delay Compensation
1351:../Libraries/iLLD/TC4xx/Tricore/Canxl/Std/IfxCanxl.h ****  * \param node Specifies the pointer to the CAN-XL Node registers
1352:../Libraries/iLLD/TC4xx/Tricore/Canxl/Std/IfxCanxl.h ****  * \return None
1353:../Libraries/iLLD/TC4xx/Tricore/Canxl/Std/IfxCanxl.h ****  */
1354:../Libraries/iLLD/TC4xx/Tricore/Canxl/Std/IfxCanxl.h **** IFX_INLINE void IfxCanxl_Node_enableTransmitterDelayCompensation(Ifx_CANXL_N *node);
1355:../Libraries/iLLD/TC4xx/Tricore/Canxl/Std/IfxCanxl.h **** 
1356:../Libraries/iLLD/TC4xx/Tricore/Canxl/Std/IfxCanxl.h **** /** \brief Disables Transmitter Delay Compensation
1357:../Libraries/iLLD/TC4xx/Tricore/Canxl/Std/IfxCanxl.h ****  * \param node Specifies the pointer to the CAN-XL Node registers
1358:../Libraries/iLLD/TC4xx/Tricore/Canxl/Std/IfxCanxl.h ****  * \return None
1359:../Libraries/iLLD/TC4xx/Tricore/Canxl/Std/IfxCanxl.h ****  */
1360:../Libraries/iLLD/TC4xx/Tricore/Canxl/Std/IfxCanxl.h **** IFX_INLINE void IfxCanxl_Node_disableTransmitterDelayCompensation(Ifx_CANXL_N *node);
1361:../Libraries/iLLD/TC4xx/Tricore/Canxl/Std/IfxCanxl.h **** 
1362:../Libraries/iLLD/TC4xx/Tricore/Canxl/Std/IfxCanxl.h **** /** \brief Enables Protocol Exception Handling
1363:../Libraries/iLLD/TC4xx/Tricore/Canxl/Std/IfxCanxl.h ****  * \param node Specifies the pointer to the CAN-XL Node registers
1364:../Libraries/iLLD/TC4xx/Tricore/Canxl/Std/IfxCanxl.h ****  * \return None
1365:../Libraries/iLLD/TC4xx/Tricore/Canxl/Std/IfxCanxl.h ****  */
1366:../Libraries/iLLD/TC4xx/Tricore/Canxl/Std/IfxCanxl.h **** IFX_INLINE void IfxCanxl_Node_enableProtocolExceptionHandling(Ifx_CANXL_N *node);
1367:../Libraries/iLLD/TC4xx/Tricore/Canxl/Std/IfxCanxl.h **** 
1368:../Libraries/iLLD/TC4xx/Tricore/Canxl/Std/IfxCanxl.h **** /** \brief Disables Protocol Exception Handling
1369:../Libraries/iLLD/TC4xx/Tricore/Canxl/Std/IfxCanxl.h ****  * \param node Specifies the pointer to the CAN-XL Node registers
1370:../Libraries/iLLD/TC4xx/Tricore/Canxl/Std/IfxCanxl.h ****  * \return None
1371:../Libraries/iLLD/TC4xx/Tricore/Canxl/Std/IfxCanxl.h ****  */
1372:../Libraries/iLLD/TC4xx/Tricore/Canxl/Std/IfxCanxl.h **** IFX_INLINE void IfxCanxl_Node_disableProtocolExceptionHandling(Ifx_CANXL_N *node);
1373:../Libraries/iLLD/TC4xx/Tricore/Canxl/Std/IfxCanxl.h **** 
1374:../Libraries/iLLD/TC4xx/Tricore/Canxl/Std/IfxCanxl.h **** /** \brief Enables Functional interrupts
1375:../Libraries/iLLD/TC4xx/Tricore/Canxl/Std/IfxCanxl.h ****  * \param node Specifies the pointer to the CAN-XL Node registers
1376:../Libraries/iLLD/TC4xx/Tricore/Canxl/Std/IfxCanxl.h ****  * \param enableMask 32 bit value to be written to register FUNC_ENA which enables the correspondin
1377:../Libraries/iLLD/TC4xx/Tricore/Canxl/Std/IfxCanxl.h ****  * \return None
1378:../Libraries/iLLD/TC4xx/Tricore/Canxl/Std/IfxCanxl.h ****  */
1379:../Libraries/iLLD/TC4xx/Tricore/Canxl/Std/IfxCanxl.h **** IFX_INLINE void IfxCanxl_Node_enableFunctionalInterrupt(Ifx_CANXL_N *node, uint32 enableMask);
1380:../Libraries/iLLD/TC4xx/Tricore/Canxl/Std/IfxCanxl.h **** 
1381:../Libraries/iLLD/TC4xx/Tricore/Canxl/Std/IfxCanxl.h **** /** \brief Gets Functional interrupt status
1382:../Libraries/iLLD/TC4xx/Tricore/Canxl/Std/IfxCanxl.h ****  * \param node Specifies the pointer to the CAN-XL Node registers
1383:../Libraries/iLLD/TC4xx/Tricore/Canxl/Std/IfxCanxl.h ****  * \return 32 bit value of register FUNC_RAW. Bits with 1 corresponds to interrupt occurred. 0 corr
1384:../Libraries/iLLD/TC4xx/Tricore/Canxl/Std/IfxCanxl.h ****  */
1385:../Libraries/iLLD/TC4xx/Tricore/Canxl/Std/IfxCanxl.h **** IFX_INLINE uint32 IfxCanxl_Node_getFunctionalInterruptStatus(Ifx_CANXL_N *node);
1386:../Libraries/iLLD/TC4xx/Tricore/Canxl/Std/IfxCanxl.h **** 
1387:../Libraries/iLLD/TC4xx/Tricore/Canxl/Std/IfxCanxl.h **** /** \brief Clears Functional interrupts
1388:../Libraries/iLLD/TC4xx/Tricore/Canxl/Std/IfxCanxl.h ****  * \param node Specifies the pointer to the CAN-XL Node registers
1389:../Libraries/iLLD/TC4xx/Tricore/Canxl/Std/IfxCanxl.h ****  * \param clearMask 32 bit value to be written to register FUNC_CLR which clears the corresponding 
1390:../Libraries/iLLD/TC4xx/Tricore/Canxl/Std/IfxCanxl.h ****  * \return None
1391:../Libraries/iLLD/TC4xx/Tricore/Canxl/Std/IfxCanxl.h ****  */
1392:../Libraries/iLLD/TC4xx/Tricore/Canxl/Std/IfxCanxl.h **** IFX_INLINE void IfxCanxl_Node_clearFunctionalInterruptStatus(Ifx_CANXL_N *node, uint32 clearMask);
1393:../Libraries/iLLD/TC4xx/Tricore/Canxl/Std/IfxCanxl.h **** 
1394:../Libraries/iLLD/TC4xx/Tricore/Canxl/Std/IfxCanxl.h **** /** \brief Enables Error interrupts
1395:../Libraries/iLLD/TC4xx/Tricore/Canxl/Std/IfxCanxl.h ****  * \param node Specifies the pointer to the CAN-XL Node registers
1396:../Libraries/iLLD/TC4xx/Tricore/Canxl/Std/IfxCanxl.h ****  * \param enableMask 32 bit value to be written to register ERR_ENA which enables the corresponding
1397:../Libraries/iLLD/TC4xx/Tricore/Canxl/Std/IfxCanxl.h ****  * \return None
1398:../Libraries/iLLD/TC4xx/Tricore/Canxl/Std/IfxCanxl.h ****  */
1399:../Libraries/iLLD/TC4xx/Tricore/Canxl/Std/IfxCanxl.h **** IFX_INLINE void IfxCanxl_Node_enableErrorInterrupt(Ifx_CANXL_N *node, uint32 enableMask);
1400:../Libraries/iLLD/TC4xx/Tricore/Canxl/Std/IfxCanxl.h **** 
1401:../Libraries/iLLD/TC4xx/Tricore/Canxl/Std/IfxCanxl.h **** /** \brief Gets Error interrupt status
1402:../Libraries/iLLD/TC4xx/Tricore/Canxl/Std/IfxCanxl.h ****  * \param node Specifies the pointer to the CAN-XL Node registers
1403:../Libraries/iLLD/TC4xx/Tricore/Canxl/Std/IfxCanxl.h ****  * \return 32 bit value of register ERR_RAW. Bits with 1 corresponds to interrupt occurred. 0 corre
1404:../Libraries/iLLD/TC4xx/Tricore/Canxl/Std/IfxCanxl.h ****  */
1405:../Libraries/iLLD/TC4xx/Tricore/Canxl/Std/IfxCanxl.h **** IFX_INLINE uint32 IfxCanxl_Node_getErrorInterruptStatus(Ifx_CANXL_N *node);
1406:../Libraries/iLLD/TC4xx/Tricore/Canxl/Std/IfxCanxl.h **** 
1407:../Libraries/iLLD/TC4xx/Tricore/Canxl/Std/IfxCanxl.h **** /** \brief Clears Error interrupts
1408:../Libraries/iLLD/TC4xx/Tricore/Canxl/Std/IfxCanxl.h ****  * \param node Specifies the pointer to the CAN-XL Node registers
1409:../Libraries/iLLD/TC4xx/Tricore/Canxl/Std/IfxCanxl.h ****  * \param clearMask 32 bit value to be written to register ERR_CLR which clears the corresponding i
1410:../Libraries/iLLD/TC4xx/Tricore/Canxl/Std/IfxCanxl.h ****  * \return None
1411:../Libraries/iLLD/TC4xx/Tricore/Canxl/Std/IfxCanxl.h ****  */
1412:../Libraries/iLLD/TC4xx/Tricore/Canxl/Std/IfxCanxl.h **** IFX_INLINE void IfxCanxl_Node_clearErrorInterruptStatus(Ifx_CANXL_N *node, uint32 clearMask);
1413:../Libraries/iLLD/TC4xx/Tricore/Canxl/Std/IfxCanxl.h **** 
1414:../Libraries/iLLD/TC4xx/Tricore/Canxl/Std/IfxCanxl.h **** /** \brief Enables Safety interrupts
1415:../Libraries/iLLD/TC4xx/Tricore/Canxl/Std/IfxCanxl.h ****  * \param node Specifies the pointer to the CAN-XL Node registers
1416:../Libraries/iLLD/TC4xx/Tricore/Canxl/Std/IfxCanxl.h ****  * \param enableMask 32 bit value to be written to register SAFTEY_ENA which enables the correspond
1417:../Libraries/iLLD/TC4xx/Tricore/Canxl/Std/IfxCanxl.h ****  * \return None
1418:../Libraries/iLLD/TC4xx/Tricore/Canxl/Std/IfxCanxl.h ****  */
1419:../Libraries/iLLD/TC4xx/Tricore/Canxl/Std/IfxCanxl.h **** IFX_INLINE void IfxCanxl_Node_enableSafetyInterrupt(Ifx_CANXL_N *node, uint32 enableMask);
1420:../Libraries/iLLD/TC4xx/Tricore/Canxl/Std/IfxCanxl.h **** 
1421:../Libraries/iLLD/TC4xx/Tricore/Canxl/Std/IfxCanxl.h **** /** \brief Gets Safety interrupt status
1422:../Libraries/iLLD/TC4xx/Tricore/Canxl/Std/IfxCanxl.h ****  * \param node Specifies the pointer to the CAN-XL Node registers
1423:../Libraries/iLLD/TC4xx/Tricore/Canxl/Std/IfxCanxl.h ****  * \return 32 bit value of register SAFETY_RAW. Bits with 1 corresponds to interrupt occurred. 0 co
1424:../Libraries/iLLD/TC4xx/Tricore/Canxl/Std/IfxCanxl.h ****  */
1425:../Libraries/iLLD/TC4xx/Tricore/Canxl/Std/IfxCanxl.h **** IFX_INLINE uint32 IfxCanxl_Node_getSafetyInterruptStatus(Ifx_CANXL_N *node);
1426:../Libraries/iLLD/TC4xx/Tricore/Canxl/Std/IfxCanxl.h **** 
1427:../Libraries/iLLD/TC4xx/Tricore/Canxl/Std/IfxCanxl.h **** /** \brief Clears Safety interrupts
1428:../Libraries/iLLD/TC4xx/Tricore/Canxl/Std/IfxCanxl.h ****  * \param node Specifies the pointer to the CAN-XL Node registers
1429:../Libraries/iLLD/TC4xx/Tricore/Canxl/Std/IfxCanxl.h ****  * \param clearMask 32 bit value to be written to register SAFETY_CLR which clears the correspondin
1430:../Libraries/iLLD/TC4xx/Tricore/Canxl/Std/IfxCanxl.h ****  * \return None
1431:../Libraries/iLLD/TC4xx/Tricore/Canxl/Std/IfxCanxl.h ****  */
1432:../Libraries/iLLD/TC4xx/Tricore/Canxl/Std/IfxCanxl.h **** IFX_INLINE void IfxCanxl_Node_clearSafetyInterruptStatus(Ifx_CANXL_N *node, uint32 clearMask);
1433:../Libraries/iLLD/TC4xx/Tricore/Canxl/Std/IfxCanxl.h **** 
1434:../Libraries/iLLD/TC4xx/Tricore/Canxl/Std/IfxCanxl.h **** /** \brief Enables MTI flags
1435:../Libraries/iLLD/TC4xx/Tricore/Canxl/Std/IfxCanxl.h ****  * \param node Specifies the pointer to the CAN-XL Node registers
1436:../Libraries/iLLD/TC4xx/Tricore/Canxl/Std/IfxCanxl.h ****  * \param enableMask 32 bit value to be written to register MTI_ENA which enables the corresponding
1437:../Libraries/iLLD/TC4xx/Tricore/Canxl/Std/IfxCanxl.h ****  * \return None
1438:../Libraries/iLLD/TC4xx/Tricore/Canxl/Std/IfxCanxl.h ****  */
1439:../Libraries/iLLD/TC4xx/Tricore/Canxl/Std/IfxCanxl.h **** IFX_INLINE void IfxCanxl_Node_enableMtiFlags(Ifx_CANXL_NODE *node, uint32 enableMask);
1440:../Libraries/iLLD/TC4xx/Tricore/Canxl/Std/IfxCanxl.h **** 
1441:../Libraries/iLLD/TC4xx/Tricore/Canxl/Std/IfxCanxl.h **** /** \brief Gets MTI flags status
1442:../Libraries/iLLD/TC4xx/Tricore/Canxl/Std/IfxCanxl.h ****  * \param node Specifies the pointer to the CAN-XL Node registers
1443:../Libraries/iLLD/TC4xx/Tricore/Canxl/Std/IfxCanxl.h ****  * \return 32 bit value of register MTI_RAW. Bits with 1 corresponds to interrupt occurred. 0 corre
1444:../Libraries/iLLD/TC4xx/Tricore/Canxl/Std/IfxCanxl.h ****  */
1445:../Libraries/iLLD/TC4xx/Tricore/Canxl/Std/IfxCanxl.h **** IFX_INLINE uint32 IfxCanxl_Node_getMtiFlagsStatus(Ifx_CANXL_NODE *node);
1446:../Libraries/iLLD/TC4xx/Tricore/Canxl/Std/IfxCanxl.h **** 
1447:../Libraries/iLLD/TC4xx/Tricore/Canxl/Std/IfxCanxl.h **** /** \brief Clears MTI flags
1448:../Libraries/iLLD/TC4xx/Tricore/Canxl/Std/IfxCanxl.h ****  * \param node Specifies the pointer to the CAN-XL Node registers
1449:../Libraries/iLLD/TC4xx/Tricore/Canxl/Std/IfxCanxl.h ****  * \param clearMask 32 bit value to be written to register MTI_CLR which clears the corresponding i
1450:../Libraries/iLLD/TC4xx/Tricore/Canxl/Std/IfxCanxl.h ****  * \return None
1451:../Libraries/iLLD/TC4xx/Tricore/Canxl/Std/IfxCanxl.h ****  */
1452:../Libraries/iLLD/TC4xx/Tricore/Canxl/Std/IfxCanxl.h **** IFX_INLINE void IfxCanxl_Node_clearMtiFlagsStatus(Ifx_CANXL_NODE *node, uint32 clearMask);
1453:../Libraries/iLLD/TC4xx/Tricore/Canxl/Std/IfxCanxl.h **** 
1454:../Libraries/iLLD/TC4xx/Tricore/Canxl/Std/IfxCanxl.h **** /** \brief Gets TX FIFO Queue interrupt status
1455:../Libraries/iLLD/TC4xx/Tricore/Canxl/Std/IfxCanxl.h ****  * Note: To know the cause of interrupt, check status of IfxCanxl_Node_getTxFifoSentStatus and IfxC
1456:../Libraries/iLLD/TC4xx/Tricore/Canxl/Std/IfxCanxl.h ****  * \param node Specifies the pointer to the CAN-XL Node registers
1457:../Libraries/iLLD/TC4xx/Tricore/Canxl/Std/IfxCanxl.h ****  * \param queueIndex FIFO Queue index
1458:../Libraries/iLLD/TC4xx/Tricore/Canxl/Std/IfxCanxl.h ****  * \return TRUE: Interrupt occurred. FALSE: Interrupt did not occur
1459:../Libraries/iLLD/TC4xx/Tricore/Canxl/Std/IfxCanxl.h ****  */
1460:../Libraries/iLLD/TC4xx/Tricore/Canxl/Std/IfxCanxl.h **** IFX_INLINE boolean IfxCanxl_Node_getTxFifoInterruptStatus(Ifx_CANXL_N *node, IfxCanxl_TxFifoQueue q
1461:../Libraries/iLLD/TC4xx/Tricore/Canxl/Std/IfxCanxl.h **** 
1462:../Libraries/iLLD/TC4xx/Tricore/Canxl/Std/IfxCanxl.h **** /** \brief Clears TX FIFO Queue interrupt status
1463:../Libraries/iLLD/TC4xx/Tricore/Canxl/Std/IfxCanxl.h ****  * \param node Specifies the pointer to the CAN-XL Node registers
1464:../Libraries/iLLD/TC4xx/Tricore/Canxl/Std/IfxCanxl.h ****  * \param queueIndex FIFO Queue index
1465:../Libraries/iLLD/TC4xx/Tricore/Canxl/Std/IfxCanxl.h ****  * \return None
1466:../Libraries/iLLD/TC4xx/Tricore/Canxl/Std/IfxCanxl.h ****  */
1467:../Libraries/iLLD/TC4xx/Tricore/Canxl/Std/IfxCanxl.h **** IFX_INLINE void IfxCanxl_Node_clearTxFifoInterruptStatus(Ifx_CANXL_N *node, IfxCanxl_TxFifoQueue qu
1468:../Libraries/iLLD/TC4xx/Tricore/Canxl/Std/IfxCanxl.h **** 
1469:../Libraries/iLLD/TC4xx/Tricore/Canxl/Std/IfxCanxl.h **** /** \brief Gets RX FIFO Queue interrupt status
1470:../Libraries/iLLD/TC4xx/Tricore/Canxl/Std/IfxCanxl.h ****  * Note: To know the cause of interrupt, check status of IfxCanxl_Node_getRxFifoReceivedStatus and 
1471:../Libraries/iLLD/TC4xx/Tricore/Canxl/Std/IfxCanxl.h ****  * \param node Specifies the pointer to the CAN-XL Node registers
1472:../Libraries/iLLD/TC4xx/Tricore/Canxl/Std/IfxCanxl.h ****  * \param queueIndex FIFO Queue index
1473:../Libraries/iLLD/TC4xx/Tricore/Canxl/Std/IfxCanxl.h ****  * \return TRUE: Interrupt occurred. FALSE: Interrupt did not occur
1474:../Libraries/iLLD/TC4xx/Tricore/Canxl/Std/IfxCanxl.h ****  */
1475:../Libraries/iLLD/TC4xx/Tricore/Canxl/Std/IfxCanxl.h **** IFX_INLINE boolean IfxCanxl_Node_getRxFifoInterruptStatus(Ifx_CANXL_N *node, IfxCanxl_RxFifoQueue q
1476:../Libraries/iLLD/TC4xx/Tricore/Canxl/Std/IfxCanxl.h **** 
1477:../Libraries/iLLD/TC4xx/Tricore/Canxl/Std/IfxCanxl.h **** /** \brief Clears RX FIFO Queue interrupt status
1478:../Libraries/iLLD/TC4xx/Tricore/Canxl/Std/IfxCanxl.h ****  * \param node Specifies the pointer to the CAN-XL Node registers
1479:../Libraries/iLLD/TC4xx/Tricore/Canxl/Std/IfxCanxl.h ****  * \param queueIndex FIFO Queue index
1480:../Libraries/iLLD/TC4xx/Tricore/Canxl/Std/IfxCanxl.h ****  * \return None
1481:../Libraries/iLLD/TC4xx/Tricore/Canxl/Std/IfxCanxl.h ****  */
1482:../Libraries/iLLD/TC4xx/Tricore/Canxl/Std/IfxCanxl.h **** IFX_INLINE void IfxCanxl_Node_clearRxFifoInterruptStatus(Ifx_CANXL_N *node, IfxCanxl_RxFifoQueue qu
1483:../Libraries/iLLD/TC4xx/Tricore/Canxl/Std/IfxCanxl.h **** 
1484:../Libraries/iLLD/TC4xx/Tricore/Canxl/Std/IfxCanxl.h **** /** \brief Gets TX FIFO Queue Sent status
1485:../Libraries/iLLD/TC4xx/Tricore/Canxl/Std/IfxCanxl.h ****  * \param node Specifies the pointer to the CAN-XL Node registers
1486:../Libraries/iLLD/TC4xx/Tricore/Canxl/Std/IfxCanxl.h ****  * \param queueIndex FIFO Queue index
1487:../Libraries/iLLD/TC4xx/Tricore/Canxl/Std/IfxCanxl.h ****  * \return TRUE: A TX message was sent from the TX FIFO Queue
1488:../Libraries/iLLD/TC4xx/Tricore/Canxl/Std/IfxCanxl.h ****  */
1489:../Libraries/iLLD/TC4xx/Tricore/Canxl/Std/IfxCanxl.h **** IFX_INLINE boolean IfxCanxl_Node_getTxFifoSentStatus(Ifx_CANXL_N *node, IfxCanxl_TxFifoQueue queueI
1490:../Libraries/iLLD/TC4xx/Tricore/Canxl/Std/IfxCanxl.h **** 
1491:../Libraries/iLLD/TC4xx/Tricore/Canxl/Std/IfxCanxl.h **** /** \brief Clears TX FIFO Queue Sent status
1492:../Libraries/iLLD/TC4xx/Tricore/Canxl/Std/IfxCanxl.h ****  * \param node Specifies the pointer to the CAN-XL Node registers
1493:../Libraries/iLLD/TC4xx/Tricore/Canxl/Std/IfxCanxl.h ****  * \param queueIndex FIFO Queue index
1494:../Libraries/iLLD/TC4xx/Tricore/Canxl/Std/IfxCanxl.h ****  * \return None
1495:../Libraries/iLLD/TC4xx/Tricore/Canxl/Std/IfxCanxl.h ****  */
1496:../Libraries/iLLD/TC4xx/Tricore/Canxl/Std/IfxCanxl.h **** IFX_INLINE void IfxCanxl_Node_clearTxFifoSentStatus(Ifx_CANXL_N *node, IfxCanxl_TxFifoQueue queueIn
1497:../Libraries/iLLD/TC4xx/Tricore/Canxl/Std/IfxCanxl.h **** 
1498:../Libraries/iLLD/TC4xx/Tricore/Canxl/Std/IfxCanxl.h **** /** \brief Gets TX FIFO Queue Unvalid status
1499:../Libraries/iLLD/TC4xx/Tricore/Canxl/Std/IfxCanxl.h ****  * \param node Specifies the pointer to the CAN-XL Node registers
1500:../Libraries/iLLD/TC4xx/Tricore/Canxl/Std/IfxCanxl.h ****  * \param queueIndex FIFO Queue index
1501:../Libraries/iLLD/TC4xx/Tricore/Canxl/Std/IfxCanxl.h ****  * \return TRUE: When TX FIFO Queue loads a TX descriptor with VALID = 0
1502:../Libraries/iLLD/TC4xx/Tricore/Canxl/Std/IfxCanxl.h ****  */
1503:../Libraries/iLLD/TC4xx/Tricore/Canxl/Std/IfxCanxl.h **** IFX_INLINE boolean IfxCanxl_Node_getTxFifoUnvalidStatus(Ifx_CANXL_N *node, IfxCanxl_TxFifoQueue que
1504:../Libraries/iLLD/TC4xx/Tricore/Canxl/Std/IfxCanxl.h **** 
1505:../Libraries/iLLD/TC4xx/Tricore/Canxl/Std/IfxCanxl.h **** /** \brief Clears TX FIFO Queue Unvalid status
1506:../Libraries/iLLD/TC4xx/Tricore/Canxl/Std/IfxCanxl.h ****  * \param node Specifies the pointer to the CAN-XL Node registers
1507:../Libraries/iLLD/TC4xx/Tricore/Canxl/Std/IfxCanxl.h ****  * \param queueIndex FIFO Queue index
1508:../Libraries/iLLD/TC4xx/Tricore/Canxl/Std/IfxCanxl.h ****  * \return None
1509:../Libraries/iLLD/TC4xx/Tricore/Canxl/Std/IfxCanxl.h ****  */
1510:../Libraries/iLLD/TC4xx/Tricore/Canxl/Std/IfxCanxl.h **** IFX_INLINE void IfxCanxl_Node_clearTxFifoUnvalidStatus(Ifx_CANXL_N *node, IfxCanxl_TxFifoQueue queu
1511:../Libraries/iLLD/TC4xx/Tricore/Canxl/Std/IfxCanxl.h **** 
1512:../Libraries/iLLD/TC4xx/Tricore/Canxl/Std/IfxCanxl.h **** /** \brief Gets RX FIFO Queue Received status
1513:../Libraries/iLLD/TC4xx/Tricore/Canxl/Std/IfxCanxl.h ****  * \param node Specifies the pointer to the CAN-XL Node registers
1514:../Libraries/iLLD/TC4xx/Tricore/Canxl/Std/IfxCanxl.h ****  * \param queueIndex FIFO Queue index
1515:../Libraries/iLLD/TC4xx/Tricore/Canxl/Std/IfxCanxl.h ****  * \return TRUE: An RX message was received in the RX FIFO Queue
1516:../Libraries/iLLD/TC4xx/Tricore/Canxl/Std/IfxCanxl.h ****  */
1517:../Libraries/iLLD/TC4xx/Tricore/Canxl/Std/IfxCanxl.h **** IFX_INLINE boolean IfxCanxl_Node_getRxFifoReceivedStatus(Ifx_CANXL_N *node, IfxCanxl_RxFifoQueue qu
1518:../Libraries/iLLD/TC4xx/Tricore/Canxl/Std/IfxCanxl.h **** 
1519:../Libraries/iLLD/TC4xx/Tricore/Canxl/Std/IfxCanxl.h **** /** \brief Clears RX FIFO Queue Received status
1520:../Libraries/iLLD/TC4xx/Tricore/Canxl/Std/IfxCanxl.h ****  * \param node Specifies the pointer to the CAN-XL Node registers
1521:../Libraries/iLLD/TC4xx/Tricore/Canxl/Std/IfxCanxl.h ****  * \param queueIndex FIFO Queue index
1522:../Libraries/iLLD/TC4xx/Tricore/Canxl/Std/IfxCanxl.h ****  * \return None
1523:../Libraries/iLLD/TC4xx/Tricore/Canxl/Std/IfxCanxl.h ****  */
1524:../Libraries/iLLD/TC4xx/Tricore/Canxl/Std/IfxCanxl.h **** IFX_INLINE void IfxCanxl_Node_clearRxFifoSentStatus(Ifx_CANXL_N *node, IfxCanxl_RxFifoQueue queueIn
1525:../Libraries/iLLD/TC4xx/Tricore/Canxl/Std/IfxCanxl.h **** 
1526:../Libraries/iLLD/TC4xx/Tricore/Canxl/Std/IfxCanxl.h **** /** \brief Gets RX FIFO Queue Unvalid status
1527:../Libraries/iLLD/TC4xx/Tricore/Canxl/Std/IfxCanxl.h ****  * \param node Specifies the pointer to the CAN-XL Node registers
1528:../Libraries/iLLD/TC4xx/Tricore/Canxl/Std/IfxCanxl.h ****  * \param queueIndex FIFO Queue index
1529:../Libraries/iLLD/TC4xx/Tricore/Canxl/Std/IfxCanxl.h ****  * \return TRUE: When RX FIFO Queue loads an RX descriptor with VALID = 0
1530:../Libraries/iLLD/TC4xx/Tricore/Canxl/Std/IfxCanxl.h ****  */
1531:../Libraries/iLLD/TC4xx/Tricore/Canxl/Std/IfxCanxl.h **** IFX_INLINE boolean IfxCanxl_Node_getRxFifoUnvalidStatus(Ifx_CANXL_N *node, IfxCanxl_RxFifoQueue que
1532:../Libraries/iLLD/TC4xx/Tricore/Canxl/Std/IfxCanxl.h **** 
1533:../Libraries/iLLD/TC4xx/Tricore/Canxl/Std/IfxCanxl.h **** /** \brief Clears RX FIFO Queue Unvalid status
1534:../Libraries/iLLD/TC4xx/Tricore/Canxl/Std/IfxCanxl.h ****  * \param node Specifies the pointer to the CAN-XL Node registers
1535:../Libraries/iLLD/TC4xx/Tricore/Canxl/Std/IfxCanxl.h ****  * \param queueIndex FIFO Queue index
1536:../Libraries/iLLD/TC4xx/Tricore/Canxl/Std/IfxCanxl.h ****  * \return None
1537:../Libraries/iLLD/TC4xx/Tricore/Canxl/Std/IfxCanxl.h ****  */
1538:../Libraries/iLLD/TC4xx/Tricore/Canxl/Std/IfxCanxl.h **** IFX_INLINE void IfxCanxl_Node_clearRxFifoUnvalidStatus(Ifx_CANXL_N *node, IfxCanxl_RxFifoQueue queu
1539:../Libraries/iLLD/TC4xx/Tricore/Canxl/Std/IfxCanxl.h **** 
1540:../Libraries/iLLD/TC4xx/Tricore/Canxl/Std/IfxCanxl.h **** /** \brief Starts the Message Handler block of CAN-XL Node
1541:../Libraries/iLLD/TC4xx/Tricore/Canxl/Std/IfxCanxl.h ****  * \param node Specifies the pointer to the CAN-XL Node registers
1542:../Libraries/iLLD/TC4xx/Tricore/Canxl/Std/IfxCanxl.h ****  * \return None
1543:../Libraries/iLLD/TC4xx/Tricore/Canxl/Std/IfxCanxl.h ****  */
1544:../Libraries/iLLD/TC4xx/Tricore/Canxl/Std/IfxCanxl.h **** IFX_INLINE void IfxCanxl_Node_startMessageHandler(Ifx_CANXL_N *node);
1545:../Libraries/iLLD/TC4xx/Tricore/Canxl/Std/IfxCanxl.h **** 
1546:../Libraries/iLLD/TC4xx/Tricore/Canxl/Std/IfxCanxl.h **** /** \brief Stops the Message Handler block of CAN-XL Node
1547:../Libraries/iLLD/TC4xx/Tricore/Canxl/Std/IfxCanxl.h ****  * \param node Specifies the pointer to the CAN-XL Node registers
1548:../Libraries/iLLD/TC4xx/Tricore/Canxl/Std/IfxCanxl.h ****  * \return None
1549:../Libraries/iLLD/TC4xx/Tricore/Canxl/Std/IfxCanxl.h ****  */
1550:../Libraries/iLLD/TC4xx/Tricore/Canxl/Std/IfxCanxl.h **** IFX_INLINE void IfxCanxl_Node_stopMessageHandler(Ifx_CANXL_N *node);
1551:../Libraries/iLLD/TC4xx/Tricore/Canxl/Std/IfxCanxl.h **** 
1552:../Libraries/iLLD/TC4xx/Tricore/Canxl/Std/IfxCanxl.h **** /** \brief Enable TX filtering
1553:../Libraries/iLLD/TC4xx/Tricore/Canxl/Std/IfxCanxl.h ****  * \param node Specifies the pointer to the CAN-XL Node registers
1554:../Libraries/iLLD/TC4xx/Tricore/Canxl/Std/IfxCanxl.h ****  * \return None
1555:../Libraries/iLLD/TC4xx/Tricore/Canxl/Std/IfxCanxl.h ****  */
1556:../Libraries/iLLD/TC4xx/Tricore/Canxl/Std/IfxCanxl.h **** IFX_INLINE void IfxCanxl_Node_enableTxFiltering(Ifx_CANXL_N *node);
1557:../Libraries/iLLD/TC4xx/Tricore/Canxl/Std/IfxCanxl.h **** 
1558:../Libraries/iLLD/TC4xx/Tricore/Canxl/Std/IfxCanxl.h **** /** \brief Disable TX filtering
1559:../Libraries/iLLD/TC4xx/Tricore/Canxl/Std/IfxCanxl.h ****  * \param node Specifies the pointer to the CAN-XL Node registers
1560:../Libraries/iLLD/TC4xx/Tricore/Canxl/Std/IfxCanxl.h ****  * \return None
1561:../Libraries/iLLD/TC4xx/Tricore/Canxl/Std/IfxCanxl.h ****  */
1562:../Libraries/iLLD/TC4xx/Tricore/Canxl/Std/IfxCanxl.h **** IFX_INLINE void IfxCanxl_Node_disableTxFiltering(Ifx_CANXL_N *node);
1563:../Libraries/iLLD/TC4xx/Tricore/Canxl/Std/IfxCanxl.h **** 
1564:../Libraries/iLLD/TC4xx/Tricore/Canxl/Std/IfxCanxl.h **** /** \brief CAN FD frames are allowed to TX
1565:../Libraries/iLLD/TC4xx/Tricore/Canxl/Std/IfxCanxl.h ****  * \param node Specifies the pointer to the CAN-XL Node registers
1566:../Libraries/iLLD/TC4xx/Tricore/Canxl/Std/IfxCanxl.h ****  * \return None
1567:../Libraries/iLLD/TC4xx/Tricore/Canxl/Std/IfxCanxl.h ****  */
1568:../Libraries/iLLD/TC4xx/Tricore/Canxl/Std/IfxCanxl.h **** IFX_INLINE void IfxCanxl_Node_acceptCanFDFrameTx(Ifx_CANXL_N *node);
1569:../Libraries/iLLD/TC4xx/Tricore/Canxl/Std/IfxCanxl.h **** 
1570:../Libraries/iLLD/TC4xx/Tricore/Canxl/Std/IfxCanxl.h **** /** \brief CAN FD frames are not allowed to TX
1571:../Libraries/iLLD/TC4xx/Tricore/Canxl/Std/IfxCanxl.h ****  * \param node Specifies the pointer to the CAN-XL Node registers
1572:../Libraries/iLLD/TC4xx/Tricore/Canxl/Std/IfxCanxl.h ****  * \return None
1573:../Libraries/iLLD/TC4xx/Tricore/Canxl/Std/IfxCanxl.h ****  */
1574:../Libraries/iLLD/TC4xx/Tricore/Canxl/Std/IfxCanxl.h **** IFX_INLINE void IfxCanxl_Node_rejectCanFDFrameTx(Ifx_CANXL_N *node);
1575:../Libraries/iLLD/TC4xx/Tricore/Canxl/Std/IfxCanxl.h **** 
1576:../Libraries/iLLD/TC4xx/Tricore/Canxl/Std/IfxCanxl.h **** /** \brief Classic CAN frames are allowed to TX
1577:../Libraries/iLLD/TC4xx/Tricore/Canxl/Std/IfxCanxl.h ****  * \param node Specifies the pointer to the CAN-XL Node registers
1578:../Libraries/iLLD/TC4xx/Tricore/Canxl/Std/IfxCanxl.h ****  * \return None
1579:../Libraries/iLLD/TC4xx/Tricore/Canxl/Std/IfxCanxl.h ****  */
1580:../Libraries/iLLD/TC4xx/Tricore/Canxl/Std/IfxCanxl.h **** IFX_INLINE void IfxCanxl_Node_acceptClassicCanFrameTx(Ifx_CANXL_N *node);
1581:../Libraries/iLLD/TC4xx/Tricore/Canxl/Std/IfxCanxl.h **** 
1582:../Libraries/iLLD/TC4xx/Tricore/Canxl/Std/IfxCanxl.h **** /** \brief Classic CAN frames are not allowed to TX
1583:../Libraries/iLLD/TC4xx/Tricore/Canxl/Std/IfxCanxl.h ****  * \param node Specifies the pointer to the CAN-XL Node registers
1584:../Libraries/iLLD/TC4xx/Tricore/Canxl/Std/IfxCanxl.h ****  * \return None
1585:../Libraries/iLLD/TC4xx/Tricore/Canxl/Std/IfxCanxl.h ****  */
1586:../Libraries/iLLD/TC4xx/Tricore/Canxl/Std/IfxCanxl.h **** IFX_INLINE void IfxCanxl_Node_rejectClassicCanFrameTx(Ifx_CANXL_N *node);
1587:../Libraries/iLLD/TC4xx/Tricore/Canxl/Std/IfxCanxl.h **** 
1588:../Libraries/iLLD/TC4xx/Tricore/Canxl/Std/IfxCanxl.h **** /** \brief Message Handler (MH) busy status check
1589:../Libraries/iLLD/TC4xx/Tricore/Canxl/Std/IfxCanxl.h ****  * \param node Specifies the pointer to the CAN-XL Node registers
1590:../Libraries/iLLD/TC4xx/Tricore/Canxl/Std/IfxCanxl.h ****  * \return TRUE: If MH is busy FALSE: If MH is not busy
1591:../Libraries/iLLD/TC4xx/Tricore/Canxl/Std/IfxCanxl.h ****  */
1592:../Libraries/iLLD/TC4xx/Tricore/Canxl/Std/IfxCanxl.h **** IFX_INLINE boolean IfxCanxl_Node_mhBusyStatus(Ifx_CANXL_N *node);
1593:../Libraries/iLLD/TC4xx/Tricore/Canxl/Std/IfxCanxl.h **** 
1594:../Libraries/iLLD/TC4xx/Tricore/Canxl/Std/IfxCanxl.h **** /** \brief Clears Successful and unsuccessful reception counters
1595:../Libraries/iLLD/TC4xx/Tricore/Canxl/Std/IfxCanxl.h ****  * \param node Specifies the pointer to the CAN-XL Node registers
1596:../Libraries/iLLD/TC4xx/Tricore/Canxl/Std/IfxCanxl.h ****  * \return None
1597:../Libraries/iLLD/TC4xx/Tricore/Canxl/Std/IfxCanxl.h ****  */
1598:../Libraries/iLLD/TC4xx/Tricore/Canxl/Std/IfxCanxl.h **** IFX_INLINE void IfxCanxl_Node_clearRxStatistics(Ifx_CANXL_N *node);
1599:../Libraries/iLLD/TC4xx/Tricore/Canxl/Std/IfxCanxl.h **** 
1600:../Libraries/iLLD/TC4xx/Tricore/Canxl/Std/IfxCanxl.h **** /** \brief Clears Successful and unsuccessful transmission counters
1601:../Libraries/iLLD/TC4xx/Tricore/Canxl/Std/IfxCanxl.h ****  * \param node Specifies the pointer to the CAN-XL Node registers
1602:../Libraries/iLLD/TC4xx/Tricore/Canxl/Std/IfxCanxl.h ****  * \return None
1603:../Libraries/iLLD/TC4xx/Tricore/Canxl/Std/IfxCanxl.h ****  */
1604:../Libraries/iLLD/TC4xx/Tricore/Canxl/Std/IfxCanxl.h **** IFX_INLINE void IfxCanxl_Node_clearTxStatistics(Ifx_CANXL_N *node);
1605:../Libraries/iLLD/TC4xx/Tricore/Canxl/Std/IfxCanxl.h **** 
1606:../Libraries/iLLD/TC4xx/Tricore/Canxl/Std/IfxCanxl.h **** /** \brief Get current node activity
1607:../Libraries/iLLD/TC4xx/Tricore/Canxl/Std/IfxCanxl.h ****  * \param node Specifies the pointer to the CAN-XL Node registers
1608:../Libraries/iLLD/TC4xx/Tricore/Canxl/Std/IfxCanxl.h ****  * \return Current node activity
1609:../Libraries/iLLD/TC4xx/Tricore/Canxl/Std/IfxCanxl.h ****  */
1610:../Libraries/iLLD/TC4xx/Tricore/Canxl/Std/IfxCanxl.h **** IFX_INLINE IfxCanxl_NodeActivity IfxCanxl_Node_getNodeActivity(Ifx_CANXL_N *node);
1611:../Libraries/iLLD/TC4xx/Tricore/Canxl/Std/IfxCanxl.h **** 
1612:../Libraries/iLLD/TC4xx/Tricore/Canxl/Std/IfxCanxl.h **** /** \brief Enables loop back mode
1613:../Libraries/iLLD/TC4xx/Tricore/Canxl/Std/IfxCanxl.h ****  * Note: Ensure TEST mode is enabled prior to calling this API
1614:../Libraries/iLLD/TC4xx/Tricore/Canxl/Std/IfxCanxl.h ****  * \param node Specifies the pointer to the CAN-XL Node registers
1615:../Libraries/iLLD/TC4xx/Tricore/Canxl/Std/IfxCanxl.h ****  * \return None
1616:../Libraries/iLLD/TC4xx/Tricore/Canxl/Std/IfxCanxl.h ****  */
1617:../Libraries/iLLD/TC4xx/Tricore/Canxl/Std/IfxCanxl.h **** IFX_INLINE void IfxCanxl_Node_enableLoopbackMode(Ifx_CANXL_N *node);
1618:../Libraries/iLLD/TC4xx/Tricore/Canxl/Std/IfxCanxl.h **** 
1619:../Libraries/iLLD/TC4xx/Tricore/Canxl/Std/IfxCanxl.h **** /** \brief Starts TX FIFO Queue
1620:../Libraries/iLLD/TC4xx/Tricore/Canxl/Std/IfxCanxl.h ****  * Note: Ensure MH, PRT is started and queue is enabled before calling this API
1621:../Libraries/iLLD/TC4xx/Tricore/Canxl/Std/IfxCanxl.h ****  * \param node Specifies the pointer to the CAN-XL Node registers
1622:../Libraries/iLLD/TC4xx/Tricore/Canxl/Std/IfxCanxl.h ****  * \param idx Queue Index
1623:../Libraries/iLLD/TC4xx/Tricore/Canxl/Std/IfxCanxl.h ****  * \return None
1624:../Libraries/iLLD/TC4xx/Tricore/Canxl/Std/IfxCanxl.h ****  */
1625:../Libraries/iLLD/TC4xx/Tricore/Canxl/Std/IfxCanxl.h **** IFX_INLINE void IfxCanxl_Node_startTxFifoQueue(Ifx_CANXL_N *node, IfxCanxl_TxFifoQueue idx);
1626:../Libraries/iLLD/TC4xx/Tricore/Canxl/Std/IfxCanxl.h **** 
1627:../Libraries/iLLD/TC4xx/Tricore/Canxl/Std/IfxCanxl.h **** /** \brief Starts TX Priority Queue
1628:../Libraries/iLLD/TC4xx/Tricore/Canxl/Std/IfxCanxl.h ****  * Note: Ensure MH, PRT is started and queue is enabled before calling this API
1629:../Libraries/iLLD/TC4xx/Tricore/Canxl/Std/IfxCanxl.h ****  * \param node Specifies the pointer to the CAN-XL Node registers
1630:../Libraries/iLLD/TC4xx/Tricore/Canxl/Std/IfxCanxl.h ****  * \param idx Queue Index
1631:../Libraries/iLLD/TC4xx/Tricore/Canxl/Std/IfxCanxl.h ****  * \return None
1632:../Libraries/iLLD/TC4xx/Tricore/Canxl/Std/IfxCanxl.h ****  */
1633:../Libraries/iLLD/TC4xx/Tricore/Canxl/Std/IfxCanxl.h **** IFX_INLINE void IfxCanxl_Node_startTxPriorityQueue(Ifx_CANXL_N *node, uint8 idx);
1634:../Libraries/iLLD/TC4xx/Tricore/Canxl/Std/IfxCanxl.h **** 
1635:../Libraries/iLLD/TC4xx/Tricore/Canxl/Std/IfxCanxl.h **** /** \brief Starts RX FIFO Queue
1636:../Libraries/iLLD/TC4xx/Tricore/Canxl/Std/IfxCanxl.h ****  * Note: Ensure MH, PRT is started and queue is enabled before calling this API
1637:../Libraries/iLLD/TC4xx/Tricore/Canxl/Std/IfxCanxl.h ****  * \param node Specifies the pointer to the CAN-XL Node registers
1638:../Libraries/iLLD/TC4xx/Tricore/Canxl/Std/IfxCanxl.h ****  * \param idx Queue Index
1639:../Libraries/iLLD/TC4xx/Tricore/Canxl/Std/IfxCanxl.h ****  * \return None
1640:../Libraries/iLLD/TC4xx/Tricore/Canxl/Std/IfxCanxl.h ****  */
1641:../Libraries/iLLD/TC4xx/Tricore/Canxl/Std/IfxCanxl.h **** IFX_INLINE void IfxCanxl_Node_startRxFifoQueue(Ifx_CANXL_N *node, IfxCanxl_RxFifoQueue idx);
1642:../Libraries/iLLD/TC4xx/Tricore/Canxl/Std/IfxCanxl.h **** 
1643:../Libraries/iLLD/TC4xx/Tricore/Canxl/Std/IfxCanxl.h **** /** \brief Checks whether TX FIFO queue is stopped
1644:../Libraries/iLLD/TC4xx/Tricore/Canxl/Std/IfxCanxl.h ****  * \param node Specifies the pointer to the CAN-XL Node registers
1645:../Libraries/iLLD/TC4xx/Tricore/Canxl/Std/IfxCanxl.h ****  * \param idx Queue Index
1646:../Libraries/iLLD/TC4xx/Tricore/Canxl/Std/IfxCanxl.h ****  * \return TRUE: Queue is stopped
1647:../Libraries/iLLD/TC4xx/Tricore/Canxl/Std/IfxCanxl.h ****  */
1648:../Libraries/iLLD/TC4xx/Tricore/Canxl/Std/IfxCanxl.h **** IFX_INLINE boolean IfxCanxl_Node_isTxFifoQueueStopped(Ifx_CANXL_N *node, IfxCanxl_TxFifoQueue idx);
1649:../Libraries/iLLD/TC4xx/Tricore/Canxl/Std/IfxCanxl.h **** 
1650:../Libraries/iLLD/TC4xx/Tricore/Canxl/Std/IfxCanxl.h **** /** \brief Checks whether TX FIFO queue is busy
1651:../Libraries/iLLD/TC4xx/Tricore/Canxl/Std/IfxCanxl.h ****  * \param node Specifies the pointer to the CAN-XL Node registers
1652:../Libraries/iLLD/TC4xx/Tricore/Canxl/Std/IfxCanxl.h ****  * \param idx Queue Index
1653:../Libraries/iLLD/TC4xx/Tricore/Canxl/Std/IfxCanxl.h ****  * \return TRUE: Queue is busy
1654:../Libraries/iLLD/TC4xx/Tricore/Canxl/Std/IfxCanxl.h ****  */
1655:../Libraries/iLLD/TC4xx/Tricore/Canxl/Std/IfxCanxl.h **** IFX_INLINE boolean IfxCanxl_Node_isTxFifoQueueBusy(Ifx_CANXL_N *node, IfxCanxl_TxFifoQueue idx);
1656:../Libraries/iLLD/TC4xx/Tricore/Canxl/Std/IfxCanxl.h **** 
1657:../Libraries/iLLD/TC4xx/Tricore/Canxl/Std/IfxCanxl.h **** /** \brief Checks whether TX Priority queue is busy
1658:../Libraries/iLLD/TC4xx/Tricore/Canxl/Std/IfxCanxl.h ****  * \param node Specifies the pointer to the CAN-XL Node registers
1659:../Libraries/iLLD/TC4xx/Tricore/Canxl/Std/IfxCanxl.h ****  * \param idx Queue Index
1660:../Libraries/iLLD/TC4xx/Tricore/Canxl/Std/IfxCanxl.h ****  * \return TRUE: Queue is busy
1661:../Libraries/iLLD/TC4xx/Tricore/Canxl/Std/IfxCanxl.h ****  */
1662:../Libraries/iLLD/TC4xx/Tricore/Canxl/Std/IfxCanxl.h **** IFX_INLINE boolean IfxCanxl_Node_isTxPriorityQueueBusy(Ifx_CANXL_N *node, uint8 idx);
1663:../Libraries/iLLD/TC4xx/Tricore/Canxl/Std/IfxCanxl.h **** 
1664:../Libraries/iLLD/TC4xx/Tricore/Canxl/Std/IfxCanxl.h **** /** \brief Checks whether RX FIFO queue is stopped
1665:../Libraries/iLLD/TC4xx/Tricore/Canxl/Std/IfxCanxl.h ****  * \param node Specifies the pointer to the CAN-XL Node registers
1666:../Libraries/iLLD/TC4xx/Tricore/Canxl/Std/IfxCanxl.h ****  * \param idx Queue Index
1667:../Libraries/iLLD/TC4xx/Tricore/Canxl/Std/IfxCanxl.h ****  * \return TRUE: Queue is stopped
1668:../Libraries/iLLD/TC4xx/Tricore/Canxl/Std/IfxCanxl.h ****  */
1669:../Libraries/iLLD/TC4xx/Tricore/Canxl/Std/IfxCanxl.h **** IFX_INLINE boolean IfxCanxl_Node_isRxFifoQueueStopped(Ifx_CANXL_N *node, IfxCanxl_RxFifoQueue idx);
1670:../Libraries/iLLD/TC4xx/Tricore/Canxl/Std/IfxCanxl.h **** 
1671:../Libraries/iLLD/TC4xx/Tricore/Canxl/Std/IfxCanxl.h **** /** \brief Checks whether RX FIFO queue is busy
1672:../Libraries/iLLD/TC4xx/Tricore/Canxl/Std/IfxCanxl.h ****  * \param node Specifies the pointer to the CAN-XL Node registers
1673:../Libraries/iLLD/TC4xx/Tricore/Canxl/Std/IfxCanxl.h ****  * \param idx Queue Index
1674:../Libraries/iLLD/TC4xx/Tricore/Canxl/Std/IfxCanxl.h ****  * \return TRUE: Queue is busy
1675:../Libraries/iLLD/TC4xx/Tricore/Canxl/Std/IfxCanxl.h ****  */
1676:../Libraries/iLLD/TC4xx/Tricore/Canxl/Std/IfxCanxl.h **** IFX_INLINE boolean IfxCanxl_Node_isRxFifoQueueBusy(Ifx_CANXL_N *node, IfxCanxl_RxFifoQueue idx);
1677:../Libraries/iLLD/TC4xx/Tricore/Canxl/Std/IfxCanxl.h **** 
1678:../Libraries/iLLD/TC4xx/Tricore/Canxl/Std/IfxCanxl.h **** /** \brief Configures the maximum read and write pending transactions on DMA_AXI interface
1679:../Libraries/iLLD/TC4xx/Tricore/Canxl/Std/IfxCanxl.h ****  * \param node Specifies the pointer to the CAN-XL Node registers
1680:../Libraries/iLLD/TC4xx/Tricore/Canxl/Std/IfxCanxl.h ****  * \param read maximum read pending transactions
1681:../Libraries/iLLD/TC4xx/Tricore/Canxl/Std/IfxCanxl.h ****  * \param write maximum write pending transactions
1682:../Libraries/iLLD/TC4xx/Tricore/Canxl/Std/IfxCanxl.h ****  * \return None
1683:../Libraries/iLLD/TC4xx/Tricore/Canxl/Std/IfxCanxl.h ****  */
1684:../Libraries/iLLD/TC4xx/Tricore/Canxl/Std/IfxCanxl.h **** IFX_INLINE void IfxCanxl_Node_configureAxiParams(Ifx_CANXL_N *node, IfxCanxl_MaxAxiTransactions rea
1685:../Libraries/iLLD/TC4xx/Tricore/Canxl/Std/IfxCanxl.h **** 
1686:../Libraries/iLLD/TC4xx/Tricore/Canxl/Std/IfxCanxl.h **** /** \brief Checks whether PRT is done with bus integration
1687:../Libraries/iLLD/TC4xx/Tricore/Canxl/Std/IfxCanxl.h ****  * \param node Specifies the pointer to the CAN-XL Node registers
1688:../Libraries/iLLD/TC4xx/Tricore/Canxl/Std/IfxCanxl.h ****  * \return TRUE: Bus integration done
1689:../Libraries/iLLD/TC4xx/Tricore/Canxl/Std/IfxCanxl.h ****  */
1690:../Libraries/iLLD/TC4xx/Tricore/Canxl/Std/IfxCanxl.h **** IFX_INLINE boolean IfxCanxl_Node_isBusIntegrationDone(Ifx_CANXL_N *node);
1691:../Libraries/iLLD/TC4xx/Tricore/Canxl/Std/IfxCanxl.h **** 
1692:../Libraries/iLLD/TC4xx/Tricore/Canxl/Std/IfxCanxl.h **** /******************************************************************************/
1693:../Libraries/iLLD/TC4xx/Tricore/Canxl/Std/IfxCanxl.h **** /*-------------------------Global Function Prototypes-------------------------*/
1694:../Libraries/iLLD/TC4xx/Tricore/Canxl/Std/IfxCanxl.h **** /******************************************************************************/
1695:../Libraries/iLLD/TC4xx/Tricore/Canxl/Std/IfxCanxl.h **** 
1696:../Libraries/iLLD/TC4xx/Tricore/Canxl/Std/IfxCanxl.h **** /** \brief Select and initialize the CAN-XL Node receive pin
1697:../Libraries/iLLD/TC4xx/Tricore/Canxl/Std/IfxCanxl.h ****  * \param node Specifies the pointer to the CAN-XL Node registers
1698:../Libraries/iLLD/TC4xx/Tricore/Canxl/Std/IfxCanxl.h ****  * \param rxd Rx pin
1699:../Libraries/iLLD/TC4xx/Tricore/Canxl/Std/IfxCanxl.h ****  * \param mode Input mode
1700:../Libraries/iLLD/TC4xx/Tricore/Canxl/Std/IfxCanxl.h ****  * \param padDriver Pad Driver Configuration
1701:../Libraries/iLLD/TC4xx/Tricore/Canxl/Std/IfxCanxl.h ****  * \return None
1702:../Libraries/iLLD/TC4xx/Tricore/Canxl/Std/IfxCanxl.h ****  */
1703:../Libraries/iLLD/TC4xx/Tricore/Canxl/Std/IfxCanxl.h **** IFX_EXTERN void IfxCanxl_Node_initRxPin(Ifx_CANXL_NODE *node, IfxCanxl_Rxd_In *rxd, IfxPort_InputMo
1704:../Libraries/iLLD/TC4xx/Tricore/Canxl/Std/IfxCanxl.h **** 
1705:../Libraries/iLLD/TC4xx/Tricore/Canxl/Std/IfxCanxl.h **** /** \brief Select and initialize the CAN-XL node transmit pin
1706:../Libraries/iLLD/TC4xx/Tricore/Canxl/Std/IfxCanxl.h ****  * \param txd Tx pin
1707:../Libraries/iLLD/TC4xx/Tricore/Canxl/Std/IfxCanxl.h ****  * \param mode Output mode
1708:../Libraries/iLLD/TC4xx/Tricore/Canxl/Std/IfxCanxl.h ****  * \param padDriver Pad driver Configuration
1709:../Libraries/iLLD/TC4xx/Tricore/Canxl/Std/IfxCanxl.h ****  * \return None
1710:../Libraries/iLLD/TC4xx/Tricore/Canxl/Std/IfxCanxl.h ****  */
1711:../Libraries/iLLD/TC4xx/Tricore/Canxl/Std/IfxCanxl.h **** IFX_EXTERN void IfxCanxl_Node_initTxPin(IfxCanxl_Txd_Out *txd, IfxPort_OutputMode mode, IfxPort_Pad
1712:../Libraries/iLLD/TC4xx/Tricore/Canxl/Std/IfxCanxl.h **** 
1713:../Libraries/iLLD/TC4xx/Tricore/Canxl/Std/IfxCanxl.h **** /** \brief Configure PWME block used for CAN-XL transmission when transceiver is connected
1714:../Libraries/iLLD/TC4xx/Tricore/Canxl/Std/IfxCanxl.h ****  * \param node Pointer to CAN-XL node registers
1715:../Libraries/iLLD/TC4xx/Tricore/Canxl/Std/IfxCanxl.h ****  * \param shortPhase PWM phase Short (PWMS). Valid values are 0x0 to 0x3F (5 bits).
1716:../Libraries/iLLD/TC4xx/Tricore/Canxl/Std/IfxCanxl.h ****  * The actual interpretation of this value is that the PWM short phase length is (PWMS + 1) clock c
1717:../Libraries/iLLD/TC4xx/Tricore/Canxl/Std/IfxCanxl.h ****  * \param longPhase PWM phase Long (PWML). Valid values are 0x0 to 0x3F (5 bits).
1718:../Libraries/iLLD/TC4xx/Tricore/Canxl/Std/IfxCanxl.h ****  * The actual interpretation of this value is that the PWM long phase length is (PWML + 1) clock cy
1719:../Libraries/iLLD/TC4xx/Tricore/Canxl/Std/IfxCanxl.h ****  * \param offset PWM Offset (PWMO). Valid values are 0x0 to 0x3F (5 bits).
1720:../Libraries/iLLD/TC4xx/Tricore/Canxl/Std/IfxCanxl.h ****  * PWMO shall always be smaller than the PWM symbol length (PWMO < PWMS + PWML + 2)
1721:../Libraries/iLLD/TC4xx/Tricore/Canxl/Std/IfxCanxl.h ****  * \return TRUE: Correct configuration was provided and the register was modified.
1722:../Libraries/iLLD/TC4xx/Tricore/Canxl/Std/IfxCanxl.h ****  * FALSE: Incorrect configuration was provided and register was NOT modified.
1723:../Libraries/iLLD/TC4xx/Tricore/Canxl/Std/IfxCanxl.h ****  */
1724:../Libraries/iLLD/TC4xx/Tricore/Canxl/Std/IfxCanxl.h **** IFX_EXTERN boolean IfxCanxl_Node_configurePwmEncoder(Ifx_CANXL_N *node, uint8 shortPhase, uint8 lon
1725:../Libraries/iLLD/TC4xx/Tricore/Canxl/Std/IfxCanxl.h **** 
1726:../Libraries/iLLD/TC4xx/Tricore/Canxl/Std/IfxCanxl.h **** /** \brief Sets CAN-XL node's operation mode
1727:../Libraries/iLLD/TC4xx/Tricore/Canxl/Std/IfxCanxl.h ****  * \param node Pointer to CAN-XL node registers
1728:../Libraries/iLLD/TC4xx/Tricore/Canxl/Std/IfxCanxl.h ****  * \param mode Desired operation mode
1729:../Libraries/iLLD/TC4xx/Tricore/Canxl/Std/IfxCanxl.h ****  * \return None
1730:../Libraries/iLLD/TC4xx/Tricore/Canxl/Std/IfxCanxl.h ****  */
1731:../Libraries/iLLD/TC4xx/Tricore/Canxl/Std/IfxCanxl.h **** IFX_EXTERN void IfxCanxl_Node_setOperationMode(Ifx_CANXL_N *node, IfxCanxl_Node_OperationMode mode)
1732:../Libraries/iLLD/TC4xx/Tricore/Canxl/Std/IfxCanxl.h **** 
1733:../Libraries/iLLD/TC4xx/Tricore/Canxl/Std/IfxCanxl.h **** /** \brief Configures the Arbitration/Nominal bit time and prescaler for all CAN frames
1734:../Libraries/iLLD/TC4xx/Tricore/Canxl/Std/IfxCanxl.h ****  * \param node Specifies the pointer to the CAN-XL Node registers
1735:../Libraries/iLLD/TC4xx/Tricore/Canxl/Std/IfxCanxl.h ****  * \param syncJumpWidth Synchronization Jump Width
1736:../Libraries/iLLD/TC4xx/Tricore/Canxl/Std/IfxCanxl.h ****  * Valid values: 0x00-0x7F | Actual interpretation by HW: Nominal Synchronization Jump Width is (sy
1737:../Libraries/iLLD/TC4xx/Tricore/Canxl/Std/IfxCanxl.h ****  * \param timeSegment2 Time segment after sample point. Defines the length of Phase_Seg2(N)
1738:../Libraries/iLLD/TC4xx/Tricore/Canxl/Std/IfxCanxl.h ****  * Valid values: 0x01-0x7F | Actual interpretation by HW: (timeSegment2 + 1) TQ long
1739:../Libraries/iLLD/TC4xx/Tricore/Canxl/Std/IfxCanxl.h ****  * \param timeSegment1 Time segment before sample point. Defines the sum of Prop_Seg(N) and Phase_S
1740:../Libraries/iLLD/TC4xx/Tricore/Canxl/Std/IfxCanxl.h ****  * Valid values: 0x01-0x1FF | Actual interpretation by HW: (timeSegment1 + 1) TQ long
1741:../Libraries/iLLD/TC4xx/Tricore/Canxl/Std/IfxCanxl.h ****  * \param prescaler Baud Rate Prescaler. Defines the length of the Time Quantum TQ for all three bi
1742:../Libraries/iLLD/TC4xx/Tricore/Canxl/Std/IfxCanxl.h ****  * Valid values: 0x00-0x1F | Actual interpretation by HW: TQ is (prescaler + 1) CLK periods long
1743:../Libraries/iLLD/TC4xx/Tricore/Canxl/Std/IfxCanxl.h ****  * \return None
1744:../Libraries/iLLD/TC4xx/Tricore/Canxl/Std/IfxCanxl.h ****  */
1745:../Libraries/iLLD/TC4xx/Tricore/Canxl/Std/IfxCanxl.h **** IFX_EXTERN void IfxCanxl_Node_setNominalBitTimingValues(Ifx_CANXL_N *node, uint8 syncJumpWidth, uin
1746:../Libraries/iLLD/TC4xx/Tricore/Canxl/Std/IfxCanxl.h **** 
1747:../Libraries/iLLD/TC4xx/Tricore/Canxl/Std/IfxCanxl.h **** /** \brief Configures the FD data phase bit time for CAN-FD frames
1748:../Libraries/iLLD/TC4xx/Tricore/Canxl/Std/IfxCanxl.h ****  * \param node Specifies the pointer to the CAN-XL Node registers
1749:../Libraries/iLLD/TC4xx/Tricore/Canxl/Std/IfxCanxl.h ****  * \param syncJumpWidth Synchronization Jump Width
1750:../Libraries/iLLD/TC4xx/Tricore/Canxl/Std/IfxCanxl.h ****  * Valid values: 0x00-0x7F | Actual interpretation by HW: FD data phase Synchronization Jump Width 
1751:../Libraries/iLLD/TC4xx/Tricore/Canxl/Std/IfxCanxl.h ****  * \param timeSegment2 Time segment after sample point. Defines the length of Phase_Seg2(D)
1752:../Libraries/iLLD/TC4xx/Tricore/Canxl/Std/IfxCanxl.h ****  * Valid values: 0x01-0x7F | Actual interpretation by HW: (timeSegment2 + 1) TQ long
1753:../Libraries/iLLD/TC4xx/Tricore/Canxl/Std/IfxCanxl.h ****  * \param timeSegment1 Time segment before sample point. Defines the sum of Prop_Seg(D) and Phase_S
1754:../Libraries/iLLD/TC4xx/Tricore/Canxl/Std/IfxCanxl.h ****  * Valid values: 0x00-0xFF | Actual interpretation by HW: (timeSegment1 + 1) TQ long
1755:../Libraries/iLLD/TC4xx/Tricore/Canxl/Std/IfxCanxl.h ****  * \param delayOffset Transmitter Delay Compensation Offset for FD frames. Defines the distance bet
1756:../Libraries/iLLD/TC4xx/Tricore/Canxl/Std/IfxCanxl.h ****  * from CAN_TX to CAN_RX and the secondary sample point SSP, measured in CLK periods
1757:../Libraries/iLLD/TC4xx/Tricore/Canxl/Std/IfxCanxl.h ****  * Valid values: 0x00-0xFF. Unit: fCANXL clock period
1758:../Libraries/iLLD/TC4xx/Tricore/Canxl/Std/IfxCanxl.h ****  * \return None
1759:../Libraries/iLLD/TC4xx/Tricore/Canxl/Std/IfxCanxl.h ****  */
1760:../Libraries/iLLD/TC4xx/Tricore/Canxl/Std/IfxCanxl.h **** IFX_EXTERN void IfxCanxl_Node_setFdDataBitTimingValues(Ifx_CANXL_N *node, uint8 syncJumpWidth, uint
1761:../Libraries/iLLD/TC4xx/Tricore/Canxl/Std/IfxCanxl.h **** 
1762:../Libraries/iLLD/TC4xx/Tricore/Canxl/Std/IfxCanxl.h **** /** \brief Configures the XL data phase bit time for CAN-XL frames
1763:../Libraries/iLLD/TC4xx/Tricore/Canxl/Std/IfxCanxl.h ****  * \param node Specifies the pointer to the CAN-XL Node registers
1764:../Libraries/iLLD/TC4xx/Tricore/Canxl/Std/IfxCanxl.h ****  * \param syncJumpWidth Synchronization Jump Width
1765:../Libraries/iLLD/TC4xx/Tricore/Canxl/Std/IfxCanxl.h ****  * Valid values: 0x00-0x7F | Actual interpretation by HW: XL data phase Synchronization Jump Width 
1766:../Libraries/iLLD/TC4xx/Tricore/Canxl/Std/IfxCanxl.h ****  * \param timeSegment2 Time segment after sample point. Defines the length of Phase_Seg2(X)
1767:../Libraries/iLLD/TC4xx/Tricore/Canxl/Std/IfxCanxl.h ****  * Valid values: 0x01-0x7F | Actual interpretation by HW: (timeSegment2 + 1) TQ long
1768:../Libraries/iLLD/TC4xx/Tricore/Canxl/Std/IfxCanxl.h ****  * \param timeSegment1 Time segment before sample point. Defines the sum of Prop_Seg(X) and Phase_S
1769:../Libraries/iLLD/TC4xx/Tricore/Canxl/Std/IfxCanxl.h ****  * Valid values: 0x00-0xFF | Actual interpretation by HW: (timeSegment1 + 1) TQ long
1770:../Libraries/iLLD/TC4xx/Tricore/Canxl/Std/IfxCanxl.h ****  * \param delayOffset Transmitter Delay Compensation Offset for XL frames. Defines the distance bet
1771:../Libraries/iLLD/TC4xx/Tricore/Canxl/Std/IfxCanxl.h ****  * from CAN_TX to CAN_RX and the secondary sample point SSP, measured in CLK periods
1772:../Libraries/iLLD/TC4xx/Tricore/Canxl/Std/IfxCanxl.h ****  * Valid values: 0x00-0xFF. Unit: fCANXL clock period
1773:../Libraries/iLLD/TC4xx/Tricore/Canxl/Std/IfxCanxl.h ****  * \return None
1774:../Libraries/iLLD/TC4xx/Tricore/Canxl/Std/IfxCanxl.h ****  */
1775:../Libraries/iLLD/TC4xx/Tricore/Canxl/Std/IfxCanxl.h **** IFX_EXTERN void IfxCanxl_Node_setXlDataBitTimingValues(Ifx_CANXL_N *node, uint8 syncJumpWidth, uint
1776:../Libraries/iLLD/TC4xx/Tricore/Canxl/Std/IfxCanxl.h **** 
1777:../Libraries/iLLD/TC4xx/Tricore/Canxl/Std/IfxCanxl.h **** /** \brief Calculate optimum bit rate prescaler when given required data and nominal baud rate
1778:../Libraries/iLLD/TC4xx/Tricore/Canxl/Std/IfxCanxl.h ****  * \param moduleFreq CAN-XL module frequency
1779:../Libraries/iLLD/TC4xx/Tricore/Canxl/Std/IfxCanxl.h ****  * \param dataBaudRate Baud rate for data phase
1780:../Libraries/iLLD/TC4xx/Tricore/Canxl/Std/IfxCanxl.h ****  * Note: In case of Classical CAN, pass 0
1781:../Libraries/iLLD/TC4xx/Tricore/Canxl/Std/IfxCanxl.h ****  * \param nominalBaudrate Baud rate for nominal/arbitration phase
1782:../Libraries/iLLD/TC4xx/Tricore/Canxl/Std/IfxCanxl.h ****  * \return Prescaler value (If optimum value is not found then 1 is returned)
1783:../Libraries/iLLD/TC4xx/Tricore/Canxl/Std/IfxCanxl.h ****  */
1784:../Libraries/iLLD/TC4xx/Tricore/Canxl/Std/IfxCanxl.h **** IFX_EXTERN uint8 IfxCanxl_Node_calculateBitratePrescaler(uint32 moduleFreq, uint32 dataBaudRate, ui
1785:../Libraries/iLLD/TC4xx/Tricore/Canxl/Std/IfxCanxl.h **** 
1786:../Libraries/iLLD/TC4xx/Tricore/Canxl/Std/IfxCanxl.h **** /** \brief Sets baud rate for Classical CAN operating mode
1787:../Libraries/iLLD/TC4xx/Tricore/Canxl/Std/IfxCanxl.h ****  * \param node Specifies the pointer to the CAN-XL Node registers
1788:../Libraries/iLLD/TC4xx/Tricore/Canxl/Std/IfxCanxl.h ****  * \param moduleFreq CAN-XL module frequency
1789:../Libraries/iLLD/TC4xx/Tricore/Canxl/Std/IfxCanxl.h ****  * \param nominalConfig Baud rate configuration
1790:../Libraries/iLLD/TC4xx/Tricore/Canxl/Std/IfxCanxl.h ****  * \return None
1791:../Libraries/iLLD/TC4xx/Tricore/Canxl/Std/IfxCanxl.h ****  */
1792:../Libraries/iLLD/TC4xx/Tricore/Canxl/Std/IfxCanxl.h **** IFX_EXTERN void IfxCanxl_Node_configureClassicalBitTiming(Ifx_CANXL_N *node, uint32 moduleFreq, Ifx
1793:../Libraries/iLLD/TC4xx/Tricore/Canxl/Std/IfxCanxl.h **** 
1794:../Libraries/iLLD/TC4xx/Tricore/Canxl/Std/IfxCanxl.h **** /** \brief Sets baud rate for Classical CAN/CAN-FD operating mode
1795:../Libraries/iLLD/TC4xx/Tricore/Canxl/Std/IfxCanxl.h ****  * \param node Specifies the pointer to the CAN-XL Node registers
1796:../Libraries/iLLD/TC4xx/Tricore/Canxl/Std/IfxCanxl.h ****  * \param moduleFreq CAN-XL module frequency
1797:../Libraries/iLLD/TC4xx/Tricore/Canxl/Std/IfxCanxl.h ****  * \param nominalConfig Baud rate configuration for arbitration/nominal phase
1798:../Libraries/iLLD/TC4xx/Tricore/Canxl/Std/IfxCanxl.h ****  * \param fdDataConfig Baud rate configuration for data phase
1799:../Libraries/iLLD/TC4xx/Tricore/Canxl/Std/IfxCanxl.h ****  * \return None
1800:../Libraries/iLLD/TC4xx/Tricore/Canxl/Std/IfxCanxl.h ****  */
1801:../Libraries/iLLD/TC4xx/Tricore/Canxl/Std/IfxCanxl.h **** IFX_EXTERN void IfxCanxl_Node_configureFdBitTiming(Ifx_CANXL_N *node, uint32 moduleFreq, IfxCanxl_N
1802:../Libraries/iLLD/TC4xx/Tricore/Canxl/Std/IfxCanxl.h **** 
1803:../Libraries/iLLD/TC4xx/Tricore/Canxl/Std/IfxCanxl.h **** /** \brief Sets baud rate for CAN-XL only operating modes
1804:../Libraries/iLLD/TC4xx/Tricore/Canxl/Std/IfxCanxl.h ****  * \param node Specifies the pointer to the CAN-XL Node registers
1805:../Libraries/iLLD/TC4xx/Tricore/Canxl/Std/IfxCanxl.h ****  * \param moduleFreq CAN-XL module frequency
1806:../Libraries/iLLD/TC4xx/Tricore/Canxl/Std/IfxCanxl.h ****  * \param nominalConfig Baud rate configuration for arbitration/nominal phase
1807:../Libraries/iLLD/TC4xx/Tricore/Canxl/Std/IfxCanxl.h ****  * \param xlDataConfig Baud rate configuration for data phase
1808:../Libraries/iLLD/TC4xx/Tricore/Canxl/Std/IfxCanxl.h ****  * \return None
1809:../Libraries/iLLD/TC4xx/Tricore/Canxl/Std/IfxCanxl.h ****  */
1810:../Libraries/iLLD/TC4xx/Tricore/Canxl/Std/IfxCanxl.h **** IFX_EXTERN void IfxCanxl_Node_configureXlBitTiming(Ifx_CANXL_N *node, uint32 moduleFreq, IfxCanxl_N
1811:../Libraries/iLLD/TC4xx/Tricore/Canxl/Std/IfxCanxl.h **** 
1812:../Libraries/iLLD/TC4xx/Tricore/Canxl/Std/IfxCanxl.h **** /** \brief Sets baud rate for Classical/FD/XL CAN operating mode
1813:../Libraries/iLLD/TC4xx/Tricore/Canxl/Std/IfxCanxl.h ****  * \param node Specifies the pointer to the CAN-XL Node registers
1814:../Libraries/iLLD/TC4xx/Tricore/Canxl/Std/IfxCanxl.h ****  * \param moduleFreq CAN-XL module frequency
1815:../Libraries/iLLD/TC4xx/Tricore/Canxl/Std/IfxCanxl.h ****  * \param nominalConfig Baud rate configuration for arbitration/nominal phase
1816:../Libraries/iLLD/TC4xx/Tricore/Canxl/Std/IfxCanxl.h ****  * \param fdDataConfig Baud rate configuration for FD data phase
1817:../Libraries/iLLD/TC4xx/Tricore/Canxl/Std/IfxCanxl.h ****  * \param xlDataConfig Baud rate configuration for XL data phase
1818:../Libraries/iLLD/TC4xx/Tricore/Canxl/Std/IfxCanxl.h ****  * \return None
1819:../Libraries/iLLD/TC4xx/Tricore/Canxl/Std/IfxCanxl.h ****  */
1820:../Libraries/iLLD/TC4xx/Tricore/Canxl/Std/IfxCanxl.h **** IFX_EXTERN void IfxCanxl_Node_configureFdXlBitTiming(Ifx_CANXL_N *node, uint32 moduleFreq, IfxCanxl
1821:../Libraries/iLLD/TC4xx/Tricore/Canxl/Std/IfxCanxl.h **** 
1822:../Libraries/iLLD/TC4xx/Tricore/Canxl/Std/IfxCanxl.h **** /** \brief Sets the operation mode of Node protocol controller block
1823:../Libraries/iLLD/TC4xx/Tricore/Canxl/Std/IfxCanxl.h ****  * \param node Specifies the pointer to the CAN-XL Node registers
1824:../Libraries/iLLD/TC4xx/Tricore/Canxl/Std/IfxCanxl.h ****  * \param operation Desired operation
1825:../Libraries/iLLD/TC4xx/Tricore/Canxl/Std/IfxCanxl.h ****  * \return None
1826:../Libraries/iLLD/TC4xx/Tricore/Canxl/Std/IfxCanxl.h ****  */
1827:../Libraries/iLLD/TC4xx/Tricore/Canxl/Std/IfxCanxl.h **** IFX_EXTERN void IfxCanxl_Node_configureProtocolOperation(Ifx_CANXL_N *node, IfxCanxl_ProtocolOperat
1828:../Libraries/iLLD/TC4xx/Tricore/Canxl/Std/IfxCanxl.h **** 
1829:../Libraries/iLLD/TC4xx/Tricore/Canxl/Std/IfxCanxl.h **** /** \brief Global configuration setting for RX filter
1830:../Libraries/iLLD/TC4xx/Tricore/Canxl/Std/IfxCanxl.h ****  * \param node Specifies the pointer to the CAN-XL Node registers
1831:../Libraries/iLLD/TC4xx/Tricore/Canxl/Std/IfxCanxl.h ****  * \param config configure the global setting for RX filter
1832:../Libraries/iLLD/TC4xx/Tricore/Canxl/Std/IfxCanxl.h ****  * \return None
1833:../Libraries/iLLD/TC4xx/Tricore/Canxl/Std/IfxCanxl.h ****  */
1834:../Libraries/iLLD/TC4xx/Tricore/Canxl/Std/IfxCanxl.h **** IFX_EXTERN void IfxCanxl_Node_configureGlobalSettingsRxFilter(Ifx_CANXL_N *node, IfxCanxl_Can_RxFil
1835:../Libraries/iLLD/TC4xx/Tricore/Canxl/Std/IfxCanxl.h **** 
1836:../Libraries/iLLD/TC4xx/Tricore/Canxl/Std/IfxCanxl.h **** /** \brief This API provides the nominal baudrate of CAN Classical, FD, and XL frames.
1837:../Libraries/iLLD/TC4xx/Tricore/Canxl/Std/IfxCanxl.h ****  * Note: Configure baud rate before calling this API
1838:../Libraries/iLLD/TC4xx/Tricore/Canxl/Std/IfxCanxl.h ****  * \param node Specifies the pointer to the CAN-XL Node registers
1839:../Libraries/iLLD/TC4xx/Tricore/Canxl/Std/IfxCanxl.h ****  * \return Baud rate
1840:../Libraries/iLLD/TC4xx/Tricore/Canxl/Std/IfxCanxl.h ****  */
1841:../Libraries/iLLD/TC4xx/Tricore/Canxl/Std/IfxCanxl.h **** IFX_EXTERN uint32 IfxCanxl_Node_getNominalBaudRate(Ifx_CANXL_N *node);
1842:../Libraries/iLLD/TC4xx/Tricore/Canxl/Std/IfxCanxl.h **** 
1843:../Libraries/iLLD/TC4xx/Tricore/Canxl/Std/IfxCanxl.h **** /** \brief This API provides the data phase baud rate of CAN FD frames
1844:../Libraries/iLLD/TC4xx/Tricore/Canxl/Std/IfxCanxl.h ****  * Note: API will return correct values only if FD baud rate is already configured
1845:../Libraries/iLLD/TC4xx/Tricore/Canxl/Std/IfxCanxl.h ****  * \param node Specifies the pointer to the CAN-XL Node registers
1846:../Libraries/iLLD/TC4xx/Tricore/Canxl/Std/IfxCanxl.h ****  * \return Baud rate
1847:../Libraries/iLLD/TC4xx/Tricore/Canxl/Std/IfxCanxl.h ****  */
1848:../Libraries/iLLD/TC4xx/Tricore/Canxl/Std/IfxCanxl.h **** IFX_EXTERN uint32 IfxCanxl_Node_getFdBaudRate(Ifx_CANXL_N *node);
1849:../Libraries/iLLD/TC4xx/Tricore/Canxl/Std/IfxCanxl.h **** 
1850:../Libraries/iLLD/TC4xx/Tricore/Canxl/Std/IfxCanxl.h **** /** \brief This API provides the data phase baud rate of CAN XL frames
1851:../Libraries/iLLD/TC4xx/Tricore/Canxl/Std/IfxCanxl.h ****  * Note: API will return correct values only if XL baud rate is already configured
1852:../Libraries/iLLD/TC4xx/Tricore/Canxl/Std/IfxCanxl.h ****  * \param node Specifies the pointer to the CAN-XL Node registers
1853:../Libraries/iLLD/TC4xx/Tricore/Canxl/Std/IfxCanxl.h ****  * \return Baud rate
1854:../Libraries/iLLD/TC4xx/Tricore/Canxl/Std/IfxCanxl.h ****  */
1855:../Libraries/iLLD/TC4xx/Tricore/Canxl/Std/IfxCanxl.h **** IFX_EXTERN uint32 IfxCanxl_Node_getXlBaudRate(Ifx_CANXL_N *node);
1856:../Libraries/iLLD/TC4xx/Tricore/Canxl/Std/IfxCanxl.h **** 
1857:../Libraries/iLLD/TC4xx/Tricore/Canxl/Std/IfxCanxl.h **** /** \} */
1858:../Libraries/iLLD/TC4xx/Tricore/Canxl/Std/IfxCanxl.h **** 
1859:../Libraries/iLLD/TC4xx/Tricore/Canxl/Std/IfxCanxl.h **** /******************************************************************************/
1860:../Libraries/iLLD/TC4xx/Tricore/Canxl/Std/IfxCanxl.h **** /*---------------------Inline Function Implementations------------------------*/
1861:../Libraries/iLLD/TC4xx/Tricore/Canxl/Std/IfxCanxl.h **** /******************************************************************************/
1862:../Libraries/iLLD/TC4xx/Tricore/Canxl/Std/IfxCanxl.h **** 
1863:../Libraries/iLLD/TC4xx/Tricore/Canxl/Std/IfxCanxl.h **** IFX_INLINE Ifx_CANXL_N *IfxCanxl_getNodePointer(Ifx_CANXL *canxl, IfxCanxl_NodeId nodeId)
1864:../Libraries/iLLD/TC4xx/Tricore/Canxl/Std/IfxCanxl.h **** {
1865:../Libraries/iLLD/TC4xx/Tricore/Canxl/Std/IfxCanxl.h ****     return &(canxl->N[nodeId]);
1866:../Libraries/iLLD/TC4xx/Tricore/Canxl/Std/IfxCanxl.h **** }
1867:../Libraries/iLLD/TC4xx/Tricore/Canxl/Std/IfxCanxl.h **** 
1868:../Libraries/iLLD/TC4xx/Tricore/Canxl/Std/IfxCanxl.h **** 
1869:../Libraries/iLLD/TC4xx/Tricore/Canxl/Std/IfxCanxl.h **** IFX_INLINE boolean IfxCanxl_isModuleEnabled(Ifx_CANXL *canxl)
1870:../Libraries/iLLD/TC4xx/Tricore/Canxl/Std/IfxCanxl.h **** {
1871:../Libraries/iLLD/TC4xx/Tricore/Canxl/Std/IfxCanxl.h ****     boolean enabled = (canxl->MODULE.CLC.B.DISS == 0u) ? TRUE : FALSE;
 192              	 .loc 2 1871 5 discriminator 1
 193              	 .loc 2 1871 43 is_stmt 0 discriminator 1
 194 0010 19420800 	 ld.w %d2,[%a4]8
 195              	 .loc 2 1871 13 discriminator 1
 196 0014 6F120000 	 jz.t %d2,1,.L5
 197              	.LBE27:
 198              	.LBE26:
 110:../Libraries/iLLD/TC4xx/Tricore/Canxl/Std/IfxCanxl.c **** 
 111:../Libraries/iLLD/TC4xx/Tricore/Canxl/Std/IfxCanxl.c **** #if (IFX_PROT_ENABLED == 1U)
 112:../Libraries/iLLD/TC4xx/Tricore/Canxl/Std/IfxCanxl.c ****     IfxApProt_setState((Ifx_PROT_PROT *)&(canxl->PROTE), IfxApProt_State_run);
 113:../Libraries/iLLD/TC4xx/Tricore/Canxl/Std/IfxCanxl.c **** #endif
 114:../Libraries/iLLD/TC4xx/Tricore/Canxl/Std/IfxCanxl.c **** }
 199              	 .loc 1 114 1
 200 0018 0090     	 ret 
 201              	.LFE396:
 203              	 .global IfxCanxl_disableModule_end
 204              	IfxCanxl_disableModule_end:
 205              	 .section .text.IfxCanxl_enableModule,"ax",@progbits
 206              	 .align 1
 207              	 .global IfxCanxl_enableModule
 209              	IfxCanxl_enableModule:
 210              	.LFB397:
 115:../Libraries/iLLD/TC4xx/Tricore/Canxl/Std/IfxCanxl.c **** 
 116:../Libraries/iLLD/TC4xx/Tricore/Canxl/Std/IfxCanxl.c **** 
 117:../Libraries/iLLD/TC4xx/Tricore/Canxl/Std/IfxCanxl.c **** void IfxCanxl_enableModule(Ifx_CANXL *canxl)
 118:../Libraries/iLLD/TC4xx/Tricore/Canxl/Std/IfxCanxl.c **** {
 211              	 .loc 1 118 1 is_stmt 1
 212              	.LVL24:
 213 0000 40AE     	 mov.aa %a14,%SP
 214              	.LCFI4:
 119:../Libraries/iLLD/TC4xx/Tricore/Canxl/Std/IfxCanxl.c **** #if (IFX_PROT_ENABLED == 1U)
 120:../Libraries/iLLD/TC4xx/Tricore/Canxl/Std/IfxCanxl.c ****     IfxApProt_setState((Ifx_PROT_PROT *)&(canxl->PROTE), IfxApProt_State_config);
 121:../Libraries/iLLD/TC4xx/Tricore/Canxl/Std/IfxCanxl.c **** #endif
 122:../Libraries/iLLD/TC4xx/Tricore/Canxl/Std/IfxCanxl.c **** 
 123:../Libraries/iLLD/TC4xx/Tricore/Canxl/Std/IfxCanxl.c ****     /* Enable module, disregard Sleep Mode request */
 124:../Libraries/iLLD/TC4xx/Tricore/Canxl/Std/IfxCanxl.c ****     canxl->MODULE.CLC.B.DISR = 0U;
 215              	 .loc 1 124 5
 216              	 .loc 1 124 30 is_stmt 0
 217 0002 D9420800 	 lea %a2,[%a4]8
 218 0006 19420800 	 ld.w %d2,[%a4]8
 219 000a 8F12C021 	 andn %d2,%d2,~(-2)
 220 000e 7422     	 st.w [%a2]0,%d2
 125:../Libraries/iLLD/TC4xx/Tricore/Canxl/Std/IfxCanxl.c **** 
 126:../Libraries/iLLD/TC4xx/Tricore/Canxl/Std/IfxCanxl.c ****     /* Wait until module is enabled */
 127:../Libraries/iLLD/TC4xx/Tricore/Canxl/Std/IfxCanxl.c ****     while (IfxCanxl_isModuleEnabled(canxl) == FALSE)
 221              	 .loc 1 127 5 is_stmt 1
 222              	.L7:
 128:../Libraries/iLLD/TC4xx/Tricore/Canxl/Std/IfxCanxl.c ****     {}
 223              	 .loc 1 128 6 discriminator 1
 127:../Libraries/iLLD/TC4xx/Tricore/Canxl/Std/IfxCanxl.c ****     {}
 224              	 .loc 1 127 44 discriminator 1
 225              	.LVL25:
 226              	.LBB28:
 227              	.LBB29:
 228              	 .loc 2 1871 5 discriminator 1
 229              	 .loc 2 1871 43 is_stmt 0 discriminator 1
 230 0010 19420800 	 ld.w %d2,[%a4]8
 231              	 .loc 2 1871 13 discriminator 1
 232 0014 6F120080 	 jnz.t %d2,1,.L7
 233              	.LBE29:
 234              	.LBE28:
 129:../Libraries/iLLD/TC4xx/Tricore/Canxl/Std/IfxCanxl.c **** 
 130:../Libraries/iLLD/TC4xx/Tricore/Canxl/Std/IfxCanxl.c **** #if (IFX_PROT_ENABLED == 1U)
 131:../Libraries/iLLD/TC4xx/Tricore/Canxl/Std/IfxCanxl.c ****     IfxApProt_setState((Ifx_PROT_PROT *)&(canxl->PROTE), IfxApProt_State_run);
 132:../Libraries/iLLD/TC4xx/Tricore/Canxl/Std/IfxCanxl.c **** #endif
 133:../Libraries/iLLD/TC4xx/Tricore/Canxl/Std/IfxCanxl.c **** }
 235              	 .loc 1 133 1
 236 0018 0090     	 ret 
 237              	.LFE397:
 239              	 .global IfxCanxl_enableModule_end
 240              	IfxCanxl_enableModule_end:
 241              	 .section .text.IfxCanxl_resetModule,"ax",@progbits
 242              	 .align 1
 243              	 .global IfxCanxl_resetModule
 245              	IfxCanxl_resetModule:
 246              	.LFB398:
 134:../Libraries/iLLD/TC4xx/Tricore/Canxl/Std/IfxCanxl.c **** 
 135:../Libraries/iLLD/TC4xx/Tricore/Canxl/Std/IfxCanxl.c **** 
 136:../Libraries/iLLD/TC4xx/Tricore/Canxl/Std/IfxCanxl.c **** void IfxCanxl_resetModule(Ifx_CANXL *canxl)
 137:../Libraries/iLLD/TC4xx/Tricore/Canxl/Std/IfxCanxl.c **** {
 247              	 .loc 1 137 1 is_stmt 1
 248              	.LVL26:
 249 0000 40AE     	 mov.aa %a14,%SP
 250              	.LCFI5:
 138:../Libraries/iLLD/TC4xx/Tricore/Canxl/Std/IfxCanxl.c **** #if (IFX_PROT_ENABLED == 1U)
 139:../Libraries/iLLD/TC4xx/Tricore/Canxl/Std/IfxCanxl.c ****     IfxApProt_setState((Ifx_PROT_PROT *)&(canxl->PROTE), IfxApProt_State_config);
 140:../Libraries/iLLD/TC4xx/Tricore/Canxl/Std/IfxCanxl.c **** #endif
 141:../Libraries/iLLD/TC4xx/Tricore/Canxl/Std/IfxCanxl.c ****     /* Only if both Kernel reset bits are set, a reset is executed */
 142:../Libraries/iLLD/TC4xx/Tricore/Canxl/Std/IfxCanxl.c ****     canxl->MODULE.RST.CTRLA.B.KRST = 1U;
 251              	 .loc 1 142 5
 252              	 .loc 1 142 36 is_stmt 0
 253 0002 D9420C00 	 lea %a2,[%a4]12
 254 0006 19420C00 	 ld.w %d2,[%a4]12
 255 000a B7120120 	 insert %d2,%d2,1,0,1
 256 000e 7422     	 st.w [%a2]0,%d2
 143:../Libraries/iLLD/TC4xx/Tricore/Canxl/Std/IfxCanxl.c ****     canxl->MODULE.RST.CTRLB.B.KRST = 1U;
 257              	 .loc 1 143 5 is_stmt 1
 258              	 .loc 1 143 36 is_stmt 0
 259 0010 D9421000 	 lea %a2,[%a4]16
 260 0014 19421000 	 ld.w %d2,[%a4]16
 261 0018 B7120120 	 insert %d2,%d2,1,0,1
 262 001c 7422     	 st.w [%a2]0,%d2
 144:../Libraries/iLLD/TC4xx/Tricore/Canxl/Std/IfxCanxl.c **** 
 145:../Libraries/iLLD/TC4xx/Tricore/Canxl/Std/IfxCanxl.c ****     /* Wait until reset is executed */
 146:../Libraries/iLLD/TC4xx/Tricore/Canxl/Std/IfxCanxl.c ****     while (canxl->MODULE.RST.STAT.B.KRST == 0U)
 263              	 .loc 1 146 5 is_stmt 1
 264              	.L9:
 147:../Libraries/iLLD/TC4xx/Tricore/Canxl/Std/IfxCanxl.c ****     {}
 265              	 .loc 1 147 6 discriminator 1
 146:../Libraries/iLLD/TC4xx/Tricore/Canxl/Std/IfxCanxl.c ****     {}
 266              	 .loc 1 146 42 discriminator 1
 146:../Libraries/iLLD/TC4xx/Tricore/Canxl/Std/IfxCanxl.c ****     {}
 267              	 .loc 1 146 36 is_stmt 0 discriminator 1
 268 001e 19421400 	 ld.w %d2,[%a4]20
 146:../Libraries/iLLD/TC4xx/Tricore/Canxl/Std/IfxCanxl.c ****     {}
 269              	 .loc 1 146 42 discriminator 1
 270 0022 6F020000 	 jz.t %d2,0,.L9
 148:../Libraries/iLLD/TC4xx/Tricore/Canxl/Std/IfxCanxl.c **** 
 149:../Libraries/iLLD/TC4xx/Tricore/Canxl/Std/IfxCanxl.c ****     /* Clear Kernel reset status bit */
 150:../Libraries/iLLD/TC4xx/Tricore/Canxl/Std/IfxCanxl.c ****     canxl->MODULE.RST.CTRLB.B.STATCLR = 1U;
 271              	 .loc 1 150 5 is_stmt 1
 272              	 .loc 1 150 39 is_stmt 0
 273 0026 D9421000 	 lea %a2,[%a4]16
 274 002a 19421000 	 ld.w %d2,[%a4]16
 275 002e B712812F 	 insert %d2,%d2,1,31,1
 276 0032 7422     	 st.w [%a2]0,%d2
 151:../Libraries/iLLD/TC4xx/Tricore/Canxl/Std/IfxCanxl.c **** 
 152:../Libraries/iLLD/TC4xx/Tricore/Canxl/Std/IfxCanxl.c ****     while (canxl->MODULE.RST.STAT.B.KRST == 1U)   /* Wait until KRST is cleared, only after this re
 277              	 .loc 1 152 5 is_stmt 1
 278              	.L10:
 153:../Libraries/iLLD/TC4xx/Tricore/Canxl/Std/IfxCanxl.c ****     {}
 279              	 .loc 1 153 6 discriminator 1
 152:../Libraries/iLLD/TC4xx/Tricore/Canxl/Std/IfxCanxl.c ****     {}
 280              	 .loc 1 152 42 discriminator 1
 152:../Libraries/iLLD/TC4xx/Tricore/Canxl/Std/IfxCanxl.c ****     {}
 281              	 .loc 1 152 36 is_stmt 0 discriminator 1
 282 0034 19421400 	 ld.w %d2,[%a4]20
 152:../Libraries/iLLD/TC4xx/Tricore/Canxl/Std/IfxCanxl.c ****     {}
 283              	 .loc 1 152 42 discriminator 1
 284 0038 6F020080 	 jnz.t %d2,0,.L10
 154:../Libraries/iLLD/TC4xx/Tricore/Canxl/Std/IfxCanxl.c **** 
 155:../Libraries/iLLD/TC4xx/Tricore/Canxl/Std/IfxCanxl.c **** #if (IFX_PROT_ENABLED == 1U)
 156:../Libraries/iLLD/TC4xx/Tricore/Canxl/Std/IfxCanxl.c ****     IfxApProt_setState((Ifx_PROT_PROT *)&(canxl->PROTE), IfxApProt_State_run);
 157:../Libraries/iLLD/TC4xx/Tricore/Canxl/Std/IfxCanxl.c **** #endif
 158:../Libraries/iLLD/TC4xx/Tricore/Canxl/Std/IfxCanxl.c **** }
 285              	 .loc 1 158 1
 286 003c 0090     	 ret 
 287              	.LFE398:
 289              	 .global IfxCanxl_resetModule_end
 290              	IfxCanxl_resetModule_end:
 291              	 .section .text.IfxCanxl_resetNode,"ax",@progbits
 292              	 .align 1
 293              	 .global IfxCanxl_resetNode
 295              	IfxCanxl_resetNode:
 296              	.LFB399:
 159:../Libraries/iLLD/TC4xx/Tricore/Canxl/Std/IfxCanxl.c **** 
 160:../Libraries/iLLD/TC4xx/Tricore/Canxl/Std/IfxCanxl.c **** 
 161:../Libraries/iLLD/TC4xx/Tricore/Canxl/Std/IfxCanxl.c **** void IfxCanxl_resetNode(Ifx_CANXL *canxl, IfxCanxl_NodeId nodeId)
 162:../Libraries/iLLD/TC4xx/Tricore/Canxl/Std/IfxCanxl.c **** {
 297              	 .loc 1 162 1 is_stmt 1
 298              	.LVL27:
 299 0000 40AE     	 mov.aa %a14,%SP
 300              	.LCFI6:
 163:../Libraries/iLLD/TC4xx/Tricore/Canxl/Std/IfxCanxl.c **** #if (IFX_PROT_ENABLED == 1U)
 164:../Libraries/iLLD/TC4xx/Tricore/Canxl/Std/IfxCanxl.c ****     IfxApProt_setState((Ifx_PROT_PROT *)&(canxl->PROTE), IfxApProt_State_config);
 165:../Libraries/iLLD/TC4xx/Tricore/Canxl/Std/IfxCanxl.c **** #endif
 166:../Libraries/iLLD/TC4xx/Tricore/Canxl/Std/IfxCanxl.c ****     /* Get pointer to node registers */
 167:../Libraries/iLLD/TC4xx/Tricore/Canxl/Std/IfxCanxl.c ****     Ifx_CANXL_NODE *node = &(canxl->NODE[nodeId]);
 301              	 .loc 1 167 5
 302              	.LVL28:
 168:../Libraries/iLLD/TC4xx/Tricore/Canxl/Std/IfxCanxl.c **** 
 169:../Libraries/iLLD/TC4xx/Tricore/Canxl/Std/IfxCanxl.c ****     /* Only if both Kernel reset bits are set, a reset is executed */
 170:../Libraries/iLLD/TC4xx/Tricore/Canxl/Std/IfxCanxl.c ****     node->RST.CTRLA.B.KRST = 1U;
 303              	 .loc 1 170 5
 304              	 .loc 1 170 28 is_stmt 0
 305 0002 1B140020 	 addi %d2,%d4,1
 306 0006 8F820020 	 sh %d2,%d2,8
 307 000a 01420026 	 addsc.a %a2,%a4,%d2,0
 308              	.LVL29:
 309 000e 5422     	 ld.w %d2,[%a2]0
 310 0010 B7120120 	 insert %d2,%d2,1,0,1
 311 0014 7422     	 st.w [%a2]0,%d2
 171:../Libraries/iLLD/TC4xx/Tricore/Canxl/Std/IfxCanxl.c ****     node->RST.CTRLB.B.KRST = 1U;
 312              	 .loc 1 171 5 is_stmt 1
 313              	 .loc 1 171 28 is_stmt 0
 314 0016 8F840020 	 sh %d2,%d4,8
 315 001a 01420026 	 addsc.a %a2,%a4,%d2,0
 316              	.LVL30:
 317 001e D9230440 	 lea %a3,[%a2]260
 318 0022 19220440 	 ld.w %d2,[%a2]260
 319 0026 B7120120 	 insert %d2,%d2,1,0,1
 320 002a 7432     	 st.w [%a3]0,%d2
 172:../Libraries/iLLD/TC4xx/Tricore/Canxl/Std/IfxCanxl.c **** 
 173:../Libraries/iLLD/TC4xx/Tricore/Canxl/Std/IfxCanxl.c ****     /* Wait until reset is executed */
 174:../Libraries/iLLD/TC4xx/Tricore/Canxl/Std/IfxCanxl.c ****     while (node->RST.STAT.B.KRST == 0U)
 321              	 .loc 1 174 5 is_stmt 1
 322              	.L12:
 175:../Libraries/iLLD/TC4xx/Tricore/Canxl/Std/IfxCanxl.c ****     {}
 323              	 .loc 1 175 6 discriminator 1
 174:../Libraries/iLLD/TC4xx/Tricore/Canxl/Std/IfxCanxl.c ****     {}
 324              	 .loc 1 174 34 discriminator 1
 174:../Libraries/iLLD/TC4xx/Tricore/Canxl/Std/IfxCanxl.c ****     {}
 325              	 .loc 1 174 28 is_stmt 0 discriminator 1
 326 002c 8F840020 	 sh %d2,%d4,8
 327 0030 01420026 	 addsc.a %a2,%a4,%d2,0
 328 0034 19220840 	 ld.w %d2,[%a2]264
 174:../Libraries/iLLD/TC4xx/Tricore/Canxl/Std/IfxCanxl.c ****     {}
 329              	 .loc 1 174 34 discriminator 1
 330 0038 6F020000 	 jz.t %d2,0,.L12
 176:../Libraries/iLLD/TC4xx/Tricore/Canxl/Std/IfxCanxl.c **** 
 177:../Libraries/iLLD/TC4xx/Tricore/Canxl/Std/IfxCanxl.c ****     /* Clear Kernel reset status bit */
 178:../Libraries/iLLD/TC4xx/Tricore/Canxl/Std/IfxCanxl.c ****     node->RST.CTRLB.B.STATCLR = 1U;
 331              	 .loc 1 178 5 is_stmt 1
 332              	 .loc 1 178 31 is_stmt 0
 333 003c 8F840020 	 sh %d2,%d4,8
 334 0040 01420026 	 addsc.a %a2,%a4,%d2,0
 335 0044 D9230440 	 lea %a3,[%a2]260
 336 0048 19220440 	 ld.w %d2,[%a2]260
 337 004c B712812F 	 insert %d2,%d2,1,31,1
 338 0050 7432     	 st.w [%a3]0,%d2
 179:../Libraries/iLLD/TC4xx/Tricore/Canxl/Std/IfxCanxl.c **** 
 180:../Libraries/iLLD/TC4xx/Tricore/Canxl/Std/IfxCanxl.c ****     while (node->RST.STAT.B.KRST == 1U)   /* Wait until KRST is cleared, only after this reset sequ
 339              	 .loc 1 180 5 is_stmt 1
 340              	.L13:
 181:../Libraries/iLLD/TC4xx/Tricore/Canxl/Std/IfxCanxl.c ****     {}
 341              	 .loc 1 181 6 discriminator 1
 180:../Libraries/iLLD/TC4xx/Tricore/Canxl/Std/IfxCanxl.c ****     {}
 342              	 .loc 1 180 34 discriminator 1
 180:../Libraries/iLLD/TC4xx/Tricore/Canxl/Std/IfxCanxl.c ****     {}
 343              	 .loc 1 180 28 is_stmt 0 discriminator 1
 344 0052 8F840020 	 sh %d2,%d4,8
 345 0056 01420026 	 addsc.a %a2,%a4,%d2,0
 346 005a 19220840 	 ld.w %d2,[%a2]264
 180:../Libraries/iLLD/TC4xx/Tricore/Canxl/Std/IfxCanxl.c ****     {}
 347              	 .loc 1 180 34 discriminator 1
 348 005e 6F020080 	 jnz.t %d2,0,.L13
 182:../Libraries/iLLD/TC4xx/Tricore/Canxl/Std/IfxCanxl.c **** 
 183:../Libraries/iLLD/TC4xx/Tricore/Canxl/Std/IfxCanxl.c **** #if (IFX_PROT_ENABLED == 1U)
 184:../Libraries/iLLD/TC4xx/Tricore/Canxl/Std/IfxCanxl.c ****     IfxApProt_setState((Ifx_PROT_PROT *)&(canxl->PROTE), IfxApProt_State_run);
 185:../Libraries/iLLD/TC4xx/Tricore/Canxl/Std/IfxCanxl.c **** #endif
 186:../Libraries/iLLD/TC4xx/Tricore/Canxl/Std/IfxCanxl.c **** }
 349              	 .loc 1 186 1
 350 0062 0090     	 ret 
 351              	.LFE399:
 353              	 .global IfxCanxl_resetNode_end
 354              	IfxCanxl_resetNode_end:
 355              	 .section .text.IfxCanxl_enableNode,"ax",@progbits
 356              	 .align 1
 357              	 .global IfxCanxl_enableNode
 359              	IfxCanxl_enableNode:
 360              	.LFB400:
 187:../Libraries/iLLD/TC4xx/Tricore/Canxl/Std/IfxCanxl.c **** 
 188:../Libraries/iLLD/TC4xx/Tricore/Canxl/Std/IfxCanxl.c **** 
 189:../Libraries/iLLD/TC4xx/Tricore/Canxl/Std/IfxCanxl.c **** void IfxCanxl_enableNode(Ifx_CANXL *canxl, IfxCanxl_NodeId nodeId)
 190:../Libraries/iLLD/TC4xx/Tricore/Canxl/Std/IfxCanxl.c **** {
 361              	 .loc 1 190 1 is_stmt 1
 362              	.LVL31:
 363 0000 40AE     	 mov.aa %a14,%SP
 364              	.LCFI7:
 191:../Libraries/iLLD/TC4xx/Tricore/Canxl/Std/IfxCanxl.c **** #if (IFX_PROT_ENABLED == 1U)
 192:../Libraries/iLLD/TC4xx/Tricore/Canxl/Std/IfxCanxl.c ****     IfxApProt_setState((Ifx_PROT_PROT *)&(canxl->PROTE), IfxApProt_State_config);
 193:../Libraries/iLLD/TC4xx/Tricore/Canxl/Std/IfxCanxl.c **** #endif
 194:../Libraries/iLLD/TC4xx/Tricore/Canxl/Std/IfxCanxl.c ****     /* Write 1 to enable */
 195:../Libraries/iLLD/TC4xx/Tricore/Canxl/Std/IfxCanxl.c ****     uint32 mask  = 1u << (uint32)nodeId;
 365              	 .loc 1 195 5
 366              	 .loc 1 195 12 is_stmt 0
 367 0002 8215     	 mov %d5,1
 368 0004 0F450050 	 sh %d5,%d5,%d4
 369              	.LVL32:
 196:../Libraries/iLLD/TC4xx/Tricore/Canxl/Std/IfxCanxl.c ****     uint32 value = 1u << (uint32)nodeId;
 370              	 .loc 1 196 5 is_stmt 1
 197:../Libraries/iLLD/TC4xx/Tricore/Canxl/Std/IfxCanxl.c **** 
 198:../Libraries/iLLD/TC4xx/Tricore/Canxl/Std/IfxCanxl.c ****     Ifx__ldmst(&canxl->CLKEN, mask, value);
 371              	 .loc 1 198 5
 372              	 .loc 1 198 16 is_stmt 0
 373 0008 D9420010 	 lea %a2,[%a4]64
 374              	.LVL33:
 375              	.LBB30:
 376              	.LBB31:
 377              	 .file 3 "../Libraries/iLLD/TC4xx/Tricore/Cpu/Std/IfxCpu_IntrinsicsGcc.h"
   1:../Libraries/iLLD/TC4xx/Tricore/Cpu/Std/IfxCpu_IntrinsicsGcc.h **** /**
   2:../Libraries/iLLD/TC4xx/Tricore/Cpu/Std/IfxCpu_IntrinsicsGcc.h ****  * \file IfxCpu_IntrinsicsGnuc.h
   3:../Libraries/iLLD/TC4xx/Tricore/Cpu/Std/IfxCpu_IntrinsicsGcc.h ****  *
   4:../Libraries/iLLD/TC4xx/Tricore/Cpu/Std/IfxCpu_IntrinsicsGcc.h ****  * \version iLLD-TC4-v2.7.0
   5:../Libraries/iLLD/TC4xx/Tricore/Cpu/Std/IfxCpu_IntrinsicsGcc.h ****  * \copyright Copyright (c) 2026 Infineon Technologies AG. All rights reserved.
   6:../Libraries/iLLD/TC4xx/Tricore/Cpu/Std/IfxCpu_IntrinsicsGcc.h ****  *
   7:../Libraries/iLLD/TC4xx/Tricore/Cpu/Std/IfxCpu_IntrinsicsGcc.h ****  *
   8:../Libraries/iLLD/TC4xx/Tricore/Cpu/Std/IfxCpu_IntrinsicsGcc.h ****  *
   9:../Libraries/iLLD/TC4xx/Tricore/Cpu/Std/IfxCpu_IntrinsicsGcc.h ****  *                                 IMPORTANT NOTICE
  10:../Libraries/iLLD/TC4xx/Tricore/Cpu/Std/IfxCpu_IntrinsicsGcc.h ****  *
  11:../Libraries/iLLD/TC4xx/Tricore/Cpu/Std/IfxCpu_IntrinsicsGcc.h ****  *
  12:../Libraries/iLLD/TC4xx/Tricore/Cpu/Std/IfxCpu_IntrinsicsGcc.h ****  * Infineon Technologies AG (Infineon) licenses this file to you under the
  13:../Libraries/iLLD/TC4xx/Tricore/Cpu/Std/IfxCpu_IntrinsicsGcc.h ****  * Infineon Automotive SW Lab License v2025-01 (IFASLL). You may not use
  14:../Libraries/iLLD/TC4xx/Tricore/Cpu/Std/IfxCpu_IntrinsicsGcc.h ****  * this file except in compliance with IFASLL.
  15:../Libraries/iLLD/TC4xx/Tricore/Cpu/Std/IfxCpu_IntrinsicsGcc.h ****  *
  16:../Libraries/iLLD/TC4xx/Tricore/Cpu/Std/IfxCpu_IntrinsicsGcc.h ****  * The full license text is contained in IFASLL202501.pdf delivered with this SW.
  17:../Libraries/iLLD/TC4xx/Tricore/Cpu/Std/IfxCpu_IntrinsicsGcc.h ****  * Unless required by applicable law or agreed to in writing, software distributed
  18:../Libraries/iLLD/TC4xx/Tricore/Cpu/Std/IfxCpu_IntrinsicsGcc.h ****  * under this license is distributed "AS IS" without any warranty or liability of any
  19:../Libraries/iLLD/TC4xx/Tricore/Cpu/Std/IfxCpu_IntrinsicsGcc.h ****  * kind and Infineon hereby expressly disclaims any warranties or representations,
  20:../Libraries/iLLD/TC4xx/Tricore/Cpu/Std/IfxCpu_IntrinsicsGcc.h ****  * whether express, implied, statutory or otherwise, including but not limited to
  21:../Libraries/iLLD/TC4xx/Tricore/Cpu/Std/IfxCpu_IntrinsicsGcc.h ****  * warranties of workmanship, merchantability, fitness for a particular purpose,
  22:../Libraries/iLLD/TC4xx/Tricore/Cpu/Std/IfxCpu_IntrinsicsGcc.h ****  * defects in the licensed items, or non-infringement of third parties'
  23:../Libraries/iLLD/TC4xx/Tricore/Cpu/Std/IfxCpu_IntrinsicsGcc.h ****  * intellectual property rights. See the full license text for the specific
  24:../Libraries/iLLD/TC4xx/Tricore/Cpu/Std/IfxCpu_IntrinsicsGcc.h ****  * language governing permissions and limitations under IFASLL.
  25:../Libraries/iLLD/TC4xx/Tricore/Cpu/Std/IfxCpu_IntrinsicsGcc.h ****  *
  26:../Libraries/iLLD/TC4xx/Tricore/Cpu/Std/IfxCpu_IntrinsicsGcc.h ****  * \defgroup IfxLld_Cpu_Intrinsics_Gnuc Intrinsics for GNU compiler
  27:../Libraries/iLLD/TC4xx/Tricore/Cpu/Std/IfxCpu_IntrinsicsGcc.h ****  * \ingroup IfxLld_Cpu_Intrinsics
  28:../Libraries/iLLD/TC4xx/Tricore/Cpu/Std/IfxCpu_IntrinsicsGcc.h ****  *
  29:../Libraries/iLLD/TC4xx/Tricore/Cpu/Std/IfxCpu_IntrinsicsGcc.h ****  */
  30:../Libraries/iLLD/TC4xx/Tricore/Cpu/Std/IfxCpu_IntrinsicsGcc.h **** 
  31:../Libraries/iLLD/TC4xx/Tricore/Cpu/Std/IfxCpu_IntrinsicsGcc.h **** #ifndef IFXCPU_INTRINSICSGCC_H
  32:../Libraries/iLLD/TC4xx/Tricore/Cpu/Std/IfxCpu_IntrinsicsGcc.h **** #define IFXCPU_INTRINSICSGCC_H 1
  33:../Libraries/iLLD/TC4xx/Tricore/Cpu/Std/IfxCpu_IntrinsicsGcc.h **** 
  34:../Libraries/iLLD/TC4xx/Tricore/Cpu/Std/IfxCpu_IntrinsicsGcc.h **** /* old style intrinsics handling for AGENtiX environment */
  35:../Libraries/iLLD/TC4xx/Tricore/Cpu/Std/IfxCpu_IntrinsicsGcc.h **** #if defined(SCTB_EMBEDDED)
  36:../Libraries/iLLD/TC4xx/Tricore/Cpu/Std/IfxCpu_IntrinsicsGcc.h **** # define IFXCPU_INTRINSICSGNUC_USE_MACHINE_INTRINSICS 0
  37:../Libraries/iLLD/TC4xx/Tricore/Cpu/Std/IfxCpu_IntrinsicsGcc.h **** #else
  38:../Libraries/iLLD/TC4xx/Tricore/Cpu/Std/IfxCpu_IntrinsicsGcc.h **** # define IFXCPU_INTRINSICSGNUC_USE_MACHINE_INTRINSICS 1
  39:../Libraries/iLLD/TC4xx/Tricore/Cpu/Std/IfxCpu_IntrinsicsGcc.h **** #endif
  40:../Libraries/iLLD/TC4xx/Tricore/Cpu/Std/IfxCpu_IntrinsicsGcc.h **** 
  41:../Libraries/iLLD/TC4xx/Tricore/Cpu/Std/IfxCpu_IntrinsicsGcc.h **** /******************************************************************************/
  42:../Libraries/iLLD/TC4xx/Tricore/Cpu/Std/IfxCpu_IntrinsicsGcc.h **** #include "Ifx_Types.h"
  43:../Libraries/iLLD/TC4xx/Tricore/Cpu/Std/IfxCpu_IntrinsicsGcc.h **** 
  44:../Libraries/iLLD/TC4xx/Tricore/Cpu/Std/IfxCpu_IntrinsicsGcc.h **** #if IFXCPU_INTRINSICSGNUC_USE_MACHINE_INTRINSICS
  45:../Libraries/iLLD/TC4xx/Tricore/Cpu/Std/IfxCpu_IntrinsicsGcc.h **** #include "machine/intrinsics.h"
  46:../Libraries/iLLD/TC4xx/Tricore/Cpu/Std/IfxCpu_IntrinsicsGcc.h **** #endif
  47:../Libraries/iLLD/TC4xx/Tricore/Cpu/Std/IfxCpu_IntrinsicsGcc.h **** 
  48:../Libraries/iLLD/TC4xx/Tricore/Cpu/Std/IfxCpu_IntrinsicsGcc.h **** /******************************************************************************/
  49:../Libraries/iLLD/TC4xx/Tricore/Cpu/Std/IfxCpu_IntrinsicsGcc.h **** /* *INDENT-OFF* */
  50:../Libraries/iLLD/TC4xx/Tricore/Cpu/Std/IfxCpu_IntrinsicsGcc.h **** #define STRINGIFY(x)    #x
  51:../Libraries/iLLD/TC4xx/Tricore/Cpu/Std/IfxCpu_IntrinsicsGcc.h **** 
  52:../Libraries/iLLD/TC4xx/Tricore/Cpu/Std/IfxCpu_IntrinsicsGcc.h **** /* Endian Swap for CRC32 Calculation*/
  53:../Libraries/iLLD/TC4xx/Tricore/Cpu/Std/IfxCpu_IntrinsicsGcc.h **** #define CPU_CRC_ENDIAN_SWAP 0  /* No Swap by default*/
  54:../Libraries/iLLD/TC4xx/Tricore/Cpu/Std/IfxCpu_IntrinsicsGcc.h **** 
  55:../Libraries/iLLD/TC4xx/Tricore/Cpu/Std/IfxCpu_IntrinsicsGcc.h **** /** Function call without return
  56:../Libraries/iLLD/TC4xx/Tricore/Cpu/Std/IfxCpu_IntrinsicsGcc.h ****  */
  57:../Libraries/iLLD/TC4xx/Tricore/Cpu/Std/IfxCpu_IntrinsicsGcc.h **** #define Ifx__non_return_call(fun)	__asm__ volatile ("ji %0"::"a"(fun))
  58:../Libraries/iLLD/TC4xx/Tricore/Cpu/Std/IfxCpu_IntrinsicsGcc.h **** 
  59:../Libraries/iLLD/TC4xx/Tricore/Cpu/Std/IfxCpu_IntrinsicsGcc.h **** /** Jump and link
  60:../Libraries/iLLD/TC4xx/Tricore/Cpu/Std/IfxCpu_IntrinsicsGcc.h ****  */
  61:../Libraries/iLLD/TC4xx/Tricore/Cpu/Std/IfxCpu_IntrinsicsGcc.h **** IFX_INLINE void Ifx__jump_and_link(void (*fun)(void))
  62:../Libraries/iLLD/TC4xx/Tricore/Cpu/Std/IfxCpu_IntrinsicsGcc.h **** {
  63:../Libraries/iLLD/TC4xx/Tricore/Cpu/Std/IfxCpu_IntrinsicsGcc.h **** 	__asm__ volatile ("jli %0"::"a"(fun));
  64:../Libraries/iLLD/TC4xx/Tricore/Cpu/Std/IfxCpu_IntrinsicsGcc.h **** }
  65:../Libraries/iLLD/TC4xx/Tricore/Cpu/Std/IfxCpu_IntrinsicsGcc.h **** 
  66:../Libraries/iLLD/TC4xx/Tricore/Cpu/Std/IfxCpu_IntrinsicsGcc.h **** IFX_INLINE void Ifx__moveToDataParam0(unsigned int var)
  67:../Libraries/iLLD/TC4xx/Tricore/Cpu/Std/IfxCpu_IntrinsicsGcc.h **** {
  68:../Libraries/iLLD/TC4xx/Tricore/Cpu/Std/IfxCpu_IntrinsicsGcc.h **** 	__asm__ volatile ("mov\t %%d4, %0"::"d"(var));
  69:../Libraries/iLLD/TC4xx/Tricore/Cpu/Std/IfxCpu_IntrinsicsGcc.h **** }
  70:../Libraries/iLLD/TC4xx/Tricore/Cpu/Std/IfxCpu_IntrinsicsGcc.h **** 
  71:../Libraries/iLLD/TC4xx/Tricore/Cpu/Std/IfxCpu_IntrinsicsGcc.h **** IFX_INLINE void Ifx__moveToDataParamRet(unsigned int var)
  72:../Libraries/iLLD/TC4xx/Tricore/Cpu/Std/IfxCpu_IntrinsicsGcc.h **** {
  73:../Libraries/iLLD/TC4xx/Tricore/Cpu/Std/IfxCpu_IntrinsicsGcc.h **** 	__asm__ volatile ("mov\t %%d2, %0"::"d"(var));
  74:../Libraries/iLLD/TC4xx/Tricore/Cpu/Std/IfxCpu_IntrinsicsGcc.h **** }
  75:../Libraries/iLLD/TC4xx/Tricore/Cpu/Std/IfxCpu_IntrinsicsGcc.h **** 
  76:../Libraries/iLLD/TC4xx/Tricore/Cpu/Std/IfxCpu_IntrinsicsGcc.h **** IFX_INLINE unsigned int Ifx__getDataParamRet(void)
  77:../Libraries/iLLD/TC4xx/Tricore/Cpu/Std/IfxCpu_IntrinsicsGcc.h **** {
  78:../Libraries/iLLD/TC4xx/Tricore/Cpu/Std/IfxCpu_IntrinsicsGcc.h **** 	unsigned int var;
  79:../Libraries/iLLD/TC4xx/Tricore/Cpu/Std/IfxCpu_IntrinsicsGcc.h **** 	__asm__ volatile (" mov\t %0, %%d2":"=d"(var));
  80:../Libraries/iLLD/TC4xx/Tricore/Cpu/Std/IfxCpu_IntrinsicsGcc.h **** 	return var;
  81:../Libraries/iLLD/TC4xx/Tricore/Cpu/Std/IfxCpu_IntrinsicsGcc.h **** }
  82:../Libraries/iLLD/TC4xx/Tricore/Cpu/Std/IfxCpu_IntrinsicsGcc.h **** 
  83:../Libraries/iLLD/TC4xx/Tricore/Cpu/Std/IfxCpu_IntrinsicsGcc.h **** IFX_INLINE void Ifx__moveToAddrParam0(const void *var)
  84:../Libraries/iLLD/TC4xx/Tricore/Cpu/Std/IfxCpu_IntrinsicsGcc.h **** {
  85:../Libraries/iLLD/TC4xx/Tricore/Cpu/Std/IfxCpu_IntrinsicsGcc.h **** 	__asm__ volatile ("mov.aa\t %%a4, %0"::"a"(var));
  86:../Libraries/iLLD/TC4xx/Tricore/Cpu/Std/IfxCpu_IntrinsicsGcc.h **** }
  87:../Libraries/iLLD/TC4xx/Tricore/Cpu/Std/IfxCpu_IntrinsicsGcc.h **** 
  88:../Libraries/iLLD/TC4xx/Tricore/Cpu/Std/IfxCpu_IntrinsicsGcc.h **** IFX_INLINE void Ifx__jumpToFunction(const void *fun)
  89:../Libraries/iLLD/TC4xx/Tricore/Cpu/Std/IfxCpu_IntrinsicsGcc.h **** {
  90:../Libraries/iLLD/TC4xx/Tricore/Cpu/Std/IfxCpu_IntrinsicsGcc.h **** 	Ifx__non_return_call(fun);
  91:../Libraries/iLLD/TC4xx/Tricore/Cpu/Std/IfxCpu_IntrinsicsGcc.h **** }
  92:../Libraries/iLLD/TC4xx/Tricore/Cpu/Std/IfxCpu_IntrinsicsGcc.h **** 
  93:../Libraries/iLLD/TC4xx/Tricore/Cpu/Std/IfxCpu_IntrinsicsGcc.h **** IFX_INLINE void Ifx__jumpToFunctionWithLink(const void *fun)
  94:../Libraries/iLLD/TC4xx/Tricore/Cpu/Std/IfxCpu_IntrinsicsGcc.h **** {
  95:../Libraries/iLLD/TC4xx/Tricore/Cpu/Std/IfxCpu_IntrinsicsGcc.h **** 	Ifx__jump_and_link((void (*)(void))fun);
  96:../Libraries/iLLD/TC4xx/Tricore/Cpu/Std/IfxCpu_IntrinsicsGcc.h **** }
  97:../Libraries/iLLD/TC4xx/Tricore/Cpu/Std/IfxCpu_IntrinsicsGcc.h **** 
  98:../Libraries/iLLD/TC4xx/Tricore/Cpu/Std/IfxCpu_IntrinsicsGcc.h **** IFX_INLINE void Ifx__jumpBackToLink(void)
  99:../Libraries/iLLD/TC4xx/Tricore/Cpu/Std/IfxCpu_IntrinsicsGcc.h **** {
 100:../Libraries/iLLD/TC4xx/Tricore/Cpu/Std/IfxCpu_IntrinsicsGcc.h **** 	__asm__ volatile ("ji %a11");
 101:../Libraries/iLLD/TC4xx/Tricore/Cpu/Std/IfxCpu_IntrinsicsGcc.h **** }
 102:../Libraries/iLLD/TC4xx/Tricore/Cpu/Std/IfxCpu_IntrinsicsGcc.h **** 
 103:../Libraries/iLLD/TC4xx/Tricore/Cpu/Std/IfxCpu_IntrinsicsGcc.h **** /** Function to copy 128 bit data from source to destination
 104:../Libraries/iLLD/TC4xx/Tricore/Cpu/Std/IfxCpu_IntrinsicsGcc.h ****  * Addresses must be 128 bit aligned.
 105:../Libraries/iLLD/TC4xx/Tricore/Cpu/Std/IfxCpu_IntrinsicsGcc.h ****  */
 106:../Libraries/iLLD/TC4xx/Tricore/Cpu/Std/IfxCpu_IntrinsicsGcc.h **** IFX_INLINE void Ifx__copyDoubleDouble(volatile uint32 *src, volatile uint32 *dst)
 107:../Libraries/iLLD/TC4xx/Tricore/Cpu/Std/IfxCpu_IntrinsicsGcc.h **** {
 108:../Libraries/iLLD/TC4xx/Tricore/Cpu/Std/IfxCpu_IntrinsicsGcc.h ****     __asm__ ("\t ld.d %%e0, [%0] 0 \n"
 109:../Libraries/iLLD/TC4xx/Tricore/Cpu/Std/IfxCpu_IntrinsicsGcc.h ****              "\t st.d [%1] 0, %%e0 \n"
 110:../Libraries/iLLD/TC4xx/Tricore/Cpu/Std/IfxCpu_IntrinsicsGcc.h ****              "\t ld.d %%e0, [%0] 8 \n"
 111:../Libraries/iLLD/TC4xx/Tricore/Cpu/Std/IfxCpu_IntrinsicsGcc.h ****              "\t st.d [%1] 8, %%e0 \n"
 112:../Libraries/iLLD/TC4xx/Tricore/Cpu/Std/IfxCpu_IntrinsicsGcc.h ****              ::"a" (src), "a" (dst):);
 113:../Libraries/iLLD/TC4xx/Tricore/Cpu/Std/IfxCpu_IntrinsicsGcc.h **** }
 114:../Libraries/iLLD/TC4xx/Tricore/Cpu/Std/IfxCpu_IntrinsicsGcc.h **** 
 115:../Libraries/iLLD/TC4xx/Tricore/Cpu/Std/IfxCpu_IntrinsicsGcc.h **** /** \defgroup IfxLld_Cpu_Intrinsics_Gnuc_any_type Cross type arithmetic operation
 116:../Libraries/iLLD/TC4xx/Tricore/Cpu/Std/IfxCpu_IntrinsicsGcc.h ****  *
 117:../Libraries/iLLD/TC4xx/Tricore/Cpu/Std/IfxCpu_IntrinsicsGcc.h ****  * Macro compatible with float, fix point, signed integer and unsigned integer
 118:../Libraries/iLLD/TC4xx/Tricore/Cpu/Std/IfxCpu_IntrinsicsGcc.h ****  *
 119:../Libraries/iLLD/TC4xx/Tricore/Cpu/Std/IfxCpu_IntrinsicsGcc.h ****  * \ingroup IfxLld_Cpu_Intrinsics_Gnuc
 120:../Libraries/iLLD/TC4xx/Tricore/Cpu/Std/IfxCpu_IntrinsicsGcc.h ****  * \{
 121:../Libraries/iLLD/TC4xx/Tricore/Cpu/Std/IfxCpu_IntrinsicsGcc.h ****  */
 122:../Libraries/iLLD/TC4xx/Tricore/Cpu/Std/IfxCpu_IntrinsicsGcc.h **** #define Ifx__minX(X,Y)                     ( ((X) < (Y)) ? (X) : (Y) )
 123:../Libraries/iLLD/TC4xx/Tricore/Cpu/Std/IfxCpu_IntrinsicsGcc.h **** #define Ifx__maxX(X,Y)                     ( ((X) > (Y)) ? (X) : (Y) )
 124:../Libraries/iLLD/TC4xx/Tricore/Cpu/Std/IfxCpu_IntrinsicsGcc.h **** #define Ifx__saturateX(X,Min,Max)          ( Ifx__minX(Ifx__maxX(X, Min), Max) )
 125:../Libraries/iLLD/TC4xx/Tricore/Cpu/Std/IfxCpu_IntrinsicsGcc.h **** #define Ifx__checkrangeX(X,Min,Max)        (((X) >= (Min)) && ((X) <= (Max)))
 126:../Libraries/iLLD/TC4xx/Tricore/Cpu/Std/IfxCpu_IntrinsicsGcc.h **** /** \} */
 127:../Libraries/iLLD/TC4xx/Tricore/Cpu/Std/IfxCpu_IntrinsicsGcc.h **** 
 128:../Libraries/iLLD/TC4xx/Tricore/Cpu/Std/IfxCpu_IntrinsicsGcc.h **** /** \defgroup IfxLld_Cpu_Intrinsics_Gnuc_singed_integer Signed integer operation
 129:../Libraries/iLLD/TC4xx/Tricore/Cpu/Std/IfxCpu_IntrinsicsGcc.h ****  * \ingroup IfxLld_Cpu_Intrinsics_Gnuc
 130:../Libraries/iLLD/TC4xx/Tricore/Cpu/Std/IfxCpu_IntrinsicsGcc.h ****  * \{
 131:../Libraries/iLLD/TC4xx/Tricore/Cpu/Std/IfxCpu_IntrinsicsGcc.h ****  */
 132:../Libraries/iLLD/TC4xx/Tricore/Cpu/Std/IfxCpu_IntrinsicsGcc.h **** #define Ifx__saturate(X,Min,Max)           ( Ifx__min(Ifx__max(X, Min), Max) )
 133:../Libraries/iLLD/TC4xx/Tricore/Cpu/Std/IfxCpu_IntrinsicsGcc.h **** /** \} */
 134:../Libraries/iLLD/TC4xx/Tricore/Cpu/Std/IfxCpu_IntrinsicsGcc.h **** 
 135:../Libraries/iLLD/TC4xx/Tricore/Cpu/Std/IfxCpu_IntrinsicsGcc.h **** /** \defgroup IfxLld_Cpu_Intrinsics_Gnuc_unsinged_integer Unsigned integer operation
 136:../Libraries/iLLD/TC4xx/Tricore/Cpu/Std/IfxCpu_IntrinsicsGcc.h ****  * \ingroup IfxLld_Cpu_Intrinsics_Gnuc
 137:../Libraries/iLLD/TC4xx/Tricore/Cpu/Std/IfxCpu_IntrinsicsGcc.h ****  * \{
 138:../Libraries/iLLD/TC4xx/Tricore/Cpu/Std/IfxCpu_IntrinsicsGcc.h ****  */
 139:../Libraries/iLLD/TC4xx/Tricore/Cpu/Std/IfxCpu_IntrinsicsGcc.h **** #define Ifx__saturateu(X,Min,Max)           ( Ifx__minu(Ifx__maxu(X, Min), Max) )
 140:../Libraries/iLLD/TC4xx/Tricore/Cpu/Std/IfxCpu_IntrinsicsGcc.h **** /** \} */
 141:../Libraries/iLLD/TC4xx/Tricore/Cpu/Std/IfxCpu_IntrinsicsGcc.h **** 
 142:../Libraries/iLLD/TC4xx/Tricore/Cpu/Std/IfxCpu_IntrinsicsGcc.h **** /** \defgroup IfxLld_Cpu_Intrinsics_Gnucmin_max Minimum and Maximum of (sint16) Integers
 143:../Libraries/iLLD/TC4xx/Tricore/Cpu/Std/IfxCpu_IntrinsicsGcc.h ****  These intrinsic functions return the minimum or maximum of a sint16, uint16 or sint16
 144:../Libraries/iLLD/TC4xx/Tricore/Cpu/Std/IfxCpu_IntrinsicsGcc.h ****  * \ingroup IfxLld_Cpu_Intrinsics_Gnuc
 145:../Libraries/iLLD/TC4xx/Tricore/Cpu/Std/IfxCpu_IntrinsicsGcc.h ****  * \{
 146:../Libraries/iLLD/TC4xx/Tricore/Cpu/Std/IfxCpu_IntrinsicsGcc.h ****  */
 147:../Libraries/iLLD/TC4xx/Tricore/Cpu/Std/IfxCpu_IntrinsicsGcc.h **** 
 148:../Libraries/iLLD/TC4xx/Tricore/Cpu/Std/IfxCpu_IntrinsicsGcc.h **** /** Return maximum of two integers
 149:../Libraries/iLLD/TC4xx/Tricore/Cpu/Std/IfxCpu_IntrinsicsGcc.h ****  */
 150:../Libraries/iLLD/TC4xx/Tricore/Cpu/Std/IfxCpu_IntrinsicsGcc.h **** IFX_INLINE sint32 Ifx__max(sint32 a, sint32 b)
 151:../Libraries/iLLD/TC4xx/Tricore/Cpu/Std/IfxCpu_IntrinsicsGcc.h **** {
 152:../Libraries/iLLD/TC4xx/Tricore/Cpu/Std/IfxCpu_IntrinsicsGcc.h ****     sint32 res;
 153:../Libraries/iLLD/TC4xx/Tricore/Cpu/Std/IfxCpu_IntrinsicsGcc.h ****     __asm__ volatile ("max %0, %1, %2": "=d" (res) : "d" (a), "d" (b));
 154:../Libraries/iLLD/TC4xx/Tricore/Cpu/Std/IfxCpu_IntrinsicsGcc.h ****     return res;
 155:../Libraries/iLLD/TC4xx/Tricore/Cpu/Std/IfxCpu_IntrinsicsGcc.h **** }
 156:../Libraries/iLLD/TC4xx/Tricore/Cpu/Std/IfxCpu_IntrinsicsGcc.h **** 
 157:../Libraries/iLLD/TC4xx/Tricore/Cpu/Std/IfxCpu_IntrinsicsGcc.h **** /** Return maximum of two sint16
 158:../Libraries/iLLD/TC4xx/Tricore/Cpu/Std/IfxCpu_IntrinsicsGcc.h ****  */
 159:../Libraries/iLLD/TC4xx/Tricore/Cpu/Std/IfxCpu_IntrinsicsGcc.h **** IFX_INLINE sint32 Ifx__maxs(sint16 a, sint16 b)
 160:../Libraries/iLLD/TC4xx/Tricore/Cpu/Std/IfxCpu_IntrinsicsGcc.h **** {
 161:../Libraries/iLLD/TC4xx/Tricore/Cpu/Std/IfxCpu_IntrinsicsGcc.h ****     sint32 res;
 162:../Libraries/iLLD/TC4xx/Tricore/Cpu/Std/IfxCpu_IntrinsicsGcc.h ****     __asm__ volatile ("max.h %0, %1, %2": "=d" (res) : "d" (a), "d" (b));
 163:../Libraries/iLLD/TC4xx/Tricore/Cpu/Std/IfxCpu_IntrinsicsGcc.h ****     return res;
 164:../Libraries/iLLD/TC4xx/Tricore/Cpu/Std/IfxCpu_IntrinsicsGcc.h **** }
 165:../Libraries/iLLD/TC4xx/Tricore/Cpu/Std/IfxCpu_IntrinsicsGcc.h **** /** Return maximum of two unsigned integers
 166:../Libraries/iLLD/TC4xx/Tricore/Cpu/Std/IfxCpu_IntrinsicsGcc.h ****  */
 167:../Libraries/iLLD/TC4xx/Tricore/Cpu/Std/IfxCpu_IntrinsicsGcc.h **** IFX_INLINE uint32 Ifx__maxu(uint32 a, uint32 b)
 168:../Libraries/iLLD/TC4xx/Tricore/Cpu/Std/IfxCpu_IntrinsicsGcc.h **** {
 169:../Libraries/iLLD/TC4xx/Tricore/Cpu/Std/IfxCpu_IntrinsicsGcc.h ****     uint32 res;
 170:../Libraries/iLLD/TC4xx/Tricore/Cpu/Std/IfxCpu_IntrinsicsGcc.h ****     __asm__ volatile ("max.u %0, %1, %2": "=d" (res) : "d" (a), "d" (b));
 171:../Libraries/iLLD/TC4xx/Tricore/Cpu/Std/IfxCpu_IntrinsicsGcc.h ****     return res;
 172:../Libraries/iLLD/TC4xx/Tricore/Cpu/Std/IfxCpu_IntrinsicsGcc.h **** }
 173:../Libraries/iLLD/TC4xx/Tricore/Cpu/Std/IfxCpu_IntrinsicsGcc.h **** 
 174:../Libraries/iLLD/TC4xx/Tricore/Cpu/Std/IfxCpu_IntrinsicsGcc.h **** /** Return minimum of two integers
 175:../Libraries/iLLD/TC4xx/Tricore/Cpu/Std/IfxCpu_IntrinsicsGcc.h ****  */
 176:../Libraries/iLLD/TC4xx/Tricore/Cpu/Std/IfxCpu_IntrinsicsGcc.h **** IFX_INLINE sint32 Ifx__min(sint32 a, sint32 b)
 177:../Libraries/iLLD/TC4xx/Tricore/Cpu/Std/IfxCpu_IntrinsicsGcc.h **** {
 178:../Libraries/iLLD/TC4xx/Tricore/Cpu/Std/IfxCpu_IntrinsicsGcc.h ****     sint32 res;
 179:../Libraries/iLLD/TC4xx/Tricore/Cpu/Std/IfxCpu_IntrinsicsGcc.h ****     __asm__ volatile ("min %0, %1, %2": "=d" (res) : "d" (a), "d" (b));
 180:../Libraries/iLLD/TC4xx/Tricore/Cpu/Std/IfxCpu_IntrinsicsGcc.h ****     return res;
 181:../Libraries/iLLD/TC4xx/Tricore/Cpu/Std/IfxCpu_IntrinsicsGcc.h **** }
 182:../Libraries/iLLD/TC4xx/Tricore/Cpu/Std/IfxCpu_IntrinsicsGcc.h **** 
 183:../Libraries/iLLD/TC4xx/Tricore/Cpu/Std/IfxCpu_IntrinsicsGcc.h **** /** Return minimum of two sint16
 184:../Libraries/iLLD/TC4xx/Tricore/Cpu/Std/IfxCpu_IntrinsicsGcc.h ****  */
 185:../Libraries/iLLD/TC4xx/Tricore/Cpu/Std/IfxCpu_IntrinsicsGcc.h **** IFX_INLINE sint16 Ifx__mins(sint16 a, sint16 b)
 186:../Libraries/iLLD/TC4xx/Tricore/Cpu/Std/IfxCpu_IntrinsicsGcc.h **** {
 187:../Libraries/iLLD/TC4xx/Tricore/Cpu/Std/IfxCpu_IntrinsicsGcc.h ****     sint16 res;
 188:../Libraries/iLLD/TC4xx/Tricore/Cpu/Std/IfxCpu_IntrinsicsGcc.h ****     __asm__ volatile ("min.h %0, %1, %2": "=d" (res) : "d" (a), "d" (b));
 189:../Libraries/iLLD/TC4xx/Tricore/Cpu/Std/IfxCpu_IntrinsicsGcc.h ****     return res;
 190:../Libraries/iLLD/TC4xx/Tricore/Cpu/Std/IfxCpu_IntrinsicsGcc.h **** }
 191:../Libraries/iLLD/TC4xx/Tricore/Cpu/Std/IfxCpu_IntrinsicsGcc.h **** 
 192:../Libraries/iLLD/TC4xx/Tricore/Cpu/Std/IfxCpu_IntrinsicsGcc.h **** /** Return minimum of two unsigned integers
 193:../Libraries/iLLD/TC4xx/Tricore/Cpu/Std/IfxCpu_IntrinsicsGcc.h ****  */
 194:../Libraries/iLLD/TC4xx/Tricore/Cpu/Std/IfxCpu_IntrinsicsGcc.h **** IFX_INLINE uint32 Ifx__minu(uint32 a, uint32 b)
 195:../Libraries/iLLD/TC4xx/Tricore/Cpu/Std/IfxCpu_IntrinsicsGcc.h **** {
 196:../Libraries/iLLD/TC4xx/Tricore/Cpu/Std/IfxCpu_IntrinsicsGcc.h ****     uint32 res;
 197:../Libraries/iLLD/TC4xx/Tricore/Cpu/Std/IfxCpu_IntrinsicsGcc.h ****     __asm__ volatile ("min.u %0, %1, %2": "=d" (res) : "d" (a), "d" (b));
 198:../Libraries/iLLD/TC4xx/Tricore/Cpu/Std/IfxCpu_IntrinsicsGcc.h ****     return res;
 199:../Libraries/iLLD/TC4xx/Tricore/Cpu/Std/IfxCpu_IntrinsicsGcc.h **** }
 200:../Libraries/iLLD/TC4xx/Tricore/Cpu/Std/IfxCpu_IntrinsicsGcc.h **** 
 201:../Libraries/iLLD/TC4xx/Tricore/Cpu/Std/IfxCpu_IntrinsicsGcc.h **** /** \} */
 202:../Libraries/iLLD/TC4xx/Tricore/Cpu/Std/IfxCpu_IntrinsicsGcc.h **** 
 203:../Libraries/iLLD/TC4xx/Tricore/Cpu/Std/IfxCpu_IntrinsicsGcc.h **** /** \defgroup intrinsicsgnuc_float Floating point operation
 204:../Libraries/iLLD/TC4xx/Tricore/Cpu/Std/IfxCpu_IntrinsicsGcc.h ****  * \ingroup IfxLld_Cpu_Intrinsics_Gnuc
 205:../Libraries/iLLD/TC4xx/Tricore/Cpu/Std/IfxCpu_IntrinsicsGcc.h ****  * \{
 206:../Libraries/iLLD/TC4xx/Tricore/Cpu/Std/IfxCpu_IntrinsicsGcc.h ****  */
 207:../Libraries/iLLD/TC4xx/Tricore/Cpu/Std/IfxCpu_IntrinsicsGcc.h **** 
 208:../Libraries/iLLD/TC4xx/Tricore/Cpu/Std/IfxCpu_IntrinsicsGcc.h **** #define Ifx__sqrf(X)                       ((X) * (X))
 209:../Libraries/iLLD/TC4xx/Tricore/Cpu/Std/IfxCpu_IntrinsicsGcc.h **** #define Ifx__sqrtf(X)                      sqrtf(X)
 210:../Libraries/iLLD/TC4xx/Tricore/Cpu/Std/IfxCpu_IntrinsicsGcc.h **** #define Ifx__checkrange(X,Min,Max)         (((X) >= (Min)) && ((X) <= (Max)))
 211:../Libraries/iLLD/TC4xx/Tricore/Cpu/Std/IfxCpu_IntrinsicsGcc.h **** 
 212:../Libraries/iLLD/TC4xx/Tricore/Cpu/Std/IfxCpu_IntrinsicsGcc.h **** #define Ifx__roundf(X)                     ((((X) - (sint32)(X)) > 0.5f) ? (1 + (sint32)(X)) : ((si
 213:../Libraries/iLLD/TC4xx/Tricore/Cpu/Std/IfxCpu_IntrinsicsGcc.h **** #define Ifx__absf(X)                       ( ((X) < 0.0f) ? -(X) : (X) )
 214:../Libraries/iLLD/TC4xx/Tricore/Cpu/Std/IfxCpu_IntrinsicsGcc.h **** #define Ifx__minf(X,Y)                     ( ((X) < (Y)) ? (X) : (Y) )
 215:../Libraries/iLLD/TC4xx/Tricore/Cpu/Std/IfxCpu_IntrinsicsGcc.h **** #define Ifx__maxf(X,Y)                     ( ((X) > (Y)) ? (X) : (Y) )
 216:../Libraries/iLLD/TC4xx/Tricore/Cpu/Std/IfxCpu_IntrinsicsGcc.h **** #define Ifx__saturatef(X,Min,Max)          ( Ifx__minf(Ifx__maxf(X, Min), Max) )
 217:../Libraries/iLLD/TC4xx/Tricore/Cpu/Std/IfxCpu_IntrinsicsGcc.h **** #define Ifx__checkrangef(X,Min,Max)        (((X) >= (Min)) && ((X) <= (Max)))
 218:../Libraries/iLLD/TC4xx/Tricore/Cpu/Std/IfxCpu_IntrinsicsGcc.h **** 
 219:../Libraries/iLLD/TC4xx/Tricore/Cpu/Std/IfxCpu_IntrinsicsGcc.h **** #define Ifx__abs_stdreal(X)                ( ((X) > 0.0f) ? (X) : -(X) )
 220:../Libraries/iLLD/TC4xx/Tricore/Cpu/Std/IfxCpu_IntrinsicsGcc.h **** #define Ifx__min_stdreal(X,Y)              ( ((X) < (Y)) ? (X) : (Y) )
 221:../Libraries/iLLD/TC4xx/Tricore/Cpu/Std/IfxCpu_IntrinsicsGcc.h **** #define Ifx__max_stdreal(X,Y)              ( ((X) > (Y)) ? (X) : (Y) )
 222:../Libraries/iLLD/TC4xx/Tricore/Cpu/Std/IfxCpu_IntrinsicsGcc.h **** #define Ifx__saturate_stdreal(X,Min,Max)   ( Ifx__min_stdreal(Ifx__max_stdreal(X, Min), Max) )
 223:../Libraries/iLLD/TC4xx/Tricore/Cpu/Std/IfxCpu_IntrinsicsGcc.h **** 
 224:../Libraries/iLLD/TC4xx/Tricore/Cpu/Std/IfxCpu_IntrinsicsGcc.h **** #define Ifx__neqf(X,Y)                     ( ((X) > (Y)) ||  ((X) < (Y)) )     /**< X != Y */
 225:../Libraries/iLLD/TC4xx/Tricore/Cpu/Std/IfxCpu_IntrinsicsGcc.h **** #define Ifx__leqf(X,Y)                     ( !((X) > (Y)) )     /**< X <= Y */
 226:../Libraries/iLLD/TC4xx/Tricore/Cpu/Std/IfxCpu_IntrinsicsGcc.h **** #define Ifx__geqf(X,Y)                     ( !((X) < (Y)) )     /**< X >= Y */
 227:../Libraries/iLLD/TC4xx/Tricore/Cpu/Std/IfxCpu_IntrinsicsGcc.h **** /** \} */
 228:../Libraries/iLLD/TC4xx/Tricore/Cpu/Std/IfxCpu_IntrinsicsGcc.h **** 
 229:../Libraries/iLLD/TC4xx/Tricore/Cpu/Std/IfxCpu_IntrinsicsGcc.h **** /** \defgroup IfxLld_Cpu_Intrinsics_Gnucfractional Fractional Arithmetic Support
 230:../Libraries/iLLD/TC4xx/Tricore/Cpu/Std/IfxCpu_IntrinsicsGcc.h ****  The next table provides an overview of intrinsic functions to convert fractional values. Note that
 231:../Libraries/iLLD/TC4xx/Tricore/Cpu/Std/IfxCpu_IntrinsicsGcc.h ****  TASKING VX-toolset C compiler for TriCore fully supports the fractional type so normally you shoul
 232:../Libraries/iLLD/TC4xx/Tricore/Cpu/Std/IfxCpu_IntrinsicsGcc.h ****  need these intrinsic functions (except for __mulfractlong). For compatibility reasons the TASKING 
 233:../Libraries/iLLD/TC4xx/Tricore/Cpu/Std/IfxCpu_IntrinsicsGcc.h ****  compiler does support these functions.
 234:../Libraries/iLLD/TC4xx/Tricore/Cpu/Std/IfxCpu_IntrinsicsGcc.h ****  * \ingroup IfxLld_Cpu_Intrinsics_Gnuc
 235:../Libraries/iLLD/TC4xx/Tricore/Cpu/Std/IfxCpu_IntrinsicsGcc.h ****  * \{
 236:../Libraries/iLLD/TC4xx/Tricore/Cpu/Std/IfxCpu_IntrinsicsGcc.h ****  */
 237:../Libraries/iLLD/TC4xx/Tricore/Cpu/Std/IfxCpu_IntrinsicsGcc.h **** 
 238:../Libraries/iLLD/TC4xx/Tricore/Cpu/Std/IfxCpu_IntrinsicsGcc.h **** /** Count the consecutive number of bits that have the same value as bit 15 of an sfract
 239:../Libraries/iLLD/TC4xx/Tricore/Cpu/Std/IfxCpu_IntrinsicsGcc.h ****  */
 240:../Libraries/iLLD/TC4xx/Tricore/Cpu/Std/IfxCpu_IntrinsicsGcc.h **** IFX_INLINE sint16 Ifx__clssf(sfract a)
 241:../Libraries/iLLD/TC4xx/Tricore/Cpu/Std/IfxCpu_IntrinsicsGcc.h **** {
 242:../Libraries/iLLD/TC4xx/Tricore/Cpu/Std/IfxCpu_IntrinsicsGcc.h ****     sint16 res;
 243:../Libraries/iLLD/TC4xx/Tricore/Cpu/Std/IfxCpu_IntrinsicsGcc.h ****     __asm__ volatile ("sh  %1,%1,16    \n\
 244:../Libraries/iLLD/TC4xx/Tricore/Cpu/Std/IfxCpu_IntrinsicsGcc.h ****                       cls  %0,%1":"=d"(res):"d"(a):"memory");
 245:../Libraries/iLLD/TC4xx/Tricore/Cpu/Std/IfxCpu_IntrinsicsGcc.h ****     return res;
 246:../Libraries/iLLD/TC4xx/Tricore/Cpu/Std/IfxCpu_IntrinsicsGcc.h **** }
 247:../Libraries/iLLD/TC4xx/Tricore/Cpu/Std/IfxCpu_IntrinsicsGcc.h **** 
 248:../Libraries/iLLD/TC4xx/Tricore/Cpu/Std/IfxCpu_IntrinsicsGcc.h **** /** Convert fract to float
 249:../Libraries/iLLD/TC4xx/Tricore/Cpu/Std/IfxCpu_IntrinsicsGcc.h ****  */
 250:../Libraries/iLLD/TC4xx/Tricore/Cpu/Std/IfxCpu_IntrinsicsGcc.h **** IFX_INLINE float Ifx__fract_to_float(fract a)
 251:../Libraries/iLLD/TC4xx/Tricore/Cpu/Std/IfxCpu_IntrinsicsGcc.h **** {
 252:../Libraries/iLLD/TC4xx/Tricore/Cpu/Std/IfxCpu_IntrinsicsGcc.h ****     float res;
 253:../Libraries/iLLD/TC4xx/Tricore/Cpu/Std/IfxCpu_IntrinsicsGcc.h ****     __asm__ volatile ("q31tof  %0,%1,%2":"=d"(res):"d"(a), "d"(0):"memory");
 254:../Libraries/iLLD/TC4xx/Tricore/Cpu/Std/IfxCpu_IntrinsicsGcc.h ****     return res;
 255:../Libraries/iLLD/TC4xx/Tricore/Cpu/Std/IfxCpu_IntrinsicsGcc.h **** }
 256:../Libraries/iLLD/TC4xx/Tricore/Cpu/Std/IfxCpu_IntrinsicsGcc.h **** 
 257:../Libraries/iLLD/TC4xx/Tricore/Cpu/Std/IfxCpu_IntrinsicsGcc.h **** /** Convert float to fract
 258:../Libraries/iLLD/TC4xx/Tricore/Cpu/Std/IfxCpu_IntrinsicsGcc.h ****  */
 259:../Libraries/iLLD/TC4xx/Tricore/Cpu/Std/IfxCpu_IntrinsicsGcc.h **** IFX_INLINE fract Ifx__float_to_fract(float a)
 260:../Libraries/iLLD/TC4xx/Tricore/Cpu/Std/IfxCpu_IntrinsicsGcc.h **** {
 261:../Libraries/iLLD/TC4xx/Tricore/Cpu/Std/IfxCpu_IntrinsicsGcc.h ****     fract res;
 262:../Libraries/iLLD/TC4xx/Tricore/Cpu/Std/IfxCpu_IntrinsicsGcc.h ****     __asm__ volatile ("ftoq31  %0,%1,%2":"=d"(res):"d"(a), "d"(0):"memory");
 263:../Libraries/iLLD/TC4xx/Tricore/Cpu/Std/IfxCpu_IntrinsicsGcc.h ****     return res;
 264:../Libraries/iLLD/TC4xx/Tricore/Cpu/Std/IfxCpu_IntrinsicsGcc.h **** }
 265:../Libraries/iLLD/TC4xx/Tricore/Cpu/Std/IfxCpu_IntrinsicsGcc.h **** 
 266:../Libraries/iLLD/TC4xx/Tricore/Cpu/Std/IfxCpu_IntrinsicsGcc.h **** /** Convert fract to sfract
 267:../Libraries/iLLD/TC4xx/Tricore/Cpu/Std/IfxCpu_IntrinsicsGcc.h ****  */
 268:../Libraries/iLLD/TC4xx/Tricore/Cpu/Std/IfxCpu_IntrinsicsGcc.h **** IFX_INLINE sfract Ifx__fract_to_sfract(fract a)
 269:../Libraries/iLLD/TC4xx/Tricore/Cpu/Std/IfxCpu_IntrinsicsGcc.h **** {
 270:../Libraries/iLLD/TC4xx/Tricore/Cpu/Std/IfxCpu_IntrinsicsGcc.h ****     sfract res;
 271:../Libraries/iLLD/TC4xx/Tricore/Cpu/Std/IfxCpu_IntrinsicsGcc.h ****     __asm__ volatile ("mov.u  %0,0x8000        \n\
 272:../Libraries/iLLD/TC4xx/Tricore/Cpu/Std/IfxCpu_IntrinsicsGcc.h ****                     adds  %0,%1              \n\
 273:../Libraries/iLLD/TC4xx/Tricore/Cpu/Std/IfxCpu_IntrinsicsGcc.h ****                     extr  %0,%0,0x10,0x10 "
 274:../Libraries/iLLD/TC4xx/Tricore/Cpu/Std/IfxCpu_IntrinsicsGcc.h ****                       :"=&d"(res):"d"(a):"memory");
 275:../Libraries/iLLD/TC4xx/Tricore/Cpu/Std/IfxCpu_IntrinsicsGcc.h ****     return res;
 276:../Libraries/iLLD/TC4xx/Tricore/Cpu/Std/IfxCpu_IntrinsicsGcc.h **** }
 277:../Libraries/iLLD/TC4xx/Tricore/Cpu/Std/IfxCpu_IntrinsicsGcc.h **** 
 278:../Libraries/iLLD/TC4xx/Tricore/Cpu/Std/IfxCpu_IntrinsicsGcc.h **** /** Convert float to sfract
 279:../Libraries/iLLD/TC4xx/Tricore/Cpu/Std/IfxCpu_IntrinsicsGcc.h ****  */
 280:../Libraries/iLLD/TC4xx/Tricore/Cpu/Std/IfxCpu_IntrinsicsGcc.h **** IFX_INLINE sfract Ifx__float_to_sfract(float a)
 281:../Libraries/iLLD/TC4xx/Tricore/Cpu/Std/IfxCpu_IntrinsicsGcc.h **** {
 282:../Libraries/iLLD/TC4xx/Tricore/Cpu/Std/IfxCpu_IntrinsicsGcc.h ****     fract tmp = Ifx__float_to_fract(a);
 283:../Libraries/iLLD/TC4xx/Tricore/Cpu/Std/IfxCpu_IntrinsicsGcc.h ****     return Ifx__fract_to_sfract(tmp);
 284:../Libraries/iLLD/TC4xx/Tricore/Cpu/Std/IfxCpu_IntrinsicsGcc.h **** }
 285:../Libraries/iLLD/TC4xx/Tricore/Cpu/Std/IfxCpu_IntrinsicsGcc.h **** 
 286:../Libraries/iLLD/TC4xx/Tricore/Cpu/Std/IfxCpu_IntrinsicsGcc.h **** /** Convert laccum to fract
 287:../Libraries/iLLD/TC4xx/Tricore/Cpu/Std/IfxCpu_IntrinsicsGcc.h ****  */
 288:../Libraries/iLLD/TC4xx/Tricore/Cpu/Std/IfxCpu_IntrinsicsGcc.h **** IFX_INLINE fract Ifx__getfract(laccum a)
 289:../Libraries/iLLD/TC4xx/Tricore/Cpu/Std/IfxCpu_IntrinsicsGcc.h **** {
 290:../Libraries/iLLD/TC4xx/Tricore/Cpu/Std/IfxCpu_IntrinsicsGcc.h ****     fract res;
 291:../Libraries/iLLD/TC4xx/Tricore/Cpu/Std/IfxCpu_IntrinsicsGcc.h ****     __asm__ volatile ("dextr  %0,%H1,%L1,0x11":"=&d" (res):"d" (a):"memory");
 292:../Libraries/iLLD/TC4xx/Tricore/Cpu/Std/IfxCpu_IntrinsicsGcc.h ****     return res;
 293:../Libraries/iLLD/TC4xx/Tricore/Cpu/Std/IfxCpu_IntrinsicsGcc.h **** }
 294:../Libraries/iLLD/TC4xx/Tricore/Cpu/Std/IfxCpu_IntrinsicsGcc.h **** 
 295:../Libraries/iLLD/TC4xx/Tricore/Cpu/Std/IfxCpu_IntrinsicsGcc.h **** /** Multiply-add with rounding. Returns the rounded result of ( a + b * c )
 296:../Libraries/iLLD/TC4xx/Tricore/Cpu/Std/IfxCpu_IntrinsicsGcc.h ****  */
 297:../Libraries/iLLD/TC4xx/Tricore/Cpu/Std/IfxCpu_IntrinsicsGcc.h **** IFX_INLINE sfract Ifx__mac_r_sf(sfract a, sfract b, sfract c)
 298:../Libraries/iLLD/TC4xx/Tricore/Cpu/Std/IfxCpu_IntrinsicsGcc.h **** {
 299:../Libraries/iLLD/TC4xx/Tricore/Cpu/Std/IfxCpu_IntrinsicsGcc.h ****     sfract res;
 300:../Libraries/iLLD/TC4xx/Tricore/Cpu/Std/IfxCpu_IntrinsicsGcc.h ****     __asm__ volatile ("sh  %1,%1,16        \n\
 301:../Libraries/iLLD/TC4xx/Tricore/Cpu/Std/IfxCpu_IntrinsicsGcc.h ****                        maddrs.q  %0,%1,%2L,%3L,1        \n\
 302:../Libraries/iLLD/TC4xx/Tricore/Cpu/Std/IfxCpu_IntrinsicsGcc.h ****                        sh %0,%0,-16":"=d"(res):"d"(a), "d"(b), "d"(c):"memory");
 303:../Libraries/iLLD/TC4xx/Tricore/Cpu/Std/IfxCpu_IntrinsicsGcc.h ****     return res;
 304:../Libraries/iLLD/TC4xx/Tricore/Cpu/Std/IfxCpu_IntrinsicsGcc.h **** }
 305:../Libraries/iLLD/TC4xx/Tricore/Cpu/Std/IfxCpu_IntrinsicsGcc.h **** 
 306:../Libraries/iLLD/TC4xx/Tricore/Cpu/Std/IfxCpu_IntrinsicsGcc.h **** /** Multiply-add sfract. Returns ( a + b * c )
 307:../Libraries/iLLD/TC4xx/Tricore/Cpu/Std/IfxCpu_IntrinsicsGcc.h ****  */
 308:../Libraries/iLLD/TC4xx/Tricore/Cpu/Std/IfxCpu_IntrinsicsGcc.h **** IFX_INLINE sfract Ifx__mac_sf(sfract a, sfract b, sfract c)
 309:../Libraries/iLLD/TC4xx/Tricore/Cpu/Std/IfxCpu_IntrinsicsGcc.h **** {
 310:../Libraries/iLLD/TC4xx/Tricore/Cpu/Std/IfxCpu_IntrinsicsGcc.h ****     sfract res;
 311:../Libraries/iLLD/TC4xx/Tricore/Cpu/Std/IfxCpu_IntrinsicsGcc.h ****     __asm__ volatile ("sh  %1,%1,16        \n\
 312:../Libraries/iLLD/TC4xx/Tricore/Cpu/Std/IfxCpu_IntrinsicsGcc.h ****                       madds.q  %0,%1,%2L,%3L,1        \n\
 313:../Libraries/iLLD/TC4xx/Tricore/Cpu/Std/IfxCpu_IntrinsicsGcc.h ****                       sh %0,%0,-16":"=d"(res):"d"(a), "d"(b), "d"(c):"memory");
 314:../Libraries/iLLD/TC4xx/Tricore/Cpu/Std/IfxCpu_IntrinsicsGcc.h ****     return res;
 315:../Libraries/iLLD/TC4xx/Tricore/Cpu/Std/IfxCpu_IntrinsicsGcc.h **** }
 316:../Libraries/iLLD/TC4xx/Tricore/Cpu/Std/IfxCpu_IntrinsicsGcc.h **** 
 317:../Libraries/iLLD/TC4xx/Tricore/Cpu/Std/IfxCpu_IntrinsicsGcc.h **** /** Integer part of the multiplication of a fract and a fract
 318:../Libraries/iLLD/TC4xx/Tricore/Cpu/Std/IfxCpu_IntrinsicsGcc.h ****  */
 319:../Libraries/iLLD/TC4xx/Tricore/Cpu/Std/IfxCpu_IntrinsicsGcc.h **** IFX_INLINE long Ifx__mulfractfract(fract a, fract b)
 320:../Libraries/iLLD/TC4xx/Tricore/Cpu/Std/IfxCpu_IntrinsicsGcc.h **** {
 321:../Libraries/iLLD/TC4xx/Tricore/Cpu/Std/IfxCpu_IntrinsicsGcc.h ****     long res;
 322:../Libraries/iLLD/TC4xx/Tricore/Cpu/Std/IfxCpu_IntrinsicsGcc.h ****     __asm__ volatile ("mul.q %0,%1,%2,1":"=d"(res):"d"(a), "d"(b):"memory");
 323:../Libraries/iLLD/TC4xx/Tricore/Cpu/Std/IfxCpu_IntrinsicsGcc.h ****     return res;
 324:../Libraries/iLLD/TC4xx/Tricore/Cpu/Std/IfxCpu_IntrinsicsGcc.h **** }
 325:../Libraries/iLLD/TC4xx/Tricore/Cpu/Std/IfxCpu_IntrinsicsGcc.h **** 
 326:../Libraries/iLLD/TC4xx/Tricore/Cpu/Std/IfxCpu_IntrinsicsGcc.h **** /** Integer part of the multiplication of a fract and a long
 327:../Libraries/iLLD/TC4xx/Tricore/Cpu/Std/IfxCpu_IntrinsicsGcc.h ****  */
 328:../Libraries/iLLD/TC4xx/Tricore/Cpu/Std/IfxCpu_IntrinsicsGcc.h **** IFX_INLINE long Ifx__mulfractlong(fract a, long b)
 329:../Libraries/iLLD/TC4xx/Tricore/Cpu/Std/IfxCpu_IntrinsicsGcc.h **** {
 330:../Libraries/iLLD/TC4xx/Tricore/Cpu/Std/IfxCpu_IntrinsicsGcc.h ****     long res;
 331:../Libraries/iLLD/TC4xx/Tricore/Cpu/Std/IfxCpu_IntrinsicsGcc.h ****     __asm__ volatile ("mul.q %0,%1,%2,1":"=d"(res):"d"(a), "d"(b):"memory");
 332:../Libraries/iLLD/TC4xx/Tricore/Cpu/Std/IfxCpu_IntrinsicsGcc.h ****     return res;
 333:../Libraries/iLLD/TC4xx/Tricore/Cpu/Std/IfxCpu_IntrinsicsGcc.h **** }
 334:../Libraries/iLLD/TC4xx/Tricore/Cpu/Std/IfxCpu_IntrinsicsGcc.h **** 
 335:../Libraries/iLLD/TC4xx/Tricore/Cpu/Std/IfxCpu_IntrinsicsGcc.h **** /** Convert fract to sfract
 336:../Libraries/iLLD/TC4xx/Tricore/Cpu/Std/IfxCpu_IntrinsicsGcc.h ****  */
 337:../Libraries/iLLD/TC4xx/Tricore/Cpu/Std/IfxCpu_IntrinsicsGcc.h **** IFX_INLINE sfract Ifx__round16(fract a)
 338:../Libraries/iLLD/TC4xx/Tricore/Cpu/Std/IfxCpu_IntrinsicsGcc.h **** {
 339:../Libraries/iLLD/TC4xx/Tricore/Cpu/Std/IfxCpu_IntrinsicsGcc.h ****     sfract res;
 340:../Libraries/iLLD/TC4xx/Tricore/Cpu/Std/IfxCpu_IntrinsicsGcc.h ****     __asm__ volatile ("mov.u  %0,0x8000        \n\
 341:../Libraries/iLLD/TC4xx/Tricore/Cpu/Std/IfxCpu_IntrinsicsGcc.h ****                     adds  %0,%1              \n\
 342:../Libraries/iLLD/TC4xx/Tricore/Cpu/Std/IfxCpu_IntrinsicsGcc.h ****                     insert  %0,%0,0,0,0x10 \n\
 343:../Libraries/iLLD/TC4xx/Tricore/Cpu/Std/IfxCpu_IntrinsicsGcc.h **** 					sh  %0,%0,-16"
 344:../Libraries/iLLD/TC4xx/Tricore/Cpu/Std/IfxCpu_IntrinsicsGcc.h ****                       :"=&d"(res):"d"(a):"memory");
 345:../Libraries/iLLD/TC4xx/Tricore/Cpu/Std/IfxCpu_IntrinsicsGcc.h ****     return res;
 346:../Libraries/iLLD/TC4xx/Tricore/Cpu/Std/IfxCpu_IntrinsicsGcc.h **** }
 347:../Libraries/iLLD/TC4xx/Tricore/Cpu/Std/IfxCpu_IntrinsicsGcc.h **** 
 348:../Libraries/iLLD/TC4xx/Tricore/Cpu/Std/IfxCpu_IntrinsicsGcc.h **** /** Convert signed sint16 to sfract
 349:../Libraries/iLLD/TC4xx/Tricore/Cpu/Std/IfxCpu_IntrinsicsGcc.h ****  */
 350:../Libraries/iLLD/TC4xx/Tricore/Cpu/Std/IfxCpu_IntrinsicsGcc.h **** IFX_INLINE sfract Ifx__s16_to_sfract(sint16 a)
 351:../Libraries/iLLD/TC4xx/Tricore/Cpu/Std/IfxCpu_IntrinsicsGcc.h **** {
 352:../Libraries/iLLD/TC4xx/Tricore/Cpu/Std/IfxCpu_IntrinsicsGcc.h ****     sfract res;
 353:../Libraries/iLLD/TC4xx/Tricore/Cpu/Std/IfxCpu_IntrinsicsGcc.h ****     __asm__ volatile ("sh  %0,%1,16    \n\
 354:../Libraries/iLLD/TC4xx/Tricore/Cpu/Std/IfxCpu_IntrinsicsGcc.h ****                        sh  %0,%1,-16":"=d"(res):"d"(a):"memory");
 355:../Libraries/iLLD/TC4xx/Tricore/Cpu/Std/IfxCpu_IntrinsicsGcc.h ****     return res;
 356:../Libraries/iLLD/TC4xx/Tricore/Cpu/Std/IfxCpu_IntrinsicsGcc.h **** }
 357:../Libraries/iLLD/TC4xx/Tricore/Cpu/Std/IfxCpu_IntrinsicsGcc.h **** 
 358:../Libraries/iLLD/TC4xx/Tricore/Cpu/Std/IfxCpu_IntrinsicsGcc.h **** /** Convert sfract to sint16
 359:../Libraries/iLLD/TC4xx/Tricore/Cpu/Std/IfxCpu_IntrinsicsGcc.h ****  */
 360:../Libraries/iLLD/TC4xx/Tricore/Cpu/Std/IfxCpu_IntrinsicsGcc.h **** IFX_INLINE sint16 Ifx__sfract_to_s16(sfract a)
 361:../Libraries/iLLD/TC4xx/Tricore/Cpu/Std/IfxCpu_IntrinsicsGcc.h **** {
 362:../Libraries/iLLD/TC4xx/Tricore/Cpu/Std/IfxCpu_IntrinsicsGcc.h ****     sint16 res;
 363:../Libraries/iLLD/TC4xx/Tricore/Cpu/Std/IfxCpu_IntrinsicsGcc.h ****     __asm__ volatile ("sh  %1,%1,16    \n\
 364:../Libraries/iLLD/TC4xx/Tricore/Cpu/Std/IfxCpu_IntrinsicsGcc.h ****                        sh  %0,%1,-16":"=d"(res):"d"(a):"memory");
 365:../Libraries/iLLD/TC4xx/Tricore/Cpu/Std/IfxCpu_IntrinsicsGcc.h ****     return res;
 366:../Libraries/iLLD/TC4xx/Tricore/Cpu/Std/IfxCpu_IntrinsicsGcc.h **** }
 367:../Libraries/iLLD/TC4xx/Tricore/Cpu/Std/IfxCpu_IntrinsicsGcc.h **** 
 368:../Libraries/iLLD/TC4xx/Tricore/Cpu/Std/IfxCpu_IntrinsicsGcc.h **** /** Convert sfract to uint16
 369:../Libraries/iLLD/TC4xx/Tricore/Cpu/Std/IfxCpu_IntrinsicsGcc.h ****  */
 370:../Libraries/iLLD/TC4xx/Tricore/Cpu/Std/IfxCpu_IntrinsicsGcc.h **** IFX_INLINE uint16 Ifx__sfract_to_u16(sfract a)
 371:../Libraries/iLLD/TC4xx/Tricore/Cpu/Std/IfxCpu_IntrinsicsGcc.h **** {
 372:../Libraries/iLLD/TC4xx/Tricore/Cpu/Std/IfxCpu_IntrinsicsGcc.h ****     uint16 res;
 373:../Libraries/iLLD/TC4xx/Tricore/Cpu/Std/IfxCpu_IntrinsicsGcc.h ****     __asm__ volatile ("sh  %1,%1,16    \n\
 374:../Libraries/iLLD/TC4xx/Tricore/Cpu/Std/IfxCpu_IntrinsicsGcc.h ****                        sh  %0,%1,-16":"=d"(res):"d"(a):"memory");
 375:../Libraries/iLLD/TC4xx/Tricore/Cpu/Std/IfxCpu_IntrinsicsGcc.h ****     return res;
 376:../Libraries/iLLD/TC4xx/Tricore/Cpu/Std/IfxCpu_IntrinsicsGcc.h **** }
 377:../Libraries/iLLD/TC4xx/Tricore/Cpu/Std/IfxCpu_IntrinsicsGcc.h **** 
 378:../Libraries/iLLD/TC4xx/Tricore/Cpu/Std/IfxCpu_IntrinsicsGcc.h **** /** Left/right shift of an laccum
 379:../Libraries/iLLD/TC4xx/Tricore/Cpu/Std/IfxCpu_IntrinsicsGcc.h ****  */
 380:../Libraries/iLLD/TC4xx/Tricore/Cpu/Std/IfxCpu_IntrinsicsGcc.h **** IFX_INLINE laccum Ifx__shaaccum(laccum a, sint32 b)
 381:../Libraries/iLLD/TC4xx/Tricore/Cpu/Std/IfxCpu_IntrinsicsGcc.h **** {
 382:../Libraries/iLLD/TC4xx/Tricore/Cpu/Std/IfxCpu_IntrinsicsGcc.h ****     laccum res;
 383:../Libraries/iLLD/TC4xx/Tricore/Cpu/Std/IfxCpu_IntrinsicsGcc.h ****     __asm__ volatile ("jge   %2,0,0f        \n\
 384:../Libraries/iLLD/TC4xx/Tricore/Cpu/Std/IfxCpu_IntrinsicsGcc.h ****                     sha   %H0,%H1,%2     \n\
 385:../Libraries/iLLD/TC4xx/Tricore/Cpu/Std/IfxCpu_IntrinsicsGcc.h ****                     rsub  %2,%2,0        \n\
 386:../Libraries/iLLD/TC4xx/Tricore/Cpu/Std/IfxCpu_IntrinsicsGcc.h ****                     dextr %L0,%H1,%L1,%2 \n\
 387:../Libraries/iLLD/TC4xx/Tricore/Cpu/Std/IfxCpu_IntrinsicsGcc.h ****                     j  1f                \n\
 388:../Libraries/iLLD/TC4xx/Tricore/Cpu/Std/IfxCpu_IntrinsicsGcc.h ****                     0:dextr %H0,%H1,%L1,%2 \n\
 389:../Libraries/iLLD/TC4xx/Tricore/Cpu/Std/IfxCpu_IntrinsicsGcc.h ****                     sha   %L0,%L1,%2     \n\
 390:../Libraries/iLLD/TC4xx/Tricore/Cpu/Std/IfxCpu_IntrinsicsGcc.h ****                     1:"
 391:../Libraries/iLLD/TC4xx/Tricore/Cpu/Std/IfxCpu_IntrinsicsGcc.h ****                       :"=d"(res):"d"(a), "d"(b):"memory");
 392:../Libraries/iLLD/TC4xx/Tricore/Cpu/Std/IfxCpu_IntrinsicsGcc.h ****     return res;
 393:../Libraries/iLLD/TC4xx/Tricore/Cpu/Std/IfxCpu_IntrinsicsGcc.h **** }
 394:../Libraries/iLLD/TC4xx/Tricore/Cpu/Std/IfxCpu_IntrinsicsGcc.h **** 
 395:../Libraries/iLLD/TC4xx/Tricore/Cpu/Std/IfxCpu_IntrinsicsGcc.h **** /** Left/right shift of an fract
 396:../Libraries/iLLD/TC4xx/Tricore/Cpu/Std/IfxCpu_IntrinsicsGcc.h ****  */
 397:../Libraries/iLLD/TC4xx/Tricore/Cpu/Std/IfxCpu_IntrinsicsGcc.h **** IFX_INLINE fract Ifx__shafracts(fract a, sint32 b)
 398:../Libraries/iLLD/TC4xx/Tricore/Cpu/Std/IfxCpu_IntrinsicsGcc.h **** {
 399:../Libraries/iLLD/TC4xx/Tricore/Cpu/Std/IfxCpu_IntrinsicsGcc.h ****     fract res;
 400:../Libraries/iLLD/TC4xx/Tricore/Cpu/Std/IfxCpu_IntrinsicsGcc.h ****     __asm__ volatile ("shas  %0,%1,%2":"=d"(res):"d"(a), "d"(b):"memory");
 401:../Libraries/iLLD/TC4xx/Tricore/Cpu/Std/IfxCpu_IntrinsicsGcc.h ****     return res;
 402:../Libraries/iLLD/TC4xx/Tricore/Cpu/Std/IfxCpu_IntrinsicsGcc.h **** }
 403:../Libraries/iLLD/TC4xx/Tricore/Cpu/Std/IfxCpu_IntrinsicsGcc.h **** 
 404:../Libraries/iLLD/TC4xx/Tricore/Cpu/Std/IfxCpu_IntrinsicsGcc.h **** /** Left/right shift of an sfract
 405:../Libraries/iLLD/TC4xx/Tricore/Cpu/Std/IfxCpu_IntrinsicsGcc.h ****  */
 406:../Libraries/iLLD/TC4xx/Tricore/Cpu/Std/IfxCpu_IntrinsicsGcc.h **** IFX_INLINE sfract Ifx__shasfracts(sfract a, sint32 b)
 407:../Libraries/iLLD/TC4xx/Tricore/Cpu/Std/IfxCpu_IntrinsicsGcc.h **** {
 408:../Libraries/iLLD/TC4xx/Tricore/Cpu/Std/IfxCpu_IntrinsicsGcc.h ****     sfract res;
 409:../Libraries/iLLD/TC4xx/Tricore/Cpu/Std/IfxCpu_IntrinsicsGcc.h ****     __asm__ volatile ("shas  %0,%1,%2":"=d"(res):"d"(a), "d"(b):"memory");
 410:../Libraries/iLLD/TC4xx/Tricore/Cpu/Std/IfxCpu_IntrinsicsGcc.h ****     return res;
 411:../Libraries/iLLD/TC4xx/Tricore/Cpu/Std/IfxCpu_IntrinsicsGcc.h **** }
 412:../Libraries/iLLD/TC4xx/Tricore/Cpu/Std/IfxCpu_IntrinsicsGcc.h **** 
 413:../Libraries/iLLD/TC4xx/Tricore/Cpu/Std/IfxCpu_IntrinsicsGcc.h **** /** Convert uint16 to sfract
 414:../Libraries/iLLD/TC4xx/Tricore/Cpu/Std/IfxCpu_IntrinsicsGcc.h ****  */
 415:../Libraries/iLLD/TC4xx/Tricore/Cpu/Std/IfxCpu_IntrinsicsGcc.h **** IFX_INLINE sfract Ifx__u16_to_sfract(uint16 a)
 416:../Libraries/iLLD/TC4xx/Tricore/Cpu/Std/IfxCpu_IntrinsicsGcc.h **** {
 417:../Libraries/iLLD/TC4xx/Tricore/Cpu/Std/IfxCpu_IntrinsicsGcc.h ****     sfract res;
 418:../Libraries/iLLD/TC4xx/Tricore/Cpu/Std/IfxCpu_IntrinsicsGcc.h ****     __asm__ volatile ("sh  %0,%1,16    \n\
 419:../Libraries/iLLD/TC4xx/Tricore/Cpu/Std/IfxCpu_IntrinsicsGcc.h ****                        sh  %0,%1,-16":"=d"(res):"d"(a):"memory");
 420:../Libraries/iLLD/TC4xx/Tricore/Cpu/Std/IfxCpu_IntrinsicsGcc.h ****     return res;
 421:../Libraries/iLLD/TC4xx/Tricore/Cpu/Std/IfxCpu_IntrinsicsGcc.h **** }
 422:../Libraries/iLLD/TC4xx/Tricore/Cpu/Std/IfxCpu_IntrinsicsGcc.h **** 
 423:../Libraries/iLLD/TC4xx/Tricore/Cpu/Std/IfxCpu_IntrinsicsGcc.h **** /** \} */
 424:../Libraries/iLLD/TC4xx/Tricore/Cpu/Std/IfxCpu_IntrinsicsGcc.h **** 
 425:../Libraries/iLLD/TC4xx/Tricore/Cpu/Std/IfxCpu_IntrinsicsGcc.h **** /** \defgroup IfxLld_Cpu_Intrinsics_Gnucinsert Insert / Extract Bit-fields and Bits
 426:../Libraries/iLLD/TC4xx/Tricore/Cpu/Std/IfxCpu_IntrinsicsGcc.h ****  * \ingroup IfxLld_Cpu_Intrinsics_Gnuc
 427:../Libraries/iLLD/TC4xx/Tricore/Cpu/Std/IfxCpu_IntrinsicsGcc.h ****  * \{
 428:../Libraries/iLLD/TC4xx/Tricore/Cpu/Std/IfxCpu_IntrinsicsGcc.h ****  */
 429:../Libraries/iLLD/TC4xx/Tricore/Cpu/Std/IfxCpu_IntrinsicsGcc.h **** 
 430:../Libraries/iLLD/TC4xx/Tricore/Cpu/Std/IfxCpu_IntrinsicsGcc.h **** /** Extract a bit-field (bit pos to bit pos+width) from value
 431:../Libraries/iLLD/TC4xx/Tricore/Cpu/Std/IfxCpu_IntrinsicsGcc.h ****  */
 432:../Libraries/iLLD/TC4xx/Tricore/Cpu/Std/IfxCpu_IntrinsicsGcc.h **** IFX_INLINE sint32 Ifx__extr(sint32 a, uint32 p, uint32 w)
 433:../Libraries/iLLD/TC4xx/Tricore/Cpu/Std/IfxCpu_IntrinsicsGcc.h **** {
 434:../Libraries/iLLD/TC4xx/Tricore/Cpu/Std/IfxCpu_IntrinsicsGcc.h ****     sint32 res;
 435:../Libraries/iLLD/TC4xx/Tricore/Cpu/Std/IfxCpu_IntrinsicsGcc.h ****     __asm__ volatile ("mov %%d14,%2  \n\
 436:../Libraries/iLLD/TC4xx/Tricore/Cpu/Std/IfxCpu_IntrinsicsGcc.h ****                      mov %%d15,%3  \n\
 437:../Libraries/iLLD/TC4xx/Tricore/Cpu/Std/IfxCpu_IntrinsicsGcc.h ****                      extr %0,%1,%%e14"
 438:../Libraries/iLLD/TC4xx/Tricore/Cpu/Std/IfxCpu_IntrinsicsGcc.h ****                       : "=d" (res) : "d" (a), "d" (p), "d" (w):"d14", "d15");
 439:../Libraries/iLLD/TC4xx/Tricore/Cpu/Std/IfxCpu_IntrinsicsGcc.h ****     return res;
 440:../Libraries/iLLD/TC4xx/Tricore/Cpu/Std/IfxCpu_IntrinsicsGcc.h **** }
 441:../Libraries/iLLD/TC4xx/Tricore/Cpu/Std/IfxCpu_IntrinsicsGcc.h **** 
 442:../Libraries/iLLD/TC4xx/Tricore/Cpu/Std/IfxCpu_IntrinsicsGcc.h **** /** Same as __extr() but return bit-field as unsigned integer
 443:../Libraries/iLLD/TC4xx/Tricore/Cpu/Std/IfxCpu_IntrinsicsGcc.h ****  */
 444:../Libraries/iLLD/TC4xx/Tricore/Cpu/Std/IfxCpu_IntrinsicsGcc.h **** IFX_INLINE uint32 Ifx__extru(uint32 a, uint32 p, uint32 w)
 445:../Libraries/iLLD/TC4xx/Tricore/Cpu/Std/IfxCpu_IntrinsicsGcc.h **** {
 446:../Libraries/iLLD/TC4xx/Tricore/Cpu/Std/IfxCpu_IntrinsicsGcc.h ****     uint32 res;
 447:../Libraries/iLLD/TC4xx/Tricore/Cpu/Std/IfxCpu_IntrinsicsGcc.h ****     __asm__ volatile ("mov %%d14,%2  \n\
 448:../Libraries/iLLD/TC4xx/Tricore/Cpu/Std/IfxCpu_IntrinsicsGcc.h ****                      mov %%d15,%3  \n\
 449:../Libraries/iLLD/TC4xx/Tricore/Cpu/Std/IfxCpu_IntrinsicsGcc.h ****                      extr.u %0,%1,%%e14"
 450:../Libraries/iLLD/TC4xx/Tricore/Cpu/Std/IfxCpu_IntrinsicsGcc.h ****                       : "=d" (res) : "d" (a), "d" (p), "d" (w):"d14", "d15");
 451:../Libraries/iLLD/TC4xx/Tricore/Cpu/Std/IfxCpu_IntrinsicsGcc.h ****     return res;
 452:../Libraries/iLLD/TC4xx/Tricore/Cpu/Std/IfxCpu_IntrinsicsGcc.h **** }
 453:../Libraries/iLLD/TC4xx/Tricore/Cpu/Std/IfxCpu_IntrinsicsGcc.h **** 
 454:../Libraries/iLLD/TC4xx/Tricore/Cpu/Std/IfxCpu_IntrinsicsGcc.h **** /** Load a single bit.
 455:../Libraries/iLLD/TC4xx/Tricore/Cpu/Std/IfxCpu_IntrinsicsGcc.h ****  */
 456:../Libraries/iLLD/TC4xx/Tricore/Cpu/Std/IfxCpu_IntrinsicsGcc.h **** //#define __getbit(address,bitoffset ) __extru( *(address), bitoffset, 1 )
 457:../Libraries/iLLD/TC4xx/Tricore/Cpu/Std/IfxCpu_IntrinsicsGcc.h **** #define Ifx__getbit(address, bitoffset) ((*(address) & (1U << (bitoffset))) != 0)
 458:../Libraries/iLLD/TC4xx/Tricore/Cpu/Std/IfxCpu_IntrinsicsGcc.h **** 
 459:../Libraries/iLLD/TC4xx/Tricore/Cpu/Std/IfxCpu_IntrinsicsGcc.h **** /** Atomic load-modify-store.
 460:../Libraries/iLLD/TC4xx/Tricore/Cpu/Std/IfxCpu_IntrinsicsGcc.h ****  */
 461:../Libraries/iLLD/TC4xx/Tricore/Cpu/Std/IfxCpu_IntrinsicsGcc.h **** #define Ifx__imaskldmst(address, value, bitoffset, bits) \
 462:../Libraries/iLLD/TC4xx/Tricore/Cpu/Std/IfxCpu_IntrinsicsGcc.h ****   {long long tmp;\
 463:../Libraries/iLLD/TC4xx/Tricore/Cpu/Std/IfxCpu_IntrinsicsGcc.h ****   __asm__("imask %A0,%1,%2,%3"\
 464:../Libraries/iLLD/TC4xx/Tricore/Cpu/Std/IfxCpu_IntrinsicsGcc.h ****           :"=d"((long long)tmp)\
 465:../Libraries/iLLD/TC4xx/Tricore/Cpu/Std/IfxCpu_IntrinsicsGcc.h ****           :"d"(value),"d"(bitoffset),"i"(bits): "memory");\
 466:../Libraries/iLLD/TC4xx/Tricore/Cpu/Std/IfxCpu_IntrinsicsGcc.h ****   __asm__("ldmst [%0]0,%A1"::"a"(address),"d"(tmp): "memory");}
 467:../Libraries/iLLD/TC4xx/Tricore/Cpu/Std/IfxCpu_IntrinsicsGcc.h **** 
 468:../Libraries/iLLD/TC4xx/Tricore/Cpu/Std/IfxCpu_IntrinsicsGcc.h **** /** Return trg but replace trgbit by srcbit in src.
 469:../Libraries/iLLD/TC4xx/Tricore/Cpu/Std/IfxCpu_IntrinsicsGcc.h ****  */
 470:../Libraries/iLLD/TC4xx/Tricore/Cpu/Std/IfxCpu_IntrinsicsGcc.h **** IFX_INLINE sint32 Ifx__ins(sint32 trg, const sint32 trgbit, sint32 src, const sint32 srcbit)
 471:../Libraries/iLLD/TC4xx/Tricore/Cpu/Std/IfxCpu_IntrinsicsGcc.h **** {
 472:../Libraries/iLLD/TC4xx/Tricore/Cpu/Std/IfxCpu_IntrinsicsGcc.h ****     sint32 res;
 473:../Libraries/iLLD/TC4xx/Tricore/Cpu/Std/IfxCpu_IntrinsicsGcc.h ****     __asm__ volatile ("ins.t %0,%1,%2,%3,%4":"=d"(res):"d"(trg), "i"(trgbit), "d"(src), "i"(srcbit)
 474:../Libraries/iLLD/TC4xx/Tricore/Cpu/Std/IfxCpu_IntrinsicsGcc.h ****     return res;
 475:../Libraries/iLLD/TC4xx/Tricore/Cpu/Std/IfxCpu_IntrinsicsGcc.h **** }
 476:../Libraries/iLLD/TC4xx/Tricore/Cpu/Std/IfxCpu_IntrinsicsGcc.h **** 
 477:../Libraries/iLLD/TC4xx/Tricore/Cpu/Std/IfxCpu_IntrinsicsGcc.h **** /** Extract bit-field (width bits starting at bit 0) from src and insert it in trg at pos.
 478:../Libraries/iLLD/TC4xx/Tricore/Cpu/Std/IfxCpu_IntrinsicsGcc.h ****  */
 479:../Libraries/iLLD/TC4xx/Tricore/Cpu/Std/IfxCpu_IntrinsicsGcc.h **** IFX_INLINE sint32 Ifx__insert(sint32 a, sint32 b, sint32 p, const sint32 w)
 480:../Libraries/iLLD/TC4xx/Tricore/Cpu/Std/IfxCpu_IntrinsicsGcc.h **** {
 481:../Libraries/iLLD/TC4xx/Tricore/Cpu/Std/IfxCpu_IntrinsicsGcc.h ****     sint32 res;
 482:../Libraries/iLLD/TC4xx/Tricore/Cpu/Std/IfxCpu_IntrinsicsGcc.h ****     __asm__ volatile ("mov %%d14,%3  \n\
 483:../Libraries/iLLD/TC4xx/Tricore/Cpu/Std/IfxCpu_IntrinsicsGcc.h ****                      mov %%d15,%4  \n\
 484:../Libraries/iLLD/TC4xx/Tricore/Cpu/Std/IfxCpu_IntrinsicsGcc.h ****                      insert %0,%1,%2,%%e14"
 485:../Libraries/iLLD/TC4xx/Tricore/Cpu/Std/IfxCpu_IntrinsicsGcc.h ****                       :"=d"(res):"d"(a), "d"(b), "d"(p), "d"(w):"d14", "d15");
 486:../Libraries/iLLD/TC4xx/Tricore/Cpu/Std/IfxCpu_IntrinsicsGcc.h ****     return res;
 487:../Libraries/iLLD/TC4xx/Tricore/Cpu/Std/IfxCpu_IntrinsicsGcc.h **** }
 488:../Libraries/iLLD/TC4xx/Tricore/Cpu/Std/IfxCpu_IntrinsicsGcc.h **** 
 489:../Libraries/iLLD/TC4xx/Tricore/Cpu/Std/IfxCpu_IntrinsicsGcc.h **** /** Return trg but replace trgbit by inverse of srcbit in src.
 490:../Libraries/iLLD/TC4xx/Tricore/Cpu/Std/IfxCpu_IntrinsicsGcc.h ****  */
 491:../Libraries/iLLD/TC4xx/Tricore/Cpu/Std/IfxCpu_IntrinsicsGcc.h **** IFX_INLINE sint32 Ifx__insn(sint32 trg, const sint32 trgbit, sint32 src, const sint32 srcbit)
 492:../Libraries/iLLD/TC4xx/Tricore/Cpu/Std/IfxCpu_IntrinsicsGcc.h **** {
 493:../Libraries/iLLD/TC4xx/Tricore/Cpu/Std/IfxCpu_IntrinsicsGcc.h ****     sint32 res;
 494:../Libraries/iLLD/TC4xx/Tricore/Cpu/Std/IfxCpu_IntrinsicsGcc.h ****     __asm__ volatile ("insn.t %0,%1,%2,%3,%4":"=d"(res):"d"(trg), "i"(trgbit), "d"(src), "i"(srcbit
 495:../Libraries/iLLD/TC4xx/Tricore/Cpu/Std/IfxCpu_IntrinsicsGcc.h ****     return res;
 496:../Libraries/iLLD/TC4xx/Tricore/Cpu/Std/IfxCpu_IntrinsicsGcc.h **** }
 497:../Libraries/iLLD/TC4xx/Tricore/Cpu/Std/IfxCpu_IntrinsicsGcc.h **** 
 498:../Libraries/iLLD/TC4xx/Tricore/Cpu/Std/IfxCpu_IntrinsicsGcc.h **** /** Store a single bit.
 499:../Libraries/iLLD/TC4xx/Tricore/Cpu/Std/IfxCpu_IntrinsicsGcc.h ****  */
 500:../Libraries/iLLD/TC4xx/Tricore/Cpu/Std/IfxCpu_IntrinsicsGcc.h **** #define Ifx__putbit(value,address,bitoffset ) Ifx__imaskldmst(address, value, bitoffset,1)
 501:../Libraries/iLLD/TC4xx/Tricore/Cpu/Std/IfxCpu_IntrinsicsGcc.h **** 
 502:../Libraries/iLLD/TC4xx/Tricore/Cpu/Std/IfxCpu_IntrinsicsGcc.h **** /** \} */
 503:../Libraries/iLLD/TC4xx/Tricore/Cpu/Std/IfxCpu_IntrinsicsGcc.h **** 
 504:../Libraries/iLLD/TC4xx/Tricore/Cpu/Std/IfxCpu_IntrinsicsGcc.h **** /** \defgroup IfxLld_Cpu_Intrinsics_Gnucinterrupt_handling Interrupt Handling
 505:../Libraries/iLLD/TC4xx/Tricore/Cpu/Std/IfxCpu_IntrinsicsGcc.h ****  The next table provides an overview of the intrinsic functions to read or set interrupt handling.
 506:../Libraries/iLLD/TC4xx/Tricore/Cpu/Std/IfxCpu_IntrinsicsGcc.h ****  * \ingroup IfxLld_Cpu_Intrinsics_Gnuc
 507:../Libraries/iLLD/TC4xx/Tricore/Cpu/Std/IfxCpu_IntrinsicsGcc.h ****  * \{
 508:../Libraries/iLLD/TC4xx/Tricore/Cpu/Std/IfxCpu_IntrinsicsGcc.h ****  */
 509:../Libraries/iLLD/TC4xx/Tricore/Cpu/Std/IfxCpu_IntrinsicsGcc.h **** 
 510:../Libraries/iLLD/TC4xx/Tricore/Cpu/Std/IfxCpu_IntrinsicsGcc.h **** #if !IFXCPU_INTRINSICSGNUC_USE_MACHINE_INTRINSICS
 511:../Libraries/iLLD/TC4xx/Tricore/Cpu/Std/IfxCpu_IntrinsicsGcc.h **** /** Set CPU priority number [0..255] (or [0..1023] for TriCore 1.6.x) and enable interrupts immedia
 512:../Libraries/iLLD/TC4xx/Tricore/Cpu/Std/IfxCpu_IntrinsicsGcc.h ****  */
 513:../Libraries/iLLD/TC4xx/Tricore/Cpu/Std/IfxCpu_IntrinsicsGcc.h **** #define Ifx__bisr(intlvl) __asm__ volatile ("bisr "#intlvl : : : "memory")
 514:../Libraries/iLLD/TC4xx/Tricore/Cpu/Std/IfxCpu_IntrinsicsGcc.h **** #endif
 515:../Libraries/iLLD/TC4xx/Tricore/Cpu/Std/IfxCpu_IntrinsicsGcc.h **** 
 516:../Libraries/iLLD/TC4xx/Tricore/Cpu/Std/IfxCpu_IntrinsicsGcc.h **** /** Disable interrupts. Only supported for TriCore1
 517:../Libraries/iLLD/TC4xx/Tricore/Cpu/Std/IfxCpu_IntrinsicsGcc.h ****  */
 518:../Libraries/iLLD/TC4xx/Tricore/Cpu/Std/IfxCpu_IntrinsicsGcc.h **** #define Ifx__disable() __asm__ volatile ("disable" : : : "memory")
 519:../Libraries/iLLD/TC4xx/Tricore/Cpu/Std/IfxCpu_IntrinsicsGcc.h **** 
 520:../Libraries/iLLD/TC4xx/Tricore/Cpu/Std/IfxCpu_IntrinsicsGcc.h **** /** Disable interrupts and return previous interrupt state (enabled or disabled). Direct supported 
 521:../Libraries/iLLD/TC4xx/Tricore/Cpu/Std/IfxCpu_IntrinsicsGcc.h ****  */
 522:../Libraries/iLLD/TC4xx/Tricore/Cpu/Std/IfxCpu_IntrinsicsGcc.h **** IFX_INLINE sint32 Ifx__disable_and_save(void)
 523:../Libraries/iLLD/TC4xx/Tricore/Cpu/Std/IfxCpu_IntrinsicsGcc.h **** {
 524:../Libraries/iLLD/TC4xx/Tricore/Cpu/Std/IfxCpu_IntrinsicsGcc.h ****     sint32 res;
 525:../Libraries/iLLD/TC4xx/Tricore/Cpu/Std/IfxCpu_IntrinsicsGcc.h ****     __asm__ volatile("disable %0":"=d"(res));
 526:../Libraries/iLLD/TC4xx/Tricore/Cpu/Std/IfxCpu_IntrinsicsGcc.h ****     return res;
 527:../Libraries/iLLD/TC4xx/Tricore/Cpu/Std/IfxCpu_IntrinsicsGcc.h **** }
 528:../Libraries/iLLD/TC4xx/Tricore/Cpu/Std/IfxCpu_IntrinsicsGcc.h **** 
 529:../Libraries/iLLD/TC4xx/Tricore/Cpu/Std/IfxCpu_IntrinsicsGcc.h **** /** Enable interrupts immediately at function entry
 530:../Libraries/iLLD/TC4xx/Tricore/Cpu/Std/IfxCpu_IntrinsicsGcc.h ****  */
 531:../Libraries/iLLD/TC4xx/Tricore/Cpu/Std/IfxCpu_IntrinsicsGcc.h **** #define Ifx__enable() __asm__ volatile ("enable" : : : "memory")
 532:../Libraries/iLLD/TC4xx/Tricore/Cpu/Std/IfxCpu_IntrinsicsGcc.h **** 
 533:../Libraries/iLLD/TC4xx/Tricore/Cpu/Std/IfxCpu_IntrinsicsGcc.h **** /** Restore interrupt state. Direct supported for TriCore1.6. Emulated on TC1.3.1
 534:../Libraries/iLLD/TC4xx/Tricore/Cpu/Std/IfxCpu_IntrinsicsGcc.h ****  */
 535:../Libraries/iLLD/TC4xx/Tricore/Cpu/Std/IfxCpu_IntrinsicsGcc.h **** IFX_INLINE void Ifx__restore(sint32 ie)
 536:../Libraries/iLLD/TC4xx/Tricore/Cpu/Std/IfxCpu_IntrinsicsGcc.h **** {
 537:../Libraries/iLLD/TC4xx/Tricore/Cpu/Std/IfxCpu_IntrinsicsGcc.h ****     __asm__ volatile ("restore %0"::"d"(ie));
 538:../Libraries/iLLD/TC4xx/Tricore/Cpu/Std/IfxCpu_IntrinsicsGcc.h **** }
 539:../Libraries/iLLD/TC4xx/Tricore/Cpu/Std/IfxCpu_IntrinsicsGcc.h **** 
 540:../Libraries/iLLD/TC4xx/Tricore/Cpu/Std/IfxCpu_IntrinsicsGcc.h **** #if !IFXCPU_INTRINSICSGNUC_USE_MACHINE_INTRINSICS
 541:../Libraries/iLLD/TC4xx/Tricore/Cpu/Std/IfxCpu_IntrinsicsGcc.h **** /** Call a system call function number
 542:../Libraries/iLLD/TC4xx/Tricore/Cpu/Std/IfxCpu_IntrinsicsGcc.h ****  */
 543:../Libraries/iLLD/TC4xx/Tricore/Cpu/Std/IfxCpu_IntrinsicsGcc.h **** #define Ifx__syscall(svcno) __tric_syscall(svcno)
 544:../Libraries/iLLD/TC4xx/Tricore/Cpu/Std/IfxCpu_IntrinsicsGcc.h **** #define Ifx__tric_syscall(svcno) __asm__ volatile ("syscall "STRINGIFY(svcno) : : : "memory")
 545:../Libraries/iLLD/TC4xx/Tricore/Cpu/Std/IfxCpu_IntrinsicsGcc.h **** #endif
 546:../Libraries/iLLD/TC4xx/Tricore/Cpu/Std/IfxCpu_IntrinsicsGcc.h **** 
 547:../Libraries/iLLD/TC4xx/Tricore/Cpu/Std/IfxCpu_IntrinsicsGcc.h **** #if (__TRICORE_CORE__ == 0x162)
 548:../Libraries/iLLD/TC4xx/Tricore/Cpu/Std/IfxCpu_IntrinsicsGcc.h **** #define Ifx__hvcall(hvcno) \
 549:../Libraries/iLLD/TC4xx/Tricore/Cpu/Std/IfxCpu_IntrinsicsGcc.h **** switch (hvcno) \
 550:../Libraries/iLLD/TC4xx/Tricore/Cpu/Std/IfxCpu_IntrinsicsGcc.h **** { \
 551:../Libraries/iLLD/TC4xx/Tricore/Cpu/Std/IfxCpu_IntrinsicsGcc.h **** case 1: \
 552:../Libraries/iLLD/TC4xx/Tricore/Cpu/Std/IfxCpu_IntrinsicsGcc.h **** {__asm volatile (".word 0x004010AD");}\
 553:../Libraries/iLLD/TC4xx/Tricore/Cpu/Std/IfxCpu_IntrinsicsGcc.h **** break; \
 554:../Libraries/iLLD/TC4xx/Tricore/Cpu/Std/IfxCpu_IntrinsicsGcc.h **** case 2: \
 555:../Libraries/iLLD/TC4xx/Tricore/Cpu/Std/IfxCpu_IntrinsicsGcc.h **** {__asm volatile (".word 0x004020AD");}\
 556:../Libraries/iLLD/TC4xx/Tricore/Cpu/Std/IfxCpu_IntrinsicsGcc.h **** break; \
 557:../Libraries/iLLD/TC4xx/Tricore/Cpu/Std/IfxCpu_IntrinsicsGcc.h **** case 3: \
 558:../Libraries/iLLD/TC4xx/Tricore/Cpu/Std/IfxCpu_IntrinsicsGcc.h **** {__asm volatile (".word 0x004030AD");}\
 559:../Libraries/iLLD/TC4xx/Tricore/Cpu/Std/IfxCpu_IntrinsicsGcc.h **** break; \
 560:../Libraries/iLLD/TC4xx/Tricore/Cpu/Std/IfxCpu_IntrinsicsGcc.h **** case 4: \
 561:../Libraries/iLLD/TC4xx/Tricore/Cpu/Std/IfxCpu_IntrinsicsGcc.h **** {__asm volatile (".word 0x004040AD");}\
 562:../Libraries/iLLD/TC4xx/Tricore/Cpu/Std/IfxCpu_IntrinsicsGcc.h **** break; \
 563:../Libraries/iLLD/TC4xx/Tricore/Cpu/Std/IfxCpu_IntrinsicsGcc.h **** case 5: \
 564:../Libraries/iLLD/TC4xx/Tricore/Cpu/Std/IfxCpu_IntrinsicsGcc.h **** {__asm volatile (".word 0x004050AD");}\
 565:../Libraries/iLLD/TC4xx/Tricore/Cpu/Std/IfxCpu_IntrinsicsGcc.h **** break; \
 566:../Libraries/iLLD/TC4xx/Tricore/Cpu/Std/IfxCpu_IntrinsicsGcc.h **** case 6: \
 567:../Libraries/iLLD/TC4xx/Tricore/Cpu/Std/IfxCpu_IntrinsicsGcc.h **** {__asm volatile (".word 0x004060AD");}\
 568:../Libraries/iLLD/TC4xx/Tricore/Cpu/Std/IfxCpu_IntrinsicsGcc.h **** break; \
 569:../Libraries/iLLD/TC4xx/Tricore/Cpu/Std/IfxCpu_IntrinsicsGcc.h **** case 7: \
 570:../Libraries/iLLD/TC4xx/Tricore/Cpu/Std/IfxCpu_IntrinsicsGcc.h **** {__asm volatile (".word 0x004070AD");}\
 571:../Libraries/iLLD/TC4xx/Tricore/Cpu/Std/IfxCpu_IntrinsicsGcc.h **** break; \
 572:../Libraries/iLLD/TC4xx/Tricore/Cpu/Std/IfxCpu_IntrinsicsGcc.h **** }
 573:../Libraries/iLLD/TC4xx/Tricore/Cpu/Std/IfxCpu_IntrinsicsGcc.h **** #define Ifx__rfh() \
 574:../Libraries/iLLD/TC4xx/Tricore/Cpu/Std/IfxCpu_IntrinsicsGcc.h **** __asm volatile (".word 0x05C0000D");
 575:../Libraries/iLLD/TC4xx/Tricore/Cpu/Std/IfxCpu_IntrinsicsGcc.h **** #else
 576:../Libraries/iLLD/TC4xx/Tricore/Cpu/Std/IfxCpu_IntrinsicsGcc.h **** #define Ifx__hvcall(hvcno) __asm__ volatile ("hvcall " STRINGIFY(hvcno) : : : "memory")
 577:../Libraries/iLLD/TC4xx/Tricore/Cpu/Std/IfxCpu_IntrinsicsGcc.h **** #define Ifx__rfh() __asm__ volatile ("rfh " STRINGIFY() : : : "memory")
 578:../Libraries/iLLD/TC4xx/Tricore/Cpu/Std/IfxCpu_IntrinsicsGcc.h **** #endif
 579:../Libraries/iLLD/TC4xx/Tricore/Cpu/Std/IfxCpu_IntrinsicsGcc.h **** /** \} */
 580:../Libraries/iLLD/TC4xx/Tricore/Cpu/Std/IfxCpu_IntrinsicsGcc.h **** 
 581:../Libraries/iLLD/TC4xx/Tricore/Cpu/Std/IfxCpu_IntrinsicsGcc.h **** /** \defgroup IfxLld_Cpu_Intrinsics_Gnucmiscellaneous Miscellaneous Intrinsic Functions
 582:../Libraries/iLLD/TC4xx/Tricore/Cpu/Std/IfxCpu_IntrinsicsGcc.h ****  * \ingroup IfxLld_Cpu_Intrinsics_Gnuc
 583:../Libraries/iLLD/TC4xx/Tricore/Cpu/Std/IfxCpu_IntrinsicsGcc.h ****  * \{
 584:../Libraries/iLLD/TC4xx/Tricore/Cpu/Std/IfxCpu_IntrinsicsGcc.h ****  */
 585:../Libraries/iLLD/TC4xx/Tricore/Cpu/Std/IfxCpu_IntrinsicsGcc.h **** 
 586:../Libraries/iLLD/TC4xx/Tricore/Cpu/Std/IfxCpu_IntrinsicsGcc.h **** /**  Write back and invalidate cache address "p". Generates CACHEA.WI [Ab].
 587:../Libraries/iLLD/TC4xx/Tricore/Cpu/Std/IfxCpu_IntrinsicsGcc.h ****  */
 588:../Libraries/iLLD/TC4xx/Tricore/Cpu/Std/IfxCpu_IntrinsicsGcc.h **** IFX_INLINE void Ifx__cacheawi(uint8* p)
 589:../Libraries/iLLD/TC4xx/Tricore/Cpu/Std/IfxCpu_IntrinsicsGcc.h **** {
 590:../Libraries/iLLD/TC4xx/Tricore/Cpu/Std/IfxCpu_IntrinsicsGcc.h ****     __asm__ volatile("cachea.wi [%0]0"::"a"(p));
 591:../Libraries/iLLD/TC4xx/Tricore/Cpu/Std/IfxCpu_IntrinsicsGcc.h **** }
 592:../Libraries/iLLD/TC4xx/Tricore/Cpu/Std/IfxCpu_IntrinsicsGcc.h **** /**  Write back and invalidate cache index "p". Generates CACHEI.WI [Ab].
 593:../Libraries/iLLD/TC4xx/Tricore/Cpu/Std/IfxCpu_IntrinsicsGcc.h ****  */
 594:../Libraries/iLLD/TC4xx/Tricore/Cpu/Std/IfxCpu_IntrinsicsGcc.h **** IFX_INLINE void Ifx__cacheiwi(uint8* p)
 595:../Libraries/iLLD/TC4xx/Tricore/Cpu/Std/IfxCpu_IntrinsicsGcc.h **** {
 596:../Libraries/iLLD/TC4xx/Tricore/Cpu/Std/IfxCpu_IntrinsicsGcc.h ****     __asm__ volatile("cachei.wi [%0]0"::"a"(p));
 597:../Libraries/iLLD/TC4xx/Tricore/Cpu/Std/IfxCpu_IntrinsicsGcc.h **** }
 598:../Libraries/iLLD/TC4xx/Tricore/Cpu/Std/IfxCpu_IntrinsicsGcc.h **** 
 599:../Libraries/iLLD/TC4xx/Tricore/Cpu/Std/IfxCpu_IntrinsicsGcc.h **** /**  Write back and invalidate cache address \"p\" and return post incremented
 600:../Libraries/iLLD/TC4xx/Tricore/Cpu/Std/IfxCpu_IntrinsicsGcc.h ****  * value of \"p\". Generates CACHEA.WI [Ab+].
 601:../Libraries/iLLD/TC4xx/Tricore/Cpu/Std/IfxCpu_IntrinsicsGcc.h ****  */
 602:../Libraries/iLLD/TC4xx/Tricore/Cpu/Std/IfxCpu_IntrinsicsGcc.h **** IFX_INLINE uint8* Ifx__cacheawi_bo_post_inc(uint8* p)
 603:../Libraries/iLLD/TC4xx/Tricore/Cpu/Std/IfxCpu_IntrinsicsGcc.h **** {
 604:../Libraries/iLLD/TC4xx/Tricore/Cpu/Std/IfxCpu_IntrinsicsGcc.h ****     __asm__ volatile("cachea.wi  [%0+]0"::"a"(p));
 605:../Libraries/iLLD/TC4xx/Tricore/Cpu/Std/IfxCpu_IntrinsicsGcc.h ****     return p;
 606:../Libraries/iLLD/TC4xx/Tricore/Cpu/Std/IfxCpu_IntrinsicsGcc.h **** }
 607:../Libraries/iLLD/TC4xx/Tricore/Cpu/Std/IfxCpu_IntrinsicsGcc.h **** 
 608:../Libraries/iLLD/TC4xx/Tricore/Cpu/Std/IfxCpu_IntrinsicsGcc.h **** /** Multiply two 32-bit numbers to an intermediate 64-bit result, and scale
 609:../Libraries/iLLD/TC4xx/Tricore/Cpu/Std/IfxCpu_IntrinsicsGcc.h ****  * back the result to 32 bits. To scale back the result, 32 bits are extracted
 610:../Libraries/iLLD/TC4xx/Tricore/Cpu/Std/IfxCpu_IntrinsicsGcc.h ****  * from the intermediate 64-bit result: bit 63-offset to bit 31-offset.
 611:../Libraries/iLLD/TC4xx/Tricore/Cpu/Std/IfxCpu_IntrinsicsGcc.h ****  */
 612:../Libraries/iLLD/TC4xx/Tricore/Cpu/Std/IfxCpu_IntrinsicsGcc.h **** IFX_INLINE sint32 Ifx__mulsc(sint32 a, sint32 b, sint32 offset)
 613:../Libraries/iLLD/TC4xx/Tricore/Cpu/Std/IfxCpu_IntrinsicsGcc.h **** {
 614:../Libraries/iLLD/TC4xx/Tricore/Cpu/Std/IfxCpu_IntrinsicsGcc.h ****     sint32 res;
 615:../Libraries/iLLD/TC4xx/Tricore/Cpu/Std/IfxCpu_IntrinsicsGcc.h ****     __asm__ volatile("mul  %%e12,%1,%2      \n\
 616:../Libraries/iLLD/TC4xx/Tricore/Cpu/Std/IfxCpu_IntrinsicsGcc.h ****                     dextr  %0,%%d13,%%d12,%3"
 617:../Libraries/iLLD/TC4xx/Tricore/Cpu/Std/IfxCpu_IntrinsicsGcc.h ****                      :"=d"(res):"d"(a), "d"(b), "d"(offset):"d12", "d13");
 618:../Libraries/iLLD/TC4xx/Tricore/Cpu/Std/IfxCpu_IntrinsicsGcc.h ****     return res;
 619:../Libraries/iLLD/TC4xx/Tricore/Cpu/Std/IfxCpu_IntrinsicsGcc.h **** }
 620:../Libraries/iLLD/TC4xx/Tricore/Cpu/Std/IfxCpu_IntrinsicsGcc.h **** 
 621:../Libraries/iLLD/TC4xx/Tricore/Cpu/Std/IfxCpu_IntrinsicsGcc.h **** /**  Rotate operand left count times. The bits that are shifted out are inserted at the right side 
 622:../Libraries/iLLD/TC4xx/Tricore/Cpu/Std/IfxCpu_IntrinsicsGcc.h ****  */
 623:../Libraries/iLLD/TC4xx/Tricore/Cpu/Std/IfxCpu_IntrinsicsGcc.h **** IFX_INLINE uint32 Ifx__rol(uint32 operand, uint32 count)
 624:../Libraries/iLLD/TC4xx/Tricore/Cpu/Std/IfxCpu_IntrinsicsGcc.h **** {
 625:../Libraries/iLLD/TC4xx/Tricore/Cpu/Std/IfxCpu_IntrinsicsGcc.h ****     uint32 res;
 626:../Libraries/iLLD/TC4xx/Tricore/Cpu/Std/IfxCpu_IntrinsicsGcc.h ****     __asm__ volatile("dextr  %0,%1,%1,%2":"=d"(res):"d"(operand), "d"(count):"memory");
 627:../Libraries/iLLD/TC4xx/Tricore/Cpu/Std/IfxCpu_IntrinsicsGcc.h ****     return res;
 628:../Libraries/iLLD/TC4xx/Tricore/Cpu/Std/IfxCpu_IntrinsicsGcc.h **** }
 629:../Libraries/iLLD/TC4xx/Tricore/Cpu/Std/IfxCpu_IntrinsicsGcc.h **** 
 630:../Libraries/iLLD/TC4xx/Tricore/Cpu/Std/IfxCpu_IntrinsicsGcc.h **** /**  Rotate operand right count times. The bits that are shifted out are inserted at the left side 
 631:../Libraries/iLLD/TC4xx/Tricore/Cpu/Std/IfxCpu_IntrinsicsGcc.h ****  */
 632:../Libraries/iLLD/TC4xx/Tricore/Cpu/Std/IfxCpu_IntrinsicsGcc.h **** IFX_INLINE uint32 Ifx__ror(uint32 operand, uint32 count)
 633:../Libraries/iLLD/TC4xx/Tricore/Cpu/Std/IfxCpu_IntrinsicsGcc.h **** {
 634:../Libraries/iLLD/TC4xx/Tricore/Cpu/Std/IfxCpu_IntrinsicsGcc.h ****     uint32 res;
 635:../Libraries/iLLD/TC4xx/Tricore/Cpu/Std/IfxCpu_IntrinsicsGcc.h ****     __asm__ volatile("rsub %2,%2,0 \n\
 636:../Libraries/iLLD/TC4xx/Tricore/Cpu/Std/IfxCpu_IntrinsicsGcc.h ****                     dextr  %0,%1,%1,%2"
 637:../Libraries/iLLD/TC4xx/Tricore/Cpu/Std/IfxCpu_IntrinsicsGcc.h ****                      :"=d"(res):"d"(operand), "d"(count):"memory");
 638:../Libraries/iLLD/TC4xx/Tricore/Cpu/Std/IfxCpu_IntrinsicsGcc.h ****     return res;
 639:../Libraries/iLLD/TC4xx/Tricore/Cpu/Std/IfxCpu_IntrinsicsGcc.h **** }
 640:../Libraries/iLLD/TC4xx/Tricore/Cpu/Std/IfxCpu_IntrinsicsGcc.h **** /** \} */
 641:../Libraries/iLLD/TC4xx/Tricore/Cpu/Std/IfxCpu_IntrinsicsGcc.h **** 
 642:../Libraries/iLLD/TC4xx/Tricore/Cpu/Std/IfxCpu_IntrinsicsGcc.h **** /** \defgroup IfxLld_Cpu_Intrinsics_Gnucpacked Packed Data Type Support
 643:../Libraries/iLLD/TC4xx/Tricore/Cpu/Std/IfxCpu_IntrinsicsGcc.h ****  The next table provides an overview of the intrinsic functions for initialization of packed data t
 644:../Libraries/iLLD/TC4xx/Tricore/Cpu/Std/IfxCpu_IntrinsicsGcc.h ****  * \ingroup IfxLld_Cpu_Intrinsics_Gnuc
 645:../Libraries/iLLD/TC4xx/Tricore/Cpu/Std/IfxCpu_IntrinsicsGcc.h ****  * \{
 646:../Libraries/iLLD/TC4xx/Tricore/Cpu/Std/IfxCpu_IntrinsicsGcc.h ****  */
 647:../Libraries/iLLD/TC4xx/Tricore/Cpu/Std/IfxCpu_IntrinsicsGcc.h **** 
 648:../Libraries/iLLD/TC4xx/Tricore/Cpu/Std/IfxCpu_IntrinsicsGcc.h **** /**  Absolute value of __packb
 649:../Libraries/iLLD/TC4xx/Tricore/Cpu/Std/IfxCpu_IntrinsicsGcc.h ****  */
 650:../Libraries/iLLD/TC4xx/Tricore/Cpu/Std/IfxCpu_IntrinsicsGcc.h **** IFX_INLINE __packb Ifx__absb(__packb a)
 651:../Libraries/iLLD/TC4xx/Tricore/Cpu/Std/IfxCpu_IntrinsicsGcc.h **** {
 652:../Libraries/iLLD/TC4xx/Tricore/Cpu/Std/IfxCpu_IntrinsicsGcc.h ****     __packb res;
 653:../Libraries/iLLD/TC4xx/Tricore/Cpu/Std/IfxCpu_IntrinsicsGcc.h ****     __asm__ volatile ("abs.b %0,%1"
 654:../Libraries/iLLD/TC4xx/Tricore/Cpu/Std/IfxCpu_IntrinsicsGcc.h ****                       :"=d"(res):"d"(a):"memory");
 655:../Libraries/iLLD/TC4xx/Tricore/Cpu/Std/IfxCpu_IntrinsicsGcc.h ****     return res;
 656:../Libraries/iLLD/TC4xx/Tricore/Cpu/Std/IfxCpu_IntrinsicsGcc.h **** }
 657:../Libraries/iLLD/TC4xx/Tricore/Cpu/Std/IfxCpu_IntrinsicsGcc.h **** 
 658:../Libraries/iLLD/TC4xx/Tricore/Cpu/Std/IfxCpu_IntrinsicsGcc.h **** /**  Absolute value of __packhw
 659:../Libraries/iLLD/TC4xx/Tricore/Cpu/Std/IfxCpu_IntrinsicsGcc.h ****  */
 660:../Libraries/iLLD/TC4xx/Tricore/Cpu/Std/IfxCpu_IntrinsicsGcc.h **** IFX_INLINE __packhw Ifx__absh(__packhw a)
 661:../Libraries/iLLD/TC4xx/Tricore/Cpu/Std/IfxCpu_IntrinsicsGcc.h **** {
 662:../Libraries/iLLD/TC4xx/Tricore/Cpu/Std/IfxCpu_IntrinsicsGcc.h ****     __packhw res;
 663:../Libraries/iLLD/TC4xx/Tricore/Cpu/Std/IfxCpu_IntrinsicsGcc.h ****     __asm__ volatile ("abs.h %0,%1"
 664:../Libraries/iLLD/TC4xx/Tricore/Cpu/Std/IfxCpu_IntrinsicsGcc.h ****                       :"=d"(res):"d"(a):"memory");
 665:../Libraries/iLLD/TC4xx/Tricore/Cpu/Std/IfxCpu_IntrinsicsGcc.h ****     return res;
 666:../Libraries/iLLD/TC4xx/Tricore/Cpu/Std/IfxCpu_IntrinsicsGcc.h **** }
 667:../Libraries/iLLD/TC4xx/Tricore/Cpu/Std/IfxCpu_IntrinsicsGcc.h **** 
 668:../Libraries/iLLD/TC4xx/Tricore/Cpu/Std/IfxCpu_IntrinsicsGcc.h **** /**  Absolute value of __packhw using saturation
 669:../Libraries/iLLD/TC4xx/Tricore/Cpu/Std/IfxCpu_IntrinsicsGcc.h ****  */
 670:../Libraries/iLLD/TC4xx/Tricore/Cpu/Std/IfxCpu_IntrinsicsGcc.h **** IFX_INLINE __packhw Ifx__abssh(__packhw a)
 671:../Libraries/iLLD/TC4xx/Tricore/Cpu/Std/IfxCpu_IntrinsicsGcc.h **** {
 672:../Libraries/iLLD/TC4xx/Tricore/Cpu/Std/IfxCpu_IntrinsicsGcc.h ****     __packb res;
 673:../Libraries/iLLD/TC4xx/Tricore/Cpu/Std/IfxCpu_IntrinsicsGcc.h ****     __asm__ volatile ("abss.h %0,%1"
 674:../Libraries/iLLD/TC4xx/Tricore/Cpu/Std/IfxCpu_IntrinsicsGcc.h ****                       :"=d"(res):"d"(a):"memory");
 675:../Libraries/iLLD/TC4xx/Tricore/Cpu/Std/IfxCpu_IntrinsicsGcc.h ****     return res;
 676:../Libraries/iLLD/TC4xx/Tricore/Cpu/Std/IfxCpu_IntrinsicsGcc.h **** }
 677:../Libraries/iLLD/TC4xx/Tricore/Cpu/Std/IfxCpu_IntrinsicsGcc.h **** 
 678:../Libraries/iLLD/TC4xx/Tricore/Cpu/Std/IfxCpu_IntrinsicsGcc.h **** /** Extract first byte from a __packb
 679:../Libraries/iLLD/TC4xx/Tricore/Cpu/Std/IfxCpu_IntrinsicsGcc.h ****  */
 680:../Libraries/iLLD/TC4xx/Tricore/Cpu/Std/IfxCpu_IntrinsicsGcc.h **** IFX_INLINE sint8 Ifx__extractbyte1(__packb a)
 681:../Libraries/iLLD/TC4xx/Tricore/Cpu/Std/IfxCpu_IntrinsicsGcc.h **** {
 682:../Libraries/iLLD/TC4xx/Tricore/Cpu/Std/IfxCpu_IntrinsicsGcc.h ****     sint8 res;
 683:../Libraries/iLLD/TC4xx/Tricore/Cpu/Std/IfxCpu_IntrinsicsGcc.h ****     __asm__ volatile ("extr  %0,%1,0,8"
 684:../Libraries/iLLD/TC4xx/Tricore/Cpu/Std/IfxCpu_IntrinsicsGcc.h ****                       :"=d"(res):"d"(a):"memory");
 685:../Libraries/iLLD/TC4xx/Tricore/Cpu/Std/IfxCpu_IntrinsicsGcc.h ****     return res;
 686:../Libraries/iLLD/TC4xx/Tricore/Cpu/Std/IfxCpu_IntrinsicsGcc.h **** }
 687:../Libraries/iLLD/TC4xx/Tricore/Cpu/Std/IfxCpu_IntrinsicsGcc.h **** 
 688:../Libraries/iLLD/TC4xx/Tricore/Cpu/Std/IfxCpu_IntrinsicsGcc.h **** /** Extract second byte from a __packb
 689:../Libraries/iLLD/TC4xx/Tricore/Cpu/Std/IfxCpu_IntrinsicsGcc.h ****  */
 690:../Libraries/iLLD/TC4xx/Tricore/Cpu/Std/IfxCpu_IntrinsicsGcc.h **** IFX_INLINE sint8 Ifx__extractbyte2(__packb a)
 691:../Libraries/iLLD/TC4xx/Tricore/Cpu/Std/IfxCpu_IntrinsicsGcc.h **** {
 692:../Libraries/iLLD/TC4xx/Tricore/Cpu/Std/IfxCpu_IntrinsicsGcc.h ****     sint8 res;
 693:../Libraries/iLLD/TC4xx/Tricore/Cpu/Std/IfxCpu_IntrinsicsGcc.h ****     __asm__ volatile ("extr  %0,%1,8,8"
 694:../Libraries/iLLD/TC4xx/Tricore/Cpu/Std/IfxCpu_IntrinsicsGcc.h ****                       :"=d"(res):"d"(a):"memory");
 695:../Libraries/iLLD/TC4xx/Tricore/Cpu/Std/IfxCpu_IntrinsicsGcc.h ****     return res;
 696:../Libraries/iLLD/TC4xx/Tricore/Cpu/Std/IfxCpu_IntrinsicsGcc.h **** }
 697:../Libraries/iLLD/TC4xx/Tricore/Cpu/Std/IfxCpu_IntrinsicsGcc.h **** 
 698:../Libraries/iLLD/TC4xx/Tricore/Cpu/Std/IfxCpu_IntrinsicsGcc.h **** /** Extract third byte from a __packb
 699:../Libraries/iLLD/TC4xx/Tricore/Cpu/Std/IfxCpu_IntrinsicsGcc.h ****  */
 700:../Libraries/iLLD/TC4xx/Tricore/Cpu/Std/IfxCpu_IntrinsicsGcc.h **** IFX_INLINE sint8 Ifx__extractbyte3(__packb a)
 701:../Libraries/iLLD/TC4xx/Tricore/Cpu/Std/IfxCpu_IntrinsicsGcc.h **** {
 702:../Libraries/iLLD/TC4xx/Tricore/Cpu/Std/IfxCpu_IntrinsicsGcc.h ****     sint8 res;
 703:../Libraries/iLLD/TC4xx/Tricore/Cpu/Std/IfxCpu_IntrinsicsGcc.h ****     __asm__ volatile ("extr  %0,%1,16,8"
 704:../Libraries/iLLD/TC4xx/Tricore/Cpu/Std/IfxCpu_IntrinsicsGcc.h ****                       :"=d"(res):"d"(a):"memory");
 705:../Libraries/iLLD/TC4xx/Tricore/Cpu/Std/IfxCpu_IntrinsicsGcc.h ****     return res;
 706:../Libraries/iLLD/TC4xx/Tricore/Cpu/Std/IfxCpu_IntrinsicsGcc.h **** }
 707:../Libraries/iLLD/TC4xx/Tricore/Cpu/Std/IfxCpu_IntrinsicsGcc.h **** 
 708:../Libraries/iLLD/TC4xx/Tricore/Cpu/Std/IfxCpu_IntrinsicsGcc.h **** /**  Extract fourth byte from a __packb
 709:../Libraries/iLLD/TC4xx/Tricore/Cpu/Std/IfxCpu_IntrinsicsGcc.h ****  */
 710:../Libraries/iLLD/TC4xx/Tricore/Cpu/Std/IfxCpu_IntrinsicsGcc.h **** IFX_INLINE sint8 Ifx__extractbyte4(__packb a)
 711:../Libraries/iLLD/TC4xx/Tricore/Cpu/Std/IfxCpu_IntrinsicsGcc.h **** {
 712:../Libraries/iLLD/TC4xx/Tricore/Cpu/Std/IfxCpu_IntrinsicsGcc.h ****     sint8 res;
 713:../Libraries/iLLD/TC4xx/Tricore/Cpu/Std/IfxCpu_IntrinsicsGcc.h ****     __asm__ volatile ("extr  %0,%1,24,8"
 714:../Libraries/iLLD/TC4xx/Tricore/Cpu/Std/IfxCpu_IntrinsicsGcc.h ****                       :"=d"(res):"d"(a):"memory");
 715:../Libraries/iLLD/TC4xx/Tricore/Cpu/Std/IfxCpu_IntrinsicsGcc.h ****     return res;
 716:../Libraries/iLLD/TC4xx/Tricore/Cpu/Std/IfxCpu_IntrinsicsGcc.h **** }
 717:../Libraries/iLLD/TC4xx/Tricore/Cpu/Std/IfxCpu_IntrinsicsGcc.h **** 
 718:../Libraries/iLLD/TC4xx/Tricore/Cpu/Std/IfxCpu_IntrinsicsGcc.h **** /** Extract first sint16 from a __packhw
 719:../Libraries/iLLD/TC4xx/Tricore/Cpu/Std/IfxCpu_IntrinsicsGcc.h ****  */
 720:../Libraries/iLLD/TC4xx/Tricore/Cpu/Std/IfxCpu_IntrinsicsGcc.h **** IFX_INLINE sint16 Ifx__extracthw1(__packhw a)
 721:../Libraries/iLLD/TC4xx/Tricore/Cpu/Std/IfxCpu_IntrinsicsGcc.h **** {
 722:../Libraries/iLLD/TC4xx/Tricore/Cpu/Std/IfxCpu_IntrinsicsGcc.h ****     sint16 res;
 723:../Libraries/iLLD/TC4xx/Tricore/Cpu/Std/IfxCpu_IntrinsicsGcc.h ****     __asm__ volatile ("extr  %0,%1,0,16"
 724:../Libraries/iLLD/TC4xx/Tricore/Cpu/Std/IfxCpu_IntrinsicsGcc.h ****                       :"=d"(res):"d"(a):"memory");
 725:../Libraries/iLLD/TC4xx/Tricore/Cpu/Std/IfxCpu_IntrinsicsGcc.h ****     return res;
 726:../Libraries/iLLD/TC4xx/Tricore/Cpu/Std/IfxCpu_IntrinsicsGcc.h **** }
 727:../Libraries/iLLD/TC4xx/Tricore/Cpu/Std/IfxCpu_IntrinsicsGcc.h **** 
 728:../Libraries/iLLD/TC4xx/Tricore/Cpu/Std/IfxCpu_IntrinsicsGcc.h **** /** Extract second sint16 from a __packhw
 729:../Libraries/iLLD/TC4xx/Tricore/Cpu/Std/IfxCpu_IntrinsicsGcc.h ****  */
 730:../Libraries/iLLD/TC4xx/Tricore/Cpu/Std/IfxCpu_IntrinsicsGcc.h **** IFX_INLINE sint16 Ifx__extracthw2(__packhw a)
 731:../Libraries/iLLD/TC4xx/Tricore/Cpu/Std/IfxCpu_IntrinsicsGcc.h **** {
 732:../Libraries/iLLD/TC4xx/Tricore/Cpu/Std/IfxCpu_IntrinsicsGcc.h ****     sint16 res;
 733:../Libraries/iLLD/TC4xx/Tricore/Cpu/Std/IfxCpu_IntrinsicsGcc.h ****     __asm__ volatile ("extr  %0,%1,16,16"
 734:../Libraries/iLLD/TC4xx/Tricore/Cpu/Std/IfxCpu_IntrinsicsGcc.h ****                       :"=d"(res):"d"(a):"memory");
 735:../Libraries/iLLD/TC4xx/Tricore/Cpu/Std/IfxCpu_IntrinsicsGcc.h ****     return res;
 736:../Libraries/iLLD/TC4xx/Tricore/Cpu/Std/IfxCpu_IntrinsicsGcc.h **** }
 737:../Libraries/iLLD/TC4xx/Tricore/Cpu/Std/IfxCpu_IntrinsicsGcc.h **** 
 738:../Libraries/iLLD/TC4xx/Tricore/Cpu/Std/IfxCpu_IntrinsicsGcc.h **** /** Extract first uint8 from a __packb
 739:../Libraries/iLLD/TC4xx/Tricore/Cpu/Std/IfxCpu_IntrinsicsGcc.h ****  */
 740:../Libraries/iLLD/TC4xx/Tricore/Cpu/Std/IfxCpu_IntrinsicsGcc.h **** IFX_INLINE uint8 Ifx__extractubyte1(__upackb a)
 741:../Libraries/iLLD/TC4xx/Tricore/Cpu/Std/IfxCpu_IntrinsicsGcc.h **** {
 742:../Libraries/iLLD/TC4xx/Tricore/Cpu/Std/IfxCpu_IntrinsicsGcc.h ****     uint8 res;
 743:../Libraries/iLLD/TC4xx/Tricore/Cpu/Std/IfxCpu_IntrinsicsGcc.h ****     __asm__ volatile ("extr  %0,%1,0,8"
 744:../Libraries/iLLD/TC4xx/Tricore/Cpu/Std/IfxCpu_IntrinsicsGcc.h ****                       :"=d"(res):"d"(a):"memory");
 745:../Libraries/iLLD/TC4xx/Tricore/Cpu/Std/IfxCpu_IntrinsicsGcc.h ****     return res;
 746:../Libraries/iLLD/TC4xx/Tricore/Cpu/Std/IfxCpu_IntrinsicsGcc.h **** }
 747:../Libraries/iLLD/TC4xx/Tricore/Cpu/Std/IfxCpu_IntrinsicsGcc.h **** 
 748:../Libraries/iLLD/TC4xx/Tricore/Cpu/Std/IfxCpu_IntrinsicsGcc.h **** /** Extract second uint8 from a __packb
 749:../Libraries/iLLD/TC4xx/Tricore/Cpu/Std/IfxCpu_IntrinsicsGcc.h ****  */
 750:../Libraries/iLLD/TC4xx/Tricore/Cpu/Std/IfxCpu_IntrinsicsGcc.h **** IFX_INLINE uint8 Ifx__extractubyte2(__upackb a)
 751:../Libraries/iLLD/TC4xx/Tricore/Cpu/Std/IfxCpu_IntrinsicsGcc.h **** {
 752:../Libraries/iLLD/TC4xx/Tricore/Cpu/Std/IfxCpu_IntrinsicsGcc.h ****     uint8 res;
 753:../Libraries/iLLD/TC4xx/Tricore/Cpu/Std/IfxCpu_IntrinsicsGcc.h ****     __asm__ volatile ("extr  %0,%1,8,8"
 754:../Libraries/iLLD/TC4xx/Tricore/Cpu/Std/IfxCpu_IntrinsicsGcc.h ****                       :"=d"(res):"d"(a):"memory");
 755:../Libraries/iLLD/TC4xx/Tricore/Cpu/Std/IfxCpu_IntrinsicsGcc.h ****     return res;
 756:../Libraries/iLLD/TC4xx/Tricore/Cpu/Std/IfxCpu_IntrinsicsGcc.h **** }
 757:../Libraries/iLLD/TC4xx/Tricore/Cpu/Std/IfxCpu_IntrinsicsGcc.h **** 
 758:../Libraries/iLLD/TC4xx/Tricore/Cpu/Std/IfxCpu_IntrinsicsGcc.h **** /** Extract third uint8 from a __packb
 759:../Libraries/iLLD/TC4xx/Tricore/Cpu/Std/IfxCpu_IntrinsicsGcc.h ****  */
 760:../Libraries/iLLD/TC4xx/Tricore/Cpu/Std/IfxCpu_IntrinsicsGcc.h **** IFX_INLINE uint8 Ifx__extractubyte3(__upackb a)
 761:../Libraries/iLLD/TC4xx/Tricore/Cpu/Std/IfxCpu_IntrinsicsGcc.h **** {
 762:../Libraries/iLLD/TC4xx/Tricore/Cpu/Std/IfxCpu_IntrinsicsGcc.h ****     uint8 res;
 763:../Libraries/iLLD/TC4xx/Tricore/Cpu/Std/IfxCpu_IntrinsicsGcc.h ****     __asm__ volatile ("extr  %0,%1,16,8"
 764:../Libraries/iLLD/TC4xx/Tricore/Cpu/Std/IfxCpu_IntrinsicsGcc.h ****                       :"=d"(res):"d"(a):"memory");
 765:../Libraries/iLLD/TC4xx/Tricore/Cpu/Std/IfxCpu_IntrinsicsGcc.h ****     return res;
 766:../Libraries/iLLD/TC4xx/Tricore/Cpu/Std/IfxCpu_IntrinsicsGcc.h **** }
 767:../Libraries/iLLD/TC4xx/Tricore/Cpu/Std/IfxCpu_IntrinsicsGcc.h **** 
 768:../Libraries/iLLD/TC4xx/Tricore/Cpu/Std/IfxCpu_IntrinsicsGcc.h **** /** Extract fourth uint8 from a __packb
 769:../Libraries/iLLD/TC4xx/Tricore/Cpu/Std/IfxCpu_IntrinsicsGcc.h ****  */
 770:../Libraries/iLLD/TC4xx/Tricore/Cpu/Std/IfxCpu_IntrinsicsGcc.h **** IFX_INLINE uint8 Ifx__extractubyte4(__upackb a)
 771:../Libraries/iLLD/TC4xx/Tricore/Cpu/Std/IfxCpu_IntrinsicsGcc.h **** {
 772:../Libraries/iLLD/TC4xx/Tricore/Cpu/Std/IfxCpu_IntrinsicsGcc.h ****     uint8 res;
 773:../Libraries/iLLD/TC4xx/Tricore/Cpu/Std/IfxCpu_IntrinsicsGcc.h ****     __asm__ volatile ("extr  %0,%1,24,8"
 774:../Libraries/iLLD/TC4xx/Tricore/Cpu/Std/IfxCpu_IntrinsicsGcc.h ****                       :"=d"(res):"d"(a):"memory");
 775:../Libraries/iLLD/TC4xx/Tricore/Cpu/Std/IfxCpu_IntrinsicsGcc.h ****     return res;
 776:../Libraries/iLLD/TC4xx/Tricore/Cpu/Std/IfxCpu_IntrinsicsGcc.h **** }
 777:../Libraries/iLLD/TC4xx/Tricore/Cpu/Std/IfxCpu_IntrinsicsGcc.h **** 
 778:../Libraries/iLLD/TC4xx/Tricore/Cpu/Std/IfxCpu_IntrinsicsGcc.h **** /** Extract first uint16 from a __packhw
 779:../Libraries/iLLD/TC4xx/Tricore/Cpu/Std/IfxCpu_IntrinsicsGcc.h ****  */
 780:../Libraries/iLLD/TC4xx/Tricore/Cpu/Std/IfxCpu_IntrinsicsGcc.h **** IFX_INLINE uint16 Ifx__extractuhw1(__upackhw a)
 781:../Libraries/iLLD/TC4xx/Tricore/Cpu/Std/IfxCpu_IntrinsicsGcc.h **** {
 782:../Libraries/iLLD/TC4xx/Tricore/Cpu/Std/IfxCpu_IntrinsicsGcc.h ****     uint16 res;
 783:../Libraries/iLLD/TC4xx/Tricore/Cpu/Std/IfxCpu_IntrinsicsGcc.h ****     __asm__ volatile ("extr  %0,%1,0,16"
 784:../Libraries/iLLD/TC4xx/Tricore/Cpu/Std/IfxCpu_IntrinsicsGcc.h ****                       :"=d"(res):"d"(a):"memory");
 785:../Libraries/iLLD/TC4xx/Tricore/Cpu/Std/IfxCpu_IntrinsicsGcc.h ****     return res;
 786:../Libraries/iLLD/TC4xx/Tricore/Cpu/Std/IfxCpu_IntrinsicsGcc.h **** }
 787:../Libraries/iLLD/TC4xx/Tricore/Cpu/Std/IfxCpu_IntrinsicsGcc.h **** 
 788:../Libraries/iLLD/TC4xx/Tricore/Cpu/Std/IfxCpu_IntrinsicsGcc.h **** /** Extract second uint16 from a __packhw
 789:../Libraries/iLLD/TC4xx/Tricore/Cpu/Std/IfxCpu_IntrinsicsGcc.h ****  */
 790:../Libraries/iLLD/TC4xx/Tricore/Cpu/Std/IfxCpu_IntrinsicsGcc.h **** IFX_INLINE uint16 Ifx__extractuhw2(__upackhw a)
 791:../Libraries/iLLD/TC4xx/Tricore/Cpu/Std/IfxCpu_IntrinsicsGcc.h **** {
 792:../Libraries/iLLD/TC4xx/Tricore/Cpu/Std/IfxCpu_IntrinsicsGcc.h ****     uint16 res;
 793:../Libraries/iLLD/TC4xx/Tricore/Cpu/Std/IfxCpu_IntrinsicsGcc.h ****     __asm__ volatile ("extr  %0,%1,16,16"
 794:../Libraries/iLLD/TC4xx/Tricore/Cpu/Std/IfxCpu_IntrinsicsGcc.h ****                       :"=d"(res):"d"(a):"memory");
 795:../Libraries/iLLD/TC4xx/Tricore/Cpu/Std/IfxCpu_IntrinsicsGcc.h ****     return res;
 796:../Libraries/iLLD/TC4xx/Tricore/Cpu/Std/IfxCpu_IntrinsicsGcc.h **** }
 797:../Libraries/iLLD/TC4xx/Tricore/Cpu/Std/IfxCpu_IntrinsicsGcc.h **** 
 798:../Libraries/iLLD/TC4xx/Tricore/Cpu/Std/IfxCpu_IntrinsicsGcc.h **** /**  Extract first byte from a __packb
 799:../Libraries/iLLD/TC4xx/Tricore/Cpu/Std/IfxCpu_IntrinsicsGcc.h ****  */
 800:../Libraries/iLLD/TC4xx/Tricore/Cpu/Std/IfxCpu_IntrinsicsGcc.h **** IFX_INLINE sint8 Ifx__getbyte1(__packb* a)
 801:../Libraries/iLLD/TC4xx/Tricore/Cpu/Std/IfxCpu_IntrinsicsGcc.h **** {
 802:../Libraries/iLLD/TC4xx/Tricore/Cpu/Std/IfxCpu_IntrinsicsGcc.h ****     sint8 res;
 803:../Libraries/iLLD/TC4xx/Tricore/Cpu/Std/IfxCpu_IntrinsicsGcc.h ****     __asm__ volatile ("ld.w  %0,[%1]0 \n\
 804:../Libraries/iLLD/TC4xx/Tricore/Cpu/Std/IfxCpu_IntrinsicsGcc.h ****                      extr  %0,%0,0,8"
 805:../Libraries/iLLD/TC4xx/Tricore/Cpu/Std/IfxCpu_IntrinsicsGcc.h ****                       :"=d"(res):"a"(a):"memory");
 806:../Libraries/iLLD/TC4xx/Tricore/Cpu/Std/IfxCpu_IntrinsicsGcc.h ****     return res;
 807:../Libraries/iLLD/TC4xx/Tricore/Cpu/Std/IfxCpu_IntrinsicsGcc.h **** 
 808:../Libraries/iLLD/TC4xx/Tricore/Cpu/Std/IfxCpu_IntrinsicsGcc.h **** }
 809:../Libraries/iLLD/TC4xx/Tricore/Cpu/Std/IfxCpu_IntrinsicsGcc.h **** 
 810:../Libraries/iLLD/TC4xx/Tricore/Cpu/Std/IfxCpu_IntrinsicsGcc.h **** /**  Extract second byte from a __packb
 811:../Libraries/iLLD/TC4xx/Tricore/Cpu/Std/IfxCpu_IntrinsicsGcc.h ****  */
 812:../Libraries/iLLD/TC4xx/Tricore/Cpu/Std/IfxCpu_IntrinsicsGcc.h **** IFX_INLINE sint8 Ifx__getbyte2(__packb* a)
 813:../Libraries/iLLD/TC4xx/Tricore/Cpu/Std/IfxCpu_IntrinsicsGcc.h **** {
 814:../Libraries/iLLD/TC4xx/Tricore/Cpu/Std/IfxCpu_IntrinsicsGcc.h ****     sint8 res;
 815:../Libraries/iLLD/TC4xx/Tricore/Cpu/Std/IfxCpu_IntrinsicsGcc.h ****     __asm__ volatile ("ld.w  %0,[%1]0 \n\
 816:../Libraries/iLLD/TC4xx/Tricore/Cpu/Std/IfxCpu_IntrinsicsGcc.h ****                      extr  %0,%0,8,8"
 817:../Libraries/iLLD/TC4xx/Tricore/Cpu/Std/IfxCpu_IntrinsicsGcc.h ****                       :"=d"(res):"a"(a):"memory");
 818:../Libraries/iLLD/TC4xx/Tricore/Cpu/Std/IfxCpu_IntrinsicsGcc.h ****     return res;
 819:../Libraries/iLLD/TC4xx/Tricore/Cpu/Std/IfxCpu_IntrinsicsGcc.h **** 
 820:../Libraries/iLLD/TC4xx/Tricore/Cpu/Std/IfxCpu_IntrinsicsGcc.h **** }
 821:../Libraries/iLLD/TC4xx/Tricore/Cpu/Std/IfxCpu_IntrinsicsGcc.h **** 
 822:../Libraries/iLLD/TC4xx/Tricore/Cpu/Std/IfxCpu_IntrinsicsGcc.h **** /**  Extract third byte from a __packb
 823:../Libraries/iLLD/TC4xx/Tricore/Cpu/Std/IfxCpu_IntrinsicsGcc.h ****  */
 824:../Libraries/iLLD/TC4xx/Tricore/Cpu/Std/IfxCpu_IntrinsicsGcc.h **** IFX_INLINE sint8 Ifx__getbyte3(__packb* a)
 825:../Libraries/iLLD/TC4xx/Tricore/Cpu/Std/IfxCpu_IntrinsicsGcc.h **** {
 826:../Libraries/iLLD/TC4xx/Tricore/Cpu/Std/IfxCpu_IntrinsicsGcc.h ****     sint8 res;
 827:../Libraries/iLLD/TC4xx/Tricore/Cpu/Std/IfxCpu_IntrinsicsGcc.h ****     __asm__ volatile ("ld.w  %0,[%1]0 \n\
 828:../Libraries/iLLD/TC4xx/Tricore/Cpu/Std/IfxCpu_IntrinsicsGcc.h ****                      extr  %0,%0,16,8"
 829:../Libraries/iLLD/TC4xx/Tricore/Cpu/Std/IfxCpu_IntrinsicsGcc.h ****                       :"=d"(res):"a"(a):"memory");
 830:../Libraries/iLLD/TC4xx/Tricore/Cpu/Std/IfxCpu_IntrinsicsGcc.h ****     return res;
 831:../Libraries/iLLD/TC4xx/Tricore/Cpu/Std/IfxCpu_IntrinsicsGcc.h **** 
 832:../Libraries/iLLD/TC4xx/Tricore/Cpu/Std/IfxCpu_IntrinsicsGcc.h **** }
 833:../Libraries/iLLD/TC4xx/Tricore/Cpu/Std/IfxCpu_IntrinsicsGcc.h **** 
 834:../Libraries/iLLD/TC4xx/Tricore/Cpu/Std/IfxCpu_IntrinsicsGcc.h **** /**  Extract fourth byte from a __packb
 835:../Libraries/iLLD/TC4xx/Tricore/Cpu/Std/IfxCpu_IntrinsicsGcc.h ****  */
 836:../Libraries/iLLD/TC4xx/Tricore/Cpu/Std/IfxCpu_IntrinsicsGcc.h **** IFX_INLINE sint8 Ifx__getbyte4(__packb* a)
 837:../Libraries/iLLD/TC4xx/Tricore/Cpu/Std/IfxCpu_IntrinsicsGcc.h **** {
 838:../Libraries/iLLD/TC4xx/Tricore/Cpu/Std/IfxCpu_IntrinsicsGcc.h ****     sint8 res;
 839:../Libraries/iLLD/TC4xx/Tricore/Cpu/Std/IfxCpu_IntrinsicsGcc.h ****     __asm__ volatile ("ld.w  %0,[%1]0 \n\
 840:../Libraries/iLLD/TC4xx/Tricore/Cpu/Std/IfxCpu_IntrinsicsGcc.h ****                      extr  %0,%0,24,8"
 841:../Libraries/iLLD/TC4xx/Tricore/Cpu/Std/IfxCpu_IntrinsicsGcc.h ****                       :"=d"(res):"a"(a):"memory");
 842:../Libraries/iLLD/TC4xx/Tricore/Cpu/Std/IfxCpu_IntrinsicsGcc.h ****     return res;
 843:../Libraries/iLLD/TC4xx/Tricore/Cpu/Std/IfxCpu_IntrinsicsGcc.h **** 
 844:../Libraries/iLLD/TC4xx/Tricore/Cpu/Std/IfxCpu_IntrinsicsGcc.h **** }
 845:../Libraries/iLLD/TC4xx/Tricore/Cpu/Std/IfxCpu_IntrinsicsGcc.h **** 
 846:../Libraries/iLLD/TC4xx/Tricore/Cpu/Std/IfxCpu_IntrinsicsGcc.h **** /**  Extract first sint16 from a __packhw
 847:../Libraries/iLLD/TC4xx/Tricore/Cpu/Std/IfxCpu_IntrinsicsGcc.h ****  */
 848:../Libraries/iLLD/TC4xx/Tricore/Cpu/Std/IfxCpu_IntrinsicsGcc.h **** IFX_INLINE sint16 Ifx__gethw1(__packhw* a)
 849:../Libraries/iLLD/TC4xx/Tricore/Cpu/Std/IfxCpu_IntrinsicsGcc.h **** {
 850:../Libraries/iLLD/TC4xx/Tricore/Cpu/Std/IfxCpu_IntrinsicsGcc.h ****     sint16 res;
 851:../Libraries/iLLD/TC4xx/Tricore/Cpu/Std/IfxCpu_IntrinsicsGcc.h ****     __asm__ volatile ("ld.w  %0,[%1]0 \n\
 852:../Libraries/iLLD/TC4xx/Tricore/Cpu/Std/IfxCpu_IntrinsicsGcc.h ****                      extr  %0,%0,0,16"
 853:../Libraries/iLLD/TC4xx/Tricore/Cpu/Std/IfxCpu_IntrinsicsGcc.h ****                       :"=d"(res):"a"(a):"memory");
 854:../Libraries/iLLD/TC4xx/Tricore/Cpu/Std/IfxCpu_IntrinsicsGcc.h ****     return res;
 855:../Libraries/iLLD/TC4xx/Tricore/Cpu/Std/IfxCpu_IntrinsicsGcc.h **** }
 856:../Libraries/iLLD/TC4xx/Tricore/Cpu/Std/IfxCpu_IntrinsicsGcc.h **** /**  Extract second sint16 from a __packhw
 857:../Libraries/iLLD/TC4xx/Tricore/Cpu/Std/IfxCpu_IntrinsicsGcc.h ****  */
 858:../Libraries/iLLD/TC4xx/Tricore/Cpu/Std/IfxCpu_IntrinsicsGcc.h **** IFX_INLINE sint16 Ifx__gethw2(__packhw* a)
 859:../Libraries/iLLD/TC4xx/Tricore/Cpu/Std/IfxCpu_IntrinsicsGcc.h **** {
 860:../Libraries/iLLD/TC4xx/Tricore/Cpu/Std/IfxCpu_IntrinsicsGcc.h ****     sint16 res;
 861:../Libraries/iLLD/TC4xx/Tricore/Cpu/Std/IfxCpu_IntrinsicsGcc.h ****     __asm__ volatile ("ld.w  %0,[%1]0 \n\
 862:../Libraries/iLLD/TC4xx/Tricore/Cpu/Std/IfxCpu_IntrinsicsGcc.h ****                      extr  %0,%0,16,16"
 863:../Libraries/iLLD/TC4xx/Tricore/Cpu/Std/IfxCpu_IntrinsicsGcc.h ****                       :"=d"(res):"a"(a):"memory");
 864:../Libraries/iLLD/TC4xx/Tricore/Cpu/Std/IfxCpu_IntrinsicsGcc.h ****     return res;
 865:../Libraries/iLLD/TC4xx/Tricore/Cpu/Std/IfxCpu_IntrinsicsGcc.h **** }
 866:../Libraries/iLLD/TC4xx/Tricore/Cpu/Std/IfxCpu_IntrinsicsGcc.h **** 
 867:../Libraries/iLLD/TC4xx/Tricore/Cpu/Std/IfxCpu_IntrinsicsGcc.h **** /**  Extract first uint8 from a __packb
 868:../Libraries/iLLD/TC4xx/Tricore/Cpu/Std/IfxCpu_IntrinsicsGcc.h ****  */
 869:../Libraries/iLLD/TC4xx/Tricore/Cpu/Std/IfxCpu_IntrinsicsGcc.h **** IFX_INLINE uint8 Ifx__getubyte1(__upackb* a)
 870:../Libraries/iLLD/TC4xx/Tricore/Cpu/Std/IfxCpu_IntrinsicsGcc.h **** {
 871:../Libraries/iLLD/TC4xx/Tricore/Cpu/Std/IfxCpu_IntrinsicsGcc.h ****     uint8 res;
 872:../Libraries/iLLD/TC4xx/Tricore/Cpu/Std/IfxCpu_IntrinsicsGcc.h ****     __asm__ volatile ("ld.w  %0,[%1]0 \n\
 873:../Libraries/iLLD/TC4xx/Tricore/Cpu/Std/IfxCpu_IntrinsicsGcc.h ****                      extr  %0,%0,0,8"
 874:../Libraries/iLLD/TC4xx/Tricore/Cpu/Std/IfxCpu_IntrinsicsGcc.h ****                       :"=d"(res):"a"(a):"memory");
 875:../Libraries/iLLD/TC4xx/Tricore/Cpu/Std/IfxCpu_IntrinsicsGcc.h ****     return res;
 876:../Libraries/iLLD/TC4xx/Tricore/Cpu/Std/IfxCpu_IntrinsicsGcc.h **** }
 877:../Libraries/iLLD/TC4xx/Tricore/Cpu/Std/IfxCpu_IntrinsicsGcc.h **** 
 878:../Libraries/iLLD/TC4xx/Tricore/Cpu/Std/IfxCpu_IntrinsicsGcc.h **** /**  Extract second uint8 from a __packb
 879:../Libraries/iLLD/TC4xx/Tricore/Cpu/Std/IfxCpu_IntrinsicsGcc.h ****  */
 880:../Libraries/iLLD/TC4xx/Tricore/Cpu/Std/IfxCpu_IntrinsicsGcc.h **** IFX_INLINE uint8 Ifx__getubyte2(__upackb* a)
 881:../Libraries/iLLD/TC4xx/Tricore/Cpu/Std/IfxCpu_IntrinsicsGcc.h **** {
 882:../Libraries/iLLD/TC4xx/Tricore/Cpu/Std/IfxCpu_IntrinsicsGcc.h ****     uint8 res;
 883:../Libraries/iLLD/TC4xx/Tricore/Cpu/Std/IfxCpu_IntrinsicsGcc.h ****     __asm__ volatile ("ld.w  %0,[%1]0 \n\
 884:../Libraries/iLLD/TC4xx/Tricore/Cpu/Std/IfxCpu_IntrinsicsGcc.h ****                      extr  %0,%0,8,8"
 885:../Libraries/iLLD/TC4xx/Tricore/Cpu/Std/IfxCpu_IntrinsicsGcc.h ****                       :"=d"(res):"a"(a):"memory");
 886:../Libraries/iLLD/TC4xx/Tricore/Cpu/Std/IfxCpu_IntrinsicsGcc.h ****     return res;
 887:../Libraries/iLLD/TC4xx/Tricore/Cpu/Std/IfxCpu_IntrinsicsGcc.h **** }
 888:../Libraries/iLLD/TC4xx/Tricore/Cpu/Std/IfxCpu_IntrinsicsGcc.h **** 
 889:../Libraries/iLLD/TC4xx/Tricore/Cpu/Std/IfxCpu_IntrinsicsGcc.h **** /**  Extract third uint8 from a __packb
 890:../Libraries/iLLD/TC4xx/Tricore/Cpu/Std/IfxCpu_IntrinsicsGcc.h ****  */
 891:../Libraries/iLLD/TC4xx/Tricore/Cpu/Std/IfxCpu_IntrinsicsGcc.h **** IFX_INLINE uint8 Ifx__getubyte3(__upackb* a)
 892:../Libraries/iLLD/TC4xx/Tricore/Cpu/Std/IfxCpu_IntrinsicsGcc.h **** {
 893:../Libraries/iLLD/TC4xx/Tricore/Cpu/Std/IfxCpu_IntrinsicsGcc.h ****     uint8 res;
 894:../Libraries/iLLD/TC4xx/Tricore/Cpu/Std/IfxCpu_IntrinsicsGcc.h ****     __asm__ volatile ("ld.w  %0,[%1]0 \n\
 895:../Libraries/iLLD/TC4xx/Tricore/Cpu/Std/IfxCpu_IntrinsicsGcc.h ****                      extr  %0,%0,16,8"
 896:../Libraries/iLLD/TC4xx/Tricore/Cpu/Std/IfxCpu_IntrinsicsGcc.h ****                       :"=d"(res):"a"(a):"memory");
 897:../Libraries/iLLD/TC4xx/Tricore/Cpu/Std/IfxCpu_IntrinsicsGcc.h ****     return res;
 898:../Libraries/iLLD/TC4xx/Tricore/Cpu/Std/IfxCpu_IntrinsicsGcc.h **** }
 899:../Libraries/iLLD/TC4xx/Tricore/Cpu/Std/IfxCpu_IntrinsicsGcc.h **** 
 900:../Libraries/iLLD/TC4xx/Tricore/Cpu/Std/IfxCpu_IntrinsicsGcc.h **** /**  Extract fourth uint8 from a __packb
 901:../Libraries/iLLD/TC4xx/Tricore/Cpu/Std/IfxCpu_IntrinsicsGcc.h ****  */
 902:../Libraries/iLLD/TC4xx/Tricore/Cpu/Std/IfxCpu_IntrinsicsGcc.h **** IFX_INLINE uint8 Ifx__getubyte4(__upackb* a)
 903:../Libraries/iLLD/TC4xx/Tricore/Cpu/Std/IfxCpu_IntrinsicsGcc.h **** {
 904:../Libraries/iLLD/TC4xx/Tricore/Cpu/Std/IfxCpu_IntrinsicsGcc.h ****     uint8 res;
 905:../Libraries/iLLD/TC4xx/Tricore/Cpu/Std/IfxCpu_IntrinsicsGcc.h ****     __asm__ volatile ("ld.w  %0,[%1]0 \n\
 906:../Libraries/iLLD/TC4xx/Tricore/Cpu/Std/IfxCpu_IntrinsicsGcc.h ****                      extr  %0,%0,24,8"
 907:../Libraries/iLLD/TC4xx/Tricore/Cpu/Std/IfxCpu_IntrinsicsGcc.h ****                       :"=d"(res):"a"(a):"memory");
 908:../Libraries/iLLD/TC4xx/Tricore/Cpu/Std/IfxCpu_IntrinsicsGcc.h ****     return res;
 909:../Libraries/iLLD/TC4xx/Tricore/Cpu/Std/IfxCpu_IntrinsicsGcc.h **** }
 910:../Libraries/iLLD/TC4xx/Tricore/Cpu/Std/IfxCpu_IntrinsicsGcc.h **** 
 911:../Libraries/iLLD/TC4xx/Tricore/Cpu/Std/IfxCpu_IntrinsicsGcc.h **** /**  Extract first uint16 from a __packhw
 912:../Libraries/iLLD/TC4xx/Tricore/Cpu/Std/IfxCpu_IntrinsicsGcc.h ****  */
 913:../Libraries/iLLD/TC4xx/Tricore/Cpu/Std/IfxCpu_IntrinsicsGcc.h **** IFX_INLINE uint16 Ifx__getuhw1(__upackhw* a)
 914:../Libraries/iLLD/TC4xx/Tricore/Cpu/Std/IfxCpu_IntrinsicsGcc.h **** {
 915:../Libraries/iLLD/TC4xx/Tricore/Cpu/Std/IfxCpu_IntrinsicsGcc.h ****     uint16 res;
 916:../Libraries/iLLD/TC4xx/Tricore/Cpu/Std/IfxCpu_IntrinsicsGcc.h ****     __asm__ volatile ("ld.w  %0,[%1]0 \n\
 917:../Libraries/iLLD/TC4xx/Tricore/Cpu/Std/IfxCpu_IntrinsicsGcc.h ****                      extr  %0,%0,0,16"
 918:../Libraries/iLLD/TC4xx/Tricore/Cpu/Std/IfxCpu_IntrinsicsGcc.h ****                       :"=d"(res):"a"(a):"memory");
 919:../Libraries/iLLD/TC4xx/Tricore/Cpu/Std/IfxCpu_IntrinsicsGcc.h ****     return res;
 920:../Libraries/iLLD/TC4xx/Tricore/Cpu/Std/IfxCpu_IntrinsicsGcc.h **** }
 921:../Libraries/iLLD/TC4xx/Tricore/Cpu/Std/IfxCpu_IntrinsicsGcc.h **** 
 922:../Libraries/iLLD/TC4xx/Tricore/Cpu/Std/IfxCpu_IntrinsicsGcc.h **** /**  Extract second uint16 from a __packhw
 923:../Libraries/iLLD/TC4xx/Tricore/Cpu/Std/IfxCpu_IntrinsicsGcc.h ****  */
 924:../Libraries/iLLD/TC4xx/Tricore/Cpu/Std/IfxCpu_IntrinsicsGcc.h **** IFX_INLINE uint16 Ifx__getuhw2(__upackhw* a)
 925:../Libraries/iLLD/TC4xx/Tricore/Cpu/Std/IfxCpu_IntrinsicsGcc.h **** {
 926:../Libraries/iLLD/TC4xx/Tricore/Cpu/Std/IfxCpu_IntrinsicsGcc.h ****     uint16 res;
 927:../Libraries/iLLD/TC4xx/Tricore/Cpu/Std/IfxCpu_IntrinsicsGcc.h ****     __asm__ volatile ("ld.w  %0,[%1]0 \n\
 928:../Libraries/iLLD/TC4xx/Tricore/Cpu/Std/IfxCpu_IntrinsicsGcc.h ****                      extr  %0,%0,16,16"
 929:../Libraries/iLLD/TC4xx/Tricore/Cpu/Std/IfxCpu_IntrinsicsGcc.h ****                       :"=d"(res):"a"(a):"memory");
 930:../Libraries/iLLD/TC4xx/Tricore/Cpu/Std/IfxCpu_IntrinsicsGcc.h ****     return res;
 931:../Libraries/iLLD/TC4xx/Tricore/Cpu/Std/IfxCpu_IntrinsicsGcc.h **** }
 932:../Libraries/iLLD/TC4xx/Tricore/Cpu/Std/IfxCpu_IntrinsicsGcc.h **** 
 933:../Libraries/iLLD/TC4xx/Tricore/Cpu/Std/IfxCpu_IntrinsicsGcc.h **** /**  Initialize  __packb with four integers
 934:../Libraries/iLLD/TC4xx/Tricore/Cpu/Std/IfxCpu_IntrinsicsGcc.h ****  */
 935:../Libraries/iLLD/TC4xx/Tricore/Cpu/Std/IfxCpu_IntrinsicsGcc.h **** IFX_INLINE __packb Ifx__initpackb(sint32 a, sint32 b, sint32 c, sint32 d)
 936:../Libraries/iLLD/TC4xx/Tricore/Cpu/Std/IfxCpu_IntrinsicsGcc.h **** {
 937:../Libraries/iLLD/TC4xx/Tricore/Cpu/Std/IfxCpu_IntrinsicsGcc.h ****     __packb res;
 938:../Libraries/iLLD/TC4xx/Tricore/Cpu/Std/IfxCpu_IntrinsicsGcc.h ****     __asm__ volatile ("insert  %3,%3,%4,8,8   \n\
 939:../Libraries/iLLD/TC4xx/Tricore/Cpu/Std/IfxCpu_IntrinsicsGcc.h ****                     insert  %4,%1,%2,8,8   \n\
 940:../Libraries/iLLD/TC4xx/Tricore/Cpu/Std/IfxCpu_IntrinsicsGcc.h ****                     insert  %0,%4,%3,16,16 "
 941:../Libraries/iLLD/TC4xx/Tricore/Cpu/Std/IfxCpu_IntrinsicsGcc.h ****                       :"=d"(res):"d"(a), "d"(b), "d"(c), "d"(d):"memory");
 942:../Libraries/iLLD/TC4xx/Tricore/Cpu/Std/IfxCpu_IntrinsicsGcc.h ****     return res;
 943:../Libraries/iLLD/TC4xx/Tricore/Cpu/Std/IfxCpu_IntrinsicsGcc.h **** }
 944:../Libraries/iLLD/TC4xx/Tricore/Cpu/Std/IfxCpu_IntrinsicsGcc.h **** 
 945:../Libraries/iLLD/TC4xx/Tricore/Cpu/Std/IfxCpu_IntrinsicsGcc.h **** /** Initialize  __packb with a long integer
 946:../Libraries/iLLD/TC4xx/Tricore/Cpu/Std/IfxCpu_IntrinsicsGcc.h ****  */
 947:../Libraries/iLLD/TC4xx/Tricore/Cpu/Std/IfxCpu_IntrinsicsGcc.h **** IFX_INLINE __packb Ifx__initpackbl(long a)
 948:../Libraries/iLLD/TC4xx/Tricore/Cpu/Std/IfxCpu_IntrinsicsGcc.h **** {
 949:../Libraries/iLLD/TC4xx/Tricore/Cpu/Std/IfxCpu_IntrinsicsGcc.h ****     return (__packb) a;
 950:../Libraries/iLLD/TC4xx/Tricore/Cpu/Std/IfxCpu_IntrinsicsGcc.h **** }
 951:../Libraries/iLLD/TC4xx/Tricore/Cpu/Std/IfxCpu_IntrinsicsGcc.h **** 
 952:../Libraries/iLLD/TC4xx/Tricore/Cpu/Std/IfxCpu_IntrinsicsGcc.h **** /** Initialize  __packhw with two integers
 953:../Libraries/iLLD/TC4xx/Tricore/Cpu/Std/IfxCpu_IntrinsicsGcc.h ****  */
 954:../Libraries/iLLD/TC4xx/Tricore/Cpu/Std/IfxCpu_IntrinsicsGcc.h **** IFX_INLINE __packhw Ifx__initpackhw(sint16 a, sint16 b)
 955:../Libraries/iLLD/TC4xx/Tricore/Cpu/Std/IfxCpu_IntrinsicsGcc.h **** {
 956:../Libraries/iLLD/TC4xx/Tricore/Cpu/Std/IfxCpu_IntrinsicsGcc.h ****     __packhw res;
 957:../Libraries/iLLD/TC4xx/Tricore/Cpu/Std/IfxCpu_IntrinsicsGcc.h ****     __asm__ volatile ("insert  %0,%1,%2,16,16"
 958:../Libraries/iLLD/TC4xx/Tricore/Cpu/Std/IfxCpu_IntrinsicsGcc.h ****                       :"=d"(res):"d"(a), "d"(b):"memory");
 959:../Libraries/iLLD/TC4xx/Tricore/Cpu/Std/IfxCpu_IntrinsicsGcc.h ****     return res;
 960:../Libraries/iLLD/TC4xx/Tricore/Cpu/Std/IfxCpu_IntrinsicsGcc.h **** }
 961:../Libraries/iLLD/TC4xx/Tricore/Cpu/Std/IfxCpu_IntrinsicsGcc.h **** 
 962:../Libraries/iLLD/TC4xx/Tricore/Cpu/Std/IfxCpu_IntrinsicsGcc.h **** /**  Initialize  __packhw with a long integer
 963:../Libraries/iLLD/TC4xx/Tricore/Cpu/Std/IfxCpu_IntrinsicsGcc.h ****  */
 964:../Libraries/iLLD/TC4xx/Tricore/Cpu/Std/IfxCpu_IntrinsicsGcc.h **** IFX_INLINE __packhw Ifx__initpackhwl(long a)
 965:../Libraries/iLLD/TC4xx/Tricore/Cpu/Std/IfxCpu_IntrinsicsGcc.h **** {
 966:../Libraries/iLLD/TC4xx/Tricore/Cpu/Std/IfxCpu_IntrinsicsGcc.h ****     return a;
 967:../Libraries/iLLD/TC4xx/Tricore/Cpu/Std/IfxCpu_IntrinsicsGcc.h **** }
 968:../Libraries/iLLD/TC4xx/Tricore/Cpu/Std/IfxCpu_IntrinsicsGcc.h **** 
 969:../Libraries/iLLD/TC4xx/Tricore/Cpu/Std/IfxCpu_IntrinsicsGcc.h **** /** Initialize  __packb with four unsigned integers
 970:../Libraries/iLLD/TC4xx/Tricore/Cpu/Std/IfxCpu_IntrinsicsGcc.h ****  */
 971:../Libraries/iLLD/TC4xx/Tricore/Cpu/Std/IfxCpu_IntrinsicsGcc.h **** IFX_INLINE __upackb    Ifx__initupackb( uint32 a, uint32 b, uint32 c, uint32 d)
 972:../Libraries/iLLD/TC4xx/Tricore/Cpu/Std/IfxCpu_IntrinsicsGcc.h **** {
 973:../Libraries/iLLD/TC4xx/Tricore/Cpu/Std/IfxCpu_IntrinsicsGcc.h ****     __upackb res;
 974:../Libraries/iLLD/TC4xx/Tricore/Cpu/Std/IfxCpu_IntrinsicsGcc.h ****     __asm__ volatile ("insert  %3,%3,%4,8,8   \n\
 975:../Libraries/iLLD/TC4xx/Tricore/Cpu/Std/IfxCpu_IntrinsicsGcc.h ****                     insert  %1,%1,%2,8,8   \n\
 976:../Libraries/iLLD/TC4xx/Tricore/Cpu/Std/IfxCpu_IntrinsicsGcc.h ****                     insert  %0,%1,%3,16,16"
 977:../Libraries/iLLD/TC4xx/Tricore/Cpu/Std/IfxCpu_IntrinsicsGcc.h ****                       :"=d"(res):"d"(a), "d"(b), "d"(c), "d"(d):"memory");
 978:../Libraries/iLLD/TC4xx/Tricore/Cpu/Std/IfxCpu_IntrinsicsGcc.h ****     return res;
 979:../Libraries/iLLD/TC4xx/Tricore/Cpu/Std/IfxCpu_IntrinsicsGcc.h **** }
 980:../Libraries/iLLD/TC4xx/Tricore/Cpu/Std/IfxCpu_IntrinsicsGcc.h **** 
 981:../Libraries/iLLD/TC4xx/Tricore/Cpu/Std/IfxCpu_IntrinsicsGcc.h **** /**  Initialize  __packhw with two unsigned integers
 982:../Libraries/iLLD/TC4xx/Tricore/Cpu/Std/IfxCpu_IntrinsicsGcc.h ****  */
 983:../Libraries/iLLD/TC4xx/Tricore/Cpu/Std/IfxCpu_IntrinsicsGcc.h **** IFX_INLINE __upackhw    Ifx__initupackhw( uint16 a, uint16 b)
 984:../Libraries/iLLD/TC4xx/Tricore/Cpu/Std/IfxCpu_IntrinsicsGcc.h **** {
 985:../Libraries/iLLD/TC4xx/Tricore/Cpu/Std/IfxCpu_IntrinsicsGcc.h ****     __upackhw res;
 986:../Libraries/iLLD/TC4xx/Tricore/Cpu/Std/IfxCpu_IntrinsicsGcc.h ****     __asm__ volatile ("insert  %0,%1,%2,16,16"
 987:../Libraries/iLLD/TC4xx/Tricore/Cpu/Std/IfxCpu_IntrinsicsGcc.h ****                       :"=d"(res):"d"(a), "d"(b):"memory");
 988:../Libraries/iLLD/TC4xx/Tricore/Cpu/Std/IfxCpu_IntrinsicsGcc.h ****     return res;
 989:../Libraries/iLLD/TC4xx/Tricore/Cpu/Std/IfxCpu_IntrinsicsGcc.h **** }
 990:../Libraries/iLLD/TC4xx/Tricore/Cpu/Std/IfxCpu_IntrinsicsGcc.h **** 
 991:../Libraries/iLLD/TC4xx/Tricore/Cpu/Std/IfxCpu_IntrinsicsGcc.h **** /** Insert sint8 into first byte of a __packb
 992:../Libraries/iLLD/TC4xx/Tricore/Cpu/Std/IfxCpu_IntrinsicsGcc.h ****  */
 993:../Libraries/iLLD/TC4xx/Tricore/Cpu/Std/IfxCpu_IntrinsicsGcc.h **** IFX_INLINE __packb Ifx__insertbyte1(__packb a, sint8 b)
 994:../Libraries/iLLD/TC4xx/Tricore/Cpu/Std/IfxCpu_IntrinsicsGcc.h **** {
 995:../Libraries/iLLD/TC4xx/Tricore/Cpu/Std/IfxCpu_IntrinsicsGcc.h ****     __packb res;
 996:../Libraries/iLLD/TC4xx/Tricore/Cpu/Std/IfxCpu_IntrinsicsGcc.h ****     __asm__ volatile ("insert  %0,%1,%2,0,8"
 997:../Libraries/iLLD/TC4xx/Tricore/Cpu/Std/IfxCpu_IntrinsicsGcc.h ****                       :"=d"(res):"d"(a), "d"(b):"memory");
 998:../Libraries/iLLD/TC4xx/Tricore/Cpu/Std/IfxCpu_IntrinsicsGcc.h ****     return res;
 999:../Libraries/iLLD/TC4xx/Tricore/Cpu/Std/IfxCpu_IntrinsicsGcc.h **** }
1000:../Libraries/iLLD/TC4xx/Tricore/Cpu/Std/IfxCpu_IntrinsicsGcc.h **** 
1001:../Libraries/iLLD/TC4xx/Tricore/Cpu/Std/IfxCpu_IntrinsicsGcc.h **** /** Insert sint8 into second byte of a __packb
1002:../Libraries/iLLD/TC4xx/Tricore/Cpu/Std/IfxCpu_IntrinsicsGcc.h ****  */
1003:../Libraries/iLLD/TC4xx/Tricore/Cpu/Std/IfxCpu_IntrinsicsGcc.h **** IFX_INLINE __packb Ifx__insertbyte2(__packb a, sint8 b)
1004:../Libraries/iLLD/TC4xx/Tricore/Cpu/Std/IfxCpu_IntrinsicsGcc.h **** {
1005:../Libraries/iLLD/TC4xx/Tricore/Cpu/Std/IfxCpu_IntrinsicsGcc.h ****     __packb res;
1006:../Libraries/iLLD/TC4xx/Tricore/Cpu/Std/IfxCpu_IntrinsicsGcc.h ****     __asm__ volatile ("insert  %0,%1,%2,8,8"
1007:../Libraries/iLLD/TC4xx/Tricore/Cpu/Std/IfxCpu_IntrinsicsGcc.h ****                       :"=d"(res):"d"(a), "d"(b):"memory");
1008:../Libraries/iLLD/TC4xx/Tricore/Cpu/Std/IfxCpu_IntrinsicsGcc.h ****     return res;
1009:../Libraries/iLLD/TC4xx/Tricore/Cpu/Std/IfxCpu_IntrinsicsGcc.h **** }
1010:../Libraries/iLLD/TC4xx/Tricore/Cpu/Std/IfxCpu_IntrinsicsGcc.h **** 
1011:../Libraries/iLLD/TC4xx/Tricore/Cpu/Std/IfxCpu_IntrinsicsGcc.h **** /** Insert sint8 into third byte of a __packb
1012:../Libraries/iLLD/TC4xx/Tricore/Cpu/Std/IfxCpu_IntrinsicsGcc.h ****  */
1013:../Libraries/iLLD/TC4xx/Tricore/Cpu/Std/IfxCpu_IntrinsicsGcc.h **** IFX_INLINE __packb Ifx__insertbyte3(__packb a, sint8 b)
1014:../Libraries/iLLD/TC4xx/Tricore/Cpu/Std/IfxCpu_IntrinsicsGcc.h **** {
1015:../Libraries/iLLD/TC4xx/Tricore/Cpu/Std/IfxCpu_IntrinsicsGcc.h ****     __packb res;
1016:../Libraries/iLLD/TC4xx/Tricore/Cpu/Std/IfxCpu_IntrinsicsGcc.h ****     __asm__ volatile ("insert  %0,%1,%2,16,8"
1017:../Libraries/iLLD/TC4xx/Tricore/Cpu/Std/IfxCpu_IntrinsicsGcc.h ****                       :"=d"(res):"d"(a), "d"(b):"memory");
1018:../Libraries/iLLD/TC4xx/Tricore/Cpu/Std/IfxCpu_IntrinsicsGcc.h ****     return res;
1019:../Libraries/iLLD/TC4xx/Tricore/Cpu/Std/IfxCpu_IntrinsicsGcc.h **** }
1020:../Libraries/iLLD/TC4xx/Tricore/Cpu/Std/IfxCpu_IntrinsicsGcc.h **** 
1021:../Libraries/iLLD/TC4xx/Tricore/Cpu/Std/IfxCpu_IntrinsicsGcc.h **** /** Insert sint8 into fourth byte of a __packb
1022:../Libraries/iLLD/TC4xx/Tricore/Cpu/Std/IfxCpu_IntrinsicsGcc.h ****  */
1023:../Libraries/iLLD/TC4xx/Tricore/Cpu/Std/IfxCpu_IntrinsicsGcc.h **** IFX_INLINE __packb Ifx__insertbyte4(__packb a, sint8 b)
1024:../Libraries/iLLD/TC4xx/Tricore/Cpu/Std/IfxCpu_IntrinsicsGcc.h **** {
1025:../Libraries/iLLD/TC4xx/Tricore/Cpu/Std/IfxCpu_IntrinsicsGcc.h ****     __packb res;
1026:../Libraries/iLLD/TC4xx/Tricore/Cpu/Std/IfxCpu_IntrinsicsGcc.h ****     __asm__ volatile ("insert  %0,%1,%2,24,8"
1027:../Libraries/iLLD/TC4xx/Tricore/Cpu/Std/IfxCpu_IntrinsicsGcc.h ****                       :"=d"(res):"d"(a), "d"(b):"memory");
1028:../Libraries/iLLD/TC4xx/Tricore/Cpu/Std/IfxCpu_IntrinsicsGcc.h ****     return res;
1029:../Libraries/iLLD/TC4xx/Tricore/Cpu/Std/IfxCpu_IntrinsicsGcc.h **** }
1030:../Libraries/iLLD/TC4xx/Tricore/Cpu/Std/IfxCpu_IntrinsicsGcc.h **** 
1031:../Libraries/iLLD/TC4xx/Tricore/Cpu/Std/IfxCpu_IntrinsicsGcc.h **** /** Insert sint8 into first uint8 of a __packb
1032:../Libraries/iLLD/TC4xx/Tricore/Cpu/Std/IfxCpu_IntrinsicsGcc.h ****  */
1033:../Libraries/iLLD/TC4xx/Tricore/Cpu/Std/IfxCpu_IntrinsicsGcc.h **** IFX_INLINE __upackb    Ifx__insertubyte1( __upackb a, uint8 b)
1034:../Libraries/iLLD/TC4xx/Tricore/Cpu/Std/IfxCpu_IntrinsicsGcc.h **** {
1035:../Libraries/iLLD/TC4xx/Tricore/Cpu/Std/IfxCpu_IntrinsicsGcc.h ****     __upackb res;
1036:../Libraries/iLLD/TC4xx/Tricore/Cpu/Std/IfxCpu_IntrinsicsGcc.h ****     __asm__ volatile ("insert  %0,%1,%2,0,8"
1037:../Libraries/iLLD/TC4xx/Tricore/Cpu/Std/IfxCpu_IntrinsicsGcc.h ****                       :"=d"(res):"d"(a), "d"(b):"memory");
1038:../Libraries/iLLD/TC4xx/Tricore/Cpu/Std/IfxCpu_IntrinsicsGcc.h ****     return res;
1039:../Libraries/iLLD/TC4xx/Tricore/Cpu/Std/IfxCpu_IntrinsicsGcc.h **** }
1040:../Libraries/iLLD/TC4xx/Tricore/Cpu/Std/IfxCpu_IntrinsicsGcc.h **** 
1041:../Libraries/iLLD/TC4xx/Tricore/Cpu/Std/IfxCpu_IntrinsicsGcc.h **** /** Insert sint8 into second uint8 of a __packb
1042:../Libraries/iLLD/TC4xx/Tricore/Cpu/Std/IfxCpu_IntrinsicsGcc.h ****  */
1043:../Libraries/iLLD/TC4xx/Tricore/Cpu/Std/IfxCpu_IntrinsicsGcc.h **** IFX_INLINE __upackb    Ifx__insertubyte2( __upackb a, uint8 b)
1044:../Libraries/iLLD/TC4xx/Tricore/Cpu/Std/IfxCpu_IntrinsicsGcc.h **** {
1045:../Libraries/iLLD/TC4xx/Tricore/Cpu/Std/IfxCpu_IntrinsicsGcc.h ****     __upackb res;
1046:../Libraries/iLLD/TC4xx/Tricore/Cpu/Std/IfxCpu_IntrinsicsGcc.h ****     __asm__ volatile ("insert  %0,%1,%2,8,8"
1047:../Libraries/iLLD/TC4xx/Tricore/Cpu/Std/IfxCpu_IntrinsicsGcc.h ****                       :"=d"(res):"d"(a), "d"(b):"memory");
1048:../Libraries/iLLD/TC4xx/Tricore/Cpu/Std/IfxCpu_IntrinsicsGcc.h ****     return res;
1049:../Libraries/iLLD/TC4xx/Tricore/Cpu/Std/IfxCpu_IntrinsicsGcc.h **** }
1050:../Libraries/iLLD/TC4xx/Tricore/Cpu/Std/IfxCpu_IntrinsicsGcc.h **** 
1051:../Libraries/iLLD/TC4xx/Tricore/Cpu/Std/IfxCpu_IntrinsicsGcc.h **** /** Insert sint8 into third uint8 of a __packb
1052:../Libraries/iLLD/TC4xx/Tricore/Cpu/Std/IfxCpu_IntrinsicsGcc.h ****  */
1053:../Libraries/iLLD/TC4xx/Tricore/Cpu/Std/IfxCpu_IntrinsicsGcc.h **** IFX_INLINE __upackb     Ifx__insertubyte3( __upackb a, uint8 b)
1054:../Libraries/iLLD/TC4xx/Tricore/Cpu/Std/IfxCpu_IntrinsicsGcc.h **** {
1055:../Libraries/iLLD/TC4xx/Tricore/Cpu/Std/IfxCpu_IntrinsicsGcc.h ****     __upackb res;
1056:../Libraries/iLLD/TC4xx/Tricore/Cpu/Std/IfxCpu_IntrinsicsGcc.h ****     __asm__ volatile ("insert  %0,%1,%2,16,8"
1057:../Libraries/iLLD/TC4xx/Tricore/Cpu/Std/IfxCpu_IntrinsicsGcc.h ****                       :"=d"(res):"d"(a), "d"(b):"memory");
1058:../Libraries/iLLD/TC4xx/Tricore/Cpu/Std/IfxCpu_IntrinsicsGcc.h ****     return res;
1059:../Libraries/iLLD/TC4xx/Tricore/Cpu/Std/IfxCpu_IntrinsicsGcc.h **** }
1060:../Libraries/iLLD/TC4xx/Tricore/Cpu/Std/IfxCpu_IntrinsicsGcc.h **** 
1061:../Libraries/iLLD/TC4xx/Tricore/Cpu/Std/IfxCpu_IntrinsicsGcc.h **** /** Insert sint8 into fourth uint8 of a __packb
1062:../Libraries/iLLD/TC4xx/Tricore/Cpu/Std/IfxCpu_IntrinsicsGcc.h ****  */
1063:../Libraries/iLLD/TC4xx/Tricore/Cpu/Std/IfxCpu_IntrinsicsGcc.h **** IFX_INLINE __upackb     Ifx__insertubyte4( __upackb a, uint8 b)
1064:../Libraries/iLLD/TC4xx/Tricore/Cpu/Std/IfxCpu_IntrinsicsGcc.h **** {
1065:../Libraries/iLLD/TC4xx/Tricore/Cpu/Std/IfxCpu_IntrinsicsGcc.h ****     __upackb res;
1066:../Libraries/iLLD/TC4xx/Tricore/Cpu/Std/IfxCpu_IntrinsicsGcc.h ****     __asm__ volatile ("insert  %0,%1,%2,24,8"
1067:../Libraries/iLLD/TC4xx/Tricore/Cpu/Std/IfxCpu_IntrinsicsGcc.h ****                       :"=d"(res):"d"(a), "d"(b):"memory");
1068:../Libraries/iLLD/TC4xx/Tricore/Cpu/Std/IfxCpu_IntrinsicsGcc.h ****     return res;
1069:../Libraries/iLLD/TC4xx/Tricore/Cpu/Std/IfxCpu_IntrinsicsGcc.h **** }
1070:../Libraries/iLLD/TC4xx/Tricore/Cpu/Std/IfxCpu_IntrinsicsGcc.h **** 
1071:../Libraries/iLLD/TC4xx/Tricore/Cpu/Std/IfxCpu_IntrinsicsGcc.h **** /**  Insert sint16 into first halfword of a __packhw
1072:../Libraries/iLLD/TC4xx/Tricore/Cpu/Std/IfxCpu_IntrinsicsGcc.h ****  */
1073:../Libraries/iLLD/TC4xx/Tricore/Cpu/Std/IfxCpu_IntrinsicsGcc.h **** IFX_INLINE __packhw Ifx__inserthw1(__packhw a, sint16 b)
1074:../Libraries/iLLD/TC4xx/Tricore/Cpu/Std/IfxCpu_IntrinsicsGcc.h **** {
1075:../Libraries/iLLD/TC4xx/Tricore/Cpu/Std/IfxCpu_IntrinsicsGcc.h ****     __packhw res;
1076:../Libraries/iLLD/TC4xx/Tricore/Cpu/Std/IfxCpu_IntrinsicsGcc.h ****     __asm__ volatile ("insert  %0,%1,%2,0,16"
1077:../Libraries/iLLD/TC4xx/Tricore/Cpu/Std/IfxCpu_IntrinsicsGcc.h ****                       :"=d"(res):"d"(a), "d"(b):"memory");
1078:../Libraries/iLLD/TC4xx/Tricore/Cpu/Std/IfxCpu_IntrinsicsGcc.h ****     return res;
1079:../Libraries/iLLD/TC4xx/Tricore/Cpu/Std/IfxCpu_IntrinsicsGcc.h **** }
1080:../Libraries/iLLD/TC4xx/Tricore/Cpu/Std/IfxCpu_IntrinsicsGcc.h **** 
1081:../Libraries/iLLD/TC4xx/Tricore/Cpu/Std/IfxCpu_IntrinsicsGcc.h **** /**  Insert sint16 into second halfword of a __packhw
1082:../Libraries/iLLD/TC4xx/Tricore/Cpu/Std/IfxCpu_IntrinsicsGcc.h ****  */
1083:../Libraries/iLLD/TC4xx/Tricore/Cpu/Std/IfxCpu_IntrinsicsGcc.h **** IFX_INLINE __packhw Ifx__inserthw2(__packhw a, sint16 b)
1084:../Libraries/iLLD/TC4xx/Tricore/Cpu/Std/IfxCpu_IntrinsicsGcc.h **** {
1085:../Libraries/iLLD/TC4xx/Tricore/Cpu/Std/IfxCpu_IntrinsicsGcc.h ****     __packhw res;
1086:../Libraries/iLLD/TC4xx/Tricore/Cpu/Std/IfxCpu_IntrinsicsGcc.h ****     __asm__ volatile ("insert  %0,%1,%2,16,16"
1087:../Libraries/iLLD/TC4xx/Tricore/Cpu/Std/IfxCpu_IntrinsicsGcc.h ****                       :"=d"(res):"d"(a), "d"(b):"memory");
1088:../Libraries/iLLD/TC4xx/Tricore/Cpu/Std/IfxCpu_IntrinsicsGcc.h ****     return res;
1089:../Libraries/iLLD/TC4xx/Tricore/Cpu/Std/IfxCpu_IntrinsicsGcc.h **** }
1090:../Libraries/iLLD/TC4xx/Tricore/Cpu/Std/IfxCpu_IntrinsicsGcc.h **** 
1091:../Libraries/iLLD/TC4xx/Tricore/Cpu/Std/IfxCpu_IntrinsicsGcc.h **** /** Insert uint16 into first halfword of a __upackhw
1092:../Libraries/iLLD/TC4xx/Tricore/Cpu/Std/IfxCpu_IntrinsicsGcc.h ****  */
1093:../Libraries/iLLD/TC4xx/Tricore/Cpu/Std/IfxCpu_IntrinsicsGcc.h **** IFX_INLINE __upackhw    Ifx__insertuhw1( __upackhw a, uint16 b)
1094:../Libraries/iLLD/TC4xx/Tricore/Cpu/Std/IfxCpu_IntrinsicsGcc.h **** {
1095:../Libraries/iLLD/TC4xx/Tricore/Cpu/Std/IfxCpu_IntrinsicsGcc.h ****     __upackhw res;
1096:../Libraries/iLLD/TC4xx/Tricore/Cpu/Std/IfxCpu_IntrinsicsGcc.h ****     __asm__ volatile ("insert  %0,%1,%2,0,16"
1097:../Libraries/iLLD/TC4xx/Tricore/Cpu/Std/IfxCpu_IntrinsicsGcc.h ****                       :"=d"(res):"d"(a), "d"(b):"memory");
1098:../Libraries/iLLD/TC4xx/Tricore/Cpu/Std/IfxCpu_IntrinsicsGcc.h ****     return res;
1099:../Libraries/iLLD/TC4xx/Tricore/Cpu/Std/IfxCpu_IntrinsicsGcc.h **** }
1100:../Libraries/iLLD/TC4xx/Tricore/Cpu/Std/IfxCpu_IntrinsicsGcc.h **** 
1101:../Libraries/iLLD/TC4xx/Tricore/Cpu/Std/IfxCpu_IntrinsicsGcc.h **** /** Insert uint16 into second halfword of a __upackhw
1102:../Libraries/iLLD/TC4xx/Tricore/Cpu/Std/IfxCpu_IntrinsicsGcc.h ****  */
1103:../Libraries/iLLD/TC4xx/Tricore/Cpu/Std/IfxCpu_IntrinsicsGcc.h **** IFX_INLINE __upackhw    Ifx__insertuhw2( __upackhw a, uint16 b)
1104:../Libraries/iLLD/TC4xx/Tricore/Cpu/Std/IfxCpu_IntrinsicsGcc.h **** {
1105:../Libraries/iLLD/TC4xx/Tricore/Cpu/Std/IfxCpu_IntrinsicsGcc.h ****     __upackhw res;
1106:../Libraries/iLLD/TC4xx/Tricore/Cpu/Std/IfxCpu_IntrinsicsGcc.h ****     __asm__ volatile ("insert  %0,%1,%2,16,16"
1107:../Libraries/iLLD/TC4xx/Tricore/Cpu/Std/IfxCpu_IntrinsicsGcc.h ****                       :"=d"(res):"d"(a), "d"(b):"memory");
1108:../Libraries/iLLD/TC4xx/Tricore/Cpu/Std/IfxCpu_IntrinsicsGcc.h ****     return res;
1109:../Libraries/iLLD/TC4xx/Tricore/Cpu/Std/IfxCpu_IntrinsicsGcc.h **** }
1110:../Libraries/iLLD/TC4xx/Tricore/Cpu/Std/IfxCpu_IntrinsicsGcc.h **** 
1111:../Libraries/iLLD/TC4xx/Tricore/Cpu/Std/IfxCpu_IntrinsicsGcc.h **** /**  Minimum of two  __packb values
1112:../Libraries/iLLD/TC4xx/Tricore/Cpu/Std/IfxCpu_IntrinsicsGcc.h ****  */
1113:../Libraries/iLLD/TC4xx/Tricore/Cpu/Std/IfxCpu_IntrinsicsGcc.h **** IFX_INLINE __packb Ifx__minb(__packb a, __packb b)
1114:../Libraries/iLLD/TC4xx/Tricore/Cpu/Std/IfxCpu_IntrinsicsGcc.h **** {
1115:../Libraries/iLLD/TC4xx/Tricore/Cpu/Std/IfxCpu_IntrinsicsGcc.h ****     __packb res;
1116:../Libraries/iLLD/TC4xx/Tricore/Cpu/Std/IfxCpu_IntrinsicsGcc.h ****     __asm__ volatile ("min.b %0,%1,%2"
1117:../Libraries/iLLD/TC4xx/Tricore/Cpu/Std/IfxCpu_IntrinsicsGcc.h ****                       :"=d"(res):"d"(a), "d"(b):"memory");
1118:../Libraries/iLLD/TC4xx/Tricore/Cpu/Std/IfxCpu_IntrinsicsGcc.h ****     return res;
1119:../Libraries/iLLD/TC4xx/Tricore/Cpu/Std/IfxCpu_IntrinsicsGcc.h **** }
1120:../Libraries/iLLD/TC4xx/Tricore/Cpu/Std/IfxCpu_IntrinsicsGcc.h **** 
1121:../Libraries/iLLD/TC4xx/Tricore/Cpu/Std/IfxCpu_IntrinsicsGcc.h **** /**  Minimum of two __upackb  values
1122:../Libraries/iLLD/TC4xx/Tricore/Cpu/Std/IfxCpu_IntrinsicsGcc.h ****  */
1123:../Libraries/iLLD/TC4xx/Tricore/Cpu/Std/IfxCpu_IntrinsicsGcc.h **** IFX_INLINE __upackb     Ifx__minbu( __upackb  a, __upackb  b)
1124:../Libraries/iLLD/TC4xx/Tricore/Cpu/Std/IfxCpu_IntrinsicsGcc.h **** {
1125:../Libraries/iLLD/TC4xx/Tricore/Cpu/Std/IfxCpu_IntrinsicsGcc.h ****     __upackb res;
1126:../Libraries/iLLD/TC4xx/Tricore/Cpu/Std/IfxCpu_IntrinsicsGcc.h ****     __asm__ volatile ("min.bu %0,%1,%2"
1127:../Libraries/iLLD/TC4xx/Tricore/Cpu/Std/IfxCpu_IntrinsicsGcc.h ****                       :"=d"(res):"d"(a), "d"(b):"memory");
1128:../Libraries/iLLD/TC4xx/Tricore/Cpu/Std/IfxCpu_IntrinsicsGcc.h ****     return res;
1129:../Libraries/iLLD/TC4xx/Tricore/Cpu/Std/IfxCpu_IntrinsicsGcc.h **** }
1130:../Libraries/iLLD/TC4xx/Tricore/Cpu/Std/IfxCpu_IntrinsicsGcc.h **** 
1131:../Libraries/iLLD/TC4xx/Tricore/Cpu/Std/IfxCpu_IntrinsicsGcc.h **** /**  Minimum of two  __packhw values
1132:../Libraries/iLLD/TC4xx/Tricore/Cpu/Std/IfxCpu_IntrinsicsGcc.h ****  */
1133:../Libraries/iLLD/TC4xx/Tricore/Cpu/Std/IfxCpu_IntrinsicsGcc.h **** IFX_INLINE __packhw Ifx__minh(__packhw a, __packhw b)
1134:../Libraries/iLLD/TC4xx/Tricore/Cpu/Std/IfxCpu_IntrinsicsGcc.h **** {
1135:../Libraries/iLLD/TC4xx/Tricore/Cpu/Std/IfxCpu_IntrinsicsGcc.h ****     __packhw res;
1136:../Libraries/iLLD/TC4xx/Tricore/Cpu/Std/IfxCpu_IntrinsicsGcc.h ****     __asm__ volatile ("min.h %0,%1,%2"
1137:../Libraries/iLLD/TC4xx/Tricore/Cpu/Std/IfxCpu_IntrinsicsGcc.h ****                       :"=d"(res):"d"(a), "d"(b):"memory");
1138:../Libraries/iLLD/TC4xx/Tricore/Cpu/Std/IfxCpu_IntrinsicsGcc.h ****     return res;
1139:../Libraries/iLLD/TC4xx/Tricore/Cpu/Std/IfxCpu_IntrinsicsGcc.h **** }
1140:../Libraries/iLLD/TC4xx/Tricore/Cpu/Std/IfxCpu_IntrinsicsGcc.h **** 
1141:../Libraries/iLLD/TC4xx/Tricore/Cpu/Std/IfxCpu_IntrinsicsGcc.h **** /**  Minimum of two __upackhw values
1142:../Libraries/iLLD/TC4xx/Tricore/Cpu/Std/IfxCpu_IntrinsicsGcc.h ****  */
1143:../Libraries/iLLD/TC4xx/Tricore/Cpu/Std/IfxCpu_IntrinsicsGcc.h **** IFX_INLINE __upackhw    Ifx__minhu( __upackhw a, __upackhw b)
1144:../Libraries/iLLD/TC4xx/Tricore/Cpu/Std/IfxCpu_IntrinsicsGcc.h **** {
1145:../Libraries/iLLD/TC4xx/Tricore/Cpu/Std/IfxCpu_IntrinsicsGcc.h ****     __upackhw res;
1146:../Libraries/iLLD/TC4xx/Tricore/Cpu/Std/IfxCpu_IntrinsicsGcc.h ****     __asm__ volatile ("min.hu %0,%1,%2"
1147:../Libraries/iLLD/TC4xx/Tricore/Cpu/Std/IfxCpu_IntrinsicsGcc.h ****                       :"=d"(res):"d"(a), "d"(b):"memory");
1148:../Libraries/iLLD/TC4xx/Tricore/Cpu/Std/IfxCpu_IntrinsicsGcc.h ****     return res;
1149:../Libraries/iLLD/TC4xx/Tricore/Cpu/Std/IfxCpu_IntrinsicsGcc.h **** }
1150:../Libraries/iLLD/TC4xx/Tricore/Cpu/Std/IfxCpu_IntrinsicsGcc.h **** 
1151:../Libraries/iLLD/TC4xx/Tricore/Cpu/Std/IfxCpu_IntrinsicsGcc.h **** /**  Insert sint8 into first byte of a __packb
1152:../Libraries/iLLD/TC4xx/Tricore/Cpu/Std/IfxCpu_IntrinsicsGcc.h ****  */
1153:../Libraries/iLLD/TC4xx/Tricore/Cpu/Std/IfxCpu_IntrinsicsGcc.h **** IFX_INLINE void Ifx__setbyte1(__packb* a, sint8 b)
1154:../Libraries/iLLD/TC4xx/Tricore/Cpu/Std/IfxCpu_IntrinsicsGcc.h **** {
1155:../Libraries/iLLD/TC4xx/Tricore/Cpu/Std/IfxCpu_IntrinsicsGcc.h ****     __asm__ volatile ("ld.w  %%d15,[%0] \n\
1156:../Libraries/iLLD/TC4xx/Tricore/Cpu/Std/IfxCpu_IntrinsicsGcc.h ****                     insert  %%d15,%%d15,%1,0,8 \n\
1157:../Libraries/iLLD/TC4xx/Tricore/Cpu/Std/IfxCpu_IntrinsicsGcc.h ****                     st.w [%0],%%d15"
1158:../Libraries/iLLD/TC4xx/Tricore/Cpu/Std/IfxCpu_IntrinsicsGcc.h ****                       ::"a"(a), "d"(b):"d15", "memory");
1159:../Libraries/iLLD/TC4xx/Tricore/Cpu/Std/IfxCpu_IntrinsicsGcc.h **** }
1160:../Libraries/iLLD/TC4xx/Tricore/Cpu/Std/IfxCpu_IntrinsicsGcc.h **** 
1161:../Libraries/iLLD/TC4xx/Tricore/Cpu/Std/IfxCpu_IntrinsicsGcc.h **** /**  Insert sint8 into second byte of a __packb
1162:../Libraries/iLLD/TC4xx/Tricore/Cpu/Std/IfxCpu_IntrinsicsGcc.h ****  */
1163:../Libraries/iLLD/TC4xx/Tricore/Cpu/Std/IfxCpu_IntrinsicsGcc.h **** IFX_INLINE void Ifx__setbyte2(__packb* a, sint8 b)
1164:../Libraries/iLLD/TC4xx/Tricore/Cpu/Std/IfxCpu_IntrinsicsGcc.h **** {
1165:../Libraries/iLLD/TC4xx/Tricore/Cpu/Std/IfxCpu_IntrinsicsGcc.h ****     __asm__ volatile ("ld.w  %%d15,[%0] \n\
1166:../Libraries/iLLD/TC4xx/Tricore/Cpu/Std/IfxCpu_IntrinsicsGcc.h ****                     insert  %%d15,%%d15,%1,8,8 \n\
1167:../Libraries/iLLD/TC4xx/Tricore/Cpu/Std/IfxCpu_IntrinsicsGcc.h ****                     st.w [%0],%%d15"
1168:../Libraries/iLLD/TC4xx/Tricore/Cpu/Std/IfxCpu_IntrinsicsGcc.h ****                       ::"a"(a), "d"(b):"d15", "memory");
1169:../Libraries/iLLD/TC4xx/Tricore/Cpu/Std/IfxCpu_IntrinsicsGcc.h **** }
1170:../Libraries/iLLD/TC4xx/Tricore/Cpu/Std/IfxCpu_IntrinsicsGcc.h **** 
1171:../Libraries/iLLD/TC4xx/Tricore/Cpu/Std/IfxCpu_IntrinsicsGcc.h **** /**  Insert sint8 into third byte of a __packb
1172:../Libraries/iLLD/TC4xx/Tricore/Cpu/Std/IfxCpu_IntrinsicsGcc.h ****  */
1173:../Libraries/iLLD/TC4xx/Tricore/Cpu/Std/IfxCpu_IntrinsicsGcc.h **** IFX_INLINE void Ifx__setbyte3(__packb* a, sint8 b)
1174:../Libraries/iLLD/TC4xx/Tricore/Cpu/Std/IfxCpu_IntrinsicsGcc.h **** {
1175:../Libraries/iLLD/TC4xx/Tricore/Cpu/Std/IfxCpu_IntrinsicsGcc.h ****     __asm__ volatile ("ld.w  %%d15,[%0] \n\
1176:../Libraries/iLLD/TC4xx/Tricore/Cpu/Std/IfxCpu_IntrinsicsGcc.h ****                     insert  %%d15,%%d15,%1,16,8 \n\
1177:../Libraries/iLLD/TC4xx/Tricore/Cpu/Std/IfxCpu_IntrinsicsGcc.h ****                     st.w [%0],%%d15"
1178:../Libraries/iLLD/TC4xx/Tricore/Cpu/Std/IfxCpu_IntrinsicsGcc.h ****                       ::"a"(a), "d"(b):"d15", "memory");
1179:../Libraries/iLLD/TC4xx/Tricore/Cpu/Std/IfxCpu_IntrinsicsGcc.h **** }
1180:../Libraries/iLLD/TC4xx/Tricore/Cpu/Std/IfxCpu_IntrinsicsGcc.h **** 
1181:../Libraries/iLLD/TC4xx/Tricore/Cpu/Std/IfxCpu_IntrinsicsGcc.h **** /**  Insert sint8 into fourth byte of a __packb
1182:../Libraries/iLLD/TC4xx/Tricore/Cpu/Std/IfxCpu_IntrinsicsGcc.h ****  */
1183:../Libraries/iLLD/TC4xx/Tricore/Cpu/Std/IfxCpu_IntrinsicsGcc.h **** IFX_INLINE void Ifx__setbyte4(__packb* a, sint8 b)
1184:../Libraries/iLLD/TC4xx/Tricore/Cpu/Std/IfxCpu_IntrinsicsGcc.h **** {
1185:../Libraries/iLLD/TC4xx/Tricore/Cpu/Std/IfxCpu_IntrinsicsGcc.h ****     __asm__ volatile ("ld.w  %%d15,[%0] \n\
1186:../Libraries/iLLD/TC4xx/Tricore/Cpu/Std/IfxCpu_IntrinsicsGcc.h ****                     insert  %%d15,%%d15,%1,24,8 \n\
1187:../Libraries/iLLD/TC4xx/Tricore/Cpu/Std/IfxCpu_IntrinsicsGcc.h ****                     st.w [%0],%%d15"
1188:../Libraries/iLLD/TC4xx/Tricore/Cpu/Std/IfxCpu_IntrinsicsGcc.h ****                       ::"a"(a), "d"(b):"d15", "memory");
1189:../Libraries/iLLD/TC4xx/Tricore/Cpu/Std/IfxCpu_IntrinsicsGcc.h **** }
1190:../Libraries/iLLD/TC4xx/Tricore/Cpu/Std/IfxCpu_IntrinsicsGcc.h **** 
1191:../Libraries/iLLD/TC4xx/Tricore/Cpu/Std/IfxCpu_IntrinsicsGcc.h **** /**  Insert sint16 into first halfword of a __packhw
1192:../Libraries/iLLD/TC4xx/Tricore/Cpu/Std/IfxCpu_IntrinsicsGcc.h ****  */
1193:../Libraries/iLLD/TC4xx/Tricore/Cpu/Std/IfxCpu_IntrinsicsGcc.h **** IFX_INLINE void Ifx__sethw1(__packhw* a, sint16 b)
1194:../Libraries/iLLD/TC4xx/Tricore/Cpu/Std/IfxCpu_IntrinsicsGcc.h **** {
1195:../Libraries/iLLD/TC4xx/Tricore/Cpu/Std/IfxCpu_IntrinsicsGcc.h ****     __asm__ volatile ("ld.w  %%d15,[%0] \n\
1196:../Libraries/iLLD/TC4xx/Tricore/Cpu/Std/IfxCpu_IntrinsicsGcc.h ****                     insert  %%d15,%%d15,%1,0,16 \n\
1197:../Libraries/iLLD/TC4xx/Tricore/Cpu/Std/IfxCpu_IntrinsicsGcc.h ****                     st.w [%0],%%d15"
1198:../Libraries/iLLD/TC4xx/Tricore/Cpu/Std/IfxCpu_IntrinsicsGcc.h ****                       ::"a"(a), "d"(b):"d15", "memory");
1199:../Libraries/iLLD/TC4xx/Tricore/Cpu/Std/IfxCpu_IntrinsicsGcc.h **** }
1200:../Libraries/iLLD/TC4xx/Tricore/Cpu/Std/IfxCpu_IntrinsicsGcc.h **** 
1201:../Libraries/iLLD/TC4xx/Tricore/Cpu/Std/IfxCpu_IntrinsicsGcc.h **** /**  Insert sint16 into second halfword of a __packhw
1202:../Libraries/iLLD/TC4xx/Tricore/Cpu/Std/IfxCpu_IntrinsicsGcc.h ****  */
1203:../Libraries/iLLD/TC4xx/Tricore/Cpu/Std/IfxCpu_IntrinsicsGcc.h **** IFX_INLINE void Ifx__sethw2(__packhw* a, sint16 b)
1204:../Libraries/iLLD/TC4xx/Tricore/Cpu/Std/IfxCpu_IntrinsicsGcc.h **** {
1205:../Libraries/iLLD/TC4xx/Tricore/Cpu/Std/IfxCpu_IntrinsicsGcc.h ****     __asm__ volatile ("ld.w  %%d15,[%0] \n\
1206:../Libraries/iLLD/TC4xx/Tricore/Cpu/Std/IfxCpu_IntrinsicsGcc.h ****                     insert  %%d15,%%d15,%1,16,16 \n\
1207:../Libraries/iLLD/TC4xx/Tricore/Cpu/Std/IfxCpu_IntrinsicsGcc.h ****                     st.w [%0],%%d15"
1208:../Libraries/iLLD/TC4xx/Tricore/Cpu/Std/IfxCpu_IntrinsicsGcc.h ****                       ::"a"(a), "d"(b):"d15", "memory");
1209:../Libraries/iLLD/TC4xx/Tricore/Cpu/Std/IfxCpu_IntrinsicsGcc.h **** }
1210:../Libraries/iLLD/TC4xx/Tricore/Cpu/Std/IfxCpu_IntrinsicsGcc.h **** 
1211:../Libraries/iLLD/TC4xx/Tricore/Cpu/Std/IfxCpu_IntrinsicsGcc.h **** /**  Insert uint8 into first byte of a __upackb
1212:../Libraries/iLLD/TC4xx/Tricore/Cpu/Std/IfxCpu_IntrinsicsGcc.h ****  */
1213:../Libraries/iLLD/TC4xx/Tricore/Cpu/Std/IfxCpu_IntrinsicsGcc.h **** IFX_INLINE void Ifx__setubyte1(__upackb* a, uint8 b)
1214:../Libraries/iLLD/TC4xx/Tricore/Cpu/Std/IfxCpu_IntrinsicsGcc.h **** {
1215:../Libraries/iLLD/TC4xx/Tricore/Cpu/Std/IfxCpu_IntrinsicsGcc.h ****     __asm__ volatile ("ld.w  %%d15,[%0] \n\
1216:../Libraries/iLLD/TC4xx/Tricore/Cpu/Std/IfxCpu_IntrinsicsGcc.h ****                     insert  %%d15,%%d15,%1,0,8 \n\
1217:../Libraries/iLLD/TC4xx/Tricore/Cpu/Std/IfxCpu_IntrinsicsGcc.h ****                     st.w [%0],%%d15"
1218:../Libraries/iLLD/TC4xx/Tricore/Cpu/Std/IfxCpu_IntrinsicsGcc.h ****                       ::"a"(a), "d"(b):"d15", "memory");
1219:../Libraries/iLLD/TC4xx/Tricore/Cpu/Std/IfxCpu_IntrinsicsGcc.h **** }
1220:../Libraries/iLLD/TC4xx/Tricore/Cpu/Std/IfxCpu_IntrinsicsGcc.h **** 
1221:../Libraries/iLLD/TC4xx/Tricore/Cpu/Std/IfxCpu_IntrinsicsGcc.h **** /**  Insert uint8 into second byte of a __upackb
1222:../Libraries/iLLD/TC4xx/Tricore/Cpu/Std/IfxCpu_IntrinsicsGcc.h ****  */
1223:../Libraries/iLLD/TC4xx/Tricore/Cpu/Std/IfxCpu_IntrinsicsGcc.h **** IFX_INLINE void Ifx__setubyte2(__upackb* a, uint8 b)
1224:../Libraries/iLLD/TC4xx/Tricore/Cpu/Std/IfxCpu_IntrinsicsGcc.h **** {
1225:../Libraries/iLLD/TC4xx/Tricore/Cpu/Std/IfxCpu_IntrinsicsGcc.h ****     __asm__ volatile ("ld.w  %%d15,[%0] \n\
1226:../Libraries/iLLD/TC4xx/Tricore/Cpu/Std/IfxCpu_IntrinsicsGcc.h ****                     insert  %%d15,%%d15,%1,8,8 \n\
1227:../Libraries/iLLD/TC4xx/Tricore/Cpu/Std/IfxCpu_IntrinsicsGcc.h ****                     st.w [%0],%%d15"
1228:../Libraries/iLLD/TC4xx/Tricore/Cpu/Std/IfxCpu_IntrinsicsGcc.h ****                       ::"a"(a), "d"(b):"d15", "memory");
1229:../Libraries/iLLD/TC4xx/Tricore/Cpu/Std/IfxCpu_IntrinsicsGcc.h **** }
1230:../Libraries/iLLD/TC4xx/Tricore/Cpu/Std/IfxCpu_IntrinsicsGcc.h **** 
1231:../Libraries/iLLD/TC4xx/Tricore/Cpu/Std/IfxCpu_IntrinsicsGcc.h **** /**  Insert uint8 into third byte of a __upackb
1232:../Libraries/iLLD/TC4xx/Tricore/Cpu/Std/IfxCpu_IntrinsicsGcc.h ****  */
1233:../Libraries/iLLD/TC4xx/Tricore/Cpu/Std/IfxCpu_IntrinsicsGcc.h **** IFX_INLINE void Ifx__setubyte3(__upackb* a, uint8 b)
1234:../Libraries/iLLD/TC4xx/Tricore/Cpu/Std/IfxCpu_IntrinsicsGcc.h **** {
1235:../Libraries/iLLD/TC4xx/Tricore/Cpu/Std/IfxCpu_IntrinsicsGcc.h ****     __asm__ volatile ("ld.w  %%d15,[%0] \n\
1236:../Libraries/iLLD/TC4xx/Tricore/Cpu/Std/IfxCpu_IntrinsicsGcc.h ****                     insert  %%d15,%%d15,%1,16,8 \n\
1237:../Libraries/iLLD/TC4xx/Tricore/Cpu/Std/IfxCpu_IntrinsicsGcc.h ****                     st.w [%0],%%d15"
1238:../Libraries/iLLD/TC4xx/Tricore/Cpu/Std/IfxCpu_IntrinsicsGcc.h ****                       ::"a"(a), "d"(b):"d15", "memory");
1239:../Libraries/iLLD/TC4xx/Tricore/Cpu/Std/IfxCpu_IntrinsicsGcc.h **** }
1240:../Libraries/iLLD/TC4xx/Tricore/Cpu/Std/IfxCpu_IntrinsicsGcc.h **** 
1241:../Libraries/iLLD/TC4xx/Tricore/Cpu/Std/IfxCpu_IntrinsicsGcc.h **** /**  Insert uint8 into fourth byte of a __upackb
1242:../Libraries/iLLD/TC4xx/Tricore/Cpu/Std/IfxCpu_IntrinsicsGcc.h ****  */
1243:../Libraries/iLLD/TC4xx/Tricore/Cpu/Std/IfxCpu_IntrinsicsGcc.h **** IFX_INLINE void Ifx__setubyte4(__upackb* a, uint8 b)
1244:../Libraries/iLLD/TC4xx/Tricore/Cpu/Std/IfxCpu_IntrinsicsGcc.h **** {
1245:../Libraries/iLLD/TC4xx/Tricore/Cpu/Std/IfxCpu_IntrinsicsGcc.h ****     __asm__ volatile ("ld.w  %%d15,[%0] \n\
1246:../Libraries/iLLD/TC4xx/Tricore/Cpu/Std/IfxCpu_IntrinsicsGcc.h ****                     insert  %%d15,%%d15,%1,24,8 \n\
1247:../Libraries/iLLD/TC4xx/Tricore/Cpu/Std/IfxCpu_IntrinsicsGcc.h ****                     st.w [%0],%%d15"
1248:../Libraries/iLLD/TC4xx/Tricore/Cpu/Std/IfxCpu_IntrinsicsGcc.h ****                       ::"a"(a), "d"(b):"d15", "memory");
1249:../Libraries/iLLD/TC4xx/Tricore/Cpu/Std/IfxCpu_IntrinsicsGcc.h **** }
1250:../Libraries/iLLD/TC4xx/Tricore/Cpu/Std/IfxCpu_IntrinsicsGcc.h **** 
1251:../Libraries/iLLD/TC4xx/Tricore/Cpu/Std/IfxCpu_IntrinsicsGcc.h **** /**  Insert uint16 into first halfword of a __upackhw
1252:../Libraries/iLLD/TC4xx/Tricore/Cpu/Std/IfxCpu_IntrinsicsGcc.h ****  */
1253:../Libraries/iLLD/TC4xx/Tricore/Cpu/Std/IfxCpu_IntrinsicsGcc.h **** IFX_INLINE void Ifx__setuhw1(__upackhw* a, uint16 b)
1254:../Libraries/iLLD/TC4xx/Tricore/Cpu/Std/IfxCpu_IntrinsicsGcc.h **** {
1255:../Libraries/iLLD/TC4xx/Tricore/Cpu/Std/IfxCpu_IntrinsicsGcc.h ****     __asm__ volatile ("ld.w  %%d15,[%0] \n\
1256:../Libraries/iLLD/TC4xx/Tricore/Cpu/Std/IfxCpu_IntrinsicsGcc.h ****                     insert  %%d15,%%d15,%1,0,16 \n\
1257:../Libraries/iLLD/TC4xx/Tricore/Cpu/Std/IfxCpu_IntrinsicsGcc.h ****                     st.w [%0],%%d15"
1258:../Libraries/iLLD/TC4xx/Tricore/Cpu/Std/IfxCpu_IntrinsicsGcc.h ****                       ::"a"(a), "d"(b):"d15", "memory");
1259:../Libraries/iLLD/TC4xx/Tricore/Cpu/Std/IfxCpu_IntrinsicsGcc.h **** }
1260:../Libraries/iLLD/TC4xx/Tricore/Cpu/Std/IfxCpu_IntrinsicsGcc.h **** 
1261:../Libraries/iLLD/TC4xx/Tricore/Cpu/Std/IfxCpu_IntrinsicsGcc.h **** /**  Insert uint16 into second halfword of a __upackhw
1262:../Libraries/iLLD/TC4xx/Tricore/Cpu/Std/IfxCpu_IntrinsicsGcc.h ****  */
1263:../Libraries/iLLD/TC4xx/Tricore/Cpu/Std/IfxCpu_IntrinsicsGcc.h **** IFX_INLINE void Ifx__setuhw2(__upackhw* a, uint16 b)
1264:../Libraries/iLLD/TC4xx/Tricore/Cpu/Std/IfxCpu_IntrinsicsGcc.h **** {
1265:../Libraries/iLLD/TC4xx/Tricore/Cpu/Std/IfxCpu_IntrinsicsGcc.h ****     __asm__ volatile ("ld.w  %%d15,[%0] \n\
1266:../Libraries/iLLD/TC4xx/Tricore/Cpu/Std/IfxCpu_IntrinsicsGcc.h ****                     insert  %%d15,%%d15,%1,16,16 \n\
1267:../Libraries/iLLD/TC4xx/Tricore/Cpu/Std/IfxCpu_IntrinsicsGcc.h ****                     st.w [%0],%%d15"
1268:../Libraries/iLLD/TC4xx/Tricore/Cpu/Std/IfxCpu_IntrinsicsGcc.h ****                       ::"a"(a), "d"(b):"d15", "memory");
1269:../Libraries/iLLD/TC4xx/Tricore/Cpu/Std/IfxCpu_IntrinsicsGcc.h **** }
1270:../Libraries/iLLD/TC4xx/Tricore/Cpu/Std/IfxCpu_IntrinsicsGcc.h **** 
1271:../Libraries/iLLD/TC4xx/Tricore/Cpu/Std/IfxCpu_IntrinsicsGcc.h **** /** \} */
1272:../Libraries/iLLD/TC4xx/Tricore/Cpu/Std/IfxCpu_IntrinsicsGcc.h **** 
1273:../Libraries/iLLD/TC4xx/Tricore/Cpu/Std/IfxCpu_IntrinsicsGcc.h **** /** \defgroup IfxLld_Cpu_Intrinsics_Gnucregister Register Handling
1274:../Libraries/iLLD/TC4xx/Tricore/Cpu/Std/IfxCpu_IntrinsicsGcc.h ****  The next table provides an overview of the intrinsic functions that you can use to access control 
1275:../Libraries/iLLD/TC4xx/Tricore/Cpu/Std/IfxCpu_IntrinsicsGcc.h ****  * \ingroup IfxLld_Cpu_Intrinsics_Gnuc
1276:../Libraries/iLLD/TC4xx/Tricore/Cpu/Std/IfxCpu_IntrinsicsGcc.h ****  * \{
1277:../Libraries/iLLD/TC4xx/Tricore/Cpu/Std/IfxCpu_IntrinsicsGcc.h ****  */
1278:../Libraries/iLLD/TC4xx/Tricore/Cpu/Std/IfxCpu_IntrinsicsGcc.h **** 
1279:../Libraries/iLLD/TC4xx/Tricore/Cpu/Std/IfxCpu_IntrinsicsGcc.h **** /**  Return absolute value
1280:../Libraries/iLLD/TC4xx/Tricore/Cpu/Std/IfxCpu_IntrinsicsGcc.h ****  */
1281:../Libraries/iLLD/TC4xx/Tricore/Cpu/Std/IfxCpu_IntrinsicsGcc.h **** #define Ifx__abs(a) __builtin_abs(a)
1282:../Libraries/iLLD/TC4xx/Tricore/Cpu/Std/IfxCpu_IntrinsicsGcc.h **** 
1283:../Libraries/iLLD/TC4xx/Tricore/Cpu/Std/IfxCpu_IntrinsicsGcc.h **** /** Return absolue difference of two integers
1284:../Libraries/iLLD/TC4xx/Tricore/Cpu/Std/IfxCpu_IntrinsicsGcc.h ****  */
1285:../Libraries/iLLD/TC4xx/Tricore/Cpu/Std/IfxCpu_IntrinsicsGcc.h **** IFX_INLINE sint32 Ifx__absdif(sint32 a, sint32 b)
1286:../Libraries/iLLD/TC4xx/Tricore/Cpu/Std/IfxCpu_IntrinsicsGcc.h **** {
1287:../Libraries/iLLD/TC4xx/Tricore/Cpu/Std/IfxCpu_IntrinsicsGcc.h ****     sint32 res;
1288:../Libraries/iLLD/TC4xx/Tricore/Cpu/Std/IfxCpu_IntrinsicsGcc.h ****     __asm__ volatile ("absdif %0, %1, %2": "=d" (res) : "d" (a), "d" (b));
1289:../Libraries/iLLD/TC4xx/Tricore/Cpu/Std/IfxCpu_IntrinsicsGcc.h ****     return res;
1290:../Libraries/iLLD/TC4xx/Tricore/Cpu/Std/IfxCpu_IntrinsicsGcc.h **** }
1291:../Libraries/iLLD/TC4xx/Tricore/Cpu/Std/IfxCpu_IntrinsicsGcc.h **** 
1292:../Libraries/iLLD/TC4xx/Tricore/Cpu/Std/IfxCpu_IntrinsicsGcc.h **** /**  Return absolute value with saturation
1293:../Libraries/iLLD/TC4xx/Tricore/Cpu/Std/IfxCpu_IntrinsicsGcc.h ****  */
1294:../Libraries/iLLD/TC4xx/Tricore/Cpu/Std/IfxCpu_IntrinsicsGcc.h **** IFX_INLINE sint32 Ifx__abss(sint32 a)
1295:../Libraries/iLLD/TC4xx/Tricore/Cpu/Std/IfxCpu_IntrinsicsGcc.h **** {
1296:../Libraries/iLLD/TC4xx/Tricore/Cpu/Std/IfxCpu_IntrinsicsGcc.h ****     sint32 res;
1297:../Libraries/iLLD/TC4xx/Tricore/Cpu/Std/IfxCpu_IntrinsicsGcc.h ****     __asm__ volatile ("abss %0, %1": "=d" (res) : "d" (a));
1298:../Libraries/iLLD/TC4xx/Tricore/Cpu/Std/IfxCpu_IntrinsicsGcc.h ****     return res;
1299:../Libraries/iLLD/TC4xx/Tricore/Cpu/Std/IfxCpu_IntrinsicsGcc.h **** }
1300:../Libraries/iLLD/TC4xx/Tricore/Cpu/Std/IfxCpu_IntrinsicsGcc.h **** 
1301:../Libraries/iLLD/TC4xx/Tricore/Cpu/Std/IfxCpu_IntrinsicsGcc.h **** /**  Count leading ones in int
1302:../Libraries/iLLD/TC4xx/Tricore/Cpu/Std/IfxCpu_IntrinsicsGcc.h ****  */
1303:../Libraries/iLLD/TC4xx/Tricore/Cpu/Std/IfxCpu_IntrinsicsGcc.h **** IFX_INLINE sint32 Ifx__clo(sint32 a)
1304:../Libraries/iLLD/TC4xx/Tricore/Cpu/Std/IfxCpu_IntrinsicsGcc.h **** {
1305:../Libraries/iLLD/TC4xx/Tricore/Cpu/Std/IfxCpu_IntrinsicsGcc.h ****     sint32 res;
1306:../Libraries/iLLD/TC4xx/Tricore/Cpu/Std/IfxCpu_IntrinsicsGcc.h ****     __asm__ volatile ("clo %0,%1":"=d"(res):"d"(a));
1307:../Libraries/iLLD/TC4xx/Tricore/Cpu/Std/IfxCpu_IntrinsicsGcc.h ****     return res;
1308:../Libraries/iLLD/TC4xx/Tricore/Cpu/Std/IfxCpu_IntrinsicsGcc.h **** }
1309:../Libraries/iLLD/TC4xx/Tricore/Cpu/Std/IfxCpu_IntrinsicsGcc.h **** 
1310:../Libraries/iLLD/TC4xx/Tricore/Cpu/Std/IfxCpu_IntrinsicsGcc.h **** /**  Count number of redundant sign bits (all consecutive bits with the same value as bit 31
1311:../Libraries/iLLD/TC4xx/Tricore/Cpu/Std/IfxCpu_IntrinsicsGcc.h ****  */
1312:../Libraries/iLLD/TC4xx/Tricore/Cpu/Std/IfxCpu_IntrinsicsGcc.h **** IFX_INLINE sint32 Ifx__cls(sint32 a)
1313:../Libraries/iLLD/TC4xx/Tricore/Cpu/Std/IfxCpu_IntrinsicsGcc.h **** {
1314:../Libraries/iLLD/TC4xx/Tricore/Cpu/Std/IfxCpu_IntrinsicsGcc.h ****     sint32 res;
1315:../Libraries/iLLD/TC4xx/Tricore/Cpu/Std/IfxCpu_IntrinsicsGcc.h ****     __asm__ volatile ("cls %0,%1":"=d"(res):"d"(a));
1316:../Libraries/iLLD/TC4xx/Tricore/Cpu/Std/IfxCpu_IntrinsicsGcc.h ****     return res;
1317:../Libraries/iLLD/TC4xx/Tricore/Cpu/Std/IfxCpu_IntrinsicsGcc.h **** }
1318:../Libraries/iLLD/TC4xx/Tricore/Cpu/Std/IfxCpu_IntrinsicsGcc.h **** 
1319:../Libraries/iLLD/TC4xx/Tricore/Cpu/Std/IfxCpu_IntrinsicsGcc.h **** /**  Count leading zeros in int
1320:../Libraries/iLLD/TC4xx/Tricore/Cpu/Std/IfxCpu_IntrinsicsGcc.h ****  */
1321:../Libraries/iLLD/TC4xx/Tricore/Cpu/Std/IfxCpu_IntrinsicsGcc.h **** #define  Ifx__clz(a) __builtin_clz(a)
1322:../Libraries/iLLD/TC4xx/Tricore/Cpu/Std/IfxCpu_IntrinsicsGcc.h **** 
1323:../Libraries/iLLD/TC4xx/Tricore/Cpu/Std/IfxCpu_IntrinsicsGcc.h **** /**  Return absolute double precision floating-point value
1324:../Libraries/iLLD/TC4xx/Tricore/Cpu/Std/IfxCpu_IntrinsicsGcc.h ****  */
1325:../Libraries/iLLD/TC4xx/Tricore/Cpu/Std/IfxCpu_IntrinsicsGcc.h **** IFX_INLINE double Ifx__fabs(double d)
1326:../Libraries/iLLD/TC4xx/Tricore/Cpu/Std/IfxCpu_IntrinsicsGcc.h **** {
1327:../Libraries/iLLD/TC4xx/Tricore/Cpu/Std/IfxCpu_IntrinsicsGcc.h ****     double res;
1328:../Libraries/iLLD/TC4xx/Tricore/Cpu/Std/IfxCpu_IntrinsicsGcc.h ****     __asm__ volatile ("insert  %0,%1,0,31,1": "=d" (res) : "d" (d):"memory");
1329:../Libraries/iLLD/TC4xx/Tricore/Cpu/Std/IfxCpu_IntrinsicsGcc.h ****     return res;
1330:../Libraries/iLLD/TC4xx/Tricore/Cpu/Std/IfxCpu_IntrinsicsGcc.h **** }
1331:../Libraries/iLLD/TC4xx/Tricore/Cpu/Std/IfxCpu_IntrinsicsGcc.h **** 
1332:../Libraries/iLLD/TC4xx/Tricore/Cpu/Std/IfxCpu_IntrinsicsGcc.h **** /**  Return absolute floating-point value
1333:../Libraries/iLLD/TC4xx/Tricore/Cpu/Std/IfxCpu_IntrinsicsGcc.h ****  */
1334:../Libraries/iLLD/TC4xx/Tricore/Cpu/Std/IfxCpu_IntrinsicsGcc.h **** IFX_INLINE float Ifx__fabsf(float f)
1335:../Libraries/iLLD/TC4xx/Tricore/Cpu/Std/IfxCpu_IntrinsicsGcc.h **** {
1336:../Libraries/iLLD/TC4xx/Tricore/Cpu/Std/IfxCpu_IntrinsicsGcc.h ****     float res;
1337:../Libraries/iLLD/TC4xx/Tricore/Cpu/Std/IfxCpu_IntrinsicsGcc.h ****     __asm__ volatile ("insert  %0,%1,0,31,1": "=d" (res) : "d" (f):"memory");
1338:../Libraries/iLLD/TC4xx/Tricore/Cpu/Std/IfxCpu_IntrinsicsGcc.h ****     return res;
1339:../Libraries/iLLD/TC4xx/Tricore/Cpu/Std/IfxCpu_IntrinsicsGcc.h **** }
1340:../Libraries/iLLD/TC4xx/Tricore/Cpu/Std/IfxCpu_IntrinsicsGcc.h **** 
1341:../Libraries/iLLD/TC4xx/Tricore/Cpu/Std/IfxCpu_IntrinsicsGcc.h **** #if !IFXCPU_INTRINSICSGNUC_USE_MACHINE_INTRINSICS
1342:../Libraries/iLLD/TC4xx/Tricore/Cpu/Std/IfxCpu_IntrinsicsGcc.h **** /**  Move contents of the addressed core SFR into a data register
1343:../Libraries/iLLD/TC4xx/Tricore/Cpu/Std/IfxCpu_IntrinsicsGcc.h ****  */
1344:../Libraries/iLLD/TC4xx/Tricore/Cpu/Std/IfxCpu_IntrinsicsGcc.h **** #define Ifx__mfcr(regaddr)  \
1345:../Libraries/iLLD/TC4xx/Tricore/Cpu/Std/IfxCpu_IntrinsicsGcc.h ****  ({ sint32 res; __asm__ volatile ("mfcr %0,%1": "=d" (res) :"i"(regaddr): "memory"); res; })
1346:../Libraries/iLLD/TC4xx/Tricore/Cpu/Std/IfxCpu_IntrinsicsGcc.h **** 
1347:../Libraries/iLLD/TC4xx/Tricore/Cpu/Std/IfxCpu_IntrinsicsGcc.h **** //({ sint32 res; __asm__ volatile ("mfcr %0,"#regaddr : "=d" (res) : : "memory"); res; })
1348:../Libraries/iLLD/TC4xx/Tricore/Cpu/Std/IfxCpu_IntrinsicsGcc.h **** 
1349:../Libraries/iLLD/TC4xx/Tricore/Cpu/Std/IfxCpu_IntrinsicsGcc.h **** /**  Move contents of a data register (second int) to the addressed core SFR (first int)
1350:../Libraries/iLLD/TC4xx/Tricore/Cpu/Std/IfxCpu_IntrinsicsGcc.h ****  */
1351:../Libraries/iLLD/TC4xx/Tricore/Cpu/Std/IfxCpu_IntrinsicsGcc.h **** #define Ifx__mtcr(regaddr,val) __asm__ volatile ("mtcr %0,%1\n\tisync"::"i"(regaddr),"d"(val):"memo
1352:../Libraries/iLLD/TC4xx/Tricore/Cpu/Std/IfxCpu_IntrinsicsGcc.h **** #endif
1353:../Libraries/iLLD/TC4xx/Tricore/Cpu/Std/IfxCpu_IntrinsicsGcc.h **** 
1354:../Libraries/iLLD/TC4xx/Tricore/Cpu/Std/IfxCpu_IntrinsicsGcc.h **** /**  Return parity
1355:../Libraries/iLLD/TC4xx/Tricore/Cpu/Std/IfxCpu_IntrinsicsGcc.h ****  */
1356:../Libraries/iLLD/TC4xx/Tricore/Cpu/Std/IfxCpu_IntrinsicsGcc.h **** IFX_INLINE sint32 Ifx__parity(sint32 a)
1357:../Libraries/iLLD/TC4xx/Tricore/Cpu/Std/IfxCpu_IntrinsicsGcc.h **** {
1358:../Libraries/iLLD/TC4xx/Tricore/Cpu/Std/IfxCpu_IntrinsicsGcc.h ****     sint32 res;
1359:../Libraries/iLLD/TC4xx/Tricore/Cpu/Std/IfxCpu_IntrinsicsGcc.h ****     __asm__ volatile ("parity  %0,%1": "=d" (res) : "d" (a):"memory");
1360:../Libraries/iLLD/TC4xx/Tricore/Cpu/Std/IfxCpu_IntrinsicsGcc.h ****     return res;
1361:../Libraries/iLLD/TC4xx/Tricore/Cpu/Std/IfxCpu_IntrinsicsGcc.h **** }
1362:../Libraries/iLLD/TC4xx/Tricore/Cpu/Std/IfxCpu_IntrinsicsGcc.h **** 
1363:../Libraries/iLLD/TC4xx/Tricore/Cpu/Std/IfxCpu_IntrinsicsGcc.h **** /**  Return saturated byte
1364:../Libraries/iLLD/TC4xx/Tricore/Cpu/Std/IfxCpu_IntrinsicsGcc.h ****  */
1365:../Libraries/iLLD/TC4xx/Tricore/Cpu/Std/IfxCpu_IntrinsicsGcc.h **** IFX_INLINE sint8 Ifx__satb(sint32 a)
1366:../Libraries/iLLD/TC4xx/Tricore/Cpu/Std/IfxCpu_IntrinsicsGcc.h **** {
1367:../Libraries/iLLD/TC4xx/Tricore/Cpu/Std/IfxCpu_IntrinsicsGcc.h ****     sint8 res;
1368:../Libraries/iLLD/TC4xx/Tricore/Cpu/Std/IfxCpu_IntrinsicsGcc.h ****     __asm__ volatile ("sat.b %0,%1":"=d"(res):"d"(a));
1369:../Libraries/iLLD/TC4xx/Tricore/Cpu/Std/IfxCpu_IntrinsicsGcc.h ****     return res;
1370:../Libraries/iLLD/TC4xx/Tricore/Cpu/Std/IfxCpu_IntrinsicsGcc.h **** }
1371:../Libraries/iLLD/TC4xx/Tricore/Cpu/Std/IfxCpu_IntrinsicsGcc.h **** 
1372:../Libraries/iLLD/TC4xx/Tricore/Cpu/Std/IfxCpu_IntrinsicsGcc.h **** /**  Return saturated uint8
1373:../Libraries/iLLD/TC4xx/Tricore/Cpu/Std/IfxCpu_IntrinsicsGcc.h ****  */
1374:../Libraries/iLLD/TC4xx/Tricore/Cpu/Std/IfxCpu_IntrinsicsGcc.h **** IFX_INLINE uint8 Ifx__satbu(uint32 a)
1375:../Libraries/iLLD/TC4xx/Tricore/Cpu/Std/IfxCpu_IntrinsicsGcc.h **** {
1376:../Libraries/iLLD/TC4xx/Tricore/Cpu/Std/IfxCpu_IntrinsicsGcc.h ****     uint8 res;
1377:../Libraries/iLLD/TC4xx/Tricore/Cpu/Std/IfxCpu_IntrinsicsGcc.h ****     __asm__ volatile ("sat.bu %0,%1":"=d"(res):"d"(a));
1378:../Libraries/iLLD/TC4xx/Tricore/Cpu/Std/IfxCpu_IntrinsicsGcc.h ****     return res;
1379:../Libraries/iLLD/TC4xx/Tricore/Cpu/Std/IfxCpu_IntrinsicsGcc.h **** }
1380:../Libraries/iLLD/TC4xx/Tricore/Cpu/Std/IfxCpu_IntrinsicsGcc.h **** 
1381:../Libraries/iLLD/TC4xx/Tricore/Cpu/Std/IfxCpu_IntrinsicsGcc.h **** /**  Return saturated halfword
1382:../Libraries/iLLD/TC4xx/Tricore/Cpu/Std/IfxCpu_IntrinsicsGcc.h ****  */
1383:../Libraries/iLLD/TC4xx/Tricore/Cpu/Std/IfxCpu_IntrinsicsGcc.h **** IFX_INLINE sint16 Ifx__sath(sint32 a)
1384:../Libraries/iLLD/TC4xx/Tricore/Cpu/Std/IfxCpu_IntrinsicsGcc.h **** {
1385:../Libraries/iLLD/TC4xx/Tricore/Cpu/Std/IfxCpu_IntrinsicsGcc.h ****     sint16 res;
1386:../Libraries/iLLD/TC4xx/Tricore/Cpu/Std/IfxCpu_IntrinsicsGcc.h ****     __asm__ volatile ("sat.h %0,%1":"=d"(res):"d"(a));
1387:../Libraries/iLLD/TC4xx/Tricore/Cpu/Std/IfxCpu_IntrinsicsGcc.h ****     return res;
1388:../Libraries/iLLD/TC4xx/Tricore/Cpu/Std/IfxCpu_IntrinsicsGcc.h **** }
1389:../Libraries/iLLD/TC4xx/Tricore/Cpu/Std/IfxCpu_IntrinsicsGcc.h **** 
1390:../Libraries/iLLD/TC4xx/Tricore/Cpu/Std/IfxCpu_IntrinsicsGcc.h **** /**  Return saturated unsigned halfword
1391:../Libraries/iLLD/TC4xx/Tricore/Cpu/Std/IfxCpu_IntrinsicsGcc.h ****  */
1392:../Libraries/iLLD/TC4xx/Tricore/Cpu/Std/IfxCpu_IntrinsicsGcc.h **** IFX_INLINE uint16 Ifx__sathu(uint32 a)
1393:../Libraries/iLLD/TC4xx/Tricore/Cpu/Std/IfxCpu_IntrinsicsGcc.h **** {
1394:../Libraries/iLLD/TC4xx/Tricore/Cpu/Std/IfxCpu_IntrinsicsGcc.h ****     uint16 res;
1395:../Libraries/iLLD/TC4xx/Tricore/Cpu/Std/IfxCpu_IntrinsicsGcc.h ****     __asm__ volatile ("sat.hu %0,%1":"=d"(res):"d"(a));
1396:../Libraries/iLLD/TC4xx/Tricore/Cpu/Std/IfxCpu_IntrinsicsGcc.h ****     return res;
1397:../Libraries/iLLD/TC4xx/Tricore/Cpu/Std/IfxCpu_IntrinsicsGcc.h **** }
1398:../Libraries/iLLD/TC4xx/Tricore/Cpu/Std/IfxCpu_IntrinsicsGcc.h **** 
1399:../Libraries/iLLD/TC4xx/Tricore/Cpu/Std/IfxCpu_IntrinsicsGcc.h **** /** \} */
1400:../Libraries/iLLD/TC4xx/Tricore/Cpu/Std/IfxCpu_IntrinsicsGcc.h **** 
1401:../Libraries/iLLD/TC4xx/Tricore/Cpu/Std/IfxCpu_IntrinsicsGcc.h **** /** \defgroup IfxLld_Cpu_Intrinsics_Gnucsaturation Saturation Arithmetic Support
1402:../Libraries/iLLD/TC4xx/Tricore/Cpu/Std/IfxCpu_IntrinsicsGcc.h ****  These intrinsics support saturation arithmetic
1403:../Libraries/iLLD/TC4xx/Tricore/Cpu/Std/IfxCpu_IntrinsicsGcc.h ****  * \ingroup IfxLld_Cpu_Intrinsics_Gnuc
1404:../Libraries/iLLD/TC4xx/Tricore/Cpu/Std/IfxCpu_IntrinsicsGcc.h ****  * \{
1405:../Libraries/iLLD/TC4xx/Tricore/Cpu/Std/IfxCpu_IntrinsicsGcc.h ****  */
1406:../Libraries/iLLD/TC4xx/Tricore/Cpu/Std/IfxCpu_IntrinsicsGcc.h **** 
1407:../Libraries/iLLD/TC4xx/Tricore/Cpu/Std/IfxCpu_IntrinsicsGcc.h **** /** add signed with saturation
1408:../Libraries/iLLD/TC4xx/Tricore/Cpu/Std/IfxCpu_IntrinsicsGcc.h ****  */
1409:../Libraries/iLLD/TC4xx/Tricore/Cpu/Std/IfxCpu_IntrinsicsGcc.h **** IFX_INLINE sint32 Ifx__adds(sint32 a, sint32 b)
1410:../Libraries/iLLD/TC4xx/Tricore/Cpu/Std/IfxCpu_IntrinsicsGcc.h **** {
1411:../Libraries/iLLD/TC4xx/Tricore/Cpu/Std/IfxCpu_IntrinsicsGcc.h ****     sint32 res;
1412:../Libraries/iLLD/TC4xx/Tricore/Cpu/Std/IfxCpu_IntrinsicsGcc.h ****     __asm__ volatile ("adds %0, %1, %2": "=d" (res) : "d" (a), "d" (b));
1413:../Libraries/iLLD/TC4xx/Tricore/Cpu/Std/IfxCpu_IntrinsicsGcc.h ****     return res;
1414:../Libraries/iLLD/TC4xx/Tricore/Cpu/Std/IfxCpu_IntrinsicsGcc.h **** }
1415:../Libraries/iLLD/TC4xx/Tricore/Cpu/Std/IfxCpu_IntrinsicsGcc.h **** 
1416:../Libraries/iLLD/TC4xx/Tricore/Cpu/Std/IfxCpu_IntrinsicsGcc.h **** /** add unsigned with saturation
1417:../Libraries/iLLD/TC4xx/Tricore/Cpu/Std/IfxCpu_IntrinsicsGcc.h ****  */
1418:../Libraries/iLLD/TC4xx/Tricore/Cpu/Std/IfxCpu_IntrinsicsGcc.h **** IFX_INLINE uint32 Ifx__addsu(uint32 a, uint32 b)
1419:../Libraries/iLLD/TC4xx/Tricore/Cpu/Std/IfxCpu_IntrinsicsGcc.h **** {
1420:../Libraries/iLLD/TC4xx/Tricore/Cpu/Std/IfxCpu_IntrinsicsGcc.h ****     uint32 res;
1421:../Libraries/iLLD/TC4xx/Tricore/Cpu/Std/IfxCpu_IntrinsicsGcc.h ****     __asm__ volatile ("adds.u %0, %1, %2": "=d" (res) : "d" (a), "d" (b));
1422:../Libraries/iLLD/TC4xx/Tricore/Cpu/Std/IfxCpu_IntrinsicsGcc.h ****     return res;
1423:../Libraries/iLLD/TC4xx/Tricore/Cpu/Std/IfxCpu_IntrinsicsGcc.h **** }
1424:../Libraries/iLLD/TC4xx/Tricore/Cpu/Std/IfxCpu_IntrinsicsGcc.h **** 
1425:../Libraries/iLLD/TC4xx/Tricore/Cpu/Std/IfxCpu_IntrinsicsGcc.h **** /** substract signed with saturation
1426:../Libraries/iLLD/TC4xx/Tricore/Cpu/Std/IfxCpu_IntrinsicsGcc.h ****  */
1427:../Libraries/iLLD/TC4xx/Tricore/Cpu/Std/IfxCpu_IntrinsicsGcc.h **** IFX_INLINE sint32 Ifx__subs(sint32 a, sint32 b)
1428:../Libraries/iLLD/TC4xx/Tricore/Cpu/Std/IfxCpu_IntrinsicsGcc.h **** {
1429:../Libraries/iLLD/TC4xx/Tricore/Cpu/Std/IfxCpu_IntrinsicsGcc.h ****     sint32 res;
1430:../Libraries/iLLD/TC4xx/Tricore/Cpu/Std/IfxCpu_IntrinsicsGcc.h ****     __asm__ volatile ("subs %0, %1, %2": "=d" (res) : "d" (a), "d" (b));
1431:../Libraries/iLLD/TC4xx/Tricore/Cpu/Std/IfxCpu_IntrinsicsGcc.h ****     return res;
1432:../Libraries/iLLD/TC4xx/Tricore/Cpu/Std/IfxCpu_IntrinsicsGcc.h **** }
1433:../Libraries/iLLD/TC4xx/Tricore/Cpu/Std/IfxCpu_IntrinsicsGcc.h **** 
1434:../Libraries/iLLD/TC4xx/Tricore/Cpu/Std/IfxCpu_IntrinsicsGcc.h **** /** substract unsigned with saturation
1435:../Libraries/iLLD/TC4xx/Tricore/Cpu/Std/IfxCpu_IntrinsicsGcc.h ****  */
1436:../Libraries/iLLD/TC4xx/Tricore/Cpu/Std/IfxCpu_IntrinsicsGcc.h **** IFX_INLINE uint32 Ifx__subsu(uint32 a, uint32 b)
1437:../Libraries/iLLD/TC4xx/Tricore/Cpu/Std/IfxCpu_IntrinsicsGcc.h **** {
1438:../Libraries/iLLD/TC4xx/Tricore/Cpu/Std/IfxCpu_IntrinsicsGcc.h ****     uint32 res;
1439:../Libraries/iLLD/TC4xx/Tricore/Cpu/Std/IfxCpu_IntrinsicsGcc.h ****     __asm__ volatile ("subs.u %0, %1, %2": "=d" (res) : "d" (a), "d" (b));
1440:../Libraries/iLLD/TC4xx/Tricore/Cpu/Std/IfxCpu_IntrinsicsGcc.h ****     return res;
1441:../Libraries/iLLD/TC4xx/Tricore/Cpu/Std/IfxCpu_IntrinsicsGcc.h **** }
1442:../Libraries/iLLD/TC4xx/Tricore/Cpu/Std/IfxCpu_IntrinsicsGcc.h **** 
1443:../Libraries/iLLD/TC4xx/Tricore/Cpu/Std/IfxCpu_IntrinsicsGcc.h **** /** \} */
1444:../Libraries/iLLD/TC4xx/Tricore/Cpu/Std/IfxCpu_IntrinsicsGcc.h **** 
1445:../Libraries/iLLD/TC4xx/Tricore/Cpu/Std/IfxCpu_IntrinsicsGcc.h **** /** \defgroup IfxLld_Cpu_Intrinsics_Gnucsingle_assembly Insert Single Assembly Instruction
1446:../Libraries/iLLD/TC4xx/Tricore/Cpu/Std/IfxCpu_IntrinsicsGcc.h ****  The next table provides an overview of the intrinsic functions that you can use to insert a single
1447:../Libraries/iLLD/TC4xx/Tricore/Cpu/Std/IfxCpu_IntrinsicsGcc.h ****  instruction.You can also use inline assembly but these intrinsics provide a shorthand for frequent
1448:../Libraries/iLLD/TC4xx/Tricore/Cpu/Std/IfxCpu_IntrinsicsGcc.h ****  assembly instructions.
1449:../Libraries/iLLD/TC4xx/Tricore/Cpu/Std/IfxCpu_IntrinsicsGcc.h ****  * \ingroup IfxLld_Cpu_Intrinsics_Gnuc
1450:../Libraries/iLLD/TC4xx/Tricore/Cpu/Std/IfxCpu_IntrinsicsGcc.h ****  * \{
1451:../Libraries/iLLD/TC4xx/Tricore/Cpu/Std/IfxCpu_IntrinsicsGcc.h ****  */
1452:../Libraries/iLLD/TC4xx/Tricore/Cpu/Std/IfxCpu_IntrinsicsGcc.h **** 
1453:../Libraries/iLLD/TC4xx/Tricore/Cpu/Std/IfxCpu_IntrinsicsGcc.h **** /** Insert DEBUG instruction
1454:../Libraries/iLLD/TC4xx/Tricore/Cpu/Std/IfxCpu_IntrinsicsGcc.h ****  */
1455:../Libraries/iLLD/TC4xx/Tricore/Cpu/Std/IfxCpu_IntrinsicsGcc.h **** IFX_INLINE void Ifx__debug(void)
1456:../Libraries/iLLD/TC4xx/Tricore/Cpu/Std/IfxCpu_IntrinsicsGcc.h **** {
1457:../Libraries/iLLD/TC4xx/Tricore/Cpu/Std/IfxCpu_IntrinsicsGcc.h ****     __asm__ volatile ("debug" : : : "memory");
1458:../Libraries/iLLD/TC4xx/Tricore/Cpu/Std/IfxCpu_IntrinsicsGcc.h **** }
1459:../Libraries/iLLD/TC4xx/Tricore/Cpu/Std/IfxCpu_IntrinsicsGcc.h **** 
1460:../Libraries/iLLD/TC4xx/Tricore/Cpu/Std/IfxCpu_IntrinsicsGcc.h **** /** Insert a memory barrier
1461:../Libraries/iLLD/TC4xx/Tricore/Cpu/Std/IfxCpu_IntrinsicsGcc.h ****  */
1462:../Libraries/iLLD/TC4xx/Tricore/Cpu/Std/IfxCpu_IntrinsicsGcc.h **** #define Ifx__mem_barrier __asm__ volatile("":::"memory");
1463:../Libraries/iLLD/TC4xx/Tricore/Cpu/Std/IfxCpu_IntrinsicsGcc.h **** 
1464:../Libraries/iLLD/TC4xx/Tricore/Cpu/Std/IfxCpu_IntrinsicsGcc.h **** /** Insert DSYNC instruction
1465:../Libraries/iLLD/TC4xx/Tricore/Cpu/Std/IfxCpu_IntrinsicsGcc.h ****  */
1466:../Libraries/iLLD/TC4xx/Tricore/Cpu/Std/IfxCpu_IntrinsicsGcc.h **** IFX_INLINE void Ifx__dsync(void)
1467:../Libraries/iLLD/TC4xx/Tricore/Cpu/Std/IfxCpu_IntrinsicsGcc.h **** {
1468:../Libraries/iLLD/TC4xx/Tricore/Cpu/Std/IfxCpu_IntrinsicsGcc.h ****     __asm__ volatile ("dsync" : : : "memory");
1469:../Libraries/iLLD/TC4xx/Tricore/Cpu/Std/IfxCpu_IntrinsicsGcc.h **** }
1470:../Libraries/iLLD/TC4xx/Tricore/Cpu/Std/IfxCpu_IntrinsicsGcc.h **** 
1471:../Libraries/iLLD/TC4xx/Tricore/Cpu/Std/IfxCpu_IntrinsicsGcc.h **** /** Insert ISYNC instruction
1472:../Libraries/iLLD/TC4xx/Tricore/Cpu/Std/IfxCpu_IntrinsicsGcc.h ****  */
1473:../Libraries/iLLD/TC4xx/Tricore/Cpu/Std/IfxCpu_IntrinsicsGcc.h **** IFX_INLINE void Ifx__isync(void)
1474:../Libraries/iLLD/TC4xx/Tricore/Cpu/Std/IfxCpu_IntrinsicsGcc.h **** {
1475:../Libraries/iLLD/TC4xx/Tricore/Cpu/Std/IfxCpu_IntrinsicsGcc.h ****     __asm__ volatile ("isync" : : : "memory");
1476:../Libraries/iLLD/TC4xx/Tricore/Cpu/Std/IfxCpu_IntrinsicsGcc.h **** }
1477:../Libraries/iLLD/TC4xx/Tricore/Cpu/Std/IfxCpu_IntrinsicsGcc.h **** 
1478:../Libraries/iLLD/TC4xx/Tricore/Cpu/Std/IfxCpu_IntrinsicsGcc.h **** /** Insert LDMST instruction. Note that all operands must be word-aligned.
1479:../Libraries/iLLD/TC4xx/Tricore/Cpu/Std/IfxCpu_IntrinsicsGcc.h ****  */
1480:../Libraries/iLLD/TC4xx/Tricore/Cpu/Std/IfxCpu_IntrinsicsGcc.h **** IFX_INLINE void Ifx__ldmst(volatile void* address, uint32 mask, uint32 value)
1481:../Libraries/iLLD/TC4xx/Tricore/Cpu/Std/IfxCpu_IntrinsicsGcc.h **** {
1482:../Libraries/iLLD/TC4xx/Tricore/Cpu/Std/IfxCpu_IntrinsicsGcc.h ****     __asm__ volatile("mov %H2,%1 \n\
 378              	 .loc 3 1482 5 is_stmt 1
1483:../Libraries/iLLD/TC4xx/Tricore/Cpu/Std/IfxCpu_IntrinsicsGcc.h ****                   ldmst [%0]0,%A2"
1484:../Libraries/iLLD/TC4xx/Tricore/Cpu/Std/IfxCpu_IntrinsicsGcc.h ****                      ::"a"(address), "d"(mask), "d"((long long)value));
 379              	 .loc 3 1484 53 is_stmt 0
 380 000c 53154020 	 mul.u %e2,%d5,1
1482:../Libraries/iLLD/TC4xx/Tricore/Cpu/Std/IfxCpu_IntrinsicsGcc.h ****                   ldmst [%0]0,%A2"
 381              	 .loc 3 1482 5
 382              	
 383              	 
 384 0010 0253     	 mov %d3,%d5
 385 0012 49224008 	 ldmst [%a2]0,%e2
 386              	 
 387              	.LVL34:
 388              	
 389              	.L15:
 390              	.LBE31:
 391              	.LBE30:
 199:../Libraries/iLLD/TC4xx/Tricore/Canxl/Std/IfxCanxl.c **** 
 200:../Libraries/iLLD/TC4xx/Tricore/Canxl/Std/IfxCanxl.c ****     /* Wait while node is disabled */
 201:../Libraries/iLLD/TC4xx/Tricore/Canxl/Std/IfxCanxl.c ****     while (IfxCanxl_isNodeEnabled(canxl, nodeId) == FALSE)
 202:../Libraries/iLLD/TC4xx/Tricore/Canxl/Std/IfxCanxl.c ****     {}
 392              	 .loc 1 202 6 is_stmt 1 discriminator 1
 201:../Libraries/iLLD/TC4xx/Tricore/Canxl/Std/IfxCanxl.c ****     {}
 393              	 .loc 1 201 50 discriminator 1
 394              	.LBB32:
 395              	.LBB33:
1872:../Libraries/iLLD/TC4xx/Tricore/Canxl/Std/IfxCanxl.h ****     return enabled;
1873:../Libraries/iLLD/TC4xx/Tricore/Canxl/Std/IfxCanxl.h **** }
1874:../Libraries/iLLD/TC4xx/Tricore/Canxl/Std/IfxCanxl.h **** 
1875:../Libraries/iLLD/TC4xx/Tricore/Canxl/Std/IfxCanxl.h **** 
1876:../Libraries/iLLD/TC4xx/Tricore/Canxl/Std/IfxCanxl.h **** IFX_INLINE boolean IfxCanxl_isNodeEnabled(Ifx_CANXL *canxl, IfxCanxl_NodeId nodeId)
1877:../Libraries/iLLD/TC4xx/Tricore/Canxl/Std/IfxCanxl.h **** {
1878:../Libraries/iLLD/TC4xx/Tricore/Canxl/Std/IfxCanxl.h ****     uint32  statusMask = IFX_CANXL_CLKEN_N0_CCS_MSK << ((uint32)nodeId + IFX_CANXL_CLKEN_N0_CCS_OFF
 396              	 .loc 2 1878 5 discriminator 1
 397              	 .loc 2 1878 72 is_stmt 0 discriminator 1
 398 0016 1B040130 	 addi %d3,%d4,16
 399              	 .loc 2 1878 13 discriminator 1
 400 001a 8212     	 mov %d2,1
 401 001c 0F320020 	 sh %d2,%d2,%d3
 402              	.LVL35:
1879:../Libraries/iLLD/TC4xx/Tricore/Canxl/Std/IfxCanxl.h ****     boolean enabled    = ((canxl->CLKEN.U & statusMask) == 0u) ? FALSE : TRUE;
 403              	 .loc 2 1879 5 is_stmt 1 discriminator 1
 404              	 .loc 2 1879 40 is_stmt 0 discriminator 1
 405 0020 19430010 	 ld.w %d3,[%a4]64
 406              	 .loc 2 1879 43 discriminator 1
 407 0024 2632     	 and %d2,%d3
 408              	.LVL36:
1880:../Libraries/iLLD/TC4xx/Tricore/Canxl/Std/IfxCanxl.h ****     return enabled;
 409              	 .loc 2 1880 5 is_stmt 1 discriminator 1
 410              	.LBE33:
 411              	.LBE32:
 201:../Libraries/iLLD/TC4xx/Tricore/Canxl/Std/IfxCanxl.c ****     {}
 412              	 .loc 1 201 50 is_stmt 0 discriminator 1
 413 0026 DF020000 	 jz %d2,.L15
 203:../Libraries/iLLD/TC4xx/Tricore/Canxl/Std/IfxCanxl.c **** 
 204:../Libraries/iLLD/TC4xx/Tricore/Canxl/Std/IfxCanxl.c **** #if (IFX_PROT_ENABLED == 1U)
 205:../Libraries/iLLD/TC4xx/Tricore/Canxl/Std/IfxCanxl.c ****     IfxApProt_setState((Ifx_PROT_PROT *)&(canxl->PROTE), IfxApProt_State_run);
 206:../Libraries/iLLD/TC4xx/Tricore/Canxl/Std/IfxCanxl.c **** #endif
 207:../Libraries/iLLD/TC4xx/Tricore/Canxl/Std/IfxCanxl.c **** }
 414              	 .loc 1 207 1
 415 002a 0090     	 ret 
 416              	.LFE400:
 418              	 .global IfxCanxl_enableNode_end
 419              	IfxCanxl_enableNode_end:
 420              	 .section .text.IfxCanxl_disableNode,"ax",@progbits
 421              	 .align 1
 422              	 .global IfxCanxl_disableNode
 424              	IfxCanxl_disableNode:
 425              	.LFB401:
 208:../Libraries/iLLD/TC4xx/Tricore/Canxl/Std/IfxCanxl.c **** 
 209:../Libraries/iLLD/TC4xx/Tricore/Canxl/Std/IfxCanxl.c **** 
 210:../Libraries/iLLD/TC4xx/Tricore/Canxl/Std/IfxCanxl.c **** void IfxCanxl_disableNode(Ifx_CANXL *canxl, IfxCanxl_NodeId nodeId)
 211:../Libraries/iLLD/TC4xx/Tricore/Canxl/Std/IfxCanxl.c **** {
 426              	 .loc 1 211 1 is_stmt 1
 427              	.LVL37:
 428 0000 40AE     	 mov.aa %a14,%SP
 429              	.LCFI8:
 212:../Libraries/iLLD/TC4xx/Tricore/Canxl/Std/IfxCanxl.c **** #if (IFX_PROT_ENABLED == 1U)
 213:../Libraries/iLLD/TC4xx/Tricore/Canxl/Std/IfxCanxl.c ****     IfxApProt_setState((Ifx_PROT_PROT *)&(canxl->PROTE), IfxApProt_State_config);
 214:../Libraries/iLLD/TC4xx/Tricore/Canxl/Std/IfxCanxl.c **** #endif
 215:../Libraries/iLLD/TC4xx/Tricore/Canxl/Std/IfxCanxl.c ****     /* Write 0 to disable */
 216:../Libraries/iLLD/TC4xx/Tricore/Canxl/Std/IfxCanxl.c ****     uint32 mask  = IFX_CANXL_CLKEN_N0_CC_MSK << (uint32)nodeId;
 430              	 .loc 1 216 5
 431              	 .loc 1 216 12 is_stmt 0
 432 0002 8215     	 mov %d5,1
 433 0004 0F450050 	 sh %d5,%d5,%d4
 434              	.LVL38:
 217:../Libraries/iLLD/TC4xx/Tricore/Canxl/Std/IfxCanxl.c ****     uint32 value = 0u;
 435              	 .loc 1 217 5 is_stmt 1
 218:../Libraries/iLLD/TC4xx/Tricore/Canxl/Std/IfxCanxl.c **** 
 219:../Libraries/iLLD/TC4xx/Tricore/Canxl/Std/IfxCanxl.c ****     Ifx__ldmst(&canxl->CLKEN, mask, value);
 436              	 .loc 1 219 5
 437              	 .loc 1 219 16 is_stmt 0
 438 0008 D9420010 	 lea %a2,[%a4]64
 439              	.LVL39:
 440              	.LBB34:
 441              	.LBB35:
1482:../Libraries/iLLD/TC4xx/Tricore/Cpu/Std/IfxCpu_IntrinsicsGcc.h ****                   ldmst [%0]0,%A2"
 442              	 .loc 3 1482 5 is_stmt 1
 443 000c D202     	 mov %e2,0
 444              	
 445              	 
 446 000e 0253     	 mov %d3,%d5
 447 0010 49224008 	 ldmst [%a2]0,%e2
 448              	 
 449              	.LVL40:
 450              	
 451              	.L17:
 452              	.LBE35:
 453              	.LBE34:
 220:../Libraries/iLLD/TC4xx/Tricore/Canxl/Std/IfxCanxl.c **** 
 221:../Libraries/iLLD/TC4xx/Tricore/Canxl/Std/IfxCanxl.c ****     /* Wait while node is enabled */
 222:../Libraries/iLLD/TC4xx/Tricore/Canxl/Std/IfxCanxl.c ****     while (IfxCanxl_isNodeEnabled(canxl, nodeId) == TRUE)
 223:../Libraries/iLLD/TC4xx/Tricore/Canxl/Std/IfxCanxl.c ****     {}
 454              	 .loc 1 223 6 discriminator 1
 222:../Libraries/iLLD/TC4xx/Tricore/Canxl/Std/IfxCanxl.c ****     {}
 455              	 .loc 1 222 50 discriminator 1
 456              	.LBB36:
 457              	.LBB37:
1878:../Libraries/iLLD/TC4xx/Tricore/Canxl/Std/IfxCanxl.h ****     boolean enabled    = ((canxl->CLKEN.U & statusMask) == 0u) ? FALSE : TRUE;
 458              	 .loc 2 1878 5 discriminator 1
1878:../Libraries/iLLD/TC4xx/Tricore/Canxl/Std/IfxCanxl.h ****     boolean enabled    = ((canxl->CLKEN.U & statusMask) == 0u) ? FALSE : TRUE;
 459              	 .loc 2 1878 72 is_stmt 0 discriminator 1
 460 0014 1B040130 	 addi %d3,%d4,16
1878:../Libraries/iLLD/TC4xx/Tricore/Canxl/Std/IfxCanxl.h ****     boolean enabled    = ((canxl->CLKEN.U & statusMask) == 0u) ? FALSE : TRUE;
 461              	 .loc 2 1878 13 discriminator 1
 462 0018 8212     	 mov %d2,1
 463 001a 0F320020 	 sh %d2,%d2,%d3
 464              	.LVL41:
1879:../Libraries/iLLD/TC4xx/Tricore/Canxl/Std/IfxCanxl.h ****     return enabled;
 465              	 .loc 2 1879 5 is_stmt 1 discriminator 1
1879:../Libraries/iLLD/TC4xx/Tricore/Canxl/Std/IfxCanxl.h ****     return enabled;
 466              	 .loc 2 1879 40 is_stmt 0 discriminator 1
 467 001e 19430010 	 ld.w %d3,[%a4]64
1879:../Libraries/iLLD/TC4xx/Tricore/Canxl/Std/IfxCanxl.h ****     return enabled;
 468              	 .loc 2 1879 43 discriminator 1
 469 0022 2632     	 and %d2,%d3
 470              	.LVL42:
 471              	 .loc 2 1880 5 is_stmt 1 discriminator 1
 472              	.LBE37:
 473              	.LBE36:
 222:../Libraries/iLLD/TC4xx/Tricore/Canxl/Std/IfxCanxl.c ****     {}
 474              	 .loc 1 222 50 is_stmt 0 discriminator 1
 475 0024 DF020080 	 jnz %d2,.L17
 224:../Libraries/iLLD/TC4xx/Tricore/Canxl/Std/IfxCanxl.c **** 
 225:../Libraries/iLLD/TC4xx/Tricore/Canxl/Std/IfxCanxl.c **** #if (IFX_PROT_ENABLED == 1U)
 226:../Libraries/iLLD/TC4xx/Tricore/Canxl/Std/IfxCanxl.c ****     IfxApProt_setState((Ifx_PROT_PROT *)&(canxl->PROTE), IfxApProt_State_run);
 227:../Libraries/iLLD/TC4xx/Tricore/Canxl/Std/IfxCanxl.c **** #endif
 228:../Libraries/iLLD/TC4xx/Tricore/Canxl/Std/IfxCanxl.c **** }
 476              	 .loc 1 228 1
 477 0028 0090     	 ret 
 478              	.LFE401:
 480              	 .global IfxCanxl_disableNode_end
 481              	IfxCanxl_disableNode_end:
 482              	 .section .text.IfxCanxl_getModuleFrequency,"ax",@progbits
 483              	 .align 1
 484              	 .global IfxCanxl_getModuleFrequency
 486              	IfxCanxl_getModuleFrequency:
 487              	.LFB402:
 229:../Libraries/iLLD/TC4xx/Tricore/Canxl/Std/IfxCanxl.c **** 
 230:../Libraries/iLLD/TC4xx/Tricore/Canxl/Std/IfxCanxl.c **** 
 231:../Libraries/iLLD/TC4xx/Tricore/Canxl/Std/IfxCanxl.c **** uint32 IfxCanxl_getModuleFrequency(void)
 232:../Libraries/iLLD/TC4xx/Tricore/Canxl/Std/IfxCanxl.c **** {
 488              	 .loc 1 232 1 is_stmt 1
 489 0000 40AE     	 mov.aa %a14,%SP
 490              	.LCFI9:
 233:../Libraries/iLLD/TC4xx/Tricore/Canxl/Std/IfxCanxl.c ****     uint32 moduleFreq = 0U;
 491              	 .loc 1 233 5
 492              	.LVL43:
 234:../Libraries/iLLD/TC4xx/Tricore/Canxl/Std/IfxCanxl.c **** 
 235:../Libraries/iLLD/TC4xx/Tricore/Canxl/Std/IfxCanxl.c ****     moduleFreq = IfxClock_getCanXLFrequency();
 493              	 .loc 1 235 5
 494              	 .loc 1 235 18 is_stmt 0
 495 0002 6D000000 	 call IfxClock_getCanXLFrequency
 496              	.LVL44:
 236:../Libraries/iLLD/TC4xx/Tricore/Canxl/Std/IfxCanxl.c **** 
 237:../Libraries/iLLD/TC4xx/Tricore/Canxl/Std/IfxCanxl.c ****     return moduleFreq;
 497              	 .loc 1 237 5 is_stmt 1
 238:../Libraries/iLLD/TC4xx/Tricore/Canxl/Std/IfxCanxl.c **** }
 498              	 .loc 1 238 1 is_stmt 0
 499 0006 0090     	 ret 
 500              	.LFE402:
 502              	 .global IfxCanxl_getModuleFrequency_end
 503              	IfxCanxl_getModuleFrequency_end:
 504              	 .section .text.IfxCanxl_Node_initRxPin,"ax",@progbits
 505              	 .align 1
 506              	 .global IfxCanxl_Node_initRxPin
 508              	IfxCanxl_Node_initRxPin:
 509              	.LFB403:
 239:../Libraries/iLLD/TC4xx/Tricore/Canxl/Std/IfxCanxl.c **** 
 240:../Libraries/iLLD/TC4xx/Tricore/Canxl/Std/IfxCanxl.c **** 
 241:../Libraries/iLLD/TC4xx/Tricore/Canxl/Std/IfxCanxl.c **** void IfxCanxl_Node_initRxPin(Ifx_CANXL_NODE *node, IfxCanxl_Rxd_In *rxd, IfxPort_InputMode mode, If
 242:../Libraries/iLLD/TC4xx/Tricore/Canxl/Std/IfxCanxl.c **** {
 510              	 .loc 1 242 1 is_stmt 1
 511              	.LVL45:
 512 0000 40AE     	 mov.aa %a14,%SP
 513              	.LCFI10:
 514 0002 404D     	 mov.aa %a13,%a4
 515 0004 405C     	 mov.aa %a12,%a5
 516 0006 0258     	 mov %d8,%d5
 243:../Libraries/iLLD/TC4xx/Tricore/Canxl/Std/IfxCanxl.c ****     IfxPort_setPinModeInput(rxd->pin.port, rxd->pin.pinIndex, mode);
 517              	 .loc 1 243 5
 518              	.LVL46:
 519              	.LBB38:
 520              	.LBB39:
 521              	 .file 4 "../Libraries/iLLD/TC4xx/CpuGeneric/Port/Std/IfxPort.h"
   1:../Libraries/iLLD/TC4xx/CpuGeneric/Port/Std/IfxPort.h **** /**
   2:../Libraries/iLLD/TC4xx/CpuGeneric/Port/Std/IfxPort.h ****  * \file IfxPort.h
   3:../Libraries/iLLD/TC4xx/CpuGeneric/Port/Std/IfxPort.h ****  * \brief PORT  basic functionality
   4:../Libraries/iLLD/TC4xx/CpuGeneric/Port/Std/IfxPort.h ****  * \ingroup IfxLld_Port
   5:../Libraries/iLLD/TC4xx/CpuGeneric/Port/Std/IfxPort.h ****  *
   6:../Libraries/iLLD/TC4xx/CpuGeneric/Port/Std/IfxPort.h ****  * \version iLLD-TC4-v2.7.0
   7:../Libraries/iLLD/TC4xx/CpuGeneric/Port/Std/IfxPort.h ****  * \copyright Copyright (c) 2026 Infineon Technologies AG. All rights reserved.
   8:../Libraries/iLLD/TC4xx/CpuGeneric/Port/Std/IfxPort.h ****  *
   9:../Libraries/iLLD/TC4xx/CpuGeneric/Port/Std/IfxPort.h ****  *
  10:../Libraries/iLLD/TC4xx/CpuGeneric/Port/Std/IfxPort.h ****  *
  11:../Libraries/iLLD/TC4xx/CpuGeneric/Port/Std/IfxPort.h ****  *                                 IMPORTANT NOTICE
  12:../Libraries/iLLD/TC4xx/CpuGeneric/Port/Std/IfxPort.h ****  *
  13:../Libraries/iLLD/TC4xx/CpuGeneric/Port/Std/IfxPort.h ****  * Infineon Technologies AG (Infineon) licenses this file to you under the
  14:../Libraries/iLLD/TC4xx/CpuGeneric/Port/Std/IfxPort.h ****  * Infineon Automotive SW Lab License v2025-01 (IFASLL). You may not use
  15:../Libraries/iLLD/TC4xx/CpuGeneric/Port/Std/IfxPort.h ****  * this file except in compliance with IFASLL.
  16:../Libraries/iLLD/TC4xx/CpuGeneric/Port/Std/IfxPort.h ****  *
  17:../Libraries/iLLD/TC4xx/CpuGeneric/Port/Std/IfxPort.h ****  * The full license text is contained in IFASLL202501.pdf delivered with this SW.
  18:../Libraries/iLLD/TC4xx/CpuGeneric/Port/Std/IfxPort.h ****  * Unless required by applicable law or agreed to in writing, software distributed
  19:../Libraries/iLLD/TC4xx/CpuGeneric/Port/Std/IfxPort.h ****  * under this license is distributed "AS IS" without any warranty or liability of any
  20:../Libraries/iLLD/TC4xx/CpuGeneric/Port/Std/IfxPort.h ****  * kind and Infineon hereby expressly disclaims any warranties or representations,
  21:../Libraries/iLLD/TC4xx/CpuGeneric/Port/Std/IfxPort.h ****  * whether express, implied, statutory or otherwise, including but not limited to
  22:../Libraries/iLLD/TC4xx/CpuGeneric/Port/Std/IfxPort.h ****  * warranties of workmanship, merchantability, fitness for a particular purpose,
  23:../Libraries/iLLD/TC4xx/CpuGeneric/Port/Std/IfxPort.h ****  * defects in the licensed items, or non-infringement of third parties'
  24:../Libraries/iLLD/TC4xx/CpuGeneric/Port/Std/IfxPort.h ****  * intellectual property rights. See the full license text for the specific
  25:../Libraries/iLLD/TC4xx/CpuGeneric/Port/Std/IfxPort.h ****  * language governing permissions and limitations under IFASLL.
  26:../Libraries/iLLD/TC4xx/CpuGeneric/Port/Std/IfxPort.h ****  *
  27:../Libraries/iLLD/TC4xx/CpuGeneric/Port/Std/IfxPort.h ****  *
  28:../Libraries/iLLD/TC4xx/CpuGeneric/Port/Std/IfxPort.h ****  * \defgroup IfxLld_Port_Prot_Usage How to use the PORT driver along with PROT?
  29:../Libraries/iLLD/TC4xx/CpuGeneric/Port/Std/IfxPort.h ****  * \ingroup IfxLld_Port
  30:../Libraries/iLLD/TC4xx/CpuGeneric/Port/Std/IfxPort.h ****  *
  31:../Libraries/iLLD/TC4xx/CpuGeneric/Port/Std/IfxPort.h ****  * As per the current POR, each PORT module will have a set/group of APU registers. And each pin in
  32:../Libraries/iLLD/TC4xx/CpuGeneric/Port/Std/IfxPort.h ****  *
  33:../Libraries/iLLD/TC4xx/CpuGeneric/Port/Std/IfxPort.h ****  * The way to use the APIs to configure the APU for PORT is as follows:
  34:../Libraries/iLLD/TC4xx/CpuGeneric/Port/Std/IfxPort.h ****  *
  35:../Libraries/iLLD/TC4xx/CpuGeneric/Port/Std/IfxPort.h ****  * 1. Configure the PROT_SE Owner.
  36:../Libraries/iLLD/TC4xx/CpuGeneric/Port/Std/IfxPort.h ****  * 2. Configure the PADCFG.ACCEN.GRP bit field to map the pin to the APU group.
  37:../Libraries/iLLD/TC4xx/CpuGeneric/Port/Std/IfxPort.h ****  * 3. Configure the APU registers to enable the Access Protection.
  38:../Libraries/iLLD/TC4xx/CpuGeneric/Port/Std/IfxPort.h ****  *
  39:../Libraries/iLLD/TC4xx/CpuGeneric/Port/Std/IfxPort.h ****  * In your application you can do the following to enable the PROT and configure the APU for the PO
  40:../Libraries/iLLD/TC4xx/CpuGeneric/Port/Std/IfxPort.h ****  *
  41:../Libraries/iLLD/TC4xx/CpuGeneric/Port/Std/IfxPort.h ****  * \code
  42:../Libraries/iLLD/TC4xx/CpuGeneric/Port/Std/IfxPort.h ****  * IfxPort_ProtConfig protConfig;
  43:../Libraries/iLLD/TC4xx/CpuGeneric/Port/Std/IfxPort.h ****  * IfxPort_ApuConfig apuConfig;
  44:../Libraries/iLLD/TC4xx/CpuGeneric/Port/Std/IfxPort.h ****  *
  45:../Libraries/iLLD/TC4xx/CpuGeneric/Port/Std/IfxPort.h ****  * IfxPort_initProtConfig(&protConfig);
  46:../Libraries/iLLD/TC4xx/CpuGeneric/Port/Std/IfxPort.h ****  * IfxPort_initApuConfig(&apuConfig);
  47:../Libraries/iLLD/TC4xx/CpuGeneric/Port/Std/IfxPort.h ****  *
  48:../Libraries/iLLD/TC4xx/CpuGeneric/Port/Std/IfxPort.h ****  * //Which APU group needs to be initialised
  49:../Libraries/iLLD/TC4xx/CpuGeneric/Port/Std/IfxPort.h ****  * apuConfig.grpNum = 1U;
  50:../Libraries/iLLD/TC4xx/CpuGeneric/Port/Std/IfxPort.h ****  *
  51:../Libraries/iLLD/TC4xx/CpuGeneric/Port/Std/IfxPort.h ****  * //Initialize the PROT with the Owner
  52:../Libraries/iLLD/TC4xx/CpuGeneric/Port/Std/IfxPort.h ****  * IfxPort_initProt(&MODULE_P00, &protConfig);
  53:../Libraries/iLLD/TC4xx/CpuGeneric/Port/Std/IfxPort.h ****  *
  54:../Libraries/iLLD/TC4xx/CpuGeneric/Port/Std/IfxPort.h ****  * //Configure the specific pin to map to a APU group "1", for example pin "2" of P00
  55:../Libraries/iLLD/TC4xx/CpuGeneric/Port/Std/IfxPort.h ****  * IfxPort_setApuGroupSelection(&MODULE_P00, 2, 1);
  56:../Libraries/iLLD/TC4xx/CpuGeneric/Port/Std/IfxPort.h ****  *
  57:../Libraries/iLLD/TC4xx/CpuGeneric/Port/Std/IfxPort.h ****  * //Configure the APU and initialize it
  58:../Libraries/iLLD/TC4xx/CpuGeneric/Port/Std/IfxPort.h ****  * IfxPort_initApu(&MODULE_P00, &apuConfig);
  59:../Libraries/iLLD/TC4xx/CpuGeneric/Port/Std/IfxPort.h ****  * \endcode
  60:../Libraries/iLLD/TC4xx/CpuGeneric/Port/Std/IfxPort.h ****  *
  61:../Libraries/iLLD/TC4xx/CpuGeneric/Port/Std/IfxPort.h ****  * In case you want to configure multiple pins of the same PORT, this can be done using the API Ifx
  62:../Libraries/iLLD/TC4xx/CpuGeneric/Port/Std/IfxPort.h ****  *
  63:../Libraries/iLLD/TC4xx/CpuGeneric/Port/Std/IfxPort.h ****  * \defgroup IfxLld_Port_Std_Enum Enumerations
  64:../Libraries/iLLD/TC4xx/CpuGeneric/Port/Std/IfxPort.h ****  * \ingroup IfxLld_Port_Std
  65:../Libraries/iLLD/TC4xx/CpuGeneric/Port/Std/IfxPort.h ****  * \defgroup IfxLld_Port_Std_DataStructures Data structures
  66:../Libraries/iLLD/TC4xx/CpuGeneric/Port/Std/IfxPort.h ****  * \ingroup IfxLld_Port_Std
  67:../Libraries/iLLD/TC4xx/CpuGeneric/Port/Std/IfxPort.h ****  * \defgroup IfxLld_Port_Std_SinglePin Single Pin Functions
  68:../Libraries/iLLD/TC4xx/CpuGeneric/Port/Std/IfxPort.h ****  * \ingroup IfxLld_Port_Std
  69:../Libraries/iLLD/TC4xx/CpuGeneric/Port/Std/IfxPort.h ****  * \defgroup IfxLld_Port_Std_PortGroup Group Access Functions
  70:../Libraries/iLLD/TC4xx/CpuGeneric/Port/Std/IfxPort.h ****  * \ingroup IfxLld_Port_Std
  71:../Libraries/iLLD/TC4xx/CpuGeneric/Port/Std/IfxPort.h ****  */
  72:../Libraries/iLLD/TC4xx/CpuGeneric/Port/Std/IfxPort.h **** 
  73:../Libraries/iLLD/TC4xx/CpuGeneric/Port/Std/IfxPort.h **** #ifndef IFXPORT_H
  74:../Libraries/iLLD/TC4xx/CpuGeneric/Port/Std/IfxPort.h **** #define IFXPORT_H 1
  75:../Libraries/iLLD/TC4xx/CpuGeneric/Port/Std/IfxPort.h **** 
  76:../Libraries/iLLD/TC4xx/CpuGeneric/Port/Std/IfxPort.h **** /******************************************************************************/
  77:../Libraries/iLLD/TC4xx/CpuGeneric/Port/Std/IfxPort.h **** /*----------------------------------Includes----------------------------------*/
  78:../Libraries/iLLD/TC4xx/CpuGeneric/Port/Std/IfxPort.h **** /******************************************************************************/
  79:../Libraries/iLLD/TC4xx/CpuGeneric/Port/Std/IfxPort.h **** 
  80:../Libraries/iLLD/TC4xx/CpuGeneric/Port/Std/IfxPort.h **** #include "_Impl/IfxPort_cfg.h"
  81:../Libraries/iLLD/TC4xx/CpuGeneric/Port/Std/IfxPort.h **** #include "Ap/Std/IfxApProt.h"
  82:../Libraries/iLLD/TC4xx/CpuGeneric/Port/Std/IfxPort.h **** #include "Ap/Std/IfxApApu.h"
  83:../Libraries/iLLD/TC4xx/CpuGeneric/Port/Std/IfxPort.h **** #if !defined(IFX_ILLD_PPU_USAGE)
  84:../Libraries/iLLD/TC4xx/CpuGeneric/Port/Std/IfxPort.h **** #include "Cpu/Std/IfxCpu_Intrinsics.h"
  85:../Libraries/iLLD/TC4xx/CpuGeneric/Port/Std/IfxPort.h **** #endif
  86:../Libraries/iLLD/TC4xx/CpuGeneric/Port/Std/IfxPort.h **** #if defined(IFX_ILLD_PPU_USAGE)
  87:../Libraries/iLLD/TC4xx/CpuGeneric/Port/Std/IfxPort.h **** #include "Ppu/Std/IfxPpu_Intrinsics.h"
  88:../Libraries/iLLD/TC4xx/CpuGeneric/Port/Std/IfxPort.h **** #endif
  89:../Libraries/iLLD/TC4xx/CpuGeneric/Port/Std/IfxPort.h **** 
  90:../Libraries/iLLD/TC4xx/CpuGeneric/Port/Std/IfxPort.h **** /******************************************************************************/
  91:../Libraries/iLLD/TC4xx/CpuGeneric/Port/Std/IfxPort.h **** /*--------------------------------Enumerations--------------------------------*/
  92:../Libraries/iLLD/TC4xx/CpuGeneric/Port/Std/IfxPort.h **** /******************************************************************************/
  93:../Libraries/iLLD/TC4xx/CpuGeneric/Port/Std/IfxPort.h **** 
  94:../Libraries/iLLD/TC4xx/CpuGeneric/Port/Std/IfxPort.h **** /** \addtogroup IfxLld_Port_Std_Enum
  95:../Libraries/iLLD/TC4xx/CpuGeneric/Port/Std/IfxPort.h ****  * \{ */
  96:../Libraries/iLLD/TC4xx/CpuGeneric/Port/Std/IfxPort.h **** /** \brief The LVDS RX_DIS control function can be selected from the Port (default) or
  97:../Libraries/iLLD/TC4xx/CpuGeneric/Port/Std/IfxPort.h ****  * HSCT module.declared in MODULE_PORTx.LPCRx
  98:../Libraries/iLLD/TC4xx/CpuGeneric/Port/Std/IfxPort.h ****  */
  99:../Libraries/iLLD/TC4xx/CpuGeneric/Port/Std/IfxPort.h **** typedef enum
 100:../Libraries/iLLD/TC4xx/CpuGeneric/Port/Std/IfxPort.h **** {
 101:../Libraries/iLLD/TC4xx/CpuGeneric/Port/Std/IfxPort.h ****     IfxPort_ControlledBy_port = 0,  /**< \brief port controlled by PORT Module */
 102:../Libraries/iLLD/TC4xx/CpuGeneric/Port/Std/IfxPort.h ****     IfxPort_ControlledBy_hsct = 1   /**< \brief Port controlled by HSCT Module */
 103:../Libraries/iLLD/TC4xx/CpuGeneric/Port/Std/IfxPort.h **** } IfxPort_ControlledBy;
 104:../Libraries/iLLD/TC4xx/CpuGeneric/Port/Std/IfxPort.h **** 
 105:../Libraries/iLLD/TC4xx/CpuGeneric/Port/Std/IfxPort.h **** /** \brief Ifx_P output modification modes definition.
 106:../Libraries/iLLD/TC4xx/CpuGeneric/Port/Std/IfxPort.h ****  */
 107:../Libraries/iLLD/TC4xx/CpuGeneric/Port/Std/IfxPort.h **** typedef enum
 108:../Libraries/iLLD/TC4xx/CpuGeneric/Port/Std/IfxPort.h **** {
 109:../Libraries/iLLD/TC4xx/CpuGeneric/Port/Std/IfxPort.h ****     IfxPort_InputMode_undefined    = -1,
 110:../Libraries/iLLD/TC4xx/CpuGeneric/Port/Std/IfxPort.h ****     IfxPort_InputMode_noPullDevice = ((0U << 4U) | (0U << 1U) | 0U),
 111:../Libraries/iLLD/TC4xx/CpuGeneric/Port/Std/IfxPort.h ****     IfxPort_InputMode_pullDown     = ((1U << 4U) | (0U << 1U) | 0U),
 112:../Libraries/iLLD/TC4xx/CpuGeneric/Port/Std/IfxPort.h ****     IfxPort_InputMode_pullUp       = ((2U << 4U) | (0U << 1U) | 0U)
 113:../Libraries/iLLD/TC4xx/CpuGeneric/Port/Std/IfxPort.h **** } IfxPort_InputMode;
 114:../Libraries/iLLD/TC4xx/CpuGeneric/Port/Std/IfxPort.h **** 
 115:../Libraries/iLLD/TC4xx/CpuGeneric/Port/Std/IfxPort.h **** #if !defined(DEVICE_TC4PX) && !defined(DEVICE_TC4EX) && !defined(DEVICE_TC46X)
 116:../Libraries/iLLD/TC4xx/CpuGeneric/Port/Std/IfxPort.h **** /** \brief specifies LVDS-M or LVDS-H mode as declare in Register MODULE_PORT.LPCRx.LVDSM
 117:../Libraries/iLLD/TC4xx/CpuGeneric/Port/Std/IfxPort.h ****  */
 118:../Libraries/iLLD/TC4xx/CpuGeneric/Port/Std/IfxPort.h **** typedef enum
 119:../Libraries/iLLD/TC4xx/CpuGeneric/Port/Std/IfxPort.h **** {
 120:../Libraries/iLLD/TC4xx/CpuGeneric/Port/Std/IfxPort.h ****     IfxPort_LvdsMode_high   = 0, /**< \brief LVDS-H Mode */
 121:../Libraries/iLLD/TC4xx/CpuGeneric/Port/Std/IfxPort.h ****     IfxPort_LvdsMode_medium = 1  /**< \brief LVDS-M Mode */
 122:../Libraries/iLLD/TC4xx/CpuGeneric/Port/Std/IfxPort.h **** } IfxPort_LvdsMode;
 123:../Libraries/iLLD/TC4xx/CpuGeneric/Port/Std/IfxPort.h **** 
 124:../Libraries/iLLD/TC4xx/CpuGeneric/Port/Std/IfxPort.h **** /** \brief specifies external or internal LVDS receiver Termination Mode
 125:../Libraries/iLLD/TC4xx/CpuGeneric/Port/Std/IfxPort.h ****  */
 126:../Libraries/iLLD/TC4xx/CpuGeneric/Port/Std/IfxPort.h **** typedef enum
 127:../Libraries/iLLD/TC4xx/CpuGeneric/Port/Std/IfxPort.h **** {
 128:../Libraries/iLLD/TC4xx/CpuGeneric/Port/Std/IfxPort.h ****     IfxPort_LvdsTerm_external = 0,  /**< \brief external termination */
 129:../Libraries/iLLD/TC4xx/CpuGeneric/Port/Std/IfxPort.h ****     IfxPort_LvdsTerm_internal = 1   /**< \brief 100 Ohm internal termination */
 130:../Libraries/iLLD/TC4xx/CpuGeneric/Port/Std/IfxPort.h **** } IfxPort_LvdsTerm;
 131:../Libraries/iLLD/TC4xx/CpuGeneric/Port/Std/IfxPort.h **** #endif /* #if !defined(DEVICE_TC4PX) && !defined(DEVICE_TC4EX)  && !defined(DEVICE_TC46X) */
 132:../Libraries/iLLD/TC4xx/CpuGeneric/Port/Std/IfxPort.h **** 
 133:../Libraries/iLLD/TC4xx/CpuGeneric/Port/Std/IfxPort.h **** /** \brief Ifx_P input / output mode definition.
 134:../Libraries/iLLD/TC4xx/CpuGeneric/Port/Std/IfxPort.h ****  *
 135:../Libraries/iLLD/TC4xx/CpuGeneric/Port/Std/IfxPort.h ****  * \see Ifx_P.IOCR, IfxPort_setPinMode()
 136:../Libraries/iLLD/TC4xx/CpuGeneric/Port/Std/IfxPort.h ****  */
 137:../Libraries/iLLD/TC4xx/CpuGeneric/Port/Std/IfxPort.h **** typedef enum
 138:../Libraries/iLLD/TC4xx/CpuGeneric/Port/Std/IfxPort.h **** {
 139:../Libraries/iLLD/TC4xx/CpuGeneric/Port/Std/IfxPort.h ****     IfxPort_Mode_inputNoPullDevice      = ((0U << 4U) | (0U << 1U) | 0U),  /**< \brief Input, No pu
 140:../Libraries/iLLD/TC4xx/CpuGeneric/Port/Std/IfxPort.h ****     IfxPort_Mode_inputPullDown          = ((1U << 4U) | (0U << 1U) | 0U),  /**< \brief Input, pull-
 141:../Libraries/iLLD/TC4xx/CpuGeneric/Port/Std/IfxPort.h ****     IfxPort_Mode_inputPullUp            = ((2U << 4U) | (0U << 1U) | 0U),  /**< \brief Input, pull-
 142:../Libraries/iLLD/TC4xx/CpuGeneric/Port/Std/IfxPort.h ****     IfxPort_Mode_outputPushPullGeneral  = ((0U << 4U) | (0U << 1U) | 1U),  /**< \brief Push-pull, G
 143:../Libraries/iLLD/TC4xx/CpuGeneric/Port/Std/IfxPort.h ****     IfxPort_Mode_outputPushPullAlt1     = ((1U << 4U) | (0U << 1U) | 1U),  /**< \brief Push-pull, A
 144:../Libraries/iLLD/TC4xx/CpuGeneric/Port/Std/IfxPort.h ****     IfxPort_Mode_outputPushPullAlt2     = ((2U << 4U) | (0U << 1U) | 1U),  /**< \brief Push-pull, A
 145:../Libraries/iLLD/TC4xx/CpuGeneric/Port/Std/IfxPort.h ****     IfxPort_Mode_outputPushPullAlt3     = ((3U << 4U) | (0U << 1U) | 1U),  /**< \brief Push-pull, A
 146:../Libraries/iLLD/TC4xx/CpuGeneric/Port/Std/IfxPort.h ****     IfxPort_Mode_outputPushPullAlt4     = ((4U << 4U) | (0U << 1U) | 1U),  /**< \brief Push-pull, A
 147:../Libraries/iLLD/TC4xx/CpuGeneric/Port/Std/IfxPort.h ****     IfxPort_Mode_outputPushPullAlt5     = ((5U << 4U) | (0U << 1U) | 1U),  /**< \brief Push-pull, A
 148:../Libraries/iLLD/TC4xx/CpuGeneric/Port/Std/IfxPort.h ****     IfxPort_Mode_outputPushPullAlt6     = ((6U << 4U) | (0U << 1U) | 1U),  /**< \brief Push-pull, A
 149:../Libraries/iLLD/TC4xx/CpuGeneric/Port/Std/IfxPort.h ****     IfxPort_Mode_outputPushPullAlt7     = ((7U << 4U) | (0U << 1U) | 1U),  /**< \brief Push-pull, A
 150:../Libraries/iLLD/TC4xx/CpuGeneric/Port/Std/IfxPort.h ****     IfxPort_Mode_outputPushPullAlt8     = ((8U << 4U) | (0U << 1U) | 1U),  /**< \brief Push-pull, A
 151:../Libraries/iLLD/TC4xx/CpuGeneric/Port/Std/IfxPort.h ****     IfxPort_Mode_outputPushPullAlt9     = ((9U << 4U) | (0U << 1U) | 1U),  /**< \brief Push-pull, A
 152:../Libraries/iLLD/TC4xx/CpuGeneric/Port/Std/IfxPort.h ****     IfxPort_Mode_outputPushPullAlt10    = ((10U << 4U) | (0U << 1U) | 1U), /**< \brief Push-pull, A
 153:../Libraries/iLLD/TC4xx/CpuGeneric/Port/Std/IfxPort.h ****     IfxPort_Mode_outputPushPullAlt11    = ((11U << 4U) | (0U << 1U) | 1U), /**< \brief Push-pull, A
 154:../Libraries/iLLD/TC4xx/CpuGeneric/Port/Std/IfxPort.h ****     IfxPort_Mode_outputPushPullAlt12    = ((12U << 4U) | (0U << 1U) | 1U), /**< \brief Push-pull, A
 155:../Libraries/iLLD/TC4xx/CpuGeneric/Port/Std/IfxPort.h ****     IfxPort_Mode_outputPushPullAlt13    = ((13U << 4U) | (0U << 1U) | 1U), /**< \brief Push-pull, A
 156:../Libraries/iLLD/TC4xx/CpuGeneric/Port/Std/IfxPort.h ****     IfxPort_Mode_outputPushPullAlt14    = ((14U << 4U) | (0U << 1U) | 1U), /**< \brief Push-pull, A
 157:../Libraries/iLLD/TC4xx/CpuGeneric/Port/Std/IfxPort.h ****     IfxPort_Mode_outputPushPullAlt15    = ((15U << 4U) | (0U << 1U) | 1U), /**< \brief Push-pull, A
 158:../Libraries/iLLD/TC4xx/CpuGeneric/Port/Std/IfxPort.h ****     IfxPort_Mode_outputOpenDrainGeneral = ((0U << 4U) | (1U << 1U) | 1U),  /**< \brief Open-drain, 
 159:../Libraries/iLLD/TC4xx/CpuGeneric/Port/Std/IfxPort.h ****     IfxPort_Mode_outputOpenDrainAlt1    = ((1U << 4U) | (1U << 1U) | 1U),  /**< \brief Open-drain, 
 160:../Libraries/iLLD/TC4xx/CpuGeneric/Port/Std/IfxPort.h ****     IfxPort_Mode_outputOpenDrainAlt2    = ((2U << 4U) | (1U << 1U) | 1U),  /**< \brief Open-drain, 
 161:../Libraries/iLLD/TC4xx/CpuGeneric/Port/Std/IfxPort.h ****     IfxPort_Mode_outputOpenDrainAlt3    = ((3U << 4U) | (1U << 1U) | 1U),  /**< \brief Open-drain, 
 162:../Libraries/iLLD/TC4xx/CpuGeneric/Port/Std/IfxPort.h ****     IfxPort_Mode_outputOpenDrainAlt4    = ((4U << 4U) | (1U << 1U) | 1U),  /**< \brief Open-drain, 
 163:../Libraries/iLLD/TC4xx/CpuGeneric/Port/Std/IfxPort.h ****     IfxPort_Mode_outputOpenDrainAlt5    = ((5U << 4U) | (1U << 1U) | 1U),  /**< \brief Open-drain, 
 164:../Libraries/iLLD/TC4xx/CpuGeneric/Port/Std/IfxPort.h ****     IfxPort_Mode_outputOpenDrainAlt6    = ((6U << 4U) | (1U << 1U) | 1U),  /**< \brief Open-drain, 
 165:../Libraries/iLLD/TC4xx/CpuGeneric/Port/Std/IfxPort.h ****     IfxPort_Mode_outputOpenDrainAlt7    = ((7U << 4U) | (1U << 1U) | 1U),  /**< \brief Open-drain, 
 166:../Libraries/iLLD/TC4xx/CpuGeneric/Port/Std/IfxPort.h ****     IfxPort_Mode_outputOpenDrainAlt8    = ((8U << 4U) | (1U << 1U) | 1U),  /**< \brief Open-drain, 
 167:../Libraries/iLLD/TC4xx/CpuGeneric/Port/Std/IfxPort.h ****     IfxPort_Mode_outputOpenDrainAlt9    = ((9U << 4U) | (1U << 1U) | 1U),  /**< \brief Open-drain, 
 168:../Libraries/iLLD/TC4xx/CpuGeneric/Port/Std/IfxPort.h ****     IfxPort_Mode_outputOpenDrainAlt10   = ((10U << 4U) | (1U << 1U) | 1U), /**< \brief Open-drain, 
 169:../Libraries/iLLD/TC4xx/CpuGeneric/Port/Std/IfxPort.h ****     IfxPort_Mode_outputOpenDrainAlt11   = ((11U << 4U) | (1U << 1U) | 1U), /**< \brief Open-drain, 
 170:../Libraries/iLLD/TC4xx/CpuGeneric/Port/Std/IfxPort.h ****     IfxPort_Mode_outputOpenDrainAlt12   = ((12U << 4U) | (1U << 1U) | 1U), /**< \brief Open-drain, 
 171:../Libraries/iLLD/TC4xx/CpuGeneric/Port/Std/IfxPort.h ****     IfxPort_Mode_outputOpenDrainAlt13   = ((13U << 4U) | (1U << 1U) | 1U), /**< \brief Open-drain, 
 172:../Libraries/iLLD/TC4xx/CpuGeneric/Port/Std/IfxPort.h ****     IfxPort_Mode_outputOpenDrainAlt14   = ((14U << 4U) | (1U << 1U) | 1U), /**< \brief Open-drain, 
 173:../Libraries/iLLD/TC4xx/CpuGeneric/Port/Std/IfxPort.h ****     IfxPort_Mode_outputOpenDrainAlt15   = ((15U << 4U) | (1U << 1U) | 1U)  /**< \brief Open-drain, 
 174:../Libraries/iLLD/TC4xx/CpuGeneric/Port/Std/IfxPort.h **** } IfxPort_Mode;
 175:../Libraries/iLLD/TC4xx/CpuGeneric/Port/Std/IfxPort.h **** 
 176:../Libraries/iLLD/TC4xx/CpuGeneric/Port/Std/IfxPort.h **** /** \brief Modex bitfields definitions
 177:../Libraries/iLLD/TC4xx/CpuGeneric/Port/Std/IfxPort.h ****  */
 178:../Libraries/iLLD/TC4xx/CpuGeneric/Port/Std/IfxPort.h **** typedef enum
 179:../Libraries/iLLD/TC4xx/CpuGeneric/Port/Std/IfxPort.h **** {
 180:../Libraries/iLLD/TC4xx/CpuGeneric/Port/Std/IfxPort.h ****     IfxPort_Modex_differentialXspiGpio = (0 << 16),  /**< \brief Differential xspi, Rgmii or GPIO *
 181:../Libraries/iLLD/TC4xx/CpuGeneric/Port/Std/IfxPort.h ****     IfxPort_Modex_singleEndedXspiGpio  = (1 << 16),  /**< \brief Single ended xspi or gpio */
 182:../Libraries/iLLD/TC4xx/CpuGeneric/Port/Std/IfxPort.h ****     IfxPort_Modex_gpioMode             = (2 << 16),  /**< \brief Gpio Mode */
 183:../Libraries/iLLD/TC4xx/CpuGeneric/Port/Std/IfxPort.h ****     IfxPort_Modex_xspiRgmiiMode        = (3 << 16)   /**< \brief Xspi or Rgmii mode */
 184:../Libraries/iLLD/TC4xx/CpuGeneric/Port/Std/IfxPort.h **** } IfxPort_Modex;
 185:../Libraries/iLLD/TC4xx/CpuGeneric/Port/Std/IfxPort.h **** 
 186:../Libraries/iLLD/TC4xx/CpuGeneric/Port/Std/IfxPort.h **** /** \brief Pin output alternate index
 187:../Libraries/iLLD/TC4xx/CpuGeneric/Port/Std/IfxPort.h ****  */
 188:../Libraries/iLLD/TC4xx/CpuGeneric/Port/Std/IfxPort.h **** typedef enum
 189:../Libraries/iLLD/TC4xx/CpuGeneric/Port/Std/IfxPort.h **** {
 190:../Libraries/iLLD/TC4xx/CpuGeneric/Port/Std/IfxPort.h ****     IfxPort_OutputIdx_general = ((0U << 4U) | 1U),
 191:../Libraries/iLLD/TC4xx/CpuGeneric/Port/Std/IfxPort.h ****     IfxPort_OutputIdx_alt1    = ((1U << 4U) | 1U),
 192:../Libraries/iLLD/TC4xx/CpuGeneric/Port/Std/IfxPort.h ****     IfxPort_OutputIdx_alt2    = ((2U << 4U) | 1U),
 193:../Libraries/iLLD/TC4xx/CpuGeneric/Port/Std/IfxPort.h ****     IfxPort_OutputIdx_alt3    = ((3U << 4U) | 1U),
 194:../Libraries/iLLD/TC4xx/CpuGeneric/Port/Std/IfxPort.h ****     IfxPort_OutputIdx_alt4    = ((4U << 4U) | 1U),
 195:../Libraries/iLLD/TC4xx/CpuGeneric/Port/Std/IfxPort.h ****     IfxPort_OutputIdx_alt5    = ((5U << 4U) | 1U),
 196:../Libraries/iLLD/TC4xx/CpuGeneric/Port/Std/IfxPort.h ****     IfxPort_OutputIdx_alt6    = ((6U << 4U) | 1U),
 197:../Libraries/iLLD/TC4xx/CpuGeneric/Port/Std/IfxPort.h ****     IfxPort_OutputIdx_alt7    = ((7U << 4U) | 1U),
 198:../Libraries/iLLD/TC4xx/CpuGeneric/Port/Std/IfxPort.h ****     IfxPort_OutputIdx_alt8    = ((8U << 4U) | 1U),
 199:../Libraries/iLLD/TC4xx/CpuGeneric/Port/Std/IfxPort.h ****     IfxPort_OutputIdx_alt9    = ((9U << 4U) | 1U),
 200:../Libraries/iLLD/TC4xx/CpuGeneric/Port/Std/IfxPort.h ****     IfxPort_OutputIdx_alt10   = ((10U << 4U) | 1U),
 201:../Libraries/iLLD/TC4xx/CpuGeneric/Port/Std/IfxPort.h ****     IfxPort_OutputIdx_alt11   = ((11U << 4U) | 1U),
 202:../Libraries/iLLD/TC4xx/CpuGeneric/Port/Std/IfxPort.h ****     IfxPort_OutputIdx_alt12   = ((12U << 4U) | 1U),
 203:../Libraries/iLLD/TC4xx/CpuGeneric/Port/Std/IfxPort.h ****     IfxPort_OutputIdx_alt13   = ((13U << 4U) | 1U),
 204:../Libraries/iLLD/TC4xx/CpuGeneric/Port/Std/IfxPort.h ****     IfxPort_OutputIdx_alt14   = ((14U << 4U) | 1U),
 205:../Libraries/iLLD/TC4xx/CpuGeneric/Port/Std/IfxPort.h ****     IfxPort_OutputIdx_alt15   = ((15U << 4U) | 1U)
 206:../Libraries/iLLD/TC4xx/CpuGeneric/Port/Std/IfxPort.h **** } IfxPort_OutputIdx;
 207:../Libraries/iLLD/TC4xx/CpuGeneric/Port/Std/IfxPort.h **** 
 208:../Libraries/iLLD/TC4xx/CpuGeneric/Port/Std/IfxPort.h **** /** \brief Pin output mode definition
 209:../Libraries/iLLD/TC4xx/CpuGeneric/Port/Std/IfxPort.h ****  */
 210:../Libraries/iLLD/TC4xx/CpuGeneric/Port/Std/IfxPort.h **** typedef enum
 211:../Libraries/iLLD/TC4xx/CpuGeneric/Port/Std/IfxPort.h **** {
 212:../Libraries/iLLD/TC4xx/CpuGeneric/Port/Std/IfxPort.h ****     IfxPort_OutputMode_pushPull  = ((0U << 1U) | 1U),
 213:../Libraries/iLLD/TC4xx/CpuGeneric/Port/Std/IfxPort.h ****     IfxPort_OutputMode_openDrain = ((1U << 1U) | 1U)
 214:../Libraries/iLLD/TC4xx/CpuGeneric/Port/Std/IfxPort.h **** } IfxPort_OutputMode;
 215:../Libraries/iLLD/TC4xx/CpuGeneric/Port/Std/IfxPort.h **** 
 216:../Libraries/iLLD/TC4xx/CpuGeneric/Port/Std/IfxPort.h **** /** \brief MODULE_PORTx.LPCRx.B.PS1.Selects between 5v and 3.3v on Vext supply for the LVDSM pair
 217:../Libraries/iLLD/TC4xx/CpuGeneric/Port/Std/IfxPort.h ****  */
 218:../Libraries/iLLD/TC4xx/CpuGeneric/Port/Std/IfxPort.h **** typedef enum
 219:../Libraries/iLLD/TC4xx/CpuGeneric/Port/Std/IfxPort.h **** {
 220:../Libraries/iLLD/TC4xx/CpuGeneric/Port/Std/IfxPort.h ****     IfxPort_PadSupply_3v = 0,  /**< \brief select,3.3v */
 221:../Libraries/iLLD/TC4xx/CpuGeneric/Port/Std/IfxPort.h ****     IfxPort_PadSupply_5v = 1   /**< \brief select,5V */
 222:../Libraries/iLLD/TC4xx/CpuGeneric/Port/Std/IfxPort.h **** } IfxPort_PadSupply;
 223:../Libraries/iLLD/TC4xx/CpuGeneric/Port/Std/IfxPort.h **** 
 224:../Libraries/iLLD/TC4xx/CpuGeneric/Port/Std/IfxPort.h **** /** \brief enable analog/digital mode for port pin, as Defined in MODULE_PORTx.PDISC
 225:../Libraries/iLLD/TC4xx/CpuGeneric/Port/Std/IfxPort.h ****  */
 226:../Libraries/iLLD/TC4xx/CpuGeneric/Port/Std/IfxPort.h **** typedef enum
 227:../Libraries/iLLD/TC4xx/CpuGeneric/Port/Std/IfxPort.h **** {
 228:../Libraries/iLLD/TC4xx/CpuGeneric/Port/Std/IfxPort.h ****     IfxPort_PinFunctionMode_digital = 0,  /**< \brief Pad Pn.x is enabled and can be selected for d
 229:../Libraries/iLLD/TC4xx/CpuGeneric/Port/Std/IfxPort.h ****     IfxPort_PinFunctionMode_analog  = 1   /**< \brief Pad Pn.x is enabled and can be selected for a
 230:../Libraries/iLLD/TC4xx/CpuGeneric/Port/Std/IfxPort.h **** } IfxPort_PinFunctionMode;
 231:../Libraries/iLLD/TC4xx/CpuGeneric/Port/Std/IfxPort.h **** 
 232:../Libraries/iLLD/TC4xx/CpuGeneric/Port/Std/IfxPort.h **** /** \brief Ifx_P output modification modes definition.
 233:../Libraries/iLLD/TC4xx/CpuGeneric/Port/Std/IfxPort.h ****  *
 234:../Libraries/iLLD/TC4xx/CpuGeneric/Port/Std/IfxPort.h ****  * \see Ifx_P.OMR, IfxPort_setPinState()
 235:../Libraries/iLLD/TC4xx/CpuGeneric/Port/Std/IfxPort.h ****  */
 236:../Libraries/iLLD/TC4xx/CpuGeneric/Port/Std/IfxPort.h **** typedef enum
 237:../Libraries/iLLD/TC4xx/CpuGeneric/Port/Std/IfxPort.h **** {
 238:../Libraries/iLLD/TC4xx/CpuGeneric/Port/Std/IfxPort.h ****     IfxPort_State_notChanged = (0 << 16) | (0 << 0),  /**< \brief Ifx_P pin is left unchanged. */
 239:../Libraries/iLLD/TC4xx/CpuGeneric/Port/Std/IfxPort.h ****     IfxPort_State_high       = (0 << 16) | (1U << 0), /**< \brief Ifx_P pin is set to high. */
 240:../Libraries/iLLD/TC4xx/CpuGeneric/Port/Std/IfxPort.h ****     IfxPort_State_low        = (1U << 16) | (0 << 0), /**< \brief Ifx_P pin is set to low. */
 241:../Libraries/iLLD/TC4xx/CpuGeneric/Port/Std/IfxPort.h ****     IfxPort_State_toggled    = (1U << 16) | (1U << 0) /**< \brief Ifx_P pin is toggled. */
 242:../Libraries/iLLD/TC4xx/CpuGeneric/Port/Std/IfxPort.h **** } IfxPort_State;
 243:../Libraries/iLLD/TC4xx/CpuGeneric/Port/Std/IfxPort.h **** 
 244:../Libraries/iLLD/TC4xx/CpuGeneric/Port/Std/IfxPort.h **** /** \} */
 245:../Libraries/iLLD/TC4xx/CpuGeneric/Port/Std/IfxPort.h **** 
 246:../Libraries/iLLD/TC4xx/CpuGeneric/Port/Std/IfxPort.h **** /** \brief Trimming value for bandgap reference.
 247:../Libraries/iLLD/TC4xx/CpuGeneric/Port/Std/IfxPort.h ****  * 0H corresponds to a value of 1.199V
 248:../Libraries/iLLD/TC4xx/CpuGeneric/Port/Std/IfxPort.h ****  * 1H corresponds to a value of 1.184V
 249:../Libraries/iLLD/TC4xx/CpuGeneric/Port/Std/IfxPort.h ****  * 2H corresponds to a value of 1.168V
 250:../Libraries/iLLD/TC4xx/CpuGeneric/Port/Std/IfxPort.h ****  * 3H corresponds to a value of 1.153V
 251:../Libraries/iLLD/TC4xx/CpuGeneric/Port/Std/IfxPort.h ****  * 4H corresponds to a value of 1.139V
 252:../Libraries/iLLD/TC4xx/CpuGeneric/Port/Std/IfxPort.h ****  * 5H corresponds to a value of 1.125V
 253:../Libraries/iLLD/TC4xx/CpuGeneric/Port/Std/IfxPort.h ****  * 6H corresponds to a value of 1.112V
 254:../Libraries/iLLD/TC4xx/CpuGeneric/Port/Std/IfxPort.h ****  * 7H corresponds to a value of 1.098V
 255:../Libraries/iLLD/TC4xx/CpuGeneric/Port/Std/IfxPort.h ****  * 8H corresponds to a value of 1.340V
 256:../Libraries/iLLD/TC4xx/CpuGeneric/Port/Std/IfxPort.h ****  * 9H corresponds to a value of 1.321V
 257:../Libraries/iLLD/TC4xx/CpuGeneric/Port/Std/IfxPort.h ****  * AH corresponds to a value of 1.302V
 258:../Libraries/iLLD/TC4xx/CpuGeneric/Port/Std/IfxPort.h ****  * BH corresponds to a value of 1.283V
 259:../Libraries/iLLD/TC4xx/CpuGeneric/Port/Std/IfxPort.h ****  * CH corresponds to a value of 1.266V
 260:../Libraries/iLLD/TC4xx/CpuGeneric/Port/Std/IfxPort.h ****  * DH corresponds to a value of 1.248V
 261:../Libraries/iLLD/TC4xx/CpuGeneric/Port/Std/IfxPort.h ****  * EH corresponds to a value of 1.231V
 262:../Libraries/iLLD/TC4xx/CpuGeneric/Port/Std/IfxPort.h ****  * FH corresponds to a value of 1.215V
 263:../Libraries/iLLD/TC4xx/CpuGeneric/Port/Std/IfxPort.h ****  */
 264:../Libraries/iLLD/TC4xx/CpuGeneric/Port/Std/IfxPort.h **** typedef enum
 265:../Libraries/iLLD/TC4xx/CpuGeneric/Port/Std/IfxPort.h **** {
 266:../Libraries/iLLD/TC4xx/CpuGeneric/Port/Std/IfxPort.h ****     IfxPort_BandgapTrimConfig_1P199V = 0,   /**< \brief The trimming value is zero. */
 267:../Libraries/iLLD/TC4xx/CpuGeneric/Port/Std/IfxPort.h ****     IfxPort_BandgapTrimConfig_1P184V = 1,   /**< \brief The trimming value is one. */
 268:../Libraries/iLLD/TC4xx/CpuGeneric/Port/Std/IfxPort.h ****     IfxPort_BandgapTrimConfig_1P168V = 2,   /**< \brief The trimming value is two. */
 269:../Libraries/iLLD/TC4xx/CpuGeneric/Port/Std/IfxPort.h ****     IfxPort_BandgapTrimConfig_1P153V = 3,   /**< \brief The trimming value is three. */
 270:../Libraries/iLLD/TC4xx/CpuGeneric/Port/Std/IfxPort.h ****     IfxPort_BandgapTrimConfig_1P139V = 4,   /**< \brief The trimming value is four. */
 271:../Libraries/iLLD/TC4xx/CpuGeneric/Port/Std/IfxPort.h ****     IfxPort_BandgapTrimConfig_1P125V = 5,   /**< \brief The trimming value is five. */
 272:../Libraries/iLLD/TC4xx/CpuGeneric/Port/Std/IfxPort.h ****     IfxPort_BandgapTrimConfig_1P112V = 6,   /**< \brief The trimming value is six. */
 273:../Libraries/iLLD/TC4xx/CpuGeneric/Port/Std/IfxPort.h ****     IfxPort_BandgapTrimConfig_1P098V = 7,   /**< \brief The trimming value is seven. */
 274:../Libraries/iLLD/TC4xx/CpuGeneric/Port/Std/IfxPort.h ****     IfxPort_BandgapTrimConfig_1P340V = 8,   /**< \brief The trimming value is eight. */
 275:../Libraries/iLLD/TC4xx/CpuGeneric/Port/Std/IfxPort.h ****     IfxPort_BandgapTrimConfig_1P321V = 9,   /**< \brief The trimming value is nine. */
 276:../Libraries/iLLD/TC4xx/CpuGeneric/Port/Std/IfxPort.h ****     IfxPort_BandgapTrimConfig_1P302V = 10,  /**< \brief The trimming value is ten. */
 277:../Libraries/iLLD/TC4xx/CpuGeneric/Port/Std/IfxPort.h ****     IfxPort_BandgapTrimConfig_1P283V = 11,  /**< \brief The trimming value is eleven. */
 278:../Libraries/iLLD/TC4xx/CpuGeneric/Port/Std/IfxPort.h ****     IfxPort_BandgapTrimConfig_1P266V = 12,  /**< \brief The trimming value is twelve. */
 279:../Libraries/iLLD/TC4xx/CpuGeneric/Port/Std/IfxPort.h ****     IfxPort_BandgapTrimConfig_1P248V = 13,  /**< \brief The trimming value is thirteen */
 280:../Libraries/iLLD/TC4xx/CpuGeneric/Port/Std/IfxPort.h ****     IfxPort_BandgapTrimConfig_1P231V = 14,  /**< \brief The trimming value is fourteen. */
 281:../Libraries/iLLD/TC4xx/CpuGeneric/Port/Std/IfxPort.h ****     IfxPort_BandgapTrimConfig_1P215V = 15   /**< \brief The trimming value is fifteen. */
 282:../Libraries/iLLD/TC4xx/CpuGeneric/Port/Std/IfxPort.h **** } IfxPort_BandgapTrimConfig;
 283:../Libraries/iLLD/TC4xx/CpuGeneric/Port/Std/IfxPort.h **** 
 284:../Libraries/iLLD/TC4xx/CpuGeneric/Port/Std/IfxPort.h **** #if defined(DEVICE_TC45X) || defined(DEVICE_TC46X) || defined(DEVICE_TC46XAA) || defined(DEVICE_TC4
 285:../Libraries/iLLD/TC4xx/CpuGeneric/Port/Std/IfxPort.h **** /** \brief configure the timer
 286:../Libraries/iLLD/TC4xx/CpuGeneric/Port/Std/IfxPort.h ****  */
 287:../Libraries/iLLD/TC4xx/CpuGeneric/Port/Std/IfxPort.h **** typedef enum
 288:../Libraries/iLLD/TC4xx/CpuGeneric/Port/Std/IfxPort.h **** {
 289:../Libraries/iLLD/TC4xx/CpuGeneric/Port/Std/IfxPort.h ****     IfxPort_BlankingTimerConfig_0ms = 0,  /**< \brief Corresponds to blanking time of 0 ms */
 290:../Libraries/iLLD/TC4xx/CpuGeneric/Port/Std/IfxPort.h ****     IfxPort_BlankingTimerConfig_2ms = 1,  /**< \brief Corresponds to blanking time of 2 ms */
 291:../Libraries/iLLD/TC4xx/CpuGeneric/Port/Std/IfxPort.h ****     IfxPort_BlankingTimerConfig_4ms = 2,  /**< \brief Corresponds to blanking time of 4 ms */
 292:../Libraries/iLLD/TC4xx/CpuGeneric/Port/Std/IfxPort.h ****     IfxPort_BlankingTimerConfig_7ms = 3   /**< \brief Corresponds to blanking time of 7 ms */
 293:../Libraries/iLLD/TC4xx/CpuGeneric/Port/Std/IfxPort.h **** } IfxPort_BlankingTimerConfig;
 294:../Libraries/iLLD/TC4xx/CpuGeneric/Port/Std/IfxPort.h **** #endif /* #if defined(DEVICE_TC45X) || defined(DEVICE_TC46X) || defined(DEVICE_TC46XAA) || defined(
 295:../Libraries/iLLD/TC4xx/CpuGeneric/Port/Std/IfxPort.h **** 
 296:../Libraries/iLLD/TC4xx/CpuGeneric/Port/Std/IfxPort.h **** /** \brief Emergency status Push-Pull level
 297:../Libraries/iLLD/TC4xx/CpuGeneric/Port/Std/IfxPort.h ****  */
 298:../Libraries/iLLD/TC4xx/CpuGeneric/Port/Std/IfxPort.h **** typedef enum
 299:../Libraries/iLLD/TC4xx/CpuGeneric/Port/Std/IfxPort.h **** {
 300:../Libraries/iLLD/TC4xx/CpuGeneric/Port/Std/IfxPort.h ****     IfxPort_EsrLevel_0 = 0,      /**< \brief ESR Level0  */
 301:../Libraries/iLLD/TC4xx/CpuGeneric/Port/Std/IfxPort.h ****     IfxPort_EsrLevel_1           /**< \brief ESR Level1  */
 302:../Libraries/iLLD/TC4xx/CpuGeneric/Port/Std/IfxPort.h **** } IfxPort_EsrLevel;
 303:../Libraries/iLLD/TC4xx/CpuGeneric/Port/Std/IfxPort.h **** 
 304:../Libraries/iLLD/TC4xx/CpuGeneric/Port/Std/IfxPort.h **** /** \brief Emergency status Pad configuration
 305:../Libraries/iLLD/TC4xx/CpuGeneric/Port/Std/IfxPort.h ****  */
 306:../Libraries/iLLD/TC4xx/CpuGeneric/Port/Std/IfxPort.h **** typedef enum
 307:../Libraries/iLLD/TC4xx/CpuGeneric/Port/Std/IfxPort.h **** {
 308:../Libraries/iLLD/TC4xx/CpuGeneric/Port/Std/IfxPort.h ****     IfxPort_EsrPadCfg_PP  = 0,  /**< \brief PAD in Push-PULL */
 309:../Libraries/iLLD/TC4xx/CpuGeneric/Port/Std/IfxPort.h ****     IfxPort_EsrPadCfg_TPU = 1,  /**< \brief Tristate, weak pull-up */
 310:../Libraries/iLLD/TC4xx/CpuGeneric/Port/Std/IfxPort.h ****     IfxPort_EsrPadCfg_TPD = 2   /**< \brief Tristate, weak pull-down */
 311:../Libraries/iLLD/TC4xx/CpuGeneric/Port/Std/IfxPort.h **** } IfxPort_EsrPadCfg;
 312:../Libraries/iLLD/TC4xx/CpuGeneric/Port/Std/IfxPort.h **** 
 313:../Libraries/iLLD/TC4xx/CpuGeneric/Port/Std/IfxPort.h **** /** \brief Enable/DIsable LVDS direction TX or RX
 314:../Libraries/iLLD/TC4xx/CpuGeneric/Port/Std/IfxPort.h ****  */
 315:../Libraries/iLLD/TC4xx/CpuGeneric/Port/Std/IfxPort.h **** typedef enum
 316:../Libraries/iLLD/TC4xx/CpuGeneric/Port/Std/IfxPort.h **** {
 317:../Libraries/iLLD/TC4xx/CpuGeneric/Port/Std/IfxPort.h ****     IfxPort_LvdsDirection_rx = 0,  /**< \brief LVDS direction RX */
 318:../Libraries/iLLD/TC4xx/CpuGeneric/Port/Std/IfxPort.h ****     IfxPort_LvdsDirection_tx = 1   /**< \brief LVDS direction TX */
 319:../Libraries/iLLD/TC4xx/CpuGeneric/Port/Std/IfxPort.h **** } IfxPort_LvdsDirection;
 320:../Libraries/iLLD/TC4xx/CpuGeneric/Port/Std/IfxPort.h **** 
 321:../Libraries/iLLD/TC4xx/CpuGeneric/Port/Std/IfxPort.h **** /** \brief Enable/DIsable LVDS Path.declared in MODULE_PORTx.LPCRx.TX_EN and MODULE_PORTx.LPCRx.RX_
 322:../Libraries/iLLD/TC4xx/CpuGeneric/Port/Std/IfxPort.h ****  */
 323:../Libraries/iLLD/TC4xx/CpuGeneric/Port/Std/IfxPort.h **** typedef enum
 324:../Libraries/iLLD/TC4xx/CpuGeneric/Port/Std/IfxPort.h **** {
 325:../Libraries/iLLD/TC4xx/CpuGeneric/Port/Std/IfxPort.h ****     IfxPort_LvdsPath_enable  = 0, /**< \brief LVDS enabled */
 326:../Libraries/iLLD/TC4xx/CpuGeneric/Port/Std/IfxPort.h ****     IfxPort_LvdsPath_disable = 1  /**< \brief LVDS disabled */
 327:../Libraries/iLLD/TC4xx/CpuGeneric/Port/Std/IfxPort.h **** } IfxPort_LvdsPath;
 328:../Libraries/iLLD/TC4xx/CpuGeneric/Port/Std/IfxPort.h **** 
 329:../Libraries/iLLD/TC4xx/CpuGeneric/Port/Std/IfxPort.h **** /** \brief Specifies whether LVDS pull down resistor must be enabled/disabled as declared in Regist
 330:../Libraries/iLLD/TC4xx/CpuGeneric/Port/Std/IfxPort.h ****  */
 331:../Libraries/iLLD/TC4xx/CpuGeneric/Port/Std/IfxPort.h **** typedef enum
 332:../Libraries/iLLD/TC4xx/CpuGeneric/Port/Std/IfxPort.h **** {
 333:../Libraries/iLLD/TC4xx/CpuGeneric/Port/Std/IfxPort.h ****     IfxPort_LvdsPullDown_disable = 0,  /**< \brief Disable Pull Down resistor */
 334:../Libraries/iLLD/TC4xx/CpuGeneric/Port/Std/IfxPort.h ****     IfxPort_LvdsPullDown_enable  = 1   /**< \brief Enable Pull Down resistor */
 335:../Libraries/iLLD/TC4xx/CpuGeneric/Port/Std/IfxPort.h **** } IfxPort_LvdsPullDown;
 336:../Libraries/iLLD/TC4xx/CpuGeneric/Port/Std/IfxPort.h **** 
 337:../Libraries/iLLD/TC4xx/CpuGeneric/Port/Std/IfxPort.h **** #if !defined(DEVICE_TC4PX) && !defined(DEVICE_TC4EX) && !defined(DEVICE_TC46X)
 338:../Libraries/iLLD/TC4xx/CpuGeneric/Port/Std/IfxPort.h **** /** \brief Specifies LVDS-Termination mode as declare in Register MODULE_PORT.LPCRx.TERM
 339:../Libraries/iLLD/TC4xx/CpuGeneric/Port/Std/IfxPort.h ****  */
 340:../Libraries/iLLD/TC4xx/CpuGeneric/Port/Std/IfxPort.h **** typedef enum
 341:../Libraries/iLLD/TC4xx/CpuGeneric/Port/Std/IfxPort.h **** {
 342:../Libraries/iLLD/TC4xx/CpuGeneric/Port/Std/IfxPort.h ****     IfxPort_LvdsTerminationMode_external = 0,  /**< \brief Termination Mode External */
 343:../Libraries/iLLD/TC4xx/CpuGeneric/Port/Std/IfxPort.h ****     IfxPort_LvdsTerminationMode_internal = 1   /**< \brief Termination Mode Internal */
 344:../Libraries/iLLD/TC4xx/CpuGeneric/Port/Std/IfxPort.h **** } IfxPort_LvdsTerminationMode;
 345:../Libraries/iLLD/TC4xx/CpuGeneric/Port/Std/IfxPort.h **** #endif /* #if !defined(DEVICE_TC4PX) && !defined(DEVICE_TC4EX) && !defined(DEVICE_TC46X) */
 346:../Libraries/iLLD/TC4xx/CpuGeneric/Port/Std/IfxPort.h **** 
 347:../Libraries/iLLD/TC4xx/CpuGeneric/Port/Std/IfxPort.h **** /** \brief Port Pad Access Groups
 348:../Libraries/iLLD/TC4xx/CpuGeneric/Port/Std/IfxPort.h ****  */
 349:../Libraries/iLLD/TC4xx/CpuGeneric/Port/Std/IfxPort.h **** typedef enum
 350:../Libraries/iLLD/TC4xx/CpuGeneric/Port/Std/IfxPort.h **** {
 351:../Libraries/iLLD/TC4xx/CpuGeneric/Port/Std/IfxPort.h ****     IfxPort_PadAccessGroup_PadAccessGroup0 = 0,  /**< \brief Pad Access Group 0 */
 352:../Libraries/iLLD/TC4xx/CpuGeneric/Port/Std/IfxPort.h ****     IfxPort_PadAccessGroup_PadAccessGroup1 = 1,  /**< \brief Pad Access Group 1 */
 353:../Libraries/iLLD/TC4xx/CpuGeneric/Port/Std/IfxPort.h ****     IfxPort_PadAccessGroup_PadAccessGroup2 = 2,  /**< \brief Pad Access Group 2 */
 354:../Libraries/iLLD/TC4xx/CpuGeneric/Port/Std/IfxPort.h ****     IfxPort_PadAccessGroup_PadAccessGroup3 = 3,  /**< \brief Pad Access Group 3 */
 355:../Libraries/iLLD/TC4xx/CpuGeneric/Port/Std/IfxPort.h ****     IfxPort_PadAccessGroup_PadAccessGroup4 = 4,  /**< \brief Pad Access Group 4 */
 356:../Libraries/iLLD/TC4xx/CpuGeneric/Port/Std/IfxPort.h ****     IfxPort_PadAccessGroup_PadAccessGroup5 = 5,  /**< \brief Pad Access Group 5 */
 357:../Libraries/iLLD/TC4xx/CpuGeneric/Port/Std/IfxPort.h ****     IfxPort_PadAccessGroup_PadAccessGroup6 = 6,  /**< \brief Pad Access Group 6 */
 358:../Libraries/iLLD/TC4xx/CpuGeneric/Port/Std/IfxPort.h ****     IfxPort_PadAccessGroup_PadAccessGroup7 = 7   /**< \brief Pad Access Group 7 */
 359:../Libraries/iLLD/TC4xx/CpuGeneric/Port/Std/IfxPort.h **** } IfxPort_PadAccessGroup;
 360:../Libraries/iLLD/TC4xx/CpuGeneric/Port/Std/IfxPort.h **** 
 361:../Libraries/iLLD/TC4xx/CpuGeneric/Port/Std/IfxPort.h **** /** \brief Pad driver mode definition (strength and slew rate).
 362:../Libraries/iLLD/TC4xx/CpuGeneric/Port/Std/IfxPort.h ****  * Note: The enum is as per the DS
 363:../Libraries/iLLD/TC4xx/CpuGeneric/Port/Std/IfxPort.h ****  *
 364:../Libraries/iLLD/TC4xx/CpuGeneric/Port/Std/IfxPort.h ****  * \see Ifx_P.PADCFG.DRVCFG, IfxPort_setPinPadDriver()
 365:../Libraries/iLLD/TC4xx/CpuGeneric/Port/Std/IfxPort.h ****  */
 366:../Libraries/iLLD/TC4xx/CpuGeneric/Port/Std/IfxPort.h **** typedef enum
 367:../Libraries/iLLD/TC4xx/CpuGeneric/Port/Std/IfxPort.h **** {
 368:../Libraries/iLLD/TC4xx/CpuGeneric/Port/Std/IfxPort.h ****     IfxPort_PadDriver_cmosAutomotiveSpeed1 = (0 << 3) | (0 << 0),  /**< \brief Speed grade 1. */
 369:../Libraries/iLLD/TC4xx/CpuGeneric/Port/Std/IfxPort.h ****     IfxPort_PadDriver_cmosAutomotiveSpeed2 = (0 << 3) | (1 << 0),  /**< \brief Speed grade 2. */
 370:../Libraries/iLLD/TC4xx/CpuGeneric/Port/Std/IfxPort.h ****     IfxPort_PadDriver_cmosAutomotiveSpeed3 = (0 << 3) | (2 << 0),  /**< \brief Speed grade 3. */
 371:../Libraries/iLLD/TC4xx/CpuGeneric/Port/Std/IfxPort.h ****     IfxPort_PadDriver_ttlSpeed1            = (2 << 3) | (0 << 0),  /**< \brief Speed grade 1. */
 372:../Libraries/iLLD/TC4xx/CpuGeneric/Port/Std/IfxPort.h ****     IfxPort_PadDriver_ttlSpeed2            = (2 << 3) | (1 << 0),  /**< \brief Speed grade 2. */
 373:../Libraries/iLLD/TC4xx/CpuGeneric/Port/Std/IfxPort.h ****     IfxPort_PadDriver_ttlSpeed3            = (2 << 3) | (2 << 0),  /**< \brief Speed grade 3. */
 374:../Libraries/iLLD/TC4xx/CpuGeneric/Port/Std/IfxPort.h ****     IfxPort_PadDriver_ttl3v3Speed1         = (3 << 3) | (0 << 0),  /**< \brief ttl3v3Speed1. */
 375:../Libraries/iLLD/TC4xx/CpuGeneric/Port/Std/IfxPort.h ****     IfxPort_PadDriver_ttl3v3Speed2         = (3 << 3) | (1 << 0),  /**< \brief ttl3v3Speed2. */
 376:../Libraries/iLLD/TC4xx/CpuGeneric/Port/Std/IfxPort.h ****     IfxPort_PadDriver_ttl3v3Speed3         = (3 << 3) | (2 << 0)   /**< \brief ttl3v3Speed3. */
 377:../Libraries/iLLD/TC4xx/CpuGeneric/Port/Std/IfxPort.h **** } IfxPort_PadDriver;
 378:../Libraries/iLLD/TC4xx/CpuGeneric/Port/Std/IfxPort.h **** 
 379:../Libraries/iLLD/TC4xx/CpuGeneric/Port/Std/IfxPort.h **** /******************************************************************************/
 380:../Libraries/iLLD/TC4xx/CpuGeneric/Port/Std/IfxPort.h **** /*-----------------------------Data Structures--------------------------------*/
 381:../Libraries/iLLD/TC4xx/CpuGeneric/Port/Std/IfxPort.h **** /******************************************************************************/
 382:../Libraries/iLLD/TC4xx/CpuGeneric/Port/Std/IfxPort.h **** 
 383:../Libraries/iLLD/TC4xx/CpuGeneric/Port/Std/IfxPort.h **** /** \brief Configuration to map a specific pin to a APU group
 384:../Libraries/iLLD/TC4xx/CpuGeneric/Port/Std/IfxPort.h ****  */
 385:../Libraries/iLLD/TC4xx/CpuGeneric/Port/Std/IfxPort.h **** typedef struct
 386:../Libraries/iLLD/TC4xx/CpuGeneric/Port/Std/IfxPort.h **** {
 387:../Libraries/iLLD/TC4xx/CpuGeneric/Port/Std/IfxPort.h ****     uint8 pinIndex;       /**< \brief Pin index number. Range:0 to 15. */
 388:../Libraries/iLLD/TC4xx/CpuGeneric/Port/Std/IfxPort.h ****     uint8 grpNum;         /**< \brief The APU group number to which the pin is mapped to. Range: 0 
 389:../Libraries/iLLD/TC4xx/CpuGeneric/Port/Std/IfxPort.h **** } IfxPort_Pin_ApuConfig;
 390:../Libraries/iLLD/TC4xx/CpuGeneric/Port/Std/IfxPort.h **** 
 391:../Libraries/iLLD/TC4xx/CpuGeneric/Port/Std/IfxPort.h **** /** \addtogroup IfxLld_Port_Std_DataStructures
 392:../Libraries/iLLD/TC4xx/CpuGeneric/Port/Std/IfxPort.h ****  * \{ */
 393:../Libraries/iLLD/TC4xx/CpuGeneric/Port/Std/IfxPort.h **** /** \brief To Configure LVDS mode
 394:../Libraries/iLLD/TC4xx/CpuGeneric/Port/Std/IfxPort.h ****  */
 395:../Libraries/iLLD/TC4xx/CpuGeneric/Port/Std/IfxPort.h **** typedef struct
 396:../Libraries/iLLD/TC4xx/CpuGeneric/Port/Std/IfxPort.h **** {
 397:../Libraries/iLLD/TC4xx/CpuGeneric/Port/Std/IfxPort.h **** #if !defined(DEVICE_TC4PX) && !defined(DEVICE_TC4EX)  && !defined(DEVICE_TC46X)
 398:../Libraries/iLLD/TC4xx/CpuGeneric/Port/Std/IfxPort.h ****     IfxPort_LvdsMode     lvdsMode;                   /**< \brief specifies LVDS-M or LVDS-H mode */
 399:../Libraries/iLLD/TC4xx/CpuGeneric/Port/Std/IfxPort.h **** #endif /* #if !defined(DEVICE_TC4PX) && !defined(DEVICE_TC4EX) */
 400:../Libraries/iLLD/TC4xx/CpuGeneric/Port/Std/IfxPort.h ****     IfxPort_ControlledBy enablePortControlled;       /**< \brief specifies whether LVDS is controll
 401:../Libraries/iLLD/TC4xx/CpuGeneric/Port/Std/IfxPort.h ****     IfxPort_PadSupply    padSupply;                  /**< \brief specify supply voltage */
 402:../Libraries/iLLD/TC4xx/CpuGeneric/Port/Std/IfxPort.h **** #if !defined(DEVICE_TC4PX) && !defined(DEVICE_TC4EX)  && !defined(DEVICE_TC46X)
 403:../Libraries/iLLD/TC4xx/CpuGeneric/Port/Std/IfxPort.h ****     IfxPort_LvdsTerm     lvdsTerm;                   /**< \brief specifies external or internal LVD
 404:../Libraries/iLLD/TC4xx/CpuGeneric/Port/Std/IfxPort.h **** #endif /* #if !defined(DEVICE_TC4PX) && !defined(DEVICE_TC4EX)  && !defined(DEVICE_TC46X)*/
 405:../Libraries/iLLD/TC4xx/CpuGeneric/Port/Std/IfxPort.h **** } IfxPort_LvdsConfig;
 406:../Libraries/iLLD/TC4xx/CpuGeneric/Port/Std/IfxPort.h **** 
 407:../Libraries/iLLD/TC4xx/CpuGeneric/Port/Std/IfxPort.h **** /** \brief Defines a pin
 408:../Libraries/iLLD/TC4xx/CpuGeneric/Port/Std/IfxPort.h ****  */
 409:../Libraries/iLLD/TC4xx/CpuGeneric/Port/Std/IfxPort.h **** typedef struct
 410:../Libraries/iLLD/TC4xx/CpuGeneric/Port/Std/IfxPort.h **** {
 411:../Libraries/iLLD/TC4xx/CpuGeneric/Port/Std/IfxPort.h ****     Ifx_P *port;        /**< \brief Specifies the pointer to port registers. */
 412:../Libraries/iLLD/TC4xx/CpuGeneric/Port/Std/IfxPort.h ****     uint8  pinIndex;    /**< \brief specifies pinIndex. Range:0 to 15. */
 413:../Libraries/iLLD/TC4xx/CpuGeneric/Port/Std/IfxPort.h **** } IfxPort_Pin;
 414:../Libraries/iLLD/TC4xx/CpuGeneric/Port/Std/IfxPort.h **** 
 415:../Libraries/iLLD/TC4xx/CpuGeneric/Port/Std/IfxPort.h **** /** \brief To configure pins
 416:../Libraries/iLLD/TC4xx/CpuGeneric/Port/Std/IfxPort.h ****  */
 417:../Libraries/iLLD/TC4xx/CpuGeneric/Port/Std/IfxPort.h **** typedef struct
 418:../Libraries/iLLD/TC4xx/CpuGeneric/Port/Std/IfxPort.h **** {
 419:../Libraries/iLLD/TC4xx/CpuGeneric/Port/Std/IfxPort.h ****     Ifx_P            *port;       /**< \brief Specifies the pointer to port registers. */
 420:../Libraries/iLLD/TC4xx/CpuGeneric/Port/Std/IfxPort.h ****     uint8             pinIndex;   /**< \brief specifies pinIndex. Range:0 to 15. */
 421:../Libraries/iLLD/TC4xx/CpuGeneric/Port/Std/IfxPort.h ****     IfxPort_OutputIdx mode;       /**< \brief Pin output alternate index. */
 422:../Libraries/iLLD/TC4xx/CpuGeneric/Port/Std/IfxPort.h ****     IfxPort_PadDriver padDriver;  /**< \brief Pad driver mode. */
 423:../Libraries/iLLD/TC4xx/CpuGeneric/Port/Std/IfxPort.h **** } IfxPort_Pin_Config;
 424:../Libraries/iLLD/TC4xx/CpuGeneric/Port/Std/IfxPort.h **** 
 425:../Libraries/iLLD/TC4xx/CpuGeneric/Port/Std/IfxPort.h **** /** \} */
 426:../Libraries/iLLD/TC4xx/CpuGeneric/Port/Std/IfxPort.h **** 
 427:../Libraries/iLLD/TC4xx/CpuGeneric/Port/Std/IfxPort.h **** /** \brief APU Configuration
 428:../Libraries/iLLD/TC4xx/CpuGeneric/Port/Std/IfxPort.h ****  */
 429:../Libraries/iLLD/TC4xx/CpuGeneric/Port/Std/IfxPort.h **** typedef struct
 430:../Libraries/iLLD/TC4xx/CpuGeneric/Port/Std/IfxPort.h **** {
 431:../Libraries/iLLD/TC4xx/CpuGeneric/Port/Std/IfxPort.h ****     IfxApApu_ApuConfig apuConfig;       /**< \brief APU Configurations */
 432:../Libraries/iLLD/TC4xx/CpuGeneric/Port/Std/IfxPort.h ****     uint8              grpNum;          /**< \brief The APU group number to which the pin is mapped
 433:../Libraries/iLLD/TC4xx/CpuGeneric/Port/Std/IfxPort.h **** } IfxPort_ApuConfig;
 434:../Libraries/iLLD/TC4xx/CpuGeneric/Port/Std/IfxPort.h **** 
 435:../Libraries/iLLD/TC4xx/CpuGeneric/Port/Std/IfxPort.h **** /** \brief APU configurations for All the APU groups
 436:../Libraries/iLLD/TC4xx/CpuGeneric/Port/Std/IfxPort.h ****  * And mapping from a pin to a specific APU group
 437:../Libraries/iLLD/TC4xx/CpuGeneric/Port/Std/IfxPort.h ****  */
 438:../Libraries/iLLD/TC4xx/CpuGeneric/Port/Std/IfxPort.h **** typedef struct
 439:../Libraries/iLLD/TC4xx/CpuGeneric/Port/Std/IfxPort.h **** {
 440:../Libraries/iLLD/TC4xx/CpuGeneric/Port/Std/IfxPort.h ****     IfxApApu_ApuConfig    apuConfig[IFXPORT_NUM_APU];       /**< \brief APU Configurations for all 
 441:../Libraries/iLLD/TC4xx/CpuGeneric/Port/Std/IfxPort.h ****     IfxPort_Pin_ApuConfig pinConfig[IFXPORT_NUM_PINS];      /**< \brief Configuration to map a spec
 442:../Libraries/iLLD/TC4xx/CpuGeneric/Port/Std/IfxPort.h **** } IfxPort_ApuGroupConfig;
 443:../Libraries/iLLD/TC4xx/CpuGeneric/Port/Std/IfxPort.h **** 
 444:../Libraries/iLLD/TC4xx/CpuGeneric/Port/Std/IfxPort.h **** /** \brief PROT Configuration
 445:../Libraries/iLLD/TC4xx/CpuGeneric/Port/Std/IfxPort.h ****  */
 446:../Libraries/iLLD/TC4xx/CpuGeneric/Port/Std/IfxPort.h **** typedef struct
 447:../Libraries/iLLD/TC4xx/CpuGeneric/Port/Std/IfxPort.h **** {
 448:../Libraries/iLLD/TC4xx/CpuGeneric/Port/Std/IfxPort.h ****     IfxApProt_ProtConfig protseConfig;        /**< \brief PROT SE Configurations */
 449:../Libraries/iLLD/TC4xx/CpuGeneric/Port/Std/IfxPort.h **** } IfxPort_ProtConfig;
 450:../Libraries/iLLD/TC4xx/CpuGeneric/Port/Std/IfxPort.h **** 
 451:../Libraries/iLLD/TC4xx/CpuGeneric/Port/Std/IfxPort.h **** /** \addtogroup IfxLld_Port_Std_SinglePin
 452:../Libraries/iLLD/TC4xx/CpuGeneric/Port/Std/IfxPort.h ****  * \{ */
 453:../Libraries/iLLD/TC4xx/CpuGeneric/Port/Std/IfxPort.h **** 
 454:../Libraries/iLLD/TC4xx/CpuGeneric/Port/Std/IfxPort.h **** /******************************************************************************/
 455:../Libraries/iLLD/TC4xx/CpuGeneric/Port/Std/IfxPort.h **** /*-------------------------Inline Function Prototypes-------------------------*/
 456:../Libraries/iLLD/TC4xx/CpuGeneric/Port/Std/IfxPort.h **** /******************************************************************************/
 457:../Libraries/iLLD/TC4xx/CpuGeneric/Port/Std/IfxPort.h **** 
 458:../Libraries/iLLD/TC4xx/CpuGeneric/Port/Std/IfxPort.h **** /** \brief Return the port state.
 459:../Libraries/iLLD/TC4xx/CpuGeneric/Port/Std/IfxPort.h ****  *
 460:../Libraries/iLLD/TC4xx/CpuGeneric/Port/Std/IfxPort.h ****  * \param[in] port     Pointer to the port which should be accessed.
 461:../Libraries/iLLD/TC4xx/CpuGeneric/Port/Std/IfxPort.h ****  * \param[in] pinIndex Specifies the pin for which the state should be returned. Range: 0 to 15.
 462:../Libraries/iLLD/TC4xx/CpuGeneric/Port/Std/IfxPort.h ****  *
 463:../Libraries/iLLD/TC4xx/CpuGeneric/Port/Std/IfxPort.h ****  * \retval TRUE If the pin is high.
 464:../Libraries/iLLD/TC4xx/CpuGeneric/Port/Std/IfxPort.h ****  *         FALSE If the pin is low.
 465:../Libraries/iLLD/TC4xx/CpuGeneric/Port/Std/IfxPort.h ****  *
 466:../Libraries/iLLD/TC4xx/CpuGeneric/Port/Std/IfxPort.h ****  * Coding example:
 467:../Libraries/iLLD/TC4xx/CpuGeneric/Port/Std/IfxPort.h ****  * \code
 468:../Libraries/iLLD/TC4xx/CpuGeneric/Port/Std/IfxPort.h ****  *    if( IfxPort_getPinState(&MODULE_P33, 0) ) {
 469:../Libraries/iLLD/TC4xx/CpuGeneric/Port/Std/IfxPort.h ****  *      // ...
 470:../Libraries/iLLD/TC4xx/CpuGeneric/Port/Std/IfxPort.h ****  *    }
 471:../Libraries/iLLD/TC4xx/CpuGeneric/Port/Std/IfxPort.h ****  * \endcode
 472:../Libraries/iLLD/TC4xx/CpuGeneric/Port/Std/IfxPort.h ****  *
 473:../Libraries/iLLD/TC4xx/CpuGeneric/Port/Std/IfxPort.h ****  */
 474:../Libraries/iLLD/TC4xx/CpuGeneric/Port/Std/IfxPort.h **** IFX_INLINE boolean IfxPort_getPinState(Ifx_P *port, uint8 pinIndex);
 475:../Libraries/iLLD/TC4xx/CpuGeneric/Port/Std/IfxPort.h **** 
 476:../Libraries/iLLD/TC4xx/CpuGeneric/Port/Std/IfxPort.h **** /** \brief Set analog/digital mode for pin.
 477:../Libraries/iLLD/TC4xx/CpuGeneric/Port/Std/IfxPort.h ****  *
 478:../Libraries/iLLD/TC4xx/CpuGeneric/Port/Std/IfxPort.h ****  * \param[inout] port     Pointer to Port register space.
 479:../Libraries/iLLD/TC4xx/CpuGeneric/Port/Std/IfxPort.h ****  * \param[in]    pinIndex Specifies the pin index. Range: 0 to 15.
 480:../Libraries/iLLD/TC4xx/CpuGeneric/Port/Std/IfxPort.h ****  * \param[in]    mode set Analog/digital mode. Range: \ref IfxPort_PinFunctionMode.
 481:../Libraries/iLLD/TC4xx/CpuGeneric/Port/Std/IfxPort.h ****  *
 482:../Libraries/iLLD/TC4xx/CpuGeneric/Port/Std/IfxPort.h ****  * \retval None
 483:../Libraries/iLLD/TC4xx/CpuGeneric/Port/Std/IfxPort.h ****  */
 484:../Libraries/iLLD/TC4xx/CpuGeneric/Port/Std/IfxPort.h **** IFX_INLINE void IfxPort_setPinFunctionMode(Ifx_P *port, uint8 pinIndex, IfxPort_PinFunctionMode mod
 485:../Libraries/iLLD/TC4xx/CpuGeneric/Port/Std/IfxPort.h **** 
 486:../Libraries/iLLD/TC4xx/CpuGeneric/Port/Std/IfxPort.h **** /** \brief Set the port output.
 487:../Libraries/iLLD/TC4xx/CpuGeneric/Port/Std/IfxPort.h ****  *
 488:../Libraries/iLLD/TC4xx/CpuGeneric/Port/Std/IfxPort.h ****  * \param[inout] port     Pointer to the port which should be accessed.
 489:../Libraries/iLLD/TC4xx/CpuGeneric/Port/Std/IfxPort.h ****  * \param[in]    pinIndex Specifies the pin to be set. Range: 0 to 15.
 490:../Libraries/iLLD/TC4xx/CpuGeneric/Port/Std/IfxPort.h ****  *
 491:../Libraries/iLLD/TC4xx/CpuGeneric/Port/Std/IfxPort.h ****  * \retval None
 492:../Libraries/iLLD/TC4xx/CpuGeneric/Port/Std/IfxPort.h ****  *
 493:../Libraries/iLLD/TC4xx/CpuGeneric/Port/Std/IfxPort.h ****  * Coding example:
 494:../Libraries/iLLD/TC4xx/CpuGeneric/Port/Std/IfxPort.h ****  * \code
 495:../Libraries/iLLD/TC4xx/CpuGeneric/Port/Std/IfxPort.h ****  * IfxPort_setPinHigh(&MODULE_P33, 0);
 496:../Libraries/iLLD/TC4xx/CpuGeneric/Port/Std/IfxPort.h ****  * \endcode
 497:../Libraries/iLLD/TC4xx/CpuGeneric/Port/Std/IfxPort.h ****  *
 498:../Libraries/iLLD/TC4xx/CpuGeneric/Port/Std/IfxPort.h ****  * \see IfxPort_setPinState(), IfxPort_setPinLow(), IfxPort_togglePin()
 499:../Libraries/iLLD/TC4xx/CpuGeneric/Port/Std/IfxPort.h ****  *
 500:../Libraries/iLLD/TC4xx/CpuGeneric/Port/Std/IfxPort.h ****  */
 501:../Libraries/iLLD/TC4xx/CpuGeneric/Port/Std/IfxPort.h **** IFX_INLINE void IfxPort_setPinHigh(Ifx_P *port, uint8 pinIndex);
 502:../Libraries/iLLD/TC4xx/CpuGeneric/Port/Std/IfxPort.h **** 
 503:../Libraries/iLLD/TC4xx/CpuGeneric/Port/Std/IfxPort.h **** /** \brief Reset the port output.
 504:../Libraries/iLLD/TC4xx/CpuGeneric/Port/Std/IfxPort.h ****  *
 505:../Libraries/iLLD/TC4xx/CpuGeneric/Port/Std/IfxPort.h ****  * \param[inout] port     Pointer to the port which should be accessed.
 506:../Libraries/iLLD/TC4xx/CpuGeneric/Port/Std/IfxPort.h ****  * \param[in]    pinIndex Specifies the pin to be reset. Range: 0 to 15.
 507:../Libraries/iLLD/TC4xx/CpuGeneric/Port/Std/IfxPort.h ****  *
 508:../Libraries/iLLD/TC4xx/CpuGeneric/Port/Std/IfxPort.h ****  * \retval None
 509:../Libraries/iLLD/TC4xx/CpuGeneric/Port/Std/IfxPort.h ****  *
 510:../Libraries/iLLD/TC4xx/CpuGeneric/Port/Std/IfxPort.h ****  * Coding example:
 511:../Libraries/iLLD/TC4xx/CpuGeneric/Port/Std/IfxPort.h ****  * \code
 512:../Libraries/iLLD/TC4xx/CpuGeneric/Port/Std/IfxPort.h ****  * IfxPort_setPinLow(&MODULE_P33, 0);
 513:../Libraries/iLLD/TC4xx/CpuGeneric/Port/Std/IfxPort.h ****  * \endcode
 514:../Libraries/iLLD/TC4xx/CpuGeneric/Port/Std/IfxPort.h ****  *
 515:../Libraries/iLLD/TC4xx/CpuGeneric/Port/Std/IfxPort.h ****  * \see IfxPort_setPinState(), IfxPort_setPinHigh(), IfxPort_togglePin()
 516:../Libraries/iLLD/TC4xx/CpuGeneric/Port/Std/IfxPort.h ****  *
 517:../Libraries/iLLD/TC4xx/CpuGeneric/Port/Std/IfxPort.h ****  */
 518:../Libraries/iLLD/TC4xx/CpuGeneric/Port/Std/IfxPort.h **** IFX_INLINE void IfxPort_setPinLow(Ifx_P *port, uint8 pinIndex);
 519:../Libraries/iLLD/TC4xx/CpuGeneric/Port/Std/IfxPort.h **** 
 520:../Libraries/iLLD/TC4xx/CpuGeneric/Port/Std/IfxPort.h **** /** \brief Configure the port input / output mode.
 521:../Libraries/iLLD/TC4xx/CpuGeneric/Port/Std/IfxPort.h ****  *
 522:../Libraries/iLLD/TC4xx/CpuGeneric/Port/Std/IfxPort.h ****  * \param[inout] port     Pointer to the port which should be accessed.
 523:../Libraries/iLLD/TC4xx/CpuGeneric/Port/Std/IfxPort.h ****  * \param[in]    pinIndex Specifies the pin to be configured. Range: 0 to 15.
 524:../Libraries/iLLD/TC4xx/CpuGeneric/Port/Std/IfxPort.h ****  * \param[in]    mode     Specifies the port pin mode. Range: \ref IfxPort_InputMode.
 525:../Libraries/iLLD/TC4xx/CpuGeneric/Port/Std/IfxPort.h ****  *
 526:../Libraries/iLLD/TC4xx/CpuGeneric/Port/Std/IfxPort.h ****  * \retval None
 527:../Libraries/iLLD/TC4xx/CpuGeneric/Port/Std/IfxPort.h ****  *
 528:../Libraries/iLLD/TC4xx/CpuGeneric/Port/Std/IfxPort.h ****  * Coding example:
 529:../Libraries/iLLD/TC4xx/CpuGeneric/Port/Std/IfxPort.h ****  * \code
 530:../Libraries/iLLD/TC4xx/CpuGeneric/Port/Std/IfxPort.h ****  *     IfxPort_setPinModeInput(&MODULE_P33, 0, IfxPort_InputMode_pullUp);
 531:../Libraries/iLLD/TC4xx/CpuGeneric/Port/Std/IfxPort.h ****  * \endcode
 532:../Libraries/iLLD/TC4xx/CpuGeneric/Port/Std/IfxPort.h ****  *
 533:../Libraries/iLLD/TC4xx/CpuGeneric/Port/Std/IfxPort.h ****  */
 534:../Libraries/iLLD/TC4xx/CpuGeneric/Port/Std/IfxPort.h **** IFX_INLINE void IfxPort_setPinModeInput(Ifx_P *port, uint8 pinIndex, IfxPort_InputMode mode);
 535:../Libraries/iLLD/TC4xx/CpuGeneric/Port/Std/IfxPort.h **** 
 536:../Libraries/iLLD/TC4xx/CpuGeneric/Port/Std/IfxPort.h **** /** \brief Configure the port input / output mode.
 537:../Libraries/iLLD/TC4xx/CpuGeneric/Port/Std/IfxPort.h ****  *
 538:../Libraries/iLLD/TC4xx/CpuGeneric/Port/Std/IfxPort.h ****  * \param[inout] port     Pointer to the port which should be accessed.
 539:../Libraries/iLLD/TC4xx/CpuGeneric/Port/Std/IfxPort.h ****  * \param[in]    pinIndex Specifies the pin to be configured. Range: 0 to 15.
 540:../Libraries/iLLD/TC4xx/CpuGeneric/Port/Std/IfxPort.h ****  * \param[in]    mode     Specifies the port pin mode. Range: \ref IfxPort_OutputMode.
 541:../Libraries/iLLD/TC4xx/CpuGeneric/Port/Std/IfxPort.h ****  * \param[in]    index    Specifies the alternate (or general purpose) output channel. Range: \ref 
 542:../Libraries/iLLD/TC4xx/CpuGeneric/Port/Std/IfxPort.h ****  *
 543:../Libraries/iLLD/TC4xx/CpuGeneric/Port/Std/IfxPort.h ****  * \retval None
 544:../Libraries/iLLD/TC4xx/CpuGeneric/Port/Std/IfxPort.h ****  *
 545:../Libraries/iLLD/TC4xx/CpuGeneric/Port/Std/IfxPort.h ****  * Coding example:
 546:../Libraries/iLLD/TC4xx/CpuGeneric/Port/Std/IfxPort.h ****  * \code
 547:../Libraries/iLLD/TC4xx/CpuGeneric/Port/Std/IfxPort.h ****  *     IfxPort_setPinModeOutput(&MODULE_P33, 0, IfxPort_OutputMode_pushPull, IfxPort_OutputIdx_gene
 548:../Libraries/iLLD/TC4xx/CpuGeneric/Port/Std/IfxPort.h ****  * \endcode
 549:../Libraries/iLLD/TC4xx/CpuGeneric/Port/Std/IfxPort.h ****  *
 550:../Libraries/iLLD/TC4xx/CpuGeneric/Port/Std/IfxPort.h ****  */
 551:../Libraries/iLLD/TC4xx/CpuGeneric/Port/Std/IfxPort.h **** IFX_INLINE void IfxPort_setPinModeOutput(Ifx_P *port, uint8 pinIndex, IfxPort_OutputMode mode, IfxP
 552:../Libraries/iLLD/TC4xx/CpuGeneric/Port/Std/IfxPort.h **** 
 553:../Libraries/iLLD/TC4xx/CpuGeneric/Port/Std/IfxPort.h **** /** \brief Set / Resets / Toggle the port output.
 554:../Libraries/iLLD/TC4xx/CpuGeneric/Port/Std/IfxPort.h ****  *
 555:../Libraries/iLLD/TC4xx/CpuGeneric/Port/Std/IfxPort.h ****  * \param[inout] port     Pointer to the port which should be accessed.
 556:../Libraries/iLLD/TC4xx/CpuGeneric/Port/Std/IfxPort.h ****  * \param[in]    pinIndex Specifies the pin to modify. Range: 0 to 15.
 557:../Libraries/iLLD/TC4xx/CpuGeneric/Port/Std/IfxPort.h ****  * \param[in]    action   Specifies the action: set, reset, toggle. Range: \ref IfxPort_State.
 558:../Libraries/iLLD/TC4xx/CpuGeneric/Port/Std/IfxPort.h ****  *
 559:../Libraries/iLLD/TC4xx/CpuGeneric/Port/Std/IfxPort.h ****  * \retval None
 560:../Libraries/iLLD/TC4xx/CpuGeneric/Port/Std/IfxPort.h ****  *
 561:../Libraries/iLLD/TC4xx/CpuGeneric/Port/Std/IfxPort.h ****  * Coding example:
 562:../Libraries/iLLD/TC4xx/CpuGeneric/Port/Std/IfxPort.h ****  * \code
 563:../Libraries/iLLD/TC4xx/CpuGeneric/Port/Std/IfxPort.h ****  * IfxPort_setPinState(&MODULE_P33, 0, IfxPort_State_toggled);
 564:../Libraries/iLLD/TC4xx/CpuGeneric/Port/Std/IfxPort.h ****  * IfxPort_setPinState(&MODULE_P33, 0, IfxPort_State_toggled);
 565:../Libraries/iLLD/TC4xx/CpuGeneric/Port/Std/IfxPort.h ****  * IfxPort_setPinState(&MODULE_P33, 0, IfxPort_State_toggled);
 566:../Libraries/iLLD/TC4xx/CpuGeneric/Port/Std/IfxPort.h ****  * \endcode
 567:../Libraries/iLLD/TC4xx/CpuGeneric/Port/Std/IfxPort.h ****  *
 568:../Libraries/iLLD/TC4xx/CpuGeneric/Port/Std/IfxPort.h ****  */
 569:../Libraries/iLLD/TC4xx/CpuGeneric/Port/Std/IfxPort.h **** IFX_INLINE void IfxPort_setPinState(Ifx_P *port, uint8 pinIndex, IfxPort_State action);
 570:../Libraries/iLLD/TC4xx/CpuGeneric/Port/Std/IfxPort.h **** 
 571:../Libraries/iLLD/TC4xx/CpuGeneric/Port/Std/IfxPort.h **** /** \brief Toggle the port output.
 572:../Libraries/iLLD/TC4xx/CpuGeneric/Port/Std/IfxPort.h ****  *
 573:../Libraries/iLLD/TC4xx/CpuGeneric/Port/Std/IfxPort.h ****  * \param[inout] port     Pointer to the port which should be accessed.
 574:../Libraries/iLLD/TC4xx/CpuGeneric/Port/Std/IfxPort.h ****  * \param[in]    pinIndex Specifies the pin to be toggled. Range: 0 to 15.
 575:../Libraries/iLLD/TC4xx/CpuGeneric/Port/Std/IfxPort.h ****  *
 576:../Libraries/iLLD/TC4xx/CpuGeneric/Port/Std/IfxPort.h ****  * \retval None
 577:../Libraries/iLLD/TC4xx/CpuGeneric/Port/Std/IfxPort.h ****  *
 578:../Libraries/iLLD/TC4xx/CpuGeneric/Port/Std/IfxPort.h ****  * Coding example:
 579:../Libraries/iLLD/TC4xx/CpuGeneric/Port/Std/IfxPort.h ****  * \code
 580:../Libraries/iLLD/TC4xx/CpuGeneric/Port/Std/IfxPort.h ****  * IfxPort_togglePin(&MODULE_P33, 0);
 581:../Libraries/iLLD/TC4xx/CpuGeneric/Port/Std/IfxPort.h ****  * \endcode
 582:../Libraries/iLLD/TC4xx/CpuGeneric/Port/Std/IfxPort.h ****  *
 583:../Libraries/iLLD/TC4xx/CpuGeneric/Port/Std/IfxPort.h ****  * \see IfxPort_setPinState(), IfxPort_setPinLow(), IfxPort_setPinHigh()
 584:../Libraries/iLLD/TC4xx/CpuGeneric/Port/Std/IfxPort.h ****  *
 585:../Libraries/iLLD/TC4xx/CpuGeneric/Port/Std/IfxPort.h ****  */
 586:../Libraries/iLLD/TC4xx/CpuGeneric/Port/Std/IfxPort.h **** IFX_INLINE void IfxPort_togglePin(Ifx_P *port, uint8 pinIndex);
 587:../Libraries/iLLD/TC4xx/CpuGeneric/Port/Std/IfxPort.h **** 
 588:../Libraries/iLLD/TC4xx/CpuGeneric/Port/Std/IfxPort.h **** #if !defined(DEVICE_TC4PX) && !defined(DEVICE_TC4EX) && !defined(DEVICE_TC46X)
 589:../Libraries/iLLD/TC4xx/CpuGeneric/Port/Std/IfxPort.h **** /** \brief Select the reduced frequency mode LVDS-M/LVDS-H.
 590:../Libraries/iLLD/TC4xx/CpuGeneric/Port/Std/IfxPort.h ****  *
 591:../Libraries/iLLD/TC4xx/CpuGeneric/Port/Std/IfxPort.h ****  * \param[inout] port     Pointer to Port Register space.
 592:../Libraries/iLLD/TC4xx/CpuGeneric/Port/Std/IfxPort.h ****  * \param[in]    pinIndex Specifies pin index. Range: 0 to 15.
 593:../Libraries/iLLD/TC4xx/CpuGeneric/Port/Std/IfxPort.h ****  * \param[in]    lvdsMode Specifies the LVDS mode. Range: \ref IfxPort_LvdsMode.
 594:../Libraries/iLLD/TC4xx/CpuGeneric/Port/Std/IfxPort.h ****  *
 595:../Libraries/iLLD/TC4xx/CpuGeneric/Port/Std/IfxPort.h ****  * \retval None
 596:../Libraries/iLLD/TC4xx/CpuGeneric/Port/Std/IfxPort.h ****  */
 597:../Libraries/iLLD/TC4xx/CpuGeneric/Port/Std/IfxPort.h **** IFX_INLINE void IfxPort_setPinLVDS(Ifx_P *port, uint8 pinIndex, IfxPort_LvdsMode lvdsMode);
 598:../Libraries/iLLD/TC4xx/CpuGeneric/Port/Std/IfxPort.h **** 
 599:../Libraries/iLLD/TC4xx/CpuGeneric/Port/Std/IfxPort.h **** /** \brief Returns the configured reduced frequency mode LVDS-M/LVDS-H.
 600:../Libraries/iLLD/TC4xx/CpuGeneric/Port/Std/IfxPort.h ****  *
 601:../Libraries/iLLD/TC4xx/CpuGeneric/Port/Std/IfxPort.h ****  * \param[in] port     Pointer to Port Register space.
 602:../Libraries/iLLD/TC4xx/CpuGeneric/Port/Std/IfxPort.h ****  * \param[in] pinIndex Specifies pin index. Range: 0 to 15.
 603:../Libraries/iLLD/TC4xx/CpuGeneric/Port/Std/IfxPort.h ****  *
 604:../Libraries/iLLD/TC4xx/CpuGeneric/Port/Std/IfxPort.h ****  * \retval IfxPort_LvdsMode Specifies the lvds mode. Range: \ref IfxPort_LvdsMode.
 605:../Libraries/iLLD/TC4xx/CpuGeneric/Port/Std/IfxPort.h ****  */
 606:../Libraries/iLLD/TC4xx/CpuGeneric/Port/Std/IfxPort.h **** IFX_INLINE IfxPort_LvdsMode IfxPort_getPinLVDS(Ifx_P *port, uint8 pinIndex);
 607:../Libraries/iLLD/TC4xx/CpuGeneric/Port/Std/IfxPort.h **** #endif /* #if !defined(DEVICE_TC4PX) && !defined(DEVICE_TC4EX)  && !defined(DEVICE_TC46X) */
 608:../Libraries/iLLD/TC4xx/CpuGeneric/Port/Std/IfxPort.h **** 
 609:../Libraries/iLLD/TC4xx/CpuGeneric/Port/Std/IfxPort.h **** /******************************************************************************/
 610:../Libraries/iLLD/TC4xx/CpuGeneric/Port/Std/IfxPort.h **** /*-------------------------Global Function Prototypes-------------------------*/
 611:../Libraries/iLLD/TC4xx/CpuGeneric/Port/Std/IfxPort.h **** /******************************************************************************/
 612:../Libraries/iLLD/TC4xx/CpuGeneric/Port/Std/IfxPort.h **** 
 613:../Libraries/iLLD/TC4xx/CpuGeneric/Port/Std/IfxPort.h **** /** \brief Disable the emergency stop function.
 614:../Libraries/iLLD/TC4xx/CpuGeneric/Port/Std/IfxPort.h ****  * This function disables the emergency stop function. A check is done on port functionality.
 615:../Libraries/iLLD/TC4xx/CpuGeneric/Port/Std/IfxPort.h ****  *
 616:../Libraries/iLLD/TC4xx/CpuGeneric/Port/Std/IfxPort.h ****  * \param[inout] port     Pointer to the port which should be accessed.
 617:../Libraries/iLLD/TC4xx/CpuGeneric/Port/Std/IfxPort.h ****  * \param[in]    pinIndex Specifies the pin for which the emergency stop function should be disable
 618:../Libraries/iLLD/TC4xx/CpuGeneric/Port/Std/IfxPort.h ****  *
 619:../Libraries/iLLD/TC4xx/CpuGeneric/Port/Std/IfxPort.h ****  * \retval TRUE If the emergency stop function has been disabled.
 620:../Libraries/iLLD/TC4xx/CpuGeneric/Port/Std/IfxPort.h ****  *         FALSE If the emergency stop function could not be disabled.
 621:../Libraries/iLLD/TC4xx/CpuGeneric/Port/Std/IfxPort.h ****  *
 622:../Libraries/iLLD/TC4xx/CpuGeneric/Port/Std/IfxPort.h ****  * Coding example:
 623:../Libraries/iLLD/TC4xx/CpuGeneric/Port/Std/IfxPort.h ****  * /code
 624:../Libraries/iLLD/TC4xx/CpuGeneric/Port/Std/IfxPort.h ****  *     if( !IfxPort_disableEmergencyStop(&MODULE_P33, 0) )
 625:../Libraries/iLLD/TC4xx/CpuGeneric/Port/Std/IfxPort.h ****  *     {
 626:../Libraries/iLLD/TC4xx/CpuGeneric/Port/Std/IfxPort.h ****  *         // failed to disable emergency stop for P33.0
 627:../Libraries/iLLD/TC4xx/CpuGeneric/Port/Std/IfxPort.h ****  *     }
 628:../Libraries/iLLD/TC4xx/CpuGeneric/Port/Std/IfxPort.h ****  * /endcode
 629:../Libraries/iLLD/TC4xx/CpuGeneric/Port/Std/IfxPort.h ****  *
 630:../Libraries/iLLD/TC4xx/CpuGeneric/Port/Std/IfxPort.h ****  * \see IfxPort_disableEmergencyStop(), IfxPort_resetESR()
 631:../Libraries/iLLD/TC4xx/CpuGeneric/Port/Std/IfxPort.h ****  *
 632:../Libraries/iLLD/TC4xx/CpuGeneric/Port/Std/IfxPort.h ****  */
 633:../Libraries/iLLD/TC4xx/CpuGeneric/Port/Std/IfxPort.h **** IFX_EXTERN boolean IfxPort_disableEmergencyStop(Ifx_P *port, uint8 pinIndex);
 634:../Libraries/iLLD/TC4xx/CpuGeneric/Port/Std/IfxPort.h **** 
 635:../Libraries/iLLD/TC4xx/CpuGeneric/Port/Std/IfxPort.h **** /** \brief Enable the emergency stop function.
 636:../Libraries/iLLD/TC4xx/CpuGeneric/Port/Std/IfxPort.h ****  * This function enables the emergency stop function. A check is done on port functionality.
 637:../Libraries/iLLD/TC4xx/CpuGeneric/Port/Std/IfxPort.h ****  *
 638:../Libraries/iLLD/TC4xx/CpuGeneric/Port/Std/IfxPort.h ****  * \param[inout] port     Pointer to the port which should be accessed.
 639:../Libraries/iLLD/TC4xx/CpuGeneric/Port/Std/IfxPort.h ****  * \param[in]    pinIndex Specifies the pin for which the emergency stop function should be enabled
 640:../Libraries/iLLD/TC4xx/CpuGeneric/Port/Std/IfxPort.h ****  *
 641:../Libraries/iLLD/TC4xx/CpuGeneric/Port/Std/IfxPort.h ****  * \retval TRUE If emergency stop function was successfully enabled.
 642:../Libraries/iLLD/TC4xx/CpuGeneric/Port/Std/IfxPort.h ****  *         FALSE If failed to enable the emergency stop function.
 643:../Libraries/iLLD/TC4xx/CpuGeneric/Port/Std/IfxPort.h ****  *
 644:../Libraries/iLLD/TC4xx/CpuGeneric/Port/Std/IfxPort.h ****  * Coding example:
 645:../Libraries/iLLD/TC4xx/CpuGeneric/Port/Std/IfxPort.h ****  * \code
 646:../Libraries/iLLD/TC4xx/CpuGeneric/Port/Std/IfxPort.h ****  *     if( !IfxPort_enableEmergencyStop(&MODULE_P33, 0) ) {
 647:../Libraries/iLLD/TC4xx/CpuGeneric/Port/Std/IfxPort.h ****  *       // failed to enable emergency stop for P33.0
 648:../Libraries/iLLD/TC4xx/CpuGeneric/Port/Std/IfxPort.h ****  *     }
 649:../Libraries/iLLD/TC4xx/CpuGeneric/Port/Std/IfxPort.h ****  * \endcode
 650:../Libraries/iLLD/TC4xx/CpuGeneric/Port/Std/IfxPort.h ****  *
 651:../Libraries/iLLD/TC4xx/CpuGeneric/Port/Std/IfxPort.h ****  * \see IfxPort_disableEmergencyStop(), IfxPort_setESR()
 652:../Libraries/iLLD/TC4xx/CpuGeneric/Port/Std/IfxPort.h ****  *
 653:../Libraries/iLLD/TC4xx/CpuGeneric/Port/Std/IfxPort.h ****  */
 654:../Libraries/iLLD/TC4xx/CpuGeneric/Port/Std/IfxPort.h **** IFX_EXTERN boolean IfxPort_enableEmergencyStop(Ifx_P *port, uint8 pinIndex);
 655:../Libraries/iLLD/TC4xx/CpuGeneric/Port/Std/IfxPort.h **** 
 656:../Libraries/iLLD/TC4xx/CpuGeneric/Port/Std/IfxPort.h **** /** \brief Disable the emergency stop function.
 657:../Libraries/iLLD/TC4xx/CpuGeneric/Port/Std/IfxPort.h ****  * This function disables the emergency stop function. No check is done on port functionality.
 658:../Libraries/iLLD/TC4xx/CpuGeneric/Port/Std/IfxPort.h ****  *
 659:../Libraries/iLLD/TC4xx/CpuGeneric/Port/Std/IfxPort.h ****  * \param[inout] port     Pointer to the port which should be accessed.
 660:../Libraries/iLLD/TC4xx/CpuGeneric/Port/Std/IfxPort.h ****  * \param[in]    pinIndex Specifies the pin for which the emergency stop function should be disable
 661:../Libraries/iLLD/TC4xx/CpuGeneric/Port/Std/IfxPort.h ****  *
 662:../Libraries/iLLD/TC4xx/CpuGeneric/Port/Std/IfxPort.h ****  * \retval None
 663:../Libraries/iLLD/TC4xx/CpuGeneric/Port/Std/IfxPort.h ****  *
 664:../Libraries/iLLD/TC4xx/CpuGeneric/Port/Std/IfxPort.h ****  * \see IfxPort_disableEmergencyStop()
 665:../Libraries/iLLD/TC4xx/CpuGeneric/Port/Std/IfxPort.h ****  *
 666:../Libraries/iLLD/TC4xx/CpuGeneric/Port/Std/IfxPort.h ****  */
 667:../Libraries/iLLD/TC4xx/CpuGeneric/Port/Std/IfxPort.h **** IFX_EXTERN void IfxPort_resetESR(Ifx_P *port, uint8 pinIndex);
 668:../Libraries/iLLD/TC4xx/CpuGeneric/Port/Std/IfxPort.h **** 
 669:../Libraries/iLLD/TC4xx/CpuGeneric/Port/Std/IfxPort.h **** /** \brief Enable the emergency stop function.
 670:../Libraries/iLLD/TC4xx/CpuGeneric/Port/Std/IfxPort.h ****  * This function enables the emergency stop function. No check is done on port functionality.
 671:../Libraries/iLLD/TC4xx/CpuGeneric/Port/Std/IfxPort.h ****  *
 672:../Libraries/iLLD/TC4xx/CpuGeneric/Port/Std/IfxPort.h ****  * \param[inout] port     Pointer to the port which should be accessed.
 673:../Libraries/iLLD/TC4xx/CpuGeneric/Port/Std/IfxPort.h ****  * \param[in]    pinIndex Specifies the pin for which the emergency stop function should be enabled
 674:../Libraries/iLLD/TC4xx/CpuGeneric/Port/Std/IfxPort.h ****  *
 675:../Libraries/iLLD/TC4xx/CpuGeneric/Port/Std/IfxPort.h ****  * \retval None
 676:../Libraries/iLLD/TC4xx/CpuGeneric/Port/Std/IfxPort.h ****  *
 677:../Libraries/iLLD/TC4xx/CpuGeneric/Port/Std/IfxPort.h ****  * \see IfxPort_enableEmergencyStop()
 678:../Libraries/iLLD/TC4xx/CpuGeneric/Port/Std/IfxPort.h ****  *
 679:../Libraries/iLLD/TC4xx/CpuGeneric/Port/Std/IfxPort.h ****  */
 680:../Libraries/iLLD/TC4xx/CpuGeneric/Port/Std/IfxPort.h **** IFX_EXTERN void IfxPort_setESR(Ifx_P *port, uint8 pinIndex);
 681:../Libraries/iLLD/TC4xx/CpuGeneric/Port/Std/IfxPort.h **** 
 682:../Libraries/iLLD/TC4xx/CpuGeneric/Port/Std/IfxPort.h **** /** \brief Configure the port input / output mode.
 683:../Libraries/iLLD/TC4xx/CpuGeneric/Port/Std/IfxPort.h ****  * Also Configures the P40/P41 Port for digital functionality.
 684:../Libraries/iLLD/TC4xx/CpuGeneric/Port/Std/IfxPort.h ****  * which by default support analog functionality.
 685:../Libraries/iLLD/TC4xx/CpuGeneric/Port/Std/IfxPort.h ****  *
 686:../Libraries/iLLD/TC4xx/CpuGeneric/Port/Std/IfxPort.h ****  * \param[inout] port     Pointer to the port which should be accessed.
 687:../Libraries/iLLD/TC4xx/CpuGeneric/Port/Std/IfxPort.h ****  * \param[in]    pinIndex Specifies the pin to be configured. Range: 0 to 15.
 688:../Libraries/iLLD/TC4xx/CpuGeneric/Port/Std/IfxPort.h ****  * \param[in]    mode     Specifies the port pin mode. Range: \ref IfxPort_Mode.
 689:../Libraries/iLLD/TC4xx/CpuGeneric/Port/Std/IfxPort.h ****  *
 690:../Libraries/iLLD/TC4xx/CpuGeneric/Port/Std/IfxPort.h ****  * \retval None
 691:../Libraries/iLLD/TC4xx/CpuGeneric/Port/Std/IfxPort.h ****  *
 692:../Libraries/iLLD/TC4xx/CpuGeneric/Port/Std/IfxPort.h ****  * Coding example:
 693:../Libraries/iLLD/TC4xx/CpuGeneric/Port/Std/IfxPort.h ****  * \code
 694:../Libraries/iLLD/TC4xx/CpuGeneric/Port/Std/IfxPort.h ****  *     IfxPort_setPinMode(&MODULE_P33, 0, IfxPort_Mode_outputPushPullGeneral);
 695:../Libraries/iLLD/TC4xx/CpuGeneric/Port/Std/IfxPort.h ****  * \endcode
 696:../Libraries/iLLD/TC4xx/CpuGeneric/Port/Std/IfxPort.h ****  *
 697:../Libraries/iLLD/TC4xx/CpuGeneric/Port/Std/IfxPort.h ****  */
 698:../Libraries/iLLD/TC4xx/CpuGeneric/Port/Std/IfxPort.h **** IFX_EXTERN void IfxPort_setPinMode(Ifx_P *port, uint8 pinIndex, IfxPort_Mode mode);
 699:../Libraries/iLLD/TC4xx/CpuGeneric/Port/Std/IfxPort.h **** 
 700:../Libraries/iLLD/TC4xx/CpuGeneric/Port/Std/IfxPort.h **** /** \brief Configure the pad driver mode.
 701:../Libraries/iLLD/TC4xx/CpuGeneric/Port/Std/IfxPort.h ****  *
 702:../Libraries/iLLD/TC4xx/CpuGeneric/Port/Std/IfxPort.h ****  * \param[inout] port      Pointer to the port which should be accessed.
 703:../Libraries/iLLD/TC4xx/CpuGeneric/Port/Std/IfxPort.h ****  * \param[in]    pinIndex  Specifies the pin for which the mode will be set. Range: 0 to 15.
 704:../Libraries/iLLD/TC4xx/CpuGeneric/Port/Std/IfxPort.h ****  * \param[in]    padDriver Specifies the driver mode. Range: \ref IfxPort_PadDriver.
 705:../Libraries/iLLD/TC4xx/CpuGeneric/Port/Std/IfxPort.h ****  *
 706:../Libraries/iLLD/TC4xx/CpuGeneric/Port/Std/IfxPort.h ****  * \retval None
 707:../Libraries/iLLD/TC4xx/CpuGeneric/Port/Std/IfxPort.h ****  *
 708:../Libraries/iLLD/TC4xx/CpuGeneric/Port/Std/IfxPort.h ****  * Coding example:
 709:../Libraries/iLLD/TC4xx/CpuGeneric/Port/Std/IfxPort.h ****  * \code
 710:../Libraries/iLLD/TC4xx/CpuGeneric/Port/Std/IfxPort.h ****  * // enable strong 3.3V driver
 711:../Libraries/iLLD/TC4xx/CpuGeneric/Port/Std/IfxPort.h ****  * IfxPort_setPinPadDriver(&MODULE_P33, 0, IfxPort_PadDriver_cmosAutomotiveSpeed1);
 712:../Libraries/iLLD/TC4xx/CpuGeneric/Port/Std/IfxPort.h ****  * \endcode
 713:../Libraries/iLLD/TC4xx/CpuGeneric/Port/Std/IfxPort.h ****  *
 714:../Libraries/iLLD/TC4xx/CpuGeneric/Port/Std/IfxPort.h ****  */
 715:../Libraries/iLLD/TC4xx/CpuGeneric/Port/Std/IfxPort.h **** IFX_EXTERN void IfxPort_setPinPadDriver(Ifx_P *port, uint8 pinIndex, IfxPort_PadDriver padDriver);
 716:../Libraries/iLLD/TC4xx/CpuGeneric/Port/Std/IfxPort.h **** 
 717:../Libraries/iLLD/TC4xx/CpuGeneric/Port/Std/IfxPort.h **** /** \brief Enable the Pin Controller Selection.
 718:../Libraries/iLLD/TC4xx/CpuGeneric/Port/Std/IfxPort.h ****  *
 719:../Libraries/iLLD/TC4xx/CpuGeneric/Port/Std/IfxPort.h ****  * \param[inout] port     Pointer to the base of specified port's SFRs.
 720:../Libraries/iLLD/TC4xx/CpuGeneric/Port/Std/IfxPort.h ****  * \param[in]    pinIndex Specifies the pin for which the mode has to be set. Range: 0 to 15.
 721:../Libraries/iLLD/TC4xx/CpuGeneric/Port/Std/IfxPort.h ****  *
 722:../Libraries/iLLD/TC4xx/CpuGeneric/Port/Std/IfxPort.h ****  * \retval None
 723:../Libraries/iLLD/TC4xx/CpuGeneric/Port/Std/IfxPort.h ****  */
 724:../Libraries/iLLD/TC4xx/CpuGeneric/Port/Std/IfxPort.h **** IFX_EXTERN void IfxPort_setPinControllerSelection(Ifx_P *port, uint8 pinIndex);
 725:../Libraries/iLLD/TC4xx/CpuGeneric/Port/Std/IfxPort.h **** 
 726:../Libraries/iLLD/TC4xx/CpuGeneric/Port/Std/IfxPort.h **** /** \brief Resets the pin controller selection to its default state.
 727:../Libraries/iLLD/TC4xx/CpuGeneric/Port/Std/IfxPort.h ****  *
 728:../Libraries/iLLD/TC4xx/CpuGeneric/Port/Std/IfxPort.h ****  * \param[inout] port     Pointer to the base of specified port's SFRs.
 729:../Libraries/iLLD/TC4xx/CpuGeneric/Port/Std/IfxPort.h ****  * \param[in]    pinIndex Specifies the pin for which the mode has to be set. Range: 0 to 15.
 730:../Libraries/iLLD/TC4xx/CpuGeneric/Port/Std/IfxPort.h ****  *
 731:../Libraries/iLLD/TC4xx/CpuGeneric/Port/Std/IfxPort.h ****  * \retval None
 732:../Libraries/iLLD/TC4xx/CpuGeneric/Port/Std/IfxPort.h ****  */
 733:../Libraries/iLLD/TC4xx/CpuGeneric/Port/Std/IfxPort.h **** IFX_EXTERN void IfxPort_resetPinControllerSelection(Ifx_P *port, uint8 pinIndex);
 734:../Libraries/iLLD/TC4xx/CpuGeneric/Port/Std/IfxPort.h **** 
 735:../Libraries/iLLD/TC4xx/CpuGeneric/Port/Std/IfxPort.h **** /** \brief Modifies the Pin Controller Selection.
 736:../Libraries/iLLD/TC4xx/CpuGeneric/Port/Std/IfxPort.h ****  *
 737:../Libraries/iLLD/TC4xx/CpuGeneric/Port/Std/IfxPort.h ****  * \param[inout] port     Pointer to the base of specified port's SFRs.
 738:../Libraries/iLLD/TC4xx/CpuGeneric/Port/Std/IfxPort.h ****  * \param[in]    pinIndex Specifies the pin for which the mode has to be set. Range: 0 to 15.
 739:../Libraries/iLLD/TC4xx/CpuGeneric/Port/Std/IfxPort.h ****  * \param[in]    mode     Selects the controller for the port pin(Tricore,EVADC,GETH,SCR,HRPWM etc)
 740:../Libraries/iLLD/TC4xx/CpuGeneric/Port/Std/IfxPort.h ****  *
 741:../Libraries/iLLD/TC4xx/CpuGeneric/Port/Std/IfxPort.h ****  * 0-> normal function
 742:../Libraries/iLLD/TC4xx/CpuGeneric/Port/Std/IfxPort.h ****  * 1-> Alternate functionality(SCR pin,EVADC PDD,GETH RGMII/MII,HRPWM etc)
 743:../Libraries/iLLD/TC4xx/CpuGeneric/Port/Std/IfxPort.h ****  * Note:It is the Users responsibility to pass correct port, pin and mode inputs.
 744:../Libraries/iLLD/TC4xx/CpuGeneric/Port/Std/IfxPort.h ****  *
 745:../Libraries/iLLD/TC4xx/CpuGeneric/Port/Std/IfxPort.h ****  * \retval None
 746:../Libraries/iLLD/TC4xx/CpuGeneric/Port/Std/IfxPort.h ****  */
 747:../Libraries/iLLD/TC4xx/CpuGeneric/Port/Std/IfxPort.h **** IFX_EXTERN void IfxPort_modifyPinControllerSelection(Ifx_P *port, uint8 pinIndex, boolean mode);
 748:../Libraries/iLLD/TC4xx/CpuGeneric/Port/Std/IfxPort.h **** 
 749:../Libraries/iLLD/TC4xx/CpuGeneric/Port/Std/IfxPort.h **** /** \} */
 750:../Libraries/iLLD/TC4xx/CpuGeneric/Port/Std/IfxPort.h **** 
 751:../Libraries/iLLD/TC4xx/CpuGeneric/Port/Std/IfxPort.h **** /** \addtogroup IfxLld_Port_Std_PortGroup
 752:../Libraries/iLLD/TC4xx/CpuGeneric/Port/Std/IfxPort.h ****  * \{ */
 753:../Libraries/iLLD/TC4xx/CpuGeneric/Port/Std/IfxPort.h **** 
 754:../Libraries/iLLD/TC4xx/CpuGeneric/Port/Std/IfxPort.h **** /******************************************************************************/
 755:../Libraries/iLLD/TC4xx/CpuGeneric/Port/Std/IfxPort.h **** /*-------------------------Inline Function Prototypes-------------------------*/
 756:../Libraries/iLLD/TC4xx/CpuGeneric/Port/Std/IfxPort.h **** /******************************************************************************/
 757:../Libraries/iLLD/TC4xx/CpuGeneric/Port/Std/IfxPort.h **** 
 758:../Libraries/iLLD/TC4xx/CpuGeneric/Port/Std/IfxPort.h **** /** \brief Return the port group state.
 759:../Libraries/iLLD/TC4xx/CpuGeneric/Port/Std/IfxPort.h ****  *
 760:../Libraries/iLLD/TC4xx/CpuGeneric/Port/Std/IfxPort.h ****  * \param[in] port     Pointer to the port which should be accessed.
 761:../Libraries/iLLD/TC4xx/CpuGeneric/Port/Std/IfxPort.h ****  * \param[in] pinIndex Start at the given pin. Range: 0 to 15.
 762:../Libraries/iLLD/TC4xx/CpuGeneric/Port/Std/IfxPort.h ****  * \param[in] mask     Selects the pins which should be read (starting from pinIndex). Range: 0 to 
 763:../Libraries/iLLD/TC4xx/CpuGeneric/Port/Std/IfxPort.h ****  *
 764:../Libraries/iLLD/TC4xx/CpuGeneric/Port/Std/IfxPort.h ****  * \retval uint32 Returns the selected pin values. Range: 0 to 0xFFFFFFFF.
 765:../Libraries/iLLD/TC4xx/CpuGeneric/Port/Std/IfxPort.h ****  *
 766:../Libraries/iLLD/TC4xx/CpuGeneric/Port/Std/IfxPort.h ****  * Coding example:
 767:../Libraries/iLLD/TC4xx/CpuGeneric/Port/Std/IfxPort.h ****  * \code
 768:../Libraries/iLLD/TC4xx/CpuGeneric/Port/Std/IfxPort.h ****  * // read the current value of P33[7:0]
 769:../Libraries/iLLD/TC4xx/CpuGeneric/Port/Std/IfxPort.h ****  * uint16 value = IfxPort_getGroupState(&MODULE_P33, 0, 0xff);
 770:../Libraries/iLLD/TC4xx/CpuGeneric/Port/Std/IfxPort.h ****  * \endcode
 771:../Libraries/iLLD/TC4xx/CpuGeneric/Port/Std/IfxPort.h ****  *
 772:../Libraries/iLLD/TC4xx/CpuGeneric/Port/Std/IfxPort.h ****  */
 773:../Libraries/iLLD/TC4xx/CpuGeneric/Port/Std/IfxPort.h **** IFX_INLINE uint32 IfxPort_getGroupState(Ifx_P *port, uint8 pinIndex, uint16 mask);
 774:../Libraries/iLLD/TC4xx/CpuGeneric/Port/Std/IfxPort.h **** 
 775:../Libraries/iLLD/TC4xx/CpuGeneric/Port/Std/IfxPort.h **** /** \brief Set the port group state.
 776:../Libraries/iLLD/TC4xx/CpuGeneric/Port/Std/IfxPort.h ****  *
 777:../Libraries/iLLD/TC4xx/CpuGeneric/Port/Std/IfxPort.h ****  * \param[inout] port     Pointer to the port which should be accessed.
 778:../Libraries/iLLD/TC4xx/CpuGeneric/Port/Std/IfxPort.h ****  * \param[in]    pinIndex Start at the given pin. Range: 0 to 15.
 779:../Libraries/iLLD/TC4xx/CpuGeneric/Port/Std/IfxPort.h ****  * \param[in]    mask     Selects the pins which should be modified (starting from pinIndex). Range
 780:../Libraries/iLLD/TC4xx/CpuGeneric/Port/Std/IfxPort.h ****  * \param[in]    data     Specifies the value which should be set. Range: 0 to 0xFFFF.
 781:../Libraries/iLLD/TC4xx/CpuGeneric/Port/Std/IfxPort.h ****  *
 782:../Libraries/iLLD/TC4xx/CpuGeneric/Port/Std/IfxPort.h ****  * \retval None
 783:../Libraries/iLLD/TC4xx/CpuGeneric/Port/Std/IfxPort.h ****  *
 784:../Libraries/iLLD/TC4xx/CpuGeneric/Port/Std/IfxPort.h ****  * Coding example:
 785:../Libraries/iLLD/TC4xx/CpuGeneric/Port/Std/IfxPort.h ****  * \code
 786:../Libraries/iLLD/TC4xx/CpuGeneric/Port/Std/IfxPort.h ****  * // configure P33.[7:0] as GPIO outputs
 787:../Libraries/iLLD/TC4xx/CpuGeneric/Port/Std/IfxPort.h ****  * IfxPort_setGroupModeOutput(&MODULE_P33, 0, 0xff, IfxPort_OutputMode_pushPull, IfxPort_OutputIdx_
 788:../Libraries/iLLD/TC4xx/CpuGeneric/Port/Std/IfxPort.h ****  *
 789:../Libraries/iLLD/TC4xx/CpuGeneric/Port/Std/IfxPort.h ****  * // set initial value
 790:../Libraries/iLLD/TC4xx/CpuGeneric/Port/Std/IfxPort.h ****  * IfxPort_setGroupState(&MODULE_P33, 0, 0xff, 0x42);
 791:../Libraries/iLLD/TC4xx/CpuGeneric/Port/Std/IfxPort.h ****  * \endcode
 792:../Libraries/iLLD/TC4xx/CpuGeneric/Port/Std/IfxPort.h ****  *
 793:../Libraries/iLLD/TC4xx/CpuGeneric/Port/Std/IfxPort.h ****  */
 794:../Libraries/iLLD/TC4xx/CpuGeneric/Port/Std/IfxPort.h **** IFX_INLINE void IfxPort_setGroupState(Ifx_P *port, uint8 pinIndex, uint16 mask, uint16 data);
 795:../Libraries/iLLD/TC4xx/CpuGeneric/Port/Std/IfxPort.h **** 
 796:../Libraries/iLLD/TC4xx/CpuGeneric/Port/Std/IfxPort.h **** /******************************************************************************/
 797:../Libraries/iLLD/TC4xx/CpuGeneric/Port/Std/IfxPort.h **** /*-------------------------Global Function Prototypes-------------------------*/
 798:../Libraries/iLLD/TC4xx/CpuGeneric/Port/Std/IfxPort.h **** /******************************************************************************/
 799:../Libraries/iLLD/TC4xx/CpuGeneric/Port/Std/IfxPort.h **** 
 800:../Libraries/iLLD/TC4xx/CpuGeneric/Port/Std/IfxPort.h **** /** \brief Returns the module address of the selected Port module.
 801:../Libraries/iLLD/TC4xx/CpuGeneric/Port/Std/IfxPort.h ****  *
 802:../Libraries/iLLD/TC4xx/CpuGeneric/Port/Std/IfxPort.h ****  * \param[in] port Pointer to PORT module registers. Range: \ref IfxPort_Index.
 803:../Libraries/iLLD/TC4xx/CpuGeneric/Port/Std/IfxPort.h ****  *
 804:../Libraries/iLLD/TC4xx/CpuGeneric/Port/Std/IfxPort.h ****  * \retval Ifx_P PORT module register address.
 805:../Libraries/iLLD/TC4xx/CpuGeneric/Port/Std/IfxPort.h ****  */
 806:../Libraries/iLLD/TC4xx/CpuGeneric/Port/Std/IfxPort.h **** IFX_EXTERN Ifx_P *IfxPort_getAddress(IfxPort_Index port);
 807:../Libraries/iLLD/TC4xx/CpuGeneric/Port/Std/IfxPort.h **** 
 808:../Libraries/iLLD/TC4xx/CpuGeneric/Port/Std/IfxPort.h **** /** \brief Return port index within IfxModule_IndexMap (defined in IfxPort_cfg.c).
 809:../Libraries/iLLD/TC4xx/CpuGeneric/Port/Std/IfxPort.h ****  *
 810:../Libraries/iLLD/TC4xx/CpuGeneric/Port/Std/IfxPort.h ****  * \param[in] port Pointer to the port for which the index number in IfxModule_IndexMap should be r
 811:../Libraries/iLLD/TC4xx/CpuGeneric/Port/Std/IfxPort.h ****  *
 812:../Libraries/iLLD/TC4xx/CpuGeneric/Port/Std/IfxPort.h ****  * \retval IfxPort_Index Port index of IfxModule_IndexMap. return -1 in case of unknown port index.
 813:../Libraries/iLLD/TC4xx/CpuGeneric/Port/Std/IfxPort.h ****  */
 814:../Libraries/iLLD/TC4xx/CpuGeneric/Port/Std/IfxPort.h **** IFX_EXTERN IfxPort_Index IfxPort_getIndex(Ifx_P *port);
 815:../Libraries/iLLD/TC4xx/CpuGeneric/Port/Std/IfxPort.h **** 
 816:../Libraries/iLLD/TC4xx/CpuGeneric/Port/Std/IfxPort.h **** /** \brief Set pin modes to input at the pin location specified by '1' by the mask.
 817:../Libraries/iLLD/TC4xx/CpuGeneric/Port/Std/IfxPort.h ****  *
 818:../Libraries/iLLD/TC4xx/CpuGeneric/Port/Std/IfxPort.h ****  * \param[inout] port     Pointer to the port which should be accessed.
 819:../Libraries/iLLD/TC4xx/CpuGeneric/Port/Std/IfxPort.h ****  * \param[in]    pinIndex Start at the given pin. Range: 0 to 15.
 820:../Libraries/iLLD/TC4xx/CpuGeneric/Port/Std/IfxPort.h ****  * \param[in]    mask     Selects the pins which should be modified (starting from pinIndex). Range
 821:../Libraries/iLLD/TC4xx/CpuGeneric/Port/Std/IfxPort.h ****  * \param[in]    mode     Specifies the port pin mode. Range: \ref IfxPort_InputMode.
 822:../Libraries/iLLD/TC4xx/CpuGeneric/Port/Std/IfxPort.h ****  *
 823:../Libraries/iLLD/TC4xx/CpuGeneric/Port/Std/IfxPort.h ****  * \retval None
 824:../Libraries/iLLD/TC4xx/CpuGeneric/Port/Std/IfxPort.h ****  *
 825:../Libraries/iLLD/TC4xx/CpuGeneric/Port/Std/IfxPort.h ****  * Coding example:
 826:../Libraries/iLLD/TC4xx/CpuGeneric/Port/Std/IfxPort.h ****  * \code
 827:../Libraries/iLLD/TC4xx/CpuGeneric/Port/Std/IfxPort.h ****  * // configure P33.[7:0] as GPIO inputs with Pull-Down enabled
 828:../Libraries/iLLD/TC4xx/CpuGeneric/Port/Std/IfxPort.h ****  * IfxPort_setGroupModeInput(&MODULE_P33, 0, 0xff, IfxPort_InputMode_pullDown);
 829:../Libraries/iLLD/TC4xx/CpuGeneric/Port/Std/IfxPort.h ****  *  \endcode
 830:../Libraries/iLLD/TC4xx/CpuGeneric/Port/Std/IfxPort.h ****  *
 831:../Libraries/iLLD/TC4xx/CpuGeneric/Port/Std/IfxPort.h ****  */
 832:../Libraries/iLLD/TC4xx/CpuGeneric/Port/Std/IfxPort.h **** IFX_EXTERN void IfxPort_setGroupModeInput(Ifx_P *port, uint8 pinIndex, uint16 mask, IfxPort_InputMo
 833:../Libraries/iLLD/TC4xx/CpuGeneric/Port/Std/IfxPort.h **** 
 834:../Libraries/iLLD/TC4xx/CpuGeneric/Port/Std/IfxPort.h **** /** \brief Set pin modes to output at the pin location specified by '1' by the mask starting at pin
 835:../Libraries/iLLD/TC4xx/CpuGeneric/Port/Std/IfxPort.h ****  *
 836:../Libraries/iLLD/TC4xx/CpuGeneric/Port/Std/IfxPort.h ****  * \param[inout] port     Pointer to the port which should be accessed.
 837:../Libraries/iLLD/TC4xx/CpuGeneric/Port/Std/IfxPort.h ****  * \param[in]    pinIndex Start at the given pin. Range: 0 to 15.
 838:../Libraries/iLLD/TC4xx/CpuGeneric/Port/Std/IfxPort.h ****  * \param[in]    mask     Selects the pins which should be modified (starting from pinIndex). Range
 839:../Libraries/iLLD/TC4xx/CpuGeneric/Port/Std/IfxPort.h ****  * \param[in]    mode     Specifies the port pin mode. Range: \ref IfxPort_OutputMode.
 840:../Libraries/iLLD/TC4xx/CpuGeneric/Port/Std/IfxPort.h ****  * \param[in]    index    Specifies the alternate (or general purpose) output channel. Range: \ref 
 841:../Libraries/iLLD/TC4xx/CpuGeneric/Port/Std/IfxPort.h ****  *
 842:../Libraries/iLLD/TC4xx/CpuGeneric/Port/Std/IfxPort.h ****  * \retval None
 843:../Libraries/iLLD/TC4xx/CpuGeneric/Port/Std/IfxPort.h ****  *
 844:../Libraries/iLLD/TC4xx/CpuGeneric/Port/Std/IfxPort.h ****  * Coding example:
 845:../Libraries/iLLD/TC4xx/CpuGeneric/Port/Std/IfxPort.h ****  * \code
 846:../Libraries/iLLD/TC4xx/CpuGeneric/Port/Std/IfxPort.h ****  * // configure P33.[7:0] as GPIO outputs
 847:../Libraries/iLLD/TC4xx/CpuGeneric/Port/Std/IfxPort.h ****  * IfxPort_setGroupModeOutput(&MODULE_P33, 0, 0xff, IfxPort_OutputMode_pushPull, IfxPort_OutputIdx_
 848:../Libraries/iLLD/TC4xx/CpuGeneric/Port/Std/IfxPort.h ****  * \endcode
 849:../Libraries/iLLD/TC4xx/CpuGeneric/Port/Std/IfxPort.h ****  *
 850:../Libraries/iLLD/TC4xx/CpuGeneric/Port/Std/IfxPort.h ****  */
 851:../Libraries/iLLD/TC4xx/CpuGeneric/Port/Std/IfxPort.h **** IFX_EXTERN void IfxPort_setGroupModeOutput(Ifx_P *port, uint8 pinIndex, uint16 mask, IfxPort_Output
 852:../Libraries/iLLD/TC4xx/CpuGeneric/Port/Std/IfxPort.h **** 
 853:../Libraries/iLLD/TC4xx/CpuGeneric/Port/Std/IfxPort.h **** /** \brief Set pad driver strength at the pin location specified by '1' by the mask.
 854:../Libraries/iLLD/TC4xx/CpuGeneric/Port/Std/IfxPort.h ****  *
 855:../Libraries/iLLD/TC4xx/CpuGeneric/Port/Std/IfxPort.h ****  * \param[inout] port      Pointer to the port which should be accessed.
 856:../Libraries/iLLD/TC4xx/CpuGeneric/Port/Std/IfxPort.h ****  * \param[in]    pinIndex  Start at the given pin. Range: 0 to 15.
 857:../Libraries/iLLD/TC4xx/CpuGeneric/Port/Std/IfxPort.h ****  * \param[in]    mask      Selects the pins which should be modified (starting from pinIndex). Rang
 858:../Libraries/iLLD/TC4xx/CpuGeneric/Port/Std/IfxPort.h ****  * \param[in]    padDriver Specifies the pad driver strength. Range: \ref IfxPort_PadDriver.
 859:../Libraries/iLLD/TC4xx/CpuGeneric/Port/Std/IfxPort.h ****  *
 860:../Libraries/iLLD/TC4xx/CpuGeneric/Port/Std/IfxPort.h ****  * \retval None
 861:../Libraries/iLLD/TC4xx/CpuGeneric/Port/Std/IfxPort.h ****  *
 862:../Libraries/iLLD/TC4xx/CpuGeneric/Port/Std/IfxPort.h ****  * Coding example:
 863:../Libraries/iLLD/TC4xx/CpuGeneric/Port/Std/IfxPort.h ****  * \code
 864:../Libraries/iLLD/TC4xx/CpuGeneric/Port/Std/IfxPort.h ****  * // configure P33.[7:0] to use CMOS pad driver with speed 1
 865:../Libraries/iLLD/TC4xx/CpuGeneric/Port/Std/IfxPort.h ****  * IfxPort_setGroupPadDriver(&MODULE_P33, 0, 0xff, IfxPort_PadDriver_cmosAutomotiveSpeed1);
 866:../Libraries/iLLD/TC4xx/CpuGeneric/Port/Std/IfxPort.h ****  * \endcode
 867:../Libraries/iLLD/TC4xx/CpuGeneric/Port/Std/IfxPort.h ****  *
 868:../Libraries/iLLD/TC4xx/CpuGeneric/Port/Std/IfxPort.h ****  */
 869:../Libraries/iLLD/TC4xx/CpuGeneric/Port/Std/IfxPort.h **** IFX_EXTERN void IfxPort_setGroupPadDriver(Ifx_P *port, uint8 pinIndex, uint16 mask, IfxPort_PadDriv
 870:../Libraries/iLLD/TC4xx/CpuGeneric/Port/Std/IfxPort.h **** 
 871:../Libraries/iLLD/TC4xx/CpuGeneric/Port/Std/IfxPort.h **** /** \brief Configure lvds mode.
 872:../Libraries/iLLD/TC4xx/CpuGeneric/Port/Std/IfxPort.h ****  *
 873:../Libraries/iLLD/TC4xx/CpuGeneric/Port/Std/IfxPort.h ****  * \param[inout] port     Pointer to Port Register space.
 874:../Libraries/iLLD/TC4xx/CpuGeneric/Port/Std/IfxPort.h ****  * \param[in]    pinIndex Specifies pin index. Range: 0 to 15.
 875:../Libraries/iLLD/TC4xx/CpuGeneric/Port/Std/IfxPort.h ****  * \param[in]    pinMode  Specifes the mode of pin. Range: \ref IfxPort_Mode.
 876:../Libraries/iLLD/TC4xx/CpuGeneric/Port/Std/IfxPort.h ****  * \param[in]    lvds     Config LVDS.
 877:../Libraries/iLLD/TC4xx/CpuGeneric/Port/Std/IfxPort.h ****  *
 878:../Libraries/iLLD/TC4xx/CpuGeneric/Port/Std/IfxPort.h ****  * \retval None
 879:../Libraries/iLLD/TC4xx/CpuGeneric/Port/Std/IfxPort.h ****  */
 880:../Libraries/iLLD/TC4xx/CpuGeneric/Port/Std/IfxPort.h **** IFX_EXTERN void IfxPort_setPinModeLVDS(Ifx_P *port, uint8 pinIndex, IfxPort_Mode pinMode, IfxPort_L
 881:../Libraries/iLLD/TC4xx/CpuGeneric/Port/Std/IfxPort.h **** 
 882:../Libraries/iLLD/TC4xx/CpuGeneric/Port/Std/IfxPort.h **** /** \} */
 883:../Libraries/iLLD/TC4xx/CpuGeneric/Port/Std/IfxPort.h **** 
 884:../Libraries/iLLD/TC4xx/CpuGeneric/Port/Std/IfxPort.h **** /******************************************************************************/
 885:../Libraries/iLLD/TC4xx/CpuGeneric/Port/Std/IfxPort.h **** /*-------------------------Inline Function Prototypes-------------------------*/
 886:../Libraries/iLLD/TC4xx/CpuGeneric/Port/Std/IfxPort.h **** /******************************************************************************/
 887:../Libraries/iLLD/TC4xx/CpuGeneric/Port/Std/IfxPort.h **** 
 888:../Libraries/iLLD/TC4xx/CpuGeneric/Port/Std/IfxPort.h **** /** \brief Initialise the PROT Config to default values.
 889:../Libraries/iLLD/TC4xx/CpuGeneric/Port/Std/IfxPort.h ****  *
 890:../Libraries/iLLD/TC4xx/CpuGeneric/Port/Std/IfxPort.h ****  * \param[inout] config PROT SE Config pointer.
 891:../Libraries/iLLD/TC4xx/CpuGeneric/Port/Std/IfxPort.h ****  *
 892:../Libraries/iLLD/TC4xx/CpuGeneric/Port/Std/IfxPort.h ****  * \retval None
 893:../Libraries/iLLD/TC4xx/CpuGeneric/Port/Std/IfxPort.h ****  */
 894:../Libraries/iLLD/TC4xx/CpuGeneric/Port/Std/IfxPort.h **** IFX_INLINE void IfxPort_initProtConfig(IfxPort_ProtConfig *config);
 895:../Libraries/iLLD/TC4xx/CpuGeneric/Port/Std/IfxPort.h **** 
 896:../Libraries/iLLD/TC4xx/CpuGeneric/Port/Std/IfxPort.h **** /** \brief Initialize the PROT.
 897:../Libraries/iLLD/TC4xx/CpuGeneric/Port/Std/IfxPort.h ****  *
 898:../Libraries/iLLD/TC4xx/CpuGeneric/Port/Std/IfxPort.h ****  * \param[inout] port   PORT module pointer.
 899:../Libraries/iLLD/TC4xx/CpuGeneric/Port/Std/IfxPort.h ****  * \param[in]    config PRTO SE Config pointer.
 900:../Libraries/iLLD/TC4xx/CpuGeneric/Port/Std/IfxPort.h ****  *
 901:../Libraries/iLLD/TC4xx/CpuGeneric/Port/Std/IfxPort.h ****  * \retval None
 902:../Libraries/iLLD/TC4xx/CpuGeneric/Port/Std/IfxPort.h ****  */
 903:../Libraries/iLLD/TC4xx/CpuGeneric/Port/Std/IfxPort.h **** IFX_INLINE void IfxPort_initProt(Ifx_P *port, IfxPort_ProtConfig *config);
 904:../Libraries/iLLD/TC4xx/CpuGeneric/Port/Std/IfxPort.h **** 
 905:../Libraries/iLLD/TC4xx/CpuGeneric/Port/Std/IfxPort.h **** /** \brief Configures the specfic pin slice to a APU group.
 906:../Libraries/iLLD/TC4xx/CpuGeneric/Port/Std/IfxPort.h ****  *
 907:../Libraries/iLLD/TC4xx/CpuGeneric/Port/Std/IfxPort.h ****  * \param[inout] port     PORT module pointer.
 908:../Libraries/iLLD/TC4xx/CpuGeneric/Port/Std/IfxPort.h ****  * \param[in]    pinIndex Pin Index. Range: 0 to 15.
 909:../Libraries/iLLD/TC4xx/CpuGeneric/Port/Std/IfxPort.h ****  * \param[in]    grpNum   APU group to which the pin is to be assigned. Range: 0 to 7.
 910:../Libraries/iLLD/TC4xx/CpuGeneric/Port/Std/IfxPort.h ****  *
 911:../Libraries/iLLD/TC4xx/CpuGeneric/Port/Std/IfxPort.h ****  * \retval None
 912:../Libraries/iLLD/TC4xx/CpuGeneric/Port/Std/IfxPort.h ****  */
 913:../Libraries/iLLD/TC4xx/CpuGeneric/Port/Std/IfxPort.h **** IFX_INLINE void IfxPort_setApuGroupSelection(Ifx_P *port, uint8 pinIndex, uint8 grpNum);
 914:../Libraries/iLLD/TC4xx/CpuGeneric/Port/Std/IfxPort.h **** 
 915:../Libraries/iLLD/TC4xx/CpuGeneric/Port/Std/IfxPort.h **** /** \brief API to Enable the wake up feature.
 916:../Libraries/iLLD/TC4xx/CpuGeneric/Port/Std/IfxPort.h ****  *
 917:../Libraries/iLLD/TC4xx/CpuGeneric/Port/Std/IfxPort.h ****  * \param[inout] port     PORT module pointer.
 918:../Libraries/iLLD/TC4xx/CpuGeneric/Port/Std/IfxPort.h ****  * \param[in]    pinIndex Pin index. Range: 0 to 15.
 919:../Libraries/iLLD/TC4xx/CpuGeneric/Port/Std/IfxPort.h ****  * \param[in]    enable   Enable/Disable the wake up.
 920:../Libraries/iLLD/TC4xx/CpuGeneric/Port/Std/IfxPort.h ****  *
 921:../Libraries/iLLD/TC4xx/CpuGeneric/Port/Std/IfxPort.h ****  * \retval None
 922:../Libraries/iLLD/TC4xx/CpuGeneric/Port/Std/IfxPort.h ****  */
 923:../Libraries/iLLD/TC4xx/CpuGeneric/Port/Std/IfxPort.h **** IFX_INLINE void IfxPort_setPinWakeUpEnable(Ifx_P *port, uint8 pinIndex, boolean enable);
 924:../Libraries/iLLD/TC4xx/CpuGeneric/Port/Std/IfxPort.h **** 
 925:../Libraries/iLLD/TC4xx/CpuGeneric/Port/Std/IfxPort.h **** /** \brief API to clear the wake up status.
 926:../Libraries/iLLD/TC4xx/CpuGeneric/Port/Std/IfxPort.h ****  *
 927:../Libraries/iLLD/TC4xx/CpuGeneric/Port/Std/IfxPort.h ****  * \param[inout] port     Port module pointer.
 928:../Libraries/iLLD/TC4xx/CpuGeneric/Port/Std/IfxPort.h ****  * \param[in]    pinIndex Pin index. Range: 0 to 15.
 929:../Libraries/iLLD/TC4xx/CpuGeneric/Port/Std/IfxPort.h ****  *
 930:../Libraries/iLLD/TC4xx/CpuGeneric/Port/Std/IfxPort.h ****  * \retval None
 931:../Libraries/iLLD/TC4xx/CpuGeneric/Port/Std/IfxPort.h ****  */
 932:../Libraries/iLLD/TC4xx/CpuGeneric/Port/Std/IfxPort.h **** IFX_INLINE void IfxPort_clearPinWakeUpStatus(Ifx_P *port, uint8 pinIndex);
 933:../Libraries/iLLD/TC4xx/CpuGeneric/Port/Std/IfxPort.h **** 
 934:../Libraries/iLLD/TC4xx/CpuGeneric/Port/Std/IfxPort.h **** /** \brief API to enable the wake up status.
 935:../Libraries/iLLD/TC4xx/CpuGeneric/Port/Std/IfxPort.h ****  *
 936:../Libraries/iLLD/TC4xx/CpuGeneric/Port/Std/IfxPort.h ****  * \param[inout] port     Port module pointer.
 937:../Libraries/iLLD/TC4xx/CpuGeneric/Port/Std/IfxPort.h ****  * \param[in]    pinIndex Pin index. Range: 0 to 15.
 938:../Libraries/iLLD/TC4xx/CpuGeneric/Port/Std/IfxPort.h ****  * \param[in]    enable   Enable/Disable the wake up status.
 939:../Libraries/iLLD/TC4xx/CpuGeneric/Port/Std/IfxPort.h ****  *
 940:../Libraries/iLLD/TC4xx/CpuGeneric/Port/Std/IfxPort.h ****  * \retval None
 941:../Libraries/iLLD/TC4xx/CpuGeneric/Port/Std/IfxPort.h ****  */
 942:../Libraries/iLLD/TC4xx/CpuGeneric/Port/Std/IfxPort.h **** IFX_INLINE void IfxPort_setPinWakeUpStatusEnable(Ifx_P *port, uint8 pinIndex, boolean enable);
 943:../Libraries/iLLD/TC4xx/CpuGeneric/Port/Std/IfxPort.h **** 
 944:../Libraries/iLLD/TC4xx/CpuGeneric/Port/Std/IfxPort.h **** /** \brief API to return the wake up status of the port pin.
 945:../Libraries/iLLD/TC4xx/CpuGeneric/Port/Std/IfxPort.h ****  *
 946:../Libraries/iLLD/TC4xx/CpuGeneric/Port/Std/IfxPort.h ****  * \param[in] port     Port module pointer.
 947:../Libraries/iLLD/TC4xx/CpuGeneric/Port/Std/IfxPort.h ****  * \param[in] pinIndex Pin index. Range: 0 to 15.
 948:../Libraries/iLLD/TC4xx/CpuGeneric/Port/Std/IfxPort.h ****  *
 949:../Libraries/iLLD/TC4xx/CpuGeneric/Port/Std/IfxPort.h ****  * \retval Return status enable/disable.
 950:../Libraries/iLLD/TC4xx/CpuGeneric/Port/Std/IfxPort.h ****  */
 951:../Libraries/iLLD/TC4xx/CpuGeneric/Port/Std/IfxPort.h **** IFX_INLINE boolean IfxPort_getPinWakeUpStatus(Ifx_P *port, uint8 pinIndex);
 952:../Libraries/iLLD/TC4xx/CpuGeneric/Port/Std/IfxPort.h **** 
 953:../Libraries/iLLD/TC4xx/CpuGeneric/Port/Std/IfxPort.h **** /** \brief API to return the wake up status register.
 954:../Libraries/iLLD/TC4xx/CpuGeneric/Port/Std/IfxPort.h ****  *
 955:../Libraries/iLLD/TC4xx/CpuGeneric/Port/Std/IfxPort.h ****  * \param[in] port Port module pointer.
 956:../Libraries/iLLD/TC4xx/CpuGeneric/Port/Std/IfxPort.h ****  *
 957:../Libraries/iLLD/TC4xx/CpuGeneric/Port/Std/IfxPort.h ****  * \retval uint32 Returns the status value. Range: 0 to 0xFFFF.
 958:../Libraries/iLLD/TC4xx/CpuGeneric/Port/Std/IfxPort.h ****  */
 959:../Libraries/iLLD/TC4xx/CpuGeneric/Port/Std/IfxPort.h **** IFX_INLINE uint32 IfxPort_getRawPinWakeUpStatus(Ifx_P *port);
 960:../Libraries/iLLD/TC4xx/CpuGeneric/Port/Std/IfxPort.h **** 
 961:../Libraries/iLLD/TC4xx/CpuGeneric/Port/Std/IfxPort.h **** /** \brief configure Bandgap Trimming Register (BGTRIM).
 962:../Libraries/iLLD/TC4xx/CpuGeneric/Port/Std/IfxPort.h ****  *
 963:../Libraries/iLLD/TC4xx/CpuGeneric/Port/Std/IfxPort.h ****  * \param[inout] port        PORT MODULE Pointer.
 964:../Libraries/iLLD/TC4xx/CpuGeneric/Port/Std/IfxPort.h ****  * \param[in]    bandgapTrim configure bandgap trimming value. Range: \ref IfxPort_BandgapTrimConfi
 965:../Libraries/iLLD/TC4xx/CpuGeneric/Port/Std/IfxPort.h ****  *
 966:../Libraries/iLLD/TC4xx/CpuGeneric/Port/Std/IfxPort.h ****  * \retval None
 967:../Libraries/iLLD/TC4xx/CpuGeneric/Port/Std/IfxPort.h ****  */
 968:../Libraries/iLLD/TC4xx/CpuGeneric/Port/Std/IfxPort.h **** IFX_INLINE void IfxPort_configureBandGapTrim(Ifx_P *port, IfxPort_BandgapTrimConfig bandgapTrim);
 969:../Libraries/iLLD/TC4xx/CpuGeneric/Port/Std/IfxPort.h **** 
 970:../Libraries/iLLD/TC4xx/CpuGeneric/Port/Std/IfxPort.h **** /******************************************************************************/
 971:../Libraries/iLLD/TC4xx/CpuGeneric/Port/Std/IfxPort.h **** /*-------------------------Global Function Prototypes-------------------------*/
 972:../Libraries/iLLD/TC4xx/CpuGeneric/Port/Std/IfxPort.h **** /******************************************************************************/
 973:../Libraries/iLLD/TC4xx/CpuGeneric/Port/Std/IfxPort.h **** 
 974:../Libraries/iLLD/TC4xx/CpuGeneric/Port/Std/IfxPort.h **** /** \brief Initialise the APU config to default values.
 975:../Libraries/iLLD/TC4xx/CpuGeneric/Port/Std/IfxPort.h ****  *
 976:../Libraries/iLLD/TC4xx/CpuGeneric/Port/Std/IfxPort.h ****  * \param[inout] config Apu Config pointer.
 977:../Libraries/iLLD/TC4xx/CpuGeneric/Port/Std/IfxPort.h ****  *
 978:../Libraries/iLLD/TC4xx/CpuGeneric/Port/Std/IfxPort.h ****  * \retval None
 979:../Libraries/iLLD/TC4xx/CpuGeneric/Port/Std/IfxPort.h ****  */
 980:../Libraries/iLLD/TC4xx/CpuGeneric/Port/Std/IfxPort.h **** IFX_EXTERN void IfxPort_initApuConfig(IfxPort_ApuConfig *config);
 981:../Libraries/iLLD/TC4xx/CpuGeneric/Port/Std/IfxPort.h **** 
 982:../Libraries/iLLD/TC4xx/CpuGeneric/Port/Std/IfxPort.h **** /** \brief Initialise the APU.
 983:../Libraries/iLLD/TC4xx/CpuGeneric/Port/Std/IfxPort.h ****  *
 984:../Libraries/iLLD/TC4xx/CpuGeneric/Port/Std/IfxPort.h ****  * \param[inout] port   PORT module pointer.
 985:../Libraries/iLLD/TC4xx/CpuGeneric/Port/Std/IfxPort.h ****  * \param[in]    config APU Config pointer.
 986:../Libraries/iLLD/TC4xx/CpuGeneric/Port/Std/IfxPort.h ****  * \retval None
 987:../Libraries/iLLD/TC4xx/CpuGeneric/Port/Std/IfxPort.h ****  */
 988:../Libraries/iLLD/TC4xx/CpuGeneric/Port/Std/IfxPort.h **** IFX_EXTERN void IfxPort_initApu(Ifx_P *port, IfxPort_ApuConfig *config);
 989:../Libraries/iLLD/TC4xx/CpuGeneric/Port/Std/IfxPort.h **** 
 990:../Libraries/iLLD/TC4xx/CpuGeneric/Port/Std/IfxPort.h **** /** \brief Configures the Pins to the APU groups.
 991:../Libraries/iLLD/TC4xx/CpuGeneric/Port/Std/IfxPort.h ****  *
 992:../Libraries/iLLD/TC4xx/CpuGeneric/Port/Std/IfxPort.h ****  * \param[inout] port   PORT module pointer.
 993:../Libraries/iLLD/TC4xx/CpuGeneric/Port/Std/IfxPort.h ****  * \param[in]    config APU group configuration pointer.
 994:../Libraries/iLLD/TC4xx/CpuGeneric/Port/Std/IfxPort.h ****  *
 995:../Libraries/iLLD/TC4xx/CpuGeneric/Port/Std/IfxPort.h ****  * \retval None
 996:../Libraries/iLLD/TC4xx/CpuGeneric/Port/Std/IfxPort.h ****  */
 997:../Libraries/iLLD/TC4xx/CpuGeneric/Port/Std/IfxPort.h **** IFX_EXTERN void IfxPort_initApuGroups(Ifx_P *port, IfxPort_ApuGroupConfig *config);
 998:../Libraries/iLLD/TC4xx/CpuGeneric/Port/Std/IfxPort.h **** 
 999:../Libraries/iLLD/TC4xx/CpuGeneric/Port/Std/IfxPort.h **** /** \brief Configure the ESR PAD and push pull configuration.
1000:../Libraries/iLLD/TC4xx/CpuGeneric/Port/Std/IfxPort.h ****  *
1001:../Libraries/iLLD/TC4xx/CpuGeneric/Port/Std/IfxPort.h ****  * \param[inout] port      PORT MODULE Pointer.
1002:../Libraries/iLLD/TC4xx/CpuGeneric/Port/Std/IfxPort.h ****  * \param[in]    pinIndex  Pin Index. Range: 0 to 15.
1003:../Libraries/iLLD/TC4xx/CpuGeneric/Port/Std/IfxPort.h ****  * \param[in]    esrLevel  ESR level. Range: \ref IfxPort_EsrLevel.
1004:../Libraries/iLLD/TC4xx/CpuGeneric/Port/Std/IfxPort.h ****  * \param[in]    esrPadCfg ESR Pad configuration. Range: \ref IfxPort_EsrPadCfg.
1005:../Libraries/iLLD/TC4xx/CpuGeneric/Port/Std/IfxPort.h ****  *
1006:../Libraries/iLLD/TC4xx/CpuGeneric/Port/Std/IfxPort.h ****  * \retval None
1007:../Libraries/iLLD/TC4xx/CpuGeneric/Port/Std/IfxPort.h ****  */
1008:../Libraries/iLLD/TC4xx/CpuGeneric/Port/Std/IfxPort.h **** IFX_EXTERN void IfxPort_configureESR(Ifx_P *port, uint8 pinIndex, IfxPort_EsrLevel esrLevel, IfxPor
1009:../Libraries/iLLD/TC4xx/CpuGeneric/Port/Std/IfxPort.h **** 
1010:../Libraries/iLLD/TC4xx/CpuGeneric/Port/Std/IfxPort.h **** /** \brief Configures access to all masters to all the Ports in the device.
1011:../Libraries/iLLD/TC4xx/CpuGeneric/Port/Std/IfxPort.h ****  * Note : By default the access protection group selected is 0 (PADCFG.ACCEN.B.GRP= 0) for all port
1012:../Libraries/iLLD/TC4xx/CpuGeneric/Port/Std/IfxPort.h ****  *
1013:../Libraries/iLLD/TC4xx/CpuGeneric/Port/Std/IfxPort.h ****  * \param[in] apConfig Config pointer to configuration structure.
1014:../Libraries/iLLD/TC4xx/CpuGeneric/Port/Std/IfxPort.h ****  *
1015:../Libraries/iLLD/TC4xx/CpuGeneric/Port/Std/IfxPort.h ****  * \retval None
1016:../Libraries/iLLD/TC4xx/CpuGeneric/Port/Std/IfxPort.h ****  */
1017:../Libraries/iLLD/TC4xx/CpuGeneric/Port/Std/IfxPort.h **** IFX_EXTERN void IfxPort_configureAccessToPorts(IfxApApu_ApuConfig *apConfig);
1018:../Libraries/iLLD/TC4xx/CpuGeneric/Port/Std/IfxPort.h **** 
1019:../Libraries/iLLD/TC4xx/CpuGeneric/Port/Std/IfxPort.h **** /** \brief write to the RST_CTRLA and RST_CTRLB register, to enable the reset of the selected PORT.
1020:../Libraries/iLLD/TC4xx/CpuGeneric/Port/Std/IfxPort.h ****  *
1021:../Libraries/iLLD/TC4xx/CpuGeneric/Port/Std/IfxPort.h ****  * \param[inout] port Pointer to the port which should be accessed.
1022:../Libraries/iLLD/TC4xx/CpuGeneric/Port/Std/IfxPort.h ****  *
1023:../Libraries/iLLD/TC4xx/CpuGeneric/Port/Std/IfxPort.h ****  * \retval None
1024:../Libraries/iLLD/TC4xx/CpuGeneric/Port/Std/IfxPort.h ****  */
1025:../Libraries/iLLD/TC4xx/CpuGeneric/Port/Std/IfxPort.h **** IFX_EXTERN void IfxPort_resetModule(Ifx_P *port);
1026:../Libraries/iLLD/TC4xx/CpuGeneric/Port/Std/IfxPort.h **** 
1027:../Libraries/iLLD/TC4xx/CpuGeneric/Port/Std/IfxPort.h **** /** \brief Api to configure xspi output driver.
1028:../Libraries/iLLD/TC4xx/CpuGeneric/Port/Std/IfxPort.h ****  *
1029:../Libraries/iLLD/TC4xx/CpuGeneric/Port/Std/IfxPort.h ****  * \param[inout] port     Pointer to the port which should be accessed.
1030:../Libraries/iLLD/TC4xx/CpuGeneric/Port/Std/IfxPort.h ****  * \param[in]    pinIndex Specifies the pin to be configured. Range: 0 to 15.
1031:../Libraries/iLLD/TC4xx/CpuGeneric/Port/Std/IfxPort.h ****  * \param[in]    modex    Specifies the port pin modex. Range: \ref IfxPort_Modex.
1032:../Libraries/iLLD/TC4xx/CpuGeneric/Port/Std/IfxPort.h ****  *
1033:../Libraries/iLLD/TC4xx/CpuGeneric/Port/Std/IfxPort.h ****  * \retval None
1034:../Libraries/iLLD/TC4xx/CpuGeneric/Port/Std/IfxPort.h ****  */
1035:../Libraries/iLLD/TC4xx/CpuGeneric/Port/Std/IfxPort.h **** IFX_EXTERN void IfxPort_setPinModex(Ifx_P *port, uint8 pinIndex, IfxPort_Modex modex);
1036:../Libraries/iLLD/TC4xx/CpuGeneric/Port/Std/IfxPort.h **** 
1037:../Libraries/iLLD/TC4xx/CpuGeneric/Port/Std/IfxPort.h **** /** \brief Configures access to all masters to all the Ports in the device.
1038:../Libraries/iLLD/TC4xx/CpuGeneric/Port/Std/IfxPort.h ****  * Note : By default the access protection group selected is 0 (PADCFG.ACCEN.B.GRP= 0) for all port
1039:../Libraries/iLLD/TC4xx/CpuGeneric/Port/Std/IfxPort.h ****  *
1040:../Libraries/iLLD/TC4xx/CpuGeneric/Port/Std/IfxPort.h ****  * \param[inout] port     Pointer to the port which should be accessed.
1041:../Libraries/iLLD/TC4xx/CpuGeneric/Port/Std/IfxPort.h ****  * \param[in]    group    Pad Access Groups. Range: \ref IfxPort_PadAccessGroup.
1042:../Libraries/iLLD/TC4xx/CpuGeneric/Port/Std/IfxPort.h ****  * \param[in]    apConfig Config pointer to configuration structure.
1043:../Libraries/iLLD/TC4xx/CpuGeneric/Port/Std/IfxPort.h ****  *
1044:../Libraries/iLLD/TC4xx/CpuGeneric/Port/Std/IfxPort.h ****  * \retval None
1045:../Libraries/iLLD/TC4xx/CpuGeneric/Port/Std/IfxPort.h ****  */
1046:../Libraries/iLLD/TC4xx/CpuGeneric/Port/Std/IfxPort.h **** IFX_EXTERN void IfxPort_configureAccessToPort(Ifx_P *port, IfxPort_PadAccessGroup group, void *apCo
1047:../Libraries/iLLD/TC4xx/CpuGeneric/Port/Std/IfxPort.h **** 
1048:../Libraries/iLLD/TC4xx/CpuGeneric/Port/Std/IfxPort.h **** #if defined(DEVICE_TC45X) || defined(DEVICE_TC46X) || defined(DEVICE_TC46XAA) || defined(DEVICE_TC4
1049:../Libraries/iLLD/TC4xx/CpuGeneric/Port/Std/IfxPort.h **** /** \brief Configures LDO.
1050:../Libraries/iLLD/TC4xx/CpuGeneric/Port/Std/IfxPort.h ****  *
1051:../Libraries/iLLD/TC4xx/CpuGeneric/Port/Std/IfxPort.h ****  * \param[inout] port       Pointer to the port which should be accessed.
1052:../Libraries/iLLD/TC4xx/CpuGeneric/Port/Std/IfxPort.h ****  * \param[in]   timerConfig Configure the timer. Range: \ref IfxPort_BlankingTimerConfig.
1053:../Libraries/iLLD/TC4xx/CpuGeneric/Port/Std/IfxPort.h ****  *
1054:../Libraries/iLLD/TC4xx/CpuGeneric/Port/Std/IfxPort.h ****  * \retval None
1055:../Libraries/iLLD/TC4xx/CpuGeneric/Port/Std/IfxPort.h ****  */
1056:../Libraries/iLLD/TC4xx/CpuGeneric/Port/Std/IfxPort.h **** IFX_EXTERN void IfxPort_configureLDO(Ifx_P *port, IfxPort_BlankingTimerConfig timerConfig);
1057:../Libraries/iLLD/TC4xx/CpuGeneric/Port/Std/IfxPort.h **** #endif /* #if defined(DEVICE_TC45X) || defined(DEVICE_TC46X) || defined(DEVICE_TC46XAA) || defined(
1058:../Libraries/iLLD/TC4xx/CpuGeneric/Port/Std/IfxPort.h **** 
1059:../Libraries/iLLD/TC4xx/CpuGeneric/Port/Std/IfxPort.h **** /******************************************************************************/
1060:../Libraries/iLLD/TC4xx/CpuGeneric/Port/Std/IfxPort.h **** /*---------------------Inline Function Implementations------------------------*/
1061:../Libraries/iLLD/TC4xx/CpuGeneric/Port/Std/IfxPort.h **** /******************************************************************************/
1062:../Libraries/iLLD/TC4xx/CpuGeneric/Port/Std/IfxPort.h **** 
1063:../Libraries/iLLD/TC4xx/CpuGeneric/Port/Std/IfxPort.h **** IFX_INLINE uint32 IfxPort_getGroupState(Ifx_P *port, uint8 pinIndex, uint16 mask)
1064:../Libraries/iLLD/TC4xx/CpuGeneric/Port/Std/IfxPort.h **** {
1065:../Libraries/iLLD/TC4xx/CpuGeneric/Port/Std/IfxPort.h ****     return (uint32)((port->IN.U) >> (pinIndex)) & mask;
1066:../Libraries/iLLD/TC4xx/CpuGeneric/Port/Std/IfxPort.h **** }
1067:../Libraries/iLLD/TC4xx/CpuGeneric/Port/Std/IfxPort.h **** 
1068:../Libraries/iLLD/TC4xx/CpuGeneric/Port/Std/IfxPort.h **** 
1069:../Libraries/iLLD/TC4xx/CpuGeneric/Port/Std/IfxPort.h **** IFX_INLINE boolean IfxPort_getPinState(Ifx_P *port, uint8 pinIndex)
1070:../Libraries/iLLD/TC4xx/CpuGeneric/Port/Std/IfxPort.h **** {
1071:../Libraries/iLLD/TC4xx/CpuGeneric/Port/Std/IfxPort.h **** #if defined(IFX_ILLD_TC_USAGE)
1072:../Libraries/iLLD/TC4xx/CpuGeneric/Port/Std/IfxPort.h ****     return __getbit(&port->IN.U, pinIndex);
1073:../Libraries/iLLD/TC4xx/CpuGeneric/Port/Std/IfxPort.h **** #else
1074:../Libraries/iLLD/TC4xx/CpuGeneric/Port/Std/IfxPort.h ****     return (boolean)((port->IN.U >> pinIndex) & 1U);
1075:../Libraries/iLLD/TC4xx/CpuGeneric/Port/Std/IfxPort.h **** #endif /* defined(IFX_ILLD_TC_USAGE) */
1076:../Libraries/iLLD/TC4xx/CpuGeneric/Port/Std/IfxPort.h **** }
1077:../Libraries/iLLD/TC4xx/CpuGeneric/Port/Std/IfxPort.h **** 
1078:../Libraries/iLLD/TC4xx/CpuGeneric/Port/Std/IfxPort.h **** 
1079:../Libraries/iLLD/TC4xx/CpuGeneric/Port/Std/IfxPort.h **** IFX_INLINE void IfxPort_setGroupState(Ifx_P *port, uint8 pinIndex, uint16 mask, uint16 data)
1080:../Libraries/iLLD/TC4xx/CpuGeneric/Port/Std/IfxPort.h **** {
1081:../Libraries/iLLD/TC4xx/CpuGeneric/Port/Std/IfxPort.h ****     port->OUT.U = (port->OUT.U & ~((uint32)(mask)) << pinIndex) | (data << pinIndex);
1082:../Libraries/iLLD/TC4xx/CpuGeneric/Port/Std/IfxPort.h **** }
1083:../Libraries/iLLD/TC4xx/CpuGeneric/Port/Std/IfxPort.h **** 
1084:../Libraries/iLLD/TC4xx/CpuGeneric/Port/Std/IfxPort.h **** 
1085:../Libraries/iLLD/TC4xx/CpuGeneric/Port/Std/IfxPort.h **** IFX_INLINE void IfxPort_setPinFunctionMode(Ifx_P *port, uint8 pinIndex, IfxPort_PinFunctionMode mod
1086:../Libraries/iLLD/TC4xx/CpuGeneric/Port/Std/IfxPort.h **** {
1087:../Libraries/iLLD/TC4xx/CpuGeneric/Port/Std/IfxPort.h **** #if (IFX_PROT_ENABLED == 1U)
1088:../Libraries/iLLD/TC4xx/CpuGeneric/Port/Std/IfxPort.h ****     IfxApProt_setState((Ifx_PROT_PROT *)&port->PROTSE, IfxApProt_State_config);
1089:../Libraries/iLLD/TC4xx/CpuGeneric/Port/Std/IfxPort.h **** #endif
1090:../Libraries/iLLD/TC4xx/CpuGeneric/Port/Std/IfxPort.h ****     port->PDISC.U = ((port->PDISC.U & ~(1 << pinIndex)) | (mode << pinIndex));
1091:../Libraries/iLLD/TC4xx/CpuGeneric/Port/Std/IfxPort.h **** 
1092:../Libraries/iLLD/TC4xx/CpuGeneric/Port/Std/IfxPort.h **** #if (IFX_PROT_ENABLED == 1U)
1093:../Libraries/iLLD/TC4xx/CpuGeneric/Port/Std/IfxPort.h ****     IfxApProt_setState((Ifx_PROT_PROT *)&port->PROTSE, IfxApProt_State_run);
1094:../Libraries/iLLD/TC4xx/CpuGeneric/Port/Std/IfxPort.h **** #endif
1095:../Libraries/iLLD/TC4xx/CpuGeneric/Port/Std/IfxPort.h **** }
1096:../Libraries/iLLD/TC4xx/CpuGeneric/Port/Std/IfxPort.h **** 
1097:../Libraries/iLLD/TC4xx/CpuGeneric/Port/Std/IfxPort.h **** 
1098:../Libraries/iLLD/TC4xx/CpuGeneric/Port/Std/IfxPort.h **** IFX_INLINE void IfxPort_setPinHigh(Ifx_P *port, uint8 pinIndex)
1099:../Libraries/iLLD/TC4xx/CpuGeneric/Port/Std/IfxPort.h **** {
1100:../Libraries/iLLD/TC4xx/CpuGeneric/Port/Std/IfxPort.h ****     IfxPort_setPinState(port, pinIndex, IfxPort_State_high);
1101:../Libraries/iLLD/TC4xx/CpuGeneric/Port/Std/IfxPort.h **** }
1102:../Libraries/iLLD/TC4xx/CpuGeneric/Port/Std/IfxPort.h **** 
1103:../Libraries/iLLD/TC4xx/CpuGeneric/Port/Std/IfxPort.h **** 
1104:../Libraries/iLLD/TC4xx/CpuGeneric/Port/Std/IfxPort.h **** IFX_INLINE void IfxPort_setPinLow(Ifx_P *port, uint8 pinIndex)
1105:../Libraries/iLLD/TC4xx/CpuGeneric/Port/Std/IfxPort.h **** {
1106:../Libraries/iLLD/TC4xx/CpuGeneric/Port/Std/IfxPort.h ****     IfxPort_setPinState(port, pinIndex, IfxPort_State_low);
1107:../Libraries/iLLD/TC4xx/CpuGeneric/Port/Std/IfxPort.h **** }
1108:../Libraries/iLLD/TC4xx/CpuGeneric/Port/Std/IfxPort.h **** 
1109:../Libraries/iLLD/TC4xx/CpuGeneric/Port/Std/IfxPort.h **** 
1110:../Libraries/iLLD/TC4xx/CpuGeneric/Port/Std/IfxPort.h **** IFX_INLINE void IfxPort_setPinModeInput(Ifx_P *port, uint8 pinIndex, IfxPort_InputMode mode)
1111:../Libraries/iLLD/TC4xx/CpuGeneric/Port/Std/IfxPort.h **** {
1112:../Libraries/iLLD/TC4xx/CpuGeneric/Port/Std/IfxPort.h ****     IfxPort_setPinMode(port, pinIndex, (IfxPort_Mode)mode);
 522              	 .loc 4 1112 5
 523 0008 0245     	 mov %d5,%d4
 524              	.LVL47:
 525 000a 39540C00 	 ld.bu %d4,[%a5]12
 526              	.LVL48:
 527 000e 99540800 	 ld.a %a4,[%a5]8
 528              	.LVL49:
 529 0012 6D000000 	 call IfxPort_setPinMode
 530              	.LVL50:
 531              	.LBE39:
 532              	.LBE38:
 244:../Libraries/iLLD/TC4xx/Tricore/Canxl/Std/IfxCanxl.c ****     IfxPort_setPinPadDriver(rxd->pin.port, rxd->pin.pinIndex, padDriver);
 533              	 .loc 1 244 5
 534 0016 0285     	 mov %d5,%d8
 535 0018 39C40C00 	 ld.bu %d4,[%a12]12
 536 001c 99C40800 	 ld.a %a4,[%a12]8
 537 0020 6D000000 	 call IfxPort_setPinPadDriver
 538              	.LVL51:
 245:../Libraries/iLLD/TC4xx/Tricore/Canxl/Std/IfxCanxl.c **** 
 246:../Libraries/iLLD/TC4xx/Tricore/Canxl/Std/IfxCanxl.c ****     /* RXSEL selects one out of 8 possible receive inputs */
 247:../Libraries/iLLD/TC4xx/Tricore/Canxl/Std/IfxCanxl.c ****     node->PORTCTRL.B.RXSEL = rxd->select;
 539              	 .loc 1 247 5
 540              	 .loc 1 247 33 is_stmt 0
 541 0024 19C31000 	 ld.w %d3,[%a12]16
 542              	 .loc 1 247 28
 543 0028 D9D23000 	 lea %a2,[%a13]48
 544 002c 19D23000 	 ld.w %d2,[%a13]48
 545 0030 37320320 	 insert %d2,%d2,%d3,0,3
 546 0034 7422     	 st.w [%a2]0,%d2
 248:../Libraries/iLLD/TC4xx/Tricore/Canxl/Std/IfxCanxl.c **** }
 547              	 .loc 1 248 1
 548 0036 0090     	 ret 
 549              	.LFE403:
 551              	 .global IfxCanxl_Node_initRxPin_end
 552              	IfxCanxl_Node_initRxPin_end:
 553              	 .section .text.IfxCanxl_Node_initTxPin,"ax",@progbits
 554              	 .align 1
 555              	 .global IfxCanxl_Node_initTxPin
 557              	IfxCanxl_Node_initTxPin:
 558              	.LFB404:
 249:../Libraries/iLLD/TC4xx/Tricore/Canxl/Std/IfxCanxl.c **** 
 250:../Libraries/iLLD/TC4xx/Tricore/Canxl/Std/IfxCanxl.c **** 
 251:../Libraries/iLLD/TC4xx/Tricore/Canxl/Std/IfxCanxl.c **** void IfxCanxl_Node_initTxPin(IfxCanxl_Txd_Out *txd, IfxPort_OutputMode mode, IfxPort_PadDriver padD
 252:../Libraries/iLLD/TC4xx/Tricore/Canxl/Std/IfxCanxl.c **** {
 559              	 .loc 1 252 1 is_stmt 1
 560              	.LVL52:
 561 0000 40AE     	 mov.aa %a14,%SP
 562              	.LCFI11:
 563 0002 404C     	 mov.aa %a12,%a4
 564 0004 0258     	 mov %d8,%d5
 253:../Libraries/iLLD/TC4xx/Tricore/Canxl/Std/IfxCanxl.c ****     IfxPort_setPinModeOutput(txd->pin.port, txd->pin.pinIndex, mode, txd->select);
 565              	 .loc 1 253 5
 566              	 .loc 1 253 73 is_stmt 0
 567 0006 19451000 	 ld.w %d5,[%a4]16
 568              	.LVL53:
 569              	.LBB40:
 570              	.LBB41:
1113:../Libraries/iLLD/TC4xx/CpuGeneric/Port/Std/IfxPort.h **** }
1114:../Libraries/iLLD/TC4xx/CpuGeneric/Port/Std/IfxPort.h **** 
1115:../Libraries/iLLD/TC4xx/CpuGeneric/Port/Std/IfxPort.h **** 
1116:../Libraries/iLLD/TC4xx/CpuGeneric/Port/Std/IfxPort.h **** IFX_INLINE void IfxPort_setPinModeOutput(Ifx_P *port, uint8 pinIndex, IfxPort_OutputMode mode, IfxP
1117:../Libraries/iLLD/TC4xx/CpuGeneric/Port/Std/IfxPort.h **** {
1118:../Libraries/iLLD/TC4xx/CpuGeneric/Port/Std/IfxPort.h ****     IfxPort_setPinMode(port, pinIndex, (IfxPort_Mode)(index | mode));
 571              	 .loc 4 1118 5 is_stmt 1
 572 000a A645     	 or %d5,%d4
 573              	.LVL54:
 574 000c 39440C00 	 ld.bu %d4,[%a4]12
 575              	.LVL55:
 576 0010 99440800 	 ld.a %a4,[%a4]8
 577              	.LVL56:
 578 0014 6D000000 	 call IfxPort_setPinMode
 579              	.LVL57:
 580              	.LBE41:
 581              	.LBE40:
 254:../Libraries/iLLD/TC4xx/Tricore/Canxl/Std/IfxCanxl.c ****     IfxPort_setPinPadDriver(txd->pin.port, txd->pin.pinIndex, padDriver);
 582              	 .loc 1 254 5
 583 0018 0285     	 mov %d5,%d8
 584 001a 39C40C00 	 ld.bu %d4,[%a12]12
 585 001e 99C40800 	 ld.a %a4,[%a12]8
 586 0022 6D000000 	 call IfxPort_setPinPadDriver
 587              	.LVL58:
 255:../Libraries/iLLD/TC4xx/Tricore/Canxl/Std/IfxCanxl.c **** }
 588              	 .loc 1 255 1 is_stmt 0
 589 0026 0090     	 ret 
 590              	.LFE404:
 592              	 .global IfxCanxl_Node_initTxPin_end
 593              	IfxCanxl_Node_initTxPin_end:
 594              	 .section .text.IfxCanxl_Node_configurePwmEncoder,"ax",@progbits
 595              	 .align 1
 596              	 .global IfxCanxl_Node_configurePwmEncoder
 598              	IfxCanxl_Node_configurePwmEncoder:
 599              	.LFB405:
 256:../Libraries/iLLD/TC4xx/Tricore/Canxl/Std/IfxCanxl.c **** 
 257:../Libraries/iLLD/TC4xx/Tricore/Canxl/Std/IfxCanxl.c **** 
 258:../Libraries/iLLD/TC4xx/Tricore/Canxl/Std/IfxCanxl.c **** boolean IfxCanxl_Node_configurePwmEncoder(Ifx_CANXL_N *node, uint8 shortPhase, uint8 longPhase, uin
 259:../Libraries/iLLD/TC4xx/Tricore/Canxl/Std/IfxCanxl.c **** {
 600              	 .loc 1 259 1 is_stmt 1
 601              	.LVL59:
 602 0000 40AE     	 mov.aa %a14,%SP
 603              	.LCFI12:
 260:../Libraries/iLLD/TC4xx/Tricore/Canxl/Std/IfxCanxl.c ****     boolean result = FALSE;
 604              	 .loc 1 260 5
 605              	.LVL60:
 261:../Libraries/iLLD/TC4xx/Tricore/Canxl/Std/IfxCanxl.c **** 
 262:../Libraries/iLLD/TC4xx/Tricore/Canxl/Std/IfxCanxl.c ****     /* PWMO shall always be smaller than the PWM symbol length */
 263:../Libraries/iLLD/TC4xx/Tricore/Canxl/Std/IfxCanxl.c ****     if ((uint16)offset < IFXCANXL_CALC_PWM_SYMBOL_LENGTH(shortPhase, longPhase))
 606              	 .loc 1 263 5
 607              	 .loc 1 263 26 is_stmt 0
 608 0002 0B540020 	 add %d2,%d4,%d5
 609 0006 C222     	 add %d2,2
 610              	 .loc 1 263 8
 611 0008 7F260080 	 jge.u %d6,%d2,.L23
 612              	.LBB42:
 264:../Libraries/iLLD/TC4xx/Tricore/Canxl/Std/IfxCanxl.c ****     {
 265:../Libraries/iLLD/TC4xx/Tricore/Canxl/Std/IfxCanxl.c ****         Ifx_CANXL_N_PCFG pcfgReg;
 613              	 .loc 1 265 9 is_stmt 1
 266:../Libraries/iLLD/TC4xx/Tricore/Canxl/Std/IfxCanxl.c **** 
 267:../Libraries/iLLD/TC4xx/Tricore/Canxl/Std/IfxCanxl.c ****         /* Copy values into register variable*/
 268:../Libraries/iLLD/TC4xx/Tricore/Canxl/Std/IfxCanxl.c ****         pcfgReg.B.PWMS = shortPhase;
 614              	 .loc 1 268 9
 615              	 .loc 1 268 24 is_stmt 0
 616 000c 8202     	 mov %d2,0
 617              	.LVL61:
 618 000e 37420620 	 insert %d2,%d2,%d4,0,6
 619              	.LVL62:
 269:../Libraries/iLLD/TC4xx/Tricore/Canxl/Std/IfxCanxl.c ****         pcfgReg.B.PWML = longPhase;
 620              	 .loc 1 269 9 is_stmt 1
 621              	 .loc 1 269 24 is_stmt 0
 622 0012 37520624 	 insert %d2,%d2,%d5,8,6
 270:../Libraries/iLLD/TC4xx/Tricore/Canxl/Std/IfxCanxl.c ****         pcfgReg.B.PWMO = offset;
 623              	 .loc 1 270 9 is_stmt 1
 624              	 .loc 1 270 24 is_stmt 0
 625 0016 37620628 	 insert %d2,%d2,%d6,16,6
 271:../Libraries/iLLD/TC4xx/Tricore/Canxl/Std/IfxCanxl.c **** 
 272:../Libraries/iLLD/TC4xx/Tricore/Canxl/Std/IfxCanxl.c ****         /* Set register value */
 273:../Libraries/iLLD/TC4xx/Tricore/Canxl/Std/IfxCanxl.c ****         node->PCFG.U = pcfgReg.U;
 626              	 .loc 1 273 9 is_stmt 1
 627              	 .loc 1 273 22 is_stmt 0
 628 001a 5942B051 	 st.w [%a4]6512,%d2
 274:../Libraries/iLLD/TC4xx/Tricore/Canxl/Std/IfxCanxl.c ****         result       = TRUE;
 629              	 .loc 1 274 9 is_stmt 1
 630              	.LVL63:
 631              	 .loc 1 274 22 is_stmt 0
 632 001e 8212     	 mov %d2,1
 633              	.LVL64:
 634 0020 0090     	 ret 
 635              	.LVL65:
 636              	.L23:
 637              	.LBE42:
 260:../Libraries/iLLD/TC4xx/Tricore/Canxl/Std/IfxCanxl.c **** 
 638              	 .loc 1 260 13
 639 0022 8202     	 mov %d2,0
 640              	.LVL66:
 275:../Libraries/iLLD/TC4xx/Tricore/Canxl/Std/IfxCanxl.c ****     }
 276:../Libraries/iLLD/TC4xx/Tricore/Canxl/Std/IfxCanxl.c **** 
 277:../Libraries/iLLD/TC4xx/Tricore/Canxl/Std/IfxCanxl.c ****     return result;
 641              	 .loc 1 277 5 is_stmt 1
 278:../Libraries/iLLD/TC4xx/Tricore/Canxl/Std/IfxCanxl.c **** }
 642              	 .loc 1 278 1 is_stmt 0
 643 0024 0090     	 ret 
 644              	.LFE405:
 646              	 .global IfxCanxl_Node_configurePwmEncoder_end
 647              	IfxCanxl_Node_configurePwmEncoder_end:
 648              	 .section .text.IfxCanxl_Node_setOperationMode,"ax",@progbits
 649              	 .align 1
 650              	 .global IfxCanxl_Node_setOperationMode
 652              	IfxCanxl_Node_setOperationMode:
 653              	.LFB406:
 279:../Libraries/iLLD/TC4xx/Tricore/Canxl/Std/IfxCanxl.c **** 
 280:../Libraries/iLLD/TC4xx/Tricore/Canxl/Std/IfxCanxl.c **** 
 281:../Libraries/iLLD/TC4xx/Tricore/Canxl/Std/IfxCanxl.c **** void IfxCanxl_Node_setOperationMode(Ifx_CANXL_N *node, IfxCanxl_Node_OperationMode mode)
 282:../Libraries/iLLD/TC4xx/Tricore/Canxl/Std/IfxCanxl.c **** {
 654              	 .loc 1 282 1 is_stmt 1
 655              	.LVL67:
 656 0000 40AE     	 mov.aa %a14,%SP
 657              	.LCFI13:
 283:../Libraries/iLLD/TC4xx/Tricore/Canxl/Std/IfxCanxl.c ****     Ifx_CANXL_N_MODE modeReg;
 658              	 .loc 1 283 5
 284:../Libraries/iLLD/TC4xx/Tricore/Canxl/Std/IfxCanxl.c **** 
 285:../Libraries/iLLD/TC4xx/Tricore/Canxl/Std/IfxCanxl.c ****     /* 1. Read current value */
 286:../Libraries/iLLD/TC4xx/Tricore/Canxl/Std/IfxCanxl.c ****     modeReg.U = node->MODE.U;
 659              	 .loc 1 286 5
 660              	 .loc 1 286 27 is_stmt 0
 661 0002 1942A051 	 ld.w %d2,[%a4]6496
 662              	.LVL68:
 287:../Libraries/iLLD/TC4xx/Tricore/Canxl/Std/IfxCanxl.c **** 
 288:../Libraries/iLLD/TC4xx/Tricore/Canxl/Std/IfxCanxl.c ****     /* 2. Set the bitfields according to operation mode */
 289:../Libraries/iLLD/TC4xx/Tricore/Canxl/Std/IfxCanxl.c ****     switch (mode)
 663              	 .loc 1 289 5 is_stmt 1
 664 0006 FF440080 	 jge.u %d4,4,.L25
 665 000a 91000020 	 movh.a %a2,hi:.L27
 666 000e D9220000 	 lea %a2,[%a2]lo:.L27
 667 0012 01240226 	 addsc.a %a2,%a2,%d4,2
 668 0016 DC02     	 ji %a2
 669              	 .align 2
 670              	 .align 2
 671              	.L27:
 672              	 .code32
 673 0018 1D000000 	 j .L30
 674              	 .code32
 675 001c 1D000000 	 j .L29
 676              	 .code32
 677 0020 1D000000 	 j .L28
 678              	 .code32
 679 0024 1D000000 	 j .L26
 680              	.L30:
 290:../Libraries/iLLD/TC4xx/Tricore/Canxl/Std/IfxCanxl.c ****     {
 291:../Libraries/iLLD/TC4xx/Tricore/Canxl/Std/IfxCanxl.c ****     case IfxCanxl_Node_OperationMode_classical:
 292:../Libraries/iLLD/TC4xx/Tricore/Canxl/Std/IfxCanxl.c ****     {
 293:../Libraries/iLLD/TC4xx/Tricore/Canxl/Std/IfxCanxl.c ****         modeReg.B.FDOE = 0u;    /* 0: Node is FD tolerant */
 681              	 .loc 1 293 9
 294:../Libraries/iLLD/TC4xx/Tricore/Canxl/Std/IfxCanxl.c ****         modeReg.B.XLOE = 0u;    /* 0: No arbitration during FDF bit */
 682              	 .loc 1 294 9
 683              	 .loc 1 294 24 is_stmt 0
 684 0028 8F32C021 	 andn %d2,%d2,~(-4)
 685              	.LVL69:
 295:../Libraries/iLLD/TC4xx/Tricore/Canxl/Std/IfxCanxl.c ****         modeReg.B.XLTR = 0u;    /* 0: XL Transceiver Disconnected */
 686              	 .loc 1 295 9 is_stmt 1
 687              	 .loc 1 295 24 is_stmt 0
 688 002c B7028124 	 insert %d2,%d2,0,9,1
 689              	.LVL70:
 296:../Libraries/iLLD/TC4xx/Tricore/Canxl/Std/IfxCanxl.c ****         modeReg.B.EFDI = 0u;    /* 0: Error Signaling is enabled  */
 690              	 .loc 1 296 9 is_stmt 1
 691              	 .loc 1 296 24 is_stmt 0
 692 0030 B7020125 	 insert %d2,%d2,0,10,1
 693              	.LVL71:
 297:../Libraries/iLLD/TC4xx/Tricore/Canxl/Std/IfxCanxl.c ****         break;
 694              	 .loc 1 297 9 is_stmt 1
 695              	.L31:
 298:../Libraries/iLLD/TC4xx/Tricore/Canxl/Std/IfxCanxl.c ****     }
 299:../Libraries/iLLD/TC4xx/Tricore/Canxl/Std/IfxCanxl.c ****     case IfxCanxl_Node_OperationMode_classicalAndFd:
 300:../Libraries/iLLD/TC4xx/Tricore/Canxl/Std/IfxCanxl.c ****     {
 301:../Libraries/iLLD/TC4xx/Tricore/Canxl/Std/IfxCanxl.c ****         modeReg.B.FDOE = 1u;    /* 1: Node is FD enabled */
 302:../Libraries/iLLD/TC4xx/Tricore/Canxl/Std/IfxCanxl.c ****         modeReg.B.XLOE = 0u;    /* 0: No arbitration during FDF bit */
 303:../Libraries/iLLD/TC4xx/Tricore/Canxl/Std/IfxCanxl.c ****         modeReg.B.XLTR = 0u;    /* 0: XL Transceiver Disconnected */
 304:../Libraries/iLLD/TC4xx/Tricore/Canxl/Std/IfxCanxl.c ****         modeReg.B.EFDI = 0u;    /* 0: Error Signaling is enabled  */
 305:../Libraries/iLLD/TC4xx/Tricore/Canxl/Std/IfxCanxl.c ****         break;
 306:../Libraries/iLLD/TC4xx/Tricore/Canxl/Std/IfxCanxl.c ****     }
 307:../Libraries/iLLD/TC4xx/Tricore/Canxl/Std/IfxCanxl.c ****     case IfxCanxl_Node_OperationMode_classicalAndFdAndXl:
 308:../Libraries/iLLD/TC4xx/Tricore/Canxl/Std/IfxCanxl.c ****     {
 309:../Libraries/iLLD/TC4xx/Tricore/Canxl/Std/IfxCanxl.c ****         modeReg.B.FDOE = 1u;    /* 1: Node is FD enabled */
 310:../Libraries/iLLD/TC4xx/Tricore/Canxl/Std/IfxCanxl.c ****         modeReg.B.XLOE = 1u;    /* 1: Arbitration during FDF bit and XLF bit */
 311:../Libraries/iLLD/TC4xx/Tricore/Canxl/Std/IfxCanxl.c ****         modeReg.B.XLTR = 0u;    /* 0: XL Transceiver Disconnected */
 312:../Libraries/iLLD/TC4xx/Tricore/Canxl/Std/IfxCanxl.c ****         modeReg.B.EFDI = 0u;    /* 0: Error Signaling is enabled  */
 313:../Libraries/iLLD/TC4xx/Tricore/Canxl/Std/IfxCanxl.c ****         break;
 314:../Libraries/iLLD/TC4xx/Tricore/Canxl/Std/IfxCanxl.c ****     }
 315:../Libraries/iLLD/TC4xx/Tricore/Canxl/Std/IfxCanxl.c ****     case IfxCanxl_Node_OperationMode_xl:
 316:../Libraries/iLLD/TC4xx/Tricore/Canxl/Std/IfxCanxl.c ****     {
 317:../Libraries/iLLD/TC4xx/Tricore/Canxl/Std/IfxCanxl.c ****         modeReg.B.FDOE = 1u;    /* 1: Node is FD enabled */
 318:../Libraries/iLLD/TC4xx/Tricore/Canxl/Std/IfxCanxl.c ****         modeReg.B.XLOE = 1u;    /* 1: Arbitration during FDF bit and XLF bit */
 319:../Libraries/iLLD/TC4xx/Tricore/Canxl/Std/IfxCanxl.c ****         modeReg.B.XLTR = 0u;    /* 0: XL Transceiver Disconnected */
 320:../Libraries/iLLD/TC4xx/Tricore/Canxl/Std/IfxCanxl.c ****         modeReg.B.EFDI = 1u;    /* 1: Error Signaling is disabled and only CAN XL frames are transm
 321:../Libraries/iLLD/TC4xx/Tricore/Canxl/Std/IfxCanxl.c ****         break;
 322:../Libraries/iLLD/TC4xx/Tricore/Canxl/Std/IfxCanxl.c ****     }
 323:../Libraries/iLLD/TC4xx/Tricore/Canxl/Std/IfxCanxl.c ****     case IfxCanxl_Node_OperationMode_xlWithTransciever:
 324:../Libraries/iLLD/TC4xx/Tricore/Canxl/Std/IfxCanxl.c ****     default:
 325:../Libraries/iLLD/TC4xx/Tricore/Canxl/Std/IfxCanxl.c ****     {
 326:../Libraries/iLLD/TC4xx/Tricore/Canxl/Std/IfxCanxl.c ****         modeReg.B.FDOE = 1u;    /* 1: Node is FD enabled */
 327:../Libraries/iLLD/TC4xx/Tricore/Canxl/Std/IfxCanxl.c ****         modeReg.B.XLOE = 1u;    /* 1: Arbitration during FDF bit and XLF bit */
 328:../Libraries/iLLD/TC4xx/Tricore/Canxl/Std/IfxCanxl.c ****         modeReg.B.XLTR = 1u;    /* 1: XL Transceiver Connected */
 329:../Libraries/iLLD/TC4xx/Tricore/Canxl/Std/IfxCanxl.c ****         modeReg.B.EFDI = 1u;    /* 1: Error Signaling is disabled and only CAN XL frames are transm
 330:../Libraries/iLLD/TC4xx/Tricore/Canxl/Std/IfxCanxl.c ****         break;
 331:../Libraries/iLLD/TC4xx/Tricore/Canxl/Std/IfxCanxl.c ****     }
 332:../Libraries/iLLD/TC4xx/Tricore/Canxl/Std/IfxCanxl.c ****     }
 333:../Libraries/iLLD/TC4xx/Tricore/Canxl/Std/IfxCanxl.c **** 
 334:../Libraries/iLLD/TC4xx/Tricore/Canxl/Std/IfxCanxl.c ****     /* 3. Write back to register */
 335:../Libraries/iLLD/TC4xx/Tricore/Canxl/Std/IfxCanxl.c ****     node->MODE.U = modeReg.U;
 696              	 .loc 1 335 5
 697              	 .loc 1 335 18 is_stmt 0
 698 0034 5942A051 	 st.w [%a4]6496,%d2
 336:../Libraries/iLLD/TC4xx/Tricore/Canxl/Std/IfxCanxl.c **** }
 699              	 .loc 1 336 1
 700 0038 0090     	 ret 
 701              	.L29:
 301:../Libraries/iLLD/TC4xx/Tricore/Canxl/Std/IfxCanxl.c ****         modeReg.B.XLOE = 0u;    /* 0: No arbitration during FDF bit */
 702              	 .loc 1 301 9 is_stmt 1
 301:../Libraries/iLLD/TC4xx/Tricore/Canxl/Std/IfxCanxl.c ****         modeReg.B.XLOE = 0u;    /* 0: No arbitration during FDF bit */
 703              	 .loc 1 301 24 is_stmt 0
 704 003a B7120120 	 insert %d2,%d2,1,0,1
 302:../Libraries/iLLD/TC4xx/Tricore/Canxl/Std/IfxCanxl.c ****         modeReg.B.XLTR = 0u;    /* 0: XL Transceiver Disconnected */
 705              	 .loc 1 302 9 is_stmt 1
 302:../Libraries/iLLD/TC4xx/Tricore/Canxl/Std/IfxCanxl.c ****         modeReg.B.XLTR = 0u;    /* 0: XL Transceiver Disconnected */
 706              	 .loc 1 302 24 is_stmt 0
 707 003e 8F22C021 	 andn %d2,%d2,~(-3)
 708              	.LVL72:
 303:../Libraries/iLLD/TC4xx/Tricore/Canxl/Std/IfxCanxl.c ****         modeReg.B.EFDI = 0u;    /* 0: Error Signaling is enabled  */
 709              	 .loc 1 303 9 is_stmt 1
 303:../Libraries/iLLD/TC4xx/Tricore/Canxl/Std/IfxCanxl.c ****         modeReg.B.EFDI = 0u;    /* 0: Error Signaling is enabled  */
 710              	 .loc 1 303 24 is_stmt 0
 711 0042 B7028124 	 insert %d2,%d2,0,9,1
 712              	.LVL73:
 304:../Libraries/iLLD/TC4xx/Tricore/Canxl/Std/IfxCanxl.c ****         break;
 713              	 .loc 1 304 9 is_stmt 1
 304:../Libraries/iLLD/TC4xx/Tricore/Canxl/Std/IfxCanxl.c ****         break;
 714              	 .loc 1 304 24 is_stmt 0
 715 0046 B7020125 	 insert %d2,%d2,0,10,1
 716              	.LVL74:
 305:../Libraries/iLLD/TC4xx/Tricore/Canxl/Std/IfxCanxl.c ****     }
 717              	 .loc 1 305 9 is_stmt 1
 718 004a 1D000000 	 j .L31
 719              	.LVL75:
 720              	.L28:
 309:../Libraries/iLLD/TC4xx/Tricore/Canxl/Std/IfxCanxl.c ****         modeReg.B.XLOE = 1u;    /* 1: Arbitration during FDF bit and XLF bit */
 721              	 .loc 1 309 9
 309:../Libraries/iLLD/TC4xx/Tricore/Canxl/Std/IfxCanxl.c ****         modeReg.B.XLOE = 1u;    /* 1: Arbitration during FDF bit and XLF bit */
 722              	 .loc 1 309 24 is_stmt 0
 723 004e B7120120 	 insert %d2,%d2,1,0,1
 310:../Libraries/iLLD/TC4xx/Tricore/Canxl/Std/IfxCanxl.c ****         modeReg.B.XLTR = 0u;    /* 0: XL Transceiver Disconnected */
 724              	 .loc 1 310 9 is_stmt 1
 310:../Libraries/iLLD/TC4xx/Tricore/Canxl/Std/IfxCanxl.c ****         modeReg.B.XLTR = 0u;    /* 0: XL Transceiver Disconnected */
 725              	 .loc 1 310 24 is_stmt 0
 726 0052 B7128120 	 insert %d2,%d2,1,1,1
 311:../Libraries/iLLD/TC4xx/Tricore/Canxl/Std/IfxCanxl.c ****         modeReg.B.EFDI = 0u;    /* 0: Error Signaling is enabled  */
 727              	 .loc 1 311 9 is_stmt 1
 312:../Libraries/iLLD/TC4xx/Tricore/Canxl/Std/IfxCanxl.c ****         break;
 728              	 .loc 1 312 9
 312:../Libraries/iLLD/TC4xx/Tricore/Canxl/Std/IfxCanxl.c ****         break;
 729              	 .loc 1 312 24 is_stmt 0
 730 0056 B7028224 	 insert %d2,%d2,0,9,2
 731              	.LVL76:
 313:../Libraries/iLLD/TC4xx/Tricore/Canxl/Std/IfxCanxl.c ****     }
 732              	 .loc 1 313 9 is_stmt 1
 733 005a 1D000000 	 j .L31
 734              	.LVL77:
 735              	.L26:
 317:../Libraries/iLLD/TC4xx/Tricore/Canxl/Std/IfxCanxl.c ****         modeReg.B.XLOE = 1u;    /* 1: Arbitration during FDF bit and XLF bit */
 736              	 .loc 1 317 9
 317:../Libraries/iLLD/TC4xx/Tricore/Canxl/Std/IfxCanxl.c ****         modeReg.B.XLOE = 1u;    /* 1: Arbitration during FDF bit and XLF bit */
 737              	 .loc 1 317 24 is_stmt 0
 738 005e B7120120 	 insert %d2,%d2,1,0,1
 318:../Libraries/iLLD/TC4xx/Tricore/Canxl/Std/IfxCanxl.c ****         modeReg.B.XLTR = 0u;    /* 0: XL Transceiver Disconnected */
 739              	 .loc 1 318 9 is_stmt 1
 318:../Libraries/iLLD/TC4xx/Tricore/Canxl/Std/IfxCanxl.c ****         modeReg.B.XLTR = 0u;    /* 0: XL Transceiver Disconnected */
 740              	 .loc 1 318 24 is_stmt 0
 741 0062 B7128120 	 insert %d2,%d2,1,1,1
 319:../Libraries/iLLD/TC4xx/Tricore/Canxl/Std/IfxCanxl.c ****         modeReg.B.EFDI = 1u;    /* 1: Error Signaling is disabled and only CAN XL frames are transm
 742              	 .loc 1 319 9 is_stmt 1
 319:../Libraries/iLLD/TC4xx/Tricore/Canxl/Std/IfxCanxl.c ****         modeReg.B.EFDI = 1u;    /* 1: Error Signaling is disabled and only CAN XL frames are transm
 743              	 .loc 1 319 24 is_stmt 0
 744 0066 B7028124 	 insert %d2,%d2,0,9,1
 745              	.LVL78:
 320:../Libraries/iLLD/TC4xx/Tricore/Canxl/Std/IfxCanxl.c ****         break;
 746              	 .loc 1 320 9 is_stmt 1
 320:../Libraries/iLLD/TC4xx/Tricore/Canxl/Std/IfxCanxl.c ****         break;
 747              	 .loc 1 320 24 is_stmt 0
 748 006a B7120125 	 insert %d2,%d2,1,10,1
 749              	.LVL79:
 321:../Libraries/iLLD/TC4xx/Tricore/Canxl/Std/IfxCanxl.c ****     }
 750              	 .loc 1 321 9 is_stmt 1
 751 006e 1D000000 	 j .L31
 752              	.L25:
 326:../Libraries/iLLD/TC4xx/Tricore/Canxl/Std/IfxCanxl.c ****         modeReg.B.XLOE = 1u;    /* 1: Arbitration during FDF bit and XLF bit */
 753              	 .loc 1 326 9
 326:../Libraries/iLLD/TC4xx/Tricore/Canxl/Std/IfxCanxl.c ****         modeReg.B.XLOE = 1u;    /* 1: Arbitration during FDF bit and XLF bit */
 754              	 .loc 1 326 24 is_stmt 0
 755 0072 B7120120 	 insert %d2,%d2,1,0,1
 327:../Libraries/iLLD/TC4xx/Tricore/Canxl/Std/IfxCanxl.c ****         modeReg.B.XLTR = 1u;    /* 1: XL Transceiver Connected */
 756              	 .loc 1 327 9 is_stmt 1
 327:../Libraries/iLLD/TC4xx/Tricore/Canxl/Std/IfxCanxl.c ****         modeReg.B.XLTR = 1u;    /* 1: XL Transceiver Connected */
 757              	 .loc 1 327 24 is_stmt 0
 758 0076 B7128120 	 insert %d2,%d2,1,1,1
 328:../Libraries/iLLD/TC4xx/Tricore/Canxl/Std/IfxCanxl.c ****         modeReg.B.EFDI = 1u;    /* 1: Error Signaling is disabled and only CAN XL frames are transm
 759              	 .loc 1 328 9 is_stmt 1
 328:../Libraries/iLLD/TC4xx/Tricore/Canxl/Std/IfxCanxl.c ****         modeReg.B.EFDI = 1u;    /* 1: Error Signaling is disabled and only CAN XL frames are transm
 760              	 .loc 1 328 24 is_stmt 0
 761 007a B7128124 	 insert %d2,%d2,1,9,1
 329:../Libraries/iLLD/TC4xx/Tricore/Canxl/Std/IfxCanxl.c ****         break;
 762              	 .loc 1 329 9 is_stmt 1
 329:../Libraries/iLLD/TC4xx/Tricore/Canxl/Std/IfxCanxl.c ****         break;
 763              	 .loc 1 329 24 is_stmt 0
 764 007e B7120125 	 insert %d2,%d2,1,10,1
 330:../Libraries/iLLD/TC4xx/Tricore/Canxl/Std/IfxCanxl.c ****     }
 765              	 .loc 1 330 9 is_stmt 1
 766 0082 1D000000 	 j .L31
 767              	.LFE406:
 769              	 .global IfxCanxl_Node_setOperationMode_end
 770              	IfxCanxl_Node_setOperationMode_end:
 771 0086 0000     	 .section .text.IfxCanxl_Node_setNominalBitTimingValues,"ax",@progbits
 772              	 .align 1
 773              	 .global IfxCanxl_Node_setNominalBitTimingValues
 775              	IfxCanxl_Node_setNominalBitTimingValues:
 776              	.LFB407:
 337:../Libraries/iLLD/TC4xx/Tricore/Canxl/Std/IfxCanxl.c **** 
 338:../Libraries/iLLD/TC4xx/Tricore/Canxl/Std/IfxCanxl.c **** 
 339:../Libraries/iLLD/TC4xx/Tricore/Canxl/Std/IfxCanxl.c **** void IfxCanxl_Node_setNominalBitTimingValues(Ifx_CANXL_N *node, uint8 syncJumpWidth, uint8 timeSegm
 340:../Libraries/iLLD/TC4xx/Tricore/Canxl/Std/IfxCanxl.c **** {
 777              	 .loc 1 340 1
 778              	.LVL80:
 779 0000 40AE     	 mov.aa %a14,%SP
 780              	.LCFI14:
 341:../Libraries/iLLD/TC4xx/Tricore/Canxl/Std/IfxCanxl.c ****     Ifx_CANXL_N_NBTP nbtpReg;
 781              	 .loc 1 341 5
 342:../Libraries/iLLD/TC4xx/Tricore/Canxl/Std/IfxCanxl.c **** 
 343:../Libraries/iLLD/TC4xx/Tricore/Canxl/Std/IfxCanxl.c ****     nbtpReg.B.NSJW   = syncJumpWidth;
 782              	 .loc 1 343 5
 783              	 .loc 1 343 22 is_stmt 0
 784 0002 8202     	 mov %d2,0
 785              	.LVL81:
 786 0004 37420720 	 insert %d2,%d2,%d4,0,7
 787              	.LVL82:
 344:../Libraries/iLLD/TC4xx/Tricore/Canxl/Std/IfxCanxl.c ****     nbtpReg.B.NTSEG1 = timeSegment1;
 788              	 .loc 1 344 5 is_stmt 1
 789              	 .loc 1 344 22 is_stmt 0
 790 0008 37620928 	 insert %d2,%d2,%d6,16,9
 345:../Libraries/iLLD/TC4xx/Tricore/Canxl/Std/IfxCanxl.c ****     nbtpReg.B.NTSEG2 = timeSegment2;
 791              	 .loc 1 345 5 is_stmt 1
 792              	 .loc 1 345 22 is_stmt 0
 793 000c 37520724 	 insert %d2,%d2,%d5,8,7
 346:../Libraries/iLLD/TC4xx/Tricore/Canxl/Std/IfxCanxl.c ****     nbtpReg.B.BRP    = prescaler;
 794              	 .loc 1 346 5 is_stmt 1
 795              	 .loc 1 346 22 is_stmt 0
 796 0010 3772852C 	 insert %d2,%d2,%d7,25,5
 347:../Libraries/iLLD/TC4xx/Tricore/Canxl/Std/IfxCanxl.c **** 
 348:../Libraries/iLLD/TC4xx/Tricore/Canxl/Std/IfxCanxl.c ****     node->NBTP.U     = nbtpReg.U;
 797              	 .loc 1 348 5 is_stmt 1
 798              	 .loc 1 348 22 is_stmt 0
 799 0014 5942A451 	 st.w [%a4]6500,%d2
 349:../Libraries/iLLD/TC4xx/Tricore/Canxl/Std/IfxCanxl.c **** }
 800              	 .loc 1 349 1
 801 0018 0090     	 ret 
 802              	.LFE407:
 804              	 .global IfxCanxl_Node_setNominalBitTimingValues_end
 805              	IfxCanxl_Node_setNominalBitTimingValues_end:
 806              	 .section .text.IfxCanxl_Node_setFdDataBitTimingValues,"ax",@progbits
 807              	 .align 1
 808              	 .global IfxCanxl_Node_setFdDataBitTimingValues
 810              	IfxCanxl_Node_setFdDataBitTimingValues:
 811              	.LFB408:
 350:../Libraries/iLLD/TC4xx/Tricore/Canxl/Std/IfxCanxl.c **** 
 351:../Libraries/iLLD/TC4xx/Tricore/Canxl/Std/IfxCanxl.c **** 
 352:../Libraries/iLLD/TC4xx/Tricore/Canxl/Std/IfxCanxl.c **** void IfxCanxl_Node_setFdDataBitTimingValues(Ifx_CANXL_N *node, uint8 syncJumpWidth, uint8 timeSegme
 353:../Libraries/iLLD/TC4xx/Tricore/Canxl/Std/IfxCanxl.c **** {
 812              	 .loc 1 353 1 is_stmt 1
 813              	.LVL83:
 814 0000 40AE     	 mov.aa %a14,%SP
 815              	.LCFI15:
 354:../Libraries/iLLD/TC4xx/Tricore/Canxl/Std/IfxCanxl.c ****     Ifx_CANXL_N_DBTP dbtpReg;
 816              	 .loc 1 354 5
 355:../Libraries/iLLD/TC4xx/Tricore/Canxl/Std/IfxCanxl.c **** 
 356:../Libraries/iLLD/TC4xx/Tricore/Canxl/Std/IfxCanxl.c ****     dbtpReg.B.DSJW   = syncJumpWidth;
 817              	 .loc 1 356 5
 818              	 .loc 1 356 22 is_stmt 0
 819 0002 8202     	 mov %d2,0
 820              	.LVL84:
 821 0004 37420720 	 insert %d2,%d2,%d4,0,7
 822              	.LVL85:
 357:../Libraries/iLLD/TC4xx/Tricore/Canxl/Std/IfxCanxl.c ****     dbtpReg.B.DTSEG1 = timeSegment1;
 823              	 .loc 1 357 5 is_stmt 1
 824              	 .loc 1 357 22 is_stmt 0
 825 0008 37620828 	 insert %d2,%d2,%d6,16,8
 358:../Libraries/iLLD/TC4xx/Tricore/Canxl/Std/IfxCanxl.c ****     dbtpReg.B.DTSEG2 = timeSegment2;
 826              	 .loc 1 358 5 is_stmt 1
 827              	 .loc 1 358 22 is_stmt 0
 828 000c 37520724 	 insert %d2,%d2,%d5,8,7
 359:../Libraries/iLLD/TC4xx/Tricore/Canxl/Std/IfxCanxl.c ****     dbtpReg.B.DTDCO  = delayOffset;
 829              	 .loc 1 359 5 is_stmt 1
 830              	 .loc 1 359 22 is_stmt 0
 831 0010 3772082C 	 insert %d2,%d2,%d7,24,8
 360:../Libraries/iLLD/TC4xx/Tricore/Canxl/Std/IfxCanxl.c **** 
 361:../Libraries/iLLD/TC4xx/Tricore/Canxl/Std/IfxCanxl.c ****     if (delayOffset > 0u)
 832              	 .loc 1 361 5 is_stmt 1
 833              	 .loc 1 361 8 is_stmt 0
 834 0014 DF070000 	 jz %d7,.L34
 362:../Libraries/iLLD/TC4xx/Tricore/Canxl/Std/IfxCanxl.c ****     {
 363:../Libraries/iLLD/TC4xx/Tricore/Canxl/Std/IfxCanxl.c ****         IfxCanxl_Node_enableTransmitterDelayCompensation(node);
 835              	 .loc 1 363 9 is_stmt 1
 836              	.LVL86:
 837              	.LBB43:
 838              	.LBB44:
1881:../Libraries/iLLD/TC4xx/Tricore/Canxl/Std/IfxCanxl.h **** }
1882:../Libraries/iLLD/TC4xx/Tricore/Canxl/Std/IfxCanxl.h **** 
1883:../Libraries/iLLD/TC4xx/Tricore/Canxl/Std/IfxCanxl.h **** 
1884:../Libraries/iLLD/TC4xx/Tricore/Canxl/Std/IfxCanxl.h **** IFX_INLINE void IfxCanxl_setSuspendMode(Ifx_CANXL *canxl, IfxCanxl_SuspendMode mode)
1885:../Libraries/iLLD/TC4xx/Tricore/Canxl/Std/IfxCanxl.h **** {
1886:../Libraries/iLLD/TC4xx/Tricore/Canxl/Std/IfxCanxl.h ****     /* Set SUS_P to 1 to enable write to SUS. Configure SUS (suspend mode) */
1887:../Libraries/iLLD/TC4xx/Tricore/Canxl/Std/IfxCanxl.h ****     canxl->OCS.B.SUS_P = 1u;
1888:../Libraries/iLLD/TC4xx/Tricore/Canxl/Std/IfxCanxl.h ****     canxl->OCS.B.SUS   = mode;
1889:../Libraries/iLLD/TC4xx/Tricore/Canxl/Std/IfxCanxl.h **** }
1890:../Libraries/iLLD/TC4xx/Tricore/Canxl/Std/IfxCanxl.h **** 
1891:../Libraries/iLLD/TC4xx/Tricore/Canxl/Std/IfxCanxl.h **** 
1892:../Libraries/iLLD/TC4xx/Tricore/Canxl/Std/IfxCanxl.h **** IFX_INLINE boolean IfxCanxl_isModuleSuspended(Ifx_CANXL *canxl)
1893:../Libraries/iLLD/TC4xx/Tricore/Canxl/Std/IfxCanxl.h **** {
1894:../Libraries/iLLD/TC4xx/Tricore/Canxl/Std/IfxCanxl.h ****     /* Read suspend state. 1 means module is suspended */
1895:../Libraries/iLLD/TC4xx/Tricore/Canxl/Std/IfxCanxl.h ****     boolean result = (canxl->OCS.B.SUSSTA == 1u) ? TRUE : FALSE;
1896:../Libraries/iLLD/TC4xx/Tricore/Canxl/Std/IfxCanxl.h **** 
1897:../Libraries/iLLD/TC4xx/Tricore/Canxl/Std/IfxCanxl.h ****     return result;
1898:../Libraries/iLLD/TC4xx/Tricore/Canxl/Std/IfxCanxl.h **** }
1899:../Libraries/iLLD/TC4xx/Tricore/Canxl/Std/IfxCanxl.h **** 
1900:../Libraries/iLLD/TC4xx/Tricore/Canxl/Std/IfxCanxl.h **** 
1901:../Libraries/iLLD/TC4xx/Tricore/Canxl/Std/IfxCanxl.h **** IFX_INLINE void IfxCanxl_configureOtgbTrigger(Ifx_CANXL *canxl, IfxCanxl_OtgbTriggerSet triggerSet,
1902:../Libraries/iLLD/TC4xx/Tricore/Canxl/Std/IfxCanxl.h **** {
1903:../Libraries/iLLD/TC4xx/Tricore/Canxl/Std/IfxCanxl.h ****     /* TGB, TGS is only written when TG_P is 1 */
1904:../Libraries/iLLD/TC4xx/Tricore/Canxl/Std/IfxCanxl.h ****     canxl->OCS.B.TG_P = 1u;
1905:../Libraries/iLLD/TC4xx/Tricore/Canxl/Std/IfxCanxl.h ****     canxl->OCS.B.TGB  = busSelect;
1906:../Libraries/iLLD/TC4xx/Tricore/Canxl/Std/IfxCanxl.h ****     canxl->OCS.B.TGS  = triggerSet;
1907:../Libraries/iLLD/TC4xx/Tricore/Canxl/Std/IfxCanxl.h **** }
1908:../Libraries/iLLD/TC4xx/Tricore/Canxl/Std/IfxCanxl.h **** 
1909:../Libraries/iLLD/TC4xx/Tricore/Canxl/Std/IfxCanxl.h **** 
1910:../Libraries/iLLD/TC4xx/Tricore/Canxl/Std/IfxCanxl.h **** IFX_INLINE void IfxCanxl_Node_enableTimeStamp(Ifx_CANXL_N *node)
1911:../Libraries/iLLD/TC4xx/Tricore/Canxl/Std/IfxCanxl.h **** {
1912:../Libraries/iLLD/TC4xx/Tricore/Canxl/Std/IfxCanxl.h ****     node->TS_CTL.B.ENABLED = 0x1u;
1913:../Libraries/iLLD/TC4xx/Tricore/Canxl/Std/IfxCanxl.h **** }
1914:../Libraries/iLLD/TC4xx/Tricore/Canxl/Std/IfxCanxl.h **** 
1915:../Libraries/iLLD/TC4xx/Tricore/Canxl/Std/IfxCanxl.h **** 
1916:../Libraries/iLLD/TC4xx/Tricore/Canxl/Std/IfxCanxl.h **** IFX_INLINE void IfxCanxl_Node_disableTimeStamp(Ifx_CANXL_N *node)
1917:../Libraries/iLLD/TC4xx/Tricore/Canxl/Std/IfxCanxl.h **** {
1918:../Libraries/iLLD/TC4xx/Tricore/Canxl/Std/IfxCanxl.h ****     node->TS_CTL.B.ENABLED = 0x0u;
1919:../Libraries/iLLD/TC4xx/Tricore/Canxl/Std/IfxCanxl.h **** }
1920:../Libraries/iLLD/TC4xx/Tricore/Canxl/Std/IfxCanxl.h **** 
1921:../Libraries/iLLD/TC4xx/Tricore/Canxl/Std/IfxCanxl.h **** 
1922:../Libraries/iLLD/TC4xx/Tricore/Canxl/Std/IfxCanxl.h **** IFX_INLINE boolean IfxCanxl_Node_isTimeStampEnabled(Ifx_CANXL_N *node)
1923:../Libraries/iLLD/TC4xx/Tricore/Canxl/Std/IfxCanxl.h **** {
1924:../Libraries/iLLD/TC4xx/Tricore/Canxl/Std/IfxCanxl.h ****     boolean enabled = (node->TS_CTL.B.ENABLED == 1u) ? TRUE : FALSE;
1925:../Libraries/iLLD/TC4xx/Tricore/Canxl/Std/IfxCanxl.h ****     return enabled;
1926:../Libraries/iLLD/TC4xx/Tricore/Canxl/Std/IfxCanxl.h **** }
1927:../Libraries/iLLD/TC4xx/Tricore/Canxl/Std/IfxCanxl.h **** 
1928:../Libraries/iLLD/TC4xx/Tricore/Canxl/Std/IfxCanxl.h **** 
1929:../Libraries/iLLD/TC4xx/Tricore/Canxl/Std/IfxCanxl.h **** IFX_INLINE uint64 IfxCanxl_Node_getTimeStampCount(Ifx_CANXL_N *node)
1930:../Libraries/iLLD/TC4xx/Tricore/Canxl/Std/IfxCanxl.h **** {
1931:../Libraries/iLLD/TC4xx/Tricore/Canxl/Std/IfxCanxl.h ****     uint64 count;
1932:../Libraries/iLLD/TC4xx/Tricore/Canxl/Std/IfxCanxl.h ****     /* Concatenate MSB and LSB */
1933:../Libraries/iLLD/TC4xx/Tricore/Canxl/Std/IfxCanxl.h ****     count = ((uint64)node->TS_CNT_HI.U << 32u) | ((uint64)node->TS_CNT_LO.U);
1934:../Libraries/iLLD/TC4xx/Tricore/Canxl/Std/IfxCanxl.h ****     return count;
1935:../Libraries/iLLD/TC4xx/Tricore/Canxl/Std/IfxCanxl.h **** }
1936:../Libraries/iLLD/TC4xx/Tricore/Canxl/Std/IfxCanxl.h **** 
1937:../Libraries/iLLD/TC4xx/Tricore/Canxl/Std/IfxCanxl.h **** 
1938:../Libraries/iLLD/TC4xx/Tricore/Canxl/Std/IfxCanxl.h **** IFX_INLINE void IfxCanxl_Node_clearTimeStampCounter(Ifx_CANXL_N *node)
1939:../Libraries/iLLD/TC4xx/Tricore/Canxl/Std/IfxCanxl.h **** {
1940:../Libraries/iLLD/TC4xx/Tricore/Canxl/Std/IfxCanxl.h ****     node->TS_CMD.U = (uint32)0x1u;
1941:../Libraries/iLLD/TC4xx/Tricore/Canxl/Std/IfxCanxl.h **** }
1942:../Libraries/iLLD/TC4xx/Tricore/Canxl/Std/IfxCanxl.h **** 
1943:../Libraries/iLLD/TC4xx/Tricore/Canxl/Std/IfxCanxl.h **** 
1944:../Libraries/iLLD/TC4xx/Tricore/Canxl/Std/IfxCanxl.h **** IFX_INLINE void IfxCanxl_Node_setTimeStampPosition(Ifx_CANXL_N *node, IfxCanxl_TimeStampPosition ca
1945:../Libraries/iLLD/TC4xx/Tricore/Canxl/Std/IfxCanxl.h **** {
1946:../Libraries/iLLD/TC4xx/Tricore/Canxl/Std/IfxCanxl.h ****     node->MODE.B.SFS = (uint32)capturePosition;
1947:../Libraries/iLLD/TC4xx/Tricore/Canxl/Std/IfxCanxl.h **** }
1948:../Libraries/iLLD/TC4xx/Tricore/Canxl/Std/IfxCanxl.h **** 
1949:../Libraries/iLLD/TC4xx/Tricore/Canxl/Std/IfxCanxl.h **** 
1950:../Libraries/iLLD/TC4xx/Tricore/Canxl/Std/IfxCanxl.h **** IFX_INLINE Ifx_SRC_SRCR *IfxCanxl_Node_getSrcPointerFunc(IfxCanxl_NodeId nodeId)
1951:../Libraries/iLLD/TC4xx/Tricore/Canxl/Std/IfxCanxl.h **** {
1952:../Libraries/iLLD/TC4xx/Tricore/Canxl/Std/IfxCanxl.h ****     return (Ifx_SRC_SRCR *)(&MODULE_SRC.CANXL[nodeId].FUNC);
1953:../Libraries/iLLD/TC4xx/Tricore/Canxl/Std/IfxCanxl.h **** }
1954:../Libraries/iLLD/TC4xx/Tricore/Canxl/Std/IfxCanxl.h **** 
1955:../Libraries/iLLD/TC4xx/Tricore/Canxl/Std/IfxCanxl.h **** 
1956:../Libraries/iLLD/TC4xx/Tricore/Canxl/Std/IfxCanxl.h **** IFX_INLINE Ifx_SRC_SRCR *IfxCanxl_Node_getSrcPointerErr(IfxCanxl_NodeId nodeId)
1957:../Libraries/iLLD/TC4xx/Tricore/Canxl/Std/IfxCanxl.h **** {
1958:../Libraries/iLLD/TC4xx/Tricore/Canxl/Std/IfxCanxl.h ****     return (Ifx_SRC_SRCR *)(&MODULE_SRC.CANXL[nodeId].ERR);
1959:../Libraries/iLLD/TC4xx/Tricore/Canxl/Std/IfxCanxl.h **** }
1960:../Libraries/iLLD/TC4xx/Tricore/Canxl/Std/IfxCanxl.h **** 
1961:../Libraries/iLLD/TC4xx/Tricore/Canxl/Std/IfxCanxl.h **** 
1962:../Libraries/iLLD/TC4xx/Tricore/Canxl/Std/IfxCanxl.h **** IFX_INLINE Ifx_SRC_SRCR *IfxCanxl_Node_getSrcPointerSafety(IfxCanxl_NodeId nodeId)
1963:../Libraries/iLLD/TC4xx/Tricore/Canxl/Std/IfxCanxl.h **** {
1964:../Libraries/iLLD/TC4xx/Tricore/Canxl/Std/IfxCanxl.h ****     return (Ifx_SRC_SRCR *)(&MODULE_SRC.CANXL[nodeId].SAFETY);
1965:../Libraries/iLLD/TC4xx/Tricore/Canxl/Std/IfxCanxl.h **** }
1966:../Libraries/iLLD/TC4xx/Tricore/Canxl/Std/IfxCanxl.h **** 
1967:../Libraries/iLLD/TC4xx/Tricore/Canxl/Std/IfxCanxl.h **** 
1968:../Libraries/iLLD/TC4xx/Tricore/Canxl/Std/IfxCanxl.h **** IFX_INLINE void IfxCanxl_Node_enableTransmitterDelayCompensation(Ifx_CANXL_N *node)
1969:../Libraries/iLLD/TC4xx/Tricore/Canxl/Std/IfxCanxl.h **** {
1970:../Libraries/iLLD/TC4xx/Tricore/Canxl/Std/IfxCanxl.h ****     node->MODE.B.TDCE = 1u;
 839              	 .loc 2 1970 5
 840              	 .loc 2 1970 23 is_stmt 0
 841 0018 D942A051 	 lea %a2,[%a4]6496
 842 001c 1943A051 	 ld.w %d3,[%a4]6496
 843 0020 B7130131 	 insert %d3,%d3,1,2,1
 844 0024 7423     	 st.w [%a2]0,%d3
 845              	.LVL87:
 846              	.L34:
 847              	.LBE44:
 848              	.LBE43:
 364:../Libraries/iLLD/TC4xx/Tricore/Canxl/Std/IfxCanxl.c ****     }
 365:../Libraries/iLLD/TC4xx/Tricore/Canxl/Std/IfxCanxl.c **** 
 366:../Libraries/iLLD/TC4xx/Tricore/Canxl/Std/IfxCanxl.c ****     node->DBTP.U = dbtpReg.U;
 849              	 .loc 1 366 5 is_stmt 1
 850              	 .loc 1 366 18 is_stmt 0
 851 0026 5942A851 	 st.w [%a4]6504,%d2
 367:../Libraries/iLLD/TC4xx/Tricore/Canxl/Std/IfxCanxl.c **** }
 852              	 .loc 1 367 1
 853 002a 0090     	 ret 
 854              	.LFE408:
 856              	 .global IfxCanxl_Node_setFdDataBitTimingValues_end
 857              	IfxCanxl_Node_setFdDataBitTimingValues_end:
 858              	 .section .text.IfxCanxl_Node_setXlDataBitTimingValues,"ax",@progbits
 859              	 .align 1
 860              	 .global IfxCanxl_Node_setXlDataBitTimingValues
 862              	IfxCanxl_Node_setXlDataBitTimingValues:
 863              	.LFB409:
 368:../Libraries/iLLD/TC4xx/Tricore/Canxl/Std/IfxCanxl.c **** 
 369:../Libraries/iLLD/TC4xx/Tricore/Canxl/Std/IfxCanxl.c **** 
 370:../Libraries/iLLD/TC4xx/Tricore/Canxl/Std/IfxCanxl.c **** void IfxCanxl_Node_setXlDataBitTimingValues(Ifx_CANXL_N *node, uint8 syncJumpWidth, uint8 timeSegme
 371:../Libraries/iLLD/TC4xx/Tricore/Canxl/Std/IfxCanxl.c **** {
 864              	 .loc 1 371 1 is_stmt 1
 865              	.LVL88:
 866 0000 40AE     	 mov.aa %a14,%SP
 867              	.LCFI16:
 372:../Libraries/iLLD/TC4xx/Tricore/Canxl/Std/IfxCanxl.c ****     Ifx_CANXL_N_XBTP xbtpReg;
 868              	 .loc 1 372 5
 373:../Libraries/iLLD/TC4xx/Tricore/Canxl/Std/IfxCanxl.c **** 
 374:../Libraries/iLLD/TC4xx/Tricore/Canxl/Std/IfxCanxl.c ****     xbtpReg.B.XSJW   = syncJumpWidth;
 869              	 .loc 1 374 5
 870              	 .loc 1 374 22 is_stmt 0
 871 0002 8202     	 mov %d2,0
 872              	.LVL89:
 873 0004 37420720 	 insert %d2,%d2,%d4,0,7
 874              	.LVL90:
 375:../Libraries/iLLD/TC4xx/Tricore/Canxl/Std/IfxCanxl.c ****     xbtpReg.B.XTSEG1 = timeSegment1;
 875              	 .loc 1 375 5 is_stmt 1
 876              	 .loc 1 375 22 is_stmt 0
 877 0008 37620828 	 insert %d2,%d2,%d6,16,8
 376:../Libraries/iLLD/TC4xx/Tricore/Canxl/Std/IfxCanxl.c ****     xbtpReg.B.XTSEG2 = timeSegment2;
 878              	 .loc 1 376 5 is_stmt 1
 879              	 .loc 1 376 22 is_stmt 0
 880 000c 37520724 	 insert %d2,%d2,%d5,8,7
 377:../Libraries/iLLD/TC4xx/Tricore/Canxl/Std/IfxCanxl.c ****     xbtpReg.B.XTDCO  = delayOffset;
 881              	 .loc 1 377 5 is_stmt 1
 882              	 .loc 1 377 22 is_stmt 0
 883 0010 3772082C 	 insert %d2,%d2,%d7,24,8
 378:../Libraries/iLLD/TC4xx/Tricore/Canxl/Std/IfxCanxl.c **** 
 379:../Libraries/iLLD/TC4xx/Tricore/Canxl/Std/IfxCanxl.c ****     if (delayOffset > 0u)
 884              	 .loc 1 379 5 is_stmt 1
 885              	 .loc 1 379 8 is_stmt 0
 886 0014 DF070000 	 jz %d7,.L36
 380:../Libraries/iLLD/TC4xx/Tricore/Canxl/Std/IfxCanxl.c ****     {
 381:../Libraries/iLLD/TC4xx/Tricore/Canxl/Std/IfxCanxl.c ****         IfxCanxl_Node_enableTransmitterDelayCompensation(node);
 887              	 .loc 1 381 9 is_stmt 1
 888              	.LVL91:
 889              	.LBB45:
 890              	.LBB46:
 891              	 .loc 2 1970 5
 892              	 .loc 2 1970 23 is_stmt 0
 893 0018 D942A051 	 lea %a2,[%a4]6496
 894 001c 1943A051 	 ld.w %d3,[%a4]6496
 895 0020 B7130131 	 insert %d3,%d3,1,2,1
 896 0024 7423     	 st.w [%a2]0,%d3
 897              	.LVL92:
 898              	.L36:
 899              	.LBE46:
 900              	.LBE45:
 382:../Libraries/iLLD/TC4xx/Tricore/Canxl/Std/IfxCanxl.c ****     }
 383:../Libraries/iLLD/TC4xx/Tricore/Canxl/Std/IfxCanxl.c **** 
 384:../Libraries/iLLD/TC4xx/Tricore/Canxl/Std/IfxCanxl.c ****     node->XBTP.U = xbtpReg.U;
 901              	 .loc 1 384 5 is_stmt 1
 902              	 .loc 1 384 18 is_stmt 0
 903 0026 5942AC51 	 st.w [%a4]6508,%d2
 385:../Libraries/iLLD/TC4xx/Tricore/Canxl/Std/IfxCanxl.c **** }
 904              	 .loc 1 385 1
 905 002a 0090     	 ret 
 906              	.LFE409:
 908              	 .global IfxCanxl_Node_setXlDataBitTimingValues_end
 909              	IfxCanxl_Node_setXlDataBitTimingValues_end:
 910              	 .section .text.IfxCanxl_Node_calculateBitratePrescaler,"ax",@progbits
 911              	 .align 1
 912              	 .global IfxCanxl_Node_calculateBitratePrescaler
 914              	IfxCanxl_Node_calculateBitratePrescaler:
 915              	.LFB410:
 386:../Libraries/iLLD/TC4xx/Tricore/Canxl/Std/IfxCanxl.c **** 
 387:../Libraries/iLLD/TC4xx/Tricore/Canxl/Std/IfxCanxl.c **** 
 388:../Libraries/iLLD/TC4xx/Tricore/Canxl/Std/IfxCanxl.c **** uint8 IfxCanxl_Node_calculateBitratePrescaler(uint32 moduleFreq, uint32 dataBaudRate, uint32 nomina
 389:../Libraries/iLLD/TC4xx/Tricore/Canxl/Std/IfxCanxl.c **** {
 916              	 .loc 1 389 1 is_stmt 1
 917              	.LVL93:
 918 0000 40AE     	 mov.aa %a14,%SP
 919              	.LCFI17:
 390:../Libraries/iLLD/TC4xx/Tricore/Canxl/Std/IfxCanxl.c ****     float32 clockPeriod    = 1.0f / moduleFreq;
 920              	 .loc 1 390 5
 921              	 .loc 1 390 35 is_stmt 0
 922 0002 4B046141 	 utof %d4,%d4
 923              	.LVL94:
 924              	 .loc 1 390 13
 925 0006 7B00F823 	 movh %d2,16256
 926 000a 4B425140 	 div.f %d4,%d2,%d4
 927              	.LVL95:
 391:../Libraries/iLLD/TC4xx/Tricore/Canxl/Std/IfxCanxl.c ****     float32 nominalBitTime = 1.0f / nominalBaudrate;
 928              	 .loc 1 391 5 is_stmt 1
 929              	 .loc 1 391 35 is_stmt 0
 930 000e 4B066161 	 utof %d6,%d6
 931              	.LVL96:
 932              	 .loc 1 391 13
 933 0012 4B625160 	 div.f %d6,%d2,%d6
 934              	.LVL97:
 392:../Libraries/iLLD/TC4xx/Tricore/Canxl/Std/IfxCanxl.c ****     float32 timeQuantum;
 935              	 .loc 1 392 5 is_stmt 1
 393:../Libraries/iLLD/TC4xx/Tricore/Canxl/Std/IfxCanxl.c ****     uint32  numDataTq, numNominalTq;
 936              	 .loc 1 393 5
 394:../Libraries/iLLD/TC4xx/Tricore/Canxl/Std/IfxCanxl.c ****     uint8   tempPrescaler;
 937              	 .loc 1 394 5
 395:../Libraries/iLLD/TC4xx/Tricore/Canxl/Std/IfxCanxl.c ****     uint8   prescaler = 1u;
 938              	 .loc 1 395 5
 396:../Libraries/iLLD/TC4xx/Tricore/Canxl/Std/IfxCanxl.c ****     boolean result;
 939              	 .loc 1 396 5
 397:../Libraries/iLLD/TC4xx/Tricore/Canxl/Std/IfxCanxl.c **** 
 398:../Libraries/iLLD/TC4xx/Tricore/Canxl/Std/IfxCanxl.c ****     if (dataBaudRate != 0u)
 940              	 .loc 1 398 5
 941              	 .loc 1 398 8 is_stmt 0
 942 0016 DF050000 	 jz %d5,.L45
 943              	.LBB47:
 399:../Libraries/iLLD/TC4xx/Tricore/Canxl/Std/IfxCanxl.c ****     {
 400:../Libraries/iLLD/TC4xx/Tricore/Canxl/Std/IfxCanxl.c ****         float32 dataBitTime = 1.0f / (float32)dataBaudRate;
 944              	 .loc 1 400 9 is_stmt 1
 945              	 .loc 1 400 38 is_stmt 0
 946 001a 4B056151 	 utof %d5,%d5
 947              	.LVL98:
 948              	 .loc 1 400 17
 949 001e 4B525150 	 div.f %d5,%d2,%d5
 950              	.LVL99:
 401:../Libraries/iLLD/TC4xx/Tricore/Canxl/Std/IfxCanxl.c **** 
 402:../Libraries/iLLD/TC4xx/Tricore/Canxl/Std/IfxCanxl.c ****         for (tempPrescaler = 1u; tempPrescaler <= IFX_CANXL_N_NBTP_BRP_MSK + 1u; tempPrescaler++)
 951              	 .loc 1 402 9 is_stmt 1
 952              	 .loc 1 402 28 is_stmt 0
 953 0022 8212     	 mov %d2,1
 954              	 .loc 1 402 9
 955 0024 1D000000 	 j .L39
 956              	.LVL100:
 957              	.L46:
 403:../Libraries/iLLD/TC4xx/Tricore/Canxl/Std/IfxCanxl.c ****         {
 404:../Libraries/iLLD/TC4xx/Tricore/Canxl/Std/IfxCanxl.c ****             timeQuantum  = tempPrescaler * clockPeriod;     /* Tq = prescaler * mtq */
 405:../Libraries/iLLD/TC4xx/Tricore/Canxl/Std/IfxCanxl.c ****             numDataTq    = (uint32)(dataBitTime / timeQuantum);
 406:../Libraries/iLLD/TC4xx/Tricore/Canxl/Std/IfxCanxl.c ****             numNominalTq = (uint32)(nominalBitTime / timeQuantum);
 407:../Libraries/iLLD/TC4xx/Tricore/Canxl/Std/IfxCanxl.c **** 
 408:../Libraries/iLLD/TC4xx/Tricore/Canxl/Std/IfxCanxl.c ****             result       = TRUE;
 409:../Libraries/iLLD/TC4xx/Tricore/Canxl/Std/IfxCanxl.c **** 
 410:../Libraries/iLLD/TC4xx/Tricore/Canxl/Std/IfxCanxl.c ****             if ((numDataTq < 8u) || (numDataTq > 385u)) /* Check number of Tq in range */
 411:../Libraries/iLLD/TC4xx/Tricore/Canxl/Std/IfxCanxl.c ****             {
 412:../Libraries/iLLD/TC4xx/Tricore/Canxl/Std/IfxCanxl.c ****                 result = FALSE;
 958              	 .loc 1 412 24
 959 0028 8200     	 mov %d0,0
 960 002a 1D000000 	 j .L40
 961              	.LVL101:
 962              	.L41:
 402:../Libraries/iLLD/TC4xx/Tricore/Canxl/Std/IfxCanxl.c ****         {
 963              	 .loc 1 402 95 is_stmt 1 discriminator 2
 964 002e C212     	 add %d2,1
 965              	.LVL102:
 966 0030 8FF20F21 	 and %d2,%d2,255
 967              	.LVL103:
 968              	.L39:
 402:../Libraries/iLLD/TC4xx/Tricore/Canxl/Std/IfxCanxl.c ****         {
 969              	 .loc 1 402 48 discriminator 1
 970 0034 3B000230 	 mov %d3,32
 971 0038 3F230080 	 jlt.u %d3,%d2,.L47
 404:../Libraries/iLLD/TC4xx/Tricore/Canxl/Std/IfxCanxl.c ****             numDataTq    = (uint32)(dataBitTime / timeQuantum);
 972              	 .loc 1 404 13
 404:../Libraries/iLLD/TC4xx/Tricore/Canxl/Std/IfxCanxl.c ****             numDataTq    = (uint32)(dataBitTime / timeQuantum);
 973              	 .loc 1 404 42 is_stmt 0
 974 003c 4B024131 	 itof %d3,%d2
 404:../Libraries/iLLD/TC4xx/Tricore/Canxl/Std/IfxCanxl.c ****             numDataTq    = (uint32)(dataBitTime / timeQuantum);
 975              	 .loc 1 404 26
 976 0040 4B434130 	 mul.f %d3,%d3,%d4
 977              	.LVL104:
 405:../Libraries/iLLD/TC4xx/Tricore/Canxl/Std/IfxCanxl.c ****             numNominalTq = (uint32)(nominalBitTime / timeQuantum);
 978              	 .loc 1 405 13 is_stmt 1
 405:../Libraries/iLLD/TC4xx/Tricore/Canxl/Std/IfxCanxl.c ****             numNominalTq = (uint32)(nominalBitTime / timeQuantum);
 979              	 .loc 1 405 49 is_stmt 0
 980 0044 4B355170 	 div.f %d7,%d5,%d3
 405:../Libraries/iLLD/TC4xx/Tricore/Canxl/Std/IfxCanxl.c ****             numNominalTq = (uint32)(nominalBitTime / timeQuantum);
 981              	 .loc 1 405 26
 982 0048 4B077171 	 ftouz %d7,%d7
 983              	.LVL105:
 406:../Libraries/iLLD/TC4xx/Tricore/Canxl/Std/IfxCanxl.c **** 
 984              	 .loc 1 406 13 is_stmt 1
 406:../Libraries/iLLD/TC4xx/Tricore/Canxl/Std/IfxCanxl.c **** 
 985              	 .loc 1 406 52 is_stmt 0
 986 004c 4B365130 	 div.f %d3,%d6,%d3
 987              	.LVL106:
 406:../Libraries/iLLD/TC4xx/Tricore/Canxl/Std/IfxCanxl.c **** 
 988              	 .loc 1 406 26
 989 0050 4B037131 	 ftouz %d3,%d3
 990              	.LVL107:
 408:../Libraries/iLLD/TC4xx/Tricore/Canxl/Std/IfxCanxl.c **** 
 991              	 .loc 1 408 13 is_stmt 1
 410:../Libraries/iLLD/TC4xx/Tricore/Canxl/Std/IfxCanxl.c ****             {
 992              	 .loc 1 410 13
 410:../Libraries/iLLD/TC4xx/Tricore/Canxl/Std/IfxCanxl.c ****             {
 993              	 .loc 1 410 34 is_stmt 0
 994 0054 C287     	 add %d7,-8
 995              	.LVL108:
 410:../Libraries/iLLD/TC4xx/Tricore/Canxl/Std/IfxCanxl.c ****             {
 996              	 .loc 1 410 16
 997 0056 8BA7B772 	 ge.u %d7,%d7,378
 998              	.LVL109:
 999 005a DF070080 	 jnz %d7,.L46
 408:../Libraries/iLLD/TC4xx/Tricore/Canxl/Std/IfxCanxl.c **** 
 1000              	 .loc 1 408 26
 1001 005e 8210     	 mov %d0,1
 1002              	.L40:
 1003              	.LVL110:
 413:../Libraries/iLLD/TC4xx/Tricore/Canxl/Std/IfxCanxl.c ****             }
 414:../Libraries/iLLD/TC4xx/Tricore/Canxl/Std/IfxCanxl.c **** 
 415:../Libraries/iLLD/TC4xx/Tricore/Canxl/Std/IfxCanxl.c ****             if ((result == TRUE) &&
 1004              	 .loc 1 415 13 is_stmt 1
 416:../Libraries/iLLD/TC4xx/Tricore/Canxl/Std/IfxCanxl.c ****                 (numNominalTq >= 8u) && (numNominalTq <= 641u)) /* Check number of Tq in range */
 1005              	 .loc 1 416 31 is_stmt 0
 1006 0060 8B83A072 	 ge.u %d7,%d3,8
 415:../Libraries/iLLD/TC4xx/Tricore/Canxl/Std/IfxCanxl.c ****                 (numNominalTq >= 8u) && (numNominalTq <= 641u)) /* Check number of Tq in range */
 1007              	 .loc 1 415 34
 1008 0064 2607     	 and %d7,%d0
 415:../Libraries/iLLD/TC4xx/Tricore/Canxl/Std/IfxCanxl.c ****                 (numNominalTq >= 8u) && (numNominalTq <= 641u)) /* Check number of Tq in range */
 1009              	 .loc 1 415 16
 1010 0066 DF070000 	 jz %d7,.L41
 1011              	 .loc 1 416 38
 1012 006a 3B202870 	 mov %d7,642
 1013 006e 7F730080 	 jge.u %d3,%d7,.L41
 1014              	.LVL111:
 1015              	.L42:
 1016              	.LBE47:
 417:../Libraries/iLLD/TC4xx/Tricore/Canxl/Std/IfxCanxl.c ****             {
 418:../Libraries/iLLD/TC4xx/Tricore/Canxl/Std/IfxCanxl.c ****                 /* If different parameter combinations come to the same length of the bit time, the
 419:../Libraries/iLLD/TC4xx/Tricore/Canxl/Std/IfxCanxl.c ****                  * with the shorter tq results in a better synchronization of the nodes. Hence, bre
 420:../Libraries/iLLD/TC4xx/Tricore/Canxl/Std/IfxCanxl.c ****                  */
 421:../Libraries/iLLD/TC4xx/Tricore/Canxl/Std/IfxCanxl.c ****                 prescaler = tempPrescaler;
 422:../Libraries/iLLD/TC4xx/Tricore/Canxl/Std/IfxCanxl.c ****                 break;
 423:../Libraries/iLLD/TC4xx/Tricore/Canxl/Std/IfxCanxl.c ****             }
 424:../Libraries/iLLD/TC4xx/Tricore/Canxl/Std/IfxCanxl.c ****         }
 425:../Libraries/iLLD/TC4xx/Tricore/Canxl/Std/IfxCanxl.c ****     }
 426:../Libraries/iLLD/TC4xx/Tricore/Canxl/Std/IfxCanxl.c ****     else
 427:../Libraries/iLLD/TC4xx/Tricore/Canxl/Std/IfxCanxl.c ****     {
 428:../Libraries/iLLD/TC4xx/Tricore/Canxl/Std/IfxCanxl.c ****         for (tempPrescaler = 1u; tempPrescaler <= IFX_CANXL_N_NBTP_BRP_MSK + 1u; tempPrescaler++)
 429:../Libraries/iLLD/TC4xx/Tricore/Canxl/Std/IfxCanxl.c ****         {
 430:../Libraries/iLLD/TC4xx/Tricore/Canxl/Std/IfxCanxl.c ****             timeQuantum  = tempPrescaler * clockPeriod;         /* Tq = prescaler * mtq */
 431:../Libraries/iLLD/TC4xx/Tricore/Canxl/Std/IfxCanxl.c ****             numNominalTq = (uint32)(nominalBitTime / timeQuantum);
 432:../Libraries/iLLD/TC4xx/Tricore/Canxl/Std/IfxCanxl.c **** 
 433:../Libraries/iLLD/TC4xx/Tricore/Canxl/Std/IfxCanxl.c ****             if ((numNominalTq >= 8u) && (numNominalTq <= 641u)) /* Check number of Tq in range */
 434:../Libraries/iLLD/TC4xx/Tricore/Canxl/Std/IfxCanxl.c ****             {
 435:../Libraries/iLLD/TC4xx/Tricore/Canxl/Std/IfxCanxl.c ****                 /* If different parameter combinations come to the same length of the bit time, the
 436:../Libraries/iLLD/TC4xx/Tricore/Canxl/Std/IfxCanxl.c ****                  * with the shorter tq results in a better synchronization of the nodes. Hence, bre
 437:../Libraries/iLLD/TC4xx/Tricore/Canxl/Std/IfxCanxl.c ****                  */
 438:../Libraries/iLLD/TC4xx/Tricore/Canxl/Std/IfxCanxl.c ****                 prescaler = tempPrescaler;
 439:../Libraries/iLLD/TC4xx/Tricore/Canxl/Std/IfxCanxl.c ****                 break;
 440:../Libraries/iLLD/TC4xx/Tricore/Canxl/Std/IfxCanxl.c ****             }
 441:../Libraries/iLLD/TC4xx/Tricore/Canxl/Std/IfxCanxl.c ****         }
 442:../Libraries/iLLD/TC4xx/Tricore/Canxl/Std/IfxCanxl.c ****     }
 443:../Libraries/iLLD/TC4xx/Tricore/Canxl/Std/IfxCanxl.c **** 
 444:../Libraries/iLLD/TC4xx/Tricore/Canxl/Std/IfxCanxl.c ****     return prescaler;
 1017              	 .loc 1 444 5 is_stmt 1
 445:../Libraries/iLLD/TC4xx/Tricore/Canxl/Std/IfxCanxl.c **** }
 1018              	 .loc 1 445 1 is_stmt 0
 1019 0072 0090     	 ret 
 1020              	.LVL112:
 1021              	.L47:
 395:../Libraries/iLLD/TC4xx/Tricore/Canxl/Std/IfxCanxl.c ****     boolean result;
 1022              	 .loc 1 395 13
 1023 0074 8212     	 mov %d2,1
 1024              	.LVL113:
 1025 0076 0090     	 ret 
 1026              	.LVL114:
 1027              	.L45:
 428:../Libraries/iLLD/TC4xx/Tricore/Canxl/Std/IfxCanxl.c ****         {
 1028              	 .loc 1 428 28
 1029 0078 8212     	 mov %d2,1
 1030              	.LVL115:
 1031              	.L38:
 428:../Libraries/iLLD/TC4xx/Tricore/Canxl/Std/IfxCanxl.c ****         {
 1032              	 .loc 1 428 48 is_stmt 1 discriminator 1
 1033 007a 3B000230 	 mov %d3,32
 1034 007e 3F230080 	 jlt.u %d3,%d2,.L48
 430:../Libraries/iLLD/TC4xx/Tricore/Canxl/Std/IfxCanxl.c ****             numNominalTq = (uint32)(nominalBitTime / timeQuantum);
 1035              	 .loc 1 430 13
 430:../Libraries/iLLD/TC4xx/Tricore/Canxl/Std/IfxCanxl.c ****             numNominalTq = (uint32)(nominalBitTime / timeQuantum);
 1036              	 .loc 1 430 42 is_stmt 0
 1037 0082 4B024131 	 itof %d3,%d2
 430:../Libraries/iLLD/TC4xx/Tricore/Canxl/Std/IfxCanxl.c ****             numNominalTq = (uint32)(nominalBitTime / timeQuantum);
 1038              	 .loc 1 430 26
 1039 0086 4B434130 	 mul.f %d3,%d3,%d4
 1040              	.LVL116:
 431:../Libraries/iLLD/TC4xx/Tricore/Canxl/Std/IfxCanxl.c **** 
 1041              	 .loc 1 431 13 is_stmt 1
 431:../Libraries/iLLD/TC4xx/Tricore/Canxl/Std/IfxCanxl.c **** 
 1042              	 .loc 1 431 52 is_stmt 0
 1043 008a 4B365130 	 div.f %d3,%d6,%d3
 1044              	.LVL117:
 431:../Libraries/iLLD/TC4xx/Tricore/Canxl/Std/IfxCanxl.c **** 
 1045              	 .loc 1 431 26
 1046 008e 4B037131 	 ftouz %d3,%d3
 1047              	.LVL118:
 433:../Libraries/iLLD/TC4xx/Tricore/Canxl/Std/IfxCanxl.c ****             {
 1048              	 .loc 1 433 13 is_stmt 1
 433:../Libraries/iLLD/TC4xx/Tricore/Canxl/Std/IfxCanxl.c ****             {
 1049              	 .loc 1 433 38 is_stmt 0
 1050 0092 C283     	 add %d3,-8
 1051              	.LVL119:
 433:../Libraries/iLLD/TC4xx/Tricore/Canxl/Std/IfxCanxl.c ****             {
 1052              	 .loc 1 433 16
 1053 0094 3BA02750 	 mov %d5,634
 1054 0098 3F530080 	 jlt.u %d3,%d5,.L42
 428:../Libraries/iLLD/TC4xx/Tricore/Canxl/Std/IfxCanxl.c ****         {
 1055              	 .loc 1 428 95 is_stmt 1 discriminator 2
 1056 009c C212     	 add %d2,1
 1057              	.LVL120:
 1058 009e 8FF20F21 	 and %d2,%d2,255
 1059              	.LVL121:
 1060 00a2 1D000000 	 j .L38
 1061              	.LVL122:
 1062              	.L48:
 395:../Libraries/iLLD/TC4xx/Tricore/Canxl/Std/IfxCanxl.c ****     boolean result;
 1063              	 .loc 1 395 13 is_stmt 0
 1064 00a6 8212     	 mov %d2,1
 1065              	.LVL123:
 1066 00a8 1D000000 	 j .L42
 1067              	.LFE410:
 1069              	 .global IfxCanxl_Node_calculateBitratePrescaler_end
 1070              	IfxCanxl_Node_calculateBitratePrescaler_end:
 1071              	 .section .text.IfxCanxl_Node_configureClassicalBitTiming,"ax",@progbits
 1072              	 .align 1
 1073              	 .global IfxCanxl_Node_configureClassicalBitTiming
 1075              	IfxCanxl_Node_configureClassicalBitTiming:
 1076              	.LFB411:
 446:../Libraries/iLLD/TC4xx/Tricore/Canxl/Std/IfxCanxl.c **** 
 447:../Libraries/iLLD/TC4xx/Tricore/Canxl/Std/IfxCanxl.c **** 
 448:../Libraries/iLLD/TC4xx/Tricore/Canxl/Std/IfxCanxl.c **** void IfxCanxl_Node_configureClassicalBitTiming(Ifx_CANXL_N *node, uint32 moduleFreq, IfxCanxl_Nomin
 449:../Libraries/iLLD/TC4xx/Tricore/Canxl/Std/IfxCanxl.c **** {
 1077              	 .loc 1 449 1 is_stmt 1
 1078              	.LVL124:
 1079 0000 40AE     	 mov.aa %a14,%SP
 1080              	.LCFI18:
 1081 0002 804A     	 mov.d %d10,%a4
 1082 0004 0249     	 mov %d9,%d4
 1083 0006 405C     	 mov.aa %a12,%a5
 450:../Libraries/iLLD/TC4xx/Tricore/Canxl/Std/IfxCanxl.c ****     /* 1. Calculate prescaler */
 451:../Libraries/iLLD/TC4xx/Tricore/Canxl/Std/IfxCanxl.c ****     uint8   prescaler = IfxCanxl_Node_calculateBitratePrescaler(moduleFreq, 0u, nominalConfig->baud
 1084              	 .loc 1 451 5
 1085              	 .loc 1 451 25 is_stmt 0
 1086 0008 5458     	 ld.w %d8,[%a5]0
 1087 000a 0286     	 mov %d6,%d8
 1088 000c 8205     	 mov %d5,0
 1089 000e 6D000000 	 call IfxCanxl_Node_calculateBitratePrescaler
 1090              	.LVL125:
 452:../Libraries/iLLD/TC4xx/Tricore/Canxl/Std/IfxCanxl.c **** 
 453:../Libraries/iLLD/TC4xx/Tricore/Canxl/Std/IfxCanxl.c ****     /* 2. Set arbitration baud rate */
 454:../Libraries/iLLD/TC4xx/Tricore/Canxl/Std/IfxCanxl.c ****     float32 clockPeriod, timeQuantum, bitTimeSec;
 1091              	 .loc 1 454 5 is_stmt 1
 455:../Libraries/iLLD/TC4xx/Tricore/Canxl/Std/IfxCanxl.c ****     uint32  timeSegment1, timeSegment2, bitTimeTq;
 1092              	 .loc 1 455 5
 456:../Libraries/iLLD/TC4xx/Tricore/Canxl/Std/IfxCanxl.c **** 
 457:../Libraries/iLLD/TC4xx/Tricore/Canxl/Std/IfxCanxl.c ****     clockPeriod  = 1.0f / moduleFreq;                                                             /
 1093              	 .loc 1 457 5
 1094              	 .loc 1 457 25 is_stmt 0
 1095 0012 4B096141 	 utof %d4,%d9
 1096              	 .loc 1 457 18
 1097 0016 7B00F833 	 movh %d3,16256
 1098 001a 4B435140 	 div.f %d4,%d3,%d4
 1099              	.LVL126:
 458:../Libraries/iLLD/TC4xx/Tricore/Canxl/Std/IfxCanxl.c ****     timeQuantum  = prescaler * clockPeriod;                                                       /
 1100              	 .loc 1 458 5 is_stmt 1
 1101              	 .loc 1 458 30 is_stmt 0
 1102 001e 4B024151 	 itof %d5,%d2
 1103              	 .loc 1 458 18
 1104 0022 4B454140 	 mul.f %d4,%d5,%d4
 1105              	.LVL127:
 459:../Libraries/iLLD/TC4xx/Tricore/Canxl/Std/IfxCanxl.c **** 
 460:../Libraries/iLLD/TC4xx/Tricore/Canxl/Std/IfxCanxl.c ****     bitTimeSec   = 1.0f / nominalConfig->baudrate;                                                /
 1106              	 .loc 1 460 5 is_stmt 1
 1107              	 .loc 1 460 25 is_stmt 0
 1108 0026 4B086181 	 utof %d8,%d8
 1109              	 .loc 1 460 18
 1110 002a 4B835130 	 div.f %d3,%d3,%d8
 1111              	.LVL128:
 461:../Libraries/iLLD/TC4xx/Tricore/Canxl/Std/IfxCanxl.c ****     bitTimeTq    = (uint32)(bitTimeSec / timeQuantum);                                            /
 1112              	 .loc 1 461 5 is_stmt 1
 1113              	 .loc 1 461 40 is_stmt 0
 1114 002e 4B435130 	 div.f %d3,%d3,%d4
 1115              	.LVL129:
 1116              	 .loc 1 461 18
 1117 0032 4B037131 	 ftouz %d3,%d3
 1118              	.LVL130:
 462:../Libraries/iLLD/TC4xx/Tricore/Canxl/Std/IfxCanxl.c ****     timeSegment1 = (uint32)((bitTimeTq) * ((float32)nominalConfig->samplePoint / 10000.0f)) - 1u; /
 1119              	 .loc 1 462 5 is_stmt 1
 1120              	 .loc 1 462 66 is_stmt 0
 1121 0036 B9C40400 	 ld.hu %d4,[%a12]4
 1122              	.LVL131:
 1123              	 .loc 1 462 44
 1124 003a 4B046141 	 utof %d4,%d4
 1125              	 .loc 1 462 80
 1126 003e 7BC06154 	 movh %d5,17948
 1127              	.LVL132:
 1128 0042 1B050054 	 addi %d5,%d5,16384
 1129 0046 4B545140 	 div.f %d4,%d4,%d5
 1130              	 .loc 1 462 41
 1131 004a 4B036151 	 utof %d5,%d3
 1132 004e 4B454140 	 mul.f %d4,%d5,%d4
 1133              	 .loc 1 462 20
 1134 0052 4B047141 	 ftouz %d4,%d4
 1135              	 .loc 1 462 18
 1136 0056 1BF4FF6F 	 addi %d6,%d4,-1
 1137              	.LVL133:
 463:../Libraries/iLLD/TC4xx/Tricore/Canxl/Std/IfxCanxl.c ****     timeSegment2 = bitTimeTq - timeSegment1 - 1u;                                                 /
 1138              	 .loc 1 463 5 is_stmt 1
 1139              	 .loc 1 463 30 is_stmt 0
 1140 005a 0B638050 	 sub %d5,%d3,%d6
 1141              	.LVL134:
 464:../Libraries/iLLD/TC4xx/Tricore/Canxl/Std/IfxCanxl.c **** 
 465:../Libraries/iLLD/TC4xx/Tricore/Canxl/Std/IfxCanxl.c ****     IfxCanxl_Node_setNominalBitTimingValues(node, nominalConfig->syncJumpWidth, (uint8)(timeSegment
 1142              	 .loc 1 465 5 is_stmt 1
 1143              	 .loc 1 465 81 is_stmt 0
 1144 005e C2E5     	 add %d5,-2
 1145              	.LVL135:
 1146              	 .loc 1 465 109
 1147 0060 1BE4FF6F 	 addi %d6,%d4,-2
 1148              	.LVL136:
 1149              	 .loc 1 465 148
 1150 0064 1BF2FF7F 	 addi %d7,%d2,-1
 1151              	 .loc 1 465 5
 1152 0068 8FF70F71 	 and %d7,%d7,255
 1153 006c 37067060 	 extr.u %d6,%d6,0,16
 1154 0070 8FF50F51 	 and %d5,%d5,255
 1155              	.LVL137:
 1156 0074 39C40600 	 ld.bu %d4,[%a12]6
 1157              	.LVL138:
 1158 0078 60A4     	 mov.a %a4,%d10
 1159 007a 6D000000 	 call IfxCanxl_Node_setNominalBitTimingValues
 1160              	.LVL139:
 466:../Libraries/iLLD/TC4xx/Tricore/Canxl/Std/IfxCanxl.c **** }
 1161              	 .loc 1 466 1
 1162 007e 0090     	 ret 
 1163              	.LFE411:
 1165              	 .global IfxCanxl_Node_configureClassicalBitTiming_end
 1166              	IfxCanxl_Node_configureClassicalBitTiming_end:
 1167              	 .section .text.IfxCanxl_Node_configureFdBitTiming,"ax",@progbits
 1168              	 .align 1
 1169              	 .global IfxCanxl_Node_configureFdBitTiming
 1171              	IfxCanxl_Node_configureFdBitTiming:
 1172              	.LFB412:
 467:../Libraries/iLLD/TC4xx/Tricore/Canxl/Std/IfxCanxl.c **** 
 468:../Libraries/iLLD/TC4xx/Tricore/Canxl/Std/IfxCanxl.c **** 
 469:../Libraries/iLLD/TC4xx/Tricore/Canxl/Std/IfxCanxl.c **** void IfxCanxl_Node_configureFdBitTiming(Ifx_CANXL_N *node, uint32 moduleFreq, IfxCanxl_NominalBaudr
 470:../Libraries/iLLD/TC4xx/Tricore/Canxl/Std/IfxCanxl.c **** {
 1173              	 .loc 1 470 1 is_stmt 1
 1174              	.LVL140:
 1175 0000 40AE     	 mov.aa %a14,%SP
 1176              	.LCFI19:
 1177 0002 804B     	 mov.d %d11,%a4
 1178 0004 0248     	 mov %d8,%d4
 1179 0006 405D     	 mov.aa %a13,%a5
 1180 0008 406C     	 mov.aa %a12,%a6
 471:../Libraries/iLLD/TC4xx/Tricore/Canxl/Std/IfxCanxl.c ****     /* 1. Calculate prescaler */
 472:../Libraries/iLLD/TC4xx/Tricore/Canxl/Std/IfxCanxl.c ****     uint8   prescaler = IfxCanxl_Node_calculateBitratePrescaler(moduleFreq, fdDataConfig->baudrate,
 1181              	 .loc 1 472 5
 1182              	 .loc 1 472 25 is_stmt 0
 1183 000a 545A     	 ld.w %d10,[%a5]0
 1184 000c 02A6     	 mov %d6,%d10
 1185 000e 5465     	 ld.w %d5,[%a6]0
 1186 0010 6D000000 	 call IfxCanxl_Node_calculateBitratePrescaler
 1187              	.LVL141:
 473:../Libraries/iLLD/TC4xx/Tricore/Canxl/Std/IfxCanxl.c **** 
 474:../Libraries/iLLD/TC4xx/Tricore/Canxl/Std/IfxCanxl.c ****     /* 2. Set arbitration baud rate */
 475:../Libraries/iLLD/TC4xx/Tricore/Canxl/Std/IfxCanxl.c ****     float32 clockPeriod, timeQuantum, bitTimeSec;
 1188              	 .loc 1 475 5 is_stmt 1
 476:../Libraries/iLLD/TC4xx/Tricore/Canxl/Std/IfxCanxl.c ****     uint32  timeSegment1, timeSegment2, bitTimeTq;
 1189              	 .loc 1 476 5
 477:../Libraries/iLLD/TC4xx/Tricore/Canxl/Std/IfxCanxl.c **** 
 478:../Libraries/iLLD/TC4xx/Tricore/Canxl/Std/IfxCanxl.c ****     clockPeriod  = 1.0f / moduleFreq;                                                             /
 1190              	 .loc 1 478 5
 1191              	 .loc 1 478 25 is_stmt 0
 1192 0014 4B086141 	 utof %d4,%d8
 1193              	 .loc 1 478 18
 1194 0018 7B00F883 	 movh %d8,16256
 1195              	.LVL142:
 1196 001c 4B485140 	 div.f %d4,%d8,%d4
 1197              	.LVL143:
 479:../Libraries/iLLD/TC4xx/Tricore/Canxl/Std/IfxCanxl.c ****     timeQuantum  = prescaler * clockPeriod;                                                       /
 1198              	 .loc 1 479 5 is_stmt 1
 1199              	 .loc 1 479 30 is_stmt 0
 1200 0020 4B024191 	 itof %d9,%d2
 1201              	 .loc 1 479 18
 1202 0024 4B494190 	 mul.f %d9,%d9,%d4
 1203              	.LVL144:
 480:../Libraries/iLLD/TC4xx/Tricore/Canxl/Std/IfxCanxl.c **** 
 481:../Libraries/iLLD/TC4xx/Tricore/Canxl/Std/IfxCanxl.c ****     bitTimeSec   = 1.0f / nominalConfig->baudrate;                                                /
 1204              	 .loc 1 481 5 is_stmt 1
 1205              	 .loc 1 481 25 is_stmt 0
 1206 0028 4B0A6131 	 utof %d3,%d10
 1207              	 .loc 1 481 18
 1208 002c 4B385130 	 div.f %d3,%d8,%d3
 1209              	.LVL145:
 482:../Libraries/iLLD/TC4xx/Tricore/Canxl/Std/IfxCanxl.c ****     bitTimeTq    = (uint32)(bitTimeSec / timeQuantum);                                            /
 1210              	 .loc 1 482 5 is_stmt 1
 1211              	 .loc 1 482 40 is_stmt 0
 1212 0030 4B935130 	 div.f %d3,%d3,%d9
 1213              	.LVL146:
 1214              	 .loc 1 482 18
 1215 0034 4B037131 	 ftouz %d3,%d3
 1216              	.LVL147:
 483:../Libraries/iLLD/TC4xx/Tricore/Canxl/Std/IfxCanxl.c ****     timeSegment1 = (uint32)((bitTimeTq) * ((float32)nominalConfig->samplePoint / 10000.0f)) - 1u; /
 1217              	 .loc 1 483 5 is_stmt 1
 1218              	 .loc 1 483 66 is_stmt 0
 1219 0038 B9D40400 	 ld.hu %d4,[%a13]4
 1220              	.LVL148:
 1221              	 .loc 1 483 44
 1222 003c 4B046141 	 utof %d4,%d4
 1223              	 .loc 1 483 80
 1224 0040 7BC061A4 	 movh %d10,17948
 1225              	.LVL149:
 1226 0044 1B0A00A4 	 addi %d10,%d10,16384
 1227 0048 4BA45140 	 div.f %d4,%d4,%d10
 1228              	 .loc 1 483 41
 1229 004c 4B036151 	 utof %d5,%d3
 1230 0050 4B454140 	 mul.f %d4,%d5,%d4
 1231              	 .loc 1 483 20
 1232 0054 4B047141 	 ftouz %d4,%d4
 1233              	 .loc 1 483 18
 1234 0058 1BF4FF6F 	 addi %d6,%d4,-1
 1235              	.LVL150:
 484:../Libraries/iLLD/TC4xx/Tricore/Canxl/Std/IfxCanxl.c ****     timeSegment2 = bitTimeTq - timeSegment1 - 1u;                                                 /
 1236              	 .loc 1 484 5 is_stmt 1
 1237              	 .loc 1 484 30 is_stmt 0
 1238 005c 0B638050 	 sub %d5,%d3,%d6
 1239              	.LVL151:
 485:../Libraries/iLLD/TC4xx/Tricore/Canxl/Std/IfxCanxl.c **** 
 486:../Libraries/iLLD/TC4xx/Tricore/Canxl/Std/IfxCanxl.c ****     IfxCanxl_Node_setNominalBitTimingValues(node, nominalConfig->syncJumpWidth, (uint8)(timeSegment
 1240              	 .loc 1 486 5 is_stmt 1
 1241              	 .loc 1 486 81 is_stmt 0
 1242 0060 C2E5     	 add %d5,-2
 1243              	.LVL152:
 1244              	 .loc 1 486 109
 1245 0062 1BE4FF6F 	 addi %d6,%d4,-2
 1246              	.LVL153:
 1247              	 .loc 1 486 148
 1248 0066 1BF2FF7F 	 addi %d7,%d2,-1
 1249              	 .loc 1 486 5
 1250 006a 8FF70F71 	 and %d7,%d7,255
 1251 006e 37067060 	 extr.u %d6,%d6,0,16
 1252 0072 8FF50F51 	 and %d5,%d5,255
 1253              	.LVL154:
 1254 0076 39D40600 	 ld.bu %d4,[%a13]6
 1255              	.LVL155:
 1256 007a 60B4     	 mov.a %a4,%d11
 1257 007c 6D000000 	 call IfxCanxl_Node_setNominalBitTimingValues
 1258              	.LVL156:
 487:../Libraries/iLLD/TC4xx/Tricore/Canxl/Std/IfxCanxl.c **** 
 488:../Libraries/iLLD/TC4xx/Tricore/Canxl/Std/IfxCanxl.c ****     /* 3. Set data phase baud rate */
 489:../Libraries/iLLD/TC4xx/Tricore/Canxl/Std/IfxCanxl.c ****     bitTimeSec   = 1.0f / fdDataConfig->baudrate;                                                /*
 1259              	 .loc 1 489 5 is_stmt 1
 1260              	 .loc 1 489 39 is_stmt 0
 1261 0080 54C2     	 ld.w %d2,[%a12]0
 1262              	 .loc 1 489 25
 1263 0082 4B026121 	 utof %d2,%d2
 1264              	 .loc 1 489 18
 1265 0086 4B285120 	 div.f %d2,%d8,%d2
 1266              	.LVL157:
 490:../Libraries/iLLD/TC4xx/Tricore/Canxl/Std/IfxCanxl.c ****     bitTimeTq    = (uint32)(bitTimeSec / timeQuantum);                                           /*
 1267              	 .loc 1 490 5 is_stmt 1
 1268              	 .loc 1 490 40 is_stmt 0
 1269 008a 4B925120 	 div.f %d2,%d2,%d9
 1270              	.LVL158:
 1271              	 .loc 1 490 18
 1272 008e 4B027121 	 ftouz %d2,%d2
 1273              	.LVL159:
 491:../Libraries/iLLD/TC4xx/Tricore/Canxl/Std/IfxCanxl.c ****     timeSegment1 = (uint32)((bitTimeTq) * ((float32)fdDataConfig->samplePoint / 10000.0f)) - 1u; /*
 1274              	 .loc 1 491 5 is_stmt 1
 1275              	 .loc 1 491 65 is_stmt 0
 1276 0092 B9C30400 	 ld.hu %d3,[%a12]4
 1277              	 .loc 1 491 44
 1278 0096 4B036131 	 utof %d3,%d3
 1279              	 .loc 1 491 79
 1280 009a 4BA35130 	 div.f %d3,%d3,%d10
 1281              	 .loc 1 491 41
 1282 009e 4B026141 	 utof %d4,%d2
 1283 00a2 4B344130 	 mul.f %d3,%d4,%d3
 1284              	 .loc 1 491 20
 1285 00a6 4B037131 	 ftouz %d3,%d3
 1286              	 .loc 1 491 18
 1287 00aa 1BF3FF6F 	 addi %d6,%d3,-1
 1288              	.LVL160:
 492:../Libraries/iLLD/TC4xx/Tricore/Canxl/Std/IfxCanxl.c ****     timeSegment2 = bitTimeTq - timeSegment1 - 1u;                                                /*
 1289              	 .loc 1 492 5 is_stmt 1
 1290              	 .loc 1 492 30 is_stmt 0
 1291 00ae 0B628050 	 sub %d5,%d2,%d6
 1292              	.LVL161:
 493:../Libraries/iLLD/TC4xx/Tricore/Canxl/Std/IfxCanxl.c **** 
 494:../Libraries/iLLD/TC4xx/Tricore/Canxl/Std/IfxCanxl.c ****     IfxCanxl_Node_setFdDataBitTimingValues(node, fdDataConfig->syncJumpWidth, (uint8)(timeSegment2 
 1293              	 .loc 1 494 5 is_stmt 1
 1294              	 .loc 1 494 79 is_stmt 0
 1295 00b2 C2E5     	 add %d5,-2
 1296              	.LVL162:
 1297              	 .loc 1 494 107
 1298 00b4 1BE3FF6F 	 addi %d6,%d3,-2
 1299              	.LVL163:
 1300              	 .loc 1 494 5
 1301 00b8 39C70700 	 ld.bu %d7,[%a12]7
 1302 00bc 8FF60F61 	 and %d6,%d6,255
 1303 00c0 8FF50F51 	 and %d5,%d5,255
 1304              	.LVL164:
 1305 00c4 39C40600 	 ld.bu %d4,[%a12]6
 1306 00c8 60B4     	 mov.a %a4,%d11
 1307 00ca 6D000000 	 call IfxCanxl_Node_setFdDataBitTimingValues
 1308              	.LVL165:
 495:../Libraries/iLLD/TC4xx/Tricore/Canxl/Std/IfxCanxl.c **** }
 1309              	 .loc 1 495 1
 1310 00ce 0090     	 ret 
 1311              	.LFE412:
 1313              	 .global IfxCanxl_Node_configureFdBitTiming_end
 1314              	IfxCanxl_Node_configureFdBitTiming_end:
 1315              	 .section .text.IfxCanxl_Node_configureXlBitTiming,"ax",@progbits
 1316              	 .align 1
 1317              	 .global IfxCanxl_Node_configureXlBitTiming
 1319              	IfxCanxl_Node_configureXlBitTiming:
 1320              	.LFB413:
 496:../Libraries/iLLD/TC4xx/Tricore/Canxl/Std/IfxCanxl.c **** 
 497:../Libraries/iLLD/TC4xx/Tricore/Canxl/Std/IfxCanxl.c **** 
 498:../Libraries/iLLD/TC4xx/Tricore/Canxl/Std/IfxCanxl.c **** void IfxCanxl_Node_configureXlBitTiming(Ifx_CANXL_N *node, uint32 moduleFreq, IfxCanxl_NominalBaudr
 499:../Libraries/iLLD/TC4xx/Tricore/Canxl/Std/IfxCanxl.c **** {
 1321              	 .loc 1 499 1 is_stmt 1
 1322              	.LVL166:
 1323 0000 40AE     	 mov.aa %a14,%SP
 1324              	.LCFI20:
 1325 0002 804B     	 mov.d %d11,%a4
 1326 0004 0248     	 mov %d8,%d4
 1327 0006 405D     	 mov.aa %a13,%a5
 1328 0008 406C     	 mov.aa %a12,%a6
 500:../Libraries/iLLD/TC4xx/Tricore/Canxl/Std/IfxCanxl.c ****     /* 1. Calculate prescaler */
 501:../Libraries/iLLD/TC4xx/Tricore/Canxl/Std/IfxCanxl.c ****     uint8   prescaler = IfxCanxl_Node_calculateBitratePrescaler(moduleFreq, xlDataConfig->baudrate,
 1329              	 .loc 1 501 5
 1330              	 .loc 1 501 25 is_stmt 0
 1331 000a 545A     	 ld.w %d10,[%a5]0
 1332 000c 02A6     	 mov %d6,%d10
 1333 000e 5465     	 ld.w %d5,[%a6]0
 1334 0010 6D000000 	 call IfxCanxl_Node_calculateBitratePrescaler
 1335              	.LVL167:
 502:../Libraries/iLLD/TC4xx/Tricore/Canxl/Std/IfxCanxl.c **** 
 503:../Libraries/iLLD/TC4xx/Tricore/Canxl/Std/IfxCanxl.c ****     /* 2. Set arbitration baud rate */
 504:../Libraries/iLLD/TC4xx/Tricore/Canxl/Std/IfxCanxl.c ****     float32 clockPeriod, timeQuantum, bitTimeSec;
 1336              	 .loc 1 504 5 is_stmt 1
 505:../Libraries/iLLD/TC4xx/Tricore/Canxl/Std/IfxCanxl.c ****     uint32  timeSegment1, timeSegment2, bitTimeTq;
 1337              	 .loc 1 505 5
 506:../Libraries/iLLD/TC4xx/Tricore/Canxl/Std/IfxCanxl.c **** 
 507:../Libraries/iLLD/TC4xx/Tricore/Canxl/Std/IfxCanxl.c ****     clockPeriod  = 1.0f / moduleFreq;                                                             /
 1338              	 .loc 1 507 5
 1339              	 .loc 1 507 25 is_stmt 0
 1340 0014 4B086141 	 utof %d4,%d8
 1341              	 .loc 1 507 18
 1342 0018 7B00F883 	 movh %d8,16256
 1343              	.LVL168:
 1344 001c 4B485140 	 div.f %d4,%d8,%d4
 1345              	.LVL169:
 508:../Libraries/iLLD/TC4xx/Tricore/Canxl/Std/IfxCanxl.c ****     timeQuantum  = prescaler * clockPeriod;                                                       /
 1346              	 .loc 1 508 5 is_stmt 1
 1347              	 .loc 1 508 30 is_stmt 0
 1348 0020 4B024191 	 itof %d9,%d2
 1349              	 .loc 1 508 18
 1350 0024 4B494190 	 mul.f %d9,%d9,%d4
 1351              	.LVL170:
 509:../Libraries/iLLD/TC4xx/Tricore/Canxl/Std/IfxCanxl.c **** 
 510:../Libraries/iLLD/TC4xx/Tricore/Canxl/Std/IfxCanxl.c ****     bitTimeSec   = 1.0f / nominalConfig->baudrate;                                                /
 1352              	 .loc 1 510 5 is_stmt 1
 1353              	 .loc 1 510 25 is_stmt 0
 1354 0028 4B0A6131 	 utof %d3,%d10
 1355              	 .loc 1 510 18
 1356 002c 4B385130 	 div.f %d3,%d8,%d3
 1357              	.LVL171:
 511:../Libraries/iLLD/TC4xx/Tricore/Canxl/Std/IfxCanxl.c ****     bitTimeTq    = (uint32)(bitTimeSec / timeQuantum);                                            /
 1358              	 .loc 1 511 5 is_stmt 1
 1359              	 .loc 1 511 40 is_stmt 0
 1360 0030 4B935130 	 div.f %d3,%d3,%d9
 1361              	.LVL172:
 1362              	 .loc 1 511 18
 1363 0034 4B037131 	 ftouz %d3,%d3
 1364              	.LVL173:
 512:../Libraries/iLLD/TC4xx/Tricore/Canxl/Std/IfxCanxl.c ****     timeSegment1 = (uint32)((bitTimeTq) * ((float32)nominalConfig->samplePoint / 10000.0f)) - 1u; /
 1365              	 .loc 1 512 5 is_stmt 1
 1366              	 .loc 1 512 66 is_stmt 0
 1367 0038 B9D40400 	 ld.hu %d4,[%a13]4
 1368              	.LVL174:
 1369              	 .loc 1 512 44
 1370 003c 4B046141 	 utof %d4,%d4
 1371              	 .loc 1 512 80
 1372 0040 7BC061A4 	 movh %d10,17948
 1373              	.LVL175:
 1374 0044 1B0A00A4 	 addi %d10,%d10,16384
 1375 0048 4BA45140 	 div.f %d4,%d4,%d10
 1376              	 .loc 1 512 41
 1377 004c 4B036151 	 utof %d5,%d3
 1378 0050 4B454140 	 mul.f %d4,%d5,%d4
 1379              	 .loc 1 512 20
 1380 0054 4B047141 	 ftouz %d4,%d4
 1381              	 .loc 1 512 18
 1382 0058 1BF4FF6F 	 addi %d6,%d4,-1
 1383              	.LVL176:
 513:../Libraries/iLLD/TC4xx/Tricore/Canxl/Std/IfxCanxl.c ****     timeSegment2 = bitTimeTq - timeSegment1 - 1u;                                                 /
 1384              	 .loc 1 513 5 is_stmt 1
 1385              	 .loc 1 513 30 is_stmt 0
 1386 005c 0B638050 	 sub %d5,%d3,%d6
 1387              	.LVL177:
 514:../Libraries/iLLD/TC4xx/Tricore/Canxl/Std/IfxCanxl.c **** 
 515:../Libraries/iLLD/TC4xx/Tricore/Canxl/Std/IfxCanxl.c ****     IfxCanxl_Node_setNominalBitTimingValues(node, nominalConfig->syncJumpWidth, (uint8)(timeSegment
 1388              	 .loc 1 515 5 is_stmt 1
 1389              	 .loc 1 515 81 is_stmt 0
 1390 0060 C2E5     	 add %d5,-2
 1391              	.LVL178:
 1392              	 .loc 1 515 109
 1393 0062 1BE4FF6F 	 addi %d6,%d4,-2
 1394              	.LVL179:
 1395              	 .loc 1 515 148
 1396 0066 1BF2FF7F 	 addi %d7,%d2,-1
 1397              	 .loc 1 515 5
 1398 006a 8FF70F71 	 and %d7,%d7,255
 1399 006e 37067060 	 extr.u %d6,%d6,0,16
 1400 0072 8FF50F51 	 and %d5,%d5,255
 1401              	.LVL180:
 1402 0076 39D40600 	 ld.bu %d4,[%a13]6
 1403              	.LVL181:
 1404 007a 60B4     	 mov.a %a4,%d11
 1405 007c 6D000000 	 call IfxCanxl_Node_setNominalBitTimingValues
 1406              	.LVL182:
 516:../Libraries/iLLD/TC4xx/Tricore/Canxl/Std/IfxCanxl.c **** 
 517:../Libraries/iLLD/TC4xx/Tricore/Canxl/Std/IfxCanxl.c ****     /* 3. Set data phase baud rate */
 518:../Libraries/iLLD/TC4xx/Tricore/Canxl/Std/IfxCanxl.c ****     bitTimeSec   = 1.0f / xlDataConfig->baudrate;                                                /*
 1407              	 .loc 1 518 5 is_stmt 1
 1408              	 .loc 1 518 39 is_stmt 0
 1409 0080 54C2     	 ld.w %d2,[%a12]0
 1410              	 .loc 1 518 25
 1411 0082 4B026121 	 utof %d2,%d2
 1412              	 .loc 1 518 18
 1413 0086 4B285120 	 div.f %d2,%d8,%d2
 1414              	.LVL183:
 519:../Libraries/iLLD/TC4xx/Tricore/Canxl/Std/IfxCanxl.c ****     bitTimeTq    = (uint32)(bitTimeSec / timeQuantum);                                           /*
 1415              	 .loc 1 519 5 is_stmt 1
 1416              	 .loc 1 519 40 is_stmt 0
 1417 008a 4B925120 	 div.f %d2,%d2,%d9
 1418              	.LVL184:
 1419              	 .loc 1 519 18
 1420 008e 4B027121 	 ftouz %d2,%d2
 1421              	.LVL185:
 520:../Libraries/iLLD/TC4xx/Tricore/Canxl/Std/IfxCanxl.c ****     timeSegment1 = (uint32)((bitTimeTq) * ((float32)xlDataConfig->samplePoint / 10000.0f)) - 1u; /*
 1422              	 .loc 1 520 5 is_stmt 1
 1423              	 .loc 1 520 65 is_stmt 0
 1424 0092 B9C30400 	 ld.hu %d3,[%a12]4
 1425              	 .loc 1 520 44
 1426 0096 4B036131 	 utof %d3,%d3
 1427              	 .loc 1 520 79
 1428 009a 4BA35130 	 div.f %d3,%d3,%d10
 1429              	 .loc 1 520 41
 1430 009e 4B026141 	 utof %d4,%d2
 1431 00a2 4B344130 	 mul.f %d3,%d4,%d3
 1432              	 .loc 1 520 20
 1433 00a6 4B037131 	 ftouz %d3,%d3
 1434              	 .loc 1 520 18
 1435 00aa 1BF3FF6F 	 addi %d6,%d3,-1
 1436              	.LVL186:
 521:../Libraries/iLLD/TC4xx/Tricore/Canxl/Std/IfxCanxl.c ****     timeSegment2 = bitTimeTq - timeSegment1 - 1u;                                                /*
 1437              	 .loc 1 521 5 is_stmt 1
 1438              	 .loc 1 521 30 is_stmt 0
 1439 00ae 0B628050 	 sub %d5,%d2,%d6
 1440              	.LVL187:
 522:../Libraries/iLLD/TC4xx/Tricore/Canxl/Std/IfxCanxl.c **** 
 523:../Libraries/iLLD/TC4xx/Tricore/Canxl/Std/IfxCanxl.c ****     IfxCanxl_Node_setXlDataBitTimingValues(node, xlDataConfig->syncJumpWidth, (uint8)(timeSegment2 
 1441              	 .loc 1 523 5 is_stmt 1
 1442              	 .loc 1 523 79 is_stmt 0
 1443 00b2 C2E5     	 add %d5,-2
 1444              	.LVL188:
 1445              	 .loc 1 523 107
 1446 00b4 1BE3FF6F 	 addi %d6,%d3,-2
 1447              	.LVL189:
 1448              	 .loc 1 523 5
 1449 00b8 39C70700 	 ld.bu %d7,[%a12]7
 1450 00bc 8FF60F61 	 and %d6,%d6,255
 1451 00c0 8FF50F51 	 and %d5,%d5,255
 1452              	.LVL190:
 1453 00c4 39C40600 	 ld.bu %d4,[%a12]6
 1454 00c8 60B4     	 mov.a %a4,%d11
 1455 00ca 6D000000 	 call IfxCanxl_Node_setXlDataBitTimingValues
 1456              	.LVL191:
 524:../Libraries/iLLD/TC4xx/Tricore/Canxl/Std/IfxCanxl.c **** }
 1457              	 .loc 1 524 1
 1458 00ce 0090     	 ret 
 1459              	.LFE413:
 1461              	 .global IfxCanxl_Node_configureXlBitTiming_end
 1462              	IfxCanxl_Node_configureXlBitTiming_end:
 1463              	 .section .text.IfxCanxl_Node_configureFdXlBitTiming,"ax",@progbits
 1464              	 .align 1
 1465              	 .global IfxCanxl_Node_configureFdXlBitTiming
 1467              	IfxCanxl_Node_configureFdXlBitTiming:
 1468              	.LFB414:
 525:../Libraries/iLLD/TC4xx/Tricore/Canxl/Std/IfxCanxl.c **** 
 526:../Libraries/iLLD/TC4xx/Tricore/Canxl/Std/IfxCanxl.c **** 
 527:../Libraries/iLLD/TC4xx/Tricore/Canxl/Std/IfxCanxl.c **** void IfxCanxl_Node_configureFdXlBitTiming(Ifx_CANXL_N *node, uint32 moduleFreq, IfxCanxl_NominalBau
 528:../Libraries/iLLD/TC4xx/Tricore/Canxl/Std/IfxCanxl.c **** {
 1469              	 .loc 1 528 1 is_stmt 1
 1470              	.LVL192:
 1471 0000 40AE     	 mov.aa %a14,%SP
 1472              	.LCFI21:
 1473 0002 804B     	 mov.d %d11,%a4
 1474 0004 0248     	 mov %d8,%d4
 1475 0006 405F     	 mov.aa %a15,%a5
 1476 0008 406D     	 mov.aa %a13,%a6
 1477 000a 407C     	 mov.aa %a12,%a7
 529:../Libraries/iLLD/TC4xx/Tricore/Canxl/Std/IfxCanxl.c ****     /* 1. Calculate prescaler */
 530:../Libraries/iLLD/TC4xx/Tricore/Canxl/Std/IfxCanxl.c ****     uint32  maxBaudrate = __max(fdDataConfig->baudrate, xlDataConfig->baudrate);
 1478              	 .loc 1 530 5
 1479              	 .loc 1 530 45 is_stmt 0
 1480 000c 5462     	 ld.w %d2,[%a6]0
 1481              	 .loc 1 530 69
 1482 000e 5473     	 ld.w %d3,[%a7]0
 1483              	.LVL193:
 1484              	.LBB48:
 1485              	.LBB49:
 152:../Libraries/iLLD/TC4xx/Tricore/Cpu/Std/IfxCpu_IntrinsicsGcc.h ****     __asm__ volatile ("max %0, %1, %2": "=d" (res) : "d" (a), "d" (b));
 1486              	 .loc 3 152 5 is_stmt 1
 153:../Libraries/iLLD/TC4xx/Tricore/Cpu/Std/IfxCpu_IntrinsicsGcc.h ****     return res;
 1487              	 .loc 3 153 5
 1488              	
 1489              	 
 1490 0010 0B32A051 	 max %d5,%d2,%d3
 1491              	 
 1492              	.LVL194:
 154:../Libraries/iLLD/TC4xx/Tricore/Cpu/Std/IfxCpu_IntrinsicsGcc.h **** }
 1493              	 .loc 3 154 5
 1494              	
 1495              	.LBE49:
 1496              	.LBE48:
 531:../Libraries/iLLD/TC4xx/Tricore/Canxl/Std/IfxCanxl.c ****     uint8   prescaler   = IfxCanxl_Node_calculateBitratePrescaler(moduleFreq, maxBaudrate, nominalC
 1497              	 .loc 1 531 5
 1498              	 .loc 1 531 27 is_stmt 0
 1499 0014 545A     	 ld.w %d10,[%a5]0
 1500 0016 02A6     	 mov %d6,%d10
 1501 0018 6D000000 	 call IfxCanxl_Node_calculateBitratePrescaler
 1502              	.LVL195:
 532:../Libraries/iLLD/TC4xx/Tricore/Canxl/Std/IfxCanxl.c **** 
 533:../Libraries/iLLD/TC4xx/Tricore/Canxl/Std/IfxCanxl.c ****     /* 2. Set arbitration baud rate */
 534:../Libraries/iLLD/TC4xx/Tricore/Canxl/Std/IfxCanxl.c ****     float32 clockPeriod, timeQuantum, bitTimeSec;
 1503              	 .loc 1 534 5 is_stmt 1
 535:../Libraries/iLLD/TC4xx/Tricore/Canxl/Std/IfxCanxl.c ****     uint32  timeSegment1, timeSegment2, bitTimeTq;
 1504              	 .loc 1 535 5
 536:../Libraries/iLLD/TC4xx/Tricore/Canxl/Std/IfxCanxl.c **** 
 537:../Libraries/iLLD/TC4xx/Tricore/Canxl/Std/IfxCanxl.c ****     clockPeriod  = 1.0f / moduleFreq;                                                             /
 1505              	 .loc 1 537 5
 1506              	 .loc 1 537 25 is_stmt 0
 1507 001c 4B086141 	 utof %d4,%d8
 1508              	 .loc 1 537 18
 1509 0020 7B00F883 	 movh %d8,16256
 1510              	.LVL196:
 1511 0024 4B485140 	 div.f %d4,%d8,%d4
 1512              	.LVL197:
 538:../Libraries/iLLD/TC4xx/Tricore/Canxl/Std/IfxCanxl.c ****     timeQuantum  = prescaler * clockPeriod;                                                       /
 1513              	 .loc 1 538 5 is_stmt 1
 1514              	 .loc 1 538 30 is_stmt 0
 1515 0028 4B024191 	 itof %d9,%d2
 1516              	 .loc 1 538 18
 1517 002c 4B494190 	 mul.f %d9,%d9,%d4
 1518              	.LVL198:
 539:../Libraries/iLLD/TC4xx/Tricore/Canxl/Std/IfxCanxl.c **** 
 540:../Libraries/iLLD/TC4xx/Tricore/Canxl/Std/IfxCanxl.c ****     bitTimeSec   = 1.0f / nominalConfig->baudrate;                                                /
 1519              	 .loc 1 540 5 is_stmt 1
 1520              	 .loc 1 540 25 is_stmt 0
 1521 0030 4B0A6131 	 utof %d3,%d10
 1522              	 .loc 1 540 18
 1523 0034 4B385130 	 div.f %d3,%d8,%d3
 1524              	.LVL199:
 541:../Libraries/iLLD/TC4xx/Tricore/Canxl/Std/IfxCanxl.c ****     bitTimeTq    = (uint32)(bitTimeSec / timeQuantum);                                            /
 1525              	 .loc 1 541 5 is_stmt 1
 1526              	 .loc 1 541 40 is_stmt 0
 1527 0038 4B935130 	 div.f %d3,%d3,%d9
 1528              	.LVL200:
 1529              	 .loc 1 541 18
 1530 003c 4B037131 	 ftouz %d3,%d3
 1531              	.LVL201:
 542:../Libraries/iLLD/TC4xx/Tricore/Canxl/Std/IfxCanxl.c ****     timeSegment1 = (uint32)((bitTimeTq) * ((float32)nominalConfig->samplePoint / 10000.0f)) - 1u; /
 1532              	 .loc 1 542 5 is_stmt 1
 1533              	 .loc 1 542 66 is_stmt 0
 1534 0040 B9F40400 	 ld.hu %d4,[%a15]4
 1535              	.LVL202:
 1536              	 .loc 1 542 44
 1537 0044 4B046141 	 utof %d4,%d4
 1538              	 .loc 1 542 80
 1539 0048 7BC061A4 	 movh %d10,17948
 1540              	.LVL203:
 1541 004c 1B0A00A4 	 addi %d10,%d10,16384
 1542 0050 4BA45140 	 div.f %d4,%d4,%d10
 1543              	 .loc 1 542 41
 1544 0054 4B036151 	 utof %d5,%d3
 1545 0058 4B454140 	 mul.f %d4,%d5,%d4
 1546              	 .loc 1 542 20
 1547 005c 4B047141 	 ftouz %d4,%d4
 1548              	 .loc 1 542 18
 1549 0060 1BF4FF6F 	 addi %d6,%d4,-1
 1550              	.LVL204:
 543:../Libraries/iLLD/TC4xx/Tricore/Canxl/Std/IfxCanxl.c ****     timeSegment2 = bitTimeTq - timeSegment1 - 1u;                                                 /
 1551              	 .loc 1 543 5 is_stmt 1
 1552              	 .loc 1 543 30 is_stmt 0
 1553 0064 0B638050 	 sub %d5,%d3,%d6
 1554              	.LVL205:
 544:../Libraries/iLLD/TC4xx/Tricore/Canxl/Std/IfxCanxl.c **** 
 545:../Libraries/iLLD/TC4xx/Tricore/Canxl/Std/IfxCanxl.c ****     IfxCanxl_Node_setNominalBitTimingValues(node, nominalConfig->syncJumpWidth, (uint8)(timeSegment
 1555              	 .loc 1 545 5 is_stmt 1
 1556              	 .loc 1 545 81 is_stmt 0
 1557 0068 C2E5     	 add %d5,-2
 1558              	.LVL206:
 1559              	 .loc 1 545 109
 1560 006a 1BE4FF6F 	 addi %d6,%d4,-2
 1561              	.LVL207:
 1562              	 .loc 1 545 148
 1563 006e 1BF2FF7F 	 addi %d7,%d2,-1
 1564              	 .loc 1 545 5
 1565 0072 8FF70F71 	 and %d7,%d7,255
 1566 0076 37067060 	 extr.u %d6,%d6,0,16
 1567 007a 8FF50F51 	 and %d5,%d5,255
 1568              	.LVL208:
 1569 007e 0864     	 ld.bu %d4,[%a15]6
 1570              	.LVL209:
 1571 0080 60B4     	 mov.a %a4,%d11
 1572 0082 6D000000 	 call IfxCanxl_Node_setNominalBitTimingValues
 1573              	.LVL210:
 546:../Libraries/iLLD/TC4xx/Tricore/Canxl/Std/IfxCanxl.c **** 
 547:../Libraries/iLLD/TC4xx/Tricore/Canxl/Std/IfxCanxl.c ****     /* 3. Set data phase baud rate */
 548:../Libraries/iLLD/TC4xx/Tricore/Canxl/Std/IfxCanxl.c ****     bitTimeSec   = 1.0f / fdDataConfig->baudrate;                                                /*
 1574              	 .loc 1 548 5 is_stmt 1
 1575              	 .loc 1 548 39 is_stmt 0
 1576 0086 54D2     	 ld.w %d2,[%a13]0
 1577              	 .loc 1 548 25
 1578 0088 4B026121 	 utof %d2,%d2
 1579              	 .loc 1 548 18
 1580 008c 4B285120 	 div.f %d2,%d8,%d2
 1581              	.LVL211:
 549:../Libraries/iLLD/TC4xx/Tricore/Canxl/Std/IfxCanxl.c ****     bitTimeTq    = (uint32)(bitTimeSec / timeQuantum);                                           /*
 1582              	 .loc 1 549 5 is_stmt 1
 1583              	 .loc 1 549 40 is_stmt 0
 1584 0090 4B925120 	 div.f %d2,%d2,%d9
 1585              	.LVL212:
 1586              	 .loc 1 549 18
 1587 0094 4B027121 	 ftouz %d2,%d2
 1588              	.LVL213:
 550:../Libraries/iLLD/TC4xx/Tricore/Canxl/Std/IfxCanxl.c ****     timeSegment1 = (uint32)((bitTimeTq) * ((float32)fdDataConfig->samplePoint / 10000.0f)) - 1u; /*
 1589              	 .loc 1 550 5 is_stmt 1
 1590              	 .loc 1 550 65 is_stmt 0
 1591 0098 B9D30400 	 ld.hu %d3,[%a13]4
 1592              	 .loc 1 550 44
 1593 009c 4B036131 	 utof %d3,%d3
 1594              	 .loc 1 550 79
 1595 00a0 4BA35130 	 div.f %d3,%d3,%d10
 1596              	 .loc 1 550 41
 1597 00a4 4B026141 	 utof %d4,%d2
 1598 00a8 4B344130 	 mul.f %d3,%d4,%d3
 1599              	 .loc 1 550 20
 1600 00ac 4B037131 	 ftouz %d3,%d3
 1601              	 .loc 1 550 18
 1602 00b0 1BF3FF6F 	 addi %d6,%d3,-1
 1603              	.LVL214:
 551:../Libraries/iLLD/TC4xx/Tricore/Canxl/Std/IfxCanxl.c ****     timeSegment2 = bitTimeTq - timeSegment1 - 1u;                                                /*
 1604              	 .loc 1 551 5 is_stmt 1
 1605              	 .loc 1 551 30 is_stmt 0
 1606 00b4 0B628050 	 sub %d5,%d2,%d6
 1607              	.LVL215:
 552:../Libraries/iLLD/TC4xx/Tricore/Canxl/Std/IfxCanxl.c **** 
 553:../Libraries/iLLD/TC4xx/Tricore/Canxl/Std/IfxCanxl.c ****     IfxCanxl_Node_setFdDataBitTimingValues(node, fdDataConfig->syncJumpWidth, (uint8)(timeSegment2 
 1608              	 .loc 1 553 5 is_stmt 1
 1609              	 .loc 1 553 79 is_stmt 0
 1610 00b8 C2E5     	 add %d5,-2
 1611              	.LVL216:
 1612              	 .loc 1 553 107
 1613 00ba 1BE3FF6F 	 addi %d6,%d3,-2
 1614              	.LVL217:
 1615              	 .loc 1 553 5
 1616 00be 39D70700 	 ld.bu %d7,[%a13]7
 1617 00c2 8FF60F61 	 and %d6,%d6,255
 1618 00c6 8FF50F51 	 and %d5,%d5,255
 1619              	.LVL218:
 1620 00ca 39D40600 	 ld.bu %d4,[%a13]6
 1621 00ce 60B4     	 mov.a %a4,%d11
 1622 00d0 6D000000 	 call IfxCanxl_Node_setFdDataBitTimingValues
 1623              	.LVL219:
 554:../Libraries/iLLD/TC4xx/Tricore/Canxl/Std/IfxCanxl.c **** 
 555:../Libraries/iLLD/TC4xx/Tricore/Canxl/Std/IfxCanxl.c ****     /* 4. Set data phase baud rate */
 556:../Libraries/iLLD/TC4xx/Tricore/Canxl/Std/IfxCanxl.c ****     bitTimeSec   = 1.0f / xlDataConfig->baudrate;                                                /*
 1624              	 .loc 1 556 5 is_stmt 1
 1625              	 .loc 1 556 39 is_stmt 0
 1626 00d4 54C2     	 ld.w %d2,[%a12]0
 1627              	 .loc 1 556 25
 1628 00d6 4B026121 	 utof %d2,%d2
 1629              	 .loc 1 556 18
 1630 00da 4B285120 	 div.f %d2,%d8,%d2
 1631              	.LVL220:
 557:../Libraries/iLLD/TC4xx/Tricore/Canxl/Std/IfxCanxl.c ****     bitTimeTq    = (uint32)(bitTimeSec / timeQuantum);                                           /*
 1632              	 .loc 1 557 5 is_stmt 1
 1633              	 .loc 1 557 40 is_stmt 0
 1634 00de 4B925120 	 div.f %d2,%d2,%d9
 1635              	.LVL221:
 1636              	 .loc 1 557 18
 1637 00e2 4B027121 	 ftouz %d2,%d2
 1638              	.LVL222:
 558:../Libraries/iLLD/TC4xx/Tricore/Canxl/Std/IfxCanxl.c ****     timeSegment1 = (uint32)((bitTimeTq) * ((float32)xlDataConfig->samplePoint / 10000.0f)) - 1u; /*
 1639              	 .loc 1 558 5 is_stmt 1
 1640              	 .loc 1 558 65 is_stmt 0
 1641 00e6 B9C30400 	 ld.hu %d3,[%a12]4
 1642              	 .loc 1 558 44
 1643 00ea 4B036131 	 utof %d3,%d3
 1644              	 .loc 1 558 79
 1645 00ee 4BA35130 	 div.f %d3,%d3,%d10
 1646              	 .loc 1 558 41
 1647 00f2 4B026141 	 utof %d4,%d2
 1648 00f6 4B344130 	 mul.f %d3,%d4,%d3
 1649              	 .loc 1 558 20
 1650 00fa 4B037131 	 ftouz %d3,%d3
 1651              	 .loc 1 558 18
 1652 00fe 1BF3FF6F 	 addi %d6,%d3,-1
 1653              	.LVL223:
 559:../Libraries/iLLD/TC4xx/Tricore/Canxl/Std/IfxCanxl.c ****     timeSegment2 = bitTimeTq - timeSegment1 - 1u;                                                /*
 1654              	 .loc 1 559 5 is_stmt 1
 1655              	 .loc 1 559 30 is_stmt 0
 1656 0102 0B628050 	 sub %d5,%d2,%d6
 1657              	.LVL224:
 560:../Libraries/iLLD/TC4xx/Tricore/Canxl/Std/IfxCanxl.c **** 
 561:../Libraries/iLLD/TC4xx/Tricore/Canxl/Std/IfxCanxl.c ****     IfxCanxl_Node_setXlDataBitTimingValues(node, xlDataConfig->syncJumpWidth, (uint8)(timeSegment2 
 1658              	 .loc 1 561 5 is_stmt 1
 1659              	 .loc 1 561 79 is_stmt 0
 1660 0106 C2E5     	 add %d5,-2
 1661              	.LVL225:
 1662              	 .loc 1 561 107
 1663 0108 1BE3FF6F 	 addi %d6,%d3,-2
 1664              	.LVL226:
 1665              	 .loc 1 561 5
 1666 010c 39C70700 	 ld.bu %d7,[%a12]7
 1667 0110 8FF60F61 	 and %d6,%d6,255
 1668 0114 8FF50F51 	 and %d5,%d5,255
 1669              	.LVL227:
 1670 0118 39C40600 	 ld.bu %d4,[%a12]6
 1671 011c 60B4     	 mov.a %a4,%d11
 1672 011e 6D000000 	 call IfxCanxl_Node_setXlDataBitTimingValues
 1673              	.LVL228:
 562:../Libraries/iLLD/TC4xx/Tricore/Canxl/Std/IfxCanxl.c **** }
 1674              	 .loc 1 562 1
 1675 0122 0090     	 ret 
 1676              	.LFE414:
 1678              	 .global IfxCanxl_Node_configureFdXlBitTiming_end
 1679              	IfxCanxl_Node_configureFdXlBitTiming_end:
 1680              	 .section .text.IfxCanxl_Node_configureProtocolOperation,"ax",@progbits
 1681              	 .align 1
 1682              	 .global IfxCanxl_Node_configureProtocolOperation
 1684              	IfxCanxl_Node_configureProtocolOperation:
 1685              	.LFB415:
 563:../Libraries/iLLD/TC4xx/Tricore/Canxl/Std/IfxCanxl.c **** 
 564:../Libraries/iLLD/TC4xx/Tricore/Canxl/Std/IfxCanxl.c **** 
 565:../Libraries/iLLD/TC4xx/Tricore/Canxl/Std/IfxCanxl.c **** void IfxCanxl_Node_configureProtocolOperation(Ifx_CANXL_N *node, IfxCanxl_ProtocolOperation operati
 566:../Libraries/iLLD/TC4xx/Tricore/Canxl/Std/IfxCanxl.c **** {
 1686              	 .loc 1 566 1 is_stmt 1
 1687              	.LVL229:
 1688 0000 40AE     	 mov.aa %a14,%SP
 1689              	.LCFI22:
 567:../Libraries/iLLD/TC4xx/Tricore/Canxl/Std/IfxCanxl.c ****     switch (operation)
 1690              	 .loc 1 567 5
 1691 0002 8B040122 	 eq %d2,%d4,16
 1692 0006 DF020080 	 jnz %d2,.L54
 1693 000a 8B14A122 	 ge.u %d2,%d4,17
 1694 000e DF020080 	 jnz %d2,.L55
 1695 0012 DF140000 	 jeq %d4,1,.L56
 1696 0016 DF340080 	 jne %d4,3,.L57
 1697              	.L56:
 568:../Libraries/iLLD/TC4xx/Tricore/Canxl/Std/IfxCanxl.c ****     {
 569:../Libraries/iLLD/TC4xx/Tricore/Canxl/Std/IfxCanxl.c ****     case IfxCanxl_ProtocolOperation_stop:
 570:../Libraries/iLLD/TC4xx/Tricore/Canxl/Std/IfxCanxl.c ****     case IfxCanxl_ProtocolOperation_immediateStop:
 571:../Libraries/iLLD/TC4xx/Tricore/Canxl/Std/IfxCanxl.c ****     {
 572:../Libraries/iLLD/TC4xx/Tricore/Canxl/Std/IfxCanxl.c ****         /* Perform unlock sequence for STOP/IMMD bitfields and write to control register */
 573:../Libraries/iLLD/TC4xx/Tricore/Canxl/Std/IfxCanxl.c ****         node->LOCK.U = IFXCANXL_FUNCTIONAL_UNLOCK_KEY1;
 1698              	 .loc 1 573 9
 1699              	 .loc 1 573 22 is_stmt 0
 1700 001a 3B402321 	 mov %d2,4660
 1701 001e D9428051 	 lea %a2,[%a4]6464
 1702 0022 59428051 	 st.w [%a4]6464,%d2
 574:../Libraries/iLLD/TC4xx/Tricore/Canxl/Std/IfxCanxl.c ****         node->LOCK.U = IFXCANXL_FUNCTIONAL_UNLOCK_KEY2;
 1703              	 .loc 1 574 9 is_stmt 1
 1704              	 .loc 1 574 22 is_stmt 0
 1705 0026 3B103224 	 mov %d2,17185
 1706 002a 7422     	 st.w [%a2]0,%d2
 575:../Libraries/iLLD/TC4xx/Tricore/Canxl/Std/IfxCanxl.c ****         node->CTRL.U = (uint32)operation;
 1707              	 .loc 1 575 9 is_stmt 1
 1708              	 .loc 1 575 22 is_stmt 0
 1709 002c 59448451 	 st.w [%a4]6468,%d4
 576:../Libraries/iLLD/TC4xx/Tricore/Canxl/Std/IfxCanxl.c ****         break;
 1710              	 .loc 1 576 9 is_stmt 1
 1711 0030 0090     	 ret 
 1712              	.L55:
 567:../Libraries/iLLD/TC4xx/Tricore/Canxl/Std/IfxCanxl.c ****     {
 1713              	 .loc 1 567 5 is_stmt 0
 1714 0032 3B001020 	 mov %d2,256
 1715 0036 5F240000 	 jeq %d4,%d2,.L54
 1716              	.L57:
 577:../Libraries/iLLD/TC4xx/Tricore/Canxl/Std/IfxCanxl.c ****     }
 578:../Libraries/iLLD/TC4xx/Tricore/Canxl/Std/IfxCanxl.c ****     case IfxCanxl_ProtocolOperation_start:
 579:../Libraries/iLLD/TC4xx/Tricore/Canxl/Std/IfxCanxl.c ****     case IfxCanxl_ProtocolOperation_softwareReset:
 580:../Libraries/iLLD/TC4xx/Tricore/Canxl/Std/IfxCanxl.c ****     {
 581:../Libraries/iLLD/TC4xx/Tricore/Canxl/Std/IfxCanxl.c ****         /* No unlock is required. Write directly to control register. */
 582:../Libraries/iLLD/TC4xx/Tricore/Canxl/Std/IfxCanxl.c ****         node->CTRL.U = (uint32)operation;
 583:../Libraries/iLLD/TC4xx/Tricore/Canxl/Std/IfxCanxl.c ****         break;
 584:../Libraries/iLLD/TC4xx/Tricore/Canxl/Std/IfxCanxl.c ****     }
 585:../Libraries/iLLD/TC4xx/Tricore/Canxl/Std/IfxCanxl.c ****     case IfxCanxl_ProtocolOperation_test:
 586:../Libraries/iLLD/TC4xx/Tricore/Canxl/Std/IfxCanxl.c ****     default:
 587:../Libraries/iLLD/TC4xx/Tricore/Canxl/Std/IfxCanxl.c ****     {
 588:../Libraries/iLLD/TC4xx/Tricore/Canxl/Std/IfxCanxl.c ****         /* Perform unlock sequence for TEST bitfield and write to control register */
 589:../Libraries/iLLD/TC4xx/Tricore/Canxl/Std/IfxCanxl.c ****         node->LOCK.U = (uint32)IFXCANXL_TEST_MODE_UNLOCK_KEY1 << IFX_CANXL_N_LOCK_TMK_OFF;
 1717              	 .loc 1 589 9 is_stmt 1
 1718              	 .loc 1 589 22 is_stmt 0
 1719 003a 7B907826 	 movh %d2,26505
 1720 003e D9428051 	 lea %a2,[%a4]6464
 1721 0042 59428051 	 st.w [%a4]6464,%d2
 590:../Libraries/iLLD/TC4xx/Tricore/Canxl/Std/IfxCanxl.c ****         node->LOCK.U = (uint32)IFXCANXL_TEST_MODE_UNLOCK_KEY2 << IFX_CANXL_N_LOCK_TMK_OFF;
 1722              	 .loc 1 590 9 is_stmt 1
 1723              	 .loc 1 590 22 is_stmt 0
 1724 0046 7B608729 	 movh %d2,39030
 1725 004a 7422     	 st.w [%a2]0,%d2
 591:../Libraries/iLLD/TC4xx/Tricore/Canxl/Std/IfxCanxl.c ****         node->CTRL.U = (uint32)operation;
 1726              	 .loc 1 591 9 is_stmt 1
 1727              	 .loc 1 591 22 is_stmt 0
 1728 004c 59448451 	 st.w [%a4]6468,%d4
 592:../Libraries/iLLD/TC4xx/Tricore/Canxl/Std/IfxCanxl.c ****         break;
 1729              	 .loc 1 592 9 is_stmt 1
 593:../Libraries/iLLD/TC4xx/Tricore/Canxl/Std/IfxCanxl.c ****     }
 594:../Libraries/iLLD/TC4xx/Tricore/Canxl/Std/IfxCanxl.c ****     }
 595:../Libraries/iLLD/TC4xx/Tricore/Canxl/Std/IfxCanxl.c **** }
 1730              	 .loc 1 595 1 is_stmt 0
 1731 0050 0090     	 ret 
 1732              	.L54:
 582:../Libraries/iLLD/TC4xx/Tricore/Canxl/Std/IfxCanxl.c ****         break;
 1733              	 .loc 1 582 9 is_stmt 1
 582:../Libraries/iLLD/TC4xx/Tricore/Canxl/Std/IfxCanxl.c ****         break;
 1734              	 .loc 1 582 22 is_stmt 0
 1735 0052 59448451 	 st.w [%a4]6468,%d4
 583:../Libraries/iLLD/TC4xx/Tricore/Canxl/Std/IfxCanxl.c ****     }
 1736              	 .loc 1 583 9 is_stmt 1
 1737 0056 0090     	 ret 
 1738              	.LFE415:
 1740              	 .global IfxCanxl_Node_configureProtocolOperation_end
 1741              	IfxCanxl_Node_configureProtocolOperation_end:
 1742              	 .section .text.IfxCanxl_Node_configureGlobalSettingsRxFilter,"ax",@progbits
 1743              	 .align 1
 1744              	 .global IfxCanxl_Node_configureGlobalSettingsRxFilter
 1746              	IfxCanxl_Node_configureGlobalSettingsRxFilter:
 1747              	.LFB416:
 596:../Libraries/iLLD/TC4xx/Tricore/Canxl/Std/IfxCanxl.c **** 
 597:../Libraries/iLLD/TC4xx/Tricore/Canxl/Std/IfxCanxl.c **** 
 598:../Libraries/iLLD/TC4xx/Tricore/Canxl/Std/IfxCanxl.c **** void IfxCanxl_Node_configureGlobalSettingsRxFilter(Ifx_CANXL_N *node, IfxCanxl_Can_RxFilterGlobalCo
 599:../Libraries/iLLD/TC4xx/Tricore/Canxl/Std/IfxCanxl.c **** {
 1748              	 .loc 1 599 1
 1749              	.LVL230:
 1750 0000 40AE     	 mov.aa %a14,%SP
 1751              	.LCFI23:
 600:../Libraries/iLLD/TC4xx/Tricore/Canxl/Std/IfxCanxl.c ****     Ifx_CANXL_N_RX_FILTER_CTRL regRxFilterCtrl;
 1752              	 .loc 1 600 5
 601:../Libraries/iLLD/TC4xx/Tricore/Canxl/Std/IfxCanxl.c ****     regRxFilterCtrl.U           = 0u;
 1753              	 .loc 1 601 5
 1754              	 .loc 1 601 33 is_stmt 0
 1755 0002 8202     	 mov %d2,0
 1756              	.LVL231:
 602:../Libraries/iLLD/TC4xx/Tricore/Canxl/Std/IfxCanxl.c **** 
 603:../Libraries/iLLD/TC4xx/Tricore/Canxl/Std/IfxCanxl.c ****     regRxFilterCtrl.B.ANFF      = config->acceptNonFilterFrames;
 1757              	 .loc 1 603 5 is_stmt 1
 1758              	 .loc 1 603 41 is_stmt 0
 1759 0004 39530100 	 ld.bu %d3,[%a5]1
 1760              	 .loc 1 603 33
 1761 0008 67321520 	 ins.t %d2,%d2,21,%d3,0
 1762              	.LVL232:
 604:../Libraries/iLLD/TC4xx/Tricore/Canxl/Std/IfxCanxl.c ****     regRxFilterCtrl.B.ANMF      = config->acceptNoMatch;
 1763              	 .loc 1 604 5 is_stmt 1
 1764              	 .loc 1 604 41 is_stmt 0
 1765 000c 1453     	 ld.bu %d3,[%a5]0
 1766              	 .loc 1 604 33
 1767 000e 67321420 	 ins.t %d2,%d2,20,%d3,0
 605:../Libraries/iLLD/TC4xx/Tricore/Canxl/Std/IfxCanxl.c ****     regRxFilterCtrl.B.ANMF_FQ   = config->defaultRxQueueNum;
 1768              	 .loc 1 605 5 is_stmt 1
 1769              	 .loc 1 605 41 is_stmt 0
 1770 0012 19530800 	 ld.w %d3,[%a5]8
 1771              	 .loc 1 605 33
 1772 0016 37320328 	 insert %d2,%d2,%d3,16,3
 606:../Libraries/iLLD/TC4xx/Tricore/Canxl/Std/IfxCanxl.c ****     regRxFilterCtrl.B.NB_FE     = config->numRxFilterElements;
 1773              	 .loc 1 606 5 is_stmt 1
 1774              	 .loc 1 606 41 is_stmt 0
 1775 001a 39530200 	 ld.bu %d3,[%a5]2
 1776              	 .loc 1 606 33
 1777 001e 37320820 	 insert %d2,%d2,%d3,0,8
 607:../Libraries/iLLD/TC4xx/Tricore/Canxl/Std/IfxCanxl.c ****     regRxFilterCtrl.B.THRESHOLD = config->thresholdRxDmaFifolevel;
 1778              	 .loc 1 607 5 is_stmt 1
 1779              	 .loc 1 607 41 is_stmt 0
 1780 0022 19530400 	 ld.w %d3,[%a5]4
 1781              	 .loc 1 607 33
 1782 0026 37320524 	 insert %d2,%d2,%d3,8,5
 608:../Libraries/iLLD/TC4xx/Tricore/Canxl/Std/IfxCanxl.c **** 
 609:../Libraries/iLLD/TC4xx/Tricore/Canxl/Std/IfxCanxl.c ****     /*poll MH_STS.B.BUSY bit before performing write operation to RX filter CTRL registers*/
 610:../Libraries/iLLD/TC4xx/Tricore/Canxl/Std/IfxCanxl.c ****     while (IfxCanxl_Node_mhBusyStatus(node))
 1783              	 .loc 1 610 5 is_stmt 1
 1784              	.L60:
 611:../Libraries/iLLD/TC4xx/Tricore/Canxl/Std/IfxCanxl.c ****     {}
 1785              	 .loc 1 611 6 discriminator 1
 610:../Libraries/iLLD/TC4xx/Tricore/Canxl/Std/IfxCanxl.c ****     {}
 1786              	 .loc 1 610 12 discriminator 1
 1787              	.LVL233:
 1788              	.LBB50:
 1789              	.LBB51:
1971:../Libraries/iLLD/TC4xx/Tricore/Canxl/Std/IfxCanxl.h **** }
1972:../Libraries/iLLD/TC4xx/Tricore/Canxl/Std/IfxCanxl.h **** 
1973:../Libraries/iLLD/TC4xx/Tricore/Canxl/Std/IfxCanxl.h **** 
1974:../Libraries/iLLD/TC4xx/Tricore/Canxl/Std/IfxCanxl.h **** IFX_INLINE void IfxCanxl_Node_disableTransmitterDelayCompensation(Ifx_CANXL_N *node)
1975:../Libraries/iLLD/TC4xx/Tricore/Canxl/Std/IfxCanxl.h **** {
1976:../Libraries/iLLD/TC4xx/Tricore/Canxl/Std/IfxCanxl.h ****     node->MODE.B.TDCE = 0u;
1977:../Libraries/iLLD/TC4xx/Tricore/Canxl/Std/IfxCanxl.h **** }
1978:../Libraries/iLLD/TC4xx/Tricore/Canxl/Std/IfxCanxl.h **** 
1979:../Libraries/iLLD/TC4xx/Tricore/Canxl/Std/IfxCanxl.h **** 
1980:../Libraries/iLLD/TC4xx/Tricore/Canxl/Std/IfxCanxl.h **** IFX_INLINE void IfxCanxl_Node_enableProtocolExceptionHandling(Ifx_CANXL_N *node)
1981:../Libraries/iLLD/TC4xx/Tricore/Canxl/Std/IfxCanxl.h **** {
1982:../Libraries/iLLD/TC4xx/Tricore/Canxl/Std/IfxCanxl.h ****     node->MODE.B.PXHD = 0u;
1983:../Libraries/iLLD/TC4xx/Tricore/Canxl/Std/IfxCanxl.h **** }
1984:../Libraries/iLLD/TC4xx/Tricore/Canxl/Std/IfxCanxl.h **** 
1985:../Libraries/iLLD/TC4xx/Tricore/Canxl/Std/IfxCanxl.h **** 
1986:../Libraries/iLLD/TC4xx/Tricore/Canxl/Std/IfxCanxl.h **** IFX_INLINE void IfxCanxl_Node_disableProtocolExceptionHandling(Ifx_CANXL_N *node)
1987:../Libraries/iLLD/TC4xx/Tricore/Canxl/Std/IfxCanxl.h **** {
1988:../Libraries/iLLD/TC4xx/Tricore/Canxl/Std/IfxCanxl.h ****     node->MODE.B.PXHD = 1u;
1989:../Libraries/iLLD/TC4xx/Tricore/Canxl/Std/IfxCanxl.h **** }
1990:../Libraries/iLLD/TC4xx/Tricore/Canxl/Std/IfxCanxl.h **** 
1991:../Libraries/iLLD/TC4xx/Tricore/Canxl/Std/IfxCanxl.h **** 
1992:../Libraries/iLLD/TC4xx/Tricore/Canxl/Std/IfxCanxl.h **** IFX_INLINE void IfxCanxl_Node_enableFunctionalInterrupt(Ifx_CANXL_N *node, uint32 enableMask)
1993:../Libraries/iLLD/TC4xx/Tricore/Canxl/Std/IfxCanxl.h **** {
1994:../Libraries/iLLD/TC4xx/Tricore/Canxl/Std/IfxCanxl.h ****     node->FUNC_ENA.U = enableMask;
1995:../Libraries/iLLD/TC4xx/Tricore/Canxl/Std/IfxCanxl.h **** }
1996:../Libraries/iLLD/TC4xx/Tricore/Canxl/Std/IfxCanxl.h **** 
1997:../Libraries/iLLD/TC4xx/Tricore/Canxl/Std/IfxCanxl.h **** 
1998:../Libraries/iLLD/TC4xx/Tricore/Canxl/Std/IfxCanxl.h **** IFX_INLINE uint32 IfxCanxl_Node_getFunctionalInterruptStatus(Ifx_CANXL_N *node)
1999:../Libraries/iLLD/TC4xx/Tricore/Canxl/Std/IfxCanxl.h **** {
2000:../Libraries/iLLD/TC4xx/Tricore/Canxl/Std/IfxCanxl.h ****     return (uint32)node->FUNC_RAW.U;
2001:../Libraries/iLLD/TC4xx/Tricore/Canxl/Std/IfxCanxl.h **** }
2002:../Libraries/iLLD/TC4xx/Tricore/Canxl/Std/IfxCanxl.h **** 
2003:../Libraries/iLLD/TC4xx/Tricore/Canxl/Std/IfxCanxl.h **** 
2004:../Libraries/iLLD/TC4xx/Tricore/Canxl/Std/IfxCanxl.h **** IFX_INLINE void IfxCanxl_Node_clearFunctionalInterruptStatus(Ifx_CANXL_N *node, uint32 clearMask)
2005:../Libraries/iLLD/TC4xx/Tricore/Canxl/Std/IfxCanxl.h **** {
2006:../Libraries/iLLD/TC4xx/Tricore/Canxl/Std/IfxCanxl.h ****     node->FUNC_CLR.U = clearMask;
2007:../Libraries/iLLD/TC4xx/Tricore/Canxl/Std/IfxCanxl.h **** }
2008:../Libraries/iLLD/TC4xx/Tricore/Canxl/Std/IfxCanxl.h **** 
2009:../Libraries/iLLD/TC4xx/Tricore/Canxl/Std/IfxCanxl.h **** 
2010:../Libraries/iLLD/TC4xx/Tricore/Canxl/Std/IfxCanxl.h **** IFX_INLINE void IfxCanxl_Node_enableErrorInterrupt(Ifx_CANXL_N *node, uint32 enableMask)
2011:../Libraries/iLLD/TC4xx/Tricore/Canxl/Std/IfxCanxl.h **** {
2012:../Libraries/iLLD/TC4xx/Tricore/Canxl/Std/IfxCanxl.h ****     node->ERR_ENA.U = enableMask;
2013:../Libraries/iLLD/TC4xx/Tricore/Canxl/Std/IfxCanxl.h **** }
2014:../Libraries/iLLD/TC4xx/Tricore/Canxl/Std/IfxCanxl.h **** 
2015:../Libraries/iLLD/TC4xx/Tricore/Canxl/Std/IfxCanxl.h **** 
2016:../Libraries/iLLD/TC4xx/Tricore/Canxl/Std/IfxCanxl.h **** IFX_INLINE uint32 IfxCanxl_Node_getErrorInterruptStatus(Ifx_CANXL_N *node)
2017:../Libraries/iLLD/TC4xx/Tricore/Canxl/Std/IfxCanxl.h **** {
2018:../Libraries/iLLD/TC4xx/Tricore/Canxl/Std/IfxCanxl.h ****     return (uint32)node->ERR_RAW.U;
2019:../Libraries/iLLD/TC4xx/Tricore/Canxl/Std/IfxCanxl.h **** }
2020:../Libraries/iLLD/TC4xx/Tricore/Canxl/Std/IfxCanxl.h **** 
2021:../Libraries/iLLD/TC4xx/Tricore/Canxl/Std/IfxCanxl.h **** 
2022:../Libraries/iLLD/TC4xx/Tricore/Canxl/Std/IfxCanxl.h **** IFX_INLINE void IfxCanxl_Node_clearErrorInterruptStatus(Ifx_CANXL_N *node, uint32 clearMask)
2023:../Libraries/iLLD/TC4xx/Tricore/Canxl/Std/IfxCanxl.h **** {
2024:../Libraries/iLLD/TC4xx/Tricore/Canxl/Std/IfxCanxl.h ****     node->ERR_CLR.U = clearMask;
2025:../Libraries/iLLD/TC4xx/Tricore/Canxl/Std/IfxCanxl.h **** }
2026:../Libraries/iLLD/TC4xx/Tricore/Canxl/Std/IfxCanxl.h **** 
2027:../Libraries/iLLD/TC4xx/Tricore/Canxl/Std/IfxCanxl.h **** 
2028:../Libraries/iLLD/TC4xx/Tricore/Canxl/Std/IfxCanxl.h **** IFX_INLINE void IfxCanxl_Node_enableSafetyInterrupt(Ifx_CANXL_N *node, uint32 enableMask)
2029:../Libraries/iLLD/TC4xx/Tricore/Canxl/Std/IfxCanxl.h **** {
2030:../Libraries/iLLD/TC4xx/Tricore/Canxl/Std/IfxCanxl.h ****     node->SAFETY_ENA.U = enableMask;
2031:../Libraries/iLLD/TC4xx/Tricore/Canxl/Std/IfxCanxl.h **** }
2032:../Libraries/iLLD/TC4xx/Tricore/Canxl/Std/IfxCanxl.h **** 
2033:../Libraries/iLLD/TC4xx/Tricore/Canxl/Std/IfxCanxl.h **** 
2034:../Libraries/iLLD/TC4xx/Tricore/Canxl/Std/IfxCanxl.h **** IFX_INLINE uint32 IfxCanxl_Node_getSafetyInterruptStatus(Ifx_CANXL_N *node)
2035:../Libraries/iLLD/TC4xx/Tricore/Canxl/Std/IfxCanxl.h **** {
2036:../Libraries/iLLD/TC4xx/Tricore/Canxl/Std/IfxCanxl.h ****     return (uint32)node->SAFETY_RAW.U;
2037:../Libraries/iLLD/TC4xx/Tricore/Canxl/Std/IfxCanxl.h **** }
2038:../Libraries/iLLD/TC4xx/Tricore/Canxl/Std/IfxCanxl.h **** 
2039:../Libraries/iLLD/TC4xx/Tricore/Canxl/Std/IfxCanxl.h **** 
2040:../Libraries/iLLD/TC4xx/Tricore/Canxl/Std/IfxCanxl.h **** IFX_INLINE void IfxCanxl_Node_clearSafetyInterruptStatus(Ifx_CANXL_N *node, uint32 clearMask)
2041:../Libraries/iLLD/TC4xx/Tricore/Canxl/Std/IfxCanxl.h **** {
2042:../Libraries/iLLD/TC4xx/Tricore/Canxl/Std/IfxCanxl.h ****     node->SAFETY_CLR.U = clearMask;
2043:../Libraries/iLLD/TC4xx/Tricore/Canxl/Std/IfxCanxl.h **** }
2044:../Libraries/iLLD/TC4xx/Tricore/Canxl/Std/IfxCanxl.h **** 
2045:../Libraries/iLLD/TC4xx/Tricore/Canxl/Std/IfxCanxl.h **** 
2046:../Libraries/iLLD/TC4xx/Tricore/Canxl/Std/IfxCanxl.h **** IFX_INLINE void IfxCanxl_Node_enableMtiFlags(Ifx_CANXL_NODE *node, uint32 enableMask)
2047:../Libraries/iLLD/TC4xx/Tricore/Canxl/Std/IfxCanxl.h **** {
2048:../Libraries/iLLD/TC4xx/Tricore/Canxl/Std/IfxCanxl.h ****     node->MTI_ENA.U = enableMask;
2049:../Libraries/iLLD/TC4xx/Tricore/Canxl/Std/IfxCanxl.h **** }
2050:../Libraries/iLLD/TC4xx/Tricore/Canxl/Std/IfxCanxl.h **** 
2051:../Libraries/iLLD/TC4xx/Tricore/Canxl/Std/IfxCanxl.h **** 
2052:../Libraries/iLLD/TC4xx/Tricore/Canxl/Std/IfxCanxl.h **** IFX_INLINE uint32 IfxCanxl_Node_getMtiFlagsStatus(Ifx_CANXL_NODE *node)
2053:../Libraries/iLLD/TC4xx/Tricore/Canxl/Std/IfxCanxl.h **** {
2054:../Libraries/iLLD/TC4xx/Tricore/Canxl/Std/IfxCanxl.h ****     return (uint32)node->MTI_RAW.U;
2055:../Libraries/iLLD/TC4xx/Tricore/Canxl/Std/IfxCanxl.h **** }
2056:../Libraries/iLLD/TC4xx/Tricore/Canxl/Std/IfxCanxl.h **** 
2057:../Libraries/iLLD/TC4xx/Tricore/Canxl/Std/IfxCanxl.h **** 
2058:../Libraries/iLLD/TC4xx/Tricore/Canxl/Std/IfxCanxl.h **** IFX_INLINE void IfxCanxl_Node_clearMtiFlagsStatus(Ifx_CANXL_NODE *node, uint32 clearMask)
2059:../Libraries/iLLD/TC4xx/Tricore/Canxl/Std/IfxCanxl.h **** {
2060:../Libraries/iLLD/TC4xx/Tricore/Canxl/Std/IfxCanxl.h ****     node->MTI_CLR.U = clearMask;
2061:../Libraries/iLLD/TC4xx/Tricore/Canxl/Std/IfxCanxl.h **** }
2062:../Libraries/iLLD/TC4xx/Tricore/Canxl/Std/IfxCanxl.h **** 
2063:../Libraries/iLLD/TC4xx/Tricore/Canxl/Std/IfxCanxl.h **** 
2064:../Libraries/iLLD/TC4xx/Tricore/Canxl/Std/IfxCanxl.h **** IFX_INLINE boolean IfxCanxl_Node_getTxFifoInterruptStatus(Ifx_CANXL_N *node, IfxCanxl_TxFifoQueue q
2065:../Libraries/iLLD/TC4xx/Tricore/Canxl/Std/IfxCanxl.h **** {
2066:../Libraries/iLLD/TC4xx/Tricore/Canxl/Std/IfxCanxl.h ****     boolean result = (boolean)((node->FUNC_RAW.U >> (uint32)queueIndex) & 0x1u);
2067:../Libraries/iLLD/TC4xx/Tricore/Canxl/Std/IfxCanxl.h ****     return result;
2068:../Libraries/iLLD/TC4xx/Tricore/Canxl/Std/IfxCanxl.h **** }
2069:../Libraries/iLLD/TC4xx/Tricore/Canxl/Std/IfxCanxl.h **** 
2070:../Libraries/iLLD/TC4xx/Tricore/Canxl/Std/IfxCanxl.h **** 
2071:../Libraries/iLLD/TC4xx/Tricore/Canxl/Std/IfxCanxl.h **** IFX_INLINE void IfxCanxl_Node_clearTxFifoInterruptStatus(Ifx_CANXL_N *node, IfxCanxl_TxFifoQueue qu
2072:../Libraries/iLLD/TC4xx/Tricore/Canxl/Std/IfxCanxl.h **** {
2073:../Libraries/iLLD/TC4xx/Tricore/Canxl/Std/IfxCanxl.h ****     node->FUNC_CLR.U = (uint32)1u << (uint32)queueIndex;
2074:../Libraries/iLLD/TC4xx/Tricore/Canxl/Std/IfxCanxl.h **** }
2075:../Libraries/iLLD/TC4xx/Tricore/Canxl/Std/IfxCanxl.h **** 
2076:../Libraries/iLLD/TC4xx/Tricore/Canxl/Std/IfxCanxl.h **** 
2077:../Libraries/iLLD/TC4xx/Tricore/Canxl/Std/IfxCanxl.h **** IFX_INLINE boolean IfxCanxl_Node_getRxFifoInterruptStatus(Ifx_CANXL_N *node, IfxCanxl_RxFifoQueue q
2078:../Libraries/iLLD/TC4xx/Tricore/Canxl/Std/IfxCanxl.h **** {
2079:../Libraries/iLLD/TC4xx/Tricore/Canxl/Std/IfxCanxl.h ****     boolean result = (boolean)((node->FUNC_RAW.U >> ((uint32)queueIndex + IFX_CANXL_N_FUNC_RAW_MH_R
2080:../Libraries/iLLD/TC4xx/Tricore/Canxl/Std/IfxCanxl.h ****     return result;
2081:../Libraries/iLLD/TC4xx/Tricore/Canxl/Std/IfxCanxl.h **** }
2082:../Libraries/iLLD/TC4xx/Tricore/Canxl/Std/IfxCanxl.h **** 
2083:../Libraries/iLLD/TC4xx/Tricore/Canxl/Std/IfxCanxl.h **** 
2084:../Libraries/iLLD/TC4xx/Tricore/Canxl/Std/IfxCanxl.h **** IFX_INLINE void IfxCanxl_Node_clearRxFifoInterruptStatus(Ifx_CANXL_N *node, IfxCanxl_RxFifoQueue qu
2085:../Libraries/iLLD/TC4xx/Tricore/Canxl/Std/IfxCanxl.h **** {
2086:../Libraries/iLLD/TC4xx/Tricore/Canxl/Std/IfxCanxl.h ****     node->FUNC_CLR.U = (uint32)1u << ((uint32)queueIndex + IFX_CANXL_N_FUNC_RAW_MH_RX_FQ0_IRQ_OFF);
2087:../Libraries/iLLD/TC4xx/Tricore/Canxl/Std/IfxCanxl.h **** }
2088:../Libraries/iLLD/TC4xx/Tricore/Canxl/Std/IfxCanxl.h **** 
2089:../Libraries/iLLD/TC4xx/Tricore/Canxl/Std/IfxCanxl.h **** 
2090:../Libraries/iLLD/TC4xx/Tricore/Canxl/Std/IfxCanxl.h **** IFX_INLINE boolean IfxCanxl_Node_getTxFifoSentStatus(Ifx_CANXL_N *node, IfxCanxl_TxFifoQueue queueI
2091:../Libraries/iLLD/TC4xx/Tricore/Canxl/Std/IfxCanxl.h **** {
2092:../Libraries/iLLD/TC4xx/Tricore/Canxl/Std/IfxCanxl.h ****     boolean result = (boolean)((node->TX_FQ_INT_STS.U >> (uint32)queueIndex) & 0x1u);
2093:../Libraries/iLLD/TC4xx/Tricore/Canxl/Std/IfxCanxl.h ****     return result;
2094:../Libraries/iLLD/TC4xx/Tricore/Canxl/Std/IfxCanxl.h **** }
2095:../Libraries/iLLD/TC4xx/Tricore/Canxl/Std/IfxCanxl.h **** 
2096:../Libraries/iLLD/TC4xx/Tricore/Canxl/Std/IfxCanxl.h **** 
2097:../Libraries/iLLD/TC4xx/Tricore/Canxl/Std/IfxCanxl.h **** IFX_INLINE void IfxCanxl_Node_clearTxFifoSentStatus(Ifx_CANXL_N *node, IfxCanxl_TxFifoQueue queueIn
2098:../Libraries/iLLD/TC4xx/Tricore/Canxl/Std/IfxCanxl.h **** {
2099:../Libraries/iLLD/TC4xx/Tricore/Canxl/Std/IfxCanxl.h ****     node->TX_FQ_INT_STS.U = (uint32)1u << (uint32)queueIndex;
2100:../Libraries/iLLD/TC4xx/Tricore/Canxl/Std/IfxCanxl.h **** }
2101:../Libraries/iLLD/TC4xx/Tricore/Canxl/Std/IfxCanxl.h **** 
2102:../Libraries/iLLD/TC4xx/Tricore/Canxl/Std/IfxCanxl.h **** 
2103:../Libraries/iLLD/TC4xx/Tricore/Canxl/Std/IfxCanxl.h **** IFX_INLINE boolean IfxCanxl_Node_getTxFifoUnvalidStatus(Ifx_CANXL_N *node, IfxCanxl_TxFifoQueue que
2104:../Libraries/iLLD/TC4xx/Tricore/Canxl/Std/IfxCanxl.h **** {
2105:../Libraries/iLLD/TC4xx/Tricore/Canxl/Std/IfxCanxl.h ****     boolean result = (boolean)((node->TX_FQ_INT_STS.U >> ((uint32)queueIndex + IFX_CANXL_N_TX_FQ_IN
2106:../Libraries/iLLD/TC4xx/Tricore/Canxl/Std/IfxCanxl.h ****     return result;
2107:../Libraries/iLLD/TC4xx/Tricore/Canxl/Std/IfxCanxl.h **** }
2108:../Libraries/iLLD/TC4xx/Tricore/Canxl/Std/IfxCanxl.h **** 
2109:../Libraries/iLLD/TC4xx/Tricore/Canxl/Std/IfxCanxl.h **** 
2110:../Libraries/iLLD/TC4xx/Tricore/Canxl/Std/IfxCanxl.h **** IFX_INLINE void IfxCanxl_Node_clearTxFifoUnvalidStatus(Ifx_CANXL_N *node, IfxCanxl_TxFifoQueue queu
2111:../Libraries/iLLD/TC4xx/Tricore/Canxl/Std/IfxCanxl.h **** {
2112:../Libraries/iLLD/TC4xx/Tricore/Canxl/Std/IfxCanxl.h ****     node->TX_FQ_INT_STS.U = (uint32)1u << ((uint32)queueIndex + IFX_CANXL_N_TX_FQ_INT_STS_UNVALID_O
2113:../Libraries/iLLD/TC4xx/Tricore/Canxl/Std/IfxCanxl.h **** }
2114:../Libraries/iLLD/TC4xx/Tricore/Canxl/Std/IfxCanxl.h **** 
2115:../Libraries/iLLD/TC4xx/Tricore/Canxl/Std/IfxCanxl.h **** 
2116:../Libraries/iLLD/TC4xx/Tricore/Canxl/Std/IfxCanxl.h **** IFX_INLINE boolean IfxCanxl_Node_getRxFifoReceivedStatus(Ifx_CANXL_N *node, IfxCanxl_RxFifoQueue qu
2117:../Libraries/iLLD/TC4xx/Tricore/Canxl/Std/IfxCanxl.h **** {
2118:../Libraries/iLLD/TC4xx/Tricore/Canxl/Std/IfxCanxl.h ****     boolean result = (boolean)((node->RX_FQ_INT_STS.U >> (uint32)queueIndex) & 0x1u);
2119:../Libraries/iLLD/TC4xx/Tricore/Canxl/Std/IfxCanxl.h ****     return result;
2120:../Libraries/iLLD/TC4xx/Tricore/Canxl/Std/IfxCanxl.h **** }
2121:../Libraries/iLLD/TC4xx/Tricore/Canxl/Std/IfxCanxl.h **** 
2122:../Libraries/iLLD/TC4xx/Tricore/Canxl/Std/IfxCanxl.h **** 
2123:../Libraries/iLLD/TC4xx/Tricore/Canxl/Std/IfxCanxl.h **** IFX_INLINE void IfxCanxl_Node_clearRxFifoSentStatus(Ifx_CANXL_N *node, IfxCanxl_RxFifoQueue queueIn
2124:../Libraries/iLLD/TC4xx/Tricore/Canxl/Std/IfxCanxl.h **** {
2125:../Libraries/iLLD/TC4xx/Tricore/Canxl/Std/IfxCanxl.h ****     node->RX_FQ_INT_STS.U = (uint32)1u << (uint32)queueIndex;
2126:../Libraries/iLLD/TC4xx/Tricore/Canxl/Std/IfxCanxl.h **** }
2127:../Libraries/iLLD/TC4xx/Tricore/Canxl/Std/IfxCanxl.h **** 
2128:../Libraries/iLLD/TC4xx/Tricore/Canxl/Std/IfxCanxl.h **** 
2129:../Libraries/iLLD/TC4xx/Tricore/Canxl/Std/IfxCanxl.h **** IFX_INLINE boolean IfxCanxl_Node_getRxFifoUnvalidStatus(Ifx_CANXL_N *node, IfxCanxl_RxFifoQueue que
2130:../Libraries/iLLD/TC4xx/Tricore/Canxl/Std/IfxCanxl.h **** {
2131:../Libraries/iLLD/TC4xx/Tricore/Canxl/Std/IfxCanxl.h ****     boolean result = (boolean)((node->RX_FQ_INT_STS.U >> ((uint32)queueIndex + IFX_CANXL_N_RX_FQ_IN
2132:../Libraries/iLLD/TC4xx/Tricore/Canxl/Std/IfxCanxl.h ****     return result;
2133:../Libraries/iLLD/TC4xx/Tricore/Canxl/Std/IfxCanxl.h **** }
2134:../Libraries/iLLD/TC4xx/Tricore/Canxl/Std/IfxCanxl.h **** 
2135:../Libraries/iLLD/TC4xx/Tricore/Canxl/Std/IfxCanxl.h **** 
2136:../Libraries/iLLD/TC4xx/Tricore/Canxl/Std/IfxCanxl.h **** IFX_INLINE void IfxCanxl_Node_clearRxFifoUnvalidStatus(Ifx_CANXL_N *node, IfxCanxl_RxFifoQueue queu
2137:../Libraries/iLLD/TC4xx/Tricore/Canxl/Std/IfxCanxl.h **** {
2138:../Libraries/iLLD/TC4xx/Tricore/Canxl/Std/IfxCanxl.h ****     node->RX_FQ_INT_STS.U = (uint32)1u << ((uint32)queueIndex + IFX_CANXL_N_RX_FQ_INT_STS_UNVALID_O
2139:../Libraries/iLLD/TC4xx/Tricore/Canxl/Std/IfxCanxl.h **** }
2140:../Libraries/iLLD/TC4xx/Tricore/Canxl/Std/IfxCanxl.h **** 
2141:../Libraries/iLLD/TC4xx/Tricore/Canxl/Std/IfxCanxl.h **** 
2142:../Libraries/iLLD/TC4xx/Tricore/Canxl/Std/IfxCanxl.h **** IFX_INLINE void IfxCanxl_Node_startMessageHandler(Ifx_CANXL_N *node)
2143:../Libraries/iLLD/TC4xx/Tricore/Canxl/Std/IfxCanxl.h **** {
2144:../Libraries/iLLD/TC4xx/Tricore/Canxl/Std/IfxCanxl.h ****     node->MH_CTRL.U = 0x1u;
2145:../Libraries/iLLD/TC4xx/Tricore/Canxl/Std/IfxCanxl.h **** }
2146:../Libraries/iLLD/TC4xx/Tricore/Canxl/Std/IfxCanxl.h **** 
2147:../Libraries/iLLD/TC4xx/Tricore/Canxl/Std/IfxCanxl.h **** 
2148:../Libraries/iLLD/TC4xx/Tricore/Canxl/Std/IfxCanxl.h **** IFX_INLINE void IfxCanxl_Node_stopMessageHandler(Ifx_CANXL_N *node)
2149:../Libraries/iLLD/TC4xx/Tricore/Canxl/Std/IfxCanxl.h **** {
2150:../Libraries/iLLD/TC4xx/Tricore/Canxl/Std/IfxCanxl.h ****     node->MH_CTRL.U = 0x0u;
2151:../Libraries/iLLD/TC4xx/Tricore/Canxl/Std/IfxCanxl.h **** }
2152:../Libraries/iLLD/TC4xx/Tricore/Canxl/Std/IfxCanxl.h **** 
2153:../Libraries/iLLD/TC4xx/Tricore/Canxl/Std/IfxCanxl.h **** 
2154:../Libraries/iLLD/TC4xx/Tricore/Canxl/Std/IfxCanxl.h **** IFX_INLINE void IfxCanxl_Node_enableTxFiltering(Ifx_CANXL_N *node)
2155:../Libraries/iLLD/TC4xx/Tricore/Canxl/Std/IfxCanxl.h **** {
2156:../Libraries/iLLD/TC4xx/Tricore/Canxl/Std/IfxCanxl.h ****     while (IfxCanxl_Node_mhBusyStatus(node))
2157:../Libraries/iLLD/TC4xx/Tricore/Canxl/Std/IfxCanxl.h ****     {}
2158:../Libraries/iLLD/TC4xx/Tricore/Canxl/Std/IfxCanxl.h **** 
2159:../Libraries/iLLD/TC4xx/Tricore/Canxl/Std/IfxCanxl.h ****     node->TX_FILTER_CTRL0.B.EN = 1U;
2160:../Libraries/iLLD/TC4xx/Tricore/Canxl/Std/IfxCanxl.h **** }
2161:../Libraries/iLLD/TC4xx/Tricore/Canxl/Std/IfxCanxl.h **** 
2162:../Libraries/iLLD/TC4xx/Tricore/Canxl/Std/IfxCanxl.h **** 
2163:../Libraries/iLLD/TC4xx/Tricore/Canxl/Std/IfxCanxl.h **** IFX_INLINE void IfxCanxl_Node_disableTxFiltering(Ifx_CANXL_N *node)
2164:../Libraries/iLLD/TC4xx/Tricore/Canxl/Std/IfxCanxl.h **** {
2165:../Libraries/iLLD/TC4xx/Tricore/Canxl/Std/IfxCanxl.h ****     while (IfxCanxl_Node_mhBusyStatus(node))
2166:../Libraries/iLLD/TC4xx/Tricore/Canxl/Std/IfxCanxl.h ****     {}
2167:../Libraries/iLLD/TC4xx/Tricore/Canxl/Std/IfxCanxl.h **** 
2168:../Libraries/iLLD/TC4xx/Tricore/Canxl/Std/IfxCanxl.h ****     node->TX_FILTER_CTRL0.B.EN = 0U;
2169:../Libraries/iLLD/TC4xx/Tricore/Canxl/Std/IfxCanxl.h **** }
2170:../Libraries/iLLD/TC4xx/Tricore/Canxl/Std/IfxCanxl.h **** 
2171:../Libraries/iLLD/TC4xx/Tricore/Canxl/Std/IfxCanxl.h **** 
2172:../Libraries/iLLD/TC4xx/Tricore/Canxl/Std/IfxCanxl.h **** IFX_INLINE void IfxCanxl_Node_acceptCanFDFrameTx(Ifx_CANXL_N *node)
2173:../Libraries/iLLD/TC4xx/Tricore/Canxl/Std/IfxCanxl.h **** {
2174:../Libraries/iLLD/TC4xx/Tricore/Canxl/Std/IfxCanxl.h ****     while (IfxCanxl_Node_mhBusyStatus(node))
2175:../Libraries/iLLD/TC4xx/Tricore/Canxl/Std/IfxCanxl.h ****     {}
2176:../Libraries/iLLD/TC4xx/Tricore/Canxl/Std/IfxCanxl.h **** 
2177:../Libraries/iLLD/TC4xx/Tricore/Canxl/Std/IfxCanxl.h ****     node->TX_FILTER_CTRL0.B.CAN_FD = 0U;
2178:../Libraries/iLLD/TC4xx/Tricore/Canxl/Std/IfxCanxl.h **** }
2179:../Libraries/iLLD/TC4xx/Tricore/Canxl/Std/IfxCanxl.h **** 
2180:../Libraries/iLLD/TC4xx/Tricore/Canxl/Std/IfxCanxl.h **** 
2181:../Libraries/iLLD/TC4xx/Tricore/Canxl/Std/IfxCanxl.h **** IFX_INLINE void IfxCanxl_Node_rejectCanFDFrameTx(Ifx_CANXL_N *node)
2182:../Libraries/iLLD/TC4xx/Tricore/Canxl/Std/IfxCanxl.h **** {
2183:../Libraries/iLLD/TC4xx/Tricore/Canxl/Std/IfxCanxl.h ****     while (IfxCanxl_Node_mhBusyStatus(node))
2184:../Libraries/iLLD/TC4xx/Tricore/Canxl/Std/IfxCanxl.h ****     {}
2185:../Libraries/iLLD/TC4xx/Tricore/Canxl/Std/IfxCanxl.h **** 
2186:../Libraries/iLLD/TC4xx/Tricore/Canxl/Std/IfxCanxl.h ****     node->TX_FILTER_CTRL0.B.CAN_FD = 1U;
2187:../Libraries/iLLD/TC4xx/Tricore/Canxl/Std/IfxCanxl.h **** }
2188:../Libraries/iLLD/TC4xx/Tricore/Canxl/Std/IfxCanxl.h **** 
2189:../Libraries/iLLD/TC4xx/Tricore/Canxl/Std/IfxCanxl.h **** 
2190:../Libraries/iLLD/TC4xx/Tricore/Canxl/Std/IfxCanxl.h **** IFX_INLINE void IfxCanxl_Node_acceptClassicCanFrameTx(Ifx_CANXL_N *node)
2191:../Libraries/iLLD/TC4xx/Tricore/Canxl/Std/IfxCanxl.h **** {
2192:../Libraries/iLLD/TC4xx/Tricore/Canxl/Std/IfxCanxl.h ****     while (IfxCanxl_Node_mhBusyStatus(node))
2193:../Libraries/iLLD/TC4xx/Tricore/Canxl/Std/IfxCanxl.h ****     {}
2194:../Libraries/iLLD/TC4xx/Tricore/Canxl/Std/IfxCanxl.h **** 
2195:../Libraries/iLLD/TC4xx/Tricore/Canxl/Std/IfxCanxl.h ****     node->TX_FILTER_CTRL0.B.CC_CAN = 0U;
2196:../Libraries/iLLD/TC4xx/Tricore/Canxl/Std/IfxCanxl.h **** }
2197:../Libraries/iLLD/TC4xx/Tricore/Canxl/Std/IfxCanxl.h **** 
2198:../Libraries/iLLD/TC4xx/Tricore/Canxl/Std/IfxCanxl.h **** 
2199:../Libraries/iLLD/TC4xx/Tricore/Canxl/Std/IfxCanxl.h **** IFX_INLINE void IfxCanxl_Node_rejectClassicCanFrameTx(Ifx_CANXL_N *node)
2200:../Libraries/iLLD/TC4xx/Tricore/Canxl/Std/IfxCanxl.h **** {
2201:../Libraries/iLLD/TC4xx/Tricore/Canxl/Std/IfxCanxl.h ****     while (IfxCanxl_Node_mhBusyStatus(node))
2202:../Libraries/iLLD/TC4xx/Tricore/Canxl/Std/IfxCanxl.h ****     {}
2203:../Libraries/iLLD/TC4xx/Tricore/Canxl/Std/IfxCanxl.h **** 
2204:../Libraries/iLLD/TC4xx/Tricore/Canxl/Std/IfxCanxl.h ****     node->TX_FILTER_CTRL0.B.CC_CAN = 1U;
2205:../Libraries/iLLD/TC4xx/Tricore/Canxl/Std/IfxCanxl.h **** }
2206:../Libraries/iLLD/TC4xx/Tricore/Canxl/Std/IfxCanxl.h **** 
2207:../Libraries/iLLD/TC4xx/Tricore/Canxl/Std/IfxCanxl.h **** 
2208:../Libraries/iLLD/TC4xx/Tricore/Canxl/Std/IfxCanxl.h **** IFX_INLINE boolean IfxCanxl_Node_mhBusyStatus(Ifx_CANXL_N *node)
2209:../Libraries/iLLD/TC4xx/Tricore/Canxl/Std/IfxCanxl.h **** {
2210:../Libraries/iLLD/TC4xx/Tricore/Canxl/Std/IfxCanxl.h ****     return (node->MH_STS.B.BUSY == 1U) ? TRUE : FALSE;
 1790              	 .loc 2 2210 5 discriminator 1
 1791              	 .loc 2 2210 27 is_stmt 0 discriminator 1
 1792 002a 19430C01 	 ld.w %d3,[%a4]4108
 1793              	 .loc 2 2210 47 discriminator 1
 1794 002e 6F030080 	 jnz.t %d3,0,.L60
 1795              	.LVL234:
 1796              	.LBE51:
 1797              	.LBE50:
 612:../Libraries/iLLD/TC4xx/Tricore/Canxl/Std/IfxCanxl.c **** 
 613:../Libraries/iLLD/TC4xx/Tricore/Canxl/Std/IfxCanxl.c ****     node->RX_FILTER_CTRL.U = regRxFilterCtrl.U;
 1798              	 .loc 1 613 5 is_stmt 1
 1799              	 .loc 1 613 28 is_stmt 0
 1800 0032 594240A1 	 st.w [%a4]5760,%d2
 614:../Libraries/iLLD/TC4xx/Tricore/Canxl/Std/IfxCanxl.c **** }
 1801              	 .loc 1 614 1
 1802 0036 0090     	 ret 
 1803              	.LFE416:
 1805              	 .global IfxCanxl_Node_configureGlobalSettingsRxFilter_end
 1806              	IfxCanxl_Node_configureGlobalSettingsRxFilter_end:
 1807              	 .section .text.IfxCanxl_configureAccessToCanxls,"ax",@progbits
 1808              	 .align 1
 1809              	 .global IfxCanxl_configureAccessToCanxls
 1811              	IfxCanxl_configureAccessToCanxls:
 1812              	.LFB417:
 615:../Libraries/iLLD/TC4xx/Tricore/Canxl/Std/IfxCanxl.c **** 
 616:../Libraries/iLLD/TC4xx/Tricore/Canxl/Std/IfxCanxl.c **** 
 617:../Libraries/iLLD/TC4xx/Tricore/Canxl/Std/IfxCanxl.c **** void IfxCanxl_configureAccessToCanxls(IfxApApu_ApuConfig *apConfig)
 618:../Libraries/iLLD/TC4xx/Tricore/Canxl/Std/IfxCanxl.c **** {
 1813              	 .loc 1 618 1 is_stmt 1
 1814              	.LVL235:
 1815 0000 40AE     	 mov.aa %a14,%SP
 1816              	.LCFI24:
 1817 0002 8049     	 mov.d %d9,%a4
 619:../Libraries/iLLD/TC4xx/Tricore/Canxl/Std/IfxCanxl.c ****     IfxApApu_init((Ifx_ACCEN_ACCEN *)&MODULE_CANXL0.MODULE.ACCEN, apConfig);
 1818              	 .loc 1 619 5
 1819 0004 4045     	 mov.aa %a5,%a4
 1820 0006 91D0474F 	 movh.a %a4,62589
 1821              	.LVL236:
 1822 000a D9441800 	 lea %a4,[%a4]24
 1823 000e 6D000000 	 call IfxApApu_init
 1824              	.LVL237:
 620:../Libraries/iLLD/TC4xx/Tricore/Canxl/Std/IfxCanxl.c **** 
 621:../Libraries/iLLD/TC4xx/Tricore/Canxl/Std/IfxCanxl.c ****     uint8 idx = 0u;
 1825              	 .loc 1 621 5
 622:../Libraries/iLLD/TC4xx/Tricore/Canxl/Std/IfxCanxl.c **** 
 623:../Libraries/iLLD/TC4xx/Tricore/Canxl/Std/IfxCanxl.c ****     for (idx = 0u; idx < IFXCANXL_NUM_NODES; idx++)
 1826              	 .loc 1 623 5
 1827              	 .loc 1 623 14 is_stmt 0
 1828 0012 8208     	 mov %d8,0
 1829              	 .loc 1 623 5
 1830 0014 1D000000 	 j .L62
 1831              	.LVL238:
 1832              	.L63:
 624:../Libraries/iLLD/TC4xx/Tricore/Canxl/Std/IfxCanxl.c ****     {
 625:../Libraries/iLLD/TC4xx/Tricore/Canxl/Std/IfxCanxl.c ****         IfxApApu_init((Ifx_ACCEN_ACCEN *)&MODULE_CANXL0.NODE[idx].ACCENNODE, apConfig);
 1833              	 .loc 1 625 9 is_stmt 1 discriminator 3
 1834 0018 8F880020 	 sh %d2,%d8,8
 1835 001c 1BC20020 	 addi %d2,%d2,12
 1836 0020 6095     	 mov.a %a5,%d9
 1837 0022 91D0474F 	 movh.a %a4,62589
 1838 0026 D9440040 	 lea %a4,[%a4]256
 1839 002a 01420046 	 addsc.a %a4,%a4,%d2,0
 1840 002e 6D000000 	 call IfxApApu_init
 1841              	.LVL239:
 623:../Libraries/iLLD/TC4xx/Tricore/Canxl/Std/IfxCanxl.c ****     {
 1842              	 .loc 1 623 49 discriminator 3
 1843 0032 C218     	 add %d8,1
 1844              	.LVL240:
 1845 0034 8FF80F81 	 and %d8,%d8,255
 1846              	.LVL241:
 1847              	.L62:
 623:../Libraries/iLLD/TC4xx/Tricore/Canxl/Std/IfxCanxl.c ****     {
 1848              	 .loc 1 623 24 discriminator 1
 1849 0038 BF480080 	 jlt.u %d8,4,.L63
 626:../Libraries/iLLD/TC4xx/Tricore/Canxl/Std/IfxCanxl.c ****     }
 627:../Libraries/iLLD/TC4xx/Tricore/Canxl/Std/IfxCanxl.c **** }
 1850              	 .loc 1 627 1 is_stmt 0
 1851 003c 0090     	 ret 
 1852              	.LFE417:
 1854              	 .global IfxCanxl_configureAccessToCanxls_end
 1855              	IfxCanxl_configureAccessToCanxls_end:
 1856              	 .section .text.IfxCanxl_Node_getNominalBaudRate,"ax",@progbits
 1857              	 .align 1
 1858              	 .global IfxCanxl_Node_getNominalBaudRate
 1860              	IfxCanxl_Node_getNominalBaudRate:
 1861              	.LFB418:
 628:../Libraries/iLLD/TC4xx/Tricore/Canxl/Std/IfxCanxl.c **** 
 629:../Libraries/iLLD/TC4xx/Tricore/Canxl/Std/IfxCanxl.c **** 
 630:../Libraries/iLLD/TC4xx/Tricore/Canxl/Std/IfxCanxl.c **** uint32 IfxCanxl_Node_getNominalBaudRate(Ifx_CANXL_N *node)
 631:../Libraries/iLLD/TC4xx/Tricore/Canxl/Std/IfxCanxl.c **** {
 1862              	 .loc 1 631 1 is_stmt 1
 1863              	.LVL242:
 1864 0000 40AE     	 mov.aa %a14,%SP
 1865              	.LCFI25:
 632:../Libraries/iLLD/TC4xx/Tricore/Canxl/Std/IfxCanxl.c ****     uint32           timeSegment1, timeSegment2, prescaler, baudrate, bitTimeTq;
 1866              	 .loc 1 632 5
 633:../Libraries/iLLD/TC4xx/Tricore/Canxl/Std/IfxCanxl.c ****     float32          clockPeriod, timeQuantum, bitTimeSec;
 1867              	 .loc 1 633 5
 634:../Libraries/iLLD/TC4xx/Tricore/Canxl/Std/IfxCanxl.c ****     Ifx_CANXL_N_NBTP nbtpReg;
 1868              	 .loc 1 634 5
 635:../Libraries/iLLD/TC4xx/Tricore/Canxl/Std/IfxCanxl.c **** 
 636:../Libraries/iLLD/TC4xx/Tricore/Canxl/Std/IfxCanxl.c ****     /* 1. Read register content */
 637:../Libraries/iLLD/TC4xx/Tricore/Canxl/Std/IfxCanxl.c ****     nbtpReg.U    = node->NBTP.U;
 1869              	 .loc 1 637 5
 1870              	 .loc 1 637 30 is_stmt 0
 1871 0002 1942A451 	 ld.w %d2,[%a4]6500
 638:../Libraries/iLLD/TC4xx/Tricore/Canxl/Std/IfxCanxl.c ****     timeSegment1 = nbtpReg.B.NTSEG1 + 1u;
 1872              	 .loc 1 638 5 is_stmt 1
 1873              	 .loc 1 638 29 is_stmt 0
 1874 0006 370269A8 	 extr.u %d10,%d2,16,9
 1875              	 .loc 1 638 18
 1876 000a C21A     	 add %d10,1
 1877              	.LVL243:
 639:../Libraries/iLLD/TC4xx/Tricore/Canxl/Std/IfxCanxl.c ****     timeSegment2 = nbtpReg.B.NTSEG2 + 1u;
 1878              	 .loc 1 639 5 is_stmt 1
 1879              	 .loc 1 639 29 is_stmt 0
 1880 000c 37026794 	 extr.u %d9,%d2,8,7
 1881              	 .loc 1 639 18
 1882 0010 C219     	 add %d9,1
 1883              	.LVL244:
 640:../Libraries/iLLD/TC4xx/Tricore/Canxl/Std/IfxCanxl.c ****     prescaler    = nbtpReg.B.BRP + 1u;
 1884              	 .loc 1 640 5 is_stmt 1
 1885              	 .loc 1 640 29 is_stmt 0
 1886 0012 3702E52C 	 extr.u %d2,%d2,25,5
 1887              	 .loc 1 640 18
 1888 0016 1B120080 	 addi %d8,%d2,1
 1889              	.LVL245:
 641:../Libraries/iLLD/TC4xx/Tricore/Canxl/Std/IfxCanxl.c **** 
 642:../Libraries/iLLD/TC4xx/Tricore/Canxl/Std/IfxCanxl.c ****     /* 2. Calculate baud rate */
 643:../Libraries/iLLD/TC4xx/Tricore/Canxl/Std/IfxCanxl.c ****     clockPeriod = 1.0f / (float32)IfxCanxl_getModuleFrequency(); /* CAN-XL clock period in seconds 
 1890              	 .loc 1 643 5 is_stmt 1
 1891              	 .loc 1 643 35 is_stmt 0
 1892 001a 6D000000 	 call IfxCanxl_getModuleFrequency
 1893              	.LVL246:
 1894              	 .loc 1 643 26
 1895 001e 4B026121 	 utof %d2,%d2
 1896              	 .loc 1 643 17
 1897 0022 7B00F833 	 movh %d3,16256
 1898 0026 4B235120 	 div.f %d2,%d3,%d2
 1899              	.LVL247:
 644:../Libraries/iLLD/TC4xx/Tricore/Canxl/Std/IfxCanxl.c ****     timeQuantum = prescaler * clockPeriod;                       /* Length of time quantum in secon
 1900              	 .loc 1 644 5 is_stmt 1
 1901              	 .loc 1 644 29 is_stmt 0
 1902 002a 4B086181 	 utof %d8,%d8
 1903              	.LVL248:
 1904              	 .loc 1 644 17
 1905 002e 4B284120 	 mul.f %d2,%d8,%d2
 1906              	.LVL249:
 645:../Libraries/iLLD/TC4xx/Tricore/Canxl/Std/IfxCanxl.c **** 
 646:../Libraries/iLLD/TC4xx/Tricore/Canxl/Std/IfxCanxl.c ****     bitTimeTq   = timeSegment1 + timeSegment2 + 1u;              /* Bit time = Time segment 1 + Tim
 1907              	 .loc 1 646 5 is_stmt 1
 1908              	 .loc 1 646 32 is_stmt 0
 1909 0032 0B9A0040 	 add %d4,%d10,%d9
 1910              	 .loc 1 646 17
 1911 0036 C214     	 add %d4,1
 1912              	.LVL250:
 647:../Libraries/iLLD/TC4xx/Tricore/Canxl/Std/IfxCanxl.c ****     bitTimeSec  = bitTimeTq * timeQuantum;
 1913              	 .loc 1 647 5 is_stmt 1
 1914              	 .loc 1 647 29 is_stmt 0
 1915 0038 4B046141 	 utof %d4,%d4
 1916              	.LVL251:
 1917              	 .loc 1 647 17
 1918 003c 4B244120 	 mul.f %d2,%d4,%d2
 1919              	.LVL252:
 648:../Libraries/iLLD/TC4xx/Tricore/Canxl/Std/IfxCanxl.c ****     baudrate    = 1.0f / bitTimeSec;
 1920              	 .loc 1 648 5 is_stmt 1
 1921              	 .loc 1 648 24 is_stmt 0
 1922 0040 4B235120 	 div.f %d2,%d3,%d2
 1923              	.LVL253:
 649:../Libraries/iLLD/TC4xx/Tricore/Canxl/Std/IfxCanxl.c **** 
 650:../Libraries/iLLD/TC4xx/Tricore/Canxl/Std/IfxCanxl.c ****     return baudrate;
 1924              	 .loc 1 650 5 is_stmt 1
 651:../Libraries/iLLD/TC4xx/Tricore/Canxl/Std/IfxCanxl.c **** }
 1925              	 .loc 1 651 1 is_stmt 0
 1926 0044 4B027121 	 ftouz %d2,%d2
 1927              	.LVL254:
 1928 0048 0090     	 ret 
 1929              	.LFE418:
 1931              	 .global IfxCanxl_Node_getNominalBaudRate_end
 1932              	IfxCanxl_Node_getNominalBaudRate_end:
 1933              	 .section .text.IfxCanxl_Node_getFdBaudRate,"ax",@progbits
 1934              	 .align 1
 1935              	 .global IfxCanxl_Node_getFdBaudRate
 1937              	IfxCanxl_Node_getFdBaudRate:
 1938              	.LFB419:
 652:../Libraries/iLLD/TC4xx/Tricore/Canxl/Std/IfxCanxl.c **** 
 653:../Libraries/iLLD/TC4xx/Tricore/Canxl/Std/IfxCanxl.c **** 
 654:../Libraries/iLLD/TC4xx/Tricore/Canxl/Std/IfxCanxl.c **** uint32 IfxCanxl_Node_getFdBaudRate(Ifx_CANXL_N *node)
 655:../Libraries/iLLD/TC4xx/Tricore/Canxl/Std/IfxCanxl.c **** {
 1939              	 .loc 1 655 1 is_stmt 1
 1940              	.LVL255:
 1941 0000 40AE     	 mov.aa %a14,%SP
 1942              	.LCFI26:
 656:../Libraries/iLLD/TC4xx/Tricore/Canxl/Std/IfxCanxl.c ****     uint32           timeSegment1, timeSegment2, prescaler, baudrate, bitTimeTq;
 1943              	 .loc 1 656 5
 657:../Libraries/iLLD/TC4xx/Tricore/Canxl/Std/IfxCanxl.c ****     float32          clockPeriod, timeQuantum, bitTimeSec;
 1944              	 .loc 1 657 5
 658:../Libraries/iLLD/TC4xx/Tricore/Canxl/Std/IfxCanxl.c ****     Ifx_CANXL_N_DBTP dbtpReg;
 1945              	 .loc 1 658 5
 659:../Libraries/iLLD/TC4xx/Tricore/Canxl/Std/IfxCanxl.c **** 
 660:../Libraries/iLLD/TC4xx/Tricore/Canxl/Std/IfxCanxl.c ****     /* 1. Read register content */
 661:../Libraries/iLLD/TC4xx/Tricore/Canxl/Std/IfxCanxl.c ****     dbtpReg.U    = node->DBTP.U;
 1946              	 .loc 1 661 5
 1947              	 .loc 1 661 30 is_stmt 0
 1948 0002 1942A851 	 ld.w %d2,[%a4]6504
 662:../Libraries/iLLD/TC4xx/Tricore/Canxl/Std/IfxCanxl.c ****     timeSegment1 = dbtpReg.B.DTSEG1 + 1u;
 1949              	 .loc 1 662 5 is_stmt 1
 1950              	 .loc 1 662 29 is_stmt 0
 1951 0006 370268A8 	 extr.u %d10,%d2,16,8
 1952              	 .loc 1 662 18
 1953 000a C21A     	 add %d10,1
 1954              	.LVL256:
 663:../Libraries/iLLD/TC4xx/Tricore/Canxl/Std/IfxCanxl.c ****     timeSegment2 = dbtpReg.B.DTSEG2 + 1u;
 1955              	 .loc 1 663 5 is_stmt 1
 1956              	 .loc 1 663 29 is_stmt 0
 1957 000c 37026724 	 extr.u %d2,%d2,8,7
 1958              	 .loc 1 663 18
 1959 0010 1B120090 	 addi %d9,%d2,1
 1960              	.LVL257:
 664:../Libraries/iLLD/TC4xx/Tricore/Canxl/Std/IfxCanxl.c ****     prescaler    = node->NBTP.B.BRP + 1u;
 1961              	 .loc 1 664 5 is_stmt 1
 1962              	 .loc 1 664 32 is_stmt 0
 1963 0014 1942A451 	 ld.w %d2,[%a4]6500
 1964 0018 3702E52C 	 extr.u %d2,%d2,25,5
 1965              	 .loc 1 664 18
 1966 001c 1B120080 	 addi %d8,%d2,1
 1967              	.LVL258:
 665:../Libraries/iLLD/TC4xx/Tricore/Canxl/Std/IfxCanxl.c **** 
 666:../Libraries/iLLD/TC4xx/Tricore/Canxl/Std/IfxCanxl.c ****     /* 2. Calculate baud rate */
 667:../Libraries/iLLD/TC4xx/Tricore/Canxl/Std/IfxCanxl.c ****     clockPeriod = 1.0f / (float32)IfxCanxl_getModuleFrequency(); /* CAN-XL clock period in seconds 
 1968              	 .loc 1 667 5 is_stmt 1
 1969              	 .loc 1 667 35 is_stmt 0
 1970 0020 6D000000 	 call IfxCanxl_getModuleFrequency
 1971              	.LVL259:
 1972              	 .loc 1 667 26
 1973 0024 4B026121 	 utof %d2,%d2
 1974              	 .loc 1 667 17
 1975 0028 7B00F833 	 movh %d3,16256
 1976 002c 4B235120 	 div.f %d2,%d3,%d2
 1977              	.LVL260:
 668:../Libraries/iLLD/TC4xx/Tricore/Canxl/Std/IfxCanxl.c ****     timeQuantum = prescaler * clockPeriod;                       /* Length of time quantum in secon
 1978              	 .loc 1 668 5 is_stmt 1
 1979              	 .loc 1 668 29 is_stmt 0
 1980 0030 4B086181 	 utof %d8,%d8
 1981              	.LVL261:
 1982              	 .loc 1 668 17
 1983 0034 4B284120 	 mul.f %d2,%d8,%d2
 1984              	.LVL262:
 669:../Libraries/iLLD/TC4xx/Tricore/Canxl/Std/IfxCanxl.c **** 
 670:../Libraries/iLLD/TC4xx/Tricore/Canxl/Std/IfxCanxl.c ****     bitTimeTq   = timeSegment1 + timeSegment2 + 1u;              /* Bit time = Time segment 1 + Tim
 1985              	 .loc 1 670 5 is_stmt 1
 1986              	 .loc 1 670 32 is_stmt 0
 1987 0038 0B9A0040 	 add %d4,%d10,%d9
 1988              	 .loc 1 670 17
 1989 003c C214     	 add %d4,1
 1990              	.LVL263:
 671:../Libraries/iLLD/TC4xx/Tricore/Canxl/Std/IfxCanxl.c ****     bitTimeSec  = bitTimeTq * timeQuantum;
 1991              	 .loc 1 671 5 is_stmt 1
 1992              	 .loc 1 671 29 is_stmt 0
 1993 003e 4B046141 	 utof %d4,%d4
 1994              	.LVL264:
 1995              	 .loc 1 671 17
 1996 0042 4B244120 	 mul.f %d2,%d4,%d2
 1997              	.LVL265:
 672:../Libraries/iLLD/TC4xx/Tricore/Canxl/Std/IfxCanxl.c ****     baudrate    = 1.0f / bitTimeSec;
 1998              	 .loc 1 672 5 is_stmt 1
 1999              	 .loc 1 672 24 is_stmt 0
 2000 0046 4B235120 	 div.f %d2,%d3,%d2
 2001              	.LVL266:
 673:../Libraries/iLLD/TC4xx/Tricore/Canxl/Std/IfxCanxl.c **** 
 674:../Libraries/iLLD/TC4xx/Tricore/Canxl/Std/IfxCanxl.c ****     return baudrate;
 2002              	 .loc 1 674 5 is_stmt 1
 675:../Libraries/iLLD/TC4xx/Tricore/Canxl/Std/IfxCanxl.c **** }
 2003              	 .loc 1 675 1 is_stmt 0
 2004 004a 4B027121 	 ftouz %d2,%d2
 2005              	.LVL267:
 2006 004e 0090     	 ret 
 2007              	.LFE419:
 2009              	 .global IfxCanxl_Node_getFdBaudRate_end
 2010              	IfxCanxl_Node_getFdBaudRate_end:
 2011              	 .section .text.IfxCanxl_Node_getXlBaudRate,"ax",@progbits
 2012              	 .align 1
 2013              	 .global IfxCanxl_Node_getXlBaudRate
 2015              	IfxCanxl_Node_getXlBaudRate:
 2016              	.LFB420:
 676:../Libraries/iLLD/TC4xx/Tricore/Canxl/Std/IfxCanxl.c **** 
 677:../Libraries/iLLD/TC4xx/Tricore/Canxl/Std/IfxCanxl.c **** 
 678:../Libraries/iLLD/TC4xx/Tricore/Canxl/Std/IfxCanxl.c **** uint32 IfxCanxl_Node_getXlBaudRate(Ifx_CANXL_N *node)
 679:../Libraries/iLLD/TC4xx/Tricore/Canxl/Std/IfxCanxl.c **** {
 2017              	 .loc 1 679 1 is_stmt 1
 2018              	.LVL268:
 2019 0000 40AE     	 mov.aa %a14,%SP
 2020              	.LCFI27:
 680:../Libraries/iLLD/TC4xx/Tricore/Canxl/Std/IfxCanxl.c ****     uint32           timeSegment1, timeSegment2, prescaler, baudrate, bitTimeTq;
 2021              	 .loc 1 680 5
 681:../Libraries/iLLD/TC4xx/Tricore/Canxl/Std/IfxCanxl.c ****     float32          clockPeriod, timeQuantum, bitTimeSec;
 2022              	 .loc 1 681 5
 682:../Libraries/iLLD/TC4xx/Tricore/Canxl/Std/IfxCanxl.c ****     Ifx_CANXL_N_XBTP xbtpReg;
 2023              	 .loc 1 682 5
 683:../Libraries/iLLD/TC4xx/Tricore/Canxl/Std/IfxCanxl.c **** 
 684:../Libraries/iLLD/TC4xx/Tricore/Canxl/Std/IfxCanxl.c ****     /* 1. Read register content */
 685:../Libraries/iLLD/TC4xx/Tricore/Canxl/Std/IfxCanxl.c ****     xbtpReg.U    = node->XBTP.U;
 2024              	 .loc 1 685 5
 2025              	 .loc 1 685 30 is_stmt 0
 2026 0002 1942AC51 	 ld.w %d2,[%a4]6508
 686:../Libraries/iLLD/TC4xx/Tricore/Canxl/Std/IfxCanxl.c ****     timeSegment1 = xbtpReg.B.XTSEG1 + 1u;
 2027              	 .loc 1 686 5 is_stmt 1
 2028              	 .loc 1 686 29 is_stmt 0
 2029 0006 370268A8 	 extr.u %d10,%d2,16,8
 2030              	 .loc 1 686 18
 2031 000a C21A     	 add %d10,1
 2032              	.LVL269:
 687:../Libraries/iLLD/TC4xx/Tricore/Canxl/Std/IfxCanxl.c ****     timeSegment2 = xbtpReg.B.XTSEG2 + 1u;
 2033              	 .loc 1 687 5 is_stmt 1
 2034              	 .loc 1 687 29 is_stmt 0
 2035 000c 37026724 	 extr.u %d2,%d2,8,7
 2036              	 .loc 1 687 18
 2037 0010 1B120090 	 addi %d9,%d2,1
 2038              	.LVL270:
 688:../Libraries/iLLD/TC4xx/Tricore/Canxl/Std/IfxCanxl.c ****     prescaler    = node->NBTP.B.BRP + 1u;
 2039              	 .loc 1 688 5 is_stmt 1
 2040              	 .loc 1 688 32 is_stmt 0
 2041 0014 1942A451 	 ld.w %d2,[%a4]6500
 2042 0018 3702E52C 	 extr.u %d2,%d2,25,5
 2043              	 .loc 1 688 18
 2044 001c 1B120080 	 addi %d8,%d2,1
 2045              	.LVL271:
 689:../Libraries/iLLD/TC4xx/Tricore/Canxl/Std/IfxCanxl.c **** 
 690:../Libraries/iLLD/TC4xx/Tricore/Canxl/Std/IfxCanxl.c ****     /* 2. Calculate baud rate */
 691:../Libraries/iLLD/TC4xx/Tricore/Canxl/Std/IfxCanxl.c ****     clockPeriod = 1.0f / (float32)IfxCanxl_getModuleFrequency(); /* CAN-XL clock period in seconds 
 2046              	 .loc 1 691 5 is_stmt 1
 2047              	 .loc 1 691 35 is_stmt 0
 2048 0020 6D000000 	 call IfxCanxl_getModuleFrequency
 2049              	.LVL272:
 2050              	 .loc 1 691 26
 2051 0024 4B026121 	 utof %d2,%d2
 2052              	 .loc 1 691 17
 2053 0028 7B00F833 	 movh %d3,16256
 2054 002c 4B235120 	 div.f %d2,%d3,%d2
 2055              	.LVL273:
 692:../Libraries/iLLD/TC4xx/Tricore/Canxl/Std/IfxCanxl.c ****     timeQuantum = prescaler * clockPeriod;                       /* Length of time quantum in secon
 2056              	 .loc 1 692 5 is_stmt 1
 2057              	 .loc 1 692 29 is_stmt 0
 2058 0030 4B086181 	 utof %d8,%d8
 2059              	.LVL274:
 2060              	 .loc 1 692 17
 2061 0034 4B284120 	 mul.f %d2,%d8,%d2
 2062              	.LVL275:
 693:../Libraries/iLLD/TC4xx/Tricore/Canxl/Std/IfxCanxl.c **** 
 694:../Libraries/iLLD/TC4xx/Tricore/Canxl/Std/IfxCanxl.c ****     bitTimeTq   = timeSegment1 + timeSegment2 + 1u;              /* Bit time = Time segment 1 + Tim
 2063              	 .loc 1 694 5 is_stmt 1
 2064              	 .loc 1 694 32 is_stmt 0
 2065 0038 0B9A0040 	 add %d4,%d10,%d9
 2066              	 .loc 1 694 17
 2067 003c C214     	 add %d4,1
 2068              	.LVL276:
 695:../Libraries/iLLD/TC4xx/Tricore/Canxl/Std/IfxCanxl.c ****     bitTimeSec  = bitTimeTq * timeQuantum;
 2069              	 .loc 1 695 5 is_stmt 1
 2070              	 .loc 1 695 29 is_stmt 0
 2071 003e 4B046141 	 utof %d4,%d4
 2072              	.LVL277:
 2073              	 .loc 1 695 17
 2074 0042 4B244120 	 mul.f %d2,%d4,%d2
 2075              	.LVL278:
 696:../Libraries/iLLD/TC4xx/Tricore/Canxl/Std/IfxCanxl.c ****     baudrate    = 1.0f / bitTimeSec;
 2076              	 .loc 1 696 5 is_stmt 1
 2077              	 .loc 1 696 24 is_stmt 0
 2078 0046 4B235120 	 div.f %d2,%d3,%d2
 2079              	.LVL279:
 697:../Libraries/iLLD/TC4xx/Tricore/Canxl/Std/IfxCanxl.c **** 
 698:../Libraries/iLLD/TC4xx/Tricore/Canxl/Std/IfxCanxl.c ****     return baudrate;
 2080              	 .loc 1 698 5 is_stmt 1
 699:../Libraries/iLLD/TC4xx/Tricore/Canxl/Std/IfxCanxl.c **** }
 2081              	 .loc 1 699 1 is_stmt 0
 2082 004a 4B027121 	 ftouz %d2,%d2
 2083              	.LVL280:
 2084 004e 0090     	 ret 
 2085              	.LFE420:
 2087              	 .global IfxCanxl_Node_getXlBaudRate_end
 2088              	IfxCanxl_Node_getXlBaudRate_end:
 2441              	.Letext0:
 2442              	 .file 5 "../Libraries/Infra/Platform/Compilers/Platform_Types.h"
 2443              	 .file 6 "../Libraries/Infra/Platform/Compilers/Ifx_Types.h"
 2444              	 .file 7 "../Libraries/Infra/Sfr/TC4Dx/Ifx_TypesReg.h"
 2445              	 .file 8 "../Libraries/Infra/Sfr/TC4Dx/IfxCanxl_regdef.h"
 2446              	 .file 9 "../Libraries/iLLD/TC4xx/Tricore/_Impl/TC4Dx/IfxCanxl_cfg_TC4Dx.h"
 2447              	 .file 10 "../Libraries/Infra/Sfr/TC4Dx/IfxPort_regdef.h"
 2448              	 .file 11 "../Libraries/iLLD/TC4xx/CpuGeneric/_Impl/TC4Dx/IfxAp_cfg_TC4Dx.h"
 2449              	 .file 12 "../Libraries/iLLD/TC4xx/CpuGeneric/Ap/IfxProt_regdef.h"
 2450              	 .file 13 "../Libraries/iLLD/TC4xx/CpuGeneric/Ap/Std/IfxApProt.h"
 2451              	 .file 14 "../Libraries/iLLD/TC4xx/CpuGeneric/Ap/IfxAccen_regdef.h"
 2452              	 .file 15 "../Libraries/iLLD/TC4xx/CpuGeneric/Ap/Std/IfxApApu.h"
 2453              	 .file 16 "../Libraries/iLLD/TC4xx/Tricore/_PinMap/IfxCanxl_PinMap.h"
 2454              	 .file 17 "../Libraries/iLLD/TC4xx/CpuGeneric/Clock/Std/IfxClock.h"
 35064 0000 00000000 	 .word IfxCanxl_initApConfig
 35065 0004 00000000 	 .word IfxCanxl_initApConfig_end
 35066 0008 00001054 	 .word 0x54100000
 35067 000c 00001000 	 .word 0x00100000
 35068 0010 00000000 	 .word 0x00000000
 35069 0014 40000200 	 .word 0x00020040
 35070 0018 00000000 	 .word IfxCanxl_initAp
 35071 001c 00000000 	 .word IfxCanxl_initAp_end
 35072 0020 14013074 	 .word 0x74300114
 35073 0024 00003000 	 .word 0x00300000
 35074 0028 00000000 	 .word 0x00000000
 35075 002c 40000200 	 .word 0x00020040
 35076 0030 00000000 	 .word IfxCanxl_nodeBusIdConfig
 35077 0034 00000000 	 .word IfxCanxl_nodeBusIdConfig_end
 35078 0038 1C003444 	 .word 0x4434001c
 35079 003c 10003000 	 .word 0x00300010
 35080 0040 00000000 	 .word 0x00000000
 35081 0044 C0000000 	 .word 0x000000c0
 35082 0048 00000000 	 .word IfxCanxl_disableModule
 35083 004c 00000000 	 .word IfxCanxl_disableModule_end
 35084 0050 04001444 	 .word 0x44140004
 35085 0054 00001000 	 .word 0x00100000
 35086 0058 00000000 	 .word 0x00000000
 35087 005c C0000000 	 .word 0x000000c0
 35088 0060 00000000 	 .word IfxCanxl_enableModule
 35089 0064 00000000 	 .word IfxCanxl_enableModule_end
 35090 0068 04001444 	 .word 0x44140004
 35091 006c 00001000 	 .word 0x00100000
 35092 0070 00000000 	 .word 0x00000000
 35093 0074 C0000000 	 .word 0x000000c0
 35094 0078 00000000 	 .word IfxCanxl_resetModule
 35095 007c 00000000 	 .word IfxCanxl_resetModule_end
 35096 0080 04001444 	 .word 0x44140004
 35097 0084 00001000 	 .word 0x00100000
 35098 0088 00000000 	 .word 0x00000000
 35099 008c C0000000 	 .word 0x000000c0
 35100 0090 00000000 	 .word IfxCanxl_resetNode
 35101 0094 00000000 	 .word IfxCanxl_resetNode_end
 35102 0098 14001C44 	 .word 0x441c0014
 35103 009c 10001000 	 .word 0x00100010
 35104 00a0 00000000 	 .word 0x00000000
 35105 00a4 C0000000 	 .word 0x000000c0
 35106 00a8 00000000 	 .word IfxCanxl_enableNode
 35107 00ac 00000000 	 .word IfxCanxl_enableNode_end
 35108 00b0 3C001444 	 .word 0x4414003c
 35109 00b4 10001000 	 .word 0x00100010
 35110 00b8 00000000 	 .word 0x00000000
 35111 00bc C0010000 	 .word 0x000001c0
 35112 00c0 00000000 	 .word IfxCanxl_disableNode
 35113 00c4 00000000 	 .word IfxCanxl_disableNode_end
 35114 00c8 3C001444 	 .word 0x4414003c
 35115 00cc 10001000 	 .word 0x00100010
 35116 00d0 00000000 	 .word 0x00000000
 35117 00d4 C0010000 	 .word 0x000001c0
 35118 00d8 00000000 	 .word IfxCanxl_getModuleFrequency
 35119 00dc 00000000 	 .word IfxCanxl_getModuleFrequency_end
 35120 00e0 04000044 	 .word 0x44000004
 35121 00e4 00000000 	 .word 0x00000000
 35122 00e8 04000000 	 .word 0x00000004
 35123 00ec 40000200 	 .word 0x00020040
 35124 00f0 00000000 	 .word IfxCanxl_Node_initRxPin
 35125 00f4 00000000 	 .word IfxCanxl_Node_initRxPin_end
 35126 00f8 3C013474 	 .word 0x7434013c
 35127 00fc 30003000 	 .word 0x00300030
 35128 0100 00000000 	 .word 0x00000000
 35129 0104 40000200 	 .word 0x00020040
 35130 0108 00000000 	 .word IfxCanxl_Node_initTxPin
 35131 010c 00000000 	 .word IfxCanxl_Node_initTxPin_end
 35132 0110 30011454 	 .word 0x54140130
 35133 0114 30001000 	 .word 0x00100030
 35134 0118 00000000 	 .word 0x00000000
 35135 011c 40000200 	 .word 0x00020040
 35136 0120 00000000 	 .word IfxCanxl_Node_configurePwmEncoder
 35137 0124 00000000 	 .word IfxCanxl_Node_configurePwmEncoder_end
 35138 0128 74001444 	 .word 0x44140074
 35139 012c 70001000 	 .word 0x00100070
 35140 0130 04000000 	 .word 0x00000004
 35141 0134 C0000000 	 .word 0x000000c0
 35142 0138 00000000 	 .word IfxCanxl_Node_setOperationMode
 35143 013c 00000000 	 .word IfxCanxl_Node_setOperationMode_end
 35144 0140 14001444 	 .word 0x44140014
 35145 0144 10001000 	 .word 0x00100010
 35146 0148 00000000 	 .word 0x00000000
 35147 014c C0000000 	 .word 0x000000c0
 35148 0150 00000000 	 .word IfxCanxl_Node_setNominalBitTimingValues
 35149 0154 00000000 	 .word IfxCanxl_Node_setNominalBitTimingValues_end
 35150 0158 F4001444 	 .word 0x441400f4
 35151 015c F0001000 	 .word 0x001000f0
 35152 0160 00000000 	 .word 0x00000000
 35153 0164 C0000000 	 .word 0x000000c0
 35154 0168 00000000 	 .word IfxCanxl_Node_setFdDataBitTimingValues
 35155 016c 00000000 	 .word IfxCanxl_Node_setFdDataBitTimingValues_end
 35156 0170 FC001444 	 .word 0x441400fc
 35157 0174 F0001000 	 .word 0x001000f0
 35158 0178 00000000 	 .word 0x00000000
 35159 017c C0000000 	 .word 0x000000c0
 35160 0180 00000000 	 .word IfxCanxl_Node_setXlDataBitTimingValues
 35161 0184 00000000 	 .word IfxCanxl_Node_setXlDataBitTimingValues_end
 35162 0188 FC001444 	 .word 0x441400fc
 35163 018c F0001000 	 .word 0x001000f0
 35164 0190 00000000 	 .word 0x00000000
 35165 0194 C0000000 	 .word 0x000000c0
 35166 0198 00000000 	 .word IfxCanxl_Node_calculateBitratePrescaler
 35167 019c 00000000 	 .word IfxCanxl_Node_calculateBitratePrescaler_end
 35168 01a0 FD000044 	 .word 0x440000fd
 35169 01a4 70000000 	 .word 0x00000070
 35170 01a8 04000000 	 .word 0x00000004
 35171 01ac C0000000 	 .word 0x000000c0
 35172 01b0 00000000 	 .word IfxCanxl_Node_configureClassicalBitTiming
 35173 01b4 00000000 	 .word IfxCanxl_Node_configureClassicalBitTiming_end
 35174 01b8 FC073054 	 .word 0x543007fc
 35175 01bc 10003000 	 .word 0x00300010
 35176 01c0 00000000 	 .word 0x00000000
 35177 01c4 40000200 	 .word 0x00020040
 35178 01c8 00000000 	 .word IfxCanxl_Node_configureFdBitTiming
 35179 01cc 00000000 	 .word IfxCanxl_Node_configureFdBitTiming_end
 35180 01d0 FC0F7074 	 .word 0x74700ffc
 35181 01d4 10007000 	 .word 0x00700010
 35182 01d8 00000000 	 .word 0x00000000
 35183 01dc 40000200 	 .word 0x00020040
 35184 01e0 00000000 	 .word IfxCanxl_Node_configureXlBitTiming
 35185 01e4 00000000 	 .word IfxCanxl_Node_configureXlBitTiming_end
 35186 01e8 FC0F7074 	 .word 0x74700ffc
 35187 01ec 10007000 	 .word 0x00700010
 35188 01f0 00000000 	 .word 0x00000000
 35189 01f4 40000200 	 .word 0x00020040
 35190 01f8 00000000 	 .word IfxCanxl_Node_configureFdXlBitTiming
 35191 01fc 00000000 	 .word IfxCanxl_Node_configureFdXlBitTiming_end
 35192 0200 FC0FF0F4 	 .word 0xf4f00ffc
 35193 0204 1000F000 	 .word 0x00f00010
 35194 0208 00000000 	 .word 0x00000000
 35195 020c 40010200 	 .word 0x00020140
 35196 0210 00000000 	 .word IfxCanxl_Node_configureProtocolOperation
 35197 0214 00000000 	 .word IfxCanxl_Node_configureProtocolOperation_end
 35198 0218 14001444 	 .word 0x44140014
 35199 021c 10001000 	 .word 0x00100010
 35200 0220 00000000 	 .word 0x00000000
 35201 0224 C0000000 	 .word 0x000000c0
 35202 0228 00000000 	 .word IfxCanxl_Node_configureGlobalSettingsRxFilter
 35203 022c 00000000 	 .word IfxCanxl_Node_configureGlobalSettingsRxFilter_end
 35204 0230 0C003444 	 .word 0x4434000c
 35205 0234 00003000 	 .word 0x00300000
 35206 0238 00000000 	 .word 0x00000000
 35207 023c C0000000 	 .word 0x000000c0
 35208 0240 00000000 	 .word IfxCanxl_configureAccessToCanxls
 35209 0244 00000000 	 .word IfxCanxl_configureAccessToCanxls_end
 35210 0248 04033044 	 .word 0x44300304
 35211 024c 00001000 	 .word 0x00100000
 35212 0250 00000000 	 .word 0x00000000
 35213 0254 40000200 	 .word 0x00020040
 35214 0258 00000000 	 .word IfxCanxl_Node_getNominalBaudRate
 35215 025c 00000000 	 .word IfxCanxl_Node_getNominalBaudRate_end
 35216 0260 1C071444 	 .word 0x4414071c
 35217 0264 00001000 	 .word 0x00100000
 35218 0268 04000000 	 .word 0x00000004
 35219 026c 40000200 	 .word 0x00020040
 35220 0270 00000000 	 .word IfxCanxl_Node_getFdBaudRate
 35221 0274 00000000 	 .word IfxCanxl_Node_getFdBaudRate_end
 35222 0278 1C071444 	 .word 0x4414071c
 35223 027c 00001000 	 .word 0x00100000
 35224 0280 04000000 	 .word 0x00000004
 35225 0284 40000200 	 .word 0x00020040
 35226 0288 00000000 	 .word IfxCanxl_Node_getXlBaudRate
 35227 028c 00000000 	 .word IfxCanxl_Node_getXlBaudRate_end
 35228 0290 1C071444 	 .word 0x4414071c
 35229 0294 00001000 	 .word 0x00100000
 35230 0298 04000000 	 .word 0x00000004
 35231 029c 40000200 	 .word 0x00020040
DEFINED SYMBOLS
                            *ABS*:00000000 IfxCanxl.c
                            *ABS*:00000000 IfxCanxl.c
    {standard input}:10     .text.IfxCanxl_initApConfig:00000000 IfxCanxl_initApConfig
    {standard input}:50     .text.IfxCanxl_initApConfig:0000003a IfxCanxl_initApConfig_end
    {standard input}:55     .text.IfxCanxl_initAp:00000000 IfxCanxl_initAp
    {standard input}:117    .text.IfxCanxl_initAp:0000006c IfxCanxl_initAp_end
    {standard input}:122    .text.IfxCanxl_nodeBusIdConfig:00000000 IfxCanxl_nodeBusIdConfig
    {standard input}:167    .text.IfxCanxl_nodeBusIdConfig:00000046 IfxCanxl_nodeBusIdConfig_end
    {standard input}:172    .text.IfxCanxl_disableModule:00000000 IfxCanxl_disableModule
    {standard input}:204    .text.IfxCanxl_disableModule:0000001a IfxCanxl_disableModule_end
    {standard input}:209    .text.IfxCanxl_enableModule:00000000 IfxCanxl_enableModule
    {standard input}:240    .text.IfxCanxl_enableModule:0000001a IfxCanxl_enableModule_end
    {standard input}:245    .text.IfxCanxl_resetModule:00000000 IfxCanxl_resetModule
    {standard input}:290    .text.IfxCanxl_resetModule:0000003e IfxCanxl_resetModule_end
    {standard input}:295    .text.IfxCanxl_resetNode:00000000 IfxCanxl_resetNode
    {standard input}:354    .text.IfxCanxl_resetNode:00000064 IfxCanxl_resetNode_end
    {standard input}:359    .text.IfxCanxl_enableNode:00000000 IfxCanxl_enableNode
    {standard input}:419    .text.IfxCanxl_enableNode:0000002c IfxCanxl_enableNode_end
    {standard input}:424    .text.IfxCanxl_disableNode:00000000 IfxCanxl_disableNode
    {standard input}:481    .text.IfxCanxl_disableNode:0000002a IfxCanxl_disableNode_end
    {standard input}:486    .text.IfxCanxl_getModuleFrequency:00000000 IfxCanxl_getModuleFrequency
    {standard input}:503    .text.IfxCanxl_getModuleFrequency:00000008 IfxCanxl_getModuleFrequency_end
    {standard input}:508    .text.IfxCanxl_Node_initRxPin:00000000 IfxCanxl_Node_initRxPin
    {standard input}:552    .text.IfxCanxl_Node_initRxPin:00000038 IfxCanxl_Node_initRxPin_end
    {standard input}:557    .text.IfxCanxl_Node_initTxPin:00000000 IfxCanxl_Node_initTxPin
    {standard input}:593    .text.IfxCanxl_Node_initTxPin:00000028 IfxCanxl_Node_initTxPin_end
    {standard input}:598    .text.IfxCanxl_Node_configurePwmEncoder:00000000 IfxCanxl_Node_configurePwmEncoder
    {standard input}:647    .text.IfxCanxl_Node_configurePwmEncoder:00000026 IfxCanxl_Node_configurePwmEncoder_end
    {standard input}:652    .text.IfxCanxl_Node_setOperationMode:00000000 IfxCanxl_Node_setOperationMode
    {standard input}:770    .text.IfxCanxl_Node_setOperationMode:00000086 IfxCanxl_Node_setOperationMode_end
    {standard input}:775    .text.IfxCanxl_Node_setNominalBitTimingValues:00000000 IfxCanxl_Node_setNominalBitTimingValues
    {standard input}:805    .text.IfxCanxl_Node_setNominalBitTimingValues:0000001a IfxCanxl_Node_setNominalBitTimingValues_end
    {standard input}:810    .text.IfxCanxl_Node_setFdDataBitTimingValues:00000000 IfxCanxl_Node_setFdDataBitTimingValues
    {standard input}:857    .text.IfxCanxl_Node_setFdDataBitTimingValues:0000002c IfxCanxl_Node_setFdDataBitTimingValues_end
    {standard input}:862    .text.IfxCanxl_Node_setXlDataBitTimingValues:00000000 IfxCanxl_Node_setXlDataBitTimingValues
    {standard input}:909    .text.IfxCanxl_Node_setXlDataBitTimingValues:0000002c IfxCanxl_Node_setXlDataBitTimingValues_end
    {standard input}:914    .text.IfxCanxl_Node_calculateBitratePrescaler:00000000 IfxCanxl_Node_calculateBitratePrescaler
    {standard input}:1070   .text.IfxCanxl_Node_calculateBitratePrescaler:000000ac IfxCanxl_Node_calculateBitratePrescaler_end
    {standard input}:1075   .text.IfxCanxl_Node_configureClassicalBitTiming:00000000 IfxCanxl_Node_configureClassicalBitTiming
    {standard input}:1166   .text.IfxCanxl_Node_configureClassicalBitTiming:00000080 IfxCanxl_Node_configureClassicalBitTiming_end
    {standard input}:1171   .text.IfxCanxl_Node_configureFdBitTiming:00000000 IfxCanxl_Node_configureFdBitTiming
    {standard input}:1314   .text.IfxCanxl_Node_configureFdBitTiming:000000d0 IfxCanxl_Node_configureFdBitTiming_end
    {standard input}:1319   .text.IfxCanxl_Node_configureXlBitTiming:00000000 IfxCanxl_Node_configureXlBitTiming
    {standard input}:1462   .text.IfxCanxl_Node_configureXlBitTiming:000000d0 IfxCanxl_Node_configureXlBitTiming_end
    {standard input}:1467   .text.IfxCanxl_Node_configureFdXlBitTiming:00000000 IfxCanxl_Node_configureFdXlBitTiming
    {standard input}:1679   .text.IfxCanxl_Node_configureFdXlBitTiming:00000124 IfxCanxl_Node_configureFdXlBitTiming_end
    {standard input}:1684   .text.IfxCanxl_Node_configureProtocolOperation:00000000 IfxCanxl_Node_configureProtocolOperation
    {standard input}:1741   .text.IfxCanxl_Node_configureProtocolOperation:00000058 IfxCanxl_Node_configureProtocolOperation_end
    {standard input}:1746   .text.IfxCanxl_Node_configureGlobalSettingsRxFilter:00000000 IfxCanxl_Node_configureGlobalSettingsRxFilter
    {standard input}:1806   .text.IfxCanxl_Node_configureGlobalSettingsRxFilter:00000038 IfxCanxl_Node_configureGlobalSettingsRxFilter_end
    {standard input}:1811   .text.IfxCanxl_configureAccessToCanxls:00000000 IfxCanxl_configureAccessToCanxls
    {standard input}:1855   .text.IfxCanxl_configureAccessToCanxls:0000003e IfxCanxl_configureAccessToCanxls_end
    {standard input}:1860   .text.IfxCanxl_Node_getNominalBaudRate:00000000 IfxCanxl_Node_getNominalBaudRate
    {standard input}:1932   .text.IfxCanxl_Node_getNominalBaudRate:0000004a IfxCanxl_Node_getNominalBaudRate_end
    {standard input}:1937   .text.IfxCanxl_Node_getFdBaudRate:00000000 IfxCanxl_Node_getFdBaudRate
    {standard input}:2010   .text.IfxCanxl_Node_getFdBaudRate:00000050 IfxCanxl_Node_getFdBaudRate_end
    {standard input}:2015   .text.IfxCanxl_Node_getXlBaudRate:00000000 IfxCanxl_Node_getXlBaudRate
    {standard input}:2088   .text.IfxCanxl_Node_getXlBaudRate:00000050 IfxCanxl_Node_getXlBaudRate_end

UNDEFINED SYMBOLS
IfxApProt_initConfig
IfxApApu_initConfig
IfxApProt_init
IfxApProt_setState
IfxApApu_init
IfxClock_getCanXLFrequency
IfxPort_setPinMode
IfxPort_setPinPadDriver
